# Number of bins: 10
#
# Size [cm]:     2.000000e-02  4.308869e-02  9.283178e-02  2.000000e-01  4.308869e-01  9.283178e-01  2.000000e+00  4.308869e+00  9.283178e+00  2.000000e+01   2.000000e-02   4.308869e-02   9.283178e-02   2.000000e-01   4.308869e-01   9.283178e-01   2.000000e+00   4.308869e+00   9.283178e+00   2.000000e+01
#
# Time           Normalized dust force                                                                                                                       Number of particles counted
#
0.000000e+00     2.870844e-01 -2.787688e-01  4.484132e-01 -5.740275e-02  2.709548e-01  1.220487e-01  3.542216e-03 -2.747722e-01 -2.743747e-01  1.524465e+00            927            926            931            926            919            920            917            920            912            938
9.985257e-02     1.372688e-02  1.879670e-02  1.333676e-01 -1.881695e-01 -3.643647e-01  1.162133e-01 -3.656386e-01 -6.451242e-03 -1.712328e-01 -7.461901e-02            927            926            931            926            919            920            917            920            912            938
1.996333e-01     6.409430e-02  7.164597e-02  1.885400e-01 -7.420667e-02 -3.377682e-01  5.309596e-02 -4.542871e-01  2.801897e-02 -3.344464e-01 -5.169418e-02            927            926            931            926            919            920            917            920            913            938
2.994142e-01     7.617772e-02  1.079585e-01  2.480976e-01  1.160672e-01 -3.134792e-01 -2.837070e-02 -3.940726e-01  2.058894e-02 -5.762608e-01 -2.448537e-02            927            926            931            926            919            920            917            920            913            938
3.998361e-01     4.901170e-02  4.581543e-02  3.359518e-01  1.477229e-01 -3.903550e-01 -3.089453e-03  7.312213e-02  1.139300e-02 -7.985027e-01 -1.168667e-02            926            926            931            925            919            920            917            920            913            938
4.996105e-01     1.082024e-02  1.595592e-03  2.404081e-01  1.011479e-01 -4.975048e-01  7.596227e-02  2.835202e-01  2.354868e-02 -6.176199e-01 -2.713676e-02            926            926            931            925            919            920            917            920            913            937
5.993815e-01     2.301846e-03  1.939989e-02 -7.255246e-02  6.467350e-02 -5.832680e-01  6.606272e-02  1.807101e-01  9.945939e-03 -1.315565e-01 -3.191537e-02            926            926            931            925            919            920            917            920            913            937
6.997936e-01    -1.801252e-02  2.456061e-02 -2.640668e-01  1.845488e-02 -6.106319e-01  6.070574e-02  5.448960e-02 -1.312804e-02  4.417915e-01 -2.537025e-02            926            926            931            925            919            920            917            920            913            936
7.995596e-01    -2.715849e-02  1.027155e-02 -2.784696e-01  4.289984e-04 -4.208319e-01  4.072548e-02 -2.365817e-02 -1.235400e-02  6.255720e-01 -6.295458e-04            926            925            931            925            919            920            917            920            912            936
8.999675e-01    -3.937843e-02  6.932465e-02 -2.374850e-01 -7.132361e-03 -9.913517e-02 -2.445582e-02 -3.767640e-02  5.623442e-04  4.609242e-01  2.028500e-02            926            925            931            924            919            920            917            920            912            935
9.997304e-01    -6.481201e-02  1.468178e-01 -1.797491e-01 -6.720141e-03  2.699619e-01 -7.047972e-03 -2.276180e-02  1.168635e-04  3.333743e-01 -1.103413e-03            926            925            931            924            919            920            917            920            912            935
1.099492e+00    -7.616435e-02  1.988491e-01 -7.278296e-02  2.414861e-02  5.040697e-01 -1.355342e-03 -7.203934e-02 -8.067915e-02  2.309359e-01 -7.459744e-03            925            925            930            924            919            920            917            920            912            935
1.199896e+00    -5.533460e-02  2.304734e-01  2.567305e-02  5.518539e-02  5.202737e-01 -3.489296e-02 -1.361261e-01 -1.403279e-01  1.385754e-01  7.583406e-03            925            925            930            923            918            920            917            920            912            934
1.299656e+00    -2.114720e-02  2.760126e-01  5.399720e-02  2.598695e-02  5.074559e-01 -3.614924e-02 -1.527211e-01 -1.420915e-01  8.481842e-02  1.113247e-02            925            925            929            923            918            920            917            920            912            933
1.399416e+00    -6.036011e-03  2.153460e-01  4.149436e-02  9.204899e-03  4.296253e-01 -2.431225e-02 -1.078751e-01 -9.394584e-02  5.389080e-02  7.002162e-02            925            925            929            923            918            920            917            920            911            932
1.499818e+00    -1.980631e-02 -3.588120e-02  1.808687e-02  8.148693e-03  3.242077e-01  2.337754e-02 -1.147324e-01 -1.325314e-01  6.234128e-02  8.150155e-02            925            925            929            923            918            920            917            920            911            931
1.599577e+00    -6.334791e-03 -2.504007e-01  3.683943e-02 -1.124298e-02  2.032947e-01  7.126755e-02 -1.689413e-01 -2.182488e-01  9.032118e-02  6.787563e-02            925            925            929            923            918            920            917            920            910            932
1.699978e+00     1.204300e-02 -2.735812e-01 -8.274983e-03 -1.991651e-02  7.448826e-02  9.997045e-02 -1.861236e-01 -2.655921e-01  7.936488e-02  9.232703e-03            925            925            929            923            918            920            917            920            910            931
1.799736e+00     4.790820e-02 -2.197662e-01 -1.061033e-01  1.239023e-03 -3.872627e-02  5.033905e-02 -1.818850e-01  8.150989e-03  4.423873e-02 -9.048707e-02            925            925            929            923            918            920            917            920            910            931
1.899493e+00     1.136290e-01 -1.571129e-01 -4.779944e-02  4.351804e-02 -1.680701e-01  8.039596e-03  1.521126e-02  2.470425e-01 -1.953706e-02 -9.451758e-02            925            925            929            923            918            920            917            920            910            930
1.999894e+00     8.429157e-02 -1.253356e-01  4.753650e-02  3.474529e-02 -2.465931e-01  1.970161e-02  1.732675e-01  1.993545e-01 -7.153543e-02 -7.388728e-02            924            925            928            922            918            919            916            920            910            929
2.099651e+00    -1.654423e-02 -1.082301e-01  9.308900e-02 -1.575864e-02 -4.769876e-02  3.482140e-02  1.159823e-01  2.221417e-01 -1.022461e-01 -4.654673e-02            924            925            927            922            918            919            916            920            910            928
2.199408e+00    -3.562237e-02 -8.473124e-02  1.169828e-01 -8.920617e-02  2.833509e-01  5.648262e-02  5.750970e-02  2.237229e-01 -1.360606e-01 -3.353519e-02            924            925            927            922            918            919            916            920            910            928
2.299808e+00    -6.543974e-03 -7.605343e-02  1.566843e-01 -1.008197e-01  3.118673e-01 -1.976054e-02  7.475376e-02  7.068512e-02 -5.317645e-02 -1.013157e-02            923            925            927            922            918            919            916            920            910            928
2.399565e+00     7.538577e-03 -6.720975e-02  2.231715e-01  7.196763e-02  2.263633e-01 -1.370247e-01  9.190302e-02 -3.444324e-02 -5.529997e-03 -5.231925e-03            923            925            927            922            918            919            916            919            910            928
2.499965e+00     7.696194e-04 -6.871492e-02  2.992532e-01  2.045045e-01  2.061432e-01 -9.604806e-02  9.297598e-02 -4.832935e-02  2.924745e-02 -5.332690e-02            923            925            927            922            918            919            915            919            910            928
2.599721e+00    -1.313788e-02 -7.592709e-02  2.622158e-01  2.574913e-01  2.115143e-01 -8.283898e-02  5.700370e-02 -2.997360e-02  2.105389e-01 -8.514395e-02            923            925            927            922            918            919            915            919            910            928
2.699478e+00    -2.178479e-02 -7.807605e-02  1.997945e-01  2.887086e-01  1.707147e-01 -6.645515e-02  2.136849e-02 -2.714871e-02  2.176959e-01 -6.311843e-02            923            925            927            922            918            919            915            918            910            928
2.799877e+00    -2.207687e-02 -8.966325e-02  1.240744e-01  3.187338e-01  1.190083e-01 -5.864661e-02  2.088087e-02 -1.726899e-02  1.422930e-01 -6.019001e-03            922            925            927            922            918            918            915            918            910            927
2.899634e+00    -1.378396e-02 -5.509114e-02 -1.343357e-01  2.646715e-01  7.807000e-02 -7.572235e-02  2.701849e-02 -2.721515e-03  8.076815e-02  1.784819e-02            922            925            927            922            918            918            915            918            910            927
2.999390e+00     1.103957e-02  2.587803e-02 -3.855886e-01 -2.812800e-02  5.540362e-02 -1.018768e-01  4.912338e-02 -1.090723e-02  3.915398e-02 -7.104969e-02            921            925            926            922            918            918            915            918            910            927
3.099790e+00     1.867598e-02  7.598047e-02 -3.878068e-01 -1.740139e-01  4.150709e-02 -1.626498e-01  7.257609e-02 -2.590383e-02  3.221646e-04 -2.593031e-01            921            925            926            922            918            918            915            918            910            927
3.199546e+00     1.376198e-02  6.803694e-02 -2.736471e-01 -1.131505e-01  6.152088e-02 -2.318004e-01  9.146436e-02 -3.801898e-02  6.953361e-02 -3.122737e-01            921            925            926            922            918            918            915            918            910            927
3.299946e+00     1.114775e-02 -1.254768e-02 -2.214271e-01 -1.066337e-01  7.439474e-02 -2.922484e-01  1.487156e-01 -4.265706e-02  1.177450e-01 -1.457607e-01            921            925            926            922            918            918            915            918            910            926
3.399702e+00    -7.734433e-03 -8.893364e-02 -1.450864e-01 -7.077957e-02  6.738026e-02 -2.361826e-01  9.326130e-02  8.881368e-03  1.327541e-01  8.131663e-02            921            925            925            922            917            918            915            918            910            924
3.499458e+00    -1.955609e-02 -1.431228e-01 -8.254034e-02 -3.563805e-02  6.084023e-02  7.374157e-02 -1.148103e-01  1.358969e-01  2.011648e-01  8.092414e-02            921            925            925            922            917            918            915            918            910            924
3.599858e+00    -3.937601e-02 -1.724837e-01 -6.982488e-02 -1.998227e-02  5.921305e-02  4.544656e-01 -1.326650e-01  6.600493e-02  2.609873e-01  3.789249e-02            921            925            925            922            917            917            915            918            910            923
3.699614e+00    -7.112043e-02 -1.704890e-01 -4.507799e-02  1.790459e-02  2.405765e-02  4.432457e-01 -6.868135e-02 -1.581122e-02  2.629869e-01  3.876641e-02            921            924            925            921            917            917            915            918            910            923
3.799370e+00    -1.153463e-01 -1.891170e-01 -3.431597e-02  6.047343e-02  8.920419e-03  1.776465e-01 -9.482252e-02 -2.869011e-02  2.853185e-01  2.365321e-02            921            924            925            921            917            917            915            918            910            921
3.899770e+00    -7.243286e-02 -2.048593e-01 -5.051894e-02  1.004012e-01  3.523372e-02  2.683122e-02 -1.580594e-01 -3.805128e-02  2.996567e-01  1.249946e-02            921            924            925            921            917            917            915            918            910            921
3.999526e+00     4.206265e-02 -5.011174e-02 -7.568126e-02  1.733388e-01  4.033182e-02 -3.683794e-02 -1.733304e-01 -4.344939e-02  2.303711e-01  1.097090e-02            921            924            925            921            917            917            915            917            911            921
4.099926e+00     9.653852e-02  4.836695e-02 -1.162558e-01  2.437901e-01  2.485642e-02 -1.492500e-02 -1.379681e-01 -5.866383e-02  1.614199e-01 -1.179942e-02            921            924            925            921            917            917            915            917            910            921
4.199682e+00     1.293851e-01  5.706335e-02 -9.566301e-02  9.371380e-02  2.832407e-02 -1.963762e-02 -1.255519e-01 -8.204815e-03  1.118505e-01 -1.390876e-02            921            924            925            921            917            917            915            917            910            921
4.299438e+00     1.254178e-01  5.759789e-02 -8.207366e-03 -1.377643e-01  5.185108e-02 -3.047238e-02 -9.391241e-02  4.138500e-02  1.340260e-01  2.020599e-02            921            924            925            921            917            917            915            917            910            921
4.399838e+00     1.370355e-01  2.189036e-02  2.448402e-02 -1.469347e-01  7.679696e-02 -3.001221e-02 -9.994270e-02 -4.576912e-03  1.451989e-01  5.146040e-02            921            924            925            921            917            917            915            917            910            924
4.499594e+00     1.828822e-01  3.009591e-02  1.997933e-02 -1.188262e-01  1.193589e-01  1.335271e-02 -1.557064e-01 -4.149968e-02  1.410338e-01  7.734141e-02            921            925            925            922            917            917            915            917            910            923
4.599994e+00     1.888458e-01  3.116862e-02  4.335752e-02 -1.500309e-01  1.210123e-01  9.491685e-02 -1.586670e-01 -6.773795e-02  1.455889e-01  1.113934e-01            921            925            925            922            917            917            915            917            910            923
4.699750e+00     1.505035e-01  2.154844e-02  1.304877e-02 -9.765016e-02  1.199507e-01  9.537075e-02 -1.613445e-01 -4.453305e-02  1.444883e-01  1.670397e-01            921            925            925            922            918            917            915            917            910            923
4.799506e+00     6.465856e-02  1.090148e-01 -1.924372e-02 -1.046931e-01  1.369601e-01  7.433681e-02 -1.563694e-01 -2.614781e-02  1.386440e-01  1.977850e-01            921            925            926            922            918            917            915            918            909            923
4.899906e+00    -4.006064e-02  1.500361e-01 -3.573691e-02 -6.829164e-02  1.898649e-01  5.973462e-02 -1.778302e-01 -2.626038e-02  1.152296e-01 -1.300763e-01            921            925            926            922            918            917            915            918            909            923
4.999662e+00    -3.576465e-02  1.329507e-01 -4.473799e-02 -3.115997e-02  1.912254e-01  3.821390e-02 -1.401068e-01 -3.581653e-02  1.009521e-01 -3.097646e-01            921            925            926            922            918            917            915            918            909            923
5.099418e+00    -5.696122e-02  1.224845e-01  1.138063e-02 -8.088839e-02 -4.210073e-02  2.170865e-03 -2.787804e-02 -3.518306e-02  7.487169e-02 -1.981609e-01            921            925            927            922            918            917            915            918            910            924
5.199818e+00    -9.957849e-02  8.663265e-02  8.899609e-02 -9.730815e-02 -2.330763e-01  1.498984e-03 -5.108043e-02 -6.000708e-02 -7.899776e-02 -6.984281e-02            922            925            927            922            918            918            916            918            910            924
5.299574e+00    -1.214746e-01 -1.529215e-02  4.896108e-02 -7.936587e-02 -1.630704e-01  2.892577e-02 -6.248310e-02 -3.590614e-02 -1.323049e-01 -3.954616e-02            922            925            927            922            918            918            916            918            911            923
5.399974e+00    -9.904979e-02 -8.463041e-02  2.988098e-02 -5.169568e-02 -1.039454e-01  1.964258e-02 -7.239707e-02 -9.922089e-02  1.768754e-01 -4.801431e-02            923            925            927            922            918            918            916            918            911            925
5.499730e+00    -6.371828e-02 -7.054786e-02  3.517071e-02 -4.948224e-02 -1.097701e-01  8.023589e-03 -7.475194e-02 -1.546407e-01  4.776551e-01 -4.006819e-02            923            925            927            922            918            918            916            918            911            925
5.599486e+00    -1.887693e-02 -4.508141e-02  3.783996e-02 -6.672110e-02 -6.353674e-02 -2.586562e-02 -1.132245e-01 -1.734653e-01  4.350322e-01 -4.496230e-02            923            925            927            922            918            918            917            918            911            925
5.699886e+00     2.945570e-02 -5.833052e-02  5.178714e-02 -8.418810e-02  3.286896e-02 -1.329131e-02 -2.815823e-01 -1.840044e-01  3.112140e-01 -7.239594e-02            923            925            927            922            918            918            917            918            911            925
5.799642e+00    -9.087055e-03 -8.704346e-02  4.079716e-02 -9.341135e-02  3.955707e-02  5.859887e-02 -4.228315e-01 -2.121003e-01  1.728031e-01 -2.989344e-02            923            925            927            922            918            918            917            918            912            924
5.899398e+00    -6.524175e-02 -7.936968e-02  2.038658e-02 -1.614071e-01  2.225654e-02  6.669872e-03 -4.718487e-01 -2.663479e-01 -1.833912e-01  4.740764e-02            924            925            927            922            918            919            917            919            913            924
5.999798e+00    -6.822561e-02 -8.583133e-02  1.718378e-02 -2.182478e-01  2.131299e-02 -3.332187e-02 -5.688207e-01 -1.865454e-02 -2.032809e-01  3.797184e-02            924            925            928            922            918            919            917            919            913            927
6.099554e+00    -5.358200e-02 -1.285902e-01  7.991470e-03 -1.189301e-01  2.150352e-02 -8.718226e-03 -7.104223e-01  3.684098e-01 -1.295258e-01  2.261744e-03            924            925            929            923            918            919            917            919            915            927
6.199953e+00    -5.395952e-02 -1.776637e-01 -1.669972e-02  1.626539e-01  2.213153e-02  7.317610e-03 -8.346711e-01  2.724883e-01 -4.058014e-02  6.992105e-03            925            925            929            923            918            919            917            919            915            928
6.299709e+00    -6.597014e-02 -2.449565e-01 -4.555693e-02  2.427646e-01  2.226336e-02  1.013274e-02 -1.007560e+00  1.024471e-01  3.107463e-02 -6.352215e-03            925            925            929            923            918            919            917            920            915            929
6.399466e+00    -4.472875e-02 -3.011801e-01 -3.039687e-02  1.111010e-01  3.150596e-03 -2.051870e-03 -1.233554e+00  5.850626e-03 -9.864748e-03 -8.317552e-02            925            925            929            923            918            919            917            919            915            929
6.499865e+00    -4.086639e-02 -2.337302e-01  5.871776e-02  5.570584e-02 -4.244435e-02 -2.860812e-02 -1.134209e+00 -4.268501e-02 -2.984440e-02 -8.112438e-02            925            925            929            923            918            919            917            920            915            929
6.599621e+00    -1.078315e-02  4.107517e-02  1.038927e-01  4.370511e-02 -4.761878e-02 -5.027610e-02 -2.260752e-01  5.096415e-02 -4.373418e-03 -3.667694e-02            925            925            929            923            918            919            917            921            915            929
6.699378e+00     1.093735e-01  2.445726e-01  8.298118e-02  3.134371e-02 -2.551572e-02 -1.335590e-02  8.847315e-01  6.149332e-02  2.584992e-03 -2.989547e-02            925            925            930            924            919            919            917            922            915            929
6.799777e+00     1.619293e-01  3.234828e-01  2.261828e-02  2.752488e-02  2.982154e-02  2.844002e-02  1.187157e+00  4.219707e-02 -7.478090e-03 -5.252617e-02            925            925            931            924            919            919            917            922            915            930
6.899533e+00     1.160080e-01  2.727725e-01 -1.088733e-02  3.170250e-02  4.942431e-02  1.668072e-02  1.045992e+00  4.140524e-02 -2.567172e-02 -3.493294e-02            926            925            931            925            919            920            917            922            914            929
6.999933e+00     2.578476e-02  1.028541e-01  1.006003e-02  7.348877e-02  2.866160e-02 -1.138513e-02  8.404775e-01 -8.009362e-03 -1.311523e-02  6.322799e-03            926            925            931            925            919            920            917            924            914            928
7.099689e+00    -8.377595e-02  6.424868e-02  4.635914e-02  7.596262e-02  2.589872e-03 -2.931684e-02  4.628539e-01 -2.765549e-02 -8.193541e-03  7.290095e-03            926            926            931            925            920            920            917            924            914            926
7.199445e+00    -1.488208e-01  7.178692e-02  4.347237e-02  7.673487e-02  2.513012e-02 -4.151179e-02  1.199221e-01 -1.199547e-02  4.274067e-03  1.078913e-01            926            926            931            926            920            920            917            924            915            925
7.299845e+00    -1.276654e-01  6.490793e-02  6.514070e-02  9.282608e-02  7.904815e-02 -7.469528e-02 -2.337193e-02  2.241903e-03 -4.745277e-03  1.836908e-01            927            926            931            926            920            920            917            924            915            924
7.399601e+00    -9.979814e-02  7.040827e-02  9.885205e-02  9.933966e-02  1.163728e-01 -1.273361e-01 -1.234210e-01  1.040005e-03 -5.828881e-02  2.379292e-01            927            927            931            926            920            920            917            924            917            923
7.499357e+00    -5.150269e-02  7.136957e-02  1.100744e-01  6.314097e-02  8.662817e-02 -1.636244e-01 -1.695209e-01 -9.701046e-03 -9.176065e-02  1.590774e-01            927            927            931            926            920            920            917            925            917            923
7.599757e+00    -5.160788e-02  4.283635e-02  1.551228e-01  5.730425e-03  7.235613e-02 -3.353488e-02 -1.463807e-01 -6.985524e-02 -1.174705e-01 -1.975099e-01            927            927            931            926            920            920            917            926            916            923
7.699513e+00    -4.638423e-02  4.220662e-02  2.073079e-01 -1.949631e-02  1.041354e-01  1.080009e-01 -2.414110e-01 -1.443463e-01 -4.595451e-02 -2.336699e-01            927            927            931            926            920            920            916            926            916            923
7.799913e+00    -2.820365e-02  3.561064e-02  1.768400e-01  3.580384e-02  1.763188e-01  8.959654e-02 -4.470549e-01 -2.297049e-01  2.908711e-02 -1.497071e-01            927            927            931            926            920            920            916            926            916            923
7.899669e+00    -3.936141e-02  6.603316e-03  1.499612e-03  1.201658e-01  2.542179e-01  5.693465e-02 -6.485197e-01 -3.200679e-01  5.469165e-02 -9.387740e-02            927            927            931            926            920            920            916            926            915            924
7.999425e+00    -8.826040e-03  2.848057e-03 -5.155974e-02  1.136647e-01  3.446319e-01  5.192949e-02 -6.795346e-01 -3.285095e-01  5.053302e-02 -1.046807e-01            927            927            931            926            920            920            916            926            915            923
8.099825e+00     3.166804e-02 -1.129746e-02 -2.369820e-02  9.237725e-02  4.064365e-01  3.384193e-02  7.033289e-03 -2.209199e-01  4.503669e-02 -1.191100e-01            927            927            931            926            920            920            916            926            915            923
8.199581e+00     4.592248e-02 -6.169605e-03 -1.309050e-02  1.508025e-01  2.284230e-01  7.684284e-03  8.088577e-01 -3.941387e-03  3.322355e-02 -1.093003e-01            927            927            931            926            920            920            916            926            915            922
8.299981e+00     6.701902e-02  4.094736e-02  9.007434e-02  1.709844e-01 -4.173786e-01  2.923811e-02  8.885600e-01  3.084276e-01 -5.953806e-02 -8.888632e-02            927            927            931            926            920            920            915            926            915            922
8.399737e+00     7.284240e-02  3.815916e-03  1.775136e-01  1.422953e-01 -9.708535e-01  4.342485e-02  7.265273e-01  2.881954e-01 -1.267393e-01 -4.630892e-02            927            927            931            926            920            920            915            926            915            922
8.499493e+00     1.977722e-02 -3.451286e-02  1.863095e-01  2.138339e-01 -9.494411e-01  3.424842e-02  6.070429e-01  1.935376e-01 -1.119554e-01  1.699260e-02            927            927            931            926            920            920            915            926            915            922
8.599893e+00    -4.288479e-02 -3.280547e-02  1.624930e-01  2.938892e-01 -5.232814e-01  5.108444e-02  5.480200e-01  1.017632e-01 -9.510610e-02  7.279895e-02            927            926            931            926            920            920            915            926            914            922
8.699649e+00    -7.495387e-02  2.244794e-02  1.667059e-01  1.017996e-02 -2.179204e-02  5.559395e-02  2.466413e-01  4.804639e-02 -1.237536e-01  1.204721e-01            926            926            931            926            920            920            915            926            914            922
8.799405e+00    -9.484000e-02  6.603234e-02  2.265017e-01 -2.549896e-01  2.262201e-01 -4.577666e-02 -8.428963e-02  4.129584e-03 -1.915324e-01  1.731160e-01            926            926            931            925            920            920            915            926            914            922
8.899804e+00    -7.504272e-02  7.586611e-02  2.724707e-01 -2.785717e-01  2.529192e-01 -9.902065e-02 -1.237395e-01 -3.666167e-02 -3.233842e-01  2.561178e-01            926            925            931            925            920            920            915            926            914            920
8.999561e+00    -1.414358e-02  9.560894e-02  2.873992e-01 -2.418954e-01  2.022422e-01 -3.495600e-02 -1.215538e-01 -9.091135e-02 -4.802014e-01  3.237937e-01            926            925            931            925            919            920            915            926            914            920
9.099960e+00    -1.164811e-02  9.884004e-02  2.659129e-01 -1.485710e-01  1.556382e-01  1.474062e-02 -1.212255e-01 -1.250896e-01 -3.341463e-01 -1.159212e-01            925            925            930            924            918            920            915            925            914            920
9.199716e+00    -3.421448e-02  8.376525e-02  2.916665e-01 -2.127667e-02  9.960963e-02  2.928292e-02 -1.534221e-01 -1.361439e-01  2.737216e-01 -5.516827e-01            925            925            930            924            918            919            915            925            914            920
9.299473e+00    -4.225289e-02  7.150989e-02  3.099951e-01  3.382411e-02  8.697622e-02  2.503675e-02 -1.981181e-01 -1.431241e-01  4.034429e-01 -4.524138e-01            925            925            929            923            917            919            915            924            913            920
9.399872e+00    -6.978417e-02  3.793343e-02  3.237733e-01  7.457808e-02  8.365916e-02  2.330285e-02 -3.076391e-01 -1.712605e-01  3.009477e-01 -3.052759e-01            925            925            929            923            917            919            915            924            913            920
9.499628e+00    -1.278887e-01  2.123198e-02  4.007280e-01  1.210100e-01  9.928859e-02  2.707906e-02 -4.799091e-01 -1.703647e-01  2.017951e-01 -2.071284e-01            925            925            929            923            917            919            915            924            913            920
9.599385e+00    -1.734702e-01  4.019899e-02  4.830166e-01  1.924880e-01  1.275656e-01  3.878552e-02 -6.279089e-01 -2.454570e-01  1.551712e-01 -1.484782e-01            925            925            929            923            917            919            915            924            913            920
9.699784e+00    -1.895281e-01  5.080301e-02  4.886661e-01  2.467755e-01  2.334370e-01  3.430425e-02 -5.550825e-01 -2.605793e-01  1.088452e-01 -1.201884e-01            924            925            929            923            917            919            915            924            913            920
9.799540e+00    -2.344573e-01  4.751586e-02  4.871423e-01  1.405494e-01  2.577305e-01  1.752529e-02  3.721303e-03  2.945046e-02  6.761329e-02 -1.092691e-01            924            925            927            922            917            919            915            923            913            920
9.899940e+00    -2.933999e-01  4.714620e-02  4.890976e-01  2.876742e-03  2.624942e-01  1.617912e-02  1.819691e-01  6.126923e-02  9.125531e-02 -1.444355e-01            924            925            927            922            917            919            915            922            913            920
9.999696e+00    -2.908042e-01  4.883857e-02  4.348619e-01 -1.640772e-01  3.089487e-01  3.746678e-02  1.180357e-01 -1.303149e-01  1.047126e-01 -2.392334e-01            923            925            927            922            917            919            915            922            913            920
1.009945e+01    -2.240146e-01  4.500517e-02  3.190283e-01 -2.740368e-01  2.780413e-01  2.890649e-02  4.544749e-01 -2.131212e-01  1.272730e-01 -3.048374e-01            923            925            927            922            917            919            915            922            913            919
1.019985e+01    -6.399945e-02  7.103972e-02  1.616090e-01 -2.078142e-01  5.640937e-02 -1.800407e-02  6.647104e-01  1.686653e-01  1.662026e-01 -6.980582e-02            923            925            927            922            917            918            915            921            913            919
1.029961e+01     1.119810e-01  1.807485e-01  2.836309e-02 -1.321969e-01 -8.105268e-02  1.344422e-02  5.705834e-01  4.300035e-01  1.883994e-01  6.848999e-02            922            925            927            922            917            918            915            921            913            919
1.039936e+01     1.936803e-01  3.706461e-01 -5.310162e-02 -1.051622e-01  3.788595e-02  8.583232e-02  4.222047e-01  3.279330e-01  2.149023e-01  2.496363e-02            922            925            927            922            917            918            915            920            913            919
1.049976e+01     2.098843e-01  2.647624e-01 -7.690968e-02 -8.962774e-02  8.170380e-03  6.111244e-02  2.449216e-01  2.305261e-01  2.455958e-01  2.794087e-02            921            925            927            922            917            918            915            920            913            919
1.059952e+01     1.805226e-01 -2.781769e-02 -1.428991e-01 -2.421437e-02 -1.064749e-01  6.306749e-03  1.509912e-01  1.578117e-01 -2.085205e-02  3.061982e-02            921            925            926            922            917            918            915            920            913            919
1.069992e+01     1.488357e-01 -1.837418e-01 -3.029009e-01  1.913965e-02 -3.026235e-01  4.619217e-03  1.397960e-01  1.233513e-01 -3.187314e-01  1.850424e-02            921            925            926            922            917            918            915            919            913            918
1.079968e+01     1.403296e-01 -1.967351e-01 -4.972782e-01  2.734114e-02 -3.296049e-01  1.816066e-02  1.350573e-01  1.013400e-01 -2.749298e-01  1.511302e-02            921            925            925            922            917            918            915            919            913            917
1.089943e+01     9.269408e-02 -1.898930e-01 -6.381236e-01  1.814979e-02 -1.737409e-01 -4.376039e-03  7.845114e-02  9.438486e-02 -2.615311e-01  1.750863e-02            921            925            925            922            917            918            915            919            913            917
1.099983e+01     8.858018e-02 -1.672499e-01 -6.550630e-01  1.746499e-02 -1.108565e-01 -3.397894e-02 -1.216355e-02  8.665722e-02 -2.535492e-01  3.669678e-02            921            924            925            922            917            918            915            918            913            917
1.109959e+01     1.626298e-01 -1.459932e-01 -5.640313e-01  3.219105e-02 -8.873853e-02 -2.059532e-02 -4.494160e-02  8.239038e-02 -2.947316e-01  7.785524e-02            921            924            925            922            917            917            915            918            913            916
1.119999e+01     1.787136e-01 -1.141041e-01 -5.053864e-01  5.327931e-02 -8.407059e-02  3.327087e-03  1.862353e-02  7.548823e-02 -3.043276e-01  1.330073e-01            921            924            925            921            917            917            915            918            913            916
1.129974e+01     1.457951e-01 -9.304952e-02 -4.648484e-01  4.195674e-02 -8.796287e-02  4.482010e-03  1.433836e-02 -3.572492e-02 -6.510740e-02  1.740890e-01            921            924            925            921            917            917            915            918            913            916
1.139950e+01     1.229042e-01 -7.147954e-02 -4.161825e-01  5.239484e-02 -6.439896e-02  6.542357e-03 -4.243502e-02 -7.873886e-02  1.064572e-01  4.282404e-02            921            924            925            921            917            917            915            918            913            916
1.149990e+01     1.027263e-01 -3.837931e-02 -3.495609e-01  1.876520e-01 -3.646569e-02  1.665964e-02 -3.865507e-03 -8.534857e-02  1.366782e-01 -3.591641e-01            921            924            925            921            917            917            915            918            913            916
1.159966e+01     6.997039e-02 -4.923836e-03 -3.126415e-01  3.123461e-01  6.253223e-02  1.833646e-02  3.628966e-02 -1.290498e-01  1.552619e-01 -4.016384e-01            921            924            925            922            917            918            915            918            913            916
1.169941e+01     6.237685e-02  2.119099e-02 -2.557121e-01  3.836963e-01  8.651417e-02 -1.068108e-02  1.362683e-02 -1.678029e-01  1.186849e-01 -3.339947e-01            921            924            925            922            917            918            915            919            913            916
1.179981e+01     8.729486e-02  1.726312e-03 -2.315540e-01  1.523300e-01  7.108365e-02 -1.945195e-01 -4.762291e-02 -2.268894e-01  7.834224e-02 -3.330786e-01            921            925            925            922            917            918            915            919            913            917
1.189957e+01     1.439853e-01 -3.446877e-02 -2.107682e-01 -2.583414e-01  6.543247e-02 -2.076017e-01 -1.190697e-01 -3.043786e-01  7.214447e-02 -2.991540e-01            921            925            925            922            917            918            915            920            913            917
1.199997e+01     2.092518e-01 -4.686514e-02 -1.051798e-01 -3.292188e-01  6.392435e-02 -4.297748e-03 -8.196503e-02 -3.402878e-01  1.013417e-01 -5.191638e-02            921            925            926            922            917            918            915            920            913            918
1.209972e+01     2.080015e-01 -1.065316e-01 -9.149265e-02 -1.771597e-01  2.979583e-02  5.494126e-02 -5.114499e-02  4.588559e-03  1.373096e-01  6.278761e-02            921            925            926            922            917            918            915            921            913            918
1.219948e+01     4.020440e-02 -1.255619e-01 -1.187235e-01 -1.012505e-01  1.176573e-02  5.160528e-02 -3.522932e-02  3.344354e-01  1.214801e-01  4.223627e-03            921            925            927            922            917            918            915            921            914            918
1.229988e+01    -1.637413e-01 -7.862523e-02 -1.160171e-01 -8.662590e-02  2.496632e-02  7.331738e-03 -2.822908e-02  2.771043e-01  5.670128e-02 -5.549756e-02            922            925            927            922            917            918            915            922            914            918
1.239964e+01    -1.884629e-01 -1.109729e-03 -9.128990e-02  1.894073e-02  2.965617e-02 -1.644449e-02 -7.723586e-03  1.768357e-01  1.521782e-02 -8.681752e-02            922            925            927            922            917            918            915            923            916            920
1.249939e+01    -1.576073e-01  3.461350e-02 -1.103741e-01  9.479674e-02 -8.948737e-02 -1.099401e-02 -2.125148e-02  8.723717e-02  2.600262e-02 -1.258641e-01            923            925            927            922            917            919            915            923            916            919
1.259979e+01    -1.225527e-01  3.184252e-02 -7.383650e-02  1.293049e-01 -1.106912e-01 -1.020733e-02 -4.625647e-02  5.116685e-02  3.255333e-02 -2.253519e-01            923            925            927            922            917            919            915            923            916            919
1.269955e+01    -6.990724e-02  1.951464e-02  6.005358e-02  1.594426e-01 -1.343561e-02  1.612294e-04 -6.980267e-02  1.113461e-02 -5.650208e-02 -3.559463e-01            923            925            927            922            917            919            915            924            918            918
1.279995e+01    -6.963429e-02  1.548750e-02  9.128553e-02  2.024011e-01  5.752740e-02  2.598334e-02 -6.899620e-02 -5.693312e-02 -1.035752e-01 -4.250045e-01            924            925            927            922            917            919            915            925            921            918
1.289970e+01    -6.371514e-02 -1.218156e-02  7.406010e-02  2.822462e-01  7.759290e-02 -2.463390e-02 -7.883342e-02 -2.040548e-02 -1.109254e-01 -2.335308e-01            924            925            928            923            917            919            915            925            921            918
1.299946e+01    -3.931125e-02 -4.075171e-02  6.570121e-02  3.675354e-01  5.114007e-02 -9.962160e-02  9.304693e-03  1.535621e-01 -8.138612e-02 -1.155257e-01            924            925            929            923            917            919            915            925            922            918
1.309986e+01    -2.962170e-02 -3.762372e-03  6.141514e-02  4.429626e-01  9.944324e-04 -1.432906e-01  1.037365e-01  1.663304e-01 -4.316682e-02 -2.761506e-01            925            925            929            923            917            919            915            926            922            918
1.319962e+01    -4.802107e-02  1.796808e-02  4.863358e-02  4.373219e-01 -2.520302e-02 -1.880124e-01  4.017168e-02  1.195559e-01 -1.947347e-02 -1.949017e-01            925            925            929            923            917            919            915            926            922            917
1.329937e+01    -2.461346e-02  3.013846e-02  6.343543e-02  2.001700e-01  2.280099e-02 -1.613186e-01 -2.871608e-02  7.113369e-02 -2.715585e-02  2.383324e-01            925            925            929            923            918            919            915            927            921            918
1.339977e+01     6.439277e-02  2.684386e-02  9.761811e-02 -1.899110e-01  8.147105e-02 -3.295830e-02 -3.287472e-02  2.312672e-02 -6.188681e-02  3.370812e-01            925            925            929            923            918            920            915            927            921            919
1.349953e+01     6.404585e-02  1.556815e-02  1.313550e-01 -4.215470e-01  1.178971e-01  2.097720e-02 -1.335011e-02  6.387894e-02 -5.307176e-02  2.674070e-01            925            925            930            924            918            920            915            927            921            919
1.359993e+01     6.262456e-02  9.732475e-04  1.596010e-01 -4.675464e-01  3.002336e-02  1.243060e-01 -9.534345e-03  1.659271e-01 -1.681125e-02  2.031374e-01            925            925            931            925            918            920            916            928            921            919
1.369968e+01     7.363003e-02  1.014836e-02  1.887239e-01 -4.128645e-01 -8.034612e-02  2.017224e-01  6.861673e-03  1.629017e-02 -3.344366e-02  1.213121e-01            926            925            931            925            919            920            916            928            921            919
1.379944e+01     5.046076e-02  5.531392e-02  2.194855e-01 -3.032804e-01 -5.673667e-02  1.528840e-01  1.880825e-02 -4.698660e-01 -3.467022e-02  8.723684e-02            926            925            931            925            919            920            916            928            922            916
1.389984e+01     2.827072e-02  5.953804e-02  2.832755e-01 -1.975678e-01 -3.024421e-02  9.389294e-02  5.848723e-02 -1.815171e-01  1.554063e-02  5.401726e-02            926            926            931            926            919            920            916            928            922            915
1.399959e+01     5.108308e-02 -5.534983e-02  3.662158e-01 -1.380187e-01 -1.096458e-02  4.953095e-02  1.087624e-01  2.051173e-01  1.043931e-02  3.495509e-02            926            926            931            926            919            920            917            928            922            916
1.409999e+01     5.663925e-02 -1.250915e-01  3.957136e-01 -1.239917e-01  3.151520e-02  8.391943e-02  4.528536e-02  1.428399e-01  3.395404e-02  1.760560e-02            926            926            931            926            919            920            917            928            922            915
1.419975e+01     4.492930e-02 -1.215755e-01  3.532386e-01 -1.193984e-01  5.867088e-02  1.407080e-01 -1.853567e-01  7.008275e-03  5.741264e-02 -9.429952e-03            926            926            931            926            919            920            917            928            922            915
1.429951e+01     3.184565e-02 -9.028096e-02  2.334045e-01 -9.927127e-02  4.293085e-02  1.351385e-01 -2.216510e-01  3.907981e-02  6.043638e-02 -3.760118e-04            926            926            931            926            919            920            917            928            923            913
1.439991e+01     1.921362e-02 -1.053456e-01 -3.060515e-05 -6.148817e-02  4.735792e-02  1.144371e-01 -1.877879e-01  4.277218e-02  7.481248e-02 -4.337017e-04            926            926            931            926            919            920            917            928            923            912
1.449966e+01     2.285064e-02 -1.335533e-01 -3.379266e-01 -1.531023e-02  1.084827e-01  1.567368e-01 -1.645283e-01  2.633885e-02  8.283542e-02 -2.317007e-03            926            925            931            926            919            920            917            928            923            912
1.459942e+01     2.312787e-02 -1.059839e-01 -5.864418e-01 -5.749567e-02  1.622636e-01  1.778950e-01 -1.378414e-01  5.477412e-03  3.571990e-02 -2.351107e-03            926            925            931            925            919            920            917            928            923            912
1.469982e+01    -1.730056e-02 -8.196438e-03 -6.852893e-01 -6.135426e-02  2.263610e-01  8.992831e-02 -1.558235e-01 -2.609159e-02  4.083049e-02  1.082059e-02            926            925            931            925            919            920            916            927            923            912
1.479957e+01    -3.792543e-02  2.200990e-02 -5.450695e-01 -1.896743e-02  3.038660e-01 -2.843379e-01 -1.597889e-01 -1.440369e-02  1.970612e-02  7.930970e-03            925            925            931            925            919            920            916            927            923            912
1.489997e+01    -1.301785e-03  1.360461e-02 -2.918775e-01  3.909707e-03  3.991554e-01 -3.382458e-01 -1.603887e-01  4.222098e-02  2.924098e-02 -4.440168e-03            925            925            930            924            918            920            916            927            923            913
1.499973e+01     2.252629e-02  3.300159e-02 -1.876566e-01 -4.599004e-02  5.068935e-01 -3.121679e-01 -1.752704e-01  1.095898e-01  3.375046e-02 -1.886485e-02            925            925            930            924            918            920            916            927            923            912
1.509949e+01     3.197747e-02  7.850808e-02 -1.780325e-01 -8.893178e-02  5.974209e-01 -2.385641e-01 -1.797943e-01  7.442946e-02  5.925802e-02  5.980691e-03            925            925            929            924            918            920            916            927            923            912
1.519989e+01     6.082033e-02  1.167478e-01 -1.398943e-01 -7.386669e-02  4.695308e-01 -4.536665e-02 -1.896747e-01 -2.593367e-02 -1.328116e-02  8.839966e-02            925            925            929            923            918            920            916            927            922            912
1.529964e+01     1.054059e-01  1.071882e-01 -9.780165e-02 -4.947749e-02 -5.541773e-02  6.799942e-02 -2.152428e-01 -5.515711e-02 -5.828599e-02  7.661270e-02            925            925            929            923            918            920            916            927            922            913
1.539940e+01     1.072565e-01  6.174915e-02 -1.049417e-01 -5.080726e-03 -6.793100e-01  7.054926e-02 -2.466113e-01 -5.878412e-02 -8.069643e-03 -8.724241e-03            925            925            929            923            918            920            915            927            922            913
1.549980e+01     2.379101e-02  9.775718e-03 -1.461159e-01  4.808606e-03 -7.922149e-01  9.150877e-02 -2.735086e-01 -9.438423e-02  4.676390e-02 -3.807832e-02            925            925            929            923            917            920            915            927            922            913
1.559955e+01    -4.368618e-02  9.656246e-03 -1.503881e-01 -6.396593e-03 -3.911512e-01  7.815345e-02 -3.284228e-01 -1.305227e-01  6.878108e-02 -1.107393e-01            925            925            929            923            917            920            915            927            922            913
1.569995e+01    -7.433393e-03  4.095623e-03 -1.061768e-01 -2.851738e-02 -1.132235e-01 -5.002987e-02 -4.166814e-01 -1.849874e-03 -7.721617e-04 -1.318557e-01            925            925            929            923            917            919            915            927            922            913
1.579971e+01     3.018389e-02 -1.629437e-02 -9.862536e-02 -2.512025e-02 -3.690559e-02 -9.214182e-02 -5.056206e-01  1.534093e-01 -4.437129e-02 -1.197297e-01            925            925            929            923            917            919            915            927            922            913
1.589947e+01     8.778374e-03 -1.561043e-02 -6.987344e-02 -1.946010e-02 -1.536972e-01  9.079414e-02 -5.971574e-01  1.693067e-01 -2.491791e-02 -1.071417e-01            925            925            929            923            917            919            915            927            922            912
1.599987e+01    -7.607146e-02 -1.452024e-02 -5.308455e-02 -3.420710e-03 -2.382519e-01  3.152418e-01 -5.869359e-01  1.930859e-01 -4.819834e-02 -1.004471e-01            925            925            929            923            917            919            915            927            922            911
1.609962e+01    -1.235793e-01 -1.562825e-02 -6.455753e-02  6.840604e-04 -2.129424e-01  2.387829e-01 -3.491206e-01  1.342019e-01 -1.216767e-01 -1.182427e-01            925            925            929            923            917            919            915            927            923            911
1.619938e+01    -1.237667e-01 -7.802536e-03 -8.085783e-02  1.298041e-02 -1.702923e-01 -7.706968e-02 -4.151065e-01 -2.332616e-02 -1.033032e-01 -1.758986e-01            925            925            929            923            917            919            915            927            923            911
1.629978e+01    -7.728473e-02  1.662560e-03 -1.235137e-01  3.554272e-03 -1.352280e-01 -1.441988e-01 -6.399432e-01 -4.929771e-02 -1.114739e-01 -2.192578e-01            925            925            929            923            917            919            915            927            922            910
1.639953e+01    -1.368560e-02 -6.977903e-02 -1.460168e-01 -2.746574e-02 -1.224335e-01 -9.139133e-02 -8.671420e-01  1.377215e-03 -1.073763e-01 -2.536195e-01            925            925            929            923            917            919            915            927            922            910
1.649993e+01    -2.807596e-03 -9.371217e-02 -6.950087e-02 -1.088872e-01 -1.183475e-01 -4.339188e-02 -1.158031e+00  4.652900e-02 -4.601209e-02 -2.241260e-01            925            925            929            923            917            920            915            927            922            910
1.659969e+01    -1.520116e-03 -1.019863e-01  2.928286e-02 -1.275418e-01 -9.956147e-02 -3.222970e-02 -1.473758e+00  5.578103e-02 -2.743099e-03  1.020363e-01            925            925            929            923            917            920            915            927            922            910
1.669945e+01    -2.020629e-02 -1.358738e-01  5.680817e-02 -1.245273e-01 -1.029345e-01 -2.676884e-02 -1.702578e+00  2.127840e-02 -8.758647e-03  2.920157e-01            925            925            929            923            917            920            916            927            922            911
1.679985e+01    -1.943557e-02 -1.503955e-01 -6.309253e-02 -1.426330e-02 -5.480572e-02 -9.661102e-03 -1.592452e+00  1.585551e-02  7.105231e-03  2.009302e-01            925            925            929            923            917            920            916            927            922            911
1.689960e+01     8.701089e-03 -1.040908e-01 -1.070466e-01  1.071665e-01 -3.775300e-02  5.806514e-03 -7.965364e-01  1.078752e-02  5.958371e-02  8.925858e-02            925            925            929            923            917            920            916            928            922            910
1.699936e+01     4.451998e-03 -7.667599e-02 -9.729398e-02  9.963593e-02 -6.409740e-02 -1.366809e-03  5.443735e-01  2.539371e-02  7.655811e-02  5.433404e-02            925            925            929            923            918            920            916            928            922            910
1.709976e+01    -1.382527e-06 -1.166931e-01 -7.016526e-02  6.644405e-02 -5.264649e-02 -1.210098e-02  1.531980e+00  3.144993e-02  5.498597e-02  6.554762e-02            925            925            929            923            918            920            916            928            921            910
1.719951e+01     1.307706e-02 -1.623974e-01  8.322087e-03  2.964424e-02  9.845275e-03 -4.350733e-02  1.695603e+00  6.974157e-02  3.302741e-02  5.926421e-02            925            925            929            923            918            920            916            928            921            910
1.729991e+01    -4.010583e-03 -8.635282e-02  3.955935e-02  2.387684e-02  2.684945e-02 -8.248424e-02  1.467200e+00  1.454596e-01  4.358700e-03  6.446517e-02            925            925            929            923            918            920            916            928            921            911
1.739967e+01    -3.165971e-03  6.713601e-02 -3.648244e-04  5.490519e-02  2.495233e-02 -1.267573e-01  1.132609e+00  2.380932e-01 -3.777586e-02  9.126048e-02            925            925            929            923            918            920            916            928            921            912
1.749943e+01    -3.953815e-03  8.010249e-02 -7.410148e-03  1.312317e-01 -1.607577e-02 -1.907762e-01  8.492976e-01  3.835959e-01 -2.562741e-02  4.458132e-02            925            925            929            923            918            920            916            928            921            910
1.759983e+01    -1.935744e-02  3.760100e-02 -7.013115e-03  1.938420e-01 -2.403518e-02 -2.545455e-01  6.692371e-01  5.010403e-01 -7.080984e-03 -2.512492e-02            925            925            929            923            918            920            916            928            920            910
1.769958e+01     1.048539e-02  2.781923e-02 -1.740591e-02  1.572261e-01  6.082245e-03 -1.759025e-01  5.696303e-01  4.114641e-02 -1.399399e-02 -3.466726e-02            925            925            929            923            918            920            916            928            921            909
1.779998e+01     2.881570e-02  7.590121e-02 -2.787260e-02 -4.505655e-02  5.947124e-04  1.013044e-01  4.564834e-01 -4.645020e-01 -1.400415e-02 -6.061295e-02            925            925            929            923            918            920            916            928            921            909
1.789974e+01     3.618112e-02  7.275854e-02 -1.006996e-02 -1.033468e-01 -1.674550e-02  1.778142e-01  3.687679e-01 -4.265512e-01  7.172786e-04 -8.840738e-02            925            925            929            923            917            920            916            928            921            910
1.799949e+01     3.854121e-02  1.071126e-01  3.011871e-03 -1.180122e-01 -1.693570e-02  1.374345e-01  3.557852e-01 -2.672906e-01  1.812233e-03 -4.417733e-02            925            925            929            923            917            920            916            928            921            910
1.809989e+01     1.627977e-02  7.789665e-02 -9.889956e-03 -1.409346e-01  1.126380e-01  6.632559e-02  2.568122e-01 -2.018408e-01  8.938123e-03  2.845766e-02            925            925            929            923            917            920            916            928            921            908
1.819965e+01     3.313211e-02  3.919963e-02 -4.499945e-03 -1.107263e-01  2.328456e-01 -2.563868e-03 -5.271575e-02 -1.440848e-01  1.410152e-02  4.279005e-02            925            925            929            923            917            920            916            928            921            909
1.829941e+01     1.429626e-01  7.959399e-02  6.365058e-03 -7.059459e-02  9.599634e-02 -5.251568e-02 -2.005846e-01 -1.142267e-01 -1.722937e-02  8.820319e-02            925            925            929            923            917            920            916            928            922            909
1.839981e+01     1.907610e-01  1.380303e-01  5.842307e-03  1.216426e-02 -1.186246e-01 -7.191519e-02 -3.113183e-01 -9.658680e-02 -2.328236e-02  1.257890e-01            925            925            929            923            917            920            916            928            922            909
1.849956e+01     1.033090e-01  1.207288e-01  2.080531e-02  6.893355e-03 -1.230173e-01  1.115014e-02 -3.503675e-01 -3.370001e-02  4.509112e-02  1.062129e-01            925            925            929            923            917            920            916            928            922            909
1.859996e+01    -1.046433e-01  1.005757e-01  4.917324e-02 -6.720235e-02 -6.007379e-02  2.495050e-01  8.981580e-02 -1.735670e-02  7.192715e-02 -1.157045e-02            924            925            929            923            917            920            916            928            922            909
1.869972e+01    -2.169936e-01  1.119378e-01  3.718833e-02 -4.836075e-02 -2.836150e-02  3.071661e-01  5.648683e-01  1.166761e-02  6.616776e-02  4.155771e-03            924            925            929            923            917            920            916            928            922            910
1.879947e+01    -1.341936e-01  2.122726e-01  2.468267e-02 -2.442899e-02 -3.469659e-02  2.577430e-01  5.340070e-01  1.167795e-02  7.630852e-02  9.603540e-02            924            925            929            923            917            920            916            928            924            909
1.889987e+01    -1.950143e-02  2.692940e-01  3.364224e-02 -2.064607e-02 -4.369754e-02  9.027814e-02  3.939978e-01 -2.770746e-02 -8.155201e-03  1.960360e-01            924            925            929            923            917            919            916            928            925            909
1.899963e+01    -3.364362e-04  1.745388e-01  7.913323e-02 -4.323388e-02 -6.241717e-02 -4.765378e-02  3.084351e-01 -4.900534e-02 -3.474895e-02 -4.409343e-03            924            925            929            923            917            919            916            928            925            909
1.909939e+01    -8.483562e-03 -5.862838e-02  1.476740e-01 -4.301428e-02 -5.986283e-02 -4.774374e-02  2.258043e-01 -5.806841e-02 -6.764064e-03 -2.275631e-01            924            925            929            923            917            919            916            928            925            909
1.919978e+01    -5.968598e-02 -1.763384e-01  1.674780e-01 -1.002489e-02 -5.242136e-02 -2.216546e-02  1.484398e-01 -8.114644e-02 -9.073655e-02 -1.627448e-01            924            925            929            923            917            919            916            928            925            908
1.929954e+01    -9.021316e-02 -1.583525e-01  3.863251e-02  2.270081e-02 -3.695134e-02 -2.695516e-02  1.070743e-01 -5.187968e-02 -9.762036e-02 -7.929423e-02            924            925            928            923            917            919            916            928            925            908
1.939994e+01    -2.447147e-02 -1.087409e-01 -1.338355e-01 -9.488827e-03 -3.631820e-02 -4.916433e-02  1.019978e-01  6.000238e-02 -6.293860e-02 -3.006052e-02            924            925            928            923            917            919            916            928            925            908
1.949970e+01    -5.488759e-03 -7.247612e-02 -1.679975e-01 -5.653690e-02 -5.553640e-02 -3.713079e-02  8.533501e-02  1.362697e-01 -3.666596e-02  1.381907e-02            924            925            928            923            917            919            916            928            925            908
1.959945e+01    -1.013178e-02 -4.585338e-02 -8.951589e-02 -3.456059e-02 -5.584588e-02 -2.169773e-02  7.932632e-02  1.670331e-01 -3.586250e-02  8.306142e-02            924            925            928            923            917            919            916            928            925            908
1.969985e+01    -1.231978e-02 -2.295882e-02 -5.824915e-02  5.368550e-03 -1.154503e-02 -9.548709e-03  3.801368e-02  2.214473e-01 -1.555543e-02  1.597745e-01            924            925            928            923            917            919            916            927            925            908
1.979961e+01    -5.179485e-04 -2.901426e-02 -3.720716e-02  2.952575e-02 -1.768643e-02  2.720150e-03 -3.729883e-02  2.932554e-01 -1.869367e-02  4.803815e-02            924            925            928            923            917            919            916            927            925            908
1.989936e+01    -1.093419e-02 -1.257850e-02 -6.445552e-02  9.207138e-02 -1.811278e-02  3.816464e-02 -8.812452e-02  1.778147e-01 -5.094264e-02 -1.994134e-01            924            925            928            923            917            919            916            927            925            908
1.999976e+01    -1.915477e-02 -4.695435e-03 -1.595408e-01  5.377550e-02  1.660900e-02  7.925538e-02 -9.208219e-02 -1.210834e-01 -6.243930e-02 -2.200755e-01            924            925            928            923            917            919            916            927            925            908
2.009952e+01    -1.159448e-02 -3.275581e-02 -1.833577e-01 -3.290724e-02 -1.875270e-03  9.732307e-02  1.079157e-02 -1.060415e-01 -1.677963e-02 -1.377654e-01            924            925            928            923            917            919            916            927            925            908
2.019992e+01     3.060087e-02 -6.233232e-02 -1.504707e-01 -5.322930e-02 -1.340965e-04 -2.413782e-02  2.449992e-02 -1.404308e-02  4.101726e-03 -6.979126e-02            924            925            928            923            917            919            916            927            925            908
2.029968e+01     7.318783e-02 -4.906154e-02 -6.113475e-02 -5.485101e-02 -1.009170e-02 -1.136116e-01 -4.509098e-02 -8.828168e-02  1.909949e-02 -3.560330e-02            924            925            928            923            917            919            916            927            925            908
2.039943e+01     7.846874e-02  7.067926e-02 -1.356822e-02 -4.449802e-02  1.312459e-02 -5.354788e-02 -9.100928e-02 -2.267290e-01  1.124965e-02 -1.311082e-02            924            925            928            923            917            919            916            927            925            908
2.049983e+01     3.726094e-02  1.013427e-01 -4.744694e-03 -8.248048e-02  2.864766e-02 -1.038789e-02 -1.344170e-02 -1.948048e-01  1.025610e-02 -1.289601e-02            924            925            928            923            917            919            916            927            925            908
2.059959e+01    -7.106557e-02  7.539099e-02  2.259800e-02 -1.023925e-01 -2.827827e-02 -9.203907e-02  2.001388e-01 -9.243523e-02 -5.297163e-03 -2.069905e-03            924            925            928            923            917            919            916            927            923            906
2.069999e+01    -9.430028e-02  4.509195e-02 -3.769844e-03 -7.052745e-02 -5.820921e-03 -1.712172e-01  1.694681e-01  4.837111e-02 -4.197972e-02  5.433208e-02            924            925            928            923            917            920            916            927            923            906
2.079974e+01    -3.500387e-02  3.415392e-03 -7.298365e-02 -6.764807e-02  1.823473e-03 -1.175366e-01  1.225766e-01  3.600631e-03 -8.047286e-02  1.446166e-01            924            925            928            923            917            920            916            927            923            907
2.089950e+01    -3.941549e-03 -1.619943e-02 -7.952623e-02 -4.585367e-02 -2.504856e-03  3.281238e-02  1.418171e-01 -4.633705e-02 -6.590610e-02  2.142993e-01            924            925            928            923            917            920            916            927            922            908
2.099990e+01    -1.656302e-02 -7.278079e-03 -6.399112e-02  1.191403e-02 -4.524782e-03  6.712037e-02  1.265126e-01 -4.825405e-02 -3.221726e-02 -7.142723e-02            924            925            929            923            917            920            916            927            922            908
2.109966e+01    -2.391246e-02  2.757199e-02 -5.276082e-02  1.753986e-02 -9.090203e-03  8.158036e-02  1.287176e-01 -2.818163e-02 -2.285967e-02 -2.986536e-01            924            925            929            923            917            920            917            927            922            909
2.119941e+01    -2.684658e-02  6.762125e-02 -2.298861e-02  4.959189e-03 -1.904492e-02  7.017181e-02  1.255002e-01  2.371248e-02 -2.071456e-02 -2.200274e-01            924            925            929            923            917            920            917            927            922            910
2.129981e+01    -2.994584e-02  9.883285e-02 -1.811736e-02  3.129363e-02 -2.963160e-02  4.159572e-02  8.270131e-02  6.113260e-02 -2.267628e-02 -1.134195e-01            924            925            929            923            917            920            917            928            922            910
2.139957e+01    -2.463014e-02  7.231428e-02 -2.742439e-02  6.385947e-02 -3.691912e-02  5.054000e-02  8.496311e-02  8.100826e-02 -7.227860e-02 -9.004748e-02            924            925            929            923            917            920            917            929            922            910
2.149997e+01    -3.754008e-02 -9.508703e-03  7.234212e-03  3.391524e-02 -9.819443e-03  1.420408e-01  6.038093e-02  7.292006e-02 -1.529471e-01 -8.722862e-02            924            925            929            923            917            920            917            929            922            908
2.159972e+01    -4.979343e-02  1.289204e-02  3.794933e-02  7.062472e-03  6.847275e-02  2.098238e-01  6.250737e-02  1.836281e-02 -1.869357e-02 -5.529005e-02            924            925            929            923            917            920            917            929            922            908
2.169948e+01    -5.512298e-02  4.866133e-02  1.579578e-02 -8.148958e-04  6.256486e-02  1.501506e-01  9.102878e-02  1.590713e-02  1.490067e-01 -9.543224e-04            924            925            929            923            917            920            917            929            922            908
2.179988e+01    -2.862519e-02  3.869437e-02 -2.294373e-02  3.140196e-03  3.105536e-02  6.028972e-02  7.056261e-02  7.079196e-02  7.908234e-02  4.776508e-02            925            925            929            923            917            920            917            929            922            907
2.189964e+01     4.501566e-02  3.476405e-02 -6.902580e-03  5.162029e-03  1.364338e-02  4.391059e-02 -5.791816e-02  6.041361e-02  1.727342e-02  7.616086e-02            925            925            929            923            917            920            917            929            922            907
2.199939e+01     4.411779e-02 -3.762030e-02  1.009711e-02  1.548924e-02  4.871353e-03  5.266638e-02 -1.871789e-02  1.526000e-02 -8.750567e-03  1.088111e-01            925            925            929            923            918            920            917            930            922            907
2.209979e+01    -7.961813e-03 -9.053556e-02  1.828896e-02  3.384325e-02  4.094569e-02 -1.090396e-01  1.979841e-02  1.133988e-02 -2.256605e-02  1.367486e-01            925            925            929            923            918            920            916            930            922            907
2.219955e+01    -3.044713e-02 -6.153118e-02 -3.182322e-02  6.181482e-02  6.239158e-02 -1.835966e-01  1.100067e-02  2.009944e-02 -4.315764e-02  8.841565e-02            925            925            929            923            918            920            916            931            923            906
2.229995e+01    -2.428455e-02 -8.674029e-02 -7.391250e-02  7.200881e-02  3.751767e-03 -1.858350e-01  8.286903e-03  3.077718e-02 -5.557260e-02  6.487771e-02            925            925            929            923            918            920            916            931            923            906
2.239970e+01     3.158071e-02 -1.122151e-01 -2.715412e-02  2.257463e-02  2.337075e-02 -1.588679e-01 -1.837233e-02  3.757221e-02 -8.254007e-02  2.815659e-02            925            925            929            923            918            920            916            931            923            906
2.249946e+01     4.934778e-02 -1.141157e-01  2.665321e-02 -7.775611e-03  5.392521e-02 -1.047545e-01 -5.074775e-03  3.577448e-02 -9.137915e-02 -2.791780e-02            925            925            929            923            918            920            916            931            923            907
2.259986e+01     6.652970e-02 -1.576757e-01 -1.327799e-03 -4.045425e-02  5.036097e-02 -6.901807e-02  4.175777e-02  4.248632e-02  3.794240e-02  2.101720e-02            925            925            929            923            918            920            916            931            923            907
2.269962e+01     1.394006e-01 -1.419229e-01 -6.181715e-02 -6.002990e-02  5.482933e-02 -5.230868e-02  5.839426e-02  6.085320e-02  1.021794e-01  1.036986e-01            925            925            929            923            918            920            916            931            924            907
2.279937e+01     9.661459e-02 -7.794934e-02 -7.472600e-02 -5.978458e-02  6.670439e-02 -7.321898e-02  6.836291e-02  9.288659e-02  6.907008e-02  1.834433e-01            925            925            929            923            918            920            916            931            924            907
2.289977e+01    -6.671135e-03 -4.321855e-02 -9.385500e-02 -3.391432e-02  4.767753e-02 -6.654054e-02  1.032321e-01  1.053886e-01  5.929778e-03  2.447053e-01            925            925            929            923            918            920            916            931            925            907
2.299953e+01    -3.454410e-02  3.397067e-02 -1.434150e-01 -3.384075e-02  3.245530e-03  6.984165e-03  1.197442e-01  7.770595e-02 -4.151767e-02  3.119481e-01            925            925            929            923            918            920            916            932            925            908
2.309993e+01    -6.416165e-03  6.992460e-02 -1.447041e-01 -5.023116e-02 -3.444131e-02  1.987333e-03  5.346046e-02  3.234641e-02 -9.667529e-02  4.081769e-01            925            925            929            923            918            920            916            932            925            910
2.319968e+01     5.116616e-02  7.842056e-02 -7.663834e-02 -5.175108e-02 -4.603310e-02  9.251172e-03  1.837871e-02 -5.647951e-04 -1.772358e-01  5.175678e-01            925            925            929            923            918            920            916            932            925            910
2.329944e+01     7.865542e-02  5.387264e-02  5.869447e-02 -4.662967e-02 -1.108471e-01  8.776539e-03  1.792956e-02  1.062427e-02 -2.525111e-01  5.824343e-01            925            925            929            924            918            920            916            932            925            910
2.339984e+01     1.122609e-01 -4.370491e-03  7.595775e-02 -7.025558e-02 -2.579039e-01 -1.286911e-02  3.208733e-02  5.632136e-02 -1.049731e-01  6.064507e-01            925            925            929            924            918            920            916            932            925            909
2.349960e+01     1.304181e-01 -7.235540e-02  3.667348e-02 -1.306317e-01 -1.711382e-01 -9.205771e-03  4.498848e-02  7.192010e-02  2.135344e-01  5.854257e-01            925            925            929            924            918            920            916            932            925            909
2.360000e+01     6.803139e-02 -4.900587e-02  3.852604e-02 -1.691637e-01  4.906865e-02  2.530578e-02 -2.901409e-02  5.713044e-02  2.236727e-01  5.572078e-01            925            925            929            924            919            920            916            932            926            909
2.369975e+01    -9.935250e-02 -2.683885e-02  6.463691e-02 -2.014573e-01  6.058684e-02  4.217889e-02 -3.673387e-02  9.189487e-02  2.065078e-01  4.879399e-01            925            925            929            924            919            920            916            931            926            909
2.379951e+01    -1.653153e-01 -9.718162e-03  6.157508e-02 -2.048739e-01  1.412087e-02  4.252469e-02 -1.466876e-02  1.012060e-01  1.955874e-01  4.162473e-01            925            925            929            924            919            920            916            931            926            910
2.389991e+01    -1.940060e-01 -1.115060e-02  3.956266e-02  5.701154e-03  8.164603e-03 -2.729205e-02  4.959951e-03  1.478381e-01  1.559132e-01  3.086047e-01            925            925            929            924            919            920            916            931            926            909
2.399966e+01    -1.736411e-01 -2.126308e-02 -4.587138e-03  3.080862e-01  2.233455e-02 -4.791614e-02  1.809632e-02  1.658211e-01  1.268323e-01  2.113003e-01            925            925            930            924            919            920            916            931            926            908
2.409942e+01    -7.842147e-02  2.466758e-02 -4.457241e-02  3.321400e-01  2.976100e-02 -4.848940e-02  1.729595e-02  1.831056e-01  1.308642e-01  1.072043e-01            925            925            930            924            919            920            916            931            927            908
2.419982e+01    -4.334704e-02  9.657919e-02 -7.226581e-02  2.806678e-01  5.236143e-02 -4.508174e-02  6.464720e-02  2.679613e-01  1.689757e-01 -2.389262e-02            925            925            930            924            919            920            916            931            927            907
2.429958e+01    -4.266332e-02  8.853576e-02 -8.911930e-02  2.387517e-01  8.382542e-02 -2.356654e-02  1.380382e-01  2.943713e-01  1.784997e-01  5.709934e-02            925            925            930            924            919            920            916            931            927            906
2.439997e+01    -2.354571e-02  4.799582e-02 -9.986913e-02  1.920470e-01  3.623353e-02 -1.591152e-02  1.949201e-01  3.253719e-01  3.312112e-02  2.699916e-01            925            925            930            924            919            920            916            930            927            905
2.449973e+01    -4.760796e-03 -6.041805e-03 -1.071085e-01  2.332683e-01 -3.524059e-02 -5.714284e-04  2.576394e-02  2.059653e-01 -2.656572e-02  2.284562e-01            925            925            930            925            919            920            916            930            927            905
2.459949e+01     1.224374e-03 -2.800572e-02 -7.019863e-02  2.712064e-01 -4.875706e-02  8.275939e-03 -1.882086e-01  1.873552e-03  8.150773e-03  1.664618e-01            925            925            930            925            919            920            916            931            927            905
2.469989e+01    -7.785738e-03 -2.446994e-02 -4.572070e-02  2.334660e-01 -2.703607e-02  6.752867e-03 -1.392242e-01  3.592168e-02  7.980235e-02  1.100128e-01            925            925            930            925            919            920            916            931            927            905
2.479964e+01    -1.234831e-02 -2.967284e-02 -4.560167e-02 -9.126679e-02  1.396592e-02 -5.607179e-03 -6.434210e-02  1.060296e-01  1.562524e-01  1.614782e-02            925            925            930            925            919            920            916            931            927            905
2.489940e+01    -2.536263e-03 -5.785850e-02 -3.659769e-02 -3.648968e-01  4.521361e-02 -1.550822e-02 -1.517461e-02  1.411705e-01  2.267817e-01 -3.138667e-02            925            925            930            925            919            920            916            931            927            904
2.499980e+01     4.789985e-03 -4.977031e-02 -1.592705e-02 -2.173186e-01  7.368379e-02 -4.718137e-03  2.690558e-02  2.560532e-01  2.407139e-01 -3.231080e-02            925            925            930            925            919            920            916            931            927            904
2.509955e+01     5.696806e-03 -4.050125e-03 -2.847402e-02 -6.450994e-02  7.350665e-02  1.099790e-02  6.183637e-02  3.868452e-01  3.139450e-02 -4.028580e-02            925            925            930            925            919            920            916            931            928            905
2.519995e+01     1.040298e-03  2.875770e-02 -5.761250e-02  5.214089e-03 -4.759364e-02  7.269334e-03  6.282275e-02  4.552096e-01 -1.121239e-01 -1.133177e-04            925            925            930            924            919            920            916            931            928            906
2.529971e+01    -5.155232e-02  2.018595e-02 -6.209791e-02  6.157599e-02 -9.104771e-02 -4.835385e-02  1.149641e-01  5.228827e-01 -5.409400e-02  9.513107e-03            925            925            930            924            919            920            916            931            928            905
2.539947e+01    -7.319050e-02 -1.499334e-02 -5.103124e-02 -2.290332e-02 -1.959858e-02 -1.399970e-01  1.032494e-01  5.517077e-01 -1.938567e-01 -2.386092e-02            925            925            930            924            919            920            916            931            928            905
2.549987e+01    -5.217891e-02 -5.303823e-02 -6.537281e-02 -1.326100e-01  2.332475e-02 -1.944667e-01 -1.536670e-01  5.826223e-01 -1.792344e-01  5.791781e-02            925            925            930            924            919            920            916            931            927            906
2.559962e+01    -6.008305e-02 -9.035493e-02 -1.055246e-01 -1.221630e-01  6.031970e-02 -1.929200e-01 -2.538592e-01  6.344252e-01 -5.345266e-02  1.273771e-01            925            925            929            924            919            920            916            931            926            906
2.569938e+01    -7.383580e-02 -9.084853e-02 -1.373983e-01 -2.650710e-02  8.616060e-02 -9.973879e-02 -1.151163e-01  6.939388e-01 -1.132192e-03  1.217149e-01            925            925            929            924            919            920            916            931            926            907
2.579978e+01    -6.121912e-02 -6.108056e-02 -1.384971e-01  4.418114e-02  1.056381e-01  6.956167e-02  1.748262e-01  7.622675e-01 -7.032598e-02  1.369486e-01            925            925            929            924            919            920            916            931            926            908
2.589953e+01    -5.971858e-02 -5.599998e-02 -1.613715e-01  5.795279e-04  9.867219e-02  8.145273e-02  2.719485e-01  8.417081e-01 -1.021662e-01 -3.525010e-02            925            925            929            924            919            920            916            931            926            907
2.599993e+01    -9.643599e-02 -7.681301e-02 -1.741544e-01 -6.049612e-02 -1.910462e-02  1.859631e-02  2.023811e-01  9.488308e-01 -8.551433e-02 -3.613783e-01            925            925            929            924            919            920            916            931            926            907
2.609969e+01    -1.048378e-01 -1.213136e-01 -1.725052e-01 -4.609954e-02 -9.628646e-02 -3.771698e-02  1.186745e-02  1.067436e+00 -6.987001e-02 -9.147590e-02            925            925            929            924            919            920            916            931            926            907
2.619945e+01    -9.494022e-02 -1.685746e-01 -2.154096e-01  9.892857e-03 -1.109468e-01 -9.158705e-02 -9.958937e-02  1.179658e+00 -8.166592e-02  1.121827e-01            925            925            929            923            918            920            916            931            926            907
2.629985e+01    -8.483307e-02 -7.402314e-02 -2.856100e-01  5.421662e-02 -1.014050e-01 -7.107526e-02 -3.763261e-03  1.402433e+00 -1.132864e-01  6.386114e-02            925            925            929            923            918            920            916            931            926            907
2.639960e+01    -8.902954e-02  9.320433e-02 -2.745757e-01  3.377733e-02 -7.793018e-02 -6.073831e-02  6.487614e-02  1.571259e+00 -1.010281e-01 -2.254667e-02            925            925            929            923            918            920            916            931            926            907
2.649936e+01    -9.315846e-02  1.421056e-01 -9.884494e-02  1.068011e-02 -2.275420e-02 -1.203719e-01  7.735066e-02  1.442649e+00 -6.035783e-02 -2.822236e-02            925            925            929            923            918            920            916            931            926            907
2.659976e+01    -9.156642e-02  1.288205e-01  1.542504e-01  4.804467e-02  2.759070e-02 -3.401449e-02  1.105807e-01  1.399138e+00 -2.652292e-02 -1.379045e-03            925            925            929            923            918            920            916            931            926            906
2.669951e+01    -1.390768e-01  1.185749e-01  3.379358e-01  1.194975e-01 -2.029128e-02  1.976019e-02  1.494291e-01  1.557862e+00  1.168061e-02  3.647020e-02            925            925            929            923            918            920            916            931            926            906
2.679991e+01    -1.844754e-01  9.739965e-02  3.028314e-01  1.574103e-01 -6.191091e-02 -5.430810e-02  1.594075e-02  1.668384e+00  5.500570e-02  8.449370e-02            925            925            929            923            918            920            916            931            926            906
2.689967e+01    -2.186167e-01  5.918190e-02  2.156774e-01  1.389252e-02 -8.418110e-02 -1.451728e-01 -4.802614e-02  1.772169e+00 -3.495536e-02  1.623069e-01            925            925            929            923            918            920            916            931            926            906
2.699943e+01    -2.383188e-01  4.511794e-02  1.161049e-01 -1.686207e-01 -1.097185e-01 -2.533202e-01  3.375865e-02  1.938585e+00 -1.788543e-01  2.653371e-01            925            925            929            923            918            920            916            929            926            906
2.709983e+01    -2.530860e-01  5.352997e-02 -5.812277e-02 -1.611414e-01 -1.167046e-01 -3.653854e-01  1.087158e-01  2.171846e+00 -2.086970e-01  2.591766e-01            925            925            929            923            918            920            916            929            926            905
2.719958e+01    -2.717387e-01  8.122689e-02 -1.210430e-01 -1.362329e-01 -1.062308e-01 -3.726853e-01  1.878424e-01  2.287446e+00 -2.223040e-01 -2.916274e-01            924            925            929            923            918            920            916            929            926            905
2.729998e+01    -3.106319e-01  9.614401e-02 -1.251740e-01 -1.056623e-01 -1.429187e-01 -4.690843e-02  4.501476e-01  2.376522e+00 -5.255403e-02 -5.316299e-01            924            925            929            923            918            920            916            929            926            906
2.739974e+01    -3.629334e-01  8.613942e-02 -1.110264e-01 -7.942050e-02 -1.585339e-01  3.814292e-01  8.074529e-01  2.509259e+00  1.513080e-01 -4.155947e-01            924            925            929            923            918            920            916            929            926            906
2.749949e+01    -4.227568e-01  7.214067e-02 -9.808286e-02 -5.070183e-02  4.068788e-03  4.153484e-01  1.073567e+00  2.759011e+00  4.805446e-02 -2.245071e-01            924            925            929            923            918            920            916            929            926            906
2.759989e+01    -4.149640e-01  4.637924e-02 -8.737743e-02 -4.203054e-02  2.315930e-01  3.290324e-01  5.281042e-01  2.758258e+00  1.185643e-02 -5.131656e-02            924            925            929            923            918            920            916            929            926            906
2.769965e+01    -2.366935e-01  4.453200e-02 -7.517635e-02  1.520241e-02  2.580194e-01  2.515188e-01 -4.364133e-01  1.621418e+00  7.408471e-02  1.630589e-02            924            925            929            923            917            920            916            929            925            906
2.779941e+01    -8.825957e-02  5.475445e-02 -1.002953e-01  8.568877e-02  1.982803e-01  1.499369e-01 -8.771138e-01  1.300590e+00  4.881545e-02  9.288472e-03            924            925            929            923            917            920            916            929            925            907
2.789981e+01    -2.081834e-02  4.814022e-02 -2.111988e-01  8.875899e-02  1.465020e-01  1.249132e-01 -7.654351e-01  1.498177e+00 -7.493527e-03 -7.626619e-03            924            925            928            923            917            920            916            929            925            906
2.799956e+01     8.616066e-02  8.403471e-02 -2.867612e-01  2.984502e-02  1.037917e-01  1.727095e-01 -4.818457e-01  1.592279e+00 -1.705318e-02 -2.499184e-02            924            925            928            923            917            920            916            929            925            906
2.809996e+01     2.030699e-01  8.741459e-02 -1.586635e-01 -8.143868e-02  8.190044e-02  1.772238e-01 -2.922258e-01  1.568597e+00 -5.221368e-03 -3.051246e-02            924            925            928            923            917            920            916            929            925            906
2.819972e+01     3.130134e-01 -1.608420e-02 -3.247367e-02 -1.005657e-01  7.316970e-02  1.696562e-01 -2.488874e-01  1.461301e+00  1.678301e-02 -3.190076e-02            924            925            928            923            917            920            916            929            925            906
2.829947e+01     3.577816e-01 -1.205166e-01 -6.513940e-02 -8.191136e-02  6.524181e-02  1.891739e-01 -2.719897e-01  1.402613e+00  4.333147e-02 -5.516848e-02            924            925            928            923            917            920            916            929            925            906
2.839987e+01     3.424359e-01 -1.160993e-01 -8.815881e-02  2.535193e-02  5.899817e-02  1.819109e-01 -2.354718e-01  1.352412e+00  3.130753e-02 -9.493708e-02            924            925            928            923            917            920            916            929            925            907
2.849963e+01     3.299169e-01 -8.234952e-02 -1.212846e-01  1.234803e-01  9.077895e-02  8.715401e-02 -1.789863e-01  1.280626e+00  2.910114e-02 -1.015274e-01            924            925            928            923            917            920            916            929            925            907
2.859939e+01     3.147408e-01 -2.447117e-02 -1.588513e-01  2.479648e-02  1.356715e-01  9.514077e-02 -9.304377e-02  1.285435e+00  6.554775e-02 -7.590069e-02            924            925            928            923            917            920            916            929            925            907
2.869979e+01     2.799907e-01  1.352273e-02 -2.087074e-01 -2.594617e-01  1.218577e-01  2.753842e-02 -5.531497e-02  1.227789e+00  9.134948e-02  1.459434e-03            924            925            928            923            917            920            916            929            925            906
2.879954e+01     2.417617e-01  2.771216e-02 -2.592566e-01 -3.434808e-01  1.239729e-01 -1.008523e-01 -7.946737e-02  1.104173e+00  4.998649e-02  2.590075e-02            924            925            928            923            917            920            916            929            925            906
2.889994e+01     2.283450e-01  1.860674e-02 -3.039941e-01 -3.199275e-01  1.224565e-01 -7.673555e-02 -8.852225e-02  9.176177e-01 -5.470669e-02  8.821622e-03            924            925            928            923            918            920            916            929            925            906
2.899970e+01     2.363627e-01 -1.339660e-02 -3.375512e-01 -3.125651e-01  1.362176e-01 -1.051343e-02 -1.684185e-01  7.900798e-01 -7.168026e-02 -1.314420e-02            924            925            929            923            918            920            916            929            925            906
2.909945e+01     1.767226e-01 -4.562411e-02 -3.608620e-01 -2.796892e-01  1.725547e-01  6.717623e-02 -2.205152e-01  7.163237e-01 -6.277337e-02  5.056675e-03            924            925            929            923            918            920            916            929            925            907
2.919985e+01     6.297509e-02 -6.817921e-02 -4.128868e-01 -2.031545e-01  2.068390e-01  1.317406e-01 -2.349694e-01  6.235872e-01 -5.793006e-02  5.261995e-02            924            925            929            923            918            920            916            929            925            908
2.929961e+01    -3.815696e-03 -9.493274e-02 -4.658516e-01  3.564317e-02  2.141913e-01 -4.491950e-02 -2.750065e-01  5.184294e-01 -2.810950e-02  3.234151e-02            924            925            929            923            918            920            916            929            925            908
2.939937e+01     3.296576e-02 -1.014589e-01 -4.738366e-01  2.799041e-01  2.326858e-01 -2.963417e-01 -2.194512e-01  4.200302e-01  5.400069e-03 -1.583208e-03            924            925            929            923            918            920            916            929            925            908
2.949977e+01     6.186848e-02 -1.140692e-01 -4.640809e-01  3.131218e-01  2.779974e-01 -1.653979e-01  1.130074e-01  3.932814e-01 -2.043713e-03 -2.473143e-02            924            925            929            923            918            920            916            929            925            909
2.959952e+01     5.814925e-02 -1.048787e-01 -4.162937e-01  2.377091e-01  4.402006e-01 -5.959237e-02  2.565106e-01  5.054554e-01 -1.305474e-02 -3.880183e-02            924            925            929            923            918            920            917            929            925            909
2.969992e+01     7.810695e-02  1.696623e-02 -3.026193e-01  1.697638e-01  7.245973e-01 -5.811886e-02  2.146447e-01  4.790226e-01 -2.475574e-02 -1.556286e-02            925            925            929            923            918            920            917            929            925            909
2.979968e+01     1.328483e-01  1.148620e-01 -1.173966e-01  1.222792e-01  9.621544e-01 -7.989270e-02  1.531357e-01  3.610830e-01 -3.917147e-02  3.826196e-02            925            925            929            923            918            920            917            929            925            910
2.989943e+01     1.258614e-01  1.511868e-01  8.577441e-02  9.500011e-02  9.214688e-01 -2.192181e-02  1.090322e-01  2.654911e-01 -3.854565e-03  1.134836e-01            925            925            929            923            918            920            917            930            925            910
2.999983e+01     1.045547e-01  1.631578e-01  2.084416e-01  8.581557e-02  4.750372e-01  2.428212e-02  1.433546e-01  2.090186e-01  9.509866e-02  2.227100e-01            925            925            929            923            918            920            918            930            926            910
3.009959e+01     8.494349e-02  9.411221e-02  3.049763e-01  5.298545e-02  1.869184e-01  3.224712e-04  2.080031e-01  3.100535e-01  1.283888e-01  3.140609e-01            925            925            929            923            918            920            918            930            926            909
3.019999e+01     1.095241e-01 -2.375018e-02  4.217870e-01  2.393580e-02  7.540987e-02  4.884903e-03  2.803406e-01  3.353776e-01  6.524263e-02 -8.887851e-03            925            925            929            923            919            920            918            930            926            909
3.029975e+01     1.028528e-01 -4.665666e-02  4.845906e-01  4.343238e-02 -3.105348e-01  1.968117e-02  1.549945e-01  2.775930e-01  2.860182e-02 -2.736363e-01            925            925            929            923            919            921            918            930            926            909
3.039950e+01     8.441965e-02 -9.711540e-02  4.286513e-01  9.790382e-02 -7.156450e-01  1.546059e-02 -2.434868e-01  2.390848e-01  2.066726e-02 -2.611180e-01            925            925            929            924            919            921            918            931            926            910
3.049990e+01     7.912639e-02 -9.966737e-02  3.531899e-01  1.097367e-01 -7.365212e-01  7.148855e-03 -2.433447e-01  2.043136e-01 -1.897230e-02 -2.344323e-01            925            925            929            924            919            922            918            931            925            909
3.059966e+01     7.719357e-02  8.871026e-03  3.040792e-01  1.095349e-01 -5.582274e-01  1.939670e-02 -1.485996e-01  2.347941e-01 -2.702806e-02 -1.722882e-01            925            925            929            924            919            922            918            931            925            909
3.069941e+01     9.183407e-02  7.867284e-02  2.797802e-01  1.283142e-01 -3.936395e-01  3.753484e-02 -1.050934e-01  2.289908e-01 -1.964299e-02 -1.504794e-01            925            925            929            924            919            922            918            931            926            908
3.079981e+01     1.324632e-01  2.344683e-03  2.894337e-01  1.697838e-01 -2.490868e-01  3.418995e-02 -8.293417e-02  1.947846e-01  4.207895e-03 -1.121204e-01            925            925            929            924            919            923            918            931            926            908
3.089957e+01     1.580648e-01 -1.143844e-01  2.866331e-01  2.829241e-01 -8.677867e-02 -3.818558e-02 -5.315711e-02  1.654631e-01  5.882544e-02 -8.136990e-02            925            925            930            924            919            923            918            931            926            907
3.099997e+01     1.609875e-01 -1.497978e-01  2.645909e-01  3.615284e-01 -1.517812e-01 -7.485274e-02 -3.450274e-02  1.387020e-01  8.146761e-02 -6.244295e-02            925            925            930            925            919            923            918            931            928            907
3.109972e+01     1.744161e-01 -1.506651e-01  2.442809e-01  1.648571e-01 -3.888055e-01 -4.203674e-02 -4.087786e-02  8.709746e-02  7.249777e-02 -5.504599e-02            925            925            930            925            919            923            918            932            928            907
3.119948e+01     2.190386e-01 -7.466074e-02  2.972236e-01 -1.635871e-01 -4.278553e-01 -6.810489e-02 -6.006247e-02  6.235479e-02  8.369759e-02 -2.717829e-02            925            925            930            925            919            923            918            932            928            906
3.129988e+01     2.509016e-01 -4.893367e-02  2.912515e-01 -1.872831e-01 -3.654218e-01 -1.154380e-01 -4.207312e-02  5.617261e-02  1.147580e-01 -5.766670e-03            925            925            930            925            919            923            918            932            928            906
3.139964e+01     2.673998e-01 -6.411317e-02  1.860998e-01 -1.076964e-01 -2.603310e-01 -1.087778e-01 -2.753557e-02  6.509254e-02  1.617747e-01 -9.510930e-02            925            925            930            925            919            923            918            932            928            904
3.149939e+01     1.725004e-01 -2.879747e-02  1.387533e-01 -1.353536e-02 -1.595235e-01  1.513863e-02 -2.556971e-02  1.250678e-01  1.903926e-01 -2.533147e-01            925            925            930            925            919            923            918            932            928            903
3.159979e+01    -6.992837e-02 -7.391179e-02  1.100021e-01  9.078388e-02 -1.041151e-01  4.371740e-02 -3.016067e-02  1.628451e-01  2.107088e-01 -3.673044e-01            925            925            931            925            919            923            918            933            928            903
3.169955e+01    -2.252236e-01 -4.756536e-02  1.033052e-01  1.440689e-01 -1.637706e-01 -5.731745e-03 -4.291218e-02  5.706903e-02  3.010075e-01 -3.978739e-01            925            925            931            925            919            923            918            933            928            904
3.179995e+01    -2.257332e-01  4.813500e-02  9.449420e-02  1.525942e-01 -1.702108e-01 -4.816282e-02  1.696277e-02  2.158209e-02  5.445351e-01 -1.478835e-02            925            925            931            925            919            923            918            933            928            904
3.189970e+01    -1.661826e-01  4.252737e-02  7.896057e-02  1.116808e-01 -1.375203e-01 -9.708891e-02  5.834588e-02  1.582949e-02  8.019398e-01  4.021741e-01            925            925            931            925            919            924            918            933            928            904
3.199946e+01    -1.111966e-01  2.572974e-02  5.859722e-02 -1.083844e-01 -1.052540e-01 -8.660452e-02  4.596827e-02 -1.071890e-02  1.129332e+00  4.371825e-01            925            925            931            925            919            924            918            933            929            904
3.209986e+01    -4.705710e-02 -2.355224e-02  9.616928e-02 -2.395429e-01 -1.040961e-01  3.445278e-02 -7.601069e-03 -7.618514e-02  1.849973e+00  4.321746e-01            925            925            931            925            919            924            918            933            929            903
3.219962e+01    -3.195883e-02 -4.103803e-02  1.072126e-01 -2.029109e-01 -1.402540e-01  1.434808e-01 -1.933713e-02 -5.342404e-02  2.010369e+00  3.645373e-01            925            925            931            925            919            924            919            934            929            904
3.229937e+01    -5.496454e-02  6.528567e-02  8.006678e-02 -1.460770e-01 -1.822120e-01  1.247544e-01 -8.166674e-03  1.420524e-01 -1.536846e+00  2.743724e-01            925            925            931            924            919            924            919            934            929            905
3.239977e+01    -8.299453e-02  1.945115e-01  6.986591e-02 -8.839808e-02 -1.390523e-01  8.579187e-02 -7.940440e-02  3.482283e-01 -2.483739e+00  1.961885e-01            925            925            931            924            919            924            920            934            930            904
3.249953e+01    -1.053911e-01  2.178465e-01  1.200779e-01 -8.674506e-02  1.272219e-01  7.665578e-02 -1.371252e-01  2.821406e-01 -1.612480e+00  1.776255e-01            925            925            931            924            919            924            920            934            930            904
3.259993e+01    -1.210078e-01  1.651895e-01  1.310097e-01 -2.010525e-01  3.696912e-01  7.211205e-02 -1.751539e-02  1.269935e-01 -1.000684e+00  1.726591e-01            925            925            931            924            919            924            920            934            930            905
3.269968e+01    -1.236653e-01  3.989833e-02  1.265052e-01 -2.418567e-01  2.002953e-01  6.242686e-02  4.023707e-02  6.849344e-02 -6.655132e-01  1.401799e-01            925            925            930            924            919            924            920            934            930            905
3.279944e+01    -1.174359e-01 -4.471160e-02  1.103499e-01 -2.730443e-01 -1.220034e-01 -3.650623e-02  2.853175e-02  5.209398e-02 -4.404886e-01  9.192315e-02            925            925            930            924            919            924            920            934            931            905
3.289984e+01    -3.303716e-02 -3.394408e-02  6.415606e-02 -2.070234e-01 -2.114317e-01 -8.708124e-02  1.502486e-02  3.728847e-02 -3.002888e-01  6.517861e-02            925            925            930            924            919            924            920            934            931            904
3.299960e+01    -2.591915e-03 -1.588409e-02  3.324835e-02  1.847893e-02 -1.868352e-01 -2.268374e-02 -7.201200e-03  8.172281e-02 -2.468475e-01  7.312116e-02            925            925            930            924            919            924            920            934            931            902
3.310000e+01    -3.247617e-02 -1.270762e-02  4.595110e-03  1.255206e-01 -1.824246e-01 -2.091828e-02 -4.016678e-04  1.833938e-01 -1.972811e-01  8.108087e-02            925            925            930            924            919            923            920            934            931            902
3.319975e+01    -5.506093e-02  2.391864e-02  2.616475e-02  1.202860e-01 -1.827042e-01 -8.247286e-02 -7.181831e-03  2.322984e-01 -1.483207e-01  6.156717e-02            925            925            930            924            919            923            920            934            931            902
3.329951e+01    -2.646331e-02  7.511452e-02  8.545894e-03  9.786485e-02 -5.908525e-02 -1.617357e-01 -1.760563e-02  2.019442e-01 -9.387286e-02  4.575357e-02            925            925            930            924            919            923            920            934            931            902
3.339991e+01     6.526193e-02  7.914644e-02 -9.838520e-03  7.841930e-02  5.077209e-02 -1.249060e-01  2.589300e-02  2.325439e-01 -6.070406e-02  3.847353e-02            925            925            930            924            919            923            920            934            931            903
3.349966e+01     8.204317e-02  7.401027e-02 -8.758040e-03  7.699818e-02  1.023848e-01  2.747070e-02  7.616099e-02  3.410350e-01 -1.554555e-01  1.025406e-02            925            925            929            924            919            923            919            934            931            904
3.359942e+01     1.746452e-02  1.109490e-02  2.590743e-02  1.063790e-01  1.141852e-01  4.510859e-02  1.070342e-01  5.342303e-02 -2.065185e-01 -1.616110e-02            925            925            929            923            919            923            919            934            931            904
3.369982e+01    -4.918675e-02 -6.327465e-02  7.921184e-02  7.940061e-02  1.164126e-01 -1.964887e-02  7.298033e-02 -2.673525e-01 -1.779141e-01 -8.206622e-03            925            925            929            923            919            923            919            934            931            904
3.379958e+01    -2.335637e-02 -4.904824e-02  1.209869e-01  8.837512e-02  1.012925e-01 -1.385638e-01 -5.278119e-02 -1.065649e-01 -1.492571e-01  1.551591e-02            925            925            929            923            919            923            919            933            931            905
3.389998e+01    -3.327272e-04 -2.175198e-02  1.131822e-01  9.995757e-02  9.080404e-02 -2.341523e-01 -9.269180e-02  1.110315e-01 -1.301232e-01  2.147360e-02            925            925            929            923            919            923            919            933            931            905
3.399973e+01     2.657608e-02 -1.281955e-02  9.568674e-02  5.415065e-03  6.651203e-02 -7.590814e-02 -9.906730e-02  4.365049e-02 -1.248647e-01  2.087446e-02            925            925            929            923            919            923            919            933            931            905
3.409949e+01     8.393082e-02 -2.824606e-02  1.034033e-01 -5.151414e-02  3.158999e-02  1.550395e-01 -9.407591e-02 -2.478075e-01 -1.520559e-01 -1.800829e-02            925            925            929            923            919            923            918            933            931            904
3.419989e+01     4.650151e-02 -5.259988e-02  7.281853e-02 -4.580927e-02  9.028269e-03  1.378980e-01 -8.010641e-02 -2.119813e-01 -1.912794e-01 -5.110132e-02            925            925            929            923            919            923            918            932            931            904
3.429964e+01     5.045528e-04 -5.754015e-02 -3.553444e-03 -5.984820e-02 -4.046646e-02  6.695757e-02 -8.355096e-02 -1.167907e-01 -9.498481e-02 -1.997859e-02            925            925            929            923            919            923            918            932            931            904
3.439940e+01    -1.662092e-02 -3.663697e-02 -2.898238e-02 -4.252551e-02 -4.964888e-02  3.864277e-02 -1.319413e-01 -3.476707e-02 -1.971930e-02 -8.306987e-03            925            925            929            923            919            923            918            932            931            904
3.449980e+01    -1.050030e-02 -1.400454e-02 -7.098042e-03  2.295337e-02 -2.820254e-02  6.563136e-02 -1.737977e-01  8.948960e-03 -1.914244e-02 -8.525555e-03            925            925            929            923            919            923            918            932            931            904
3.459956e+01     4.868181e-03 -6.827306e-03  1.931366e-02  2.756314e-02 -1.376926e-02  7.570948e-02 -1.059657e-02 -7.592762e-02 -1.143116e-02 -2.232450e-03            925            925            929            922            919            923            918            932            931            905
3.469996e+01    -2.908743e-03 -3.573621e-02  4.545526e-02 -1.594582e-02  3.298972e-02  4.718547e-02  6.849188e-02 -1.319952e-01 -1.224414e-02  1.281218e-02            925            925            929            922            919            923            918            932            931            905
3.479971e+01    -1.727774e-02 -7.667034e-02  5.596081e-02 -2.032678e-02  7.658978e-02  2.762248e-02  2.012190e-02 -1.114832e-01  5.311940e-03 -2.968933e-02            925            925            929            922            919            923            918            932            931            906
3.489947e+01    -1.392009e-02 -5.632240e-02  8.904494e-02  7.598397e-03  8.094248e-02  6.602870e-02 -2.098713e-02 -8.884068e-02 -4.863562e-03 -2.161916e-01            925            925            929            922            919            923            918            932            931            906
3.499987e+01     1.578207e-02  2.795894e-02  1.572043e-01  1.912203e-02 -2.840536e-02  9.189845e-02  4.138499e-02 -1.160023e-02 -2.846619e-02 -2.601493e-01            925            925            929            922            919            923            918            932            931            905
3.509962e+01     1.512513e-02  3.394598e-02  2.114814e-01  7.945548e-03 -8.834984e-02  9.884032e-02  1.096420e-01  2.074554e-02 -2.288223e-02  1.057866e-01            925            925            929            922            919            923            918            932            931            905
3.519938e+01     3.708263e-02  1.958534e-02  1.834587e-01 -2.101821e-02 -5.172683e-02  2.558141e-02  1.152456e-01  3.130314e-02  4.511418e-02  2.281475e-01            925            925            929            922            919            923            918            932            931            906
3.529978e+01     2.251709e-02  1.210760e-02 -2.919277e-02 -5.302005e-02 -2.359673e-02 -2.799402e-02  6.675032e-02  5.619303e-02  1.604902e-01  1.998954e-01            925            925            929            922            919            923            918            933            932            906
3.539954e+01     7.319715e-03 -2.631513e-02 -1.647277e-01 -3.856464e-02  2.333156e-02 -4.530290e-02  4.501174e-02  5.946478e-02  1.230834e-01  1.444434e-01            925            925            929            922            919            923            918            933            932            905
3.549994e+01     9.403175e-03 -7.391227e-02 -1.289817e-01 -9.359492e-03  7.054876e-02 -4.426069e-02  8.156386e-03  7.796167e-02 -4.189760e-02  6.294606e-02            925            925            929            922            919            923            918            933            932            905
3.559969e+01    -5.964863e-03 -3.142774e-02 -2.905415e-02  5.548252e-03  1.082372e-01 -2.173251e-02 -3.381909e-02  1.387923e-01 -5.650122e-02  9.098825e-02            925            925            929            922            919            923            918            933            932            905
3.569945e+01     7.468215e-04  3.218598e-02  4.111050e-02 -1.281280e-02  2.015851e-01 -8.816288e-03  6.973791e-04  1.764932e-01 -2.218501e-02  1.806422e-01            925            925            929            922            919            923            919            933            932            906
3.579985e+01     1.129859e-02  5.926149e-03  2.415870e-02 -5.889090e-02  2.508249e-01 -5.426942e-03  6.198937e-03 -1.407693e-02 -4.624679e-02  2.866833e-01            925            925            929            922            919            923            919            933            932            907
3.589960e+01     3.509921e-03 -5.602625e-02 -5.035662e-03 -8.252706e-02  6.472551e-02 -7.756379e-03 -2.474597e-02 -3.211119e-01  3.693967e-02  3.137337e-01            925            925            929            922            919            923            919            933            932            907
3.599936e+01    -8.594779e-03 -1.329871e-01  1.314249e-02 -7.839016e-02 -1.550417e-01 -3.884505e-02 -2.440353e-02 -3.120199e-01  1.536554e-01 -2.398106e-01            925            925            929            922            919            923            920            933            932            908
3.609976e+01    -5.110053e-03 -1.756602e-01  2.699051e-02 -7.180595e-02 -1.219331e-01 -7.871348e-02 -2.665383e-02 -2.070240e-01  2.454169e-01 -4.738024e-01            925            925            929            922            919            923            920            933            932            908
3.619952e+01     1.380136e-02 -1.560164e-01  6.430994e-02 -7.570522e-02 -5.788279e-02 -1.049218e-01 -1.641483e-02 -1.088830e-01 -4.413731e-02 -3.323369e-01            925            925            929            922            919            923            920            933            932            908
3.629991e+01     3.453477e-02  1.358363e-02  7.620074e-02 -7.204686e-02 -1.168294e-02 -5.983349e-02  1.700184e-02 -6.571218e-02 -3.525632e-01 -2.071353e-01            925            925            929            922            919            923            920            933            932            907
3.639967e+01     4.047219e-02  1.808256e-01 -3.900401e-02 -6.194842e-02  8.849593e-03 -4.954254e-02 -6.944910e-03 -6.921595e-02 -2.458278e-01 -1.198334e-01            925            925            929            922            919            923            920            933            932            907
3.649943e+01     4.532189e-02  1.996587e-01 -7.321956e-02 -2.347616e-02  4.761098e-02 -9.721925e-02 -2.763086e-02 -1.007033e-01 -1.375064e-01 -4.923757e-02            925            925            929            922            919            923            920            933            932            906
3.659983e+01     5.233825e-02  1.807680e-01 -1.725144e-02 -1.411160e-02  4.788837e-02 -1.295485e-01 -2.273084e-02 -6.771744e-02 -5.460287e-02 -5.573725e-02            925            925            929            922            919            923            920            933            932            905
3.669958e+01     2.447374e-02  1.642317e-01 -7.853828e-03 -1.703883e-02  2.927931e-02 -1.401705e-01  1.907585e-02 -3.176666e-03  1.350462e-02 -1.088618e-01            925            925            929            922            919            923            920            933            931            905
3.679998e+01    -2.727229e-02  1.148346e-01 -5.161604e-02 -2.206510e-03  8.773114e-02  1.112384e-01  4.398878e-02  3.218677e-02  8.669024e-02 -1.209914e-01            925            925            929            922            919            923            920            932            932            905
3.689974e+01    -2.666252e-02  7.108798e-02 -5.580724e-02  3.927120e-02  2.266423e-01  3.510318e-01  5.844615e-02  5.673357e-02  1.023988e-01 -8.950137e-02            925            925            929            922            919            923            920            932            932            905
3.699949e+01    -1.493231e-02  9.097762e-02 -9.373062e-03  8.690200e-03  2.521550e-01  3.768780e-01  6.855879e-02  3.915803e-02  2.867837e-02 -7.369939e-02            925            925            929            922            919            923            920            932            932            905
3.709989e+01    -2.312577e-02  1.117750e-01  3.829937e-03 -3.584678e-02 -8.622876e-02  3.447425e-01 -2.110338e-03  2.243671e-02 -3.555501e-01 -7.449605e-02            925            925            929            922            919            923            920            932            932            905
3.719965e+01    -2.250215e-02  1.204556e-01  3.121670e-02 -4.401619e-02 -3.403351e-01  2.242083e-01 -2.800135e-02  1.936990e-02 -4.340889e-01 -2.840832e-02            925            925            929            922            919            923            920            932            932            906
3.729941e+01     5.062176e-03  5.596909e-02  8.779196e-02 -6.145906e-02 -2.862962e-01  2.792738e-02 -4.777532e-02  5.058116e-02 -3.506654e-01  4.643770e-02            925            925            929            922            919            923            920            932            929            906
3.739981e+01     1.152739e-02 -3.679185e-02  1.306044e-01 -7.624622e-02 -1.944506e-01 -1.606707e-02 -7.859392e-02  4.915411e-02 -3.136905e-01  5.467678e-02            925            925            929            922            919            923            920            932            929            907
3.749956e+01    -2.362103e-02 -1.026650e-02  6.053222e-02 -6.579504e-02 -1.366991e-01  2.942022e-02 -6.138157e-02  3.601178e-02 -2.943274e-01 -6.045125e-02            925            925            929            922            919            923            920            932            930            906
3.759996e+01    -5.944773e-03  2.650066e-02 -9.274120e-02  1.217850e-02 -1.101186e-01  1.149182e-01  9.915347e-02  3.044574e-02 -2.986826e-01 -1.234089e-01            925            925            929            922            919            923            920            932            930            906
3.769972e+01     4.232305e-03  3.641509e-02 -1.797749e-01  7.487657e-02 -1.042485e-01  1.965581e-01  1.034709e-01  3.881940e-02 -3.305759e-01 -1.389121e-01            925            925            929            923            919            923            920            932            930            906
3.779947e+01    -2.589866e-03  2.891960e-02 -2.289732e-01  7.439859e-02 -1.012224e-01  2.677227e-01 -2.383904e-02  6.027381e-02 -3.761710e-01 -6.175987e-02            925            925            929            923            919            924            920            932            930            906
3.789987e+01    -1.680638e-02 -4.542375e-02 -2.136060e-01  2.726500e-02 -4.034470e-02  3.776195e-01 -7.972469e-02  2.773419e-02 -4.619645e-01 -2.304199e-03            925            925            929            923            919            924            921            932            931            905
3.799963e+01     9.309225e-03 -1.655074e-01 -1.646332e-01 -1.343961e-02  1.395051e-02  3.081995e-01 -8.680968e-02 -2.435689e-02 -6.135665e-01  1.594395e-02            925            924            929            923            919            924            921            932            931            905
3.809939e+01     5.371915e-02 -1.861306e-01 -6.230343e-02 -2.200682e-03  2.900084e-02 -1.275737e-01  1.055390e-01 -4.503517e-02 -9.151981e-01  8.458151e-03            925            924            929            923            919            924            921            932            932            906
3.819979e+01     4.511181e-02 -1.117712e-01  1.084989e-01  4.346412e-03  2.437235e-02 -3.833608e-01  3.697296e-01 -5.080382e-02 -1.310526e+00  1.141995e-02            925            924            929            923            919            924            921            932            933            906
3.829954e+01     4.399922e-02 -8.161626e-02  1.574832e-01  3.380893e-02  7.688220e-03 -3.702707e-01  4.373600e-01 -4.881285e-02 -1.099365e+00  3.140723e-03            925            924            929            923            919            924            921            932            933            906
3.839994e+01     5.206347e-02 -7.543623e-02  1.351179e-01  7.588023e-02  8.441990e-05 -2.885404e-01  4.986280e-01 -4.678920e-02  4.578231e-01  1.843059e-02            925            924            929            923            919            924            921            932            933            906
3.849970e+01     4.352004e-02 -5.604520e-02  8.895103e-02  3.470671e-02  1.142541e-03 -2.528459e-01  3.482048e-01 -4.891601e-02  1.268850e+00  4.365617e-02            925            924            929            924            919            924            921            932            933            906
3.859945e+01     4.722668e-02 -5.029926e-02  4.434011e-02  8.908119e-04 -4.748697e-02 -1.792418e-01 -3.005157e-01  7.787470e-03  1.005966e+00 -2.963743e-02            925            924            929            924            919            924            921            932            933            906
3.869985e+01     4.613898e-02 -6.986559e-02  5.141184e-03  1.135754e-02 -9.669676e-02 -1.506862e-01 -4.172624e-01  1.248757e-02  5.093477e-01 -7.878701e-02            925            924            929            924            919            924            921            932            933            906
3.879961e+01     4.631993e-02 -5.806586e-02  2.812758e-03  3.474227e-02 -8.710105e-02 -8.704163e-02 -2.724468e-01 -3.438006e-02  3.056876e-01 -8.073798e-02            925            924            930            924            919            924            921            932            932            906
3.889937e+01     2.852355e-02  1.840697e-02 -1.103342e-02  1.195428e-01 -5.046573e-02  2.013920e-02 -1.820039e-01 -5.765687e-02  2.628217e-01 -6.261476e-03            925            924            930            924            919            924            921            932            932            906
3.899977e+01    -2.630333e-02  9.001710e-02 -2.351879e-02  6.847592e-02  9.818549e-03 -1.503113e-02 -1.396714e-01 -6.353310e-02  2.530580e-01  8.845125e-03            925            924            930            924            919            924            921            932            931            906
3.909952e+01    -4.899835e-02  7.233976e-02 -7.938399e-03 -6.715424e-03  8.700075e-03 -4.105307e-02 -1.017545e-01 -7.244782e-03  2.650129e-01 -2.865877e-02            925            924            930            924            919            924            922            932            931            907
3.919992e+01    -4.001748e-02  2.168367e-02  1.788778e-02  4.978052e-03 -4.821914e-03  2.271699e-03 -7.570471e-02  1.928592e-02  2.433921e-01 -1.281167e-03            925            924            930            924            919            924            923            932            931            907
3.929968e+01    -1.964807e-02 -8.217570e-03 -8.297050e-03  2.495848e-02 -1.365439e-02  1.630252e-02  8.608178e-03  1.395312e-02  1.276743e-01  6.644631e-03            925            924            930            924            919            924            923            932            931            907
3.939943e+01    -7.941584e-03  8.495458e-03  8.889217e-03  5.075189e-02 -1.479942e-02  1.925149e-03  1.621617e-01  1.250819e-02  1.157395e-01 -2.278178e-02            925            924            930            924            920            924            923            931            931            907
3.949983e+01    -1.941817e-03  4.107665e-02  3.278932e-02 -4.306745e-02 -1.149883e-02 -1.735156e-02  1.453811e-01  2.243251e-02  1.102457e-01 -5.273939e-02            925            924            931            924            920            924            923            932            931            906
3.959959e+01     6.813424e-03  4.858426e-02  3.757452e-02 -1.850362e-01  4.275433e-02 -2.534193e-02 -1.158087e-01  2.766373e-02 -1.280469e-01 -5.588099e-02            925            924            931            925            920            924            923            932            931            906
3.969999e+01     6.172640e-03  8.683860e-03  2.786306e-02 -1.826402e-01  9.440434e-02 -2.119626e-02 -1.844328e-01  4.688620e-02 -2.293759e-01 -7.584073e-02            925            924            931            925            920            924            923            932            932            906
3.979975e+01    -1.694127e-02  1.553479e-02  2.973327e-02 -1.550828e-01  8.838772e-02 -2.566884e-02 -1.432901e-01  5.697344e-02 -1.621652e-01 -8.254628e-02            925            924            931            925            920            924            923            933            932            906
3.989950e+01    -4.377291e-04  4.329529e-02  2.835652e-02 -1.412913e-01  9.635803e-02 -2.256689e-02 -1.062292e-01  4.760958e-02 -1.143902e-01 -6.102457e-02            925            924            931            925            920            924            922            933            932            906
3.999990e+01     6.247884e-02  1.316351e-02 -1.907935e-02 -1.423270e-01  1.623323e-01 -3.444130e-02 -1.179703e-01  1.475202e-02 -2.445717e-02 -5.436207e-02            925            924            931            925            920            925            922            933            932            906
4.009966e+01     8.514828e-02 -6.005516e-03 -4.287252e-02 -1.728793e-01  1.790575e-01 -2.567493e-02 -1.304160e-01 -1.017984e-02  6.629782e-02 -6.807435e-02            925            924            931            925            920            925            922            933            932            906
4.019941e+01     7.502113e-02 -5.197095e-04 -1.208515e-02 -2.218153e-01 -3.848905e-02  1.227136e-02 -1.008145e-01 -2.126775e-02  3.318186e-02 -8.594461e-02            925            924            931            925            920            925            922            933            931            906
4.029981e+01     7.598560e-02  1.234132e-02 -1.045692e-02 -2.642293e-01 -1.502924e-01  9.934504e-03 -1.319375e-01 -2.325282e-02 -1.451883e-02 -2.527002e-02            925            924            931            925            920            925            922            933            932            906
4.039957e+01     9.631612e-02 -2.574474e-04 -3.906518e-02 -2.720537e-01 -8.883634e-02 -9.349307e-03 -1.444032e-01 -4.269813e-03 -8.932051e-03 -4.314486e-03            925            924            931            925            920            925            922            933            932            906
4.049997e+01     1.464688e-01 -2.236932e-02 -4.674104e-02 -3.365922e-01 -1.745543e-01  3.594684e-03  7.474887e-02  3.017764e-02  6.656278e-03 -5.972624e-02            925            924            931            925            920            925            922            933            931            906
4.059973e+01     2.196882e-01 -3.199218e-02 -5.275121e-02 -3.776268e-01 -2.175757e-01  3.495179e-02  1.950954e-01  2.759978e-02 -7.892660e-03 -4.862141e-03            925            924            931            925            920            925            922            933            931            907
4.069948e+01     2.929118e-01 -1.071988e-02 -2.656520e-02 -3.237378e-01 -1.563226e-01  7.935284e-03  1.471440e-01  6.743992e-03 -2.764822e-02  3.330013e-01            925            924            931            925            920            925            922            933            932            906
4.079988e+01     2.275198e-01  9.441377e-03 -3.977678e-03 -3.212741e-01 -1.203217e-02 -2.637747e-03  7.620581e-02  1.604391e-02 -2.492707e-02  4.530567e-01            925            924            931            925            920            925            922            933            932            906
4.089964e+01    -1.127360e-01  6.061731e-03 -1.165880e-02 -2.824173e-01  4.115533e-02  1.477103e-02  2.877281e-02  5.918363e-02 -2.096172e-02  4.549299e-01            925            924            931            925            920            925            922            933            932            906
4.099939e+01    -3.428995e-01 -5.358781e-04  2.352008e-02 -9.079434e-02  2.846552e-02  6.290789e-02  1.930025e-02  6.447670e-02 -2.145869e-02  4.713513e-01            925            924            931            925            920            925            922            933            932            906
4.109979e+01    -2.618861e-01 -1.529149e-02  4.195271e-03  1.865996e-01 -1.488761e-03  7.032827e-02  4.510635e-02 -9.479320e-02 -1.382478e-02  3.512483e-01            925            924            931            925            920            925            922            934            932            906
4.119955e+01    -1.656736e-01 -2.596742e-02  4.334402e-02  3.565735e-01 -2.038522e-02  6.300724e-02  6.728120e-02 -1.254410e-01 -1.176475e-03  1.642357e-01            925            924            931            925            920            925            922            934            932            907
4.129995e+01    -1.174317e-01  2.190244e-02  1.261041e-01  4.245649e-01 -1.008447e-02  4.021163e-02  4.325855e-02 -9.305144e-02  9.740256e-03  1.398741e-01            925            924            931            925            920            925            922            934            932            907
4.139971e+01    -9.174019e-02  3.394152e-02  1.109181e-01  4.078451e-01 -1.557683e-02  3.104502e-03  1.193400e-02 -9.302038e-02  2.133775e-02  1.884641e-01            925            924            930            925            920            925            922            934            932            907
4.149946e+01    -1.332485e-01  2.144142e-02  4.837497e-02  3.488172e-01 -3.359513e-02 -3.566800e-02  1.077675e-02 -1.253890e-01  3.203195e-02  2.109081e-01            925            924            930            924            920            925            922            934            932            908
4.159986e+01    -1.481368e-01 -5.724748e-03  3.741442e-03  2.987585e-01 -3.213963e-02 -7.359504e-02 -1.740403e-02 -1.021203e-01  5.459743e-02  2.170454e-01            925            924            930            924            920            925            922            934            932            908
4.169962e+01    -5.774403e-02 -4.879631e-02  4.188767e-04  2.622612e-01  4.960968e-02  1.084817e-01  9.116334e-03  5.249279e-02  1.057889e-01  2.143656e-01            925            924            930            924            920            925            922            934            932            908
4.179937e+01     5.668432e-02 -1.187898e-01  7.951912e-03  2.293209e-01  8.309217e-02  3.317409e-01  1.142528e-01  9.744678e-02  1.372804e-01  1.960533e-01            925            924            930            924            920            924            922            934            932            908
4.189977e+01     1.033752e-01 -1.567973e-01 -1.640181e-02  1.517741e-01  9.477090e-02  4.436567e-01  2.175045e-01  9.558394e-02  1.392872e-01  1.604870e-01            925            924            930            924            919            924            922            934            932            908
4.199953e+01     9.061771e-02 -8.714091e-02 -4.930635e-02  1.019731e-01  9.471776e-02  3.763136e-01  2.899692e-01  6.240169e-02  1.211199e-02  1.786273e-01            925            924            930            924            919            924            922            934            932            908
4.209993e+01     4.221943e-02  4.569184e-02 -7.952754e-02  1.187030e-01  8.920099e-02 -7.953604e-02  3.564449e-01  1.036450e-02 -8.258829e-02  2.155721e-01            925            924            930            924            919            924            922            934            932            908
4.219968e+01     3.648272e-02  1.096611e-01 -5.442955e-02  1.205052e-01 -1.231953e-02 -3.445343e-01  2.120233e-01 -9.277822e-03 -7.168109e-02  3.295353e-01            925            924            929            924            919            924            922            934            932            907
4.229944e+01     5.507807e-02  1.431156e-01  2.359708e-02  1.017436e-01 -1.428603e-01 -2.954738e-01 -3.170331e-01 -6.982338e-03 -9.973474e-02  3.657750e-01            925            924            929            924            919            924            922            934            932            906
4.239984e+01     7.074282e-02  1.215626e-01  2.615010e-02  8.526617e-02 -1.265615e-01 -2.121773e-01 -3.697475e-01  2.639352e-02 -1.473349e-01 -2.466690e-03            925            924            929            924            919            924            922            934            932            906
4.249960e+01     6.636886e-02  9.852075e-02  2.123397e-02  4.883394e-02 -8.379419e-02 -1.739989e-01 -2.585323e-01  6.374552e-02 -1.423373e-01 -1.669806e-01            925            924            929            924            919            924            922            934            931            906
4.260000e+01     5.138936e-02  8.908064e-02  1.259616e-02  2.448827e-02 -8.007142e-02 -1.658523e-01 -1.964139e-01  6.421698e-02 -1.286691e-01 -9.566449e-02            925            924            929            924            919            924            922            934            931            907
4.269975e+01     9.198876e-02  7.206436e-02 -1.792330e-02  2.925174e-02 -4.988327e-02 -4.815809e-02 -2.286443e-01  9.026013e-02 -1.385150e-01 -1.037187e-01            925            924            929            923            919            924            922            934            931            907
4.279951e+01     1.949523e-01  4.879487e-02 -3.527461e-02  6.803790e-02 -3.064592e-02  1.948716e-01 -3.300823e-01  8.826254e-02 -1.210164e-01 -1.070839e-01            925            924            929            923            919            924            922            934            931            907
4.289991e+01     2.192121e-01  5.019330e-02 -8.357933e-02  6.147813e-02 -4.363244e-02  2.418354e-01 -3.906309e-01 -1.037924e-02 -1.008344e-01 -7.769948e-02            925            924            929            923            919            924            922            934            931            908
4.299966e+01     4.165186e-02  6.623772e-02 -5.276271e-02  6.444189e-02  3.862657e-02  1.010703e-01 -5.002141e-01 -1.122803e-01 -1.402507e-01 -7.087049e-03            925            924            929            923            919            924            922            934            931            909
4.309942e+01    -1.028443e-01  7.083682e-02  5.191649e-02  3.213980e-02  7.183477e-02 -1.850633e-01 -6.100523e-01 -1.305670e-01 -1.813901e-01  1.061618e-01            925            924            929            923            919            924            922            934            931            909
4.319982e+01    -3.056023e-02  5.134235e-02  3.807838e-02 -9.014549e-02  5.162032e-02 -2.268386e-01 -5.067081e-01 -8.173882e-02 -2.249366e-02  1.140812e-01            925            924            929            923            919            924            922            934            930            909
4.329958e+01     2.002372e-02  3.475017e-02 -1.288447e-03 -1.118299e-01  2.427144e-02 -1.723500e-01 -2.252654e-01 -1.731746e-02  1.433743e-01  9.365693e-02            925            924            929            923            919            924            922            934            930            908
4.339998e+01    -7.929710e-02  1.885876e-02 -1.093488e-02 -1.237731e-01 -2.108643e-02 -1.003639e-01  2.964659e-01 -4.752423e-02  1.541642e-01  9.493833e-02            925            924            929            923            919            924            922            934            930            908
4.349973e+01    -2.200602e-01  5.424426e-04 -2.107906e-03 -8.902737e-02 -3.385180e-02 -8.484730e-02  5.976107e-01 -8.468778e-02  1.485032e-01  9.237414e-02            925            924            929            923            919            924            922            934            930            908
4.359949e+01    -2.408141e-01 -1.028915e-02  2.496688e-02 -3.285591e-02 -2.585494e-02 -1.090111e-01  5.622431e-01 -6.793745e-03  1.315132e-01  1.056047e-01            925            924            929            923            919            924            922            934            929            908
4.369989e+01    -1.509341e-01 -1.331760e-02  9.574382e-02 -4.734421e-02 -1.501775e-02 -1.084872e-01  2.733231e-01  4.440109e-02  9.886228e-02  8.176084e-02            925            924            929            923            919            924            922            934            929            908
4.379964e+01    -6.890212e-02 -1.283205e-02  9.102627e-02 -7.125201e-02 -1.310453e-02 -1.743580e-02  1.147196e-01 -8.883142e-03 -1.638665e-02  5.095780e-03            925            924            929            923            919            924            922            934            929            908
4.389940e+01    -6.239500e-02 -1.802010e-04  4.781848e-02 -9.355712e-02 -1.817170e-02  3.092152e-03  1.338351e-01 -5.084927e-02 -3.823061e-02  2.092297e-03            925            924            929            923            919            924            922            934            929            908
4.399980e+01    -6.003623e-02  1.195288e-02 -2.167207e-03 -5.487657e-02 -1.364222e-02 -9.650827e-03  1.657333e-01 -3.503026e-02 -6.041122e-03 -3.839595e-03            925            924            929            923            919            924            922            934            929            908
4.409956e+01    -4.817813e-02  3.720081e-02  9.194992e-03  8.762172e-02 -1.455126e-02  7.194792e-03  1.372834e-01 -5.112662e-02  1.710989e-02 -1.114982e-02            925            924            929            923            919            924            922            934            929            909
4.419996e+01    -9.832447e-04  6.590629e-02  4.221724e-03  2.352947e-01 -2.736416e-02  1.298070e-02  9.818338e-02  1.362863e-02  3.103874e-02  1.285481e-02            925            924            929            923            919            924            922            934            928            909
4.429971e+01     2.657408e-02  8.594274e-02 -1.815274e-02  2.367878e-01 -6.204042e-03  1.838611e-02  3.981440e-02  1.308334e-01 -7.350525e-03  1.864561e-02            925            924            929            923            919            924            922            934            929            909
4.439947e+01     1.502563e-02  1.444707e-01 -1.025367e-03  1.212620e-01  3.360578e-02  2.113582e-02  6.809353e-02  1.486666e-01 -4.171999e-02 -2.305389e-02            925            924            929            923            919            924            922            934            929            909
4.449987e+01    -1.898468e-02  1.922203e-01  2.596652e-02 -6.434778e-02  6.540932e-02  1.929245e-02  9.521035e-02  1.217006e-01 -5.518760e-02 -4.329545e-02            925            924            929            923            919            924            922            934            929            908
4.459962e+01    -3.356355e-02  2.400589e-01  4.185604e-02 -1.068638e-01  9.670491e-02  5.231698e-03  1.606743e-02  1.105231e-01 -4.133858e-02 -1.211880e-03            925            924            929            923            919            924            922            934            929            908
4.469938e+01    -5.137553e-02  3.947501e-01  3.325838e-02 -9.513074e-02  1.044556e-01 -8.207708e-03 -1.683573e-02  1.083421e-01  6.218070e-02  4.225506e-02            925            924            929            923            919            924            922            935            929            908
4.479978e+01    -6.406576e-02  4.828734e-01 -1.222978e-02 -2.717634e-02  3.986077e-02 -5.520031e-03  9.525860e-03  1.162563e-01  9.807620e-02  1.193409e-01            925            924            929            923            919            924            922            935            929            908
4.489954e+01    -6.289097e-02  3.186948e-01 -4.754763e-02  4.194258e-02  4.503404e-03  2.883308e-02  1.982177e-02  1.311882e-01  2.928224e-02  1.225060e-01            925            924            929            923            919            924            922            935            929            909
4.499994e+01    -3.041904e-02  1.303994e-02 -2.599978e-02  4.845335e-02  1.080379e-02  5.205593e-02  4.313247e-02  1.751760e-01  1.146432e-02  8.797543e-02            925            924            929            923            919            924            922            935            929            910
4.509969e+01    -3.295660e-02 -2.689689e-01 -1.510405e-02  5.362536e-02 -2.854406e-02  1.701247e-02  7.105180e-02  1.701143e-01 -8.300312e-03  8.511730e-02            925            924            929            923            919            924            922            935            929            910
4.519945e+01    -1.931458e-02 -3.873130e-01  5.846305e-03  4.593266e-02 -5.210931e-02 -1.231062e-01  7.085808e-02  1.698134e-01 -1.584123e-02  9.242322e-02            925            924            929            923            919            925            922            935            929            910
4.529985e+01    -4.105945e-02 -3.175287e-01  1.497182e-02  2.320608e-02 -2.359426e-02 -1.764102e-01  2.314513e-02  2.245376e-01  1.634546e-02  7.542553e-02            925            924            929            923            919            925            922            935            929            910
4.539960e+01    -1.529067e-02 -2.368974e-01 -2.190377e-03 -1.302795e-02 -4.787070e-03 -1.084318e-01 -3.549368e-02  3.254145e-01  2.681606e-02  6.923211e-02            925            924            929            924            919            925            922            935            928            910
4.549936e+01     1.689408e-02 -1.505473e-01 -1.507355e-02 -3.747281e-02 -5.697032e-03 -8.989544e-02 -1.621239e-01  4.542815e-01  1.408015e-02  8.314446e-03            925            924            929            924            919            925            922            936            928            910
4.559976e+01     1.850263e-03 -5.679161e-02  1.250793e-02 -1.468483e-02 -3.393434e-02 -9.802256e-02 -1.672521e-01  5.247215e-01 -2.827582e-02 -1.860702e-03            925            924            929            924            919            925            922            936            928            910
4.569952e+01     3.891259e-03 -2.512833e-02  2.504694e-02  8.171589e-02 -4.316650e-02 -9.929941e-02 -2.429001e-02  4.691395e-01 -4.426819e-02  3.842881e-02            925            924            929            924            919            925            922            936            928            910
4.579992e+01     7.005829e-02  5.987227e-03  1.242587e-02  1.645670e-01 -5.910302e-02 -1.415948e-01 -6.961650e-03  8.160927e-01 -1.618960e-03  9.174941e-02            925            924            929            924            920            925            922            936            928            912
4.589967e+01     7.906434e-02  5.504667e-02  1.337426e-02  8.673346e-02 -4.656935e-02 -1.746940e-01 -9.087627e-03  1.373159e+00  5.126595e-02  7.313337e-02            925            924            930            924            920            925            922            936            928            912
4.599943e+01     7.146444e-02  1.216612e-01  5.487960e-02  2.732637e-02 -2.123464e-02 -1.949353e-01 -1.950483e-02  7.774729e-01  5.960885e-02 -1.178517e-02            925            924            930            924            920            925            922            936            928            912
4.609983e+01     5.777690e-02  2.182781e-01  7.463365e-02  1.598738e-02 -3.171456e-04 -1.415074e-01  6.047548e-03 -1.271292e+00  6.626738e-02 -3.367357e-02            925            924            930            924            920            925            922            936            928            914
4.619958e+01     4.935783e-02  3.127265e-01  8.441678e-02  2.590235e-03  2.919827e-02 -1.690781e-01  1.813846e-02 -1.330194e+00  8.114333e-02  4.697895e-03            925            924            930            924            920            925            922            936            930            915
4.629998e+01     2.627989e-02  1.370050e-01  9.270320e-02 -4.249278e-02  5.418308e-02 -2.206953e-01 -1.163221e-02 -9.472023e-01  5.691201e-02  5.399763e-02            925            924            930            925            920            925            922            936            930            915
4.639974e+01     1.401799e-03 -1.330964e-01  9.147000e-02 -6.716029e-02  3.403811e-02 -1.851731e-01 -8.345453e-02 -6.218972e-01  3.194511e-02  4.013621e-02            925            924            930            925            920            925            922            936            930            915
4.649950e+01    -5.095488e-04 -1.762223e-01  7.380042e-02 -4.788421e-02  3.214547e-02 -2.815506e-01 -1.025086e-01 -3.947484e-01  5.518516e-02  4.773999e-02            925            924            930            925            920            925            922            936            930            915
4.659990e+01    -9.100090e-03 -1.749174e-01  9.738556e-02 -2.712544e-03  1.744125e-02 -5.044969e-01 -5.922175e-02 -2.066519e-01  1.966481e-02  5.480121e-02            925            924            931            925            920            925            922            936            931            914
4.669965e+01    -2.616799e-02 -2.567743e-01  1.287790e-01  1.001618e-02  2.997394e-02 -6.371702e-01 -4.565405e-02 -1.026449e-01 -2.765672e-03  7.102461e-02            925            924            931            925            920            925            922            936            931            915
4.679941e+01    -1.826313e-02 -2.570551e-01  1.004741e-01  3.815615e-02  1.618769e-02 -6.180493e-01 -5.641806e-02 -2.094139e-01 -5.741190e-04  6.124906e-02            925            924            931            925            920            925            922            936            930            915
4.689981e+01    -6.464253e-03 -1.627559e-01 -5.631200e-02  1.565669e-02 -3.368747e-02 -1.822086e-01 -7.901284e-02 -1.728580e-01 -1.408323e-02 -2.961969e-02            925            924            931            925            920            925            922            936            930            915
4.699956e+01    -6.741436e-03 -1.002566e-01 -1.421697e-01 -4.388875e-02 -4.418338e-02  4.451253e-01 -1.538957e-01 -1.493495e-01  5.218140e-03 -6.509514e-02            925            924            931            925            920            925            922            936            930            914
4.709996e+01    -1.235557e-02 -6.117093e-02 -9.929008e-02 -4.960849e-02 -4.079498e-02  7.298773e-01 -2.206027e-01 -1.858677e-01  2.586155e-02 -6.985354e-02            925            924            931            925            920            925            922            936            930            915
4.719972e+01    -1.081670e-02 -3.304968e-02 -8.563018e-02 -4.119446e-02 -4.079849e-02  6.786423e-01 -1.878958e-01 -1.883118e-01  2.472373e-02 -5.953979e-02            925            924            931            925            921            925            922            936            930            914
4.729948e+01    -7.667773e-03 -1.081226e-02 -8.134601e-02 -1.643961e-02 -5.890133e-02  5.163525e-01  4.907042e-02 -2.008594e-01 -4.624522e-04 -7.625986e-02            925            924            931            925            921            925            922            936            931            913
4.739988e+01    -7.381755e-03 -4.896935e-02 -3.811819e-02  2.185465e-03 -6.548633e-02  4.180293e-01  2.402549e-01 -1.807227e-01 -5.263941e-02 -1.328180e-01            925            924            931            925            921            925            922            936            931            912
4.749963e+01    -1.944065e-02 -7.459810e-02  3.487402e-05  2.866150e-02 -4.783667e-02  4.222286e-01  2.049803e-01 -1.631827e-01  2.922092e-02 -1.911795e-01            925            924            931            925            921            925            922            936            931            913
4.759939e+01    -9.293470e-03 -3.650788e-02 -6.149131e-04  8.340771e-02 -4.126582e-02  3.798217e-01  1.665442e-01 -1.019345e-01  1.734309e-01 -1.367031e-01            925            924            931            925            921            925            922            937            931            913
4.769979e+01     6.523882e-02 -5.250856e-02  1.535675e-02  9.200799e-02 -3.590735e-02  9.101920e-02  1.120634e-01 -4.040715e-02  1.786564e-01  1.122552e-01            925            924            931            925            921            925            922            937            931            913
4.779954e+01     1.091541e-01 -1.154582e-01 -9.282280e-03  5.909988e-02 -2.801053e-02 -6.381199e-02  7.667367e-02  9.190978e-02  1.698457e-01  2.173721e-01            925            924            931            925            921            925            922            937            931            913
4.789994e+01     4.389583e-02 -1.404404e-01  1.297427e-04  7.123314e-02  3.385572e-03 -4.729295e-02  2.849440e-02  5.588291e-02  2.466141e-01  1.883795e-01            925            924            931            925            921            925            922            937            930            913
4.799970e+01    -6.711157e-02 -1.436246e-01  3.159977e-02  9.005596e-02  1.560436e-02  7.194882e-03 -1.221322e-03 -7.960563e-02  2.710512e-01  2.029043e-01            925            924            931            925            921            925            922            937            930            913
4.809946e+01    -6.930695e-02 -1.377346e-01  1.814576e-02  1.173213e-01  2.223117e-02  4.949966e-02  1.377334e-02 -7.963219e-02  2.611433e-01  2.839918e-01            925            924            931            925            921            925            922            937            930            913
4.819985e+01    -4.013792e-03 -1.675925e-01  1.093587e-02  1.467558e-01 -7.709052e-03  6.295834e-02  2.587038e-02 -5.103715e-02  2.028820e-01  3.715697e-01            925            924            931            925            921            925            922            937            930            913
4.829961e+01     5.018953e-02 -8.592392e-02  5.067418e-02  4.242373e-02 -1.020965e-01  9.017717e-02  2.213433e-02 -2.857913e-02  1.942937e-01  5.462160e-01            925            924            931            925            921            925            922            937            930            913
4.839937e+01     9.096929e-03  1.371366e-01  8.673497e-02 -1.672733e-01 -1.262243e-01  6.923232e-02 -6.067659e-03 -1.562587e-02  2.118446e-01  9.193130e-01            925            924            931            925            921            925            922            937            929            913
4.849977e+01    -3.274431e-02  1.532116e-01  3.031790e-02 -1.902128e-01 -9.310986e-02  5.824680e-02 -8.840056e-03 -1.273195e-04  2.213018e-01  9.977239e-01            925            924            931            925            921            925            922            937            929            912
4.859952e+01    -3.484615e-02  9.938379e-02 -2.606271e-02 -8.741607e-02 -5.982064e-02  9.068185e-02  1.846988e-02 -5.255222e-03  2.157816e-01 -1.003462e+00            925            924            931            925            921            925            922            937            929            911
4.869992e+01     1.154332e-02  8.332194e-02 -3.153550e-02 -3.083108e-02 -9.217420e-02  1.162765e-01  2.371735e-02 -2.762243e-02  1.971417e-01 -1.419343e+00            925            924            931            925            921            925            922            937            929            912
4.879968e+01     5.293459e-02  6.503125e-02 -3.472777e-02  6.570521e-03 -1.395066e-01  6.246390e-02  3.347358e-02 -7.695688e-02  1.538595e-01 -8.799953e-01            925            924            931            925            921            925            922            937            929            912
4.889943e+01     6.027041e-02  5.177626e-02 -2.194141e-02 -3.652727e-03 -3.202152e-01 -2.413428e-03 -4.163075e-04 -4.644876e-02  1.146443e-01 -5.713367e-01            925            924            931            925            921            925            922            937            930            912
4.899983e+01     2.003842e-02  6.890422e-02 -1.165511e-02 -5.419075e-02 -4.056965e-01 -9.972145e-03 -2.521558e-02 -2.448120e-03  1.100039e-01 -4.930911e-01            925            924            931            925            920            925            922            937            930            912
4.909959e+01    -1.257944e-02  1.025205e-01  3.687046e-03 -6.357221e-02 -1.293558e-01 -2.904147e-03 -7.547263e-03  3.637079e-02  1.016294e-01 -5.046212e-01            925            924            931            925            920            925            922            937            931            912
4.919999e+01    -2.266418e-02  1.304692e-01  5.763673e-03  5.828484e-03 -1.128532e-01  6.927239e-03  3.598571e-03  4.323421e-02  8.832966e-02 -4.988529e-01            925            924            931            925            920            925            922            937            931            912
4.929975e+01    -1.958248e-02  4.831712e-02 -2.250437e-02  4.601052e-02 -2.547183e-01  1.207458e-02  2.070346e-02  6.866888e-02  8.452505e-02 -4.281164e-01            925            924            931            925            920            925            922            937            931            912
4.939950e+01    -4.179352e-02 -9.376345e-02 -4.255523e-02 -3.531729e-03 -2.243199e-01  3.403491e-02  5.608838e-02  1.103926e-01  1.530581e-01 -2.320392e-01            925            924            930            925            920            925            922            937            931            911
4.949990e+01    -5.359396e-02 -9.627931e-02 -3.446993e-02 -4.974400e-02  3.874519e-02  7.326660e-02  5.275208e-02 -1.177277e-02  1.591478e-01 -1.628007e-01            925            924            930            925            920            925            922            937            931            910
4.959966e+01    -4.510880e-02 -7.142307e-02 -2.361692e-02 -6.709709e-02  1.883378e-01  9.509928e-02 -1.908715e-02 -1.196132e-01  1.413521e-01 -1.160154e-01            925            924            930            925            920            925            922            937            931            912
4.969941e+01    -5.205688e-02 -3.683808e-02 -2.589714e-03 -6.443794e-02  1.727079e-01  1.011903e-01 -6.307471e-02 -7.749107e-02  1.125044e-01 -1.223136e-01            925            924            930            925            920            925            922            937            931            912
4.979981e+01    -5.632566e-02 -8.849678e-03 -2.409506e-03 -1.546255e-02  2.690736e-01  1.146576e-01 -6.477566e-02 -3.634453e-02  8.868993e-02 -1.485445e-01            925            924            930            925            920            925            922            937            931            912
4.989957e+01    -2.735389e-02 -2.503821e-02  3.396186e-03  1.003705e-01  2.550696e-01  8.812361e-02 -4.904327e-02 -9.521585e-03  7.427744e-02 -1.708393e-01            925            924            930            924            920            925            922            937            931            912
4.999997e+01     2.135994e-02 -6.585626e-02  5.263955e-02  1.146927e-01  2.231129e-01  9.406319e-02 -1.493977e-02 -3.726128e-02  7.715322e-02 -1.751767e-01            925            924            930            924            920            925            922            937            931            912
5.009973e+01     3.987195e-02 -1.034803e-01  7.527874e-02  8.522906e-02  2.438681e-01  1.956633e-01 -3.130264e-02 -1.500912e-01  9.301263e-02 -1.515209e-01            925            924            930            924            920            925            922            937            931            912
5.019948e+01     7.063857e-02 -1.029096e-01  6.788494e-02  6.959897e-02  2.284884e-01  3.905394e-01 -6.982293e-02 -1.658817e-01  9.835120e-02 -1.252822e-01            925            924            930            924            920            925            922            937            931            912
5.029988e+01     7.328339e-02 -7.805144e-02  8.090881e-02  2.484964e-02  2.018017e-01  6.785637e-01  4.489343e-02 -7.356321e-02  6.156839e-02 -1.768211e-01            925            924            929            924            920            925            922            937            930            913
5.039964e+01     3.984967e-02 -5.580751e-02  4.928594e-02  5.344421e-03  1.334942e-01  6.020917e-01  1.538165e-01 -5.199005e-02  3.366836e-02 -2.926188e-01            925            924            929            924            920            925            922            937            929            915
5.049939e+01    -6.250861e-04  6.892383e-02  2.207786e-02  1.796974e-02 -2.431170e-02 -2.155237e-01  1.369969e-01 -7.799200e-02  3.613998e-02 -3.902185e-01            925            924            929            924            920            925            922            937            929            915
5.059979e+01    -1.407087e-02  1.315123e-01  8.451974e-02  1.458412e-02 -1.158433e-01 -5.914641e-01  1.062421e-01 -9.875693e-02  2.061850e-02 -3.693846e-01            925            924            929            924            920            925            922            937            929            915
5.069955e+01     7.954113e-04  9.615481e-02  1.398552e-01  1.538540e-02 -7.588564e-02 -4.746337e-01  1.117774e-01 -7.001894e-02  4.177181e-02 -3.724731e-01            925            924            929            924            920            925            922            937            929            914
5.079995e+01    -4.342316e-03  6.789208e-02  1.052992e-01  3.409620e-02 -2.860831e-02 -2.990718e-01  1.297104e-01 -7.698173e-02  1.828682e-01 -6.149882e-01            925            924            929            924            920            925            922            937            929            914
5.089971e+01    -1.421503e-02  6.220886e-02  4.878093e-02  1.187092e-01 -3.129286e-03 -1.961736e-01  1.645801e-01 -8.492763e-02  1.527187e-01 -8.449765e-01            925            924            929            924            920            925            922            937            929            914
5.099946e+01    -4.095329e-02  3.948417e-02 -1.613349e-02  1.513397e-01 -1.353754e-02 -1.508961e-01  2.168849e-01 -2.170950e-02  1.796954e-02 -7.865494e-01            925            924            929            924            920            925            922            937            929            914
5.109986e+01    -5.389236e-02  1.275305e-02 -2.409497e-02  1.815281e-01 -7.558593e-03 -1.269117e-01  2.048042e-01  4.599344e-03 -4.714488e-02  7.292678e-02            925            924            929            924            920            925            922            937            929            914
5.119962e+01    -6.071231e-02  1.840307e-02 -1.067539e-02  2.004568e-01 -7.154032e-03 -1.161258e-01  2.707918e-01 -4.260412e-03 -4.592135e-02  6.125545e-01            925            924            929            924            920            925            922            937            929            914
5.129937e+01    -6.271848e-02  2.312937e-02  2.079290e-02  2.460395e-01 -5.788280e-02 -9.449561e-02  5.141831e-01 -2.523844e-02  5.809535e-02  5.096509e-01            925            924            929            924            920            925            922            937            929            913
5.139977e+01    -5.604098e-02  3.249967e-02  5.978946e-02  2.369981e-01 -1.128025e-01 -7.293335e-02  6.209367e-01 -7.052392e-02  1.097308e-01  3.439640e-01            925            924            929            924            920            925            922            937            929            913
5.149953e+01    -4.755278e-02  4.987955e-02  5.495066e-02  2.945068e-01 -1.098043e-01 -5.505812e-02  1.911161e-02 -2.498996e-02  1.560577e-02  2.311261e-01            925            924            929            924            920            925            922            937            929            912
5.159993e+01    -3.431933e-02  4.511825e-02 -9.157247e-04  3.871759e-01 -1.275332e-01 -2.439531e-02 -1.518589e-01  2.117061e-01 -3.826072e-02  1.366557e-01            925            924            929            924            920            925            922            937            929            912
5.169969e+01    -1.661250e-02  4.514907e-02 -1.648469e-02  3.829452e-01 -1.598778e-01 -9.745411e-03  1.647404e-01  2.115502e-01 -3.498493e-02  9.109151e-02            925            924            929            924            920            925            922            937            930            913
5.179944e+01    -2.586950e-02  3.119122e-02  2.280353e-02  8.817245e-02 -1.770718e-01  5.685424e-03  5.029992e-01  1.668783e-01 -2.661939e-02  1.139718e-01            925            924            929            924            920            925            922            937            929            914
5.189984e+01    -3.205209e-02 -3.010070e-02  5.507628e-03 -3.084658e-01 -2.361477e-01  1.663763e-02  8.323468e-01  2.213171e-01  6.889169e-03  1.209723e-01            925            924            929            924            920            925            922            937            929            914
5.199960e+01    -3.911698e-02 -5.864421e-02 -3.611437e-02 -4.026952e-01 -3.004475e-01 -2.266812e-03  4.727615e-01  3.034353e-01  6.001766e-04  1.306115e-01            925            924            930            924            920            925            922            937            929            913
5.210000e+01    -9.447804e-02 -2.341521e-02 -4.083872e-02 -3.211509e-01 -3.778106e-01 -2.711940e-03 -7.885605e-01  2.536546e-02 -1.415861e-01  1.110251e-01            925            924            930            924            920            925            922            937            929            913
5.219975e+01    -9.443764e-02 -1.310881e-02 -2.531673e-02 -2.509316e-01 -4.927874e-01  4.962291e-03 -1.033945e+00 -5.649480e-01 -2.420384e-01 -3.878534e-03            925            924            930            924            920            925            922            938            929            913
5.229951e+01     2.578479e-02 -4.441128e-02 -2.668783e-02 -2.288269e-01 -5.216960e-01  2.583066e-03 -7.361393e-01 -5.277638e-01 -1.787727e-01 -2.124337e-02            925            924            930            924            920            925            922            938            929            913
5.239991e+01     5.270559e-02 -9.462850e-03 -2.132301e-02 -2.111863e-01 -2.648912e-01 -2.582073e-02 -5.067968e-01 -3.616423e-01  1.559353e-01  2.520452e-03            925            924            930            925            920            925            922            938            929            913
5.249967e+01     2.567362e-02  1.203195e-01 -2.237562e-02 -1.519759e-01 -1.972443e-02 -2.799159e-02 -3.537945e-01 -2.968146e-01  3.501271e-01  1.828563e-02            925            924            930            925            920            925            922            938            929            914
5.259942e+01     6.172604e-02  1.794324e-01 -4.759896e-03 -9.390459e-02 -8.512560e-02 -2.468943e-02 -2.634428e-01 -3.175961e-01  2.162009e-01  5.201501e-02            925            924            930            925            920            925            922            938            929            914
5.269982e+01     9.072037e-02  1.937410e-01  7.024921e-02 -3.334000e-02 -1.039072e-01 -1.079655e-01 -1.958095e-01 -5.003183e-01 -1.037317e-01  7.726832e-02            925            924            930            925            920            925            922            939            929            914
5.279958e+01     8.288153e-02  1.593973e-01  1.066314e-01 -4.471559e-02  2.138888e-01 -1.090447e-01 -1.415524e-01 -7.462938e-01 -4.083178e-02  6.045215e-03            925            924            930            925            921            925            922            939            929            912
5.289998e+01     7.013674e-02  1.219634e-02  1.230517e-01 -9.077877e-02  5.940180e-01 -1.199288e-02 -1.290081e-01 -9.900184e-01  8.083350e-02 -7.915403e-02            925            924            930            925            921            925            922            939            929            912
5.299973e+01     3.519071e-02 -4.244094e-02  1.552819e-01 -7.008275e-02  6.260226e-01  7.761883e-02 -1.383079e-01 -6.934607e-01  1.000702e-01 -8.170613e-02            925            924            930            925            921            925            922            939            929            912
5.309949e+01     2.196695e-02  3.288883e-03  1.738568e-01 -1.984596e-02  5.363215e-01  7.546593e-02 -1.534243e-01  2.594015e-01  9.519259e-02 -5.979894e-02            925            924            931            925            921            925            922            939            929            912
5.319989e+01     3.050532e-02  2.467207e-02  1.840254e-01 -1.657313e-03  4.776652e-01  6.423474e-02 -1.572442e-01  5.536872e-01  8.832893e-02 -3.057003e-02            925            924            931            925            921            925            922            939            929            913
5.329965e+01     2.770207e-03  6.532578e-02  1.859834e-01  1.641930e-03  3.949235e-01  5.767161e-02  2.259189e-02  3.219429e-01  6.646156e-02 -3.610020e-02            925            924            931            925            921            925            922            939            929            912
5.339940e+01    -2.326579e-02  1.538600e-01  2.032932e-01  3.487665e-03  1.735926e-01  4.726797e-02  9.208903e-02  2.288831e-01  4.579310e-02 -2.443332e-02            925            924            931            925            921            925            922            939            929            912
5.349980e+01    -1.225931e-02  2.107623e-01  2.536351e-01 -1.678512e-02 -9.902816e-02  5.629329e-02  5.780486e-03  4.549767e-01  2.077470e-02  2.411168e-03            925            924            931            925            921            925            923            939            929            912
5.359956e+01     1.270537e-03  2.314236e-01  3.285321e-01 -3.211925e-02 -1.505467e-01  1.220117e-01 -2.780107e-02  4.323819e-01 -7.281387e-02  1.651474e-02            925            924            931            925            921            925            923            939            928            912
5.369996e+01     3.525248e-02  2.158953e-01  3.957972e-01 -1.717426e-02 -1.726246e-01  2.102510e-01 -1.633601e-02  2.944464e-01 -9.042358e-02 -9.463709e-03            925            924            931            925            921            925            923            939            928            912
5.379971e+01     4.429807e-02  4.458664e-03  4.223935e-01  1.652464e-02 -2.302594e-01  2.335556e-01 -2.475356e-02  2.044011e-01 -4.108206e-02 -7.162027e-02            925            924            931            925            921            925            923            939            928            912
5.389947e+01    -4.173641e-05 -2.297584e-01  3.594012e-01  3.786194e-02 -1.011913e-01 -5.890501e-02 -2.174829e-02  1.585972e-01 -2.029496e-02 -8.331878e-02            925            924            931            925            921            925            923            939            929            912
5.399987e+01    -3.453364e-02 -2.923395e-01  4.028158e-01  2.204963e-02  1.178433e-01 -2.517543e-01  8.651706e-04  1.280172e-01  1.833195e-02 -3.306516e-02            925            924            931            925            921            925            923            939            929            912
5.409962e+01    -4.286397e-02 -2.865188e-01  4.180994e-01  5.067583e-03  1.220973e-01 -2.044798e-01  5.028399e-03  1.011830e-01  2.120326e-02 -1.763712e-02            925            924            931            925            921            925            923            939            928            913
5.419938e+01    -4.463396e-02 -2.712022e-01  2.272405e-01  5.648218e-04  8.020404e-02 -1.588941e-01 -1.877668e-02  7.508156e-02  5.013254e-03 -8.986385e-03            925            924            931            925            921            925            923            939            928            912
5.429978e+01    -1.593919e-02 -2.294141e-01  2.419572e-02  4.036464e-03  9.505879e-02 -1.282095e-01 -1.546794e-01  5.821051e-02  6.882832e-03 -5.725143e-04            925            924            931            925            921            925            923            939            928            912
5.439954e+01     2.102443e-02 -9.845859e-02 -3.740441e-02 -1.275189e-02  1.324756e-01 -1.012243e-01 -3.771325e-01  6.200920e-02  1.387192e-02 -8.094163e-04            925            924            931            925            921            925            923            940            928            911
5.449994e+01     8.037731e-02  5.536346e-02 -8.998012e-02 -5.700215e-02  1.254922e-01 -1.199683e-01 -4.245823e-01  5.049674e-02  2.265536e-02 -1.383848e-02            925            924            931            925            921            925            923            940            928            911
5.459969e+01     5.705066e-02  1.328030e-01 -1.445086e-01 -7.332339e-02  8.005332e-02 -1.650931e-01 -2.496160e-01  1.407871e-02  1.181422e-02 -1.436577e-02            925            924            931            925            921            925            923            940            928            911
5.469945e+01    -2.027947e-02  9.054826e-02 -1.748314e-01 -6.137317e-02  4.686446e-02 -8.546974e-02  1.753889e-01  3.374615e-02  1.509962e-02  4.076963e-02            925            924            931            925            921            925            923            940            928            912
5.479985e+01    -9.725915e-02 -4.708278e-02 -3.166997e-01 -3.849680e-02  4.299424e-02  9.794583e-03  2.690787e-01  4.015555e-02  1.590173e-02  8.935541e-02            925            924            931            925            921            925            923            940            928            912
5.489960e+01    -1.139569e-01 -1.300691e-01 -5.257186e-01 -4.761273e-03  2.731706e-02  3.841671e-02  1.865255e-01  2.227785e-02  5.841785e-02  6.972764e-02            925            924            931            925            921            925            923            940            929            912
5.499936e+01    -8.983139e-02 -1.392393e-01 -5.280967e-01  1.226292e-03  3.482168e-02  2.600957e-02  1.142975e-01 -3.146183e-02  1.332312e-01  2.177565e-02            925            924            931            925            921            925            924            940            929            912
5.509976e+01    -8.669966e-02 -1.592945e-01 -4.200200e-01 -1.966486e-02  6.384959e-02  3.072393e-04  4.310234e-02 -4.158138e-02  1.317317e-01  3.556320e-03            925            924            931            925            921            925            924            940            930            913
5.519952e+01    -7.344569e-02 -1.208446e-01 -3.944257e-01 -2.789620e-02  1.623762e-02 -1.387543e-02  5.681972e-03  1.244956e-02  3.936841e-02  1.453106e-02            925            924            931            925            921            925            924            940            930            913
5.529992e+01    -5.674541e-02 -5.786934e-02 -3.453151e-01 -3.399856e-02 -2.353222e-02 -2.731850e-02 -1.825674e-02  4.240331e-02  2.256442e-02  4.445684e-02            925            924            931            925            921            925            924            940            930            913
5.539967e+01    -8.803432e-02 -3.755798e-02 -3.347558e-01 -4.154307e-02 -4.616365e-02 -6.059160e-02 -1.419381e-02 -4.484003e-04  8.817374e-02  5.070731e-02            925            924            931            925            921            925            924            940            930            913
5.549943e+01    -9.156279e-02 -3.437674e-02 -2.456780e-01 -5.033941e-02 -4.730681e-02 -1.076013e-01 -1.879874e-03  5.960872e-03  1.670901e-01  4.984125e-02            925            924            931            925            921            925            924            940            930            913
5.559983e+01    -5.617823e-02 -3.931338e-02 -5.788192e-02 -2.537406e-02 -3.484375e-02 -1.261707e-01 -7.800259e-03  2.662019e-02  5.921314e-02  3.374225e-02            925            924            931            925            921            925            924            940            930            913
5.569958e+01    -6.703567e-02 -4.667068e-02 -2.177535e-03  5.441888e-02 -2.195868e-02 -1.062148e-01 -4.275480e-02  2.855592e-02 -4.574028e-02  2.092407e-02            925            924            931            925            921            925            924            940            930            913
5.579998e+01    -1.062898e-01 -6.241562e-02 -7.963725e-04  1.264357e-01  6.648628e-02 -1.413625e-01 -6.993343e-02  3.063297e-02 -1.843935e-02  5.282708e-02            925            924            931            925            921            925            924            940            930            913
5.589974e+01    -1.701208e-01 -8.641032e-02  1.174019e-02  1.797802e-01  8.754730e-02 -1.433486e-01  9.912376e-03  1.992814e-02  3.855816e-02  8.167056e-02            925            924            931            925            921            925            924            940            930            912
5.599950e+01    -2.488934e-01 -1.461623e-01  2.308899e-02  2.188534e-01  1.055258e-01 -5.643356e-02  9.452885e-02  1.821092e-02  9.556922e-02  6.194675e-02            925            924            931            925            921            925            924            941            930            912
5.609990e+01    -2.890645e-01 -2.129347e-01  4.794039e-02  2.463559e-01  1.328588e-01  8.440774e-03  5.865397e-02 -2.625317e-03  1.877485e-01  5.214875e-02            925            924            931            925            921            925            924            941            930            912
5.619965e+01    -2.060595e-01 -1.910371e-01  2.149697e-02  2.364406e-01  9.795763e-02 -3.413803e-03 -2.318969e-02 -1.470664e-02  3.072002e-01  6.672079e-02            925            924            931            925            921            925            924            941            931            912
5.629941e+01    -1.486393e-02  1.165856e-02 -1.402089e-01  2.601701e-01  7.210597e-02 -7.609067e-02 -1.100807e-01  1.605537e-02  4.194450e-01  8.308066e-02            925            924            931            925            921            925            924            942            931            912
5.639981e+01     2.025943e-01  1.983313e-01 -1.879423e-01  3.140977e-01  6.059427e-02 -2.000370e-01 -4.122251e-02  3.050434e-02  2.753701e-01  1.085016e-01            925            924            931            925            921            925            924            942            930            912
5.649956e+01     2.834562e-01  2.060082e-01 -1.567828e-01  3.770514e-01 -9.002182e-02 -4.010734e-01 -1.354136e-02 -2.252538e-03  4.228606e-02  1.437004e-01            925            924            931            925            921            925            925            942            930            912
5.659996e+01     3.164001e-01  1.320804e-01 -1.213237e-01  4.552787e-01 -9.027573e-02 -3.987231e-01 -6.342742e-02 -4.645983e-02 -3.153564e-01  1.553891e-01            925            924            931            925            921            925            925            942            930            911
5.669972e+01     2.885735e-01  3.023115e-02 -1.032289e-01  3.869942e-01 -3.811403e-03 -3.947835e-01 -1.348321e-01 -3.656938e-02 -3.644066e-01  1.457620e-01            925            924            931            925            921            925            925            942            930            912
5.679948e+01     2.474038e-01 -1.918866e-02 -1.043731e-01  4.963461e-02  2.011631e-02 -2.870743e-01 -1.579659e-01 -3.830792e-02 -2.535856e-01  2.420437e-01            925            924            931            925            921            925            925            942            930            912
5.689988e+01     2.269488e-01 -2.583971e-02 -1.080208e-01 -3.739829e-01 -4.133409e-02  9.079616e-02 -1.488098e-02 -4.728204e-02 -1.928349e-01  3.248180e-01            925            924            931            925            921            925            925            942            930            912
5.699963e+01     1.478265e-01 -3.041314e-02 -9.802769e-02 -5.587712e-01 -3.380709e-02  4.382236e-01  1.901305e-01 -3.422644e-02 -1.410324e-01  5.990317e-02            925            924            931            925            921            925            925            942            930            911
5.709939e+01     1.444018e-02 -4.808602e-02 -1.074845e-01 -5.104223e-01 -4.731406e-02  3.866172e-01  1.729222e-01  1.714441e-02 -1.097245e-01 -8.458616e-02            925            924            931            925            921            925            925            942            930            911
5.719979e+01    -2.051123e-04 -8.331503e-02 -1.188187e-01 -2.814924e-01 -5.043548e-02  1.516844e-01  1.007905e-01  1.462422e-02 -6.904064e-02 -2.996877e-02            925            924            931            925            921            925            925            942            930            912
5.729954e+01     4.267831e-02 -8.480797e-02 -1.584097e-01 -9.009212e-02 -4.487859e-02 -6.111401e-03  7.951749e-02 -1.420144e-03 -2.838890e-02  3.046605e-02            925            924            931            925            921            925            925            942            930            912
5.739994e+01     6.121399e-02 -1.458602e-02 -2.174678e-01 -9.181227e-02 -6.062404e-02 -8.867544e-04  7.030859e-02  2.635260e-02 -1.212470e-02  1.257292e-01            925            924            931            925            921            925            925            943            930            912
5.749970e+01     6.569034e-02  6.920339e-03 -2.860196e-01 -1.307236e-01 -8.075545e-02  3.101850e-01  5.577421e-02  5.308962e-02 -2.203056e-02  1.935046e-01            925            924            931            925            921            925            925            943            930            912
5.759946e+01     7.101342e-02  3.420135e-02 -2.513591e-01 -1.134309e-01 -1.460905e-01  4.400636e-01  5.487553e-02  3.924102e-02 -3.837830e-02  1.566866e-01            925            924            931            925            921            925            925            943            930            912
5.769986e+01     7.454735e-02  9.964575e-02  1.313970e-02 -8.824527e-02 -1.447248e-01  3.038447e-01  5.726954e-02  3.097195e-02 -3.116193e-02  1.238291e-01            925            924            931            925            921            925            925            943            930            912
5.779961e+01     6.655485e-02  1.190796e-01  2.016111e-01 -4.594149e-02  6.357754e-02  2.067463e-01  7.008719e-02  4.037149e-02 -3.787042e-02  1.598799e-01            925            924            931            925            921            925            925            943            929            911
5.789937e+01     3.922942e-02  7.941314e-02  2.133820e-01  6.708158e-03  1.441293e-01  2.076440e-01  9.142057e-02  3.788808e-03 -3.955753e-02  2.004524e-01            925            924            931            925            921            925            925            943            929            911
5.799977e+01     1.826752e-02  4.735821e-02  1.563569e-01  2.705754e-02  1.276180e-01  2.327462e-01  1.368668e-01 -5.848767e-02  3.768154e-03  1.720812e-01            925            924            931            925            921            925            925            943            929            911
5.809952e+01     2.937868e-02  3.449883e-02  1.103082e-01 -1.069841e-02  9.286228e-02  2.671163e-01  1.523799e-01 -6.012992e-02  7.945233e-03 -2.300110e-02            925            924            931            925            921            925            925            943            929            911
5.819992e+01     3.852395e-02  5.314547e-02  1.178464e-01 -3.024121e-02  6.789805e-02  2.587481e-01 -4.086733e-02 -7.783514e-02 -9.282854e-03 -8.537571e-02            925            924            931            925            921            925            925            943            929            911
5.829968e+01     5.017307e-02  1.016113e-01  1.195767e-01 -2.791397e-02  7.403472e-02  1.346710e-02 -1.740456e-01 -9.516058e-02 -1.028448e-02 -3.815476e-02            925            924            931            925            921            925            925            943            929            912
5.839944e+01     7.689561e-02  5.470576e-02  8.608350e-02 -2.970197e-02 -3.243222e-03 -5.335243e-02 -1.420359e-01 -5.974789e-02  1.345479e-02 -1.855997e-02            925            924            931            925            921            925            925            943            929            912
5.849984e+01     7.103344e-02  6.369595e-03  5.828861e-02 -2.683301e-03  6.180686e-03  1.155451e-01 -1.205385e-01 -4.644692e-02  3.884060e-02 -2.145310e-02            925            924            931            925            921            925            925            943            930            913
5.859959e+01     4.345962e-02 -4.748584e-03  3.568535e-02  2.012735e-02  6.865116e-02  8.660193e-02 -1.188821e-01 -1.761271e-02 -1.679457e-04 -3.462463e-02            925            924            931            925            921            925            925            943            930            913
5.869999e+01     2.886103e-02 -3.329103e-02  1.605655e-02  1.666905e-02  5.604003e-02 -1.453821e-01 -1.022091e-01  1.974078e-02 -8.459751e-03 -5.651872e-02            925            924            931            925            921            925            925            943            930            913
5.879975e+01     3.641001e-02 -2.622144e-02 -3.332799e-02  2.858960e-02  6.186209e-02 -1.590451e-01 -8.382108e-02  5.169652e-03  7.929846e-03 -5.973590e-02            925            924            931            925            921            925            925            943            930            913
5.889950e+01     1.037693e-02  9.862280e-03 -4.437764e-02  3.077118e-02  9.673382e-02 -1.142962e-01 -8.436055e-02 -2.047327e-02  1.557791e-02 -3.052401e-02            925            924            931            925            921            925            925            943            930            913
5.899990e+01    -3.447451e-02  3.682767e-02 -3.558483e-02  5.193771e-03  9.475485e-02 -9.455394e-02 -7.004700e-02 -3.306276e-02  1.192917e-02  7.857020e-03            925            924            931            925            921            925            925            943            930            912
5.909966e+01     2.325325e-03  4.259011e-02 -3.305972e-02 -2.171809e-02  9.019774e-02 -5.700895e-02  3.866145e-02 -3.497754e-02  2.442902e-02  2.415634e-02            925            924            931            925            921            925            925            943            930            912
5.919942e+01     9.769544e-02 -1.340256e-02 -4.056162e-03 -1.234825e-02  1.260995e-01 -3.370616e-02  4.728417e-02 -8.904622e-02  7.116998e-02  5.070656e-02            925            924            931            925            921            925            925            943            930            913
5.929982e+01     1.401406e-01 -5.507490e-02 -4.001114e-02 -1.811194e-02  7.578702e-02 -9.925858e-03  4.535736e-02 -1.537148e-01 -1.046901e-02  7.781216e-02            925            924            931            925            921            925            925            943            931            914
5.939957e+01     3.940140e-02 -6.838676e-02 -3.832965e-02 -1.985551e-03 -8.309858e-02  1.031848e-02  4.735802e-02 -5.321797e-02 -1.068192e-01  1.319604e-02            925            924            931            925            921            925            925            943            932            913
5.949997e+01    -4.594350e-02 -8.511574e-02 -1.298276e-02  2.479038e-02 -9.246326e-02 -3.325662e-02  2.718008e-02  6.493335e-02 -1.289260e-01 -4.332008e-02            925            924            931            925            921            925            925            943            932            912
5.959973e+01    -5.274662e-02 -6.398910e-02  1.540153e-02  3.173855e-02 -3.812887e-02 -1.647371e-02  6.711652e-02  5.306504e-02 -1.312045e-01 -6.062159e-02            925            924            931            925            921            926            925            943            932            912
5.969948e+01    -4.808760e-02  2.623780e-02  4.379097e-02  3.613549e-02 -4.253787e-03  2.008666e-02  8.126087e-02  1.785390e-02 -3.305805e-02 -4.520559e-02            925            924            931            925            921            926            925            943            932            912
5.979988e+01    -2.843816e-02  7.098219e-02 -2.466107e-04  6.689040e-02  2.024694e-03  3.416029e-02  9.766823e-02  6.847674e-04  2.232092e-02 -1.453671e-02            925            924            931            925            921            926            925            943            932            913
5.989964e+01    -2.586239e-03  8.277339e-02 -1.469131e-01  7.388471e-02  3.979829e-03  3.053227e-02  7.493951e-02  4.495655e-02 -3.394958e-02 -1.081701e-02            925            924            931            925            921            926            925            943            932            912
5.999940e+01     8.711763e-03  4.652746e-02 -1.566006e-01  1.006739e-01 -1.005637e-02  6.132936e-03  3.964731e-02  7.225466e-02 -1.233145e-01 -2.057505e-02            925            924            931            925            921            926            925            943            932            913
6.009979e+01     9.504585e-03  2.992619e-02  1.888531e-02  1.145234e-01 -2.169722e-02 -4.422118e-02  5.587467e-03  8.791972e-02 -7.403747e-03 -2.589723e-02            925            924            931            925            921            926            925            943            932            912
6.019955e+01    -1.029101e-02  1.661045e-02  1.256574e-01  6.325396e-02 -1.498496e-03 -5.222812e-02  1.163293e-02  8.222032e-02  1.441155e-01  5.382333e-02            925            924            931            925            921            926            925            943            933            912
6.029995e+01    -1.548543e-02 -8.756881e-03  1.261711e-01 -2.829799e-02  2.345253e-02 -5.038853e-02  3.807309e-02  7.280554e-02  1.403134e-01  8.168265e-02            925            924            931            925            921            926            925            943            933            912
6.039971e+01     2.035186e-02 -2.621164e-02  1.029498e-01  1.315941e-02  1.258982e-02 -6.190491e-02  2.030272e-03  7.889511e-02  1.314400e-01  1.864965e-02            925            924            931            925            921            926            925            943            933            912
6.049946e+01     5.327455e-02 -3.704133e-02  7.119756e-02  1.118887e-01  1.140272e-02 -6.269706e-02 -5.092481e-03  9.099510e-02  3.546289e-02 -2.032484e-02            925            924            931            925            921            926            925            943            933            913
6.059986e+01     6.853259e-02 -4.267633e-02  3.366586e-03  1.588956e-01  1.633957e-02  9.826453e-03  1.170521e-02  6.544348e-02 -7.686871e-02 -3.184450e-02            925            924            931            925            921            926            925            943            933            913
6.069962e+01     7.700756e-02 -2.360728e-02 -2.455873e-02  2.238847e-01  4.227169e-02  6.740733e-02  3.883764e-02  1.990796e-02 -6.955658e-02 -2.778837e-02            925            924            931            925            921            926            925            943            933            913
6.079937e+01     8.088815e-02  4.664928e-02 -3.023027e-02  2.923445e-01  1.057162e-01  7.864578e-03  7.979779e-02  2.659247e-02 -6.932557e-02 -1.948660e-02            925            924            931            925            921            926            926            943            934            913
6.089977e+01     8.449804e-02  6.384076e-02 -1.623906e-02  2.128981e-01  1.408636e-01 -4.726039e-02  1.098453e-01  4.252273e-02 -2.303032e-02 -9.085990e-03            925            924            931            925            921            926            926            943            934            912
6.099953e+01     8.945163e-02  3.566208e-02  2.163278e-04 -7.322391e-02  1.533146e-01 -1.771596e-02  1.766185e-01  4.623862e-02 -2.909708e-02  2.317636e-02            925            924            931            925            921            926            926            943            934            913
6.109993e+01     8.653871e-02  4.969822e-02 -2.411351e-02 -1.784044e-01  1.946198e-01  3.858343e-02  1.706945e-01 -9.355345e-03 -8.682824e-02  7.104497e-02            925            924            931            925            921            926            926            943            934            913
6.119969e+01     8.238275e-02  4.876775e-02 -4.605345e-02 -1.118104e-01  2.751816e-01  8.039802e-02 -4.156155e-02 -4.966521e-02 -6.120587e-02  5.304823e-02            925            924            931            925            921            926            926            943            934            912
6.129944e+01     9.160912e-02 -4.404545e-03 -3.235588e-02 -5.369540e-02  3.633991e-01  7.222615e-02 -1.356962e-01 -6.845062e-03  1.053534e-01 -2.744441e-02            925            924            931            925            921            926            926            943            933            912
6.139984e+01     1.092642e-01 -4.797720e-02  4.001168e-02 -1.537187e-03  1.809414e-01 -2.885108e-02 -8.690850e-02  1.505259e-02  1.479688e-01 -1.108520e-01            925            924            931            925            921            925            926            943            933            912
6.149960e+01     1.075029e-01 -7.524159e-02  1.234419e-01 -2.859044e-02 -2.287789e-01 -6.997666e-02 -2.483050e-02 -1.370441e-02  1.975108e-01 -1.661369e-01            925            924            931            925            921            925            926            943            933            911
6.160000e+01     1.492358e-01 -7.592457e-02  1.510704e-01 -2.391451e-01 -2.758172e-01 -4.398285e-02 -4.434516e-02 -1.868582e-02  2.706072e-01 -1.107368e-01            925            924            931            925            921            925            926            943            933            911
6.169975e+01     3.030828e-01 -5.909465e-02  1.267846e-01 -3.267400e-01 -1.407736e-01 -1.111066e-02 -1.236300e-01  9.011211e-03  7.989859e-02 -3.844215e-02            925            924            931            925            921            925            926            943            933            912
6.179951e+01     3.633636e-01 -3.312691e-03  5.802057e-02 -1.393645e-01 -5.120913e-02 -2.510502e-02 -1.427972e-01  6.499888e-02 -2.612244e-01 -3.056651e-02            925            924            931            925            921            925            926            943            933            912
6.189991e+01     3.042175e-01  2.301656e-02 -1.667614e-05  8.133973e-03 -1.036963e-01 -5.503078e-02 -1.396578e-01  1.684997e-02 -3.064087e-01 -6.664943e-02            925            924            931            925            921            925            926            943            934            912
6.199967e+01     2.948256e-01 -2.493496e-02 -9.253421e-02  3.167985e-02 -8.669400e-02 -5.037278e-02 -1.591689e-01 -7.366099e-02 -2.612854e-01 -9.653383e-02            925            924            931            925            921            925            926            943            934            911
6.209942e+01     3.269679e-01 -4.649382e-02 -8.287572e-02  7.050733e-02 -7.658725e-02  9.602585e-03 -1.977748e-01 -9.239301e-02 -9.472302e-02 -4.314989e-02            925            924            931            925            921            926            926            943            935            911
6.219982e+01     3.795376e-01 -3.925625e-02  4.222546e-03  1.248994e-01 -1.198691e-01  1.726437e-02 -1.798780e-01 -7.931004e-02  1.613921e-02  1.917431e-01            925            924            931            925            921            926            926            943            934            909
6.229958e+01     3.582274e-01 -4.171594e-02  3.214397e-03  1.662335e-01 -1.099308e-01  1.492888e-02 -6.145407e-02 -5.293416e-02  6.703948e-03  1.166931e-01            925            924            931            925            921            926            926            943            935            910
6.239998e+01     2.292127e-01 -2.838445e-02 -3.149461e-02  2.237111e-01 -8.751480e-02  7.864971e-02  1.004683e-01 -2.130863e-02  3.318249e-02 -1.581629e-01            925            924            931            925            921            926            926            943            936            910
6.249973e+01     5.900800e-02 -3.805402e-02 -5.962520e-02  3.155870e-01 -6.810051e-02  1.027865e-01  1.298843e-01 -9.720393e-03  2.767711e-02 -1.979284e-01            925            924            931            925            921            927            926            943            936            910
6.259949e+01    -9.461672e-02 -3.006064e-02 -4.253665e-02  2.152193e-01 -4.080874e-02  6.087009e-02  1.071759e-01 -3.802326e-02  1.769258e-02 -1.851447e-01            925            924            931            925            921            927            926            943            936            910
6.269989e+01    -2.261896e-01 -1.209846e-02 -3.982125e-02 -1.199692e-01 -4.032130e-02  3.898649e-02  5.175155e-02 -1.100317e-01  9.299460e-03 -2.875539e-02            925            924            931            925            921            927            926            943            937            910
6.279965e+01    -3.996034e-01 -9.055800e-03 -2.146021e-02 -1.730763e-01 -7.623067e-02  7.892014e-03 -2.288438e-02 -1.183837e-01  3.305076e-03  1.873706e-01            925            924            931            925            921            927            926            943            937            910
6.289940e+01    -4.885335e-01  2.434121e-02 -5.499314e-02 -1.341246e-01 -9.153365e-02 -1.953631e-03 -4.867334e-02 -7.935927e-02  4.519565e-03  1.902977e-01            925            924            931            925            921            927            926            943            938            910
6.299980e+01    -4.564966e-01  4.380403e-02 -6.854985e-02 -1.213051e-01 -8.158737e-02  4.759601e-02  3.872178e-02 -2.930707e-02  3.555408e-02  1.914844e-01            925            924            931            925            921            927            926            943            938            909
6.309956e+01    -4.027220e-01  2.325891e-02 -3.006575e-02  2.890519e-02 -5.051801e-02  7.144511e-02  1.612848e-01 -7.332039e-02  4.468586e-02  2.395439e-01            925            924            931            925            921            927            926            943            938            909
6.319996e+01    -3.441291e-01  2.539946e-02  2.405147e-02  1.410836e-01  4.141122e-03  1.960418e-02  1.733572e-01 -8.501803e-02  3.168637e-02  3.221552e-01            925            924            931            925            921            927            926            943            938            910
6.329971e+01    -2.679571e-01  3.314026e-02  2.496744e-02  1.967522e-01  5.579743e-03 -8.439525e-03  1.960535e-01 -7.300875e-02  2.103951e-02  1.770066e-01            925            924            931            925            921            927            926            943            938            910
6.339947e+01    -1.894560e-01 -1.580618e-02  1.750330e-02  2.675786e-01 -2.342344e-02  7.546400e-03  3.061374e-01 -5.532907e-02  1.144185e-02  3.113428e-02            925            924            931            925            921            927            926            943            938            909
6.349987e+01    -1.407758e-01 -1.481035e-01  4.546182e-03  3.518483e-01 -4.710165e-02  4.498869e-02  4.345083e-01 -4.374091e-02 -4.593022e-04  2.578341e-01            925            924            931            925            921            927            926            943            939            909
6.359963e+01    -1.172333e-01 -2.003911e-01 -1.520144e-02  4.239926e-01 -2.457748e-02  8.777287e-02  4.153360e-01 -4.280375e-02 -2.618100e-02  3.987161e-01            925            924            931            925            921            927            926            943            939            908
6.369938e+01    -8.926189e-02 -1.682608e-01 -1.925781e-02  2.448100e-01  7.115394e-02  6.269238e-02 -1.105637e-01 -5.390526e-02 -6.107727e-02  1.772953e-02            925            924            931            925            921            927            926            942            939            907
6.379978e+01    -9.214905e-02 -1.709434e-02 -9.444987e-03 -1.159222e-01  1.084260e-01 -6.248769e-02 -3.745056e-01 -8.599822e-02 -5.803666e-02 -5.758769e-02            925            924            931            925            921            927            926            942            939            908
6.389954e+01    -1.034063e-01  7.313263e-02 -8.719432e-03 -3.728076e-01  1.249515e-01 -5.603774e-02 -2.613764e-01 -1.521683e-01 -2.482631e-02 -5.660488e-02            925            924            931            925            921            927            926            942            939            908
6.399994e+01    -1.078519e-01  4.042497e-02 -1.071081e-02 -3.930357e-01  1.128597e-01 -7.995495e-03 -1.248904e-01 -2.121088e-01 -1.751564e-02 -1.947732e-01            925            924            931            925            921            927            926            942            939            908
6.409969e+01    -1.097176e-01  1.932578e-02 -1.671069e-02 -2.768926e-01  1.346819e-01  2.152552e-02 -1.558990e-02 -2.763002e-01  3.441392e-03 -9.517503e-02            925            924            931            925            921            927            926            942            939            908
6.419945e+01    -9.650575e-02 -1.845793e-02 -2.663103e-03 -1.466126e-01  2.209584e-01 -6.052246e-02  9.291654e-02 -3.781005e-01  7.281608e-02  2.751187e-02            925            924            931            925            921            927            926            942            939            908
6.429985e+01    -6.774279e-02 -7.056728e-02  2.788482e-02 -1.445955e-02  2.983575e-01 -1.634326e-01  1.925251e-01 -4.993961e-01  7.329636e-02  8.659503e-02            925            924            931            925            921            927            926            942            940            908
6.439961e+01    -5.212303e-02 -9.731507e-02  5.489933e-02  1.231382e-01  1.809664e-01 -1.611289e-01 -7.339703e-02 -6.789029e-01  3.506704e-02  1.238407e-01            925            924            931            925            921            927            926            942            940            908
6.449936e+01    -1.203596e-04  5.522509e-03  2.591068e-02  1.826363e-01 -7.491228e-02 -4.789241e-02 -4.039959e-01 -7.909877e-01  2.730531e-02  1.488331e-01            925            924            931            925            921            927            926            942            940            908
6.459976e+01     2.131282e-02  1.197284e-01 -3.633572e-02  2.004309e-01 -5.494961e-02 -7.281340e-03 -4.520985e-01  9.144417e-02  2.471523e-02  1.626989e-01            925            924            931            925            921            927            926            942            940            909
6.469952e+01    -1.815045e-02  1.042180e-01 -3.357054e-02  9.429422e-02  1.078473e-02 -1.952658e-02 -4.550261e-01  7.278753e-01  4.852392e-04  1.557626e-01            925            924            931            925            921            927            926            942            939            909
6.479992e+01    -7.871030e-02  4.067637e-02 -1.927560e-02 -2.121495e-01  2.249764e-02 -1.172021e-02 -3.751546e-01  6.414954e-01 -1.077213e-02  1.399093e-01            925            924            931            925            921            927            927            942            939            909
6.489967e+01    -1.017242e-01 -2.030460e-02 -2.057302e-02 -3.118622e-01  6.206042e-02 -4.620657e-02 -3.436995e-01  4.421211e-01 -5.789989e-03  1.254774e-01            925            924            931            925            921            927            927            942            939            909
6.499943e+01    -7.536841e-02 -2.830399e-02  3.394524e-02 -2.523411e-01  8.929551e-02 -5.084866e-02 -4.386319e-01  3.004766e-01 -1.397044e-02  9.689766e-02            925            924            931            925            921            927            927            942            939            909
6.509983e+01     6.070388e-03 -5.901935e-02  8.416440e-02 -2.206713e-01  1.027818e-01  3.238881e-02 -2.933796e-01  1.701231e-01 -1.217159e-02  6.212545e-02            925            924            931            925            921            927            927            942            939            910
6.519959e+01     5.373552e-03 -1.269732e-01  6.725681e-02 -2.049738e-01 -9.997282e-02  7.729808e-02  1.896377e-01  8.094720e-02  1.815214e-02  4.023072e-02            925            924            931            925            921            927            927            942            937            909
6.529998e+01    -6.541319e-03 -1.241587e-01  1.179378e-02 -1.846300e-01 -2.386241e-01  1.447123e-02  2.967037e-01  7.796609e-02  7.458992e-02  7.746148e-03            925            924            931            925            921            927            927            941            937            909
6.539974e+01    -7.323695e-03  1.052063e-03 -2.024164e-02 -1.773737e-01 -1.833620e-01 -1.972275e-02  2.011481e-01  1.281102e-01  9.596589e-02 -9.286943e-03            925            924            931            925            921            927            927            941            938            909
6.549950e+01     9.300511e-03  9.195391e-02 -2.435090e-02 -1.377549e-01 -1.226376e-01  1.274175e-02  1.244385e-01  1.946980e-01  5.885796e-02  5.515996e-03            925            924            931            925            921            927            927            941            938            909
6.559990e+01     1.469251e-02  7.638258e-02 -1.293651e-02 -7.752503e-02 -7.149701e-02 -5.268426e-04  8.059930e-02  1.452986e-01  3.861652e-02 -1.501895e-02            925            924            931            925            921            927            927            941            938            909
6.569965e+01     8.484580e-03  4.418913e-02 -3.935661e-03 -3.552301e-02 -4.169314e-02 -2.848584e-02  1.416370e-01 -1.864653e-02  1.761476e-02 -7.202096e-02            925            924            931            925            921            927            927            941            938            909
6.579941e+01     1.331710e-03  6.102096e-02 -8.343424e-03 -4.719278e-02 -2.543349e-02 -6.474747e-02  1.663469e-01 -7.318977e-02 -2.905251e-02 -5.600361e-02            925            924            931            925            921            927            927            941            939            910
6.589981e+01     3.894983e-03  7.849560e-02 -2.421474e-02 -8.503146e-02  1.172215e-02 -3.819511e-02  7.038590e-02 -4.670877e-02 -2.215872e-02  2.465394e-02            925            924            931            925            921            927            927            941            939            911
