# id = 0: COM of central object
# id = 1: COM of all objects
# Time in code units
# comX in code units
# comY in code units
# comZ in code units
# comVelX in code units
# comVelY in code units
# comVelZ in code units
#id   t              x              y              z              vx             vy             vz          
0     0.000000e+00   0.000000e+00   0.000000e+00   0.000000e+00   0.000000e+00   0.000000e+00   0.000000e+00
1     0.000000e+00   8.775826e-11   4.794255e-11   0.000000e+00  -3.012319e-10   5.514014e-10   0.000000e+00
0     9.985257e-02   0.000000e+00   0.000000e+00   0.000000e+00   0.000000e+00   0.000000e+00   0.000000e+00
1     9.985257e-02   4.290169e-11   9.032965e-11   0.000000e+00  -5.675579e-10   2.695593e-10   0.000000e+00
0     1.996333e-01   0.000000e+00   0.000000e+00   0.000000e+00   0.000000e+00   0.000000e+00   0.000000e+00
1     1.996333e-01  -1.825078e-11   9.832044e-11   0.000000e+00  -6.177656e-10  -1.146730e-10   0.000000e+00
0     2.994142e-01   0.000000e+00   0.000000e+00   0.000000e+00   0.000000e+00   0.000000e+00   0.000000e+00
1     2.994142e-01  -7.246173e-11   6.891515e-11   0.000000e+00  -4.330067e-10  -4.552904e-10   0.000000e+00
0     3.998361e-01   0.000000e+00   0.000000e+00   0.000000e+00   0.000000e+00   0.000000e+00   0.000000e+00
1     3.998361e-01  -9.916461e-11   1.289881e-11   0.000000e+00  -8.104560e-11  -6.230696e-10   0.000000e+00
0     4.996105e-01   0.000000e+00   0.000000e+00   0.000000e+00   0.000000e+00   0.000000e+00   0.000000e+00
1     4.996105e-01  -8.787532e-11  -4.772765e-11   0.000000e+00   2.998816e-10  -5.521369e-10   0.000000e+00
0     5.993815e-01   0.000000e+00   0.000000e+00   0.000000e+00   0.000000e+00   0.000000e+00   0.000000e+00
1     5.993815e-01  -4.316883e-11  -9.020228e-11   0.000000e+00   5.667577e-10  -2.712378e-10   0.000000e+00
0     6.997936e-01   0.000000e+00   0.000000e+00   0.000000e+00   0.000000e+00   0.000000e+00   0.000000e+00
1     6.997936e-01   1.834983e-11  -9.830200e-11   0.000000e+00   6.176497e-10   1.152954e-10   0.000000e+00
0     7.995596e-01   0.000000e+00   0.000000e+00   0.000000e+00   0.000000e+00   0.000000e+00   0.000000e+00
1     7.995596e-01   7.252464e-11  -6.884894e-11   0.000000e+00   4.325907e-10   4.556858e-10   0.000000e+00
0     8.999675e-01   0.000000e+00   0.000000e+00   0.000000e+00   0.000000e+00   0.000000e+00   0.000000e+00
1     8.999675e-01   9.917523e-11  -1.281689e-11   0.000000e+00   8.053092e-11   6.231364e-10   0.000000e+00
0     9.997304e-01   0.000000e+00   0.000000e+00   0.000000e+00   0.000000e+00   0.000000e+00   0.000000e+00
1     9.997304e-01   8.783935e-11   4.779382e-11   0.000000e+00  -3.002974e-10   5.519109e-10   0.000000e+00
0     1.099492e+00   0.000000e+00   0.000000e+00   0.000000e+00   0.000000e+00   0.000000e+00   0.000000e+00
1     1.099492e+00   4.310618e-11   9.023224e-11   0.000000e+00  -5.669459e-10   2.708441e-10   0.000000e+00
0     1.199896e+00   0.000000e+00   0.000000e+00   0.000000e+00   0.000000e+00   0.000000e+00   0.000000e+00
1     1.199896e+00  -1.841334e-11   9.829013e-11   0.000000e+00  -6.175751e-10  -1.156944e-10   0.000000e+00
0     1.299656e+00   0.000000e+00   0.000000e+00   0.000000e+00   0.000000e+00   0.000000e+00   0.000000e+00
1     1.299656e+00  -7.256652e-11   6.880480e-11   0.000000e+00  -4.323133e-10  -4.559489e-10   0.000000e+00
0     1.399416e+00   0.000000e+00   0.000000e+00   0.000000e+00   0.000000e+00   0.000000e+00   0.000000e+00
1     1.399416e+00  -9.913021e-11   1.316061e-11   0.000000e+00  -8.269058e-11  -6.228535e-10   0.000000e+00
0     1.499818e+00   0.000000e+00   0.000000e+00   0.000000e+00   0.000000e+00   0.000000e+00   0.000000e+00
1     1.499818e+00  -8.781295e-11  -4.784231e-11   0.000000e+00   3.006021e-10  -5.517450e-10   0.000000e+00
0     1.599577e+00   0.000000e+00   0.000000e+00   0.000000e+00   0.000000e+00   0.000000e+00   0.000000e+00
1     1.599577e+00  -4.305825e-11  -9.025512e-11   0.000000e+00   5.670896e-10  -2.705430e-10   0.000000e+00
0     1.699978e+00   0.000000e+00   0.000000e+00   0.000000e+00   0.000000e+00   0.000000e+00   0.000000e+00
1     1.699978e+00   1.846379e-11  -9.828066e-11   0.000000e+00   6.175156e-10   1.160114e-10   0.000000e+00
0     1.799736e+00   0.000000e+00   0.000000e+00   0.000000e+00   0.000000e+00   0.000000e+00   0.000000e+00
1     1.799736e+00   7.260080e-11  -6.876862e-11   0.000000e+00   4.320860e-10   4.561643e-10   0.000000e+00
0     1.899493e+00   0.000000e+00   0.000000e+00   0.000000e+00   0.000000e+00   0.000000e+00   0.000000e+00
1     1.899493e+00   9.913659e-11  -1.311245e-11   0.000000e+00   8.238798e-11   6.228936e-10   0.000000e+00
0     1.999894e+00   0.000000e+00   0.000000e+00   0.000000e+00   0.000000e+00   0.000000e+00   0.000000e+00
1     1.999894e+00   8.779020e-11   4.788403e-11   0.000000e+00  -3.008642e-10   5.516021e-10   0.000000e+00
0     2.099651e+00   0.000000e+00   0.000000e+00   0.000000e+00   0.000000e+00   0.000000e+00   0.000000e+00
1     2.099651e+00   4.301614e-11   9.027520e-11   0.000000e+00  -5.672158e-10   2.702784e-10   0.000000e+00
0     2.199408e+00   0.000000e+00   0.000000e+00   0.000000e+00   0.000000e+00   0.000000e+00   0.000000e+00
1     2.199408e+00  -1.811139e-11   9.834621e-11   0.000000e+00  -6.179275e-10  -1.137972e-10   0.000000e+00
0     2.299808e+00   0.000000e+00   0.000000e+00   0.000000e+00   0.000000e+00   0.000000e+00   0.000000e+00
1     2.299808e+00  -7.263198e-11   6.873569e-11   0.000000e+00  -4.318791e-10  -4.563602e-10   0.000000e+00
0     2.399565e+00   0.000000e+00   0.000000e+00   0.000000e+00   0.000000e+00   0.000000e+00   0.000000e+00
1     2.399565e+00  -9.914246e-11   1.306797e-11   0.000000e+00  -8.210847e-11  -6.229305e-10   0.000000e+00
0     2.499965e+00   0.000000e+00   0.000000e+00   0.000000e+00   0.000000e+00   0.000000e+00   0.000000e+00
1     2.499965e+00  -8.776890e-11  -4.792307e-11   0.000000e+00   3.011095e-10  -5.514683e-10   0.000000e+00
0     2.599721e+00   0.000000e+00   0.000000e+00   0.000000e+00   0.000000e+00   0.000000e+00   0.000000e+00
1     2.599721e+00  -4.297629e-11  -9.029418e-11   0.000000e+00   5.673351e-10  -2.700280e-10   0.000000e+00
0     2.699478e+00   0.000000e+00   0.000000e+00   0.000000e+00   0.000000e+00   0.000000e+00   0.000000e+00
1     2.699478e+00   1.815454e-11  -9.833826e-11   0.000000e+00   6.178775e-10   1.140684e-10   0.000000e+00
0     2.799877e+00   0.000000e+00   0.000000e+00   0.000000e+00   0.000000e+00   0.000000e+00   0.000000e+00
1     2.799877e+00   7.266198e-11  -6.870397e-11   0.000000e+00   4.316798e-10   4.565487e-10   0.000000e+00
0     2.899634e+00   0.000000e+00   0.000000e+00   0.000000e+00   0.000000e+00   0.000000e+00   0.000000e+00
1     2.899634e+00   9.914814e-11  -1.302487e-11   0.000000e+00   8.183765e-11   6.229661e-10   0.000000e+00
0     2.999390e+00   0.000000e+00   0.000000e+00   0.000000e+00   0.000000e+00   0.000000e+00   0.000000e+00
1     2.999390e+00   8.794136e-11   4.760586e-11   0.000000e+00  -2.991164e-10   5.525518e-10   0.000000e+00
0     3.099790e+00   0.000000e+00   0.000000e+00   0.000000e+00   0.000000e+00   0.000000e+00   0.000000e+00
1     3.099790e+00   4.293727e-11   9.031274e-11   0.000000e+00  -5.674517e-10   2.697829e-10   0.000000e+00
0     3.199546e+00   0.000000e+00   0.000000e+00   0.000000e+00   0.000000e+00   0.000000e+00   0.000000e+00
1     3.199546e+00  -1.819692e-11   9.833042e-11   0.000000e+00  -6.178283e-10  -1.143346e-10   0.000000e+00
0     3.299946e+00   0.000000e+00   0.000000e+00   0.000000e+00   0.000000e+00   0.000000e+00   0.000000e+00
1     3.299946e+00  -7.269153e-11   6.867271e-11   0.000000e+00  -4.314834e-10  -4.567343e-10   0.000000e+00
0     3.399702e+00   0.000000e+00   0.000000e+00   0.000000e+00   0.000000e+00   0.000000e+00   0.000000e+00
1     3.399702e+00  -9.915372e-11   1.298229e-11   0.000000e+00  -8.157013e-11  -6.230012e-10   0.000000e+00
0     3.499458e+00   0.000000e+00   0.000000e+00   0.000000e+00   0.000000e+00   0.000000e+00   0.000000e+00
1     3.499458e+00  -8.792093e-11  -4.764357e-11   0.000000e+00   2.993534e-10  -5.524235e-10   0.000000e+00
0     3.599858e+00   0.000000e+00   0.000000e+00   0.000000e+00   0.000000e+00   0.000000e+00   0.000000e+00
1     3.599858e+00  -4.289859e-11  -9.033112e-11   0.000000e+00   5.675672e-10  -2.695398e-10   0.000000e+00
0     3.699614e+00   0.000000e+00   0.000000e+00   0.000000e+00   0.000000e+00   0.000000e+00   0.000000e+00
1     3.699614e+00   1.823900e-11  -9.832263e-11   0.000000e+00   6.177793e-10   1.145990e-10   0.000000e+00
0     3.799370e+00   0.000000e+00   0.000000e+00   0.000000e+00   0.000000e+00   0.000000e+00   0.000000e+00
1     3.799370e+00   7.244272e-11  -6.893513e-11   0.000000e+00   4.331322e-10   4.551710e-10   0.000000e+00
0     3.899770e+00   0.000000e+00   0.000000e+00   0.000000e+00   0.000000e+00   0.000000e+00   0.000000e+00
1     3.899770e+00   9.915926e-11  -1.293992e-11   0.000000e+00   8.130390e-11   6.230360e-10   0.000000e+00
0     3.999526e+00   0.000000e+00   0.000000e+00   0.000000e+00   0.000000e+00   0.000000e+00   0.000000e+00
1     3.999526e+00   8.790058e-11   4.768111e-11   0.000000e+00  -2.995893e-10   5.522956e-10   0.000000e+00
0     4.099926e+00   0.000000e+00   0.000000e+00   0.000000e+00   0.000000e+00   0.000000e+00   0.000000e+00
1     4.099926e+00   4.286002e-11   9.034943e-11   0.000000e+00  -5.676822e-10   2.692974e-10   0.000000e+00
0     4.199682e+00   0.000000e+00   0.000000e+00   0.000000e+00   0.000000e+00   0.000000e+00   0.000000e+00
1     4.199682e+00  -1.828096e-11   9.831483e-11   0.000000e+00  -6.177303e-10  -1.148626e-10   0.000000e+00
0     4.299438e+00   0.000000e+00   0.000000e+00   0.000000e+00   0.000000e+00   0.000000e+00   0.000000e+00
1     4.299438e+00  -7.247212e-11   6.890422e-11   0.000000e+00  -4.329380e-10  -4.553558e-10   0.000000e+00
0     4.399838e+00   0.000000e+00   0.000000e+00   0.000000e+00   0.000000e+00   0.000000e+00   0.000000e+00
1     4.399838e+00  -9.916477e-11   1.289762e-11   0.000000e+00  -8.103817e-11  -6.230706e-10   0.000000e+00
0     4.499594e+00   0.000000e+00   0.000000e+00   0.000000e+00   0.000000e+00   0.000000e+00   0.000000e+00
1     4.499594e+00  -8.788024e-11  -4.771859e-11   0.000000e+00   2.998248e-10  -5.521678e-10   0.000000e+00
0     4.599994e+00   0.000000e+00   0.000000e+00   0.000000e+00   0.000000e+00   0.000000e+00   0.000000e+00
1     4.599994e+00  -4.282150e-11  -9.036769e-11   0.000000e+00   5.677969e-10  -2.690554e-10   0.000000e+00
0     4.699750e+00   0.000000e+00   0.000000e+00   0.000000e+00   0.000000e+00   0.000000e+00   0.000000e+00
1     4.699750e+00   1.832286e-11  -9.830703e-11   0.000000e+00   6.176813e-10   1.151260e-10   0.000000e+00
0     4.799506e+00   0.000000e+00   0.000000e+00   0.000000e+00   0.000000e+00   0.000000e+00   0.000000e+00
1     4.799506e+00   7.250148e-11  -6.887332e-11   0.000000e+00   4.327439e-10   4.555403e-10   0.000000e+00
0     4.899906e+00   0.000000e+00   0.000000e+00   0.000000e+00   0.000000e+00   0.000000e+00   0.000000e+00
1     4.899906e+00   9.917026e-11  -1.285536e-11   0.000000e+00   8.077263e-11   6.231051e-10   0.000000e+00
0     4.999662e+00   0.000000e+00   0.000000e+00   0.000000e+00   0.000000e+00   0.000000e+00   0.000000e+00
1     4.999662e+00   8.785990e-11   4.775603e-11   0.000000e+00  -3.000600e-10   5.520400e-10   0.000000e+00
0     5.099418e+00   0.000000e+00   0.000000e+00   0.000000e+00   0.000000e+00   0.000000e+00   0.000000e+00
1     5.099418e+00   4.314814e-11   9.021218e-11   0.000000e+00  -5.668199e-10   2.711078e-10   0.000000e+00
0     5.199818e+00   0.000000e+00   0.000000e+00   0.000000e+00   0.000000e+00   0.000000e+00   0.000000e+00
1     5.199818e+00  -1.836475e-11   9.829922e-11   0.000000e+00  -6.176322e-10  -1.153891e-10   0.000000e+00
0     5.299574e+00   0.000000e+00   0.000000e+00   0.000000e+00   0.000000e+00   0.000000e+00   0.000000e+00
1     5.299574e+00  -7.253082e-11   6.884243e-11   0.000000e+00  -4.325498e-10  -4.557246e-10   0.000000e+00
0     5.399974e+00   0.000000e+00   0.000000e+00   0.000000e+00   0.000000e+00   0.000000e+00   0.000000e+00
1     5.399974e+00  -9.917572e-11   1.281312e-11   0.000000e+00  -8.050718e-11  -6.231394e-10   0.000000e+00
0     5.499730e+00   0.000000e+00   0.000000e+00   0.000000e+00   0.000000e+00   0.000000e+00   0.000000e+00
1     5.499730e+00  -8.783954e-11  -4.779346e-11   0.000000e+00   3.002951e-10  -5.519121e-10   0.000000e+00
0     5.599486e+00   0.000000e+00   0.000000e+00   0.000000e+00   0.000000e+00   0.000000e+00   0.000000e+00
1     5.599486e+00  -4.310971e-11  -9.023056e-11   0.000000e+00   5.669353e-10  -2.708663e-10   0.000000e+00
0     5.699886e+00   0.000000e+00   0.000000e+00   0.000000e+00   0.000000e+00   0.000000e+00   0.000000e+00
1     5.699886e+00   1.840662e-11  -9.829139e-11   0.000000e+00   6.175830e-10   1.156522e-10   0.000000e+00
0     5.799642e+00   0.000000e+00   0.000000e+00   0.000000e+00   0.000000e+00   0.000000e+00   0.000000e+00
1     5.799642e+00   7.256014e-11  -6.881153e-11   0.000000e+00   4.323556e-10   4.559088e-10   0.000000e+00
0     5.899398e+00   0.000000e+00   0.000000e+00   0.000000e+00   0.000000e+00   0.000000e+00   0.000000e+00
1     5.899398e+00   9.912872e-11  -1.317183e-11   0.000000e+00   8.276106e-11   6.228441e-10   0.000000e+00
0     5.999798e+00   0.000000e+00   0.000000e+00   0.000000e+00   0.000000e+00   0.000000e+00   0.000000e+00
1     5.999798e+00   8.781918e-11   4.783087e-11   0.000000e+00  -3.005302e-10   5.517842e-10   0.000000e+00
0     6.099554e+00   0.000000e+00   0.000000e+00   0.000000e+00   0.000000e+00   0.000000e+00   0.000000e+00
1     6.099554e+00   4.307127e-11   9.024891e-11   0.000000e+00  -5.670506e-10   2.706248e-10   0.000000e+00
0     6.199953e+00   0.000000e+00   0.000000e+00   0.000000e+00   0.000000e+00   0.000000e+00   0.000000e+00
1     6.199953e+00  -1.844848e-11   9.828354e-11   0.000000e+00  -6.175337e-10  -1.159152e-10   0.000000e+00
0     6.299709e+00   0.000000e+00   0.000000e+00   0.000000e+00   0.000000e+00   0.000000e+00   0.000000e+00
1     6.299709e+00  -7.258944e-11   6.878062e-11   0.000000e+00  -4.321614e-10  -4.560929e-10   0.000000e+00
0     6.399466e+00   0.000000e+00   0.000000e+00   0.000000e+00   0.000000e+00   0.000000e+00   0.000000e+00
1     6.399466e+00  -9.913432e-11   1.312961e-11   0.000000e+00  -8.249578e-11  -6.228793e-10   0.000000e+00
0     6.499865e+00   0.000000e+00   0.000000e+00   0.000000e+00   0.000000e+00   0.000000e+00   0.000000e+00
1     6.499865e+00  -8.779880e-11  -4.786826e-11   0.000000e+00   3.007652e-10  -5.516561e-10   0.000000e+00
0     6.599621e+00   0.000000e+00   0.000000e+00   0.000000e+00   0.000000e+00   0.000000e+00   0.000000e+00
1     6.599621e+00  -4.303283e-11  -9.026724e-11   0.000000e+00   5.671658e-10  -2.703833e-10   0.000000e+00
0     6.699378e+00   0.000000e+00   0.000000e+00   0.000000e+00   0.000000e+00   0.000000e+00   0.000000e+00
1     6.699378e+00   1.809278e-11  -9.834964e-11   0.000000e+00   6.179490e-10   1.136803e-10   0.000000e+00
0     6.799777e+00   0.000000e+00   0.000000e+00   0.000000e+00   0.000000e+00   0.000000e+00   0.000000e+00
1     6.799777e+00   7.261872e-11  -6.874970e-11   0.000000e+00   4.319671e-10   4.562769e-10   0.000000e+00
0     6.899533e+00   0.000000e+00   0.000000e+00   0.000000e+00   0.000000e+00   0.000000e+00   0.000000e+00
1     6.899533e+00   9.913990e-11  -1.308739e-11   0.000000e+00   8.223050e-11   6.229144e-10   0.000000e+00
0     6.999933e+00   0.000000e+00   0.000000e+00   0.000000e+00   0.000000e+00   0.000000e+00   0.000000e+00
1     6.999933e+00   8.777841e-11   4.790565e-11   0.000000e+00  -3.010001e-10   5.515280e-10   0.000000e+00
0     7.099689e+00   0.000000e+00   0.000000e+00   0.000000e+00   0.000000e+00   0.000000e+00   0.000000e+00
1     7.099689e+00   4.299438e-11   9.028556e-11   0.000000e+00  -5.672809e-10   2.701417e-10   0.000000e+00
0     7.199445e+00   0.000000e+00   0.000000e+00   0.000000e+00   0.000000e+00   0.000000e+00   0.000000e+00
1     7.199445e+00  -1.813466e-11   9.834192e-11   0.000000e+00  -6.179005e-10  -1.139435e-10   0.000000e+00
0     7.299845e+00   0.000000e+00   0.000000e+00   0.000000e+00   0.000000e+00   0.000000e+00   0.000000e+00
1     7.299845e+00  -7.264800e-11   6.871877e-11   0.000000e+00  -4.317727e-10  -4.564608e-10   0.000000e+00
0     7.399601e+00   0.000000e+00   0.000000e+00   0.000000e+00   0.000000e+00   0.000000e+00   0.000000e+00
1     7.399601e+00  -9.914547e-11   1.304517e-11   0.000000e+00  -8.196521e-11  -6.229493e-10   0.000000e+00
0     7.499357e+00   0.000000e+00   0.000000e+00   0.000000e+00   0.000000e+00   0.000000e+00   0.000000e+00
1     7.499357e+00  -8.795115e-11  -4.758777e-11   0.000000e+00   2.990028e-10  -5.526134e-10   0.000000e+00
0     7.599757e+00   0.000000e+00   0.000000e+00   0.000000e+00   0.000000e+00   0.000000e+00   0.000000e+00
1     7.599757e+00  -4.295593e-11  -9.030387e-11   0.000000e+00   5.673959e-10  -2.699001e-10   0.000000e+00
0     7.699513e+00   0.000000e+00   0.000000e+00   0.000000e+00   0.000000e+00   0.000000e+00   0.000000e+00
1     7.699513e+00   1.817654e-11  -9.833419e-11   0.000000e+00   6.178519e-10   1.142066e-10   0.000000e+00
0     7.799913e+00   0.000000e+00   0.000000e+00   0.000000e+00   0.000000e+00   0.000000e+00   0.000000e+00
1     7.799913e+00   7.267725e-11  -6.868782e-11   0.000000e+00   4.315783e-10   4.566447e-10   0.000000e+00
0     7.899669e+00   0.000000e+00   0.000000e+00   0.000000e+00   0.000000e+00   0.000000e+00   0.000000e+00
1     7.899669e+00   9.915101e-11  -1.300294e-11   0.000000e+00   8.169990e-11   6.229842e-10   0.000000e+00
0     7.999425e+00   0.000000e+00   0.000000e+00   0.000000e+00   0.000000e+00   0.000000e+00   0.000000e+00
1     7.999425e+00   8.793087e-11   4.762522e-11   0.000000e+00  -2.992381e-10   5.524860e-10   0.000000e+00
0     8.099825e+00   0.000000e+00   0.000000e+00   0.000000e+00   0.000000e+00   0.000000e+00   0.000000e+00
1     8.099825e+00   4.291747e-11   9.032215e-11   0.000000e+00  -5.675108e-10   2.696584e-10   0.000000e+00
0     8.199581e+00   0.000000e+00   0.000000e+00   0.000000e+00   0.000000e+00   0.000000e+00   0.000000e+00
1     8.199581e+00  -1.821842e-11   9.832644e-11   0.000000e+00  -6.178033e-10  -1.144697e-10   0.000000e+00
0     8.299981e+00   0.000000e+00   0.000000e+00   0.000000e+00   0.000000e+00   0.000000e+00   0.000000e+00
1     8.299981e+00  -7.270650e-11   6.865686e-11   0.000000e+00  -4.313838e-10  -4.568284e-10   0.000000e+00
0     8.399737e+00   0.000000e+00   0.000000e+00   0.000000e+00   0.000000e+00   0.000000e+00   0.000000e+00
1     8.399737e+00  -9.915654e-11   1.296072e-11   0.000000e+00  -8.143459e-11  -6.230189e-10   0.000000e+00
0     8.499493e+00   0.000000e+00   0.000000e+00   0.000000e+00   0.000000e+00   0.000000e+00   0.000000e+00
1     8.499493e+00  -8.791058e-11  -4.766266e-11   0.000000e+00   2.994733e-10  -5.523585e-10   0.000000e+00
0     8.599893e+00   0.000000e+00   0.000000e+00   0.000000e+00   0.000000e+00   0.000000e+00   0.000000e+00
1     8.599893e+00  -4.287900e-11  -9.034042e-11   0.000000e+00   5.676256e-10  -2.694167e-10   0.000000e+00
0     8.699649e+00   0.000000e+00   0.000000e+00   0.000000e+00   0.000000e+00   0.000000e+00   0.000000e+00
1     8.699649e+00   1.826029e-11  -9.831867e-11   0.000000e+00   6.177545e-10   1.147328e-10   0.000000e+00
0     8.799405e+00   0.000000e+00   0.000000e+00   0.000000e+00   0.000000e+00   0.000000e+00   0.000000e+00
1     8.799405e+00   7.245763e-11  -6.891946e-11   0.000000e+00   4.330337e-10   4.552647e-10   0.000000e+00
0     8.899804e+00   0.000000e+00   0.000000e+00   0.000000e+00   0.000000e+00   0.000000e+00   0.000000e+00
1     8.899804e+00   9.916205e-11  -1.291849e-11   0.000000e+00   8.116926e-11   6.230536e-10   0.000000e+00
0     8.999561e+00   0.000000e+00   0.000000e+00   0.000000e+00   0.000000e+00   0.000000e+00   0.000000e+00
1     8.999561e+00   8.789028e-11   4.770009e-11   0.000000e+00  -2.997085e-10   5.522309e-10   0.000000e+00
0     9.099960e+00   0.000000e+00   0.000000e+00   0.000000e+00   0.000000e+00   0.000000e+00   0.000000e+00
1     9.099960e+00   4.284052e-11   9.035867e-11   0.000000e+00  -5.677403e-10   2.691749e-10   0.000000e+00
0     9.199716e+00   0.000000e+00   0.000000e+00   0.000000e+00   0.000000e+00   0.000000e+00   0.000000e+00
1     9.199716e+00  -1.830216e-11   9.831089e-11   0.000000e+00  -6.177055e-10  -1.149959e-10   0.000000e+00
0     9.299473e+00   0.000000e+00   0.000000e+00   0.000000e+00   0.000000e+00   0.000000e+00   0.000000e+00
1     9.299473e+00  -7.248697e-11   6.888860e-11   0.000000e+00  -4.328398e-10  -4.554491e-10   0.000000e+00
0     9.399872e+00   0.000000e+00   0.000000e+00   0.000000e+00   0.000000e+00   0.000000e+00   0.000000e+00
1     9.399872e+00  -9.916754e-11   1.287626e-11   0.000000e+00  -8.090392e-11  -6.230881e-10   0.000000e+00
0     9.499628e+00   0.000000e+00   0.000000e+00   0.000000e+00   0.000000e+00   0.000000e+00   0.000000e+00
1     9.499628e+00  -8.786996e-11  -4.773752e-11   0.000000e+00   2.999437e-10  -5.521032e-10   0.000000e+00
0     9.599385e+00   0.000000e+00   0.000000e+00   0.000000e+00   0.000000e+00   0.000000e+00   0.000000e+00
1     9.599385e+00  -4.316715e-11  -9.020309e-11   0.000000e+00   5.667627e-10  -2.712272e-10   0.000000e+00
0     9.699784e+00   0.000000e+00   0.000000e+00   0.000000e+00   0.000000e+00   0.000000e+00   0.000000e+00
1     9.699784e+00   1.834402e-11  -9.830309e-11   0.000000e+00   6.176565e-10   1.152589e-10   0.000000e+00
0     9.799540e+00   0.000000e+00   0.000000e+00   0.000000e+00   0.000000e+00   0.000000e+00   0.000000e+00
1     9.799540e+00   7.251630e-11  -6.885772e-11   0.000000e+00   4.326458e-10   4.556334e-10   0.000000e+00
0     9.899940e+00   0.000000e+00   0.000000e+00   0.000000e+00   0.000000e+00   0.000000e+00   0.000000e+00
1     9.899940e+00   9.917302e-11  -1.283403e-11   0.000000e+00   8.063856e-11   6.231225e-10   0.000000e+00
0     9.999696e+00   0.000000e+00   0.000000e+00   0.000000e+00   0.000000e+00   0.000000e+00   0.000000e+00
1     9.999696e+00   8.784962e-11   4.777493e-11   0.000000e+00  -3.001788e-10   5.519754e-10   0.000000e+00
0     1.009945e+01   0.000000e+00   0.000000e+00   0.000000e+00   0.000000e+00   0.000000e+00   0.000000e+00
1     1.009945e+01   4.312873e-11   9.022146e-11   0.000000e+00  -5.668782e-10   2.709858e-10   0.000000e+00
0     1.019985e+01   0.000000e+00   0.000000e+00   0.000000e+00   0.000000e+00   0.000000e+00   0.000000e+00
1     1.019985e+01  -1.838589e-11   9.829527e-11   0.000000e+00  -6.176074e-10  -1.155219e-10   0.000000e+00
0     1.029961e+01   0.000000e+00   0.000000e+00   0.000000e+00   0.000000e+00   0.000000e+00   0.000000e+00
1     1.029961e+01  -7.254562e-11   6.882683e-11   0.000000e+00  -4.324517e-10  -4.558176e-10   0.000000e+00
0     1.039936e+01   0.000000e+00   0.000000e+00   0.000000e+00   0.000000e+00   0.000000e+00   0.000000e+00
1     1.039936e+01  -9.912594e-11   1.319274e-11   0.000000e+00  -8.289244e-11  -6.228266e-10   0.000000e+00
0     1.049976e+01   0.000000e+00   0.000000e+00   0.000000e+00   0.000000e+00   0.000000e+00   0.000000e+00
1     1.049976e+01  -8.782927e-11  -4.781234e-11   0.000000e+00   3.004138e-10  -5.518476e-10   0.000000e+00
0     1.059952e+01   0.000000e+00   0.000000e+00   0.000000e+00   0.000000e+00   0.000000e+00   0.000000e+00
1     1.059952e+01  -4.309031e-11  -9.023982e-11   0.000000e+00   5.669935e-10  -2.707444e-10   0.000000e+00
0     1.069992e+01   0.000000e+00   0.000000e+00   0.000000e+00   0.000000e+00   0.000000e+00   0.000000e+00
1     1.069992e+01   1.842774e-11  -9.828743e-11   0.000000e+00   6.175581e-10   1.157849e-10   0.000000e+00
0     1.079968e+01   0.000000e+00   0.000000e+00   0.000000e+00   0.000000e+00   0.000000e+00   0.000000e+00
1     1.079968e+01   7.257493e-11  -6.879593e-11   0.000000e+00   4.322576e-10   4.560017e-10   0.000000e+00
0     1.089943e+01   0.000000e+00   0.000000e+00   0.000000e+00   0.000000e+00   0.000000e+00   0.000000e+00
1     1.089943e+01   9.913155e-11  -1.315053e-11   0.000000e+00   8.262719e-11   6.228619e-10   0.000000e+00
0     1.099983e+01   0.000000e+00   0.000000e+00   0.000000e+00   0.000000e+00   0.000000e+00   0.000000e+00
1     1.099983e+01   8.780890e-11   4.784974e-11   0.000000e+00  -3.006488e-10   5.517196e-10   0.000000e+00
0     1.109959e+01   0.000000e+00   0.000000e+00   0.000000e+00   0.000000e+00   0.000000e+00   0.000000e+00
1     1.109959e+01   4.305188e-11   9.025816e-11   0.000000e+00  -5.671088e-10   2.705029e-10   0.000000e+00
0     1.119999e+01   0.000000e+00   0.000000e+00   0.000000e+00   0.000000e+00   0.000000e+00   0.000000e+00
1     1.119999e+01  -1.846960e-11   9.827957e-11   0.000000e+00  -6.175087e-10  -1.160479e-10   0.000000e+00
0     1.129974e+01   0.000000e+00   0.000000e+00   0.000000e+00   0.000000e+00   0.000000e+00   0.000000e+00
1     1.129974e+01  -7.260422e-11   6.876502e-11   0.000000e+00  -4.320634e-10  -4.561857e-10   0.000000e+00
0     1.139950e+01   0.000000e+00   0.000000e+00   0.000000e+00   0.000000e+00   0.000000e+00   0.000000e+00
1     1.139950e+01  -9.913714e-11   1.310831e-11   0.000000e+00  -8.236193e-11  -6.228970e-10   0.000000e+00
0     1.149990e+01   0.000000e+00   0.000000e+00   0.000000e+00   0.000000e+00   0.000000e+00   0.000000e+00
1     1.149990e+01  -8.778851e-11  -4.788713e-11   0.000000e+00   3.008837e-10  -5.515915e-10   0.000000e+00
0     1.159966e+01   0.000000e+00   0.000000e+00   0.000000e+00   0.000000e+00   0.000000e+00   0.000000e+00
1     1.159966e+01  -4.301343e-11  -9.027649e-11   0.000000e+00   5.672239e-10  -2.702614e-10   0.000000e+00
0     1.169941e+01   0.000000e+00   0.000000e+00   0.000000e+00   0.000000e+00   0.000000e+00   0.000000e+00
1     1.169941e+01   1.811391e-11  -9.834575e-11   0.000000e+00   6.179246e-10   1.138131e-10   0.000000e+00
0     1.179981e+01   0.000000e+00   0.000000e+00   0.000000e+00   0.000000e+00   0.000000e+00   0.000000e+00
1     1.179981e+01   7.263349e-11  -6.873409e-11   0.000000e+00   4.318690e-10   4.563697e-10   0.000000e+00
0     1.189957e+01   0.000000e+00   0.000000e+00   0.000000e+00   0.000000e+00   0.000000e+00   0.000000e+00
1     1.189957e+01   9.914271e-11  -1.306609e-11   0.000000e+00   8.209666e-11   6.229320e-10   0.000000e+00
0     1.199997e+01   0.000000e+00   0.000000e+00   0.000000e+00   0.000000e+00   0.000000e+00   0.000000e+00
1     1.199997e+01   8.776811e-11   4.792451e-11   0.000000e+00  -3.011186e-10   5.514633e-10   0.000000e+00
0     1.209972e+01   0.000000e+00   0.000000e+00   0.000000e+00   0.000000e+00   0.000000e+00   0.000000e+00
1     1.209972e+01   4.297498e-11   9.029480e-11   0.000000e+00  -5.673390e-10   2.700198e-10   0.000000e+00
0     1.219948e+01   0.000000e+00   0.000000e+00   0.000000e+00   0.000000e+00   0.000000e+00   0.000000e+00
1     1.219948e+01  -1.815579e-11   9.833803e-11   0.000000e+00  -6.178760e-10  -1.140762e-10   0.000000e+00
0     1.229988e+01   0.000000e+00   0.000000e+00   0.000000e+00   0.000000e+00   0.000000e+00   0.000000e+00
1     1.229988e+01  -7.266276e-11   6.870316e-11   0.000000e+00  -4.316747e-10  -4.565536e-10   0.000000e+00
0     1.239964e+01   0.000000e+00   0.000000e+00   0.000000e+00   0.000000e+00   0.000000e+00   0.000000e+00
1     1.239964e+01  -9.914827e-11   1.302387e-11   0.000000e+00  -8.183136e-11  -6.229669e-10   0.000000e+00
0     1.249939e+01   0.000000e+00   0.000000e+00   0.000000e+00   0.000000e+00   0.000000e+00   0.000000e+00
1     1.249939e+01  -8.794092e-11  -4.760666e-11   0.000000e+00   2.991215e-10  -5.525491e-10   0.000000e+00
0     1.259979e+01   0.000000e+00   0.000000e+00   0.000000e+00   0.000000e+00   0.000000e+00   0.000000e+00
1     1.259979e+01  -4.293653e-11  -9.031309e-11   0.000000e+00   5.674539e-10  -2.697782e-10   0.000000e+00
0     1.269955e+01   0.000000e+00   0.000000e+00   0.000000e+00   0.000000e+00   0.000000e+00   0.000000e+00
1     1.269955e+01   1.819767e-11  -9.833028e-11   0.000000e+00   6.178274e-10   1.143393e-10   0.000000e+00
0     1.279995e+01   0.000000e+00   0.000000e+00   0.000000e+00   0.000000e+00   0.000000e+00   0.000000e+00
1     1.279995e+01   7.269201e-11  -6.867220e-11   0.000000e+00   4.314802e-10   4.567374e-10   0.000000e+00
0     1.289970e+01   0.000000e+00   0.000000e+00   0.000000e+00   0.000000e+00   0.000000e+00   0.000000e+00
1     1.289970e+01   9.915380e-11  -1.298164e-11   0.000000e+00   8.156606e-11   6.230017e-10   0.000000e+00
0     1.299946e+01   0.000000e+00   0.000000e+00   0.000000e+00   0.000000e+00   0.000000e+00   0.000000e+00
1     1.299946e+01   8.792064e-11   4.764411e-11   0.000000e+00  -2.993568e-10   5.524217e-10   0.000000e+00
0     1.309986e+01   0.000000e+00   0.000000e+00   0.000000e+00   0.000000e+00   0.000000e+00   0.000000e+00
1     1.309986e+01   4.289806e-11   9.033137e-11   0.000000e+00  -5.675687e-10   2.695365e-10   0.000000e+00
0     1.319962e+01   0.000000e+00   0.000000e+00   0.000000e+00   0.000000e+00   0.000000e+00   0.000000e+00
1     1.319962e+01  -1.823954e-11   9.832253e-11   0.000000e+00  -6.177786e-10  -1.146024e-10   0.000000e+00
0     1.329937e+01   0.000000e+00   0.000000e+00   0.000000e+00   0.000000e+00   0.000000e+00   0.000000e+00
1     1.329937e+01  -7.244308e-11   6.893475e-11   0.000000e+00  -4.331298e-10  -4.551733e-10   0.000000e+00
0     1.339977e+01   0.000000e+00   0.000000e+00   0.000000e+00   0.000000e+00   0.000000e+00   0.000000e+00
1     1.339977e+01  -9.915932e-11   1.293941e-11   0.000000e+00  -8.130074e-11  -6.230364e-10   0.000000e+00
0     1.349953e+01   0.000000e+00   0.000000e+00   0.000000e+00   0.000000e+00   0.000000e+00   0.000000e+00
1     1.349953e+01  -8.790034e-11  -4.768155e-11   0.000000e+00   2.995920e-10  -5.522941e-10   0.000000e+00
0     1.359993e+01   0.000000e+00   0.000000e+00   0.000000e+00   0.000000e+00   0.000000e+00   0.000000e+00
1     1.359993e+01  -4.285959e-11  -9.034963e-11   0.000000e+00   5.676835e-10  -2.692947e-10   0.000000e+00
0     1.369968e+01   0.000000e+00   0.000000e+00   0.000000e+00   0.000000e+00   0.000000e+00   0.000000e+00
1     1.369968e+01   1.828141e-11  -9.831475e-11   0.000000e+00   6.177298e-10   1.148655e-10   0.000000e+00
0     1.379944e+01   0.000000e+00   0.000000e+00   0.000000e+00   0.000000e+00   0.000000e+00   0.000000e+00
1     1.379944e+01   7.247244e-11  -6.890389e-11   0.000000e+00   4.329359e-10   4.553577e-10   0.000000e+00
0     1.389984e+01   0.000000e+00   0.000000e+00   0.000000e+00   0.000000e+00   0.000000e+00   0.000000e+00
1     1.389984e+01   9.916483e-11  -1.289718e-11   0.000000e+00   8.103540e-11   6.230710e-10   0.000000e+00
0     1.399959e+01   0.000000e+00   0.000000e+00   0.000000e+00   0.000000e+00   0.000000e+00   0.000000e+00
1     1.399959e+01   8.788003e-11   4.771897e-11   0.000000e+00  -2.998272e-10   5.521665e-10   0.000000e+00
0     1.409999e+01   0.000000e+00   0.000000e+00   0.000000e+00   0.000000e+00   0.000000e+00   0.000000e+00
1     1.409999e+01   4.282111e-11   9.036787e-11   0.000000e+00  -5.677981e-10   2.690530e-10   0.000000e+00
0     1.419975e+01   0.000000e+00   0.000000e+00   0.000000e+00   0.000000e+00   0.000000e+00   0.000000e+00
1     1.419975e+01  -1.832328e-11   9.830695e-11   0.000000e+00  -6.176808e-10  -1.151286e-10   0.000000e+00
0     1.429951e+01   0.000000e+00   0.000000e+00   0.000000e+00   0.000000e+00   0.000000e+00   0.000000e+00
1     1.429951e+01  -7.250177e-11   6.887302e-11   0.000000e+00  -4.327420e-10  -4.555421e-10   0.000000e+00
0     1.439991e+01   0.000000e+00   0.000000e+00   0.000000e+00   0.000000e+00   0.000000e+00   0.000000e+00
1     1.439991e+01  -9.917031e-11   1.285495e-11   0.000000e+00  -8.077004e-11  -6.231054e-10   0.000000e+00
0     1.449966e+01   0.000000e+00   0.000000e+00   0.000000e+00   0.000000e+00   0.000000e+00   0.000000e+00
1     1.449966e+01  -8.785970e-11  -4.775640e-11   0.000000e+00   3.000623e-10  -5.520388e-10   0.000000e+00
0     1.459942e+01   0.000000e+00   0.000000e+00   0.000000e+00   0.000000e+00   0.000000e+00   0.000000e+00
1     1.459942e+01  -4.314777e-11  -9.021236e-11   0.000000e+00   5.668210e-10  -2.711054e-10   0.000000e+00
0     1.469982e+01   0.000000e+00   0.000000e+00   0.000000e+00   0.000000e+00   0.000000e+00   0.000000e+00
1     1.469982e+01   1.836515e-11  -9.829914e-11   0.000000e+00   6.176317e-10   1.153916e-10   0.000000e+00
0     1.479957e+01   0.000000e+00   0.000000e+00   0.000000e+00   0.000000e+00   0.000000e+00   0.000000e+00
1     1.479957e+01   7.253110e-11  -6.884214e-11   0.000000e+00   4.325479e-10   4.557263e-10   0.000000e+00
0     1.489997e+01   0.000000e+00   0.000000e+00   0.000000e+00   0.000000e+00   0.000000e+00   0.000000e+00
1     1.489997e+01   9.917577e-11  -1.281272e-11   0.000000e+00   8.050468e-11   6.231398e-10   0.000000e+00
0     1.499973e+01   0.000000e+00   0.000000e+00   0.000000e+00   0.000000e+00   0.000000e+00   0.000000e+00
1     1.499973e+01   8.783935e-11   4.779381e-11   0.000000e+00  -3.002974e-10   5.519109e-10   0.000000e+00
0     1.509949e+01   0.000000e+00   0.000000e+00   0.000000e+00   0.000000e+00   0.000000e+00   0.000000e+00
1     1.509949e+01   4.310935e-11   9.023073e-11   0.000000e+00  -5.669364e-10   2.708640e-10   0.000000e+00
0     1.519989e+01   0.000000e+00   0.000000e+00   0.000000e+00   0.000000e+00   0.000000e+00   0.000000e+00
1     1.519989e+01  -1.840701e-11   9.829131e-11   0.000000e+00  -6.175825e-10  -1.156546e-10   0.000000e+00
0     1.529964e+01   0.000000e+00   0.000000e+00   0.000000e+00   0.000000e+00   0.000000e+00   0.000000e+00
1     1.529964e+01  -7.256041e-11   6.881124e-11   0.000000e+00  -4.323538e-10  -4.559105e-10   0.000000e+00
0     1.539940e+01   0.000000e+00   0.000000e+00   0.000000e+00   0.000000e+00   0.000000e+00   0.000000e+00
1     1.539940e+01  -9.912877e-11   1.317144e-11   0.000000e+00  -8.275861e-11  -6.228444e-10   0.000000e+00
0     1.549980e+01   0.000000e+00   0.000000e+00   0.000000e+00   0.000000e+00   0.000000e+00   0.000000e+00
1     1.549980e+01  -8.781899e-11  -4.783121e-11   0.000000e+00   3.005324e-10  -5.517830e-10   0.000000e+00
0     1.559955e+01   0.000000e+00   0.000000e+00   0.000000e+00   0.000000e+00   0.000000e+00   0.000000e+00
1     1.559955e+01  -4.307092e-11  -9.024908e-11   0.000000e+00   5.670517e-10  -2.706226e-10   0.000000e+00
0     1.569995e+01   0.000000e+00   0.000000e+00   0.000000e+00   0.000000e+00   0.000000e+00   0.000000e+00
1     1.569995e+01   1.844886e-11  -9.828346e-11   0.000000e+00   6.175332e-10   1.159176e-10   0.000000e+00
0     1.579971e+01   0.000000e+00   0.000000e+00   0.000000e+00   0.000000e+00   0.000000e+00   0.000000e+00
1     1.579971e+01   7.258971e-11  -6.878034e-11   0.000000e+00   4.321596e-10   4.560946e-10   0.000000e+00
0     1.589947e+01   0.000000e+00   0.000000e+00   0.000000e+00   0.000000e+00   0.000000e+00   0.000000e+00
1     1.589947e+01   9.913437e-11  -1.312922e-11   0.000000e+00   8.249335e-11   6.228796e-10   0.000000e+00
0     1.599987e+01   0.000000e+00   0.000000e+00   0.000000e+00   0.000000e+00   0.000000e+00   0.000000e+00
1     1.599987e+01   8.779861e-11   4.786861e-11   0.000000e+00  -3.007673e-10   5.516550e-10   0.000000e+00
0     1.609962e+01   0.000000e+00   0.000000e+00   0.000000e+00   0.000000e+00   0.000000e+00   0.000000e+00
1     1.609962e+01   4.303248e-11   9.026741e-11   0.000000e+00  -5.671669e-10   2.703810e-10   0.000000e+00
0     1.619938e+01   0.000000e+00   0.000000e+00   0.000000e+00   0.000000e+00   0.000000e+00   0.000000e+00
1     1.619938e+01  -1.809316e-11   9.834957e-11   0.000000e+00  -6.179486e-10  -1.136827e-10   0.000000e+00
0     1.629978e+01   0.000000e+00   0.000000e+00   0.000000e+00   0.000000e+00   0.000000e+00   0.000000e+00
1     1.629978e+01  -7.261899e-11   6.874942e-11   0.000000e+00  -4.319653e-10  -4.562786e-10   0.000000e+00
0     1.639953e+01   0.000000e+00   0.000000e+00   0.000000e+00   0.000000e+00   0.000000e+00   0.000000e+00
1     1.639953e+01  -9.913995e-11   1.308700e-11   0.000000e+00  -8.222807e-11  -6.229147e-10   0.000000e+00
0     1.649993e+01   0.000000e+00   0.000000e+00   0.000000e+00   0.000000e+00   0.000000e+00   0.000000e+00
1     1.649993e+01  -8.777822e-11  -4.790599e-11   0.000000e+00   3.010022e-10  -5.515268e-10   0.000000e+00
0     1.659969e+01   0.000000e+00   0.000000e+00   0.000000e+00   0.000000e+00   0.000000e+00   0.000000e+00
1     1.659969e+01  -4.299403e-11  -9.028573e-11   0.000000e+00   5.672820e-10  -2.701395e-10   0.000000e+00
0     1.669945e+01   0.000000e+00   0.000000e+00   0.000000e+00   0.000000e+00   0.000000e+00   0.000000e+00
1     1.669945e+01   1.813505e-11  -9.834185e-11   0.000000e+00   6.179001e-10   1.139459e-10   0.000000e+00
0     1.679985e+01   0.000000e+00   0.000000e+00   0.000000e+00   0.000000e+00   0.000000e+00   0.000000e+00
1     1.679985e+01   7.264826e-11  -6.871848e-11   0.000000e+00   4.317710e-10   4.564625e-10   0.000000e+00
0     1.689960e+01   0.000000e+00   0.000000e+00   0.000000e+00   0.000000e+00   0.000000e+00   0.000000e+00
1     1.689960e+01   9.914552e-11  -1.304478e-11   0.000000e+00   8.196278e-11   6.229497e-10   0.000000e+00
0     1.699936e+01   0.000000e+00   0.000000e+00   0.000000e+00   0.000000e+00   0.000000e+00   0.000000e+00
1     1.699936e+01   8.795096e-11   4.758811e-11   0.000000e+00  -2.990049e-10   5.526122e-10   0.000000e+00
0     1.709976e+01   0.000000e+00   0.000000e+00   0.000000e+00   0.000000e+00   0.000000e+00   0.000000e+00
1     1.709976e+01   4.295558e-11   9.030403e-11   0.000000e+00  -5.673970e-10   2.698979e-10   0.000000e+00
0     1.719951e+01   0.000000e+00   0.000000e+00   0.000000e+00   0.000000e+00   0.000000e+00   0.000000e+00
1     1.719951e+01  -1.817693e-11   9.833412e-11   0.000000e+00  -6.178515e-10  -1.142090e-10   0.000000e+00
0     1.729991e+01   0.000000e+00   0.000000e+00   0.000000e+00   0.000000e+00   0.000000e+00   0.000000e+00
1     1.729991e+01  -7.267752e-11   6.868754e-11   0.000000e+00  -4.315765e-10  -4.566463e-10   0.000000e+00
0     1.739967e+01   0.000000e+00   0.000000e+00   0.000000e+00   0.000000e+00   0.000000e+00   0.000000e+00
1     1.739967e+01  -9.915106e-11   1.300256e-11   0.000000e+00  -8.169748e-11  -6.229845e-10   0.000000e+00
0     1.749943e+01   0.000000e+00   0.000000e+00   0.000000e+00   0.000000e+00   0.000000e+00   0.000000e+00
1     1.749943e+01  -8.793069e-11  -4.762556e-11   0.000000e+00   2.992402e-10  -5.524848e-10   0.000000e+00
0     1.759983e+01   0.000000e+00   0.000000e+00   0.000000e+00   0.000000e+00   0.000000e+00   0.000000e+00
1     1.759983e+01  -4.291712e-11  -9.032232e-11   0.000000e+00   5.675119e-10  -2.696562e-10   0.000000e+00
0     1.769958e+01   0.000000e+00   0.000000e+00   0.000000e+00   0.000000e+00   0.000000e+00   0.000000e+00
1     1.769958e+01   1.821880e-11  -9.832637e-11   0.000000e+00   6.178028e-10   1.144721e-10   0.000000e+00
0     1.779998e+01   0.000000e+00   0.000000e+00   0.000000e+00   0.000000e+00   0.000000e+00   0.000000e+00
1     1.779998e+01   7.270677e-11  -6.865658e-11   0.000000e+00   4.313820e-10   4.568301e-10   0.000000e+00
0     1.789974e+01   0.000000e+00   0.000000e+00   0.000000e+00   0.000000e+00   0.000000e+00   0.000000e+00
1     1.789974e+01   9.915659e-11  -1.296033e-11   0.000000e+00   8.143216e-11   6.230192e-10   0.000000e+00
0     1.799949e+01   0.000000e+00   0.000000e+00   0.000000e+00   0.000000e+00   0.000000e+00   0.000000e+00
1     1.799949e+01   8.791040e-11   4.766300e-11   0.000000e+00  -2.994755e-10   5.523573e-10   0.000000e+00
0     1.809989e+01   0.000000e+00   0.000000e+00   0.000000e+00   0.000000e+00   0.000000e+00   0.000000e+00
1     1.809989e+01   4.287865e-11   9.034059e-11   0.000000e+00  -5.676267e-10   2.694145e-10   0.000000e+00
0     1.819965e+01   0.000000e+00   0.000000e+00   0.000000e+00   0.000000e+00   0.000000e+00   0.000000e+00
1     1.819965e+01  -1.826068e-11   9.831860e-11   0.000000e+00  -6.177540e-10  -1.147352e-10   0.000000e+00
0     1.829941e+01   0.000000e+00   0.000000e+00   0.000000e+00   0.000000e+00   0.000000e+00   0.000000e+00
1     1.829941e+01  -7.245790e-11   6.891918e-11   0.000000e+00  -4.330320e-10  -4.552664e-10   0.000000e+00
0     1.839981e+01   0.000000e+00   0.000000e+00   0.000000e+00   0.000000e+00   0.000000e+00   0.000000e+00
1     1.839981e+01  -9.916210e-11   1.291810e-11   0.000000e+00  -8.116682e-11  -6.230539e-10   0.000000e+00
0     1.849956e+01   0.000000e+00   0.000000e+00   0.000000e+00   0.000000e+00   0.000000e+00   0.000000e+00
1     1.849956e+01  -8.789009e-11  -4.770044e-11   0.000000e+00   2.997107e-10  -5.522297e-10   0.000000e+00
0     1.859996e+01   0.000000e+00   0.000000e+00   0.000000e+00   0.000000e+00   0.000000e+00   0.000000e+00
1     1.859996e+01  -4.284017e-11  -9.035884e-11   0.000000e+00   5.677413e-10  -2.691727e-10   0.000000e+00
0     1.869972e+01   0.000000e+00   0.000000e+00   0.000000e+00   0.000000e+00   0.000000e+00   0.000000e+00
1     1.869972e+01   1.830255e-11  -9.831082e-11   0.000000e+00   6.177051e-10   1.149983e-10   0.000000e+00
0     1.879947e+01   0.000000e+00   0.000000e+00   0.000000e+00   0.000000e+00   0.000000e+00   0.000000e+00
1     1.879947e+01   7.248724e-11  -6.888831e-11   0.000000e+00   4.328380e-10   4.554508e-10   0.000000e+00
0     1.889987e+01   0.000000e+00   0.000000e+00   0.000000e+00   0.000000e+00   0.000000e+00   0.000000e+00
1     1.889987e+01   9.916760e-11  -1.287587e-11   0.000000e+00   8.090147e-11   6.230884e-10   0.000000e+00
0     1.899963e+01   0.000000e+00   0.000000e+00   0.000000e+00   0.000000e+00   0.000000e+00   0.000000e+00
1     1.899963e+01   8.786977e-11   4.773786e-11   0.000000e+00  -2.999458e-10   5.521020e-10   0.000000e+00
0     1.909939e+01   0.000000e+00   0.000000e+00   0.000000e+00   0.000000e+00   0.000000e+00   0.000000e+00
1     1.909939e+01   4.316680e-11   9.020326e-11   0.000000e+00  -5.667638e-10   2.712250e-10   0.000000e+00
0     1.919978e+01   0.000000e+00   0.000000e+00   0.000000e+00   0.000000e+00   0.000000e+00   0.000000e+00
1     1.919978e+01  -1.834441e-11   9.830301e-11   0.000000e+00  -6.176561e-10  -1.152613e-10   0.000000e+00
0     1.929954e+01   0.000000e+00   0.000000e+00   0.000000e+00   0.000000e+00   0.000000e+00   0.000000e+00
1     1.929954e+01  -7.251658e-11   6.885743e-11   0.000000e+00  -4.326440e-10  -4.556351e-10   0.000000e+00
0     1.939994e+01   0.000000e+00   0.000000e+00   0.000000e+00   0.000000e+00   0.000000e+00   0.000000e+00
1     1.939994e+01  -9.917307e-11   1.283363e-11   0.000000e+00  -8.063610e-11  -6.231228e-10   0.000000e+00
0     1.949970e+01   0.000000e+00   0.000000e+00   0.000000e+00   0.000000e+00   0.000000e+00   0.000000e+00
1     1.949970e+01  -8.784943e-11  -4.777528e-11   0.000000e+00   3.001809e-10  -5.519743e-10   0.000000e+00
0     1.959945e+01   0.000000e+00   0.000000e+00   0.000000e+00   0.000000e+00   0.000000e+00   0.000000e+00
1     1.959945e+01  -4.312838e-11  -9.022163e-11   0.000000e+00   5.668792e-10  -2.709836e-10   0.000000e+00
0     1.969985e+01   0.000000e+00   0.000000e+00   0.000000e+00   0.000000e+00   0.000000e+00   0.000000e+00
1     1.969985e+01   1.838628e-11  -9.829519e-11   0.000000e+00   6.176069e-10   1.155244e-10   0.000000e+00
0     1.979961e+01   0.000000e+00   0.000000e+00   0.000000e+00   0.000000e+00   0.000000e+00   0.000000e+00
1     1.979961e+01   7.254589e-11  -6.882654e-11   0.000000e+00   4.324499e-10   4.558193e-10   0.000000e+00
0     1.989936e+01   0.000000e+00   0.000000e+00   0.000000e+00   0.000000e+00   0.000000e+00   0.000000e+00
1     1.989936e+01   9.912599e-11  -1.319235e-11   0.000000e+00   8.288996e-11   6.228270e-10   0.000000e+00
0     1.999976e+01   0.000000e+00   0.000000e+00   0.000000e+00   0.000000e+00   0.000000e+00   0.000000e+00
1     1.999976e+01   8.782908e-11   4.781269e-11   0.000000e+00  -3.004160e-10   5.518464e-10   0.000000e+00
0     2.009952e+01   0.000000e+00   0.000000e+00   0.000000e+00   0.000000e+00   0.000000e+00   0.000000e+00
1     2.009952e+01   4.308995e-11   9.023999e-11   0.000000e+00  -5.669946e-10   2.707421e-10   0.000000e+00
0     2.019992e+01   0.000000e+00   0.000000e+00   0.000000e+00   0.000000e+00   0.000000e+00   0.000000e+00
1     2.019992e+01  -1.842814e-11   9.828735e-11   0.000000e+00  -6.175577e-10  -1.157874e-10   0.000000e+00
0     2.029968e+01   0.000000e+00   0.000000e+00   0.000000e+00   0.000000e+00   0.000000e+00   0.000000e+00
1     2.029968e+01  -7.257520e-11   6.879564e-11   0.000000e+00  -4.322558e-10  -4.560034e-10   0.000000e+00
0     2.039943e+01   0.000000e+00   0.000000e+00   0.000000e+00   0.000000e+00   0.000000e+00   0.000000e+00
1     2.039943e+01  -9.913160e-11   1.315013e-11   0.000000e+00  -8.262471e-11  -6.228622e-10   0.000000e+00
0     2.049983e+01   0.000000e+00   0.000000e+00   0.000000e+00   0.000000e+00   0.000000e+00   0.000000e+00
1     2.049983e+01  -8.780871e-11  -4.785009e-11   0.000000e+00   3.006510e-10  -5.517184e-10   0.000000e+00
0     2.059959e+01   0.000000e+00   0.000000e+00   0.000000e+00   0.000000e+00   0.000000e+00   0.000000e+00
1     2.059959e+01  -4.305151e-11  -9.025834e-11   0.000000e+00   5.671098e-10  -2.705006e-10   0.000000e+00
0     2.069999e+01   0.000000e+00   0.000000e+00   0.000000e+00   0.000000e+00   0.000000e+00   0.000000e+00
1     2.069999e+01   1.846999e-11  -9.827950e-11   0.000000e+00   6.175083e-10   1.160504e-10   0.000000e+00
0     2.079974e+01   0.000000e+00   0.000000e+00   0.000000e+00   0.000000e+00   0.000000e+00   0.000000e+00
1     2.079974e+01   7.260449e-11  -6.876473e-11   0.000000e+00   4.320615e-10   4.561875e-10   0.000000e+00
0     2.089950e+01   0.000000e+00   0.000000e+00   0.000000e+00   0.000000e+00   0.000000e+00   0.000000e+00
1     2.089950e+01   9.913719e-11  -1.310791e-11   0.000000e+00   8.235943e-11   6.228973e-10   0.000000e+00
0     2.099990e+01   0.000000e+00   0.000000e+00   0.000000e+00   0.000000e+00   0.000000e+00   0.000000e+00
1     2.099990e+01   8.778832e-11   4.788748e-11   0.000000e+00  -3.008859e-10   5.515903e-10   0.000000e+00
0     2.109966e+01   0.000000e+00   0.000000e+00   0.000000e+00   0.000000e+00   0.000000e+00   0.000000e+00
1     2.109966e+01   4.301307e-11   9.027666e-11   0.000000e+00  -5.672250e-10   2.702591e-10   0.000000e+00
0     2.119941e+01   0.000000e+00   0.000000e+00   0.000000e+00   0.000000e+00   0.000000e+00   0.000000e+00
1     2.119941e+01  -1.811431e-11   9.834568e-11   0.000000e+00  -6.179241e-10  -1.138156e-10   0.000000e+00
0     2.129981e+01   0.000000e+00   0.000000e+00   0.000000e+00   0.000000e+00   0.000000e+00   0.000000e+00
1     2.129981e+01  -7.263377e-11   6.873380e-11   0.000000e+00  -4.318672e-10  -4.563714e-10   0.000000e+00
0     2.139957e+01   0.000000e+00   0.000000e+00   0.000000e+00   0.000000e+00   0.000000e+00   0.000000e+00
1     2.139957e+01  -9.914276e-11   1.306569e-11   0.000000e+00  -8.209414e-11  -6.229324e-10   0.000000e+00
0     2.149997e+01   0.000000e+00   0.000000e+00   0.000000e+00   0.000000e+00   0.000000e+00   0.000000e+00
1     2.149997e+01  -8.776792e-11  -4.792487e-11   0.000000e+00   3.011208e-10  -5.514621e-10   0.000000e+00
0     2.159972e+01   0.000000e+00   0.000000e+00   0.000000e+00   0.000000e+00   0.000000e+00   0.000000e+00
1     2.159972e+01  -4.297462e-11  -9.029497e-11   0.000000e+00   5.673400e-10  -2.700175e-10   0.000000e+00
0     2.169948e+01   0.000000e+00   0.000000e+00   0.000000e+00   0.000000e+00   0.000000e+00   0.000000e+00
1     2.169948e+01   1.815619e-11  -9.833795e-11   0.000000e+00   6.178756e-10   1.140787e-10   0.000000e+00
0     2.179988e+01   0.000000e+00   0.000000e+00   0.000000e+00   0.000000e+00   0.000000e+00   0.000000e+00
1     2.179988e+01   7.266304e-11  -6.870286e-11   0.000000e+00   4.316728e-10   4.565553e-10   0.000000e+00
0     2.189964e+01   0.000000e+00   0.000000e+00   0.000000e+00   0.000000e+00   0.000000e+00   0.000000e+00
1     2.189964e+01   9.914832e-11  -1.302346e-11   0.000000e+00   8.182884e-11   6.229673e-10   0.000000e+00
0     2.199939e+01   0.000000e+00   0.000000e+00   0.000000e+00   0.000000e+00   0.000000e+00   0.000000e+00
1     2.199939e+01   8.794073e-11   4.760702e-11   0.000000e+00  -2.991237e-10   5.525479e-10   0.000000e+00
0     2.209979e+01   0.000000e+00   0.000000e+00   0.000000e+00   0.000000e+00   0.000000e+00   0.000000e+00
1     2.209979e+01   4.293616e-11   9.031327e-11   0.000000e+00  -5.674550e-10   2.697759e-10   0.000000e+00
0     2.219955e+01   0.000000e+00   0.000000e+00   0.000000e+00   0.000000e+00   0.000000e+00   0.000000e+00
1     2.219955e+01  -1.819807e-11   9.833021e-11   0.000000e+00  -6.178269e-10  -1.143418e-10   0.000000e+00
0     2.229995e+01   0.000000e+00   0.000000e+00   0.000000e+00   0.000000e+00   0.000000e+00   0.000000e+00
1     2.229995e+01  -7.269229e-11   6.867191e-11   0.000000e+00  -4.314783e-10  -4.567391e-10   0.000000e+00
0     2.239970e+01   0.000000e+00   0.000000e+00   0.000000e+00   0.000000e+00   0.000000e+00   0.000000e+00
1     2.239970e+01  -9.915386e-11   1.298124e-11   0.000000e+00  -8.156352e-11  -6.230021e-10   0.000000e+00
0     2.249946e+01   0.000000e+00   0.000000e+00   0.000000e+00   0.000000e+00   0.000000e+00   0.000000e+00
1     2.249946e+01  -8.792045e-11  -4.764447e-11   0.000000e+00   2.993590e-10  -5.524205e-10   0.000000e+00
0     2.259986e+01   0.000000e+00   0.000000e+00   0.000000e+00   0.000000e+00   0.000000e+00   0.000000e+00
1     2.259986e+01  -4.289769e-11  -9.033154e-11   0.000000e+00   5.675698e-10  -2.695342e-10   0.000000e+00
0     2.269962e+01   0.000000e+00   0.000000e+00   0.000000e+00   0.000000e+00   0.000000e+00   0.000000e+00
1     2.269962e+01   1.823995e-11  -9.832245e-11   0.000000e+00   6.177782e-10   1.146050e-10   0.000000e+00
0     2.279937e+01   0.000000e+00   0.000000e+00   0.000000e+00   0.000000e+00   0.000000e+00   0.000000e+00
1     2.279937e+01   7.244337e-11  -6.893445e-11   0.000000e+00   4.331279e-10   4.551751e-10   0.000000e+00
0     2.289977e+01   0.000000e+00   0.000000e+00   0.000000e+00   0.000000e+00   0.000000e+00   0.000000e+00
1     2.289977e+01   9.915938e-11  -1.293901e-11   0.000000e+00   8.129818e-11   6.230367e-10   0.000000e+00
0     2.299953e+01   0.000000e+00   0.000000e+00   0.000000e+00   0.000000e+00   0.000000e+00   0.000000e+00
1     2.299953e+01   8.790015e-11   4.768191e-11   0.000000e+00  -2.995942e-10   5.522929e-10   0.000000e+00
0     2.309993e+01   0.000000e+00   0.000000e+00   0.000000e+00   0.000000e+00   0.000000e+00   0.000000e+00
1     2.309993e+01   4.285922e-11   9.034981e-11   0.000000e+00  -5.676846e-10   2.692924e-10   0.000000e+00
0     2.319968e+01   0.000000e+00   0.000000e+00   0.000000e+00   0.000000e+00   0.000000e+00   0.000000e+00
1     2.319968e+01  -1.828182e-11   9.831467e-11   0.000000e+00  -6.177293e-10  -1.148680e-10   0.000000e+00
0     2.329944e+01   0.000000e+00   0.000000e+00   0.000000e+00   0.000000e+00   0.000000e+00   0.000000e+00
1     2.329944e+01  -7.247272e-11   6.890359e-11   0.000000e+00  -4.329340e-10  -4.553595e-10   0.000000e+00
0     2.339984e+01   0.000000e+00   0.000000e+00   0.000000e+00   0.000000e+00   0.000000e+00   0.000000e+00
1     2.339984e+01  -9.916488e-11   1.289678e-11   0.000000e+00  -8.103283e-11  -6.230713e-10   0.000000e+00
0     2.349960e+01   0.000000e+00   0.000000e+00   0.000000e+00   0.000000e+00   0.000000e+00   0.000000e+00
1     2.349960e+01  -8.787983e-11  -4.771934e-11   0.000000e+00   2.998294e-10  -5.521653e-10   0.000000e+00
0     2.360000e+01   0.000000e+00   0.000000e+00   0.000000e+00   0.000000e+00   0.000000e+00   0.000000e+00
1     2.360000e+01  -4.282074e-11  -9.036805e-11   0.000000e+00   5.677992e-10  -2.690506e-10   0.000000e+00
0     2.369975e+01   0.000000e+00   0.000000e+00   0.000000e+00   0.000000e+00   0.000000e+00   0.000000e+00
1     2.369975e+01   1.832369e-11  -9.830688e-11   0.000000e+00   6.176803e-10   1.151311e-10   0.000000e+00
0     2.379951e+01   0.000000e+00   0.000000e+00   0.000000e+00   0.000000e+00   0.000000e+00   0.000000e+00
1     2.379951e+01   7.250206e-11  -6.887272e-11   0.000000e+00   4.327401e-10   4.555439e-10   0.000000e+00
0     2.389991e+01   0.000000e+00   0.000000e+00   0.000000e+00   0.000000e+00   0.000000e+00   0.000000e+00
1     2.389991e+01   9.917036e-11  -1.285454e-11   0.000000e+00   8.076747e-11   6.231058e-10   0.000000e+00
0     2.399966e+01   0.000000e+00   0.000000e+00   0.000000e+00   0.000000e+00   0.000000e+00   0.000000e+00
1     2.399966e+01   8.785950e-11   4.775676e-11   0.000000e+00  -3.000646e-10   5.520375e-10   0.000000e+00
0     2.409942e+01   0.000000e+00   0.000000e+00   0.000000e+00   0.000000e+00   0.000000e+00   0.000000e+00
1     2.409942e+01   4.314740e-11   9.021254e-11   0.000000e+00  -5.668221e-10   2.711031e-10   0.000000e+00
0     2.419982e+01   0.000000e+00   0.000000e+00   0.000000e+00   0.000000e+00   0.000000e+00   0.000000e+00
1     2.419982e+01  -1.836555e-11   9.829907e-11   0.000000e+00  -6.176312e-10  -1.153942e-10   0.000000e+00
0     2.429958e+01   0.000000e+00   0.000000e+00   0.000000e+00   0.000000e+00   0.000000e+00   0.000000e+00
1     2.429958e+01  -7.253138e-11   6.884184e-11   0.000000e+00  -4.325460e-10  -4.557281e-10   0.000000e+00
0     2.439997e+01   0.000000e+00   0.000000e+00   0.000000e+00   0.000000e+00   0.000000e+00   0.000000e+00
1     2.439997e+01  -9.917583e-11   1.281231e-11   0.000000e+00  -8.050209e-11  -6.231401e-10   0.000000e+00
0     2.449973e+01   0.000000e+00   0.000000e+00   0.000000e+00   0.000000e+00   0.000000e+00   0.000000e+00
1     2.449973e+01  -8.783915e-11  -4.779417e-11   0.000000e+00   3.002996e-10  -5.519097e-10   0.000000e+00
0     2.459949e+01   0.000000e+00   0.000000e+00   0.000000e+00   0.000000e+00   0.000000e+00   0.000000e+00
1     2.459949e+01  -4.310897e-11  -9.023091e-11   0.000000e+00   5.669375e-10  -2.708617e-10   0.000000e+00
0     2.469989e+01   0.000000e+00   0.000000e+00   0.000000e+00   0.000000e+00   0.000000e+00   0.000000e+00
1     2.469989e+01   1.840742e-11  -9.829124e-11   0.000000e+00   6.175820e-10   1.156572e-10   0.000000e+00
0     2.479964e+01   0.000000e+00   0.000000e+00   0.000000e+00   0.000000e+00   0.000000e+00   0.000000e+00
1     2.479964e+01   7.256069e-11  -6.881094e-11   0.000000e+00   4.323519e-10   4.559123e-10   0.000000e+00
0     2.489940e+01   0.000000e+00   0.000000e+00   0.000000e+00   0.000000e+00   0.000000e+00   0.000000e+00
1     2.489940e+01   9.912883e-11  -1.317103e-11   0.000000e+00   8.275601e-11   6.228448e-10   0.000000e+00
0     2.499980e+01   0.000000e+00   0.000000e+00   0.000000e+00   0.000000e+00   0.000000e+00   0.000000e+00
1     2.499980e+01   8.781879e-11   4.783158e-11   0.000000e+00  -3.005347e-10   5.517817e-10   0.000000e+00
0     2.509955e+01   0.000000e+00   0.000000e+00   0.000000e+00   0.000000e+00   0.000000e+00   0.000000e+00
1     2.509955e+01   4.307054e-11   9.024926e-11   0.000000e+00  -5.670528e-10   2.706202e-10   0.000000e+00
0     2.519995e+01   0.000000e+00   0.000000e+00   0.000000e+00   0.000000e+00   0.000000e+00   0.000000e+00
1     2.519995e+01  -1.844928e-11   9.828339e-11   0.000000e+00  -6.175327e-10  -1.159202e-10   0.000000e+00
0     2.529971e+01   0.000000e+00   0.000000e+00   0.000000e+00   0.000000e+00   0.000000e+00   0.000000e+00
1     2.529971e+01  -7.258999e-11   6.878003e-11   0.000000e+00  -4.321577e-10  -4.560964e-10   0.000000e+00
0     2.539947e+01   0.000000e+00   0.000000e+00   0.000000e+00   0.000000e+00   0.000000e+00   0.000000e+00
1     2.539947e+01  -9.913443e-11   1.312881e-11   0.000000e+00  -8.249074e-11  -6.228800e-10   0.000000e+00
0     2.549987e+01   0.000000e+00   0.000000e+00   0.000000e+00   0.000000e+00   0.000000e+00   0.000000e+00
1     2.549987e+01  -8.779841e-11  -4.786898e-11   0.000000e+00   3.007696e-10  -5.516537e-10   0.000000e+00
0     2.559962e+01   0.000000e+00   0.000000e+00   0.000000e+00   0.000000e+00   0.000000e+00   0.000000e+00
1     2.559962e+01  -4.303210e-11  -9.026759e-11   0.000000e+00   5.671680e-10  -2.703787e-10   0.000000e+00
0     2.569938e+01   0.000000e+00   0.000000e+00   0.000000e+00   0.000000e+00   0.000000e+00   0.000000e+00
1     2.569938e+01   1.809358e-11  -9.834949e-11   0.000000e+00   6.179481e-10   1.136853e-10   0.000000e+00
0     2.579978e+01   0.000000e+00   0.000000e+00   0.000000e+00   0.000000e+00   0.000000e+00   0.000000e+00
1     2.579978e+01   7.261928e-11  -6.874911e-11   0.000000e+00   4.319634e-10   4.562804e-10   0.000000e+00
0     2.589953e+01   0.000000e+00   0.000000e+00   0.000000e+00   0.000000e+00   0.000000e+00   0.000000e+00
1     2.589953e+01   9.914001e-11  -1.308659e-11   0.000000e+00   8.222545e-11   6.229150e-10   0.000000e+00
0     2.599993e+01   0.000000e+00   0.000000e+00   0.000000e+00   0.000000e+00   0.000000e+00   0.000000e+00
1     2.599993e+01   8.777802e-11   4.790636e-11   0.000000e+00  -3.010046e-10   5.515255e-10   0.000000e+00
0     2.609969e+01   0.000000e+00   0.000000e+00   0.000000e+00   0.000000e+00   0.000000e+00   0.000000e+00
1     2.609969e+01   4.299365e-11   9.028591e-11   0.000000e+00  -5.672831e-10   2.701371e-10   0.000000e+00
0     2.619945e+01   0.000000e+00   0.000000e+00   0.000000e+00   0.000000e+00   0.000000e+00   0.000000e+00
1     2.619945e+01  -1.813546e-11   9.834178e-11   0.000000e+00  -6.178996e-10  -1.139485e-10   0.000000e+00
0     2.629985e+01   0.000000e+00   0.000000e+00   0.000000e+00   0.000000e+00   0.000000e+00   0.000000e+00
1     2.629985e+01  -7.264855e-11   6.871818e-11   0.000000e+00  -4.317690e-10  -4.564643e-10   0.000000e+00
0     2.639960e+01   0.000000e+00   0.000000e+00   0.000000e+00   0.000000e+00   0.000000e+00   0.000000e+00
1     2.639960e+01  -9.914557e-11   1.304436e-11   0.000000e+00  -8.196015e-11  -6.229500e-10   0.000000e+00
0     2.649936e+01   0.000000e+00   0.000000e+00   0.000000e+00   0.000000e+00   0.000000e+00   0.000000e+00
1     2.649936e+01  -8.795076e-11  -4.758848e-11   0.000000e+00   2.990072e-10  -5.526109e-10   0.000000e+00
0     2.659976e+01   0.000000e+00   0.000000e+00   0.000000e+00   0.000000e+00   0.000000e+00   0.000000e+00
1     2.659976e+01  -4.295520e-11  -9.030421e-11   0.000000e+00   5.673981e-10  -2.698955e-10   0.000000e+00
0     2.669951e+01   0.000000e+00   0.000000e+00   0.000000e+00   0.000000e+00   0.000000e+00   0.000000e+00
1     2.669951e+01   1.817734e-11  -9.833404e-11   0.000000e+00   6.178510e-10   1.142116e-10   0.000000e+00
0     2.679991e+01   0.000000e+00   0.000000e+00   0.000000e+00   0.000000e+00   0.000000e+00   0.000000e+00
1     2.679991e+01   7.267781e-11  -6.868723e-11   0.000000e+00   4.315746e-10   4.566482e-10   0.000000e+00
0     2.689967e+01   0.000000e+00   0.000000e+00   0.000000e+00   0.000000e+00   0.000000e+00   0.000000e+00
1     2.689967e+01   9.915112e-11  -1.300214e-11   0.000000e+00   8.169483e-11   6.229849e-10   0.000000e+00
0     2.699943e+01   0.000000e+00   0.000000e+00   0.000000e+00   0.000000e+00   0.000000e+00   0.000000e+00
1     2.699943e+01   8.793049e-11   4.762593e-11   0.000000e+00  -2.992426e-10   5.524835e-10   0.000000e+00
0     2.709983e+01   0.000000e+00   0.000000e+00   0.000000e+00   0.000000e+00   0.000000e+00   0.000000e+00
1     2.709983e+01   4.291673e-11   9.032250e-11   0.000000e+00  -5.675130e-10   2.696538e-10   0.000000e+00
0     2.719958e+01   0.000000e+00   0.000000e+00   0.000000e+00   0.000000e+00   0.000000e+00   0.000000e+00
1     2.719958e+01  -1.821922e-11   9.832629e-11   0.000000e+00  -6.178023e-10  -1.144747e-10   0.000000e+00
0     2.729998e+01   0.000000e+00   0.000000e+00   0.000000e+00   0.000000e+00   0.000000e+00   0.000000e+00
1     2.729998e+01  -7.270706e-11   6.865627e-11   0.000000e+00  -4.313801e-10  -4.568319e-10   0.000000e+00
0     2.739974e+01   0.000000e+00   0.000000e+00   0.000000e+00   0.000000e+00   0.000000e+00   0.000000e+00
1     2.739974e+01  -9.915665e-11   1.295991e-11   0.000000e+00  -8.142950e-11  -6.230196e-10   0.000000e+00
0     2.749949e+01   0.000000e+00   0.000000e+00   0.000000e+00   0.000000e+00   0.000000e+00   0.000000e+00
1     2.749949e+01  -8.791020e-11  -4.766338e-11   0.000000e+00   2.994778e-10  -5.523560e-10   0.000000e+00
0     2.759989e+01   0.000000e+00   0.000000e+00   0.000000e+00   0.000000e+00   0.000000e+00   0.000000e+00
1     2.759989e+01  -4.287826e-11  -9.034077e-11   0.000000e+00   5.676278e-10  -2.694121e-10   0.000000e+00
0     2.769965e+01   0.000000e+00   0.000000e+00   0.000000e+00   0.000000e+00   0.000000e+00   0.000000e+00
1     2.769965e+01   1.826110e-11  -9.831853e-11   0.000000e+00   6.177535e-10   1.147378e-10   0.000000e+00
0     2.779941e+01   0.000000e+00   0.000000e+00   0.000000e+00   0.000000e+00   0.000000e+00   0.000000e+00
1     2.779941e+01   7.245819e-11  -6.891887e-11   0.000000e+00   4.330300e-10   4.552683e-10   0.000000e+00
0     2.789981e+01   0.000000e+00   0.000000e+00   0.000000e+00   0.000000e+00   0.000000e+00   0.000000e+00
1     2.789981e+01   9.916216e-11  -1.291768e-11   0.000000e+00   8.116415e-11   6.230542e-10   0.000000e+00
0     2.799956e+01   0.000000e+00   0.000000e+00   0.000000e+00   0.000000e+00   0.000000e+00   0.000000e+00
1     2.799956e+01   8.788989e-11   4.770081e-11   0.000000e+00  -2.997131e-10   5.522285e-10   0.000000e+00
0     2.809996e+01   0.000000e+00   0.000000e+00   0.000000e+00   0.000000e+00   0.000000e+00   0.000000e+00
1     2.809996e+01   4.283978e-11   9.035902e-11   0.000000e+00  -5.677425e-10   2.691703e-10   0.000000e+00
0     2.819972e+01   0.000000e+00   0.000000e+00   0.000000e+00   0.000000e+00   0.000000e+00   0.000000e+00
1     2.819972e+01  -1.830297e-11   9.831074e-11   0.000000e+00  -6.177046e-10  -1.150009e-10   0.000000e+00
0     2.829947e+01   0.000000e+00   0.000000e+00   0.000000e+00   0.000000e+00   0.000000e+00   0.000000e+00
1     2.829947e+01  -7.248754e-11   6.888800e-11   0.000000e+00  -4.328361e-10  -4.554526e-10   0.000000e+00
0     2.839987e+01   0.000000e+00   0.000000e+00   0.000000e+00   0.000000e+00   0.000000e+00   0.000000e+00
1     2.839987e+01  -9.916765e-11   1.287544e-11   0.000000e+00  -8.089879e-11  -6.230887e-10   0.000000e+00
0     2.849963e+01   0.000000e+00   0.000000e+00   0.000000e+00   0.000000e+00   0.000000e+00   0.000000e+00
1     2.849963e+01  -8.786956e-11  -4.773824e-11   0.000000e+00   2.999482e-10  -5.521008e-10   0.000000e+00
0     2.859939e+01   0.000000e+00   0.000000e+00   0.000000e+00   0.000000e+00   0.000000e+00   0.000000e+00
1     2.859939e+01  -4.316641e-11  -9.020344e-11   0.000000e+00   5.667649e-10  -2.712225e-10   0.000000e+00
0     2.869979e+01   0.000000e+00   0.000000e+00   0.000000e+00   0.000000e+00   0.000000e+00   0.000000e+00
1     2.869979e+01   1.834484e-11  -9.830293e-11   0.000000e+00   6.176556e-10   1.152640e-10   0.000000e+00
0     2.879954e+01   0.000000e+00   0.000000e+00   0.000000e+00   0.000000e+00   0.000000e+00   0.000000e+00
1     2.879954e+01   7.251687e-11  -6.885712e-11   0.000000e+00   4.326421e-10   4.556369e-10   0.000000e+00
0     2.889994e+01   0.000000e+00   0.000000e+00   0.000000e+00   0.000000e+00   0.000000e+00   0.000000e+00
1     2.889994e+01   9.917313e-11  -1.283321e-11   0.000000e+00   8.063341e-11   6.231231e-10   0.000000e+00
0     2.899970e+01   0.000000e+00   0.000000e+00   0.000000e+00   0.000000e+00   0.000000e+00   0.000000e+00
1     2.899970e+01   8.784922e-11   4.777566e-11   0.000000e+00  -3.001833e-10   5.519730e-10   0.000000e+00
0     2.909945e+01   0.000000e+00   0.000000e+00   0.000000e+00   0.000000e+00   0.000000e+00   0.000000e+00
1     2.909945e+01   4.312799e-11   9.022182e-11   0.000000e+00  -5.668804e-10   2.709811e-10   0.000000e+00
0     2.919985e+01   0.000000e+00   0.000000e+00   0.000000e+00   0.000000e+00   0.000000e+00   0.000000e+00
1     2.919985e+01  -1.838670e-11   9.829511e-11   0.000000e+00  -6.176064e-10  -1.155270e-10   0.000000e+00
0     2.929961e+01   0.000000e+00   0.000000e+00   0.000000e+00   0.000000e+00   0.000000e+00   0.000000e+00
1     2.929961e+01  -7.254619e-11   6.882623e-11   0.000000e+00  -4.324480e-10  -4.558212e-10   0.000000e+00
0     2.939937e+01   0.000000e+00   0.000000e+00   0.000000e+00   0.000000e+00   0.000000e+00   0.000000e+00
1     2.939937e+01  -9.912605e-11   1.319192e-11   0.000000e+00  -8.288727e-11  -6.228273e-10   0.000000e+00
0     2.949977e+01   0.000000e+00   0.000000e+00   0.000000e+00   0.000000e+00   0.000000e+00   0.000000e+00
1     2.949977e+01  -8.782887e-11  -4.781307e-11   0.000000e+00   3.004184e-10  -5.518451e-10   0.000000e+00
0     2.959952e+01   0.000000e+00   0.000000e+00   0.000000e+00   0.000000e+00   0.000000e+00   0.000000e+00
1     2.959952e+01  -4.308956e-11  -9.024018e-11   0.000000e+00   5.669958e-10  -2.707397e-10   0.000000e+00
0     2.969992e+01   0.000000e+00   0.000000e+00   0.000000e+00   0.000000e+00   0.000000e+00   0.000000e+00
1     2.969992e+01   1.842856e-11  -9.828727e-11   0.000000e+00   6.175572e-10   1.157901e-10   0.000000e+00
0     2.979968e+01   0.000000e+00   0.000000e+00   0.000000e+00   0.000000e+00   0.000000e+00   0.000000e+00
1     2.979968e+01   7.257550e-11  -6.879533e-11   0.000000e+00   4.322538e-10   4.560053e-10   0.000000e+00
0     2.989943e+01   0.000000e+00   0.000000e+00   0.000000e+00   0.000000e+00   0.000000e+00   0.000000e+00
1     2.989943e+01   9.913166e-11  -1.314970e-11   0.000000e+00   8.262200e-11   6.228626e-10   0.000000e+00
0     2.999983e+01   0.000000e+00   0.000000e+00   0.000000e+00   0.000000e+00   0.000000e+00   0.000000e+00
1     2.999983e+01   8.780850e-11   4.785047e-11   0.000000e+00  -3.006534e-10   5.517171e-10   0.000000e+00
0     3.009959e+01   0.000000e+00   0.000000e+00   0.000000e+00   0.000000e+00   0.000000e+00   0.000000e+00
1     3.009959e+01   4.305112e-11   9.025852e-11   0.000000e+00  -5.671110e-10   2.704982e-10   0.000000e+00
0     3.019999e+01   0.000000e+00   0.000000e+00   0.000000e+00   0.000000e+00   0.000000e+00   0.000000e+00
1     3.019999e+01  -1.847042e-11   9.827942e-11   0.000000e+00  -6.175078e-10  -1.160531e-10   0.000000e+00
0     3.029975e+01   0.000000e+00   0.000000e+00   0.000000e+00   0.000000e+00   0.000000e+00   0.000000e+00
1     3.029975e+01  -7.260479e-11   6.876441e-11   0.000000e+00  -4.320595e-10  -4.561894e-10   0.000000e+00
0     3.039950e+01   0.000000e+00   0.000000e+00   0.000000e+00   0.000000e+00   0.000000e+00   0.000000e+00
1     3.039950e+01  -9.913725e-11   1.310748e-11   0.000000e+00  -8.235672e-11  -6.228977e-10   0.000000e+00
0     3.049990e+01   0.000000e+00   0.000000e+00   0.000000e+00   0.000000e+00   0.000000e+00   0.000000e+00
1     3.049990e+01  -8.778811e-11  -4.788787e-11   0.000000e+00   3.008883e-10  -5.515890e-10   0.000000e+00
0     3.059966e+01   0.000000e+00   0.000000e+00   0.000000e+00   0.000000e+00   0.000000e+00   0.000000e+00
1     3.059966e+01  -4.301268e-11  -9.027685e-11   0.000000e+00   5.672262e-10  -2.702566e-10   0.000000e+00
0     3.069941e+01   0.000000e+00   0.000000e+00   0.000000e+00   0.000000e+00   0.000000e+00   0.000000e+00
1     3.069941e+01   1.811474e-11  -9.834560e-11   0.000000e+00   6.179236e-10   1.138183e-10   0.000000e+00
0     3.079981e+01   0.000000e+00   0.000000e+00   0.000000e+00   0.000000e+00   0.000000e+00   0.000000e+00
1     3.079981e+01   7.263407e-11  -6.873348e-11   0.000000e+00   4.318652e-10   4.563733e-10   0.000000e+00
0     3.089957e+01   0.000000e+00   0.000000e+00   0.000000e+00   0.000000e+00   0.000000e+00   0.000000e+00
1     3.089957e+01   9.914282e-11  -1.306526e-11   0.000000e+00   8.209142e-11   6.229327e-10   0.000000e+00
0     3.099997e+01   0.000000e+00   0.000000e+00   0.000000e+00   0.000000e+00   0.000000e+00   0.000000e+00
1     3.099997e+01   8.776771e-11   4.792525e-11   0.000000e+00  -3.011232e-10   5.514608e-10   0.000000e+00
0     3.109972e+01   0.000000e+00   0.000000e+00   0.000000e+00   0.000000e+00   0.000000e+00   0.000000e+00
1     3.109972e+01   4.297422e-11   9.029516e-11   0.000000e+00  -5.673412e-10   2.700150e-10   0.000000e+00
0     3.119948e+01   0.000000e+00   0.000000e+00   0.000000e+00   0.000000e+00   0.000000e+00   0.000000e+00
1     3.119948e+01  -1.815662e-11   9.833787e-11   0.000000e+00  -6.178751e-10  -1.140814e-10   0.000000e+00
0     3.129988e+01   0.000000e+00   0.000000e+00   0.000000e+00   0.000000e+00   0.000000e+00   0.000000e+00
1     3.129988e+01  -7.266334e-11   6.870254e-11   0.000000e+00  -4.316708e-10  -4.565572e-10   0.000000e+00
0     3.139964e+01   0.000000e+00   0.000000e+00   0.000000e+00   0.000000e+00   0.000000e+00   0.000000e+00
1     3.139964e+01  -9.914838e-11   1.302303e-11   0.000000e+00  -8.182611e-11  -6.229676e-10   0.000000e+00
0     3.149939e+01   0.000000e+00   0.000000e+00   0.000000e+00   0.000000e+00   0.000000e+00   0.000000e+00
1     3.149939e+01  -8.794052e-11  -4.760740e-11   0.000000e+00   2.991261e-10  -5.525466e-10   0.000000e+00
0     3.159979e+01   0.000000e+00   0.000000e+00   0.000000e+00   0.000000e+00   0.000000e+00   0.000000e+00
1     3.159979e+01  -4.293576e-11  -9.031346e-11   0.000000e+00   5.674562e-10  -2.697734e-10   0.000000e+00
0     3.169955e+01   0.000000e+00   0.000000e+00   0.000000e+00   0.000000e+00   0.000000e+00   0.000000e+00
1     3.169955e+01   1.819850e-11  -9.833013e-11   0.000000e+00   6.178264e-10   1.143446e-10   0.000000e+00
0     3.179995e+01   0.000000e+00   0.000000e+00   0.000000e+00   0.000000e+00   0.000000e+00   0.000000e+00
1     3.179995e+01   7.269259e-11  -6.867159e-11   0.000000e+00   4.314763e-10   4.567410e-10   0.000000e+00
0     3.189970e+01   0.000000e+00   0.000000e+00   0.000000e+00   0.000000e+00   0.000000e+00   0.000000e+00
1     3.189970e+01   9.915391e-11  -1.298080e-11   0.000000e+00   8.156078e-11   6.230024e-10   0.000000e+00
0     3.199946e+01   0.000000e+00   0.000000e+00   0.000000e+00   0.000000e+00   0.000000e+00   0.000000e+00
1     3.199946e+01   8.792024e-11   4.764485e-11   0.000000e+00  -2.993614e-10   5.524191e-10   0.000000e+00
0     3.209986e+01   0.000000e+00   0.000000e+00   0.000000e+00   0.000000e+00   0.000000e+00   0.000000e+00
1     3.209986e+01   4.289730e-11   9.033173e-11   0.000000e+00  -5.675710e-10   2.695317e-10   0.000000e+00
0     3.219962e+01   0.000000e+00   0.000000e+00   0.000000e+00   0.000000e+00   0.000000e+00   0.000000e+00
1     3.219962e+01  -1.824038e-11   9.832237e-11   0.000000e+00  -6.177777e-10  -1.146077e-10   0.000000e+00
0     3.229937e+01   0.000000e+00   0.000000e+00   0.000000e+00   0.000000e+00   0.000000e+00   0.000000e+00
1     3.229937e+01  -7.244367e-11   6.893413e-11   0.000000e+00  -4.331259e-10  -4.551770e-10   0.000000e+00
0     3.239977e+01   0.000000e+00   0.000000e+00   0.000000e+00   0.000000e+00   0.000000e+00   0.000000e+00
1     3.239977e+01  -9.915943e-11   1.293857e-11   0.000000e+00  -8.129544e-11  -6.230371e-10   0.000000e+00
0     3.249953e+01   0.000000e+00   0.000000e+00   0.000000e+00   0.000000e+00   0.000000e+00   0.000000e+00
1     3.249953e+01  -8.789994e-11  -4.768229e-11   0.000000e+00   2.995967e-10  -5.522916e-10   0.000000e+00
0     3.259993e+01   0.000000e+00   0.000000e+00   0.000000e+00   0.000000e+00   0.000000e+00   0.000000e+00
1     3.259993e+01  -4.285882e-11  -9.034999e-11   0.000000e+00   5.676858e-10  -2.692899e-10   0.000000e+00
0     3.269968e+01   0.000000e+00   0.000000e+00   0.000000e+00   0.000000e+00   0.000000e+00   0.000000e+00
1     3.269968e+01   1.828225e-11  -9.831459e-11   0.000000e+00   6.177288e-10   1.148708e-10   0.000000e+00
0     3.279944e+01   0.000000e+00   0.000000e+00   0.000000e+00   0.000000e+00   0.000000e+00   0.000000e+00
1     3.279944e+01   7.247302e-11  -6.890327e-11   0.000000e+00   4.329320e-10   4.553614e-10   0.000000e+00
0     3.289984e+01   0.000000e+00   0.000000e+00   0.000000e+00   0.000000e+00   0.000000e+00   0.000000e+00
1     3.289984e+01   9.916494e-11  -1.289634e-11   0.000000e+00   8.103008e-11   6.230717e-10   0.000000e+00
0     3.299960e+01   0.000000e+00   0.000000e+00   0.000000e+00   0.000000e+00   0.000000e+00   0.000000e+00
1     3.299960e+01   8.787962e-11   4.771973e-11   0.000000e+00  -2.998319e-10   5.521639e-10   0.000000e+00
0     3.310000e+01   0.000000e+00   0.000000e+00   0.000000e+00   0.000000e+00   0.000000e+00   0.000000e+00
1     3.310000e+01   4.282034e-11   9.036824e-11   0.000000e+00  -5.678004e-10   2.690481e-10   0.000000e+00
0     3.319975e+01   0.000000e+00   0.000000e+00   0.000000e+00   0.000000e+00   0.000000e+00   0.000000e+00
1     3.319975e+01  -1.832412e-11   9.830680e-11   0.000000e+00  -6.176798e-10  -1.151339e-10   0.000000e+00
0     3.329951e+01   0.000000e+00   0.000000e+00   0.000000e+00   0.000000e+00   0.000000e+00   0.000000e+00
1     3.329951e+01  -7.250236e-11   6.887240e-11   0.000000e+00  -4.327381e-10  -4.555458e-10   0.000000e+00
0     3.339991e+01   0.000000e+00   0.000000e+00   0.000000e+00   0.000000e+00   0.000000e+00   0.000000e+00
1     3.339991e+01  -9.917042e-11   1.285410e-11   0.000000e+00  -8.076470e-11  -6.231061e-10   0.000000e+00
0     3.349966e+01   0.000000e+00   0.000000e+00   0.000000e+00   0.000000e+00   0.000000e+00   0.000000e+00
1     3.349966e+01  -8.785929e-11  -4.775715e-11   0.000000e+00   3.000670e-10  -5.520362e-10   0.000000e+00
0     3.359942e+01   0.000000e+00   0.000000e+00   0.000000e+00   0.000000e+00   0.000000e+00   0.000000e+00
1     3.359942e+01  -4.314700e-11  -9.021273e-11   0.000000e+00   5.668233e-10  -2.711006e-10   0.000000e+00
0     3.369982e+01   0.000000e+00   0.000000e+00   0.000000e+00   0.000000e+00   0.000000e+00   0.000000e+00
1     3.369982e+01   1.836599e-11  -9.829898e-11   0.000000e+00   6.176307e-10   1.153969e-10   0.000000e+00
0     3.379958e+01   0.000000e+00   0.000000e+00   0.000000e+00   0.000000e+00   0.000000e+00   0.000000e+00
1     3.379958e+01   7.253169e-11  -6.884151e-11   0.000000e+00   4.325440e-10   4.557300e-10   0.000000e+00
0     3.389998e+01   0.000000e+00   0.000000e+00   0.000000e+00   0.000000e+00   0.000000e+00   0.000000e+00
1     3.389998e+01   9.917588e-11  -1.281186e-11   0.000000e+00   8.049932e-11   6.231405e-10   0.000000e+00
0     3.399973e+01   0.000000e+00   0.000000e+00   0.000000e+00   0.000000e+00   0.000000e+00   0.000000e+00
1     3.399973e+01   8.783894e-11   4.779456e-11   0.000000e+00  -3.003021e-10   5.519083e-10   0.000000e+00
0     3.409949e+01   0.000000e+00   0.000000e+00   0.000000e+00   0.000000e+00   0.000000e+00   0.000000e+00
1     3.409949e+01   4.310857e-11   9.023110e-11   0.000000e+00  -5.669387e-10   2.708591e-10   0.000000e+00
0     3.419989e+01   0.000000e+00   0.000000e+00   0.000000e+00   0.000000e+00   0.000000e+00   0.000000e+00
1     3.419989e+01  -1.840785e-11   9.829115e-11   0.000000e+00  -6.175815e-10  -1.156600e-10   0.000000e+00
0     3.429964e+01   0.000000e+00   0.000000e+00   0.000000e+00   0.000000e+00   0.000000e+00   0.000000e+00
1     3.429964e+01  -7.256100e-11   6.881062e-11   0.000000e+00  -4.323499e-10  -4.559142e-10   0.000000e+00
0     3.439940e+01   0.000000e+00   0.000000e+00   0.000000e+00   0.000000e+00   0.000000e+00   0.000000e+00
1     3.439940e+01  -9.912888e-11   1.317059e-11   0.000000e+00  -8.275323e-11  -6.228451e-10   0.000000e+00
0     3.449980e+01   0.000000e+00   0.000000e+00   0.000000e+00   0.000000e+00   0.000000e+00   0.000000e+00
1     3.449980e+01  -8.781858e-11  -4.783197e-11   0.000000e+00   3.005371e-10  -5.517804e-10   0.000000e+00
0     3.459956e+01   0.000000e+00   0.000000e+00   0.000000e+00   0.000000e+00   0.000000e+00   0.000000e+00
1     3.459956e+01  -4.307014e-11  -9.024945e-11   0.000000e+00   5.670540e-10  -2.706177e-10   0.000000e+00
0     3.469996e+01   0.000000e+00   0.000000e+00   0.000000e+00   0.000000e+00   0.000000e+00   0.000000e+00
1     3.469996e+01   1.844971e-11  -9.828330e-11   0.000000e+00   6.175322e-10   1.159230e-10   0.000000e+00
0     3.479971e+01   0.000000e+00   0.000000e+00   0.000000e+00   0.000000e+00   0.000000e+00   0.000000e+00
1     3.479971e+01   7.259030e-11  -6.877971e-11   0.000000e+00   4.321556e-10   4.560983e-10   0.000000e+00
0     3.489947e+01   0.000000e+00   0.000000e+00   0.000000e+00   0.000000e+00   0.000000e+00   0.000000e+00
1     3.489947e+01   9.913448e-11  -1.312837e-11   0.000000e+00   8.248795e-11   6.228803e-10   0.000000e+00
0     3.499987e+01   0.000000e+00   0.000000e+00   0.000000e+00   0.000000e+00   0.000000e+00   0.000000e+00
1     3.499987e+01   8.779820e-11   4.786937e-11   0.000000e+00  -3.007721e-10   5.516523e-10   0.000000e+00
0     3.509962e+01   0.000000e+00   0.000000e+00   0.000000e+00   0.000000e+00   0.000000e+00   0.000000e+00
1     3.509962e+01   4.303170e-11   9.026779e-11   0.000000e+00  -5.671692e-10   2.703761e-10   0.000000e+00
0     3.519938e+01   0.000000e+00   0.000000e+00   0.000000e+00   0.000000e+00   0.000000e+00   0.000000e+00
1     3.519938e+01  -1.809402e-11   9.834941e-11   0.000000e+00  -6.179476e-10  -1.136881e-10   0.000000e+00
0     3.529978e+01   0.000000e+00   0.000000e+00   0.000000e+00   0.000000e+00   0.000000e+00   0.000000e+00
1     3.529978e+01  -7.261959e-11   6.874878e-11   0.000000e+00  -4.319614e-10  -4.562823e-10   0.000000e+00
0     3.539954e+01   0.000000e+00   0.000000e+00   0.000000e+00   0.000000e+00   0.000000e+00   0.000000e+00
1     3.539954e+01  -9.914007e-11   1.308614e-11   0.000000e+00  -8.222266e-11  -6.229154e-10   0.000000e+00
0     3.549994e+01   0.000000e+00   0.000000e+00   0.000000e+00   0.000000e+00   0.000000e+00   0.000000e+00
1     3.549994e+01  -8.777780e-11  -4.790676e-11   0.000000e+00   3.010070e-10  -5.515242e-10   0.000000e+00
0     3.559969e+01   0.000000e+00   0.000000e+00   0.000000e+00   0.000000e+00   0.000000e+00   0.000000e+00
1     3.559969e+01  -4.299325e-11  -9.028610e-11   0.000000e+00   5.672843e-10  -2.701345e-10   0.000000e+00
0     3.569945e+01   0.000000e+00   0.000000e+00   0.000000e+00   0.000000e+00   0.000000e+00   0.000000e+00
1     3.569945e+01   1.813590e-11  -9.834170e-11   0.000000e+00   6.178991e-10   1.139512e-10   0.000000e+00
0     3.579985e+01   0.000000e+00   0.000000e+00   0.000000e+00   0.000000e+00   0.000000e+00   0.000000e+00
1     3.579985e+01   7.264886e-11  -6.871785e-11   0.000000e+00   4.317670e-10   4.564663e-10   0.000000e+00
0     3.589960e+01   0.000000e+00   0.000000e+00   0.000000e+00   0.000000e+00   0.000000e+00   0.000000e+00
1     3.589960e+01   9.914563e-11  -1.304392e-11   0.000000e+00   8.195735e-11   6.229504e-10   0.000000e+00
0     3.599936e+01   0.000000e+00   0.000000e+00   0.000000e+00   0.000000e+00   0.000000e+00   0.000000e+00
1     3.599936e+01   8.795055e-11   4.758888e-11   0.000000e+00  -2.990097e-10   5.526096e-10   0.000000e+00
0     3.609976e+01   0.000000e+00   0.000000e+00   0.000000e+00   0.000000e+00   0.000000e+00   0.000000e+00
1     3.609976e+01   4.295479e-11   9.030441e-11   0.000000e+00  -5.673993e-10   2.698929e-10   0.000000e+00
0     3.619952e+01   0.000000e+00   0.000000e+00   0.000000e+00   0.000000e+00   0.000000e+00   0.000000e+00
1     3.619952e+01  -1.817779e-11   9.833396e-11   0.000000e+00  -6.178505e-10  -1.142144e-10   0.000000e+00
0     3.629991e+01   0.000000e+00   0.000000e+00   0.000000e+00   0.000000e+00   0.000000e+00   0.000000e+00
1     3.629991e+01  -7.267812e-11   6.868690e-11   0.000000e+00  -4.315725e-10  -4.566501e-10   0.000000e+00
0     3.639967e+01   0.000000e+00   0.000000e+00   0.000000e+00   0.000000e+00   0.000000e+00   0.000000e+00
1     3.639967e+01  -9.915118e-11   1.300169e-11   0.000000e+00  -8.169203e-11  -6.229852e-10   0.000000e+00
0     3.649943e+01   0.000000e+00   0.000000e+00   0.000000e+00   0.000000e+00   0.000000e+00   0.000000e+00
1     3.649943e+01  -8.793027e-11  -4.762633e-11   0.000000e+00   2.992451e-10  -5.524822e-10   0.000000e+00
0     3.659983e+01   0.000000e+00   0.000000e+00   0.000000e+00   0.000000e+00   0.000000e+00   0.000000e+00
1     3.659983e+01  -4.291632e-11  -9.032269e-11   0.000000e+00   5.675142e-10  -2.696512e-10   0.000000e+00
0     3.669958e+01   0.000000e+00   0.000000e+00   0.000000e+00   0.000000e+00   0.000000e+00   0.000000e+00
1     3.669958e+01   1.821966e-11  -9.832621e-11   0.000000e+00   6.178018e-10   1.144775e-10   0.000000e+00
0     3.679998e+01   0.000000e+00   0.000000e+00   0.000000e+00   0.000000e+00   0.000000e+00   0.000000e+00
1     3.679998e+01   7.270737e-11  -6.865594e-11   0.000000e+00   4.313780e-10   4.568339e-10   0.000000e+00
0     3.689974e+01   0.000000e+00   0.000000e+00   0.000000e+00   0.000000e+00   0.000000e+00   0.000000e+00
1     3.689974e+01   9.915671e-11  -1.295946e-11   0.000000e+00   8.142669e-11   6.230200e-10   0.000000e+00
0     3.699949e+01   0.000000e+00   0.000000e+00   0.000000e+00   0.000000e+00   0.000000e+00   0.000000e+00
1     3.699949e+01   8.790998e-11   4.766378e-11   0.000000e+00  -2.994803e-10   5.523547e-10   0.000000e+00
0     3.709989e+01   0.000000e+00   0.000000e+00   0.000000e+00   0.000000e+00   0.000000e+00   0.000000e+00
1     3.709989e+01   4.287785e-11   9.034096e-11   0.000000e+00  -5.676290e-10   2.694095e-10   0.000000e+00
0     3.719965e+01   0.000000e+00   0.000000e+00   0.000000e+00   0.000000e+00   0.000000e+00   0.000000e+00
1     3.719965e+01  -1.826154e-11   9.831844e-11   0.000000e+00  -6.177530e-10  -1.147406e-10   0.000000e+00
0     3.729941e+01   0.000000e+00   0.000000e+00   0.000000e+00   0.000000e+00   0.000000e+00   0.000000e+00
1     3.729941e+01  -7.245851e-11   6.891854e-11   0.000000e+00  -4.330279e-10  -4.552702e-10   0.000000e+00
0     3.739981e+01   0.000000e+00   0.000000e+00   0.000000e+00   0.000000e+00   0.000000e+00   0.000000e+00
1     3.739981e+01  -9.916222e-11   1.291723e-11   0.000000e+00  -8.116133e-11  -6.230546e-10   0.000000e+00
0     3.749956e+01   0.000000e+00   0.000000e+00   0.000000e+00   0.000000e+00   0.000000e+00   0.000000e+00
1     3.749956e+01  -8.788967e-11  -4.770121e-11   0.000000e+00   2.997156e-10  -5.522271e-10   0.000000e+00
0     3.759996e+01   0.000000e+00   0.000000e+00   0.000000e+00   0.000000e+00   0.000000e+00   0.000000e+00
1     3.759996e+01  -4.283937e-11  -9.035922e-11   0.000000e+00   5.677437e-10  -2.691677e-10   0.000000e+00
0     3.769972e+01   0.000000e+00   0.000000e+00   0.000000e+00   0.000000e+00   0.000000e+00   0.000000e+00
1     3.769972e+01   1.830341e-11  -9.831066e-11   0.000000e+00   6.177041e-10   1.150037e-10   0.000000e+00
0     3.779947e+01   0.000000e+00   0.000000e+00   0.000000e+00   0.000000e+00   0.000000e+00   0.000000e+00
1     3.779947e+01   7.248785e-11  -6.888767e-11   0.000000e+00   4.328340e-10   4.554546e-10   0.000000e+00
0     3.789987e+01   0.000000e+00   0.000000e+00   0.000000e+00   0.000000e+00   0.000000e+00   0.000000e+00
1     3.789987e+01   9.916771e-11  -1.287499e-11   0.000000e+00   8.089596e-11   6.230891e-10   0.000000e+00
0     3.799963e+01   0.000000e+00   0.000000e+00   0.000000e+00   0.000000e+00   0.000000e+00   0.000000e+00
1     3.799963e+01   8.786935e-11   4.773864e-11   0.000000e+00  -2.999507e-10   5.520994e-10   0.000000e+00
0     3.809939e+01   0.000000e+00   0.000000e+00   0.000000e+00   0.000000e+00   0.000000e+00   0.000000e+00
1     3.809939e+01   4.316600e-11   9.020364e-11   0.000000e+00  -5.667662e-10   2.712200e-10   0.000000e+00
0     3.819979e+01   0.000000e+00   0.000000e+00   0.000000e+00   0.000000e+00   0.000000e+00   0.000000e+00
1     3.819979e+01  -1.834528e-11   9.830285e-11   0.000000e+00  -6.176550e-10  -1.152668e-10   0.000000e+00
0     3.829954e+01   0.000000e+00   0.000000e+00   0.000000e+00   0.000000e+00   0.000000e+00   0.000000e+00
1     3.829954e+01  -7.251719e-11   6.885679e-11   0.000000e+00  -4.326400e-10  -4.556389e-10   0.000000e+00
0     3.839994e+01   0.000000e+00   0.000000e+00   0.000000e+00   0.000000e+00   0.000000e+00   0.000000e+00
1     3.839994e+01  -9.917318e-11   1.283276e-11   0.000000e+00  -8.063058e-11  -6.231235e-10   0.000000e+00
0     3.849970e+01   0.000000e+00   0.000000e+00   0.000000e+00   0.000000e+00   0.000000e+00   0.000000e+00
1     3.849970e+01  -8.784901e-11  -4.777606e-11   0.000000e+00   3.001858e-10  -5.519716e-10   0.000000e+00
0     3.859945e+01   0.000000e+00   0.000000e+00   0.000000e+00   0.000000e+00   0.000000e+00   0.000000e+00
1     3.859945e+01  -4.312758e-11  -9.022202e-11   0.000000e+00   5.668816e-10  -2.709786e-10   0.000000e+00
0     3.869985e+01   0.000000e+00   0.000000e+00   0.000000e+00   0.000000e+00   0.000000e+00   0.000000e+00
1     3.869985e+01   1.838715e-11  -9.829503e-11   0.000000e+00   6.176059e-10   1.155299e-10   0.000000e+00
0     3.879961e+01   0.000000e+00   0.000000e+00   0.000000e+00   0.000000e+00   0.000000e+00   0.000000e+00
1     3.879961e+01   7.254651e-11  -6.882590e-11   0.000000e+00   4.324459e-10   4.558231e-10   0.000000e+00
0     3.889937e+01   0.000000e+00   0.000000e+00   0.000000e+00   0.000000e+00   0.000000e+00   0.000000e+00
1     3.889937e+01   9.912611e-11  -1.319147e-11   0.000000e+00   8.288443e-11   6.228277e-10   0.000000e+00
0     3.899977e+01   0.000000e+00   0.000000e+00   0.000000e+00   0.000000e+00   0.000000e+00   0.000000e+00
1     3.899977e+01   8.782865e-11   4.781347e-11   0.000000e+00  -3.004209e-10   5.518437e-10   0.000000e+00
0     3.909952e+01   0.000000e+00   0.000000e+00   0.000000e+00   0.000000e+00   0.000000e+00   0.000000e+00
1     3.909952e+01   4.308915e-11   9.024038e-11   0.000000e+00  -5.669970e-10   2.707371e-10   0.000000e+00
0     3.919992e+01   0.000000e+00   0.000000e+00   0.000000e+00   0.000000e+00   0.000000e+00   0.000000e+00
1     3.919992e+01  -1.842901e-11   9.828719e-11   0.000000e+00  -6.175566e-10  -1.157929e-10   0.000000e+00
0     3.929968e+01   0.000000e+00   0.000000e+00   0.000000e+00   0.000000e+00   0.000000e+00   0.000000e+00
1     3.929968e+01  -7.257581e-11   6.879500e-11   0.000000e+00  -4.322517e-10  -4.560073e-10   0.000000e+00
0     3.939943e+01   0.000000e+00   0.000000e+00   0.000000e+00   0.000000e+00   0.000000e+00   0.000000e+00
1     3.939943e+01  -9.913172e-11   1.314925e-11   0.000000e+00  -8.261916e-11  -6.228629e-10   0.000000e+00
0     3.949983e+01   0.000000e+00   0.000000e+00   0.000000e+00   0.000000e+00   0.000000e+00   0.000000e+00
1     3.949983e+01  -8.780828e-11  -4.785087e-11   0.000000e+00   3.006559e-10  -5.517157e-10   0.000000e+00
0     3.959959e+01   0.000000e+00   0.000000e+00   0.000000e+00   0.000000e+00   0.000000e+00   0.000000e+00
1     3.959959e+01  -4.305071e-11  -9.025872e-11   0.000000e+00   5.671123e-10  -2.704956e-10   0.000000e+00
0     3.969999e+01   0.000000e+00   0.000000e+00   0.000000e+00   0.000000e+00   0.000000e+00   0.000000e+00
1     3.969999e+01   1.847087e-11  -9.827933e-11   0.000000e+00   6.175072e-10   1.160559e-10   0.000000e+00
0     3.979975e+01   0.000000e+00   0.000000e+00   0.000000e+00   0.000000e+00   0.000000e+00   0.000000e+00
1     3.979975e+01   7.260511e-11  -6.876408e-11   0.000000e+00   4.320575e-10   4.561913e-10   0.000000e+00
0     3.989950e+01   0.000000e+00   0.000000e+00   0.000000e+00   0.000000e+00   0.000000e+00   0.000000e+00
1     3.989950e+01   9.913731e-11  -1.310703e-11   0.000000e+00   8.235387e-11   6.228981e-10   0.000000e+00
0     3.999990e+01   0.000000e+00   0.000000e+00   0.000000e+00   0.000000e+00   0.000000e+00   0.000000e+00
1     3.999990e+01   8.778789e-11   4.788827e-11   0.000000e+00  -3.008909e-10   5.515876e-10   0.000000e+00
0     4.009966e+01   0.000000e+00   0.000000e+00   0.000000e+00   0.000000e+00   0.000000e+00   0.000000e+00
1     4.009966e+01   4.301226e-11   9.027705e-11   0.000000e+00  -5.672274e-10   2.702540e-10   0.000000e+00
0     4.019941e+01   0.000000e+00   0.000000e+00   0.000000e+00   0.000000e+00   0.000000e+00   0.000000e+00
1     4.019941e+01  -1.811519e-11   9.834551e-11   0.000000e+00  -6.179231e-10  -1.138211e-10   0.000000e+00
0     4.029981e+01   0.000000e+00   0.000000e+00   0.000000e+00   0.000000e+00   0.000000e+00   0.000000e+00
1     4.029981e+01  -7.263439e-11   6.873315e-11   0.000000e+00  -4.318631e-10  -4.563753e-10   0.000000e+00
0     4.039957e+01   0.000000e+00   0.000000e+00   0.000000e+00   0.000000e+00   0.000000e+00   0.000000e+00
1     4.039957e+01  -9.914288e-11   1.306480e-11   0.000000e+00  -8.208856e-11  -6.229331e-10   0.000000e+00
0     4.049997e+01   0.000000e+00   0.000000e+00   0.000000e+00   0.000000e+00   0.000000e+00   0.000000e+00
1     4.049997e+01  -8.776749e-11  -4.792565e-11   0.000000e+00   3.011258e-10  -5.514594e-10   0.000000e+00
0     4.059973e+01   0.000000e+00   0.000000e+00   0.000000e+00   0.000000e+00   0.000000e+00   0.000000e+00
1     4.059973e+01  -4.297381e-11  -9.029536e-11   0.000000e+00   5.673425e-10  -2.700124e-10   0.000000e+00
0     4.069948e+01   0.000000e+00   0.000000e+00   0.000000e+00   0.000000e+00   0.000000e+00   0.000000e+00
1     4.069948e+01   1.815707e-11  -9.833779e-11   0.000000e+00   6.178745e-10   1.140843e-10   0.000000e+00
0     4.079988e+01   0.000000e+00   0.000000e+00   0.000000e+00   0.000000e+00   0.000000e+00   0.000000e+00
1     4.079988e+01   7.266365e-11  -6.870221e-11   0.000000e+00   4.316687e-10   4.565592e-10   0.000000e+00
0     4.089964e+01   0.000000e+00   0.000000e+00   0.000000e+00   0.000000e+00   0.000000e+00   0.000000e+00
1     4.089964e+01   9.914844e-11  -1.302257e-11   0.000000e+00   8.182324e-11   6.229680e-10   0.000000e+00
0     4.099939e+01   0.000000e+00   0.000000e+00   0.000000e+00   0.000000e+00   0.000000e+00   0.000000e+00
1     4.099939e+01   8.794030e-11   4.760781e-11   0.000000e+00  -2.991287e-10   5.525452e-10   0.000000e+00
0     4.109979e+01   0.000000e+00   0.000000e+00   0.000000e+00   0.000000e+00   0.000000e+00   0.000000e+00
1     4.109979e+01   4.293535e-11   9.031365e-11   0.000000e+00  -5.674574e-10   2.697708e-10   0.000000e+00
0     4.119955e+01   0.000000e+00   0.000000e+00   0.000000e+00   0.000000e+00   0.000000e+00   0.000000e+00
1     4.119955e+01  -1.819895e-11   9.833005e-11   0.000000e+00  -6.178259e-10  -1.143474e-10   0.000000e+00
0     4.129995e+01   0.000000e+00   0.000000e+00   0.000000e+00   0.000000e+00   0.000000e+00   0.000000e+00
1     4.129995e+01  -7.269291e-11   6.867125e-11   0.000000e+00  -4.314742e-10  -4.567430e-10   0.000000e+00
0     4.139971e+01   0.000000e+00   0.000000e+00   0.000000e+00   0.000000e+00   0.000000e+00   0.000000e+00
1     4.139971e+01  -9.915397e-11   1.298034e-11   0.000000e+00  -8.155791e-11  -6.230028e-10   0.000000e+00
0     4.149946e+01   0.000000e+00   0.000000e+00   0.000000e+00   0.000000e+00   0.000000e+00   0.000000e+00
1     4.149946e+01  -8.792002e-11  -4.764526e-11   0.000000e+00   2.993640e-10  -5.524178e-10   0.000000e+00
0     4.159986e+01   0.000000e+00   0.000000e+00   0.000000e+00   0.000000e+00   0.000000e+00   0.000000e+00
1     4.159986e+01  -4.289688e-11  -9.033193e-11   0.000000e+00   5.675723e-10  -2.695290e-10   0.000000e+00
0     4.169962e+01   0.000000e+00   0.000000e+00   0.000000e+00   0.000000e+00   0.000000e+00   0.000000e+00
1     4.169962e+01   1.824083e-11  -9.832229e-11   0.000000e+00   6.177771e-10   1.146105e-10   0.000000e+00
0     4.179937e+01   0.000000e+00   0.000000e+00   0.000000e+00   0.000000e+00   0.000000e+00   0.000000e+00
1     4.179937e+01   7.244399e-11  -6.893380e-11   0.000000e+00   4.331238e-10   4.551790e-10   0.000000e+00
0     4.189977e+01   0.000000e+00   0.000000e+00   0.000000e+00   0.000000e+00   0.000000e+00   0.000000e+00
1     4.189977e+01   9.915949e-11  -1.293811e-11   0.000000e+00   8.129256e-11   6.230375e-10   0.000000e+00
0     4.199953e+01   0.000000e+00   0.000000e+00   0.000000e+00   0.000000e+00   0.000000e+00   0.000000e+00
1     4.199953e+01   8.789972e-11   4.768270e-11   0.000000e+00  -2.995992e-10   5.522902e-10   0.000000e+00
0     4.209993e+01   0.000000e+00   0.000000e+00   0.000000e+00   0.000000e+00   0.000000e+00   0.000000e+00
1     4.209993e+01   4.285840e-11   9.035019e-11   0.000000e+00  -5.676870e-10   2.692873e-10   0.000000e+00
0     4.219968e+01   0.000000e+00   0.000000e+00   0.000000e+00   0.000000e+00   0.000000e+00   0.000000e+00
1     4.219968e+01  -1.828271e-11   9.831451e-11   0.000000e+00  -6.177283e-10  -1.148736e-10   0.000000e+00
0     4.229944e+01   0.000000e+00   0.000000e+00   0.000000e+00   0.000000e+00   0.000000e+00   0.000000e+00
1     4.229944e+01  -7.247334e-11   6.890294e-11   0.000000e+00  -4.329299e-10  -4.553634e-10   0.000000e+00
0     4.239984e+01   0.000000e+00   0.000000e+00   0.000000e+00   0.000000e+00   0.000000e+00   0.000000e+00
1     4.239984e+01  -9.916500e-11   1.289588e-11   0.000000e+00  -8.102720e-11  -6.230720e-10   0.000000e+00
0     4.249960e+01   0.000000e+00   0.000000e+00   0.000000e+00   0.000000e+00   0.000000e+00   0.000000e+00
1     4.249960e+01  -8.787940e-11  -4.772013e-11   0.000000e+00   2.998344e-10  -5.521626e-10   0.000000e+00
0     4.260000e+01   0.000000e+00   0.000000e+00   0.000000e+00   0.000000e+00   0.000000e+00   0.000000e+00
1     4.260000e+01  -4.281992e-11  -9.036844e-11   0.000000e+00   5.678016e-10  -2.690455e-10   0.000000e+00
0     4.269975e+01   0.000000e+00   0.000000e+00   0.000000e+00   0.000000e+00   0.000000e+00   0.000000e+00
1     4.269975e+01   1.832458e-11  -9.830671e-11   0.000000e+00   6.176793e-10   1.151367e-10   0.000000e+00
0     4.279951e+01   0.000000e+00   0.000000e+00   0.000000e+00   0.000000e+00   0.000000e+00   0.000000e+00
1     4.279951e+01   7.250268e-11  -6.887206e-11   0.000000e+00   4.327359e-10   4.555478e-10   0.000000e+00
0     4.289991e+01   0.000000e+00   0.000000e+00   0.000000e+00   0.000000e+00   0.000000e+00   0.000000e+00
1     4.289991e+01   9.917048e-11  -1.285364e-11   0.000000e+00   8.076182e-11   6.231065e-10   0.000000e+00
0     4.299966e+01   0.000000e+00   0.000000e+00   0.000000e+00   0.000000e+00   0.000000e+00   0.000000e+00
1     4.299966e+01   8.785907e-11   4.775756e-11   0.000000e+00  -3.000696e-10   5.520348e-10   0.000000e+00
0     4.309942e+01   0.000000e+00   0.000000e+00   0.000000e+00   0.000000e+00   0.000000e+00   0.000000e+00
1     4.309942e+01   4.314658e-11   9.021293e-11   0.000000e+00  -5.668246e-10   2.710979e-10   0.000000e+00
0     4.319982e+01   0.000000e+00   0.000000e+00   0.000000e+00   0.000000e+00   0.000000e+00   0.000000e+00
1     4.319982e+01  -1.836645e-11   9.829890e-11   0.000000e+00  -6.176302e-10  -1.153998e-10   0.000000e+00
0     4.329958e+01   0.000000e+00   0.000000e+00   0.000000e+00   0.000000e+00   0.000000e+00   0.000000e+00
1     4.329958e+01  -7.253201e-11   6.884118e-11   0.000000e+00  -4.325419e-10  -4.557320e-10   0.000000e+00
0     4.339998e+01   0.000000e+00   0.000000e+00   0.000000e+00   0.000000e+00   0.000000e+00   0.000000e+00
1     4.339998e+01  -9.917594e-11   1.281140e-11   0.000000e+00  -8.049642e-11  -6.231408e-10   0.000000e+00
0     4.349973e+01   0.000000e+00   0.000000e+00   0.000000e+00   0.000000e+00   0.000000e+00   0.000000e+00
1     4.349973e+01  -8.783872e-11  -4.779497e-11   0.000000e+00   3.003047e-10  -5.519070e-10   0.000000e+00
0     4.359949e+01   0.000000e+00   0.000000e+00   0.000000e+00   0.000000e+00   0.000000e+00   0.000000e+00
1     4.359949e+01  -4.310815e-11  -9.023130e-11   0.000000e+00   5.669400e-10  -2.708565e-10   0.000000e+00
0     4.369989e+01   0.000000e+00   0.000000e+00   0.000000e+00   0.000000e+00   0.000000e+00   0.000000e+00
1     4.369989e+01   1.840831e-11  -9.829107e-11   0.000000e+00   6.175810e-10   1.156628e-10   0.000000e+00
0     4.379964e+01   0.000000e+00   0.000000e+00   0.000000e+00   0.000000e+00   0.000000e+00   0.000000e+00
1     4.379964e+01   7.256132e-11  -6.881028e-11   0.000000e+00   4.323477e-10   4.559162e-10   0.000000e+00
0     4.389940e+01   0.000000e+00   0.000000e+00   0.000000e+00   0.000000e+00   0.000000e+00   0.000000e+00
1     4.389940e+01   9.912895e-11  -1.317012e-11   0.000000e+00   8.275034e-11   6.228455e-10   0.000000e+00
0     4.399980e+01   0.000000e+00   0.000000e+00   0.000000e+00   0.000000e+00   0.000000e+00   0.000000e+00
1     4.399980e+01   8.781836e-11   4.783238e-11   0.000000e+00  -3.005397e-10   5.517790e-10   0.000000e+00
0     4.409956e+01   0.000000e+00   0.000000e+00   0.000000e+00   0.000000e+00   0.000000e+00   0.000000e+00
1     4.409956e+01   4.306972e-11   9.024965e-11   0.000000e+00  -5.670553e-10   2.706150e-10   0.000000e+00
0     4.419996e+01   0.000000e+00   0.000000e+00   0.000000e+00   0.000000e+00   0.000000e+00   0.000000e+00
1     4.419996e+01  -1.845017e-11   9.828322e-11   0.000000e+00  -6.175317e-10  -1.159258e-10   0.000000e+00
0     4.429971e+01   0.000000e+00   0.000000e+00   0.000000e+00   0.000000e+00   0.000000e+00   0.000000e+00
1     4.429971e+01  -7.259062e-11   6.877937e-11   0.000000e+00  -4.321535e-10  -4.561003e-10   0.000000e+00
0     4.439947e+01   0.000000e+00   0.000000e+00   0.000000e+00   0.000000e+00   0.000000e+00   0.000000e+00
1     4.439947e+01  -9.913455e-11   1.312790e-11   0.000000e+00  -8.248505e-11  -6.228807e-10   0.000000e+00
0     4.449987e+01   0.000000e+00   0.000000e+00   0.000000e+00   0.000000e+00   0.000000e+00   0.000000e+00
1     4.449987e+01  -8.779797e-11  -4.786978e-11   0.000000e+00   3.007747e-10  -5.516509e-10   0.000000e+00
0     4.459962e+01   0.000000e+00   0.000000e+00   0.000000e+00   0.000000e+00   0.000000e+00   0.000000e+00
1     4.459962e+01  -4.303128e-11  -9.026799e-11   0.000000e+00   5.671705e-10  -2.703735e-10   0.000000e+00
0     4.469938e+01   0.000000e+00   0.000000e+00   0.000000e+00   0.000000e+00   0.000000e+00   0.000000e+00
1     4.469938e+01   1.809448e-11  -9.834933e-11   0.000000e+00   6.179470e-10   1.136909e-10   0.000000e+00
0     4.479978e+01   0.000000e+00   0.000000e+00   0.000000e+00   0.000000e+00   0.000000e+00   0.000000e+00
1     4.479978e+01   7.261991e-11  -6.874845e-11   0.000000e+00   4.319592e-10   4.562843e-10   0.000000e+00
0     4.489954e+01   0.000000e+00   0.000000e+00   0.000000e+00   0.000000e+00   0.000000e+00   0.000000e+00
1     4.489954e+01   9.914013e-11  -1.308568e-11   0.000000e+00   8.221975e-11   6.229158e-10   0.000000e+00
0     4.499994e+01   0.000000e+00   0.000000e+00   0.000000e+00   0.000000e+00   0.000000e+00   0.000000e+00
1     4.499994e+01   8.777758e-11   4.790717e-11   0.000000e+00  -3.010096e-10   5.515228e-10   0.000000e+00
0     4.509969e+01   0.000000e+00   0.000000e+00   0.000000e+00   0.000000e+00   0.000000e+00   0.000000e+00
1     4.509969e+01   4.299283e-11   9.028631e-11   0.000000e+00  -5.672856e-10   2.701319e-10   0.000000e+00
0     4.519945e+01   0.000000e+00   0.000000e+00   0.000000e+00   0.000000e+00   0.000000e+00   0.000000e+00
1     4.519945e+01  -1.813636e-11   9.834161e-11   0.000000e+00  -6.178986e-10  -1.139541e-10   0.000000e+00
0     4.529985e+01   0.000000e+00   0.000000e+00   0.000000e+00   0.000000e+00   0.000000e+00   0.000000e+00
1     4.529985e+01  -7.264918e-11   6.871751e-11   0.000000e+00  -4.317648e-10  -4.564683e-10   0.000000e+00
0     4.539960e+01   0.000000e+00   0.000000e+00   0.000000e+00   0.000000e+00   0.000000e+00   0.000000e+00
1     4.539960e+01  -9.914569e-11   1.304345e-11   0.000000e+00  -8.195444e-11  -6.229508e-10   0.000000e+00
0     4.549936e+01   0.000000e+00   0.000000e+00   0.000000e+00   0.000000e+00   0.000000e+00   0.000000e+00
1     4.549936e+01  -8.795033e-11  -4.758929e-11   0.000000e+00   2.990123e-10  -5.526082e-10   0.000000e+00
0     4.559976e+01   0.000000e+00   0.000000e+00   0.000000e+00   0.000000e+00   0.000000e+00   0.000000e+00
1     4.559976e+01  -4.295437e-11  -9.030461e-11   0.000000e+00   5.674006e-10  -2.698902e-10   0.000000e+00
0     4.569952e+01   0.000000e+00   0.000000e+00   0.000000e+00   0.000000e+00   0.000000e+00   0.000000e+00
1     4.569952e+01   1.817825e-11  -9.833388e-11   0.000000e+00   6.178500e-10   1.142173e-10   0.000000e+00
0     4.579992e+01   0.000000e+00   0.000000e+00   0.000000e+00   0.000000e+00   0.000000e+00   0.000000e+00
1     4.579992e+01   7.267844e-11  -6.868656e-11   0.000000e+00   4.315704e-10   4.566521e-10   0.000000e+00
0     4.589967e+01   0.000000e+00   0.000000e+00   0.000000e+00   0.000000e+00   0.000000e+00   0.000000e+00
1     4.589967e+01   9.915124e-11  -1.300123e-11   0.000000e+00   8.168911e-11   6.229856e-10   0.000000e+00
0     4.599943e+01   0.000000e+00   0.000000e+00   0.000000e+00   0.000000e+00   0.000000e+00   0.000000e+00
1     4.599943e+01   8.793005e-11   4.762674e-11   0.000000e+00  -2.992476e-10   5.524808e-10   0.000000e+00
0     4.609983e+01   0.000000e+00   0.000000e+00   0.000000e+00   0.000000e+00   0.000000e+00   0.000000e+00
1     4.609983e+01   4.291590e-11   9.032290e-11   0.000000e+00  -5.675155e-10   2.696486e-10   0.000000e+00
0     4.619958e+01   0.000000e+00   0.000000e+00   0.000000e+00   0.000000e+00   0.000000e+00   0.000000e+00
1     4.619958e+01  -1.822013e-11   9.832613e-11   0.000000e+00  -6.178013e-10  -1.144804e-10   0.000000e+00
0     4.629998e+01   0.000000e+00   0.000000e+00   0.000000e+00   0.000000e+00   0.000000e+00   0.000000e+00
1     4.629998e+01  -7.270769e-11   6.865560e-11   0.000000e+00  -4.313759e-10  -4.568359e-10   0.000000e+00
0     4.639974e+01   0.000000e+00   0.000000e+00   0.000000e+00   0.000000e+00   0.000000e+00   0.000000e+00
1     4.639974e+01  -9.915677e-11   1.295899e-11   0.000000e+00  -8.142377e-11  -6.230203e-10   0.000000e+00
0     4.649950e+01   0.000000e+00   0.000000e+00   0.000000e+00   0.000000e+00   0.000000e+00   0.000000e+00
1     4.649950e+01  -8.790976e-11  -4.766419e-11   0.000000e+00   2.994829e-10  -5.523533e-10   0.000000e+00
0     4.659990e+01   0.000000e+00   0.000000e+00   0.000000e+00   0.000000e+00   0.000000e+00   0.000000e+00
1     4.659990e+01  -4.287743e-11  -9.034117e-11   0.000000e+00   5.676303e-10  -2.694068e-10   0.000000e+00
0     4.669965e+01   0.000000e+00   0.000000e+00   0.000000e+00   0.000000e+00   0.000000e+00   0.000000e+00
1     4.669965e+01   1.826200e-11  -9.831836e-11   0.000000e+00   6.177525e-10   1.147435e-10   0.000000e+00
0     4.679941e+01   0.000000e+00   0.000000e+00   0.000000e+00   0.000000e+00   0.000000e+00   0.000000e+00
1     4.679941e+01   7.245883e-11  -6.891820e-11   0.000000e+00   4.330258e-10   4.552723e-10   0.000000e+00
0     4.689981e+01   0.000000e+00   0.000000e+00   0.000000e+00   0.000000e+00   0.000000e+00   0.000000e+00
1     4.689981e+01   9.916228e-11  -1.291676e-11   0.000000e+00   8.115841e-11   6.230550e-10   0.000000e+00
0     4.699956e+01   0.000000e+00   0.000000e+00   0.000000e+00   0.000000e+00   0.000000e+00   0.000000e+00
1     4.699956e+01   8.788945e-11   4.770162e-11   0.000000e+00  -2.997181e-10   5.522257e-10   0.000000e+00
0     4.709996e+01   0.000000e+00   0.000000e+00   0.000000e+00   0.000000e+00   0.000000e+00   0.000000e+00
1     4.709996e+01   4.283895e-11   9.035942e-11   0.000000e+00  -5.677450e-10   2.691650e-10   0.000000e+00
0     4.719972e+01   0.000000e+00   0.000000e+00   0.000000e+00   0.000000e+00   0.000000e+00   0.000000e+00
1     4.719972e+01  -1.830388e-11   9.831057e-11   0.000000e+00  -6.177035e-10  -1.150066e-10   0.000000e+00
0     4.729948e+01   0.000000e+00   0.000000e+00   0.000000e+00   0.000000e+00   0.000000e+00   0.000000e+00
1     4.729948e+01  -7.248818e-11   6.888733e-11   0.000000e+00  -4.328319e-10  -4.554566e-10   0.000000e+00
0     4.739988e+01   0.000000e+00   0.000000e+00   0.000000e+00   0.000000e+00   0.000000e+00   0.000000e+00
1     4.739988e+01  -9.916777e-11   1.287453e-11   0.000000e+00  -8.089303e-11  -6.230895e-10   0.000000e+00
0     4.749963e+01   0.000000e+00   0.000000e+00   0.000000e+00   0.000000e+00   0.000000e+00   0.000000e+00
1     4.749963e+01  -8.786912e-11  -4.773905e-11   0.000000e+00   2.999533e-10  -5.520980e-10   0.000000e+00
0     4.759939e+01   0.000000e+00   0.000000e+00   0.000000e+00   0.000000e+00   0.000000e+00   0.000000e+00
1     4.759939e+01  -4.316557e-11  -9.020384e-11   0.000000e+00   5.667675e-10  -2.712173e-10   0.000000e+00
0     4.769979e+01   0.000000e+00   0.000000e+00   0.000000e+00   0.000000e+00   0.000000e+00   0.000000e+00
1     4.769979e+01   1.834575e-11  -9.830277e-11   0.000000e+00   6.176545e-10   1.152697e-10   0.000000e+00
0     4.779954e+01   0.000000e+00   0.000000e+00   0.000000e+00   0.000000e+00   0.000000e+00   0.000000e+00
1     4.779954e+01   7.251751e-11  -6.885645e-11   0.000000e+00   4.326378e-10   4.556410e-10   0.000000e+00
0     4.789994e+01   0.000000e+00   0.000000e+00   0.000000e+00   0.000000e+00   0.000000e+00   0.000000e+00
1     4.789994e+01   9.917324e-11  -1.283229e-11   0.000000e+00   8.062764e-11   6.231239e-10   0.000000e+00
0     4.799970e+01   0.000000e+00   0.000000e+00   0.000000e+00   0.000000e+00   0.000000e+00   0.000000e+00
1     4.799970e+01   8.784878e-11   4.777647e-11   0.000000e+00  -3.001884e-10   5.519702e-10   0.000000e+00
0     4.809946e+01   0.000000e+00   0.000000e+00   0.000000e+00   0.000000e+00   0.000000e+00   0.000000e+00
1     4.809946e+01   4.312715e-11   9.022222e-11   0.000000e+00  -5.668829e-10   2.709759e-10   0.000000e+00
0     4.819985e+01   0.000000e+00   0.000000e+00   0.000000e+00   0.000000e+00   0.000000e+00   0.000000e+00
1     4.819985e+01  -1.838761e-11   9.829494e-11   0.000000e+00  -6.176053e-10  -1.155328e-10   0.000000e+00
0     4.829961e+01   0.000000e+00   0.000000e+00   0.000000e+00   0.000000e+00   0.000000e+00   0.000000e+00
1     4.829961e+01  -7.254683e-11   6.882556e-11   0.000000e+00  -4.324437e-10  -4.558252e-10   0.000000e+00
0     4.839937e+01   0.000000e+00   0.000000e+00   0.000000e+00   0.000000e+00   0.000000e+00   0.000000e+00
1     4.839937e+01  -9.912617e-11   1.319100e-11   0.000000e+00  -8.288149e-11  -6.228281e-10   0.000000e+00
0     4.849977e+01   0.000000e+00   0.000000e+00   0.000000e+00   0.000000e+00   0.000000e+00   0.000000e+00
1     4.849977e+01  -8.782843e-11  -4.781389e-11   0.000000e+00   3.004235e-10  -5.518423e-10   0.000000e+00
0     4.859952e+01   0.000000e+00   0.000000e+00   0.000000e+00   0.000000e+00   0.000000e+00   0.000000e+00
1     4.859952e+01  -4.308872e-11  -9.024058e-11   0.000000e+00   5.669983e-10  -2.707344e-10   0.000000e+00
0     4.869992e+01   0.000000e+00   0.000000e+00   0.000000e+00   0.000000e+00   0.000000e+00   0.000000e+00
1     4.869992e+01   1.842948e-11  -9.828710e-11   0.000000e+00   6.175561e-10   1.157958e-10   0.000000e+00
0     4.879968e+01   0.000000e+00   0.000000e+00   0.000000e+00   0.000000e+00   0.000000e+00   0.000000e+00
1     4.879968e+01   7.257614e-11  -6.879465e-11   0.000000e+00   4.322496e-10   4.560093e-10   0.000000e+00
0     4.889943e+01   0.000000e+00   0.000000e+00   0.000000e+00   0.000000e+00   0.000000e+00   0.000000e+00
1     4.889943e+01   9.913178e-11  -1.314878e-11   0.000000e+00   8.261621e-11   6.228633e-10   0.000000e+00
0     4.899983e+01   0.000000e+00   0.000000e+00   0.000000e+00   0.000000e+00   0.000000e+00   0.000000e+00
1     4.899983e+01   8.780805e-11   4.785129e-11   0.000000e+00  -3.006585e-10   5.517143e-10   0.000000e+00
0     4.909959e+01   0.000000e+00   0.000000e+00   0.000000e+00   0.000000e+00   0.000000e+00   0.000000e+00
1     4.909959e+01   4.305028e-11   9.025892e-11   0.000000e+00  -5.671135e-10   2.704929e-10   0.000000e+00
0     4.919999e+01   0.000000e+00   0.000000e+00   0.000000e+00   0.000000e+00   0.000000e+00   0.000000e+00
1     4.919999e+01  -1.847134e-11   9.827924e-11   0.000000e+00  -6.175067e-10  -1.160588e-10   0.000000e+00
0     4.929975e+01   0.000000e+00   0.000000e+00   0.000000e+00   0.000000e+00   0.000000e+00   0.000000e+00
1     4.929975e+01  -7.260543e-11   6.876374e-11   0.000000e+00  -4.320553e-10  -4.561934e-10   0.000000e+00
0     4.939950e+01   0.000000e+00   0.000000e+00   0.000000e+00   0.000000e+00   0.000000e+00   0.000000e+00
1     4.939950e+01  -9.913737e-11   1.310656e-11   0.000000e+00  -8.235092e-11  -6.228985e-10   0.000000e+00
0     4.949990e+01   0.000000e+00   0.000000e+00   0.000000e+00   0.000000e+00   0.000000e+00   0.000000e+00
1     4.949990e+01  -8.778766e-11  -4.788868e-11   0.000000e+00   3.008935e-10  -5.515862e-10   0.000000e+00
0     4.959966e+01   0.000000e+00   0.000000e+00   0.000000e+00   0.000000e+00   0.000000e+00   0.000000e+00
1     4.959966e+01  -4.301184e-11  -9.027725e-11   0.000000e+00   5.672287e-10  -2.702513e-10   0.000000e+00
0     4.969941e+01   0.000000e+00   0.000000e+00   0.000000e+00   0.000000e+00   0.000000e+00   0.000000e+00
1     4.969941e+01   1.811565e-11  -9.834543e-11   0.000000e+00   6.179225e-10   1.138240e-10   0.000000e+00
0     4.979981e+01   0.000000e+00   0.000000e+00   0.000000e+00   0.000000e+00   0.000000e+00   0.000000e+00
1     4.979981e+01   7.263471e-11  -6.873281e-11   0.000000e+00   4.318610e-10   4.563774e-10   0.000000e+00
0     4.989957e+01   0.000000e+00   0.000000e+00   0.000000e+00   0.000000e+00   0.000000e+00   0.000000e+00
1     4.989957e+01   9.914294e-11  -1.306433e-11   0.000000e+00   8.208561e-11   6.229335e-10   0.000000e+00
0     4.999997e+01   0.000000e+00   0.000000e+00   0.000000e+00   0.000000e+00   0.000000e+00   0.000000e+00
1     4.999997e+01   8.776726e-11   4.792607e-11   0.000000e+00  -3.011284e-10   5.514580e-10   0.000000e+00
0     5.009973e+01   0.000000e+00   0.000000e+00   0.000000e+00   0.000000e+00   0.000000e+00   0.000000e+00
1     5.009973e+01   4.297338e-11   9.029556e-11   0.000000e+00  -5.673437e-10   2.700097e-10   0.000000e+00
0     5.019948e+01   0.000000e+00   0.000000e+00   0.000000e+00   0.000000e+00   0.000000e+00   0.000000e+00
1     5.019948e+01  -1.815754e-11   9.833770e-11   0.000000e+00  -6.178740e-10  -1.140872e-10   0.000000e+00
0     5.029988e+01   0.000000e+00   0.000000e+00   0.000000e+00   0.000000e+00   0.000000e+00   0.000000e+00
1     5.029988e+01  -7.266398e-11   6.870186e-11   0.000000e+00  -4.316665e-10  -4.565612e-10   0.000000e+00
0     5.039964e+01   0.000000e+00   0.000000e+00   0.000000e+00   0.000000e+00   0.000000e+00   0.000000e+00
1     5.039964e+01  -9.914850e-11   1.302210e-11   0.000000e+00  -8.182029e-11  -6.229684e-10   0.000000e+00
0     5.049939e+01   0.000000e+00   0.000000e+00   0.000000e+00   0.000000e+00   0.000000e+00   0.000000e+00
1     5.049939e+01  -8.794008e-11  -4.760823e-11   0.000000e+00   2.991313e-10  -5.525438e-10   0.000000e+00
0     5.059979e+01   0.000000e+00   0.000000e+00   0.000000e+00   0.000000e+00   0.000000e+00   0.000000e+00
1     5.059979e+01  -4.293492e-11  -9.031386e-11   0.000000e+00   5.674587e-10  -2.697681e-10   0.000000e+00
0     5.069955e+01   0.000000e+00   0.000000e+00   0.000000e+00   0.000000e+00   0.000000e+00   0.000000e+00
1     5.069955e+01   1.819942e-11  -9.832996e-11   0.000000e+00   6.178254e-10   1.143503e-10   0.000000e+00
0     5.079995e+01   0.000000e+00   0.000000e+00   0.000000e+00   0.000000e+00   0.000000e+00   0.000000e+00
1     5.079995e+01   7.269323e-11  -6.867091e-11   0.000000e+00   4.314720e-10   4.567451e-10   0.000000e+00
0     5.089971e+01   0.000000e+00   0.000000e+00   0.000000e+00   0.000000e+00   0.000000e+00   0.000000e+00
1     5.089971e+01   9.915404e-11  -1.297987e-11   0.000000e+00   8.155495e-11   6.230032e-10   0.000000e+00
0     5.099946e+01   0.000000e+00   0.000000e+00   0.000000e+00   0.000000e+00   0.000000e+00   0.000000e+00
1     5.099946e+01   8.791979e-11   4.764568e-11   0.000000e+00  -2.993666e-10   5.524163e-10   0.000000e+00
0     5.109986e+01   0.000000e+00   0.000000e+00   0.000000e+00   0.000000e+00   0.000000e+00   0.000000e+00
1     5.109986e+01   4.289645e-11   9.033213e-11   0.000000e+00  -5.675735e-10   2.695263e-10   0.000000e+00
0     5.119962e+01   0.000000e+00   0.000000e+00   0.000000e+00   0.000000e+00   0.000000e+00   0.000000e+00
1     5.119962e+01  -1.824130e-11   9.832220e-11   0.000000e+00  -6.177766e-10  -1.146135e-10   0.000000e+00
0     5.129937e+01   0.000000e+00   0.000000e+00   0.000000e+00   0.000000e+00   0.000000e+00   0.000000e+00
1     5.129937e+01  -7.244432e-11   6.893345e-11   0.000000e+00  -4.331217e-10  -4.551811e-10   0.000000e+00
0     5.139977e+01   0.000000e+00   0.000000e+00   0.000000e+00   0.000000e+00   0.000000e+00   0.000000e+00
1     5.139977e+01  -9.915956e-11   1.293764e-11   0.000000e+00  -8.128960e-11  -6.230379e-10   0.000000e+00
0     5.149953e+01   0.000000e+00   0.000000e+00   0.000000e+00   0.000000e+00   0.000000e+00   0.000000e+00
1     5.149953e+01  -8.789949e-11  -4.768312e-11   0.000000e+00   2.996019e-10  -5.522888e-10   0.000000e+00
0     5.159993e+01   0.000000e+00   0.000000e+00   0.000000e+00   0.000000e+00   0.000000e+00   0.000000e+00
1     5.159993e+01  -4.285797e-11  -9.035040e-11   0.000000e+00   5.676883e-10  -2.692846e-10   0.000000e+00
0     5.169969e+01   0.000000e+00   0.000000e+00   0.000000e+00   0.000000e+00   0.000000e+00   0.000000e+00
1     5.169969e+01   1.828317e-11  -9.831442e-11   0.000000e+00   6.177277e-10   1.148766e-10   0.000000e+00
0     5.179944e+01   0.000000e+00   0.000000e+00   0.000000e+00   0.000000e+00   0.000000e+00   0.000000e+00
1     5.179944e+01   7.247367e-11  -6.890259e-11   0.000000e+00   4.329278e-10   4.553655e-10   0.000000e+00
0     5.189984e+01   0.000000e+00   0.000000e+00   0.000000e+00   0.000000e+00   0.000000e+00   0.000000e+00
1     5.189984e+01   9.916506e-11  -1.289541e-11   0.000000e+00   8.102423e-11   6.230724e-10   0.000000e+00
0     5.199960e+01   0.000000e+00   0.000000e+00   0.000000e+00   0.000000e+00   0.000000e+00   0.000000e+00
1     5.199960e+01   8.787917e-11   4.772055e-11   0.000000e+00  -2.998371e-10   5.521611e-10   0.000000e+00
0     5.210000e+01   0.000000e+00   0.000000e+00   0.000000e+00   0.000000e+00   0.000000e+00   0.000000e+00
1     5.210000e+01   4.281949e-11   9.036864e-11   0.000000e+00  -5.678029e-10   2.690428e-10   0.000000e+00
0     5.219975e+01   0.000000e+00   0.000000e+00   0.000000e+00   0.000000e+00   0.000000e+00   0.000000e+00
1     5.219975e+01  -1.832505e-11   9.830663e-11   0.000000e+00  -6.176787e-10  -1.151397e-10   0.000000e+00
0     5.229951e+01   0.000000e+00   0.000000e+00   0.000000e+00   0.000000e+00   0.000000e+00   0.000000e+00
1     5.229951e+01  -7.250301e-11   6.887172e-11   0.000000e+00  -4.327338e-10  -4.555498e-10   0.000000e+00
0     5.239991e+01   0.000000e+00   0.000000e+00   0.000000e+00   0.000000e+00   0.000000e+00   0.000000e+00
1     5.239991e+01  -9.917054e-11   1.285317e-11   0.000000e+00  -8.075885e-11  -6.231069e-10   0.000000e+00
0     5.249967e+01   0.000000e+00   0.000000e+00   0.000000e+00   0.000000e+00   0.000000e+00   0.000000e+00
1     5.249967e+01  -8.785884e-11  -4.775798e-11   0.000000e+00   3.000722e-10  -5.520334e-10   0.000000e+00
0     5.259942e+01   0.000000e+00   0.000000e+00   0.000000e+00   0.000000e+00   0.000000e+00   0.000000e+00
1     5.259942e+01  -4.314615e-11  -9.021314e-11   0.000000e+00   5.668259e-10  -2.710952e-10   0.000000e+00
0     5.269982e+01   0.000000e+00   0.000000e+00   0.000000e+00   0.000000e+00   0.000000e+00   0.000000e+00
1     5.269982e+01   1.836691e-11  -9.829881e-11   0.000000e+00   6.176297e-10   1.154027e-10   0.000000e+00
0     5.279958e+01   0.000000e+00   0.000000e+00   0.000000e+00   0.000000e+00   0.000000e+00   0.000000e+00
1     5.279958e+01   7.253234e-11  -6.884083e-11   0.000000e+00   4.325397e-10   4.557341e-10   0.000000e+00
0     5.289998e+01   0.000000e+00   0.000000e+00   0.000000e+00   0.000000e+00   0.000000e+00   0.000000e+00
1     5.289998e+01   9.917601e-11  -1.281093e-11   0.000000e+00   8.049345e-11   6.231412e-10   0.000000e+00
0     5.299973e+01   0.000000e+00   0.000000e+00   0.000000e+00   0.000000e+00   0.000000e+00   0.000000e+00
1     5.299973e+01   8.783849e-11   4.779539e-11   0.000000e+00  -3.003073e-10   5.519055e-10   0.000000e+00
0     5.309949e+01   0.000000e+00   0.000000e+00   0.000000e+00   0.000000e+00   0.000000e+00   0.000000e+00
1     5.309949e+01   4.310772e-11   9.023150e-11   0.000000e+00  -5.669413e-10   2.708538e-10   0.000000e+00
0     5.319989e+01   0.000000e+00   0.000000e+00   0.000000e+00   0.000000e+00   0.000000e+00   0.000000e+00
1     5.319989e+01  -1.840878e-11   9.829098e-11   0.000000e+00  -6.175804e-10  -1.156658e-10   0.000000e+00
0     5.329965e+01   0.000000e+00   0.000000e+00   0.000000e+00   0.000000e+00   0.000000e+00   0.000000e+00
1     5.329965e+01  -7.256165e-11   6.880993e-11   0.000000e+00  -4.323456e-10  -4.559183e-10   0.000000e+00
0     5.339940e+01   0.000000e+00   0.000000e+00   0.000000e+00   0.000000e+00   0.000000e+00   0.000000e+00
1     5.339940e+01  -9.912901e-11   1.316965e-11   0.000000e+00  -8.274736e-11  -6.228459e-10   0.000000e+00
0     5.349980e+01   0.000000e+00   0.000000e+00   0.000000e+00   0.000000e+00   0.000000e+00   0.000000e+00
1     5.349980e+01  -8.781813e-11  -4.783280e-11   0.000000e+00   3.005423e-10  -5.517776e-10   0.000000e+00
0     5.359956e+01   0.000000e+00   0.000000e+00   0.000000e+00   0.000000e+00   0.000000e+00   0.000000e+00
1     5.359956e+01  -4.306929e-11  -9.024986e-11   0.000000e+00   5.670566e-10  -2.706123e-10   0.000000e+00
0     5.369996e+01   0.000000e+00   0.000000e+00   0.000000e+00   0.000000e+00   0.000000e+00   0.000000e+00
1     5.369996e+01   1.845064e-11  -9.828313e-11   0.000000e+00   6.175311e-10   1.159288e-10   0.000000e+00
0     5.379971e+01   0.000000e+00   0.000000e+00   0.000000e+00   0.000000e+00   0.000000e+00   0.000000e+00
1     5.379971e+01   7.259095e-11  -6.877902e-11   0.000000e+00   4.321513e-10   4.561024e-10   0.000000e+00
0     5.389947e+01   0.000000e+00   0.000000e+00   0.000000e+00   0.000000e+00   0.000000e+00   0.000000e+00
1     5.389947e+01   9.913461e-11  -1.312743e-11   0.000000e+00   8.248207e-11   6.228811e-10   0.000000e+00
0     5.399987e+01   0.000000e+00   0.000000e+00   0.000000e+00   0.000000e+00   0.000000e+00   0.000000e+00
1     5.399987e+01   8.779775e-11   4.787020e-11   0.000000e+00  -3.007773e-10   5.516495e-10   0.000000e+00
0     5.409962e+01   0.000000e+00   0.000000e+00   0.000000e+00   0.000000e+00   0.000000e+00   0.000000e+00
1     5.409962e+01   4.303084e-11   9.026819e-11   0.000000e+00  -5.671718e-10   2.703708e-10   0.000000e+00
0     5.419938e+01   0.000000e+00   0.000000e+00   0.000000e+00   0.000000e+00   0.000000e+00   0.000000e+00
1     5.419938e+01  -1.809495e-11   9.834924e-11   0.000000e+00  -6.179465e-10  -1.136939e-10   0.000000e+00
0     5.429978e+01   0.000000e+00   0.000000e+00   0.000000e+00   0.000000e+00   0.000000e+00   0.000000e+00
1     5.429978e+01  -7.262024e-11   6.874810e-11   0.000000e+00  -4.319570e-10  -4.562864e-10   0.000000e+00
0     5.439954e+01   0.000000e+00   0.000000e+00   0.000000e+00   0.000000e+00   0.000000e+00   0.000000e+00
1     5.439954e+01  -9.914019e-11   1.308521e-11   0.000000e+00  -8.221677e-11  -6.229162e-10   0.000000e+00
0     5.449994e+01   0.000000e+00   0.000000e+00   0.000000e+00   0.000000e+00   0.000000e+00   0.000000e+00
1     5.449994e+01  -8.777735e-11  -4.790759e-11   0.000000e+00   3.010123e-10  -5.515213e-10   0.000000e+00
0     5.459969e+01   0.000000e+00   0.000000e+00   0.000000e+00   0.000000e+00   0.000000e+00   0.000000e+00
1     5.459969e+01  -4.299239e-11  -9.028651e-11   0.000000e+00   5.672869e-10  -2.701292e-10   0.000000e+00
0     5.469945e+01   0.000000e+00   0.000000e+00   0.000000e+00   0.000000e+00   0.000000e+00   0.000000e+00
1     5.469945e+01   1.813683e-11  -9.834152e-11   0.000000e+00   6.178980e-10   1.139571e-10   0.000000e+00
0     5.479985e+01   0.000000e+00   0.000000e+00   0.000000e+00   0.000000e+00   0.000000e+00   0.000000e+00
1     5.479985e+01   7.264951e-11  -6.871716e-11   0.000000e+00   4.317627e-10   4.564704e-10   0.000000e+00
0     5.489960e+01   0.000000e+00   0.000000e+00   0.000000e+00   0.000000e+00   0.000000e+00   0.000000e+00
1     5.489960e+01   9.914575e-11  -1.304298e-11   0.000000e+00   8.195145e-11   6.229512e-10   0.000000e+00
0     5.499936e+01   0.000000e+00   0.000000e+00   0.000000e+00   0.000000e+00   0.000000e+00   0.000000e+00
1     5.499936e+01   8.795010e-11   4.758971e-11   0.000000e+00  -2.990150e-10   5.526068e-10   0.000000e+00
0     5.509976e+01   0.000000e+00   0.000000e+00   0.000000e+00   0.000000e+00   0.000000e+00   0.000000e+00
1     5.509976e+01   4.295393e-11   9.030481e-11   0.000000e+00  -5.674019e-10   2.698875e-10   0.000000e+00
0     5.519952e+01   0.000000e+00   0.000000e+00   0.000000e+00   0.000000e+00   0.000000e+00   0.000000e+00
1     5.519952e+01  -1.817872e-11   9.833379e-11   0.000000e+00  -6.178494e-10  -1.142203e-10   0.000000e+00
0     5.529992e+01   0.000000e+00   0.000000e+00   0.000000e+00   0.000000e+00   0.000000e+00   0.000000e+00
1     5.529992e+01  -7.267877e-11   6.868621e-11   0.000000e+00  -4.315682e-10  -4.566542e-10   0.000000e+00
0     5.539967e+01   0.000000e+00   0.000000e+00   0.000000e+00   0.000000e+00   0.000000e+00   0.000000e+00
1     5.539967e+01  -9.915130e-11   1.300075e-11   0.000000e+00  -8.168612e-11  -6.229860e-10   0.000000e+00
0     5.549943e+01   0.000000e+00   0.000000e+00   0.000000e+00   0.000000e+00   0.000000e+00   0.000000e+00
1     5.549943e+01  -8.792982e-11  -4.762716e-11   0.000000e+00   2.992503e-10  -5.524794e-10   0.000000e+00
0     5.559983e+01   0.000000e+00   0.000000e+00   0.000000e+00   0.000000e+00   0.000000e+00   0.000000e+00
1     5.559983e+01  -4.291547e-11  -9.032310e-11   0.000000e+00   5.675168e-10  -2.696458e-10   0.000000e+00
0     5.569958e+01   0.000000e+00   0.000000e+00   0.000000e+00   0.000000e+00   0.000000e+00   0.000000e+00
1     5.569958e+01   1.822060e-11  -9.832604e-11   0.000000e+00   6.178007e-10   1.144834e-10   0.000000e+00
0     5.579998e+01   0.000000e+00   0.000000e+00   0.000000e+00   0.000000e+00   0.000000e+00   0.000000e+00
1     5.579998e+01   7.270802e-11  -6.865525e-11   0.000000e+00   4.313737e-10   4.568380e-10   0.000000e+00
0     5.589974e+01   0.000000e+00   0.000000e+00   0.000000e+00   0.000000e+00   0.000000e+00   0.000000e+00
1     5.589974e+01   9.915683e-11  -1.295852e-11   0.000000e+00   8.142077e-11   6.230207e-10   0.000000e+00
0     5.599950e+01   0.000000e+00   0.000000e+00   0.000000e+00   0.000000e+00   0.000000e+00   0.000000e+00
1     5.599950e+01   8.790953e-11   4.766461e-11   0.000000e+00  -2.994856e-10   5.523518e-10   0.000000e+00
0     5.609990e+01   0.000000e+00   0.000000e+00   0.000000e+00   0.000000e+00   0.000000e+00   0.000000e+00
1     5.609990e+01   4.287699e-11   9.034137e-11   0.000000e+00  -5.676316e-10   2.694041e-10   0.000000e+00
0     5.619965e+01   0.000000e+00   0.000000e+00   0.000000e+00   0.000000e+00   0.000000e+00   0.000000e+00
1     5.619965e+01  -1.826247e-11   9.831827e-11   0.000000e+00  -6.177519e-10  -1.147465e-10   0.000000e+00
0     5.629941e+01   0.000000e+00   0.000000e+00   0.000000e+00   0.000000e+00   0.000000e+00   0.000000e+00
1     5.629941e+01  -7.245916e-11   6.891785e-11   0.000000e+00  -4.330236e-10  -4.552743e-10   0.000000e+00
0     5.639981e+01   0.000000e+00   0.000000e+00   0.000000e+00   0.000000e+00   0.000000e+00   0.000000e+00
1     5.639981e+01  -9.916234e-11   1.291628e-11   0.000000e+00  -8.115541e-11  -6.230554e-10   0.000000e+00
0     5.649956e+01   0.000000e+00   0.000000e+00   0.000000e+00   0.000000e+00   0.000000e+00   0.000000e+00
1     5.649956e+01  -8.788922e-11  -4.770205e-11   0.000000e+00   2.997208e-10  -5.522242e-10   0.000000e+00
0     5.659996e+01   0.000000e+00   0.000000e+00   0.000000e+00   0.000000e+00   0.000000e+00   0.000000e+00
1     5.659996e+01  -4.283851e-11  -9.035963e-11   0.000000e+00   5.677463e-10  -2.691623e-10   0.000000e+00
0     5.669972e+01   0.000000e+00   0.000000e+00   0.000000e+00   0.000000e+00   0.000000e+00   0.000000e+00
1     5.669972e+01   1.830435e-11  -9.831048e-11   0.000000e+00   6.177030e-10   1.150096e-10   0.000000e+00
0     5.679948e+01   0.000000e+00   0.000000e+00   0.000000e+00   0.000000e+00   0.000000e+00   0.000000e+00
1     5.679948e+01   7.248851e-11  -6.888698e-11   0.000000e+00   4.328297e-10   4.554587e-10   0.000000e+00
0     5.689988e+01   0.000000e+00   0.000000e+00   0.000000e+00   0.000000e+00   0.000000e+00   0.000000e+00
1     5.689988e+01   9.916783e-11  -1.287405e-11   0.000000e+00   8.089003e-11   6.230899e-10   0.000000e+00
0     5.699963e+01   0.000000e+00   0.000000e+00   0.000000e+00   0.000000e+00   0.000000e+00   0.000000e+00
1     5.699963e+01   8.786889e-11   4.773948e-11   0.000000e+00  -2.999560e-10   5.520965e-10   0.000000e+00
0     5.709939e+01   0.000000e+00   0.000000e+00   0.000000e+00   0.000000e+00   0.000000e+00   0.000000e+00
1     5.709939e+01   4.316514e-11   9.020405e-11   0.000000e+00  -5.667688e-10   2.712146e-10   0.000000e+00
0     5.719979e+01   0.000000e+00   0.000000e+00   0.000000e+00   0.000000e+00   0.000000e+00   0.000000e+00
1     5.719979e+01  -1.834622e-11   9.830268e-11   0.000000e+00  -6.176539e-10  -1.152727e-10   0.000000e+00
0     5.729954e+01   0.000000e+00   0.000000e+00   0.000000e+00   0.000000e+00   0.000000e+00   0.000000e+00
1     5.729954e+01  -7.251784e-11   6.885610e-11   0.000000e+00  -4.326356e-10  -4.556430e-10   0.000000e+00
0     5.739994e+01   0.000000e+00   0.000000e+00   0.000000e+00   0.000000e+00   0.000000e+00   0.000000e+00
1     5.739994e+01  -9.917331e-11   1.283181e-11   0.000000e+00  -8.062464e-11  -6.231243e-10   0.000000e+00
0     5.749970e+01   0.000000e+00   0.000000e+00   0.000000e+00   0.000000e+00   0.000000e+00   0.000000e+00
1     5.749970e+01  -8.784855e-11  -4.777690e-11   0.000000e+00   3.001911e-10  -5.519687e-10   0.000000e+00
0     5.759946e+01   0.000000e+00   0.000000e+00   0.000000e+00   0.000000e+00   0.000000e+00   0.000000e+00
1     5.759946e+01  -4.312672e-11  -9.022243e-11   0.000000e+00   5.668842e-10  -2.709732e-10   0.000000e+00
0     5.769986e+01   0.000000e+00   0.000000e+00   0.000000e+00   0.000000e+00   0.000000e+00   0.000000e+00
1     5.769986e+01   1.838809e-11  -9.829485e-11   0.000000e+00   6.176048e-10   1.155358e-10   0.000000e+00
0     5.779961e+01   0.000000e+00   0.000000e+00   0.000000e+00   0.000000e+00   0.000000e+00   0.000000e+00
1     5.779961e+01   7.254716e-11  -6.882521e-11   0.000000e+00   4.324415e-10   4.558273e-10   0.000000e+00
0     5.789937e+01   0.000000e+00   0.000000e+00   0.000000e+00   0.000000e+00   0.000000e+00   0.000000e+00
1     5.789937e+01   9.912623e-11  -1.319052e-11   0.000000e+00   8.287848e-11   6.228285e-10   0.000000e+00
0     5.799977e+01   0.000000e+00   0.000000e+00   0.000000e+00   0.000000e+00   0.000000e+00   0.000000e+00
1     5.799977e+01   8.782819e-11   4.781431e-11   0.000000e+00  -3.004262e-10   5.518408e-10   0.000000e+00
0     5.809952e+01   0.000000e+00   0.000000e+00   0.000000e+00   0.000000e+00   0.000000e+00   0.000000e+00
1     5.809952e+01   4.308829e-11   9.024079e-11   0.000000e+00  -5.669996e-10   2.707317e-10   0.000000e+00
0     5.819992e+01   0.000000e+00   0.000000e+00   0.000000e+00   0.000000e+00   0.000000e+00   0.000000e+00
1     5.819992e+01  -1.842995e-11   9.828701e-11   0.000000e+00  -6.175555e-10  -1.157988e-10   0.000000e+00
0     5.829968e+01   0.000000e+00   0.000000e+00   0.000000e+00   0.000000e+00   0.000000e+00   0.000000e+00
1     5.829968e+01  -7.257647e-11   6.879430e-11   0.000000e+00  -4.322474e-10  -4.560114e-10   0.000000e+00
0     5.839944e+01   0.000000e+00   0.000000e+00   0.000000e+00   0.000000e+00   0.000000e+00   0.000000e+00
1     5.839944e+01  -9.913184e-11   1.314830e-11   0.000000e+00  -8.261320e-11  -6.228637e-10   0.000000e+00
0     5.849984e+01   0.000000e+00   0.000000e+00   0.000000e+00   0.000000e+00   0.000000e+00   0.000000e+00
1     5.849984e+01  -8.780782e-11  -4.785171e-11   0.000000e+00   3.006612e-10  -5.517128e-10   0.000000e+00
0     5.859959e+01   0.000000e+00   0.000000e+00   0.000000e+00   0.000000e+00   0.000000e+00   0.000000e+00
1     5.859959e+01  -4.304985e-11  -9.025913e-11   0.000000e+00   5.671148e-10  -2.704902e-10   0.000000e+00
0     5.869999e+01   0.000000e+00   0.000000e+00   0.000000e+00   0.000000e+00   0.000000e+00   0.000000e+00
1     5.869999e+01   1.847181e-11  -9.827915e-11   0.000000e+00   6.175061e-10   1.160618e-10   0.000000e+00
0     5.879975e+01   0.000000e+00   0.000000e+00   0.000000e+00   0.000000e+00   0.000000e+00   0.000000e+00
1     5.879975e+01   7.260576e-11  -6.876338e-11   0.000000e+00   4.320531e-10   4.561955e-10   0.000000e+00
0     5.889950e+01   0.000000e+00   0.000000e+00   0.000000e+00   0.000000e+00   0.000000e+00   0.000000e+00
1     5.889950e+01   9.913743e-11  -1.310608e-11   0.000000e+00   8.234791e-11   6.228989e-10   0.000000e+00
0     5.899990e+01   0.000000e+00   0.000000e+00   0.000000e+00   0.000000e+00   0.000000e+00   0.000000e+00
1     5.899990e+01   8.778743e-11   4.788911e-11   0.000000e+00  -3.008961e-10   5.515847e-10   0.000000e+00
0     5.909966e+01   0.000000e+00   0.000000e+00   0.000000e+00   0.000000e+00   0.000000e+00   0.000000e+00
1     5.909966e+01   4.301140e-11   9.027746e-11   0.000000e+00  -5.672300e-10   2.702486e-10   0.000000e+00
0     5.919942e+01   0.000000e+00   0.000000e+00   0.000000e+00   0.000000e+00   0.000000e+00   0.000000e+00
1     5.919942e+01  -1.811613e-11   9.834534e-11   0.000000e+00  -6.179220e-10  -1.138270e-10   0.000000e+00
0     5.929982e+01   0.000000e+00   0.000000e+00   0.000000e+00   0.000000e+00   0.000000e+00   0.000000e+00
1     5.929982e+01  -7.263504e-11   6.873245e-11   0.000000e+00  -4.318587e-10  -4.563794e-10   0.000000e+00
0     5.939957e+01   0.000000e+00   0.000000e+00   0.000000e+00   0.000000e+00   0.000000e+00   0.000000e+00
1     5.939957e+01  -9.914301e-11   1.306385e-11   0.000000e+00  -8.208260e-11  -6.229339e-10   0.000000e+00
0     5.949997e+01   0.000000e+00   0.000000e+00   0.000000e+00   0.000000e+00   0.000000e+00   0.000000e+00
1     5.949997e+01  -8.776703e-11  -4.792649e-11   0.000000e+00   3.011310e-10  -5.514565e-10   0.000000e+00
0     5.959973e+01   0.000000e+00   0.000000e+00   0.000000e+00   0.000000e+00   0.000000e+00   0.000000e+00
1     5.959973e+01  -4.297294e-11  -9.029577e-11   0.000000e+00   5.673451e-10  -2.700070e-10   0.000000e+00
0     5.969948e+01   0.000000e+00   0.000000e+00   0.000000e+00   0.000000e+00   0.000000e+00   0.000000e+00
1     5.969948e+01   1.815802e-11  -9.833761e-11   0.000000e+00   6.178735e-10   1.140902e-10   0.000000e+00
0     5.979988e+01   0.000000e+00   0.000000e+00   0.000000e+00   0.000000e+00   0.000000e+00   0.000000e+00
1     5.979988e+01   7.266431e-11  -6.870151e-11   0.000000e+00   4.316643e-10   4.565633e-10   0.000000e+00
0     5.989964e+01   0.000000e+00   0.000000e+00   0.000000e+00   0.000000e+00   0.000000e+00   0.000000e+00
1     5.989964e+01   9.914856e-11  -1.302162e-11   0.000000e+00   8.181727e-11   6.229688e-10   0.000000e+00
0     5.999940e+01   0.000000e+00   0.000000e+00   0.000000e+00   0.000000e+00   0.000000e+00   0.000000e+00
1     5.999940e+01   8.793984e-11   4.760865e-11   0.000000e+00  -2.991340e-10   5.525423e-10   0.000000e+00
0     6.009979e+01   0.000000e+00   0.000000e+00   0.000000e+00   0.000000e+00   0.000000e+00   0.000000e+00
1     6.009979e+01   4.293448e-11   9.031406e-11   0.000000e+00  -5.674600e-10   2.697653e-10   0.000000e+00
0     6.019955e+01   0.000000e+00   0.000000e+00   0.000000e+00   0.000000e+00   0.000000e+00   0.000000e+00
1     6.019955e+01  -1.819990e-11   9.832987e-11   0.000000e+00  -6.178248e-10  -1.143533e-10   0.000000e+00
0     6.029995e+01   0.000000e+00   0.000000e+00   0.000000e+00   0.000000e+00   0.000000e+00   0.000000e+00
1     6.029995e+01  -7.269357e-11   6.867056e-11   0.000000e+00  -4.314698e-10  -4.567472e-10   0.000000e+00
0     6.039971e+01   0.000000e+00   0.000000e+00   0.000000e+00   0.000000e+00   0.000000e+00   0.000000e+00
1     6.039971e+01  -9.915410e-11   1.297939e-11   0.000000e+00  -8.155193e-11  -6.230036e-10   0.000000e+00
0     6.049946e+01   0.000000e+00   0.000000e+00   0.000000e+00   0.000000e+00   0.000000e+00   0.000000e+00
1     6.049946e+01  -8.791956e-11  -4.764610e-11   0.000000e+00   2.993693e-10  -5.524149e-10   0.000000e+00
0     6.059986e+01   0.000000e+00   0.000000e+00   0.000000e+00   0.000000e+00   0.000000e+00   0.000000e+00
1     6.059986e+01  -4.289601e-11  -9.033234e-11   0.000000e+00   5.675749e-10  -2.695236e-10   0.000000e+00
0     6.069962e+01   0.000000e+00   0.000000e+00   0.000000e+00   0.000000e+00   0.000000e+00   0.000000e+00
1     6.069962e+01   1.824178e-11  -9.832211e-11   0.000000e+00   6.177760e-10   1.146165e-10   0.000000e+00
0     6.079937e+01   0.000000e+00   0.000000e+00   0.000000e+00   0.000000e+00   0.000000e+00   0.000000e+00
1     6.079937e+01   7.244465e-11  -6.893310e-11   0.000000e+00   4.331195e-10   4.551832e-10   0.000000e+00
0     6.089977e+01   0.000000e+00   0.000000e+00   0.000000e+00   0.000000e+00   0.000000e+00   0.000000e+00
1     6.089977e+01   9.915962e-11  -1.293716e-11   0.000000e+00   8.128657e-11   6.230383e-10   0.000000e+00
0     6.099953e+01   0.000000e+00   0.000000e+00   0.000000e+00   0.000000e+00   0.000000e+00   0.000000e+00
1     6.099953e+01   8.789926e-11   4.768354e-11   0.000000e+00  -2.996045e-10   5.522873e-10   0.000000e+00
0     6.109993e+01   0.000000e+00   0.000000e+00   0.000000e+00   0.000000e+00   0.000000e+00   0.000000e+00
1     6.109993e+01   4.285753e-11   9.035061e-11   0.000000e+00  -5.676896e-10   2.692818e-10   0.000000e+00
0     6.119969e+01   0.000000e+00   0.000000e+00   0.000000e+00   0.000000e+00   0.000000e+00   0.000000e+00
1     6.119969e+01  -1.828365e-11   9.831433e-11   0.000000e+00  -6.177272e-10  -1.148796e-10   0.000000e+00
0     6.129944e+01   0.000000e+00   0.000000e+00   0.000000e+00   0.000000e+00   0.000000e+00   0.000000e+00
1     6.129944e+01  -7.247400e-11   6.890224e-11   0.000000e+00  -4.329255e-10  -4.553676e-10   0.000000e+00
0     6.139984e+01   0.000000e+00   0.000000e+00   0.000000e+00   0.000000e+00   0.000000e+00   0.000000e+00
1     6.139984e+01  -9.916512e-11   1.289492e-11   0.000000e+00  -8.102120e-11  -6.230728e-10   0.000000e+00
0     6.149960e+01   0.000000e+00   0.000000e+00   0.000000e+00   0.000000e+00   0.000000e+00   0.000000e+00
1     6.149960e+01  -8.787894e-11  -4.772098e-11   0.000000e+00   2.998398e-10  -5.521597e-10   0.000000e+00
0     6.160000e+01   0.000000e+00   0.000000e+00   0.000000e+00   0.000000e+00   0.000000e+00   0.000000e+00
1     6.160000e+01  -4.281905e-11  -9.036885e-11   0.000000e+00   5.678042e-10  -2.690400e-10   0.000000e+00
0     6.169975e+01   0.000000e+00   0.000000e+00   0.000000e+00   0.000000e+00   0.000000e+00   0.000000e+00
1     6.169975e+01   1.832552e-11  -9.830654e-11   0.000000e+00   6.176782e-10   1.151427e-10   0.000000e+00
0     6.179951e+01   0.000000e+00   0.000000e+00   0.000000e+00   0.000000e+00   0.000000e+00   0.000000e+00
1     6.179951e+01   7.250334e-11  -6.887137e-11   0.000000e+00   4.327316e-10   4.555520e-10   0.000000e+00
0     6.189991e+01   0.000000e+00   0.000000e+00   0.000000e+00   0.000000e+00   0.000000e+00   0.000000e+00
1     6.189991e+01   9.917060e-11  -1.285269e-11   0.000000e+00   8.075581e-11   6.231073e-10   0.000000e+00
0     6.199967e+01   0.000000e+00   0.000000e+00   0.000000e+00   0.000000e+00   0.000000e+00   0.000000e+00
1     6.199967e+01   8.785861e-11   4.775840e-11   0.000000e+00  -3.000749e-10   5.520319e-10   0.000000e+00
0     6.209942e+01   0.000000e+00   0.000000e+00   0.000000e+00   0.000000e+00   0.000000e+00   0.000000e+00
1     6.209942e+01   4.314571e-11   9.021335e-11   0.000000e+00  -5.668272e-10   2.710925e-10   0.000000e+00
0     6.219982e+01   0.000000e+00   0.000000e+00   0.000000e+00   0.000000e+00   0.000000e+00   0.000000e+00
1     6.219982e+01  -1.836739e-11   9.829872e-11   0.000000e+00  -6.176291e-10  -1.154057e-10   0.000000e+00
0     6.229958e+01   0.000000e+00   0.000000e+00   0.000000e+00   0.000000e+00   0.000000e+00   0.000000e+00
1     6.229958e+01  -7.253267e-11   6.884048e-11   0.000000e+00  -4.325375e-10  -4.557362e-10   0.000000e+00
0     6.239998e+01   0.000000e+00   0.000000e+00   0.000000e+00   0.000000e+00   0.000000e+00   0.000000e+00
1     6.239998e+01  -9.917607e-11   1.281045e-11   0.000000e+00  -8.049041e-11  -6.231416e-10   0.000000e+00
0     6.249973e+01   0.000000e+00   0.000000e+00   0.000000e+00   0.000000e+00   0.000000e+00   0.000000e+00
1     6.249973e+01  -8.783826e-11  -4.779582e-11   0.000000e+00   3.003100e-10  -5.519041e-10   0.000000e+00
0     6.259949e+01   0.000000e+00   0.000000e+00   0.000000e+00   0.000000e+00   0.000000e+00   0.000000e+00
1     6.259949e+01  -4.310728e-11  -9.023171e-11   0.000000e+00   5.669426e-10  -2.708510e-10   0.000000e+00
0     6.269989e+01   0.000000e+00   0.000000e+00   0.000000e+00   0.000000e+00   0.000000e+00   0.000000e+00
1     6.269989e+01   1.840926e-11  -9.829089e-11   0.000000e+00   6.175799e-10   1.156688e-10   0.000000e+00
0     6.279965e+01   0.000000e+00   0.000000e+00   0.000000e+00   0.000000e+00   0.000000e+00   0.000000e+00
1     6.279965e+01   7.256199e-11  -6.880958e-11   0.000000e+00   4.323433e-10   4.559204e-10   0.000000e+00
0     6.289940e+01   0.000000e+00   0.000000e+00   0.000000e+00   0.000000e+00   0.000000e+00   0.000000e+00
1     6.289940e+01   9.912907e-11  -1.316917e-11   0.000000e+00   8.274432e-11   6.228463e-10   0.000000e+00
0     6.299980e+01   0.000000e+00   0.000000e+00   0.000000e+00   0.000000e+00   0.000000e+00   0.000000e+00
1     6.299980e+01   8.781789e-11   4.783323e-11   0.000000e+00  -3.005450e-10   5.517761e-10   0.000000e+00
0     6.309956e+01   0.000000e+00   0.000000e+00   0.000000e+00   0.000000e+00   0.000000e+00   0.000000e+00
1     6.309956e+01   4.306885e-11   9.025007e-11   0.000000e+00  -5.670579e-10   2.706095e-10   0.000000e+00
0     6.319996e+01   0.000000e+00   0.000000e+00   0.000000e+00   0.000000e+00   0.000000e+00   0.000000e+00
1     6.319996e+01  -1.845112e-11   9.828304e-11   0.000000e+00  -6.175306e-10  -1.159318e-10   0.000000e+00
0     6.329971e+01   0.000000e+00   0.000000e+00   0.000000e+00   0.000000e+00   0.000000e+00   0.000000e+00
1     6.329971e+01  -7.259129e-11   6.877867e-11   0.000000e+00  -4.321491e-10  -4.561045e-10   0.000000e+00
0     6.339947e+01   0.000000e+00   0.000000e+00   0.000000e+00   0.000000e+00   0.000000e+00   0.000000e+00
1     6.339947e+01  -9.913467e-11   1.312695e-11   0.000000e+00  -8.247903e-11  -6.228815e-10   0.000000e+00
0     6.349987e+01   0.000000e+00   0.000000e+00   0.000000e+00   0.000000e+00   0.000000e+00   0.000000e+00
1     6.349987e+01  -8.779751e-11  -4.787063e-11   0.000000e+00   3.007800e-10  -5.516480e-10   0.000000e+00
0     6.359963e+01   0.000000e+00   0.000000e+00   0.000000e+00   0.000000e+00   0.000000e+00   0.000000e+00
1     6.359963e+01  -4.303040e-11  -9.026840e-11   0.000000e+00   5.671731e-10  -2.703680e-10   0.000000e+00
0     6.369938e+01   0.000000e+00   0.000000e+00   0.000000e+00   0.000000e+00   0.000000e+00   0.000000e+00
1     6.369938e+01   1.809543e-11  -9.834915e-11   0.000000e+00   6.179459e-10   1.136969e-10   0.000000e+00
0     6.379978e+01   0.000000e+00   0.000000e+00   0.000000e+00   0.000000e+00   0.000000e+00   0.000000e+00
1     6.379978e+01   7.262057e-11  -6.874774e-11   0.000000e+00   4.319548e-10   4.562885e-10   0.000000e+00
0     6.389954e+01   0.000000e+00   0.000000e+00   0.000000e+00   0.000000e+00   0.000000e+00   0.000000e+00
1     6.389954e+01   9.914025e-11  -1.308472e-11   0.000000e+00   8.221373e-11   6.229166e-10   0.000000e+00
0     6.399994e+01   0.000000e+00   0.000000e+00   0.000000e+00   0.000000e+00   0.000000e+00   0.000000e+00
1     6.399994e+01   8.777711e-11   4.790802e-11   0.000000e+00  -3.010149e-10   5.515199e-10   0.000000e+00
0     6.409969e+01   0.000000e+00   0.000000e+00   0.000000e+00   0.000000e+00   0.000000e+00   0.000000e+00
1     6.409969e+01   4.299195e-11   9.028672e-11   0.000000e+00  -5.672882e-10   2.701264e-10   0.000000e+00
0     6.419945e+01   0.000000e+00   0.000000e+00   0.000000e+00   0.000000e+00   0.000000e+00   0.000000e+00
1     6.419945e+01  -1.813731e-11   9.834143e-11   0.000000e+00  -6.178975e-10  -1.139601e-10   0.000000e+00
0     6.429985e+01   0.000000e+00   0.000000e+00   0.000000e+00   0.000000e+00   0.000000e+00   0.000000e+00
1     6.429985e+01  -7.264985e-11   6.871681e-11   0.000000e+00  -4.317604e-10  -4.564725e-10   0.000000e+00
0     6.439961e+01   0.000000e+00   0.000000e+00   0.000000e+00   0.000000e+00   0.000000e+00   0.000000e+00
1     6.439961e+01  -9.914582e-11   1.304249e-11   0.000000e+00  -8.194841e-11  -6.229516e-10   0.000000e+00
0     6.449936e+01   0.000000e+00   0.000000e+00   0.000000e+00   0.000000e+00   0.000000e+00   0.000000e+00
1     6.449936e+01  -8.794986e-11  -4.759014e-11   0.000000e+00   2.990177e-10  -5.526053e-10   0.000000e+00
0     6.459976e+01   0.000000e+00   0.000000e+00   0.000000e+00   0.000000e+00   0.000000e+00   0.000000e+00
1     6.459976e+01  -4.295349e-11  -9.030502e-11   0.000000e+00   5.674032e-10  -2.698848e-10   0.000000e+00
0     6.469952e+01   0.000000e+00   0.000000e+00   0.000000e+00   0.000000e+00   0.000000e+00   0.000000e+00
1     6.469952e+01   1.817920e-11  -9.833370e-11   0.000000e+00   6.178489e-10   1.142233e-10   0.000000e+00
0     6.479992e+01   0.000000e+00   0.000000e+00   0.000000e+00   0.000000e+00   0.000000e+00   0.000000e+00
1     6.479992e+01   7.267911e-11  -6.868586e-11   0.000000e+00   4.315660e-10   4.566563e-10   0.000000e+00
0     6.489967e+01   0.000000e+00   0.000000e+00   0.000000e+00   0.000000e+00   0.000000e+00   0.000000e+00
1     6.489967e+01   9.915136e-11  -1.300026e-11   0.000000e+00   8.168307e-11   6.229864e-10   0.000000e+00
0     6.499943e+01   0.000000e+00   0.000000e+00   0.000000e+00   0.000000e+00   0.000000e+00   0.000000e+00
1     6.499943e+01   8.792959e-11   4.762759e-11   0.000000e+00  -2.992530e-10   5.524779e-10   0.000000e+00
0     6.509983e+01   0.000000e+00   0.000000e+00   0.000000e+00   0.000000e+00   0.000000e+00   0.000000e+00
1     6.509983e+01   4.291503e-11   9.032331e-11   0.000000e+00  -5.675181e-10   2.696431e-10   0.000000e+00
0     6.519959e+01   0.000000e+00   0.000000e+00   0.000000e+00   0.000000e+00   0.000000e+00   0.000000e+00
1     6.519959e+01  -1.822108e-11   9.832595e-11   0.000000e+00  -6.178002e-10  -1.144864e-10   0.000000e+00
0     6.529998e+01   0.000000e+00   0.000000e+00   0.000000e+00   0.000000e+00   0.000000e+00   0.000000e+00
1     6.529998e+01  -7.270836e-11   6.865490e-11   0.000000e+00  -4.313714e-10  -4.568401e-10   0.000000e+00
0     6.539974e+01   0.000000e+00   0.000000e+00   0.000000e+00   0.000000e+00   0.000000e+00   0.000000e+00
1     6.539974e+01  -9.915689e-11   1.295803e-11   0.000000e+00  -8.141772e-11  -6.230211e-10   0.000000e+00
0     6.549950e+01   0.000000e+00   0.000000e+00   0.000000e+00   0.000000e+00   0.000000e+00   0.000000e+00
1     6.549950e+01  -8.790929e-11  -4.766504e-11   0.000000e+00   2.994883e-10  -5.523504e-10   0.000000e+00
0     6.559990e+01   0.000000e+00   0.000000e+00   0.000000e+00   0.000000e+00   0.000000e+00   0.000000e+00
1     6.559990e+01  -4.287655e-11  -9.034158e-11   0.000000e+00   5.676329e-10  -2.694013e-10   0.000000e+00
0     6.569965e+01   0.000000e+00   0.000000e+00   0.000000e+00   0.000000e+00   0.000000e+00   0.000000e+00
1     6.569965e+01   1.826296e-11  -9.831818e-11   0.000000e+00   6.177513e-10   1.147495e-10   0.000000e+00
0     6.579941e+01   0.000000e+00   0.000000e+00   0.000000e+00   0.000000e+00   0.000000e+00   0.000000e+00
1     6.579941e+01   7.245950e-11  -6.891749e-11   0.000000e+00   4.330214e-10   4.552765e-10   0.000000e+00
0     6.589981e+01   0.000000e+00   0.000000e+00   0.000000e+00   0.000000e+00   0.000000e+00   0.000000e+00
1     6.589981e+01   9.916240e-11  -1.291580e-11   0.000000e+00   8.115235e-11   6.230558e-10   0.000000e+00
