# Particle id
# Time in code units
# x in code units
# y in code units
# z in code units
# vx in code units
# vy in code units
# vz in code units
#id   t              x              y              z              vx             vy             vz          
0     0.000000e+00   0.000000e+00   0.000000e+00   0.000000e+00   0.000000e+00   0.000000e+00   0.000000e+00
1     0.000000e+00   8.775826e-01   4.794255e-01   0.000000e+00  -3.012320e+00   5.514014e+00   0.000000e+00
0     9.985257e-02   0.000000e+00   0.000000e+00   0.000000e+00   0.000000e+00   0.000000e+00   0.000000e+00
1     9.985257e-02   4.290169e-01   9.032965e-01   0.000000e+00  -5.675579e+00   2.695593e+00   0.000000e+00
0     1.996333e-01   0.000000e+00   0.000000e+00   0.000000e+00   0.000000e+00   0.000000e+00   0.000000e+00
1     1.996333e-01  -1.825078e-01   9.832044e-01   0.000000e+00  -6.177656e+00  -1.146730e+00   0.000000e+00
0     2.994142e-01   0.000000e+00   0.000000e+00   0.000000e+00   0.000000e+00   0.000000e+00   0.000000e+00
1     2.994142e-01  -7.246173e-01   6.891515e-01   0.000000e+00  -4.330067e+00  -4.552904e+00   0.000000e+00
0     3.998361e-01   0.000000e+00   0.000000e+00   0.000000e+00   0.000000e+00   0.000000e+00   0.000000e+00
1     3.998361e-01  -9.916461e-01   1.289881e-01   0.000000e+00  -8.104560e-01  -6.230696e+00   0.000000e+00
0     4.996105e-01   0.000000e+00   0.000000e+00   0.000000e+00   0.000000e+00   0.000000e+00   0.000000e+00
1     4.996105e-01  -8.787532e-01  -4.772765e-01   0.000000e+00   2.998816e+00  -5.521369e+00   0.000000e+00
0     5.993815e-01   0.000000e+00   0.000000e+00   0.000000e+00   0.000000e+00   0.000000e+00   0.000000e+00
1     5.993815e-01  -4.316883e-01  -9.020228e-01   0.000000e+00   5.667577e+00  -2.712378e+00   0.000000e+00
0     6.997936e-01   0.000000e+00   0.000000e+00   0.000000e+00   0.000000e+00   0.000000e+00   0.000000e+00
1     6.997936e-01   1.834983e-01  -9.830200e-01   0.000000e+00   6.176497e+00   1.152954e+00   0.000000e+00
0     7.995596e-01   0.000000e+00   0.000000e+00   0.000000e+00   0.000000e+00   0.000000e+00   0.000000e+00
1     7.995596e-01   7.252464e-01  -6.884894e-01   0.000000e+00   4.325907e+00   4.556858e+00   0.000000e+00
0     8.999675e-01   0.000000e+00   0.000000e+00   0.000000e+00   0.000000e+00   0.000000e+00   0.000000e+00
1     8.999675e-01   9.917523e-01  -1.281689e-01   0.000000e+00   8.053092e-01   6.231364e+00   0.000000e+00
0     9.997304e-01   0.000000e+00   0.000000e+00   0.000000e+00   0.000000e+00   0.000000e+00   0.000000e+00
1     9.997304e-01   8.783935e-01   4.779382e-01   0.000000e+00  -3.002974e+00   5.519109e+00   0.000000e+00
0     1.099492e+00   0.000000e+00   0.000000e+00   0.000000e+00   0.000000e+00   0.000000e+00   0.000000e+00
1     1.099492e+00   4.310618e-01   9.023224e-01   0.000000e+00  -5.669459e+00   2.708441e+00   0.000000e+00
0     1.199896e+00   0.000000e+00   0.000000e+00   0.000000e+00   0.000000e+00   0.000000e+00   0.000000e+00
1     1.199896e+00  -1.841334e-01   9.829013e-01   0.000000e+00  -6.175751e+00  -1.156944e+00   0.000000e+00
0     1.299656e+00   0.000000e+00   0.000000e+00   0.000000e+00   0.000000e+00   0.000000e+00   0.000000e+00
1     1.299656e+00  -7.256652e-01   6.880480e-01   0.000000e+00  -4.323133e+00  -4.559489e+00   0.000000e+00
0     1.399416e+00   0.000000e+00   0.000000e+00   0.000000e+00   0.000000e+00   0.000000e+00   0.000000e+00
1     1.399416e+00  -9.913021e-01   1.316061e-01   0.000000e+00  -8.269058e-01  -6.228535e+00   0.000000e+00
0     1.499818e+00   0.000000e+00   0.000000e+00   0.000000e+00   0.000000e+00   0.000000e+00   0.000000e+00
1     1.499818e+00  -8.781295e-01  -4.784231e-01   0.000000e+00   3.006021e+00  -5.517450e+00   0.000000e+00
0     1.599577e+00   0.000000e+00   0.000000e+00   0.000000e+00   0.000000e+00   0.000000e+00   0.000000e+00
1     1.599577e+00  -4.305825e-01  -9.025512e-01   0.000000e+00   5.670896e+00  -2.705430e+00   0.000000e+00
0     1.699978e+00   0.000000e+00   0.000000e+00   0.000000e+00   0.000000e+00   0.000000e+00   0.000000e+00
1     1.699978e+00   1.846379e-01  -9.828066e-01   0.000000e+00   6.175156e+00   1.160114e+00   0.000000e+00
0     1.799736e+00   0.000000e+00   0.000000e+00   0.000000e+00   0.000000e+00   0.000000e+00   0.000000e+00
1     1.799736e+00   7.260080e-01  -6.876862e-01   0.000000e+00   4.320860e+00   4.561643e+00   0.000000e+00
0     1.899493e+00   0.000000e+00   0.000000e+00   0.000000e+00   0.000000e+00   0.000000e+00   0.000000e+00
1     1.899493e+00   9.913659e-01  -1.311245e-01   0.000000e+00   8.238798e-01   6.228936e+00   0.000000e+00
0     1.999894e+00   0.000000e+00   0.000000e+00   0.000000e+00   0.000000e+00   0.000000e+00   0.000000e+00
1     1.999894e+00   8.779020e-01   4.788403e-01   0.000000e+00  -3.008642e+00   5.516021e+00   0.000000e+00
0     2.099651e+00   0.000000e+00   0.000000e+00   0.000000e+00   0.000000e+00   0.000000e+00   0.000000e+00
1     2.099651e+00   4.301614e-01   9.027520e-01   0.000000e+00  -5.672158e+00   2.702784e+00   0.000000e+00
0     2.199408e+00   0.000000e+00   0.000000e+00   0.000000e+00   0.000000e+00   0.000000e+00   0.000000e+00
1     2.199408e+00  -1.811139e-01   9.834621e-01   0.000000e+00  -6.179275e+00  -1.137972e+00   0.000000e+00
0     2.299808e+00   0.000000e+00   0.000000e+00   0.000000e+00   0.000000e+00   0.000000e+00   0.000000e+00
1     2.299808e+00  -7.263198e-01   6.873569e-01   0.000000e+00  -4.318791e+00  -4.563602e+00   0.000000e+00
0     2.399565e+00   0.000000e+00   0.000000e+00   0.000000e+00   0.000000e+00   0.000000e+00   0.000000e+00
1     2.399565e+00  -9.914246e-01   1.306797e-01   0.000000e+00  -8.210847e-01  -6.229305e+00   0.000000e+00
0     2.499965e+00   0.000000e+00   0.000000e+00   0.000000e+00   0.000000e+00   0.000000e+00   0.000000e+00
1     2.499965e+00  -8.776890e-01  -4.792307e-01   0.000000e+00   3.011095e+00  -5.514683e+00   0.000000e+00
0     2.599721e+00   0.000000e+00   0.000000e+00   0.000000e+00   0.000000e+00   0.000000e+00   0.000000e+00
1     2.599721e+00  -4.297629e-01  -9.029418e-01   0.000000e+00   5.673351e+00  -2.700280e+00   0.000000e+00
0     2.699478e+00   0.000000e+00   0.000000e+00   0.000000e+00   0.000000e+00   0.000000e+00   0.000000e+00
1     2.699478e+00   1.815454e-01  -9.833826e-01   0.000000e+00   6.178775e+00   1.140684e+00   0.000000e+00
0     2.799877e+00   0.000000e+00   0.000000e+00   0.000000e+00   0.000000e+00   0.000000e+00   0.000000e+00
1     2.799877e+00   7.266198e-01  -6.870397e-01   0.000000e+00   4.316798e+00   4.565487e+00   0.000000e+00
0     2.899634e+00   0.000000e+00   0.000000e+00   0.000000e+00   0.000000e+00   0.000000e+00   0.000000e+00
1     2.899634e+00   9.914814e-01  -1.302487e-01   0.000000e+00   8.183765e-01   6.229661e+00   0.000000e+00
0     2.999390e+00   0.000000e+00   0.000000e+00   0.000000e+00   0.000000e+00   0.000000e+00   0.000000e+00
1     2.999390e+00   8.794136e-01   4.760586e-01   0.000000e+00  -2.991164e+00   5.525518e+00   0.000000e+00
0     3.099790e+00   0.000000e+00   0.000000e+00   0.000000e+00   0.000000e+00   0.000000e+00   0.000000e+00
1     3.099790e+00   4.293727e-01   9.031274e-01   0.000000e+00  -5.674517e+00   2.697829e+00   0.000000e+00
0     3.199546e+00   0.000000e+00   0.000000e+00   0.000000e+00   0.000000e+00   0.000000e+00   0.000000e+00
1     3.199546e+00  -1.819692e-01   9.833042e-01   0.000000e+00  -6.178283e+00  -1.143346e+00   0.000000e+00
0     3.299946e+00   0.000000e+00   0.000000e+00   0.000000e+00   0.000000e+00   0.000000e+00   0.000000e+00
1     3.299946e+00  -7.269153e-01   6.867271e-01   0.000000e+00  -4.314834e+00  -4.567343e+00   0.000000e+00
0     3.399702e+00   0.000000e+00   0.000000e+00   0.000000e+00   0.000000e+00   0.000000e+00   0.000000e+00
1     3.399702e+00  -9.915372e-01   1.298229e-01   0.000000e+00  -8.157013e-01  -6.230012e+00   0.000000e+00
0     3.499458e+00   0.000000e+00   0.000000e+00   0.000000e+00   0.000000e+00   0.000000e+00   0.000000e+00
1     3.499458e+00  -8.792093e-01  -4.764357e-01   0.000000e+00   2.993534e+00  -5.524235e+00   0.000000e+00
0     3.599858e+00   0.000000e+00   0.000000e+00   0.000000e+00   0.000000e+00   0.000000e+00   0.000000e+00
1     3.599858e+00  -4.289859e-01  -9.033112e-01   0.000000e+00   5.675672e+00  -2.695398e+00   0.000000e+00
0     3.699614e+00   0.000000e+00   0.000000e+00   0.000000e+00   0.000000e+00   0.000000e+00   0.000000e+00
1     3.699614e+00   1.823900e-01  -9.832263e-01   0.000000e+00   6.177793e+00   1.145990e+00   0.000000e+00
0     3.799370e+00   0.000000e+00   0.000000e+00   0.000000e+00   0.000000e+00   0.000000e+00   0.000000e+00
1     3.799370e+00   7.244272e-01  -6.893513e-01   0.000000e+00   4.331322e+00   4.551710e+00   0.000000e+00
0     3.899770e+00   0.000000e+00   0.000000e+00   0.000000e+00   0.000000e+00   0.000000e+00   0.000000e+00
1     3.899770e+00   9.915926e-01  -1.293992e-01   0.000000e+00   8.130390e-01   6.230360e+00   0.000000e+00
0     3.999526e+00   0.000000e+00   0.000000e+00   0.000000e+00   0.000000e+00   0.000000e+00   0.000000e+00
1     3.999526e+00   8.790058e-01   4.768111e-01   0.000000e+00  -2.995893e+00   5.522956e+00   0.000000e+00
0     4.099926e+00   0.000000e+00   0.000000e+00   0.000000e+00   0.000000e+00   0.000000e+00   0.000000e+00
1     4.099926e+00   4.286002e-01   9.034943e-01   0.000000e+00  -5.676822e+00   2.692974e+00   0.000000e+00
0     4.199682e+00   0.000000e+00   0.000000e+00   0.000000e+00   0.000000e+00   0.000000e+00   0.000000e+00
1     4.199682e+00  -1.828096e-01   9.831483e-01   0.000000e+00  -6.177303e+00  -1.148626e+00   0.000000e+00
0     4.299438e+00   0.000000e+00   0.000000e+00   0.000000e+00   0.000000e+00   0.000000e+00   0.000000e+00
1     4.299438e+00  -7.247212e-01   6.890422e-01   0.000000e+00  -4.329380e+00  -4.553558e+00   0.000000e+00
0     4.399838e+00   0.000000e+00   0.000000e+00   0.000000e+00   0.000000e+00   0.000000e+00   0.000000e+00
1     4.399838e+00  -9.916477e-01   1.289762e-01   0.000000e+00  -8.103817e-01  -6.230706e+00   0.000000e+00
0     4.499594e+00   0.000000e+00   0.000000e+00   0.000000e+00   0.000000e+00   0.000000e+00   0.000000e+00
1     4.499594e+00  -8.788024e-01  -4.771859e-01   0.000000e+00   2.998248e+00  -5.521678e+00   0.000000e+00
0     4.599994e+00   0.000000e+00   0.000000e+00   0.000000e+00   0.000000e+00   0.000000e+00   0.000000e+00
1     4.599994e+00  -4.282150e-01  -9.036769e-01   0.000000e+00   5.677969e+00  -2.690554e+00   0.000000e+00
0     4.699750e+00   0.000000e+00   0.000000e+00   0.000000e+00   0.000000e+00   0.000000e+00   0.000000e+00
1     4.699750e+00   1.832286e-01  -9.830703e-01   0.000000e+00   6.176813e+00   1.151260e+00   0.000000e+00
0     4.799506e+00   0.000000e+00   0.000000e+00   0.000000e+00   0.000000e+00   0.000000e+00   0.000000e+00
1     4.799506e+00   7.250148e-01  -6.887332e-01   0.000000e+00   4.327439e+00   4.555403e+00   0.000000e+00
0     4.899906e+00   0.000000e+00   0.000000e+00   0.000000e+00   0.000000e+00   0.000000e+00   0.000000e+00
1     4.899906e+00   9.917026e-01  -1.285536e-01   0.000000e+00   8.077263e-01   6.231051e+00   0.000000e+00
0     4.999662e+00   0.000000e+00   0.000000e+00   0.000000e+00   0.000000e+00   0.000000e+00   0.000000e+00
1     4.999662e+00   8.785990e-01   4.775603e-01   0.000000e+00  -3.000600e+00   5.520400e+00   0.000000e+00
0     5.099418e+00   0.000000e+00   0.000000e+00   0.000000e+00   0.000000e+00   0.000000e+00   0.000000e+00
1     5.099418e+00   4.314814e-01   9.021218e-01   0.000000e+00  -5.668199e+00   2.711078e+00   0.000000e+00
0     5.199818e+00   0.000000e+00   0.000000e+00   0.000000e+00   0.000000e+00   0.000000e+00   0.000000e+00
1     5.199818e+00  -1.836475e-01   9.829922e-01   0.000000e+00  -6.176322e+00  -1.153891e+00   0.000000e+00
0     5.299574e+00   0.000000e+00   0.000000e+00   0.000000e+00   0.000000e+00   0.000000e+00   0.000000e+00
1     5.299574e+00  -7.253082e-01   6.884243e-01   0.000000e+00  -4.325498e+00  -4.557246e+00   0.000000e+00
0     5.399974e+00   0.000000e+00   0.000000e+00   0.000000e+00   0.000000e+00   0.000000e+00   0.000000e+00
1     5.399974e+00  -9.917572e-01   1.281312e-01   0.000000e+00  -8.050718e-01  -6.231394e+00   0.000000e+00
0     5.499730e+00   0.000000e+00   0.000000e+00   0.000000e+00   0.000000e+00   0.000000e+00   0.000000e+00
1     5.499730e+00  -8.783954e-01  -4.779346e-01   0.000000e+00   3.002951e+00  -5.519121e+00   0.000000e+00
0     5.599486e+00   0.000000e+00   0.000000e+00   0.000000e+00   0.000000e+00   0.000000e+00   0.000000e+00
1     5.599486e+00  -4.310971e-01  -9.023056e-01   0.000000e+00   5.669353e+00  -2.708663e+00   0.000000e+00
0     5.699886e+00   0.000000e+00   0.000000e+00   0.000000e+00   0.000000e+00   0.000000e+00   0.000000e+00
1     5.699886e+00   1.840662e-01  -9.829139e-01   0.000000e+00   6.175830e+00   1.156522e+00   0.000000e+00
0     5.799642e+00   0.000000e+00   0.000000e+00   0.000000e+00   0.000000e+00   0.000000e+00   0.000000e+00
1     5.799642e+00   7.256014e-01  -6.881153e-01   0.000000e+00   4.323556e+00   4.559088e+00   0.000000e+00
0     5.899398e+00   0.000000e+00   0.000000e+00   0.000000e+00   0.000000e+00   0.000000e+00   0.000000e+00
1     5.899398e+00   9.912872e-01  -1.317183e-01   0.000000e+00   8.276106e-01   6.228441e+00   0.000000e+00
0     5.999798e+00   0.000000e+00   0.000000e+00   0.000000e+00   0.000000e+00   0.000000e+00   0.000000e+00
1     5.999798e+00   8.781918e-01   4.783087e-01   0.000000e+00  -3.005302e+00   5.517842e+00   0.000000e+00
0     6.099554e+00   0.000000e+00   0.000000e+00   0.000000e+00   0.000000e+00   0.000000e+00   0.000000e+00
1     6.099554e+00   4.307127e-01   9.024891e-01   0.000000e+00  -5.670506e+00   2.706248e+00   0.000000e+00
0     6.199953e+00   0.000000e+00   0.000000e+00   0.000000e+00   0.000000e+00   0.000000e+00   0.000000e+00
1     6.199953e+00  -1.844848e-01   9.828354e-01   0.000000e+00  -6.175337e+00  -1.159152e+00   0.000000e+00
0     6.299709e+00   0.000000e+00   0.000000e+00   0.000000e+00   0.000000e+00   0.000000e+00   0.000000e+00
1     6.299709e+00  -7.258944e-01   6.878062e-01   0.000000e+00  -4.321614e+00  -4.560929e+00   0.000000e+00
0     6.399466e+00   0.000000e+00   0.000000e+00   0.000000e+00   0.000000e+00   0.000000e+00   0.000000e+00
1     6.399466e+00  -9.913432e-01   1.312961e-01   0.000000e+00  -8.249578e-01  -6.228793e+00   0.000000e+00
0     6.499865e+00   0.000000e+00   0.000000e+00   0.000000e+00   0.000000e+00   0.000000e+00   0.000000e+00
1     6.499865e+00  -8.779880e-01  -4.786826e-01   0.000000e+00   3.007652e+00  -5.516561e+00   0.000000e+00
0     6.599621e+00   0.000000e+00   0.000000e+00   0.000000e+00   0.000000e+00   0.000000e+00   0.000000e+00
1     6.599621e+00  -4.303283e-01  -9.026724e-01   0.000000e+00   5.671658e+00  -2.703833e+00   0.000000e+00
0     6.699378e+00   0.000000e+00   0.000000e+00   0.000000e+00   0.000000e+00   0.000000e+00   0.000000e+00
1     6.699378e+00   1.809278e-01  -9.834964e-01   0.000000e+00   6.179490e+00   1.136803e+00   0.000000e+00
0     6.799777e+00   0.000000e+00   0.000000e+00   0.000000e+00   0.000000e+00   0.000000e+00   0.000000e+00
1     6.799777e+00   7.261872e-01  -6.874970e-01   0.000000e+00   4.319671e+00   4.562769e+00   0.000000e+00
0     6.899533e+00   0.000000e+00   0.000000e+00   0.000000e+00   0.000000e+00   0.000000e+00   0.000000e+00
1     6.899533e+00   9.913990e-01  -1.308739e-01   0.000000e+00   8.223050e-01   6.229144e+00   0.000000e+00
0     6.999933e+00   0.000000e+00   0.000000e+00   0.000000e+00   0.000000e+00   0.000000e+00   0.000000e+00
1     6.999933e+00   8.777841e-01   4.790565e-01   0.000000e+00  -3.010001e+00   5.515280e+00   0.000000e+00
0     7.099689e+00   0.000000e+00   0.000000e+00   0.000000e+00   0.000000e+00   0.000000e+00   0.000000e+00
1     7.099689e+00   4.299438e-01   9.028556e-01   0.000000e+00  -5.672809e+00   2.701417e+00   0.000000e+00
0     7.199445e+00   0.000000e+00   0.000000e+00   0.000000e+00   0.000000e+00   0.000000e+00   0.000000e+00
1     7.199445e+00  -1.813466e-01   9.834192e-01   0.000000e+00  -6.179005e+00  -1.139435e+00   0.000000e+00
0     7.299845e+00   0.000000e+00   0.000000e+00   0.000000e+00   0.000000e+00   0.000000e+00   0.000000e+00
1     7.299845e+00  -7.264800e-01   6.871877e-01   0.000000e+00  -4.317727e+00  -4.564608e+00   0.000000e+00
0     7.399601e+00   0.000000e+00   0.000000e+00   0.000000e+00   0.000000e+00   0.000000e+00   0.000000e+00
1     7.399601e+00  -9.914547e-01   1.304517e-01   0.000000e+00  -8.196521e-01  -6.229493e+00   0.000000e+00
0     7.499357e+00   0.000000e+00   0.000000e+00   0.000000e+00   0.000000e+00   0.000000e+00   0.000000e+00
1     7.499357e+00  -8.795115e-01  -4.758777e-01   0.000000e+00   2.990028e+00  -5.526134e+00   0.000000e+00
0     7.599757e+00   0.000000e+00   0.000000e+00   0.000000e+00   0.000000e+00   0.000000e+00   0.000000e+00
1     7.599757e+00  -4.295593e-01  -9.030387e-01   0.000000e+00   5.673959e+00  -2.699001e+00   0.000000e+00
0     7.699513e+00   0.000000e+00   0.000000e+00   0.000000e+00   0.000000e+00   0.000000e+00   0.000000e+00
1     7.699513e+00   1.817654e-01  -9.833419e-01   0.000000e+00   6.178519e+00   1.142066e+00   0.000000e+00
0     7.799913e+00   0.000000e+00   0.000000e+00   0.000000e+00   0.000000e+00   0.000000e+00   0.000000e+00
1     7.799913e+00   7.267725e-01  -6.868782e-01   0.000000e+00   4.315783e+00   4.566447e+00   0.000000e+00
0     7.899669e+00   0.000000e+00   0.000000e+00   0.000000e+00   0.000000e+00   0.000000e+00   0.000000e+00
1     7.899669e+00   9.915101e-01  -1.300294e-01   0.000000e+00   8.169990e-01   6.229842e+00   0.000000e+00
0     7.999425e+00   0.000000e+00   0.000000e+00   0.000000e+00   0.000000e+00   0.000000e+00   0.000000e+00
1     7.999425e+00   8.793087e-01   4.762522e-01   0.000000e+00  -2.992381e+00   5.524860e+00   0.000000e+00
0     8.099825e+00   0.000000e+00   0.000000e+00   0.000000e+00   0.000000e+00   0.000000e+00   0.000000e+00
1     8.099825e+00   4.291747e-01   9.032215e-01   0.000000e+00  -5.675108e+00   2.696584e+00   0.000000e+00
0     8.199581e+00   0.000000e+00   0.000000e+00   0.000000e+00   0.000000e+00   0.000000e+00   0.000000e+00
1     8.199581e+00  -1.821842e-01   9.832644e-01   0.000000e+00  -6.178033e+00  -1.144697e+00   0.000000e+00
0     8.299981e+00   0.000000e+00   0.000000e+00   0.000000e+00   0.000000e+00   0.000000e+00   0.000000e+00
1     8.299981e+00  -7.270650e-01   6.865686e-01   0.000000e+00  -4.313838e+00  -4.568284e+00   0.000000e+00
0     8.399737e+00   0.000000e+00   0.000000e+00   0.000000e+00   0.000000e+00   0.000000e+00   0.000000e+00
1     8.399737e+00  -9.915654e-01   1.296072e-01   0.000000e+00  -8.143459e-01  -6.230189e+00   0.000000e+00
0     8.499493e+00   0.000000e+00   0.000000e+00   0.000000e+00   0.000000e+00   0.000000e+00   0.000000e+00
1     8.499493e+00  -8.791058e-01  -4.766266e-01   0.000000e+00   2.994733e+00  -5.523585e+00   0.000000e+00
0     8.599893e+00   0.000000e+00   0.000000e+00   0.000000e+00   0.000000e+00   0.000000e+00   0.000000e+00
1     8.599893e+00  -4.287900e-01  -9.034042e-01   0.000000e+00   5.676256e+00  -2.694167e+00   0.000000e+00
0     8.699649e+00   0.000000e+00   0.000000e+00   0.000000e+00   0.000000e+00   0.000000e+00   0.000000e+00
1     8.699649e+00   1.826029e-01  -9.831867e-01   0.000000e+00   6.177545e+00   1.147328e+00   0.000000e+00
0     8.799405e+00   0.000000e+00   0.000000e+00   0.000000e+00   0.000000e+00   0.000000e+00   0.000000e+00
1     8.799405e+00   7.245763e-01  -6.891946e-01   0.000000e+00   4.330337e+00   4.552647e+00   0.000000e+00
0     8.899804e+00   0.000000e+00   0.000000e+00   0.000000e+00   0.000000e+00   0.000000e+00   0.000000e+00
1     8.899804e+00   9.916205e-01  -1.291849e-01   0.000000e+00   8.116926e-01   6.230536e+00   0.000000e+00
0     8.999561e+00   0.000000e+00   0.000000e+00   0.000000e+00   0.000000e+00   0.000000e+00   0.000000e+00
1     8.999561e+00   8.789028e-01   4.770009e-01   0.000000e+00  -2.997085e+00   5.522309e+00   0.000000e+00
0     9.099960e+00   0.000000e+00   0.000000e+00   0.000000e+00   0.000000e+00   0.000000e+00   0.000000e+00
1     9.099960e+00   4.284052e-01   9.035867e-01   0.000000e+00  -5.677403e+00   2.691749e+00   0.000000e+00
0     9.199716e+00   0.000000e+00   0.000000e+00   0.000000e+00   0.000000e+00   0.000000e+00   0.000000e+00
1     9.199716e+00  -1.830216e-01   9.831089e-01   0.000000e+00  -6.177055e+00  -1.149959e+00   0.000000e+00
0     9.299473e+00   0.000000e+00   0.000000e+00   0.000000e+00   0.000000e+00   0.000000e+00   0.000000e+00
1     9.299473e+00  -7.248697e-01   6.888860e-01   0.000000e+00  -4.328398e+00  -4.554491e+00   0.000000e+00
0     9.399872e+00   0.000000e+00   0.000000e+00   0.000000e+00   0.000000e+00   0.000000e+00   0.000000e+00
1     9.399872e+00  -9.916754e-01   1.287626e-01   0.000000e+00  -8.090392e-01  -6.230881e+00   0.000000e+00
0     9.499628e+00   0.000000e+00   0.000000e+00   0.000000e+00   0.000000e+00   0.000000e+00   0.000000e+00
1     9.499628e+00  -8.786996e-01  -4.773752e-01   0.000000e+00   2.999437e+00  -5.521032e+00   0.000000e+00
0     9.599385e+00   0.000000e+00   0.000000e+00   0.000000e+00   0.000000e+00   0.000000e+00   0.000000e+00
1     9.599385e+00  -4.316715e-01  -9.020309e-01   0.000000e+00   5.667627e+00  -2.712272e+00   0.000000e+00
0     9.699784e+00   0.000000e+00   0.000000e+00   0.000000e+00   0.000000e+00   0.000000e+00   0.000000e+00
1     9.699784e+00   1.834402e-01  -9.830309e-01   0.000000e+00   6.176565e+00   1.152589e+00   0.000000e+00
0     9.799540e+00   0.000000e+00   0.000000e+00   0.000000e+00   0.000000e+00   0.000000e+00   0.000000e+00
1     9.799540e+00   7.251630e-01  -6.885772e-01   0.000000e+00   4.326458e+00   4.556334e+00   0.000000e+00
0     9.899940e+00   0.000000e+00   0.000000e+00   0.000000e+00   0.000000e+00   0.000000e+00   0.000000e+00
1     9.899940e+00   9.917302e-01  -1.283403e-01   0.000000e+00   8.063856e-01   6.231225e+00   0.000000e+00
0     9.999696e+00   0.000000e+00   0.000000e+00   0.000000e+00   0.000000e+00   0.000000e+00   0.000000e+00
1     9.999696e+00   8.784962e-01   4.777493e-01   0.000000e+00  -3.001788e+00   5.519754e+00   0.000000e+00
0     1.009945e+01   0.000000e+00   0.000000e+00   0.000000e+00   0.000000e+00   0.000000e+00   0.000000e+00
1     1.009945e+01   4.312873e-01   9.022146e-01   0.000000e+00  -5.668782e+00   2.709858e+00   0.000000e+00
0     1.019985e+01   0.000000e+00   0.000000e+00   0.000000e+00   0.000000e+00   0.000000e+00   0.000000e+00
1     1.019985e+01  -1.838589e-01   9.829527e-01   0.000000e+00  -6.176074e+00  -1.155219e+00   0.000000e+00
0     1.029961e+01   0.000000e+00   0.000000e+00   0.000000e+00   0.000000e+00   0.000000e+00   0.000000e+00
1     1.029961e+01  -7.254562e-01   6.882683e-01   0.000000e+00  -4.324517e+00  -4.558176e+00   0.000000e+00
0     1.039936e+01   0.000000e+00   0.000000e+00   0.000000e+00   0.000000e+00   0.000000e+00   0.000000e+00
1     1.039936e+01  -9.912594e-01   1.319274e-01   0.000000e+00  -8.289244e-01  -6.228266e+00   0.000000e+00
0     1.049976e+01   0.000000e+00   0.000000e+00   0.000000e+00   0.000000e+00   0.000000e+00   0.000000e+00
1     1.049976e+01  -8.782927e-01  -4.781234e-01   0.000000e+00   3.004138e+00  -5.518476e+00   0.000000e+00
0     1.059952e+01   0.000000e+00   0.000000e+00   0.000000e+00   0.000000e+00   0.000000e+00   0.000000e+00
1     1.059952e+01  -4.309031e-01  -9.023982e-01   0.000000e+00   5.669935e+00  -2.707444e+00   0.000000e+00
0     1.069992e+01   0.000000e+00   0.000000e+00   0.000000e+00   0.000000e+00   0.000000e+00   0.000000e+00
1     1.069992e+01   1.842774e-01  -9.828743e-01   0.000000e+00   6.175581e+00   1.157849e+00   0.000000e+00
0     1.079968e+01   0.000000e+00   0.000000e+00   0.000000e+00   0.000000e+00   0.000000e+00   0.000000e+00
1     1.079968e+01   7.257493e-01  -6.879593e-01   0.000000e+00   4.322576e+00   4.560017e+00   0.000000e+00
0     1.089943e+01   0.000000e+00   0.000000e+00   0.000000e+00   0.000000e+00   0.000000e+00   0.000000e+00
1     1.089943e+01   9.913155e-01  -1.315053e-01   0.000000e+00   8.262719e-01   6.228619e+00   0.000000e+00
0     1.099983e+01   0.000000e+00   0.000000e+00   0.000000e+00   0.000000e+00   0.000000e+00   0.000000e+00
1     1.099983e+01   8.780890e-01   4.784974e-01   0.000000e+00  -3.006488e+00   5.517196e+00   0.000000e+00
0     1.109959e+01   0.000000e+00   0.000000e+00   0.000000e+00   0.000000e+00   0.000000e+00   0.000000e+00
1     1.109959e+01   4.305188e-01   9.025816e-01   0.000000e+00  -5.671088e+00   2.705029e+00   0.000000e+00
0     1.119999e+01   0.000000e+00   0.000000e+00   0.000000e+00   0.000000e+00   0.000000e+00   0.000000e+00
1     1.119999e+01  -1.846960e-01   9.827957e-01   0.000000e+00  -6.175088e+00  -1.160479e+00   0.000000e+00
0     1.129974e+01   0.000000e+00   0.000000e+00   0.000000e+00   0.000000e+00   0.000000e+00   0.000000e+00
1     1.129974e+01  -7.260422e-01   6.876502e-01   0.000000e+00  -4.320634e+00  -4.561857e+00   0.000000e+00
0     1.139950e+01   0.000000e+00   0.000000e+00   0.000000e+00   0.000000e+00   0.000000e+00   0.000000e+00
1     1.139950e+01  -9.913714e-01   1.310831e-01   0.000000e+00  -8.236193e-01  -6.228970e+00   0.000000e+00
0     1.149990e+01   0.000000e+00   0.000000e+00   0.000000e+00   0.000000e+00   0.000000e+00   0.000000e+00
1     1.149990e+01  -8.778851e-01  -4.788713e-01   0.000000e+00   3.008837e+00  -5.515915e+00   0.000000e+00
0     1.159966e+01   0.000000e+00   0.000000e+00   0.000000e+00   0.000000e+00   0.000000e+00   0.000000e+00
1     1.159966e+01  -4.301343e-01  -9.027649e-01   0.000000e+00   5.672239e+00  -2.702614e+00   0.000000e+00
0     1.169941e+01   0.000000e+00   0.000000e+00   0.000000e+00   0.000000e+00   0.000000e+00   0.000000e+00
1     1.169941e+01   1.811391e-01  -9.834575e-01   0.000000e+00   6.179246e+00   1.138131e+00   0.000000e+00
0     1.179981e+01   0.000000e+00   0.000000e+00   0.000000e+00   0.000000e+00   0.000000e+00   0.000000e+00
1     1.179981e+01   7.263349e-01  -6.873409e-01   0.000000e+00   4.318690e+00   4.563697e+00   0.000000e+00
0     1.189957e+01   0.000000e+00   0.000000e+00   0.000000e+00   0.000000e+00   0.000000e+00   0.000000e+00
1     1.189957e+01   9.914271e-01  -1.306609e-01   0.000000e+00   8.209666e-01   6.229320e+00   0.000000e+00
0     1.199997e+01   0.000000e+00   0.000000e+00   0.000000e+00   0.000000e+00   0.000000e+00   0.000000e+00
1     1.199997e+01   8.776811e-01   4.792451e-01   0.000000e+00  -3.011186e+00   5.514633e+00   0.000000e+00
0     1.209972e+01   0.000000e+00   0.000000e+00   0.000000e+00   0.000000e+00   0.000000e+00   0.000000e+00
1     1.209972e+01   4.297498e-01   9.029480e-01   0.000000e+00  -5.673390e+00   2.700198e+00   0.000000e+00
0     1.219948e+01   0.000000e+00   0.000000e+00   0.000000e+00   0.000000e+00   0.000000e+00   0.000000e+00
1     1.219948e+01  -1.815579e-01   9.833803e-01   0.000000e+00  -6.178760e+00  -1.140762e+00   0.000000e+00
0     1.229988e+01   0.000000e+00   0.000000e+00   0.000000e+00   0.000000e+00   0.000000e+00   0.000000e+00
1     1.229988e+01  -7.266276e-01   6.870316e-01   0.000000e+00  -4.316747e+00  -4.565536e+00   0.000000e+00
0     1.239964e+01   0.000000e+00   0.000000e+00   0.000000e+00   0.000000e+00   0.000000e+00   0.000000e+00
1     1.239964e+01  -9.914827e-01   1.302387e-01   0.000000e+00  -8.183136e-01  -6.229669e+00   0.000000e+00
0     1.249939e+01   0.000000e+00   0.000000e+00   0.000000e+00   0.000000e+00   0.000000e+00   0.000000e+00
1     1.249939e+01  -8.794092e-01  -4.760666e-01   0.000000e+00   2.991215e+00  -5.525491e+00   0.000000e+00
0     1.259979e+01   0.000000e+00   0.000000e+00   0.000000e+00   0.000000e+00   0.000000e+00   0.000000e+00
1     1.259979e+01  -4.293653e-01  -9.031309e-01   0.000000e+00   5.674539e+00  -2.697782e+00   0.000000e+00
0     1.269955e+01   0.000000e+00   0.000000e+00   0.000000e+00   0.000000e+00   0.000000e+00   0.000000e+00
1     1.269955e+01   1.819767e-01  -9.833028e-01   0.000000e+00   6.178274e+00   1.143393e+00   0.000000e+00
0     1.279995e+01   0.000000e+00   0.000000e+00   0.000000e+00   0.000000e+00   0.000000e+00   0.000000e+00
1     1.279995e+01   7.269201e-01  -6.867220e-01   0.000000e+00   4.314802e+00   4.567374e+00   0.000000e+00
0     1.289970e+01   0.000000e+00   0.000000e+00   0.000000e+00   0.000000e+00   0.000000e+00   0.000000e+00
1     1.289970e+01   9.915380e-01  -1.298164e-01   0.000000e+00   8.156606e-01   6.230017e+00   0.000000e+00
0     1.299946e+01   0.000000e+00   0.000000e+00   0.000000e+00   0.000000e+00   0.000000e+00   0.000000e+00
1     1.299946e+01   8.792064e-01   4.764411e-01   0.000000e+00  -2.993568e+00   5.524217e+00   0.000000e+00
0     1.309986e+01   0.000000e+00   0.000000e+00   0.000000e+00   0.000000e+00   0.000000e+00   0.000000e+00
1     1.309986e+01   4.289806e-01   9.033137e-01   0.000000e+00  -5.675687e+00   2.695365e+00   0.000000e+00
0     1.319962e+01   0.000000e+00   0.000000e+00   0.000000e+00   0.000000e+00   0.000000e+00   0.000000e+00
1     1.319962e+01  -1.823954e-01   9.832253e-01   0.000000e+00  -6.177786e+00  -1.146024e+00   0.000000e+00
0     1.329937e+01   0.000000e+00   0.000000e+00   0.000000e+00   0.000000e+00   0.000000e+00   0.000000e+00
1     1.329937e+01  -7.244308e-01   6.893475e-01   0.000000e+00  -4.331298e+00  -4.551733e+00   0.000000e+00
0     1.339977e+01   0.000000e+00   0.000000e+00   0.000000e+00   0.000000e+00   0.000000e+00   0.000000e+00
1     1.339977e+01  -9.915932e-01   1.293941e-01   0.000000e+00  -8.130074e-01  -6.230364e+00   0.000000e+00
0     1.349953e+01   0.000000e+00   0.000000e+00   0.000000e+00   0.000000e+00   0.000000e+00   0.000000e+00
1     1.349953e+01  -8.790034e-01  -4.768155e-01   0.000000e+00   2.995920e+00  -5.522941e+00   0.000000e+00
0     1.359993e+01   0.000000e+00   0.000000e+00   0.000000e+00   0.000000e+00   0.000000e+00   0.000000e+00
1     1.359993e+01  -4.285959e-01  -9.034963e-01   0.000000e+00   5.676835e+00  -2.692947e+00   0.000000e+00
0     1.369968e+01   0.000000e+00   0.000000e+00   0.000000e+00   0.000000e+00   0.000000e+00   0.000000e+00
1     1.369968e+01   1.828141e-01  -9.831475e-01   0.000000e+00   6.177298e+00   1.148655e+00   0.000000e+00
0     1.379944e+01   0.000000e+00   0.000000e+00   0.000000e+00   0.000000e+00   0.000000e+00   0.000000e+00
1     1.379944e+01   7.247244e-01  -6.890389e-01   0.000000e+00   4.329359e+00   4.553577e+00   0.000000e+00
0     1.389984e+01   0.000000e+00   0.000000e+00   0.000000e+00   0.000000e+00   0.000000e+00   0.000000e+00
1     1.389984e+01   9.916483e-01  -1.289718e-01   0.000000e+00   8.103540e-01   6.230710e+00   0.000000e+00
0     1.399959e+01   0.000000e+00   0.000000e+00   0.000000e+00   0.000000e+00   0.000000e+00   0.000000e+00
1     1.399959e+01   8.788003e-01   4.771897e-01   0.000000e+00  -2.998272e+00   5.521665e+00   0.000000e+00
0     1.409999e+01   0.000000e+00   0.000000e+00   0.000000e+00   0.000000e+00   0.000000e+00   0.000000e+00
1     1.409999e+01   4.282111e-01   9.036787e-01   0.000000e+00  -5.677981e+00   2.690530e+00   0.000000e+00
0     1.419975e+01   0.000000e+00   0.000000e+00   0.000000e+00   0.000000e+00   0.000000e+00   0.000000e+00
1     1.419975e+01  -1.832328e-01   9.830695e-01   0.000000e+00  -6.176808e+00  -1.151286e+00   0.000000e+00
0     1.429951e+01   0.000000e+00   0.000000e+00   0.000000e+00   0.000000e+00   0.000000e+00   0.000000e+00
1     1.429951e+01  -7.250177e-01   6.887302e-01   0.000000e+00  -4.327420e+00  -4.555421e+00   0.000000e+00
0     1.439991e+01   0.000000e+00   0.000000e+00   0.000000e+00   0.000000e+00   0.000000e+00   0.000000e+00
1     1.439991e+01  -9.917031e-01   1.285495e-01   0.000000e+00  -8.077004e-01  -6.231054e+00   0.000000e+00
0     1.449966e+01   0.000000e+00   0.000000e+00   0.000000e+00   0.000000e+00   0.000000e+00   0.000000e+00
1     1.449966e+01  -8.785970e-01  -4.775640e-01   0.000000e+00   3.000623e+00  -5.520388e+00   0.000000e+00
0     1.459942e+01   0.000000e+00   0.000000e+00   0.000000e+00   0.000000e+00   0.000000e+00   0.000000e+00
1     1.459942e+01  -4.314777e-01  -9.021236e-01   0.000000e+00   5.668210e+00  -2.711054e+00   0.000000e+00
0     1.469982e+01   0.000000e+00   0.000000e+00   0.000000e+00   0.000000e+00   0.000000e+00   0.000000e+00
1     1.469982e+01   1.836515e-01  -9.829914e-01   0.000000e+00   6.176317e+00   1.153916e+00   0.000000e+00
0     1.479957e+01   0.000000e+00   0.000000e+00   0.000000e+00   0.000000e+00   0.000000e+00   0.000000e+00
1     1.479957e+01   7.253110e-01  -6.884214e-01   0.000000e+00   4.325479e+00   4.557263e+00   0.000000e+00
0     1.489997e+01   0.000000e+00   0.000000e+00   0.000000e+00   0.000000e+00   0.000000e+00   0.000000e+00
1     1.489997e+01   9.917577e-01  -1.281272e-01   0.000000e+00   8.050468e-01   6.231398e+00   0.000000e+00
0     1.499973e+01   0.000000e+00   0.000000e+00   0.000000e+00   0.000000e+00   0.000000e+00   0.000000e+00
1     1.499973e+01   8.783935e-01   4.779381e-01   0.000000e+00  -3.002974e+00   5.519109e+00   0.000000e+00
0     1.509949e+01   0.000000e+00   0.000000e+00   0.000000e+00   0.000000e+00   0.000000e+00   0.000000e+00
1     1.509949e+01   4.310935e-01   9.023073e-01   0.000000e+00  -5.669364e+00   2.708640e+00   0.000000e+00
0     1.519989e+01   0.000000e+00   0.000000e+00   0.000000e+00   0.000000e+00   0.000000e+00   0.000000e+00
1     1.519989e+01  -1.840701e-01   9.829131e-01   0.000000e+00  -6.175825e+00  -1.156546e+00   0.000000e+00
0     1.529964e+01   0.000000e+00   0.000000e+00   0.000000e+00   0.000000e+00   0.000000e+00   0.000000e+00
1     1.529964e+01  -7.256041e-01   6.881124e-01   0.000000e+00  -4.323538e+00  -4.559105e+00   0.000000e+00
0     1.539940e+01   0.000000e+00   0.000000e+00   0.000000e+00   0.000000e+00   0.000000e+00   0.000000e+00
1     1.539940e+01  -9.912877e-01   1.317144e-01   0.000000e+00  -8.275861e-01  -6.228444e+00   0.000000e+00
0     1.549980e+01   0.000000e+00   0.000000e+00   0.000000e+00   0.000000e+00   0.000000e+00   0.000000e+00
1     1.549980e+01  -8.781899e-01  -4.783121e-01   0.000000e+00   3.005324e+00  -5.517830e+00   0.000000e+00
0     1.559955e+01   0.000000e+00   0.000000e+00   0.000000e+00   0.000000e+00   0.000000e+00   0.000000e+00
1     1.559955e+01  -4.307092e-01  -9.024908e-01   0.000000e+00   5.670517e+00  -2.706226e+00   0.000000e+00
0     1.569995e+01   0.000000e+00   0.000000e+00   0.000000e+00   0.000000e+00   0.000000e+00   0.000000e+00
1     1.569995e+01   1.844886e-01  -9.828346e-01   0.000000e+00   6.175332e+00   1.159176e+00   0.000000e+00
0     1.579971e+01   0.000000e+00   0.000000e+00   0.000000e+00   0.000000e+00   0.000000e+00   0.000000e+00
1     1.579971e+01   7.258971e-01  -6.878034e-01   0.000000e+00   4.321596e+00   4.560946e+00   0.000000e+00
0     1.589947e+01   0.000000e+00   0.000000e+00   0.000000e+00   0.000000e+00   0.000000e+00   0.000000e+00
1     1.589947e+01   9.913437e-01  -1.312922e-01   0.000000e+00   8.249335e-01   6.228796e+00   0.000000e+00
0     1.599987e+01   0.000000e+00   0.000000e+00   0.000000e+00   0.000000e+00   0.000000e+00   0.000000e+00
1     1.599987e+01   8.779861e-01   4.786861e-01   0.000000e+00  -3.007673e+00   5.516550e+00   0.000000e+00
0     1.609962e+01   0.000000e+00   0.000000e+00   0.000000e+00   0.000000e+00   0.000000e+00   0.000000e+00
1     1.609962e+01   4.303248e-01   9.026741e-01   0.000000e+00  -5.671669e+00   2.703810e+00   0.000000e+00
0     1.619938e+01   0.000000e+00   0.000000e+00   0.000000e+00   0.000000e+00   0.000000e+00   0.000000e+00
1     1.619938e+01  -1.809316e-01   9.834957e-01   0.000000e+00  -6.179486e+00  -1.136827e+00   0.000000e+00
0     1.629978e+01   0.000000e+00   0.000000e+00   0.000000e+00   0.000000e+00   0.000000e+00   0.000000e+00
1     1.629978e+01  -7.261899e-01   6.874942e-01   0.000000e+00  -4.319653e+00  -4.562786e+00   0.000000e+00
0     1.639953e+01   0.000000e+00   0.000000e+00   0.000000e+00   0.000000e+00   0.000000e+00   0.000000e+00
1     1.639953e+01  -9.913995e-01   1.308700e-01   0.000000e+00  -8.222807e-01  -6.229147e+00   0.000000e+00
0     1.649993e+01   0.000000e+00   0.000000e+00   0.000000e+00   0.000000e+00   0.000000e+00   0.000000e+00
1     1.649993e+01  -8.777822e-01  -4.790599e-01   0.000000e+00   3.010022e+00  -5.515268e+00   0.000000e+00
0     1.659969e+01   0.000000e+00   0.000000e+00   0.000000e+00   0.000000e+00   0.000000e+00   0.000000e+00
1     1.659969e+01  -4.299403e-01  -9.028573e-01   0.000000e+00   5.672820e+00  -2.701395e+00   0.000000e+00
0     1.669945e+01   0.000000e+00   0.000000e+00   0.000000e+00   0.000000e+00   0.000000e+00   0.000000e+00
1     1.669945e+01   1.813505e-01  -9.834185e-01   0.000000e+00   6.179001e+00   1.139459e+00   0.000000e+00
0     1.679985e+01   0.000000e+00   0.000000e+00   0.000000e+00   0.000000e+00   0.000000e+00   0.000000e+00
1     1.679985e+01   7.264826e-01  -6.871848e-01   0.000000e+00   4.317710e+00   4.564625e+00   0.000000e+00
0     1.689960e+01   0.000000e+00   0.000000e+00   0.000000e+00   0.000000e+00   0.000000e+00   0.000000e+00
1     1.689960e+01   9.914552e-01  -1.304478e-01   0.000000e+00   8.196278e-01   6.229497e+00   0.000000e+00
0     1.699936e+01   0.000000e+00   0.000000e+00   0.000000e+00   0.000000e+00   0.000000e+00   0.000000e+00
1     1.699936e+01   8.795096e-01   4.758811e-01   0.000000e+00  -2.990049e+00   5.526122e+00   0.000000e+00
0     1.709976e+01   0.000000e+00   0.000000e+00   0.000000e+00   0.000000e+00   0.000000e+00   0.000000e+00
1     1.709976e+01   4.295558e-01   9.030403e-01   0.000000e+00  -5.673970e+00   2.698979e+00   0.000000e+00
0     1.719951e+01   0.000000e+00   0.000000e+00   0.000000e+00   0.000000e+00   0.000000e+00   0.000000e+00
1     1.719951e+01  -1.817693e-01   9.833412e-01   0.000000e+00  -6.178515e+00  -1.142090e+00   0.000000e+00
0     1.729991e+01   0.000000e+00   0.000000e+00   0.000000e+00   0.000000e+00   0.000000e+00   0.000000e+00
1     1.729991e+01  -7.267752e-01   6.868754e-01   0.000000e+00  -4.315765e+00  -4.566463e+00   0.000000e+00
0     1.739967e+01   0.000000e+00   0.000000e+00   0.000000e+00   0.000000e+00   0.000000e+00   0.000000e+00
1     1.739967e+01  -9.915106e-01   1.300256e-01   0.000000e+00  -8.169748e-01  -6.229845e+00   0.000000e+00
0     1.749943e+01   0.000000e+00   0.000000e+00   0.000000e+00   0.000000e+00   0.000000e+00   0.000000e+00
1     1.749943e+01  -8.793069e-01  -4.762556e-01   0.000000e+00   2.992402e+00  -5.524848e+00   0.000000e+00
0     1.759983e+01   0.000000e+00   0.000000e+00   0.000000e+00   0.000000e+00   0.000000e+00   0.000000e+00
1     1.759983e+01  -4.291712e-01  -9.032232e-01   0.000000e+00   5.675119e+00  -2.696562e+00   0.000000e+00
0     1.769958e+01   0.000000e+00   0.000000e+00   0.000000e+00   0.000000e+00   0.000000e+00   0.000000e+00
1     1.769958e+01   1.821880e-01  -9.832637e-01   0.000000e+00   6.178028e+00   1.144721e+00   0.000000e+00
0     1.779998e+01   0.000000e+00   0.000000e+00   0.000000e+00   0.000000e+00   0.000000e+00   0.000000e+00
1     1.779998e+01   7.270677e-01  -6.865658e-01   0.000000e+00   4.313820e+00   4.568301e+00   0.000000e+00
0     1.789974e+01   0.000000e+00   0.000000e+00   0.000000e+00   0.000000e+00   0.000000e+00   0.000000e+00
1     1.789974e+01   9.915659e-01  -1.296033e-01   0.000000e+00   8.143216e-01   6.230192e+00   0.000000e+00
0     1.799949e+01   0.000000e+00   0.000000e+00   0.000000e+00   0.000000e+00   0.000000e+00   0.000000e+00
1     1.799949e+01   8.791040e-01   4.766300e-01   0.000000e+00  -2.994755e+00   5.523573e+00   0.000000e+00
0     1.809989e+01   0.000000e+00   0.000000e+00   0.000000e+00   0.000000e+00   0.000000e+00   0.000000e+00
1     1.809989e+01   4.287865e-01   9.034059e-01   0.000000e+00  -5.676267e+00   2.694145e+00   0.000000e+00
0     1.819965e+01   0.000000e+00   0.000000e+00   0.000000e+00   0.000000e+00   0.000000e+00   0.000000e+00
1     1.819965e+01  -1.826068e-01   9.831860e-01   0.000000e+00  -6.177540e+00  -1.147352e+00   0.000000e+00
0     1.829941e+01   0.000000e+00   0.000000e+00   0.000000e+00   0.000000e+00   0.000000e+00   0.000000e+00
1     1.829941e+01  -7.245790e-01   6.891918e-01   0.000000e+00  -4.330320e+00  -4.552664e+00   0.000000e+00
0     1.839981e+01   0.000000e+00   0.000000e+00   0.000000e+00   0.000000e+00   0.000000e+00   0.000000e+00
1     1.839981e+01  -9.916210e-01   1.291810e-01   0.000000e+00  -8.116682e-01  -6.230539e+00   0.000000e+00
0     1.849956e+01   0.000000e+00   0.000000e+00   0.000000e+00   0.000000e+00   0.000000e+00   0.000000e+00
1     1.849956e+01  -8.789009e-01  -4.770044e-01   0.000000e+00   2.997107e+00  -5.522297e+00   0.000000e+00
0     1.859996e+01   0.000000e+00   0.000000e+00   0.000000e+00   0.000000e+00   0.000000e+00   0.000000e+00
1     1.859996e+01  -4.284017e-01  -9.035884e-01   0.000000e+00   5.677413e+00  -2.691727e+00   0.000000e+00
0     1.869972e+01   0.000000e+00   0.000000e+00   0.000000e+00   0.000000e+00   0.000000e+00   0.000000e+00
1     1.869972e+01   1.830255e-01  -9.831082e-01   0.000000e+00   6.177051e+00   1.149983e+00   0.000000e+00
0     1.879947e+01   0.000000e+00   0.000000e+00   0.000000e+00   0.000000e+00   0.000000e+00   0.000000e+00
1     1.879947e+01   7.248724e-01  -6.888831e-01   0.000000e+00   4.328380e+00   4.554508e+00   0.000000e+00
0     1.889987e+01   0.000000e+00   0.000000e+00   0.000000e+00   0.000000e+00   0.000000e+00   0.000000e+00
1     1.889987e+01   9.916760e-01  -1.287587e-01   0.000000e+00   8.090147e-01   6.230884e+00   0.000000e+00
0     1.899963e+01   0.000000e+00   0.000000e+00   0.000000e+00   0.000000e+00   0.000000e+00   0.000000e+00
1     1.899963e+01   8.786977e-01   4.773786e-01   0.000000e+00  -2.999458e+00   5.521020e+00   0.000000e+00
0     1.909939e+01   0.000000e+00   0.000000e+00   0.000000e+00   0.000000e+00   0.000000e+00   0.000000e+00
1     1.909939e+01   4.316680e-01   9.020326e-01   0.000000e+00  -5.667638e+00   2.712250e+00   0.000000e+00
0     1.919978e+01   0.000000e+00   0.000000e+00   0.000000e+00   0.000000e+00   0.000000e+00   0.000000e+00
1     1.919978e+01  -1.834441e-01   9.830301e-01   0.000000e+00  -6.176561e+00  -1.152613e+00   0.000000e+00
0     1.929954e+01   0.000000e+00   0.000000e+00   0.000000e+00   0.000000e+00   0.000000e+00   0.000000e+00
1     1.929954e+01  -7.251658e-01   6.885743e-01   0.000000e+00  -4.326440e+00  -4.556351e+00   0.000000e+00
0     1.939994e+01   0.000000e+00   0.000000e+00   0.000000e+00   0.000000e+00   0.000000e+00   0.000000e+00
1     1.939994e+01  -9.917307e-01   1.283363e-01   0.000000e+00  -8.063610e-01  -6.231228e+00   0.000000e+00
0     1.949970e+01   0.000000e+00   0.000000e+00   0.000000e+00   0.000000e+00   0.000000e+00   0.000000e+00
1     1.949970e+01  -8.784943e-01  -4.777528e-01   0.000000e+00   3.001809e+00  -5.519743e+00   0.000000e+00
0     1.959945e+01   0.000000e+00   0.000000e+00   0.000000e+00   0.000000e+00   0.000000e+00   0.000000e+00
1     1.959945e+01  -4.312838e-01  -9.022163e-01   0.000000e+00   5.668792e+00  -2.709836e+00   0.000000e+00
0     1.969985e+01   0.000000e+00   0.000000e+00   0.000000e+00   0.000000e+00   0.000000e+00   0.000000e+00
1     1.969985e+01   1.838628e-01  -9.829519e-01   0.000000e+00   6.176069e+00   1.155244e+00   0.000000e+00
0     1.979961e+01   0.000000e+00   0.000000e+00   0.000000e+00   0.000000e+00   0.000000e+00   0.000000e+00
1     1.979961e+01   7.254589e-01  -6.882654e-01   0.000000e+00   4.324499e+00   4.558193e+00   0.000000e+00
0     1.989936e+01   0.000000e+00   0.000000e+00   0.000000e+00   0.000000e+00   0.000000e+00   0.000000e+00
1     1.989936e+01   9.912599e-01  -1.319235e-01   0.000000e+00   8.288996e-01   6.228270e+00   0.000000e+00
0     1.999976e+01   0.000000e+00   0.000000e+00   0.000000e+00   0.000000e+00   0.000000e+00   0.000000e+00
1     1.999976e+01   8.782908e-01   4.781269e-01   0.000000e+00  -3.004160e+00   5.518464e+00   0.000000e+00
0     2.009952e+01   0.000000e+00   0.000000e+00   0.000000e+00   0.000000e+00   0.000000e+00   0.000000e+00
1     2.009952e+01   4.308995e-01   9.023999e-01   0.000000e+00  -5.669946e+00   2.707421e+00   0.000000e+00
0     2.019992e+01   0.000000e+00   0.000000e+00   0.000000e+00   0.000000e+00   0.000000e+00   0.000000e+00
1     2.019992e+01  -1.842814e-01   9.828735e-01   0.000000e+00  -6.175577e+00  -1.157874e+00   0.000000e+00
0     2.029968e+01   0.000000e+00   0.000000e+00   0.000000e+00   0.000000e+00   0.000000e+00   0.000000e+00
1     2.029968e+01  -7.257520e-01   6.879564e-01   0.000000e+00  -4.322558e+00  -4.560034e+00   0.000000e+00
0     2.039943e+01   0.000000e+00   0.000000e+00   0.000000e+00   0.000000e+00   0.000000e+00   0.000000e+00
1     2.039943e+01  -9.913160e-01   1.315013e-01   0.000000e+00  -8.262471e-01  -6.228622e+00   0.000000e+00
0     2.049983e+01   0.000000e+00   0.000000e+00   0.000000e+00   0.000000e+00   0.000000e+00   0.000000e+00
1     2.049983e+01  -8.780871e-01  -4.785009e-01   0.000000e+00   3.006510e+00  -5.517184e+00   0.000000e+00
0     2.059959e+01   0.000000e+00   0.000000e+00   0.000000e+00   0.000000e+00   0.000000e+00   0.000000e+00
1     2.059959e+01  -4.305151e-01  -9.025834e-01   0.000000e+00   5.671098e+00  -2.705006e+00   0.000000e+00
0     2.069999e+01   0.000000e+00   0.000000e+00   0.000000e+00   0.000000e+00   0.000000e+00   0.000000e+00
1     2.069999e+01   1.846999e-01  -9.827950e-01   0.000000e+00   6.175083e+00   1.160504e+00   0.000000e+00
0     2.079974e+01   0.000000e+00   0.000000e+00   0.000000e+00   0.000000e+00   0.000000e+00   0.000000e+00
1     2.079974e+01   7.260449e-01  -6.876473e-01   0.000000e+00   4.320615e+00   4.561875e+00   0.000000e+00
0     2.089950e+01   0.000000e+00   0.000000e+00   0.000000e+00   0.000000e+00   0.000000e+00   0.000000e+00
1     2.089950e+01   9.913719e-01  -1.310791e-01   0.000000e+00   8.235943e-01   6.228973e+00   0.000000e+00
0     2.099990e+01   0.000000e+00   0.000000e+00   0.000000e+00   0.000000e+00   0.000000e+00   0.000000e+00
1     2.099990e+01   8.778832e-01   4.788748e-01   0.000000e+00  -3.008859e+00   5.515903e+00   0.000000e+00
0     2.109966e+01   0.000000e+00   0.000000e+00   0.000000e+00   0.000000e+00   0.000000e+00   0.000000e+00
1     2.109966e+01   4.301307e-01   9.027666e-01   0.000000e+00  -5.672250e+00   2.702591e+00   0.000000e+00
0     2.119941e+01   0.000000e+00   0.000000e+00   0.000000e+00   0.000000e+00   0.000000e+00   0.000000e+00
1     2.119941e+01  -1.811431e-01   9.834568e-01   0.000000e+00  -6.179241e+00  -1.138156e+00   0.000000e+00
0     2.129981e+01   0.000000e+00   0.000000e+00   0.000000e+00   0.000000e+00   0.000000e+00   0.000000e+00
1     2.129981e+01  -7.263377e-01   6.873380e-01   0.000000e+00  -4.318672e+00  -4.563714e+00   0.000000e+00
0     2.139957e+01   0.000000e+00   0.000000e+00   0.000000e+00   0.000000e+00   0.000000e+00   0.000000e+00
1     2.139957e+01  -9.914276e-01   1.306569e-01   0.000000e+00  -8.209414e-01  -6.229324e+00   0.000000e+00
0     2.149997e+01   0.000000e+00   0.000000e+00   0.000000e+00   0.000000e+00   0.000000e+00   0.000000e+00
1     2.149997e+01  -8.776792e-01  -4.792487e-01   0.000000e+00   3.011208e+00  -5.514621e+00   0.000000e+00
0     2.159972e+01   0.000000e+00   0.000000e+00   0.000000e+00   0.000000e+00   0.000000e+00   0.000000e+00
1     2.159972e+01  -4.297462e-01  -9.029497e-01   0.000000e+00   5.673400e+00  -2.700175e+00   0.000000e+00
0     2.169948e+01   0.000000e+00   0.000000e+00   0.000000e+00   0.000000e+00   0.000000e+00   0.000000e+00
1     2.169948e+01   1.815619e-01  -9.833795e-01   0.000000e+00   6.178756e+00   1.140787e+00   0.000000e+00
0     2.179988e+01   0.000000e+00   0.000000e+00   0.000000e+00   0.000000e+00   0.000000e+00   0.000000e+00
1     2.179988e+01   7.266304e-01  -6.870286e-01   0.000000e+00   4.316728e+00   4.565553e+00   0.000000e+00
0     2.189964e+01   0.000000e+00   0.000000e+00   0.000000e+00   0.000000e+00   0.000000e+00   0.000000e+00
1     2.189964e+01   9.914832e-01  -1.302346e-01   0.000000e+00   8.182884e-01   6.229673e+00   0.000000e+00
0     2.199939e+01   0.000000e+00   0.000000e+00   0.000000e+00   0.000000e+00   0.000000e+00   0.000000e+00
1     2.199939e+01   8.794073e-01   4.760702e-01   0.000000e+00  -2.991237e+00   5.525479e+00   0.000000e+00
0     2.209979e+01   0.000000e+00   0.000000e+00   0.000000e+00   0.000000e+00   0.000000e+00   0.000000e+00
1     2.209979e+01   4.293616e-01   9.031327e-01   0.000000e+00  -5.674550e+00   2.697759e+00   0.000000e+00
0     2.219955e+01   0.000000e+00   0.000000e+00   0.000000e+00   0.000000e+00   0.000000e+00   0.000000e+00
1     2.219955e+01  -1.819807e-01   9.833021e-01   0.000000e+00  -6.178269e+00  -1.143418e+00   0.000000e+00
0     2.229995e+01   0.000000e+00   0.000000e+00   0.000000e+00   0.000000e+00   0.000000e+00   0.000000e+00
1     2.229995e+01  -7.269229e-01   6.867191e-01   0.000000e+00  -4.314783e+00  -4.567391e+00   0.000000e+00
0     2.239970e+01   0.000000e+00   0.000000e+00   0.000000e+00   0.000000e+00   0.000000e+00   0.000000e+00
1     2.239970e+01  -9.915386e-01   1.298124e-01   0.000000e+00  -8.156352e-01  -6.230021e+00   0.000000e+00
0     2.249946e+01   0.000000e+00   0.000000e+00   0.000000e+00   0.000000e+00   0.000000e+00   0.000000e+00
1     2.249946e+01  -8.792045e-01  -4.764447e-01   0.000000e+00   2.993590e+00  -5.524205e+00   0.000000e+00
0     2.259986e+01   0.000000e+00   0.000000e+00   0.000000e+00   0.000000e+00   0.000000e+00   0.000000e+00
1     2.259986e+01  -4.289769e-01  -9.033154e-01   0.000000e+00   5.675698e+00  -2.695342e+00   0.000000e+00
0     2.269962e+01   0.000000e+00   0.000000e+00   0.000000e+00   0.000000e+00   0.000000e+00   0.000000e+00
1     2.269962e+01   1.823995e-01  -9.832245e-01   0.000000e+00   6.177782e+00   1.146050e+00   0.000000e+00
0     2.279937e+01   0.000000e+00   0.000000e+00   0.000000e+00   0.000000e+00   0.000000e+00   0.000000e+00
1     2.279937e+01   7.244337e-01  -6.893445e-01   0.000000e+00   4.331279e+00   4.551751e+00   0.000000e+00
0     2.289977e+01   0.000000e+00   0.000000e+00   0.000000e+00   0.000000e+00   0.000000e+00   0.000000e+00
1     2.289977e+01   9.915938e-01  -1.293901e-01   0.000000e+00   8.129818e-01   6.230367e+00   0.000000e+00
0     2.299953e+01   0.000000e+00   0.000000e+00   0.000000e+00   0.000000e+00   0.000000e+00   0.000000e+00
1     2.299953e+01   8.790015e-01   4.768191e-01   0.000000e+00  -2.995942e+00   5.522929e+00   0.000000e+00
0     2.309993e+01   0.000000e+00   0.000000e+00   0.000000e+00   0.000000e+00   0.000000e+00   0.000000e+00
1     2.309993e+01   4.285922e-01   9.034981e-01   0.000000e+00  -5.676846e+00   2.692924e+00   0.000000e+00
0     2.319968e+01   0.000000e+00   0.000000e+00   0.000000e+00   0.000000e+00   0.000000e+00   0.000000e+00
1     2.319968e+01  -1.828182e-01   9.831467e-01   0.000000e+00  -6.177293e+00  -1.148680e+00   0.000000e+00
0     2.329944e+01   0.000000e+00   0.000000e+00   0.000000e+00   0.000000e+00   0.000000e+00   0.000000e+00
1     2.329944e+01  -7.247272e-01   6.890359e-01   0.000000e+00  -4.329340e+00  -4.553595e+00   0.000000e+00
0     2.339984e+01   0.000000e+00   0.000000e+00   0.000000e+00   0.000000e+00   0.000000e+00   0.000000e+00
1     2.339984e+01  -9.916488e-01   1.289678e-01   0.000000e+00  -8.103283e-01  -6.230713e+00   0.000000e+00
0     2.349960e+01   0.000000e+00   0.000000e+00   0.000000e+00   0.000000e+00   0.000000e+00   0.000000e+00
1     2.349960e+01  -8.787983e-01  -4.771934e-01   0.000000e+00   2.998294e+00  -5.521653e+00   0.000000e+00
0     2.360000e+01   0.000000e+00   0.000000e+00   0.000000e+00   0.000000e+00   0.000000e+00   0.000000e+00
1     2.360000e+01  -4.282074e-01  -9.036805e-01   0.000000e+00   5.677992e+00  -2.690506e+00   0.000000e+00
0     2.369975e+01   0.000000e+00   0.000000e+00   0.000000e+00   0.000000e+00   0.000000e+00   0.000000e+00
1     2.369975e+01   1.832369e-01  -9.830688e-01   0.000000e+00   6.176803e+00   1.151311e+00   0.000000e+00
0     2.379951e+01   0.000000e+00   0.000000e+00   0.000000e+00   0.000000e+00   0.000000e+00   0.000000e+00
1     2.379951e+01   7.250206e-01  -6.887272e-01   0.000000e+00   4.327401e+00   4.555439e+00   0.000000e+00
0     2.389991e+01   0.000000e+00   0.000000e+00   0.000000e+00   0.000000e+00   0.000000e+00   0.000000e+00
1     2.389991e+01   9.917036e-01  -1.285454e-01   0.000000e+00   8.076747e-01   6.231058e+00   0.000000e+00
0     2.399966e+01   0.000000e+00   0.000000e+00   0.000000e+00   0.000000e+00   0.000000e+00   0.000000e+00
1     2.399966e+01   8.785950e-01   4.775676e-01   0.000000e+00  -3.000646e+00   5.520375e+00   0.000000e+00
0     2.409942e+01   0.000000e+00   0.000000e+00   0.000000e+00   0.000000e+00   0.000000e+00   0.000000e+00
1     2.409942e+01   4.314740e-01   9.021254e-01   0.000000e+00  -5.668221e+00   2.711031e+00   0.000000e+00
0     2.419982e+01   0.000000e+00   0.000000e+00   0.000000e+00   0.000000e+00   0.000000e+00   0.000000e+00
1     2.419982e+01  -1.836555e-01   9.829907e-01   0.000000e+00  -6.176312e+00  -1.153942e+00   0.000000e+00
0     2.429958e+01   0.000000e+00   0.000000e+00   0.000000e+00   0.000000e+00   0.000000e+00   0.000000e+00
1     2.429958e+01  -7.253138e-01   6.884184e-01   0.000000e+00  -4.325460e+00  -4.557281e+00   0.000000e+00
0     2.439997e+01   0.000000e+00   0.000000e+00   0.000000e+00   0.000000e+00   0.000000e+00   0.000000e+00
1     2.439997e+01  -9.917583e-01   1.281231e-01   0.000000e+00  -8.050209e-01  -6.231401e+00   0.000000e+00
0     2.449973e+01   0.000000e+00   0.000000e+00   0.000000e+00   0.000000e+00   0.000000e+00   0.000000e+00
1     2.449973e+01  -8.783915e-01  -4.779417e-01   0.000000e+00   3.002996e+00  -5.519097e+00   0.000000e+00
0     2.459949e+01   0.000000e+00   0.000000e+00   0.000000e+00   0.000000e+00   0.000000e+00   0.000000e+00
1     2.459949e+01  -4.310897e-01  -9.023091e-01   0.000000e+00   5.669375e+00  -2.708617e+00   0.000000e+00
0     2.469989e+01   0.000000e+00   0.000000e+00   0.000000e+00   0.000000e+00   0.000000e+00   0.000000e+00
1     2.469989e+01   1.840742e-01  -9.829124e-01   0.000000e+00   6.175820e+00   1.156572e+00   0.000000e+00
0     2.479964e+01   0.000000e+00   0.000000e+00   0.000000e+00   0.000000e+00   0.000000e+00   0.000000e+00
1     2.479964e+01   7.256069e-01  -6.881094e-01   0.000000e+00   4.323519e+00   4.559123e+00   0.000000e+00
0     2.489940e+01   0.000000e+00   0.000000e+00   0.000000e+00   0.000000e+00   0.000000e+00   0.000000e+00
1     2.489940e+01   9.912883e-01  -1.317103e-01   0.000000e+00   8.275601e-01   6.228448e+00   0.000000e+00
0     2.499980e+01   0.000000e+00   0.000000e+00   0.000000e+00   0.000000e+00   0.000000e+00   0.000000e+00
1     2.499980e+01   8.781879e-01   4.783158e-01   0.000000e+00  -3.005347e+00   5.517817e+00   0.000000e+00
0     2.509955e+01   0.000000e+00   0.000000e+00   0.000000e+00   0.000000e+00   0.000000e+00   0.000000e+00
1     2.509955e+01   4.307054e-01   9.024926e-01   0.000000e+00  -5.670528e+00   2.706202e+00   0.000000e+00
0     2.519995e+01   0.000000e+00   0.000000e+00   0.000000e+00   0.000000e+00   0.000000e+00   0.000000e+00
1     2.519995e+01  -1.844928e-01   9.828339e-01   0.000000e+00  -6.175327e+00  -1.159202e+00   0.000000e+00
0     2.529971e+01   0.000000e+00   0.000000e+00   0.000000e+00   0.000000e+00   0.000000e+00   0.000000e+00
1     2.529971e+01  -7.258999e-01   6.878003e-01   0.000000e+00  -4.321577e+00  -4.560964e+00   0.000000e+00
0     2.539947e+01   0.000000e+00   0.000000e+00   0.000000e+00   0.000000e+00   0.000000e+00   0.000000e+00
1     2.539947e+01  -9.913443e-01   1.312881e-01   0.000000e+00  -8.249074e-01  -6.228800e+00   0.000000e+00
0     2.549987e+01   0.000000e+00   0.000000e+00   0.000000e+00   0.000000e+00   0.000000e+00   0.000000e+00
1     2.549987e+01  -8.779841e-01  -4.786898e-01   0.000000e+00   3.007696e+00  -5.516537e+00   0.000000e+00
0     2.559962e+01   0.000000e+00   0.000000e+00   0.000000e+00   0.000000e+00   0.000000e+00   0.000000e+00
1     2.559962e+01  -4.303210e-01  -9.026759e-01   0.000000e+00   5.671680e+00  -2.703787e+00   0.000000e+00
0     2.569938e+01   0.000000e+00   0.000000e+00   0.000000e+00   0.000000e+00   0.000000e+00   0.000000e+00
1     2.569938e+01   1.809358e-01  -9.834949e-01   0.000000e+00   6.179481e+00   1.136853e+00   0.000000e+00
0     2.579978e+01   0.000000e+00   0.000000e+00   0.000000e+00   0.000000e+00   0.000000e+00   0.000000e+00
1     2.579978e+01   7.261928e-01  -6.874911e-01   0.000000e+00   4.319634e+00   4.562804e+00   0.000000e+00
0     2.589953e+01   0.000000e+00   0.000000e+00   0.000000e+00   0.000000e+00   0.000000e+00   0.000000e+00
1     2.589953e+01   9.914001e-01  -1.308659e-01   0.000000e+00   8.222545e-01   6.229150e+00   0.000000e+00
0     2.599993e+01   0.000000e+00   0.000000e+00   0.000000e+00   0.000000e+00   0.000000e+00   0.000000e+00
1     2.599993e+01   8.777802e-01   4.790636e-01   0.000000e+00  -3.010046e+00   5.515255e+00   0.000000e+00
0     2.609969e+01   0.000000e+00   0.000000e+00   0.000000e+00   0.000000e+00   0.000000e+00   0.000000e+00
1     2.609969e+01   4.299365e-01   9.028591e-01   0.000000e+00  -5.672831e+00   2.701371e+00   0.000000e+00
0     2.619945e+01   0.000000e+00   0.000000e+00   0.000000e+00   0.000000e+00   0.000000e+00   0.000000e+00
1     2.619945e+01  -1.813546e-01   9.834178e-01   0.000000e+00  -6.178996e+00  -1.139485e+00   0.000000e+00
0     2.629985e+01   0.000000e+00   0.000000e+00   0.000000e+00   0.000000e+00   0.000000e+00   0.000000e+00
1     2.629985e+01  -7.264855e-01   6.871818e-01   0.000000e+00  -4.317690e+00  -4.564643e+00   0.000000e+00
0     2.639960e+01   0.000000e+00   0.000000e+00   0.000000e+00   0.000000e+00   0.000000e+00   0.000000e+00
1     2.639960e+01  -9.914557e-01   1.304436e-01   0.000000e+00  -8.196015e-01  -6.229500e+00   0.000000e+00
0     2.649936e+01   0.000000e+00   0.000000e+00   0.000000e+00   0.000000e+00   0.000000e+00   0.000000e+00
1     2.649936e+01  -8.795076e-01  -4.758848e-01   0.000000e+00   2.990072e+00  -5.526109e+00   0.000000e+00
0     2.659976e+01   0.000000e+00   0.000000e+00   0.000000e+00   0.000000e+00   0.000000e+00   0.000000e+00
1     2.659976e+01  -4.295520e-01  -9.030421e-01   0.000000e+00   5.673981e+00  -2.698955e+00   0.000000e+00
0     2.669951e+01   0.000000e+00   0.000000e+00   0.000000e+00   0.000000e+00   0.000000e+00   0.000000e+00
1     2.669951e+01   1.817734e-01  -9.833404e-01   0.000000e+00   6.178510e+00   1.142116e+00   0.000000e+00
0     2.679991e+01   0.000000e+00   0.000000e+00   0.000000e+00   0.000000e+00   0.000000e+00   0.000000e+00
1     2.679991e+01   7.267781e-01  -6.868723e-01   0.000000e+00   4.315746e+00   4.566482e+00   0.000000e+00
0     2.689967e+01   0.000000e+00   0.000000e+00   0.000000e+00   0.000000e+00   0.000000e+00   0.000000e+00
1     2.689967e+01   9.915112e-01  -1.300214e-01   0.000000e+00   8.169483e-01   6.229849e+00   0.000000e+00
0     2.699943e+01   0.000000e+00   0.000000e+00   0.000000e+00   0.000000e+00   0.000000e+00   0.000000e+00
1     2.699943e+01   8.793049e-01   4.762593e-01   0.000000e+00  -2.992426e+00   5.524835e+00   0.000000e+00
0     2.709983e+01   0.000000e+00   0.000000e+00   0.000000e+00   0.000000e+00   0.000000e+00   0.000000e+00
1     2.709983e+01   4.291673e-01   9.032250e-01   0.000000e+00  -5.675130e+00   2.696538e+00   0.000000e+00
0     2.719958e+01   0.000000e+00   0.000000e+00   0.000000e+00   0.000000e+00   0.000000e+00   0.000000e+00
1     2.719958e+01  -1.821922e-01   9.832629e-01   0.000000e+00  -6.178023e+00  -1.144747e+00   0.000000e+00
0     2.729998e+01   0.000000e+00   0.000000e+00   0.000000e+00   0.000000e+00   0.000000e+00   0.000000e+00
1     2.729998e+01  -7.270706e-01   6.865627e-01   0.000000e+00  -4.313801e+00  -4.568319e+00   0.000000e+00
0     2.739974e+01   0.000000e+00   0.000000e+00   0.000000e+00   0.000000e+00   0.000000e+00   0.000000e+00
1     2.739974e+01  -9.915665e-01   1.295991e-01   0.000000e+00  -8.142950e-01  -6.230196e+00   0.000000e+00
0     2.749949e+01   0.000000e+00   0.000000e+00   0.000000e+00   0.000000e+00   0.000000e+00   0.000000e+00
1     2.749949e+01  -8.791020e-01  -4.766338e-01   0.000000e+00   2.994778e+00  -5.523560e+00   0.000000e+00
0     2.759989e+01   0.000000e+00   0.000000e+00   0.000000e+00   0.000000e+00   0.000000e+00   0.000000e+00
1     2.759989e+01  -4.287826e-01  -9.034077e-01   0.000000e+00   5.676278e+00  -2.694121e+00   0.000000e+00
0     2.769965e+01   0.000000e+00   0.000000e+00   0.000000e+00   0.000000e+00   0.000000e+00   0.000000e+00
1     2.769965e+01   1.826110e-01  -9.831853e-01   0.000000e+00   6.177535e+00   1.147378e+00   0.000000e+00
0     2.779941e+01   0.000000e+00   0.000000e+00   0.000000e+00   0.000000e+00   0.000000e+00   0.000000e+00
1     2.779941e+01   7.245819e-01  -6.891887e-01   0.000000e+00   4.330300e+00   4.552683e+00   0.000000e+00
0     2.789981e+01   0.000000e+00   0.000000e+00   0.000000e+00   0.000000e+00   0.000000e+00   0.000000e+00
1     2.789981e+01   9.916216e-01  -1.291768e-01   0.000000e+00   8.116415e-01   6.230542e+00   0.000000e+00
0     2.799956e+01   0.000000e+00   0.000000e+00   0.000000e+00   0.000000e+00   0.000000e+00   0.000000e+00
1     2.799956e+01   8.788989e-01   4.770081e-01   0.000000e+00  -2.997131e+00   5.522285e+00   0.000000e+00
0     2.809996e+01   0.000000e+00   0.000000e+00   0.000000e+00   0.000000e+00   0.000000e+00   0.000000e+00
1     2.809996e+01   4.283978e-01   9.035902e-01   0.000000e+00  -5.677425e+00   2.691703e+00   0.000000e+00
0     2.819972e+01   0.000000e+00   0.000000e+00   0.000000e+00   0.000000e+00   0.000000e+00   0.000000e+00
1     2.819972e+01  -1.830297e-01   9.831074e-01   0.000000e+00  -6.177046e+00  -1.150009e+00   0.000000e+00
0     2.829947e+01   0.000000e+00   0.000000e+00   0.000000e+00   0.000000e+00   0.000000e+00   0.000000e+00
1     2.829947e+01  -7.248754e-01   6.888800e-01   0.000000e+00  -4.328361e+00  -4.554526e+00   0.000000e+00
0     2.839987e+01   0.000000e+00   0.000000e+00   0.000000e+00   0.000000e+00   0.000000e+00   0.000000e+00
1     2.839987e+01  -9.916765e-01   1.287544e-01   0.000000e+00  -8.089879e-01  -6.230887e+00   0.000000e+00
0     2.849963e+01   0.000000e+00   0.000000e+00   0.000000e+00   0.000000e+00   0.000000e+00   0.000000e+00
1     2.849963e+01  -8.786956e-01  -4.773824e-01   0.000000e+00   2.999482e+00  -5.521008e+00   0.000000e+00
0     2.859939e+01   0.000000e+00   0.000000e+00   0.000000e+00   0.000000e+00   0.000000e+00   0.000000e+00
1     2.859939e+01  -4.316641e-01  -9.020344e-01   0.000000e+00   5.667649e+00  -2.712225e+00   0.000000e+00
0     2.869979e+01   0.000000e+00   0.000000e+00   0.000000e+00   0.000000e+00   0.000000e+00   0.000000e+00
1     2.869979e+01   1.834484e-01  -9.830293e-01   0.000000e+00   6.176556e+00   1.152640e+00   0.000000e+00
0     2.879954e+01   0.000000e+00   0.000000e+00   0.000000e+00   0.000000e+00   0.000000e+00   0.000000e+00
1     2.879954e+01   7.251687e-01  -6.885712e-01   0.000000e+00   4.326421e+00   4.556369e+00   0.000000e+00
0     2.889994e+01   0.000000e+00   0.000000e+00   0.000000e+00   0.000000e+00   0.000000e+00   0.000000e+00
1     2.889994e+01   9.917313e-01  -1.283321e-01   0.000000e+00   8.063341e-01   6.231231e+00   0.000000e+00
0     2.899970e+01   0.000000e+00   0.000000e+00   0.000000e+00   0.000000e+00   0.000000e+00   0.000000e+00
1     2.899970e+01   8.784922e-01   4.777566e-01   0.000000e+00  -3.001833e+00   5.519730e+00   0.000000e+00
0     2.909945e+01   0.000000e+00   0.000000e+00   0.000000e+00   0.000000e+00   0.000000e+00   0.000000e+00
1     2.909945e+01   4.312799e-01   9.022182e-01   0.000000e+00  -5.668804e+00   2.709811e+00   0.000000e+00
0     2.919985e+01   0.000000e+00   0.000000e+00   0.000000e+00   0.000000e+00   0.000000e+00   0.000000e+00
1     2.919985e+01  -1.838670e-01   9.829511e-01   0.000000e+00  -6.176064e+00  -1.155270e+00   0.000000e+00
0     2.929961e+01   0.000000e+00   0.000000e+00   0.000000e+00   0.000000e+00   0.000000e+00   0.000000e+00
1     2.929961e+01  -7.254619e-01   6.882623e-01   0.000000e+00  -4.324480e+00  -4.558212e+00   0.000000e+00
0     2.939937e+01   0.000000e+00   0.000000e+00   0.000000e+00   0.000000e+00   0.000000e+00   0.000000e+00
1     2.939937e+01  -9.912605e-01   1.319192e-01   0.000000e+00  -8.288727e-01  -6.228273e+00   0.000000e+00
0     2.949977e+01   0.000000e+00   0.000000e+00   0.000000e+00   0.000000e+00   0.000000e+00   0.000000e+00
1     2.949977e+01  -8.782887e-01  -4.781307e-01   0.000000e+00   3.004184e+00  -5.518451e+00   0.000000e+00
0     2.959952e+01   0.000000e+00   0.000000e+00   0.000000e+00   0.000000e+00   0.000000e+00   0.000000e+00
1     2.959952e+01  -4.308956e-01  -9.024018e-01   0.000000e+00   5.669958e+00  -2.707397e+00   0.000000e+00
0     2.969992e+01   0.000000e+00   0.000000e+00   0.000000e+00   0.000000e+00   0.000000e+00   0.000000e+00
1     2.969992e+01   1.842856e-01  -9.828727e-01   0.000000e+00   6.175572e+00   1.157901e+00   0.000000e+00
0     2.979968e+01   0.000000e+00   0.000000e+00   0.000000e+00   0.000000e+00   0.000000e+00   0.000000e+00
1     2.979968e+01   7.257550e-01  -6.879533e-01   0.000000e+00   4.322538e+00   4.560053e+00   0.000000e+00
0     2.989943e+01   0.000000e+00   0.000000e+00   0.000000e+00   0.000000e+00   0.000000e+00   0.000000e+00
1     2.989943e+01   9.913166e-01  -1.314970e-01   0.000000e+00   8.262200e-01   6.228626e+00   0.000000e+00
0     2.999983e+01   0.000000e+00   0.000000e+00   0.000000e+00   0.000000e+00   0.000000e+00   0.000000e+00
1     2.999983e+01   8.780850e-01   4.785047e-01   0.000000e+00  -3.006534e+00   5.517171e+00   0.000000e+00
0     3.009959e+01   0.000000e+00   0.000000e+00   0.000000e+00   0.000000e+00   0.000000e+00   0.000000e+00
1     3.009959e+01   4.305112e-01   9.025852e-01   0.000000e+00  -5.671110e+00   2.704982e+00   0.000000e+00
0     3.019999e+01   0.000000e+00   0.000000e+00   0.000000e+00   0.000000e+00   0.000000e+00   0.000000e+00
1     3.019999e+01  -1.847042e-01   9.827942e-01   0.000000e+00  -6.175078e+00  -1.160531e+00   0.000000e+00
0     3.029975e+01   0.000000e+00   0.000000e+00   0.000000e+00   0.000000e+00   0.000000e+00   0.000000e+00
1     3.029975e+01  -7.260479e-01   6.876441e-01   0.000000e+00  -4.320595e+00  -4.561894e+00   0.000000e+00
0     3.039950e+01   0.000000e+00   0.000000e+00   0.000000e+00   0.000000e+00   0.000000e+00   0.000000e+00
1     3.039950e+01  -9.913725e-01   1.310748e-01   0.000000e+00  -8.235672e-01  -6.228977e+00   0.000000e+00
0     3.049990e+01   0.000000e+00   0.000000e+00   0.000000e+00   0.000000e+00   0.000000e+00   0.000000e+00
1     3.049990e+01  -8.778811e-01  -4.788787e-01   0.000000e+00   3.008883e+00  -5.515890e+00   0.000000e+00
0     3.059966e+01   0.000000e+00   0.000000e+00   0.000000e+00   0.000000e+00   0.000000e+00   0.000000e+00
1     3.059966e+01  -4.301268e-01  -9.027685e-01   0.000000e+00   5.672262e+00  -2.702566e+00   0.000000e+00
0     3.069941e+01   0.000000e+00   0.000000e+00   0.000000e+00   0.000000e+00   0.000000e+00   0.000000e+00
1     3.069941e+01   1.811474e-01  -9.834560e-01   0.000000e+00   6.179236e+00   1.138183e+00   0.000000e+00
0     3.079981e+01   0.000000e+00   0.000000e+00   0.000000e+00   0.000000e+00   0.000000e+00   0.000000e+00
1     3.079981e+01   7.263407e-01  -6.873348e-01   0.000000e+00   4.318652e+00   4.563733e+00   0.000000e+00
0     3.089957e+01   0.000000e+00   0.000000e+00   0.000000e+00   0.000000e+00   0.000000e+00   0.000000e+00
1     3.089957e+01   9.914282e-01  -1.306526e-01   0.000000e+00   8.209142e-01   6.229327e+00   0.000000e+00
0     3.099997e+01   0.000000e+00   0.000000e+00   0.000000e+00   0.000000e+00   0.000000e+00   0.000000e+00
1     3.099997e+01   8.776771e-01   4.792525e-01   0.000000e+00  -3.011232e+00   5.514608e+00   0.000000e+00
0     3.109972e+01   0.000000e+00   0.000000e+00   0.000000e+00   0.000000e+00   0.000000e+00   0.000000e+00
1     3.109972e+01   4.297422e-01   9.029516e-01   0.000000e+00  -5.673412e+00   2.700150e+00   0.000000e+00
0     3.119948e+01   0.000000e+00   0.000000e+00   0.000000e+00   0.000000e+00   0.000000e+00   0.000000e+00
1     3.119948e+01  -1.815662e-01   9.833787e-01   0.000000e+00  -6.178751e+00  -1.140814e+00   0.000000e+00
0     3.129988e+01   0.000000e+00   0.000000e+00   0.000000e+00   0.000000e+00   0.000000e+00   0.000000e+00
1     3.129988e+01  -7.266334e-01   6.870254e-01   0.000000e+00  -4.316708e+00  -4.565572e+00   0.000000e+00
0     3.139964e+01   0.000000e+00   0.000000e+00   0.000000e+00   0.000000e+00   0.000000e+00   0.000000e+00
1     3.139964e+01  -9.914838e-01   1.302303e-01   0.000000e+00  -8.182611e-01  -6.229676e+00   0.000000e+00
0     3.149939e+01   0.000000e+00   0.000000e+00   0.000000e+00   0.000000e+00   0.000000e+00   0.000000e+00
1     3.149939e+01  -8.794052e-01  -4.760740e-01   0.000000e+00   2.991261e+00  -5.525466e+00   0.000000e+00
0     3.159979e+01   0.000000e+00   0.000000e+00   0.000000e+00   0.000000e+00   0.000000e+00   0.000000e+00
1     3.159979e+01  -4.293576e-01  -9.031346e-01   0.000000e+00   5.674562e+00  -2.697734e+00   0.000000e+00
0     3.169955e+01   0.000000e+00   0.000000e+00   0.000000e+00   0.000000e+00   0.000000e+00   0.000000e+00
1     3.169955e+01   1.819850e-01  -9.833013e-01   0.000000e+00   6.178264e+00   1.143446e+00   0.000000e+00
0     3.179995e+01   0.000000e+00   0.000000e+00   0.000000e+00   0.000000e+00   0.000000e+00   0.000000e+00
1     3.179995e+01   7.269259e-01  -6.867159e-01   0.000000e+00   4.314763e+00   4.567410e+00   0.000000e+00
0     3.189970e+01   0.000000e+00   0.000000e+00   0.000000e+00   0.000000e+00   0.000000e+00   0.000000e+00
1     3.189970e+01   9.915391e-01  -1.298080e-01   0.000000e+00   8.156078e-01   6.230024e+00   0.000000e+00
0     3.199946e+01   0.000000e+00   0.000000e+00   0.000000e+00   0.000000e+00   0.000000e+00   0.000000e+00
1     3.199946e+01   8.792024e-01   4.764485e-01   0.000000e+00  -2.993614e+00   5.524191e+00   0.000000e+00
0     3.209986e+01   0.000000e+00   0.000000e+00   0.000000e+00   0.000000e+00   0.000000e+00   0.000000e+00
1     3.209986e+01   4.289730e-01   9.033173e-01   0.000000e+00  -5.675710e+00   2.695317e+00   0.000000e+00
0     3.219962e+01   0.000000e+00   0.000000e+00   0.000000e+00   0.000000e+00   0.000000e+00   0.000000e+00
1     3.219962e+01  -1.824038e-01   9.832237e-01   0.000000e+00  -6.177777e+00  -1.146077e+00   0.000000e+00
0     3.229937e+01   0.000000e+00   0.000000e+00   0.000000e+00   0.000000e+00   0.000000e+00   0.000000e+00
1     3.229937e+01  -7.244367e-01   6.893413e-01   0.000000e+00  -4.331259e+00  -4.551770e+00   0.000000e+00
0     3.239977e+01   0.000000e+00   0.000000e+00   0.000000e+00   0.000000e+00   0.000000e+00   0.000000e+00
1     3.239977e+01  -9.915943e-01   1.293857e-01   0.000000e+00  -8.129544e-01  -6.230371e+00   0.000000e+00
0     3.249953e+01   0.000000e+00   0.000000e+00   0.000000e+00   0.000000e+00   0.000000e+00   0.000000e+00
1     3.249953e+01  -8.789994e-01  -4.768229e-01   0.000000e+00   2.995967e+00  -5.522916e+00   0.000000e+00
0     3.259993e+01   0.000000e+00   0.000000e+00   0.000000e+00   0.000000e+00   0.000000e+00   0.000000e+00
1     3.259993e+01  -4.285882e-01  -9.034999e-01   0.000000e+00   5.676858e+00  -2.692899e+00   0.000000e+00
0     3.269968e+01   0.000000e+00   0.000000e+00   0.000000e+00   0.000000e+00   0.000000e+00   0.000000e+00
1     3.269968e+01   1.828225e-01  -9.831459e-01   0.000000e+00   6.177288e+00   1.148708e+00   0.000000e+00
0     3.279944e+01   0.000000e+00   0.000000e+00   0.000000e+00   0.000000e+00   0.000000e+00   0.000000e+00
1     3.279944e+01   7.247302e-01  -6.890327e-01   0.000000e+00   4.329320e+00   4.553614e+00   0.000000e+00
0     3.289984e+01   0.000000e+00   0.000000e+00   0.000000e+00   0.000000e+00   0.000000e+00   0.000000e+00
1     3.289984e+01   9.916494e-01  -1.289634e-01   0.000000e+00   8.103008e-01   6.230717e+00   0.000000e+00
0     3.299960e+01   0.000000e+00   0.000000e+00   0.000000e+00   0.000000e+00   0.000000e+00   0.000000e+00
1     3.299960e+01   8.787962e-01   4.771973e-01   0.000000e+00  -2.998319e+00   5.521639e+00   0.000000e+00
0     3.310000e+01   0.000000e+00   0.000000e+00   0.000000e+00   0.000000e+00   0.000000e+00   0.000000e+00
1     3.310000e+01   4.282034e-01   9.036824e-01   0.000000e+00  -5.678004e+00   2.690481e+00   0.000000e+00
0     3.319975e+01   0.000000e+00   0.000000e+00   0.000000e+00   0.000000e+00   0.000000e+00   0.000000e+00
1     3.319975e+01  -1.832412e-01   9.830680e-01   0.000000e+00  -6.176798e+00  -1.151339e+00   0.000000e+00
0     3.329951e+01   0.000000e+00   0.000000e+00   0.000000e+00   0.000000e+00   0.000000e+00   0.000000e+00
1     3.329951e+01  -7.250236e-01   6.887240e-01   0.000000e+00  -4.327381e+00  -4.555458e+00   0.000000e+00
0     3.339991e+01   0.000000e+00   0.000000e+00   0.000000e+00   0.000000e+00   0.000000e+00   0.000000e+00
1     3.339991e+01  -9.917042e-01   1.285410e-01   0.000000e+00  -8.076470e-01  -6.231061e+00   0.000000e+00
0     3.349966e+01   0.000000e+00   0.000000e+00   0.000000e+00   0.000000e+00   0.000000e+00   0.000000e+00
1     3.349966e+01  -8.785929e-01  -4.775715e-01   0.000000e+00   3.000670e+00  -5.520362e+00   0.000000e+00
0     3.359942e+01   0.000000e+00   0.000000e+00   0.000000e+00   0.000000e+00   0.000000e+00   0.000000e+00
1     3.359942e+01  -4.314700e-01  -9.021273e-01   0.000000e+00   5.668233e+00  -2.711006e+00   0.000000e+00
0     3.369982e+01   0.000000e+00   0.000000e+00   0.000000e+00   0.000000e+00   0.000000e+00   0.000000e+00
1     3.369982e+01   1.836599e-01  -9.829898e-01   0.000000e+00   6.176307e+00   1.153969e+00   0.000000e+00
0     3.379958e+01   0.000000e+00   0.000000e+00   0.000000e+00   0.000000e+00   0.000000e+00   0.000000e+00
1     3.379958e+01   7.253169e-01  -6.884151e-01   0.000000e+00   4.325440e+00   4.557300e+00   0.000000e+00
0     3.389998e+01   0.000000e+00   0.000000e+00   0.000000e+00   0.000000e+00   0.000000e+00   0.000000e+00
1     3.389998e+01   9.917588e-01  -1.281186e-01   0.000000e+00   8.049932e-01   6.231405e+00   0.000000e+00
0     3.399973e+01   0.000000e+00   0.000000e+00   0.000000e+00   0.000000e+00   0.000000e+00   0.000000e+00
1     3.399973e+01   8.783894e-01   4.779456e-01   0.000000e+00  -3.003021e+00   5.519083e+00   0.000000e+00
0     3.409949e+01   0.000000e+00   0.000000e+00   0.000000e+00   0.000000e+00   0.000000e+00   0.000000e+00
1     3.409949e+01   4.310857e-01   9.023110e-01   0.000000e+00  -5.669387e+00   2.708591e+00   0.000000e+00
0     3.419989e+01   0.000000e+00   0.000000e+00   0.000000e+00   0.000000e+00   0.000000e+00   0.000000e+00
1     3.419989e+01  -1.840785e-01   9.829115e-01   0.000000e+00  -6.175815e+00  -1.156600e+00   0.000000e+00
0     3.429964e+01   0.000000e+00   0.000000e+00   0.000000e+00   0.000000e+00   0.000000e+00   0.000000e+00
1     3.429964e+01  -7.256100e-01   6.881062e-01   0.000000e+00  -4.323499e+00  -4.559142e+00   0.000000e+00
0     3.439940e+01   0.000000e+00   0.000000e+00   0.000000e+00   0.000000e+00   0.000000e+00   0.000000e+00
1     3.439940e+01  -9.912888e-01   1.317059e-01   0.000000e+00  -8.275323e-01  -6.228451e+00   0.000000e+00
0     3.449980e+01   0.000000e+00   0.000000e+00   0.000000e+00   0.000000e+00   0.000000e+00   0.000000e+00
1     3.449980e+01  -8.781858e-01  -4.783197e-01   0.000000e+00   3.005371e+00  -5.517804e+00   0.000000e+00
0     3.459956e+01   0.000000e+00   0.000000e+00   0.000000e+00   0.000000e+00   0.000000e+00   0.000000e+00
1     3.459956e+01  -4.307014e-01  -9.024945e-01   0.000000e+00   5.670540e+00  -2.706177e+00   0.000000e+00
0     3.469996e+01   0.000000e+00   0.000000e+00   0.000000e+00   0.000000e+00   0.000000e+00   0.000000e+00
1     3.469996e+01   1.844971e-01  -9.828330e-01   0.000000e+00   6.175322e+00   1.159230e+00   0.000000e+00
0     3.479971e+01   0.000000e+00   0.000000e+00   0.000000e+00   0.000000e+00   0.000000e+00   0.000000e+00
1     3.479971e+01   7.259030e-01  -6.877971e-01   0.000000e+00   4.321556e+00   4.560983e+00   0.000000e+00
0     3.489947e+01   0.000000e+00   0.000000e+00   0.000000e+00   0.000000e+00   0.000000e+00   0.000000e+00
1     3.489947e+01   9.913448e-01  -1.312837e-01   0.000000e+00   8.248795e-01   6.228803e+00   0.000000e+00
0     3.499987e+01   0.000000e+00   0.000000e+00   0.000000e+00   0.000000e+00   0.000000e+00   0.000000e+00
1     3.499987e+01   8.779820e-01   4.786937e-01   0.000000e+00  -3.007721e+00   5.516523e+00   0.000000e+00
0     3.509962e+01   0.000000e+00   0.000000e+00   0.000000e+00   0.000000e+00   0.000000e+00   0.000000e+00
1     3.509962e+01   4.303170e-01   9.026779e-01   0.000000e+00  -5.671692e+00   2.703761e+00   0.000000e+00
0     3.519938e+01   0.000000e+00   0.000000e+00   0.000000e+00   0.000000e+00   0.000000e+00   0.000000e+00
1     3.519938e+01  -1.809402e-01   9.834941e-01   0.000000e+00  -6.179476e+00  -1.136881e+00   0.000000e+00
0     3.529978e+01   0.000000e+00   0.000000e+00   0.000000e+00   0.000000e+00   0.000000e+00   0.000000e+00
1     3.529978e+01  -7.261959e-01   6.874878e-01   0.000000e+00  -4.319614e+00  -4.562823e+00   0.000000e+00
0     3.539954e+01   0.000000e+00   0.000000e+00   0.000000e+00   0.000000e+00   0.000000e+00   0.000000e+00
1     3.539954e+01  -9.914007e-01   1.308614e-01   0.000000e+00  -8.222266e-01  -6.229154e+00   0.000000e+00
0     3.549994e+01   0.000000e+00   0.000000e+00   0.000000e+00   0.000000e+00   0.000000e+00   0.000000e+00
1     3.549994e+01  -8.777780e-01  -4.790676e-01   0.000000e+00   3.010070e+00  -5.515242e+00   0.000000e+00
0     3.559969e+01   0.000000e+00   0.000000e+00   0.000000e+00   0.000000e+00   0.000000e+00   0.000000e+00
1     3.559969e+01  -4.299325e-01  -9.028610e-01   0.000000e+00   5.672843e+00  -2.701345e+00   0.000000e+00
0     3.569945e+01   0.000000e+00   0.000000e+00   0.000000e+00   0.000000e+00   0.000000e+00   0.000000e+00
1     3.569945e+01   1.813590e-01  -9.834170e-01   0.000000e+00   6.178991e+00   1.139512e+00   0.000000e+00
0     3.579985e+01   0.000000e+00   0.000000e+00   0.000000e+00   0.000000e+00   0.000000e+00   0.000000e+00
1     3.579985e+01   7.264886e-01  -6.871785e-01   0.000000e+00   4.317670e+00   4.564663e+00   0.000000e+00
0     3.589960e+01   0.000000e+00   0.000000e+00   0.000000e+00   0.000000e+00   0.000000e+00   0.000000e+00
1     3.589960e+01   9.914563e-01  -1.304392e-01   0.000000e+00   8.195735e-01   6.229504e+00   0.000000e+00
0     3.599936e+01   0.000000e+00   0.000000e+00   0.000000e+00   0.000000e+00   0.000000e+00   0.000000e+00
1     3.599936e+01   8.795055e-01   4.758888e-01   0.000000e+00  -2.990097e+00   5.526096e+00   0.000000e+00
0     3.609976e+01   0.000000e+00   0.000000e+00   0.000000e+00   0.000000e+00   0.000000e+00   0.000000e+00
1     3.609976e+01   4.295479e-01   9.030441e-01   0.000000e+00  -5.673993e+00   2.698929e+00   0.000000e+00
0     3.619952e+01   0.000000e+00   0.000000e+00   0.000000e+00   0.000000e+00   0.000000e+00   0.000000e+00
1     3.619952e+01  -1.817779e-01   9.833396e-01   0.000000e+00  -6.178505e+00  -1.142144e+00   0.000000e+00
0     3.629991e+01   0.000000e+00   0.000000e+00   0.000000e+00   0.000000e+00   0.000000e+00   0.000000e+00
1     3.629991e+01  -7.267812e-01   6.868690e-01   0.000000e+00  -4.315725e+00  -4.566501e+00   0.000000e+00
0     3.639967e+01   0.000000e+00   0.000000e+00   0.000000e+00   0.000000e+00   0.000000e+00   0.000000e+00
1     3.639967e+01  -9.915118e-01   1.300169e-01   0.000000e+00  -8.169203e-01  -6.229852e+00   0.000000e+00
0     3.649943e+01   0.000000e+00   0.000000e+00   0.000000e+00   0.000000e+00   0.000000e+00   0.000000e+00
1     3.649943e+01  -8.793027e-01  -4.762633e-01   0.000000e+00   2.992451e+00  -5.524822e+00   0.000000e+00
0     3.659983e+01   0.000000e+00   0.000000e+00   0.000000e+00   0.000000e+00   0.000000e+00   0.000000e+00
1     3.659983e+01  -4.291632e-01  -9.032269e-01   0.000000e+00   5.675142e+00  -2.696512e+00   0.000000e+00
0     3.669958e+01   0.000000e+00   0.000000e+00   0.000000e+00   0.000000e+00   0.000000e+00   0.000000e+00
1     3.669958e+01   1.821966e-01  -9.832621e-01   0.000000e+00   6.178018e+00   1.144775e+00   0.000000e+00
0     3.679998e+01   0.000000e+00   0.000000e+00   0.000000e+00   0.000000e+00   0.000000e+00   0.000000e+00
1     3.679998e+01   7.270737e-01  -6.865594e-01   0.000000e+00   4.313780e+00   4.568339e+00   0.000000e+00
0     3.689974e+01   0.000000e+00   0.000000e+00   0.000000e+00   0.000000e+00   0.000000e+00   0.000000e+00
1     3.689974e+01   9.915671e-01  -1.295946e-01   0.000000e+00   8.142669e-01   6.230200e+00   0.000000e+00
0     3.699949e+01   0.000000e+00   0.000000e+00   0.000000e+00   0.000000e+00   0.000000e+00   0.000000e+00
1     3.699949e+01   8.790998e-01   4.766378e-01   0.000000e+00  -2.994803e+00   5.523547e+00   0.000000e+00
0     3.709989e+01   0.000000e+00   0.000000e+00   0.000000e+00   0.000000e+00   0.000000e+00   0.000000e+00
1     3.709989e+01   4.287785e-01   9.034096e-01   0.000000e+00  -5.676290e+00   2.694095e+00   0.000000e+00
0     3.719965e+01   0.000000e+00   0.000000e+00   0.000000e+00   0.000000e+00   0.000000e+00   0.000000e+00
1     3.719965e+01  -1.826154e-01   9.831844e-01   0.000000e+00  -6.177530e+00  -1.147406e+00   0.000000e+00
0     3.729941e+01   0.000000e+00   0.000000e+00   0.000000e+00   0.000000e+00   0.000000e+00   0.000000e+00
1     3.729941e+01  -7.245851e-01   6.891854e-01   0.000000e+00  -4.330279e+00  -4.552702e+00   0.000000e+00
0     3.739981e+01   0.000000e+00   0.000000e+00   0.000000e+00   0.000000e+00   0.000000e+00   0.000000e+00
1     3.739981e+01  -9.916222e-01   1.291723e-01   0.000000e+00  -8.116133e-01  -6.230546e+00   0.000000e+00
0     3.749956e+01   0.000000e+00   0.000000e+00   0.000000e+00   0.000000e+00   0.000000e+00   0.000000e+00
1     3.749956e+01  -8.788967e-01  -4.770121e-01   0.000000e+00   2.997156e+00  -5.522271e+00   0.000000e+00
0     3.759996e+01   0.000000e+00   0.000000e+00   0.000000e+00   0.000000e+00   0.000000e+00   0.000000e+00
1     3.759996e+01  -4.283937e-01  -9.035922e-01   0.000000e+00   5.677437e+00  -2.691677e+00   0.000000e+00
0     3.769972e+01   0.000000e+00   0.000000e+00   0.000000e+00   0.000000e+00   0.000000e+00   0.000000e+00
1     3.769972e+01   1.830341e-01  -9.831066e-01   0.000000e+00   6.177041e+00   1.150037e+00   0.000000e+00
0     3.779947e+01   0.000000e+00   0.000000e+00   0.000000e+00   0.000000e+00   0.000000e+00   0.000000e+00
1     3.779947e+01   7.248785e-01  -6.888767e-01   0.000000e+00   4.328340e+00   4.554546e+00   0.000000e+00
0     3.789987e+01   0.000000e+00   0.000000e+00   0.000000e+00   0.000000e+00   0.000000e+00   0.000000e+00
1     3.789987e+01   9.916771e-01  -1.287499e-01   0.000000e+00   8.089596e-01   6.230891e+00   0.000000e+00
0     3.799963e+01   0.000000e+00   0.000000e+00   0.000000e+00   0.000000e+00   0.000000e+00   0.000000e+00
1     3.799963e+01   8.786935e-01   4.773864e-01   0.000000e+00  -2.999507e+00   5.520994e+00   0.000000e+00
0     3.809939e+01   0.000000e+00   0.000000e+00   0.000000e+00   0.000000e+00   0.000000e+00   0.000000e+00
1     3.809939e+01   4.316600e-01   9.020364e-01   0.000000e+00  -5.667662e+00   2.712200e+00   0.000000e+00
0     3.819979e+01   0.000000e+00   0.000000e+00   0.000000e+00   0.000000e+00   0.000000e+00   0.000000e+00
1     3.819979e+01  -1.834528e-01   9.830285e-01   0.000000e+00  -6.176550e+00  -1.152668e+00   0.000000e+00
0     3.829954e+01   0.000000e+00   0.000000e+00   0.000000e+00   0.000000e+00   0.000000e+00   0.000000e+00
1     3.829954e+01  -7.251719e-01   6.885679e-01   0.000000e+00  -4.326400e+00  -4.556389e+00   0.000000e+00
0     3.839994e+01   0.000000e+00   0.000000e+00   0.000000e+00   0.000000e+00   0.000000e+00   0.000000e+00
1     3.839994e+01  -9.917318e-01   1.283276e-01   0.000000e+00  -8.063058e-01  -6.231235e+00   0.000000e+00
0     3.849970e+01   0.000000e+00   0.000000e+00   0.000000e+00   0.000000e+00   0.000000e+00   0.000000e+00
1     3.849970e+01  -8.784901e-01  -4.777606e-01   0.000000e+00   3.001858e+00  -5.519716e+00   0.000000e+00
0     3.859945e+01   0.000000e+00   0.000000e+00   0.000000e+00   0.000000e+00   0.000000e+00   0.000000e+00
1     3.859945e+01  -4.312758e-01  -9.022202e-01   0.000000e+00   5.668816e+00  -2.709786e+00   0.000000e+00
0     3.869985e+01   0.000000e+00   0.000000e+00   0.000000e+00   0.000000e+00   0.000000e+00   0.000000e+00
1     3.869985e+01   1.838715e-01  -9.829503e-01   0.000000e+00   6.176059e+00   1.155299e+00   0.000000e+00
0     3.879961e+01   0.000000e+00   0.000000e+00   0.000000e+00   0.000000e+00   0.000000e+00   0.000000e+00
1     3.879961e+01   7.254651e-01  -6.882590e-01   0.000000e+00   4.324459e+00   4.558231e+00   0.000000e+00
0     3.889937e+01   0.000000e+00   0.000000e+00   0.000000e+00   0.000000e+00   0.000000e+00   0.000000e+00
1     3.889937e+01   9.912611e-01  -1.319147e-01   0.000000e+00   8.288443e-01   6.228277e+00   0.000000e+00
0     3.899977e+01   0.000000e+00   0.000000e+00   0.000000e+00   0.000000e+00   0.000000e+00   0.000000e+00
1     3.899977e+01   8.782865e-01   4.781347e-01   0.000000e+00  -3.004209e+00   5.518437e+00   0.000000e+00
0     3.909952e+01   0.000000e+00   0.000000e+00   0.000000e+00   0.000000e+00   0.000000e+00   0.000000e+00
1     3.909952e+01   4.308915e-01   9.024038e-01   0.000000e+00  -5.669970e+00   2.707371e+00   0.000000e+00
0     3.919992e+01   0.000000e+00   0.000000e+00   0.000000e+00   0.000000e+00   0.000000e+00   0.000000e+00
1     3.919992e+01  -1.842901e-01   9.828719e-01   0.000000e+00  -6.175566e+00  -1.157929e+00   0.000000e+00
0     3.929968e+01   0.000000e+00   0.000000e+00   0.000000e+00   0.000000e+00   0.000000e+00   0.000000e+00
1     3.929968e+01  -7.257581e-01   6.879500e-01   0.000000e+00  -4.322517e+00  -4.560073e+00   0.000000e+00
0     3.939943e+01   0.000000e+00   0.000000e+00   0.000000e+00   0.000000e+00   0.000000e+00   0.000000e+00
1     3.939943e+01  -9.913172e-01   1.314925e-01   0.000000e+00  -8.261916e-01  -6.228629e+00   0.000000e+00
0     3.949983e+01   0.000000e+00   0.000000e+00   0.000000e+00   0.000000e+00   0.000000e+00   0.000000e+00
1     3.949983e+01  -8.780828e-01  -4.785087e-01   0.000000e+00   3.006559e+00  -5.517157e+00   0.000000e+00
0     3.959959e+01   0.000000e+00   0.000000e+00   0.000000e+00   0.000000e+00   0.000000e+00   0.000000e+00
1     3.959959e+01  -4.305071e-01  -9.025872e-01   0.000000e+00   5.671123e+00  -2.704956e+00   0.000000e+00
0     3.969999e+01   0.000000e+00   0.000000e+00   0.000000e+00   0.000000e+00   0.000000e+00   0.000000e+00
1     3.969999e+01   1.847087e-01  -9.827933e-01   0.000000e+00   6.175072e+00   1.160559e+00   0.000000e+00
0     3.979975e+01   0.000000e+00   0.000000e+00   0.000000e+00   0.000000e+00   0.000000e+00   0.000000e+00
1     3.979975e+01   7.260511e-01  -6.876408e-01   0.000000e+00   4.320575e+00   4.561913e+00   0.000000e+00
0     3.989950e+01   0.000000e+00   0.000000e+00   0.000000e+00   0.000000e+00   0.000000e+00   0.000000e+00
1     3.989950e+01   9.913731e-01  -1.310703e-01   0.000000e+00   8.235387e-01   6.228981e+00   0.000000e+00
0     3.999990e+01   0.000000e+00   0.000000e+00   0.000000e+00   0.000000e+00   0.000000e+00   0.000000e+00
1     3.999990e+01   8.778789e-01   4.788827e-01   0.000000e+00  -3.008909e+00   5.515876e+00   0.000000e+00
0     4.009966e+01   0.000000e+00   0.000000e+00   0.000000e+00   0.000000e+00   0.000000e+00   0.000000e+00
1     4.009966e+01   4.301226e-01   9.027705e-01   0.000000e+00  -5.672274e+00   2.702540e+00   0.000000e+00
0     4.019941e+01   0.000000e+00   0.000000e+00   0.000000e+00   0.000000e+00   0.000000e+00   0.000000e+00
1     4.019941e+01  -1.811519e-01   9.834551e-01   0.000000e+00  -6.179231e+00  -1.138211e+00   0.000000e+00
0     4.029981e+01   0.000000e+00   0.000000e+00   0.000000e+00   0.000000e+00   0.000000e+00   0.000000e+00
1     4.029981e+01  -7.263439e-01   6.873315e-01   0.000000e+00  -4.318631e+00  -4.563753e+00   0.000000e+00
0     4.039957e+01   0.000000e+00   0.000000e+00   0.000000e+00   0.000000e+00   0.000000e+00   0.000000e+00
1     4.039957e+01  -9.914288e-01   1.306480e-01   0.000000e+00  -8.208856e-01  -6.229331e+00   0.000000e+00
0     4.049997e+01   0.000000e+00   0.000000e+00   0.000000e+00   0.000000e+00   0.000000e+00   0.000000e+00
1     4.049997e+01  -8.776749e-01  -4.792565e-01   0.000000e+00   3.011258e+00  -5.514594e+00   0.000000e+00
0     4.059973e+01   0.000000e+00   0.000000e+00   0.000000e+00   0.000000e+00   0.000000e+00   0.000000e+00
1     4.059973e+01  -4.297381e-01  -9.029536e-01   0.000000e+00   5.673425e+00  -2.700124e+00   0.000000e+00
0     4.069948e+01   0.000000e+00   0.000000e+00   0.000000e+00   0.000000e+00   0.000000e+00   0.000000e+00
1     4.069948e+01   1.815707e-01  -9.833779e-01   0.000000e+00   6.178746e+00   1.140843e+00   0.000000e+00
0     4.079988e+01   0.000000e+00   0.000000e+00   0.000000e+00   0.000000e+00   0.000000e+00   0.000000e+00
1     4.079988e+01   7.266365e-01  -6.870221e-01   0.000000e+00   4.316687e+00   4.565592e+00   0.000000e+00
0     4.089964e+01   0.000000e+00   0.000000e+00   0.000000e+00   0.000000e+00   0.000000e+00   0.000000e+00
1     4.089964e+01   9.914844e-01  -1.302257e-01   0.000000e+00   8.182324e-01   6.229680e+00   0.000000e+00
0     4.099939e+01   0.000000e+00   0.000000e+00   0.000000e+00   0.000000e+00   0.000000e+00   0.000000e+00
1     4.099939e+01   8.794030e-01   4.760781e-01   0.000000e+00  -2.991287e+00   5.525452e+00   0.000000e+00
0     4.109979e+01   0.000000e+00   0.000000e+00   0.000000e+00   0.000000e+00   0.000000e+00   0.000000e+00
1     4.109979e+01   4.293535e-01   9.031365e-01   0.000000e+00  -5.674574e+00   2.697708e+00   0.000000e+00
0     4.119955e+01   0.000000e+00   0.000000e+00   0.000000e+00   0.000000e+00   0.000000e+00   0.000000e+00
1     4.119955e+01  -1.819895e-01   9.833005e-01   0.000000e+00  -6.178259e+00  -1.143474e+00   0.000000e+00
0     4.129995e+01   0.000000e+00   0.000000e+00   0.000000e+00   0.000000e+00   0.000000e+00   0.000000e+00
1     4.129995e+01  -7.269291e-01   6.867125e-01   0.000000e+00  -4.314742e+00  -4.567430e+00   0.000000e+00
0     4.139971e+01   0.000000e+00   0.000000e+00   0.000000e+00   0.000000e+00   0.000000e+00   0.000000e+00
1     4.139971e+01  -9.915397e-01   1.298034e-01   0.000000e+00  -8.155791e-01  -6.230028e+00   0.000000e+00
0     4.149946e+01   0.000000e+00   0.000000e+00   0.000000e+00   0.000000e+00   0.000000e+00   0.000000e+00
1     4.149946e+01  -8.792002e-01  -4.764526e-01   0.000000e+00   2.993640e+00  -5.524178e+00   0.000000e+00
0     4.159986e+01   0.000000e+00   0.000000e+00   0.000000e+00   0.000000e+00   0.000000e+00   0.000000e+00
1     4.159986e+01  -4.289688e-01  -9.033193e-01   0.000000e+00   5.675723e+00  -2.695290e+00   0.000000e+00
0     4.169962e+01   0.000000e+00   0.000000e+00   0.000000e+00   0.000000e+00   0.000000e+00   0.000000e+00
1     4.169962e+01   1.824083e-01  -9.832229e-01   0.000000e+00   6.177771e+00   1.146105e+00   0.000000e+00
0     4.179937e+01   0.000000e+00   0.000000e+00   0.000000e+00   0.000000e+00   0.000000e+00   0.000000e+00
1     4.179937e+01   7.244399e-01  -6.893380e-01   0.000000e+00   4.331238e+00   4.551790e+00   0.000000e+00
0     4.189977e+01   0.000000e+00   0.000000e+00   0.000000e+00   0.000000e+00   0.000000e+00   0.000000e+00
1     4.189977e+01   9.915949e-01  -1.293811e-01   0.000000e+00   8.129256e-01   6.230375e+00   0.000000e+00
0     4.199953e+01   0.000000e+00   0.000000e+00   0.000000e+00   0.000000e+00   0.000000e+00   0.000000e+00
1     4.199953e+01   8.789972e-01   4.768270e-01   0.000000e+00  -2.995992e+00   5.522902e+00   0.000000e+00
0     4.209993e+01   0.000000e+00   0.000000e+00   0.000000e+00   0.000000e+00   0.000000e+00   0.000000e+00
1     4.209993e+01   4.285840e-01   9.035019e-01   0.000000e+00  -5.676870e+00   2.692873e+00   0.000000e+00
0     4.219968e+01   0.000000e+00   0.000000e+00   0.000000e+00   0.000000e+00   0.000000e+00   0.000000e+00
1     4.219968e+01  -1.828271e-01   9.831451e-01   0.000000e+00  -6.177283e+00  -1.148736e+00   0.000000e+00
0     4.229944e+01   0.000000e+00   0.000000e+00   0.000000e+00   0.000000e+00   0.000000e+00   0.000000e+00
1     4.229944e+01  -7.247334e-01   6.890294e-01   0.000000e+00  -4.329299e+00  -4.553634e+00   0.000000e+00
0     4.239984e+01   0.000000e+00   0.000000e+00   0.000000e+00   0.000000e+00   0.000000e+00   0.000000e+00
1     4.239984e+01  -9.916500e-01   1.289588e-01   0.000000e+00  -8.102720e-01  -6.230720e+00   0.000000e+00
0     4.249960e+01   0.000000e+00   0.000000e+00   0.000000e+00   0.000000e+00   0.000000e+00   0.000000e+00
1     4.249960e+01  -8.787940e-01  -4.772013e-01   0.000000e+00   2.998344e+00  -5.521626e+00   0.000000e+00
0     4.260000e+01   0.000000e+00   0.000000e+00   0.000000e+00   0.000000e+00   0.000000e+00   0.000000e+00
1     4.260000e+01  -4.281992e-01  -9.036844e-01   0.000000e+00   5.678016e+00  -2.690455e+00   0.000000e+00
0     4.269975e+01   0.000000e+00   0.000000e+00   0.000000e+00   0.000000e+00   0.000000e+00   0.000000e+00
1     4.269975e+01   1.832458e-01  -9.830671e-01   0.000000e+00   6.176793e+00   1.151367e+00   0.000000e+00
0     4.279951e+01   0.000000e+00   0.000000e+00   0.000000e+00   0.000000e+00   0.000000e+00   0.000000e+00
1     4.279951e+01   7.250268e-01  -6.887206e-01   0.000000e+00   4.327359e+00   4.555478e+00   0.000000e+00
0     4.289991e+01   0.000000e+00   0.000000e+00   0.000000e+00   0.000000e+00   0.000000e+00   0.000000e+00
1     4.289991e+01   9.917048e-01  -1.285364e-01   0.000000e+00   8.076182e-01   6.231065e+00   0.000000e+00
0     4.299966e+01   0.000000e+00   0.000000e+00   0.000000e+00   0.000000e+00   0.000000e+00   0.000000e+00
1     4.299966e+01   8.785907e-01   4.775756e-01   0.000000e+00  -3.000696e+00   5.520348e+00   0.000000e+00
0     4.309942e+01   0.000000e+00   0.000000e+00   0.000000e+00   0.000000e+00   0.000000e+00   0.000000e+00
1     4.309942e+01   4.314658e-01   9.021293e-01   0.000000e+00  -5.668246e+00   2.710979e+00   0.000000e+00
0     4.319982e+01   0.000000e+00   0.000000e+00   0.000000e+00   0.000000e+00   0.000000e+00   0.000000e+00
1     4.319982e+01  -1.836645e-01   9.829890e-01   0.000000e+00  -6.176302e+00  -1.153998e+00   0.000000e+00
0     4.329958e+01   0.000000e+00   0.000000e+00   0.000000e+00   0.000000e+00   0.000000e+00   0.000000e+00
1     4.329958e+01  -7.253201e-01   6.884118e-01   0.000000e+00  -4.325419e+00  -4.557320e+00   0.000000e+00
0     4.339998e+01   0.000000e+00   0.000000e+00   0.000000e+00   0.000000e+00   0.000000e+00   0.000000e+00
1     4.339998e+01  -9.917594e-01   1.281140e-01   0.000000e+00  -8.049642e-01  -6.231408e+00   0.000000e+00
0     4.349973e+01   0.000000e+00   0.000000e+00   0.000000e+00   0.000000e+00   0.000000e+00   0.000000e+00
1     4.349973e+01  -8.783872e-01  -4.779497e-01   0.000000e+00   3.003047e+00  -5.519070e+00   0.000000e+00
0     4.359949e+01   0.000000e+00   0.000000e+00   0.000000e+00   0.000000e+00   0.000000e+00   0.000000e+00
1     4.359949e+01  -4.310815e-01  -9.023130e-01   0.000000e+00   5.669400e+00  -2.708565e+00   0.000000e+00
0     4.369989e+01   0.000000e+00   0.000000e+00   0.000000e+00   0.000000e+00   0.000000e+00   0.000000e+00
1     4.369989e+01   1.840831e-01  -9.829107e-01   0.000000e+00   6.175810e+00   1.156628e+00   0.000000e+00
0     4.379964e+01   0.000000e+00   0.000000e+00   0.000000e+00   0.000000e+00   0.000000e+00   0.000000e+00
1     4.379964e+01   7.256132e-01  -6.881028e-01   0.000000e+00   4.323477e+00   4.559162e+00   0.000000e+00
0     4.389940e+01   0.000000e+00   0.000000e+00   0.000000e+00   0.000000e+00   0.000000e+00   0.000000e+00
1     4.389940e+01   9.912895e-01  -1.317012e-01   0.000000e+00   8.275034e-01   6.228455e+00   0.000000e+00
0     4.399980e+01   0.000000e+00   0.000000e+00   0.000000e+00   0.000000e+00   0.000000e+00   0.000000e+00
1     4.399980e+01   8.781836e-01   4.783238e-01   0.000000e+00  -3.005397e+00   5.517790e+00   0.000000e+00
0     4.409956e+01   0.000000e+00   0.000000e+00   0.000000e+00   0.000000e+00   0.000000e+00   0.000000e+00
1     4.409956e+01   4.306972e-01   9.024965e-01   0.000000e+00  -5.670553e+00   2.706150e+00   0.000000e+00
0     4.419996e+01   0.000000e+00   0.000000e+00   0.000000e+00   0.000000e+00   0.000000e+00   0.000000e+00
1     4.419996e+01  -1.845017e-01   9.828322e-01   0.000000e+00  -6.175317e+00  -1.159258e+00   0.000000e+00
0     4.429971e+01   0.000000e+00   0.000000e+00   0.000000e+00   0.000000e+00   0.000000e+00   0.000000e+00
1     4.429971e+01  -7.259062e-01   6.877937e-01   0.000000e+00  -4.321535e+00  -4.561003e+00   0.000000e+00
0     4.439947e+01   0.000000e+00   0.000000e+00   0.000000e+00   0.000000e+00   0.000000e+00   0.000000e+00
1     4.439947e+01  -9.913455e-01   1.312790e-01   0.000000e+00  -8.248505e-01  -6.228807e+00   0.000000e+00
0     4.449987e+01   0.000000e+00   0.000000e+00   0.000000e+00   0.000000e+00   0.000000e+00   0.000000e+00
1     4.449987e+01  -8.779797e-01  -4.786978e-01   0.000000e+00   3.007747e+00  -5.516509e+00   0.000000e+00
0     4.459962e+01   0.000000e+00   0.000000e+00   0.000000e+00   0.000000e+00   0.000000e+00   0.000000e+00
1     4.459962e+01  -4.303128e-01  -9.026799e-01   0.000000e+00   5.671705e+00  -2.703735e+00   0.000000e+00
0     4.469938e+01   0.000000e+00   0.000000e+00   0.000000e+00   0.000000e+00   0.000000e+00   0.000000e+00
1     4.469938e+01   1.809448e-01  -9.834933e-01   0.000000e+00   6.179470e+00   1.136909e+00   0.000000e+00
0     4.479978e+01   0.000000e+00   0.000000e+00   0.000000e+00   0.000000e+00   0.000000e+00   0.000000e+00
1     4.479978e+01   7.261991e-01  -6.874845e-01   0.000000e+00   4.319592e+00   4.562843e+00   0.000000e+00
0     4.489954e+01   0.000000e+00   0.000000e+00   0.000000e+00   0.000000e+00   0.000000e+00   0.000000e+00
1     4.489954e+01   9.914013e-01  -1.308568e-01   0.000000e+00   8.221975e-01   6.229158e+00   0.000000e+00
0     4.499994e+01   0.000000e+00   0.000000e+00   0.000000e+00   0.000000e+00   0.000000e+00   0.000000e+00
1     4.499994e+01   8.777758e-01   4.790717e-01   0.000000e+00  -3.010096e+00   5.515228e+00   0.000000e+00
0     4.509969e+01   0.000000e+00   0.000000e+00   0.000000e+00   0.000000e+00   0.000000e+00   0.000000e+00
1     4.509969e+01   4.299283e-01   9.028631e-01   0.000000e+00  -5.672856e+00   2.701319e+00   0.000000e+00
0     4.519945e+01   0.000000e+00   0.000000e+00   0.000000e+00   0.000000e+00   0.000000e+00   0.000000e+00
1     4.519945e+01  -1.813636e-01   9.834161e-01   0.000000e+00  -6.178986e+00  -1.139541e+00   0.000000e+00
0     4.529985e+01   0.000000e+00   0.000000e+00   0.000000e+00   0.000000e+00   0.000000e+00   0.000000e+00
1     4.529985e+01  -7.264918e-01   6.871751e-01   0.000000e+00  -4.317648e+00  -4.564683e+00   0.000000e+00
0     4.539960e+01   0.000000e+00   0.000000e+00   0.000000e+00   0.000000e+00   0.000000e+00   0.000000e+00
1     4.539960e+01  -9.914569e-01   1.304345e-01   0.000000e+00  -8.195444e-01  -6.229508e+00   0.000000e+00
0     4.549936e+01   0.000000e+00   0.000000e+00   0.000000e+00   0.000000e+00   0.000000e+00   0.000000e+00
1     4.549936e+01  -8.795033e-01  -4.758929e-01   0.000000e+00   2.990123e+00  -5.526082e+00   0.000000e+00
0     4.559976e+01   0.000000e+00   0.000000e+00   0.000000e+00   0.000000e+00   0.000000e+00   0.000000e+00
1     4.559976e+01  -4.295437e-01  -9.030461e-01   0.000000e+00   5.674006e+00  -2.698902e+00   0.000000e+00
0     4.569952e+01   0.000000e+00   0.000000e+00   0.000000e+00   0.000000e+00   0.000000e+00   0.000000e+00
1     4.569952e+01   1.817825e-01  -9.833388e-01   0.000000e+00   6.178500e+00   1.142173e+00   0.000000e+00
0     4.579992e+01   0.000000e+00   0.000000e+00   0.000000e+00   0.000000e+00   0.000000e+00   0.000000e+00
1     4.579992e+01   7.267844e-01  -6.868656e-01   0.000000e+00   4.315704e+00   4.566521e+00   0.000000e+00
0     4.589967e+01   0.000000e+00   0.000000e+00   0.000000e+00   0.000000e+00   0.000000e+00   0.000000e+00
1     4.589967e+01   9.915124e-01  -1.300123e-01   0.000000e+00   8.168911e-01   6.229856e+00   0.000000e+00
0     4.599943e+01   0.000000e+00   0.000000e+00   0.000000e+00   0.000000e+00   0.000000e+00   0.000000e+00
1     4.599943e+01   8.793005e-01   4.762674e-01   0.000000e+00  -2.992476e+00   5.524808e+00   0.000000e+00
0     4.609983e+01   0.000000e+00   0.000000e+00   0.000000e+00   0.000000e+00   0.000000e+00   0.000000e+00
1     4.609983e+01   4.291590e-01   9.032290e-01   0.000000e+00  -5.675155e+00   2.696486e+00   0.000000e+00
0     4.619958e+01   0.000000e+00   0.000000e+00   0.000000e+00   0.000000e+00   0.000000e+00   0.000000e+00
1     4.619958e+01  -1.822013e-01   9.832613e-01   0.000000e+00  -6.178013e+00  -1.144804e+00   0.000000e+00
0     4.629998e+01   0.000000e+00   0.000000e+00   0.000000e+00   0.000000e+00   0.000000e+00   0.000000e+00
1     4.629998e+01  -7.270769e-01   6.865560e-01   0.000000e+00  -4.313759e+00  -4.568359e+00   0.000000e+00
0     4.639974e+01   0.000000e+00   0.000000e+00   0.000000e+00   0.000000e+00   0.000000e+00   0.000000e+00
1     4.639974e+01  -9.915677e-01   1.295899e-01   0.000000e+00  -8.142377e-01  -6.230203e+00   0.000000e+00
0     4.649950e+01   0.000000e+00   0.000000e+00   0.000000e+00   0.000000e+00   0.000000e+00   0.000000e+00
1     4.649950e+01  -8.790976e-01  -4.766419e-01   0.000000e+00   2.994829e+00  -5.523533e+00   0.000000e+00
0     4.659990e+01   0.000000e+00   0.000000e+00   0.000000e+00   0.000000e+00   0.000000e+00   0.000000e+00
1     4.659990e+01  -4.287743e-01  -9.034117e-01   0.000000e+00   5.676303e+00  -2.694068e+00   0.000000e+00
0     4.669965e+01   0.000000e+00   0.000000e+00   0.000000e+00   0.000000e+00   0.000000e+00   0.000000e+00
1     4.669965e+01   1.826200e-01  -9.831836e-01   0.000000e+00   6.177525e+00   1.147435e+00   0.000000e+00
0     4.679941e+01   0.000000e+00   0.000000e+00   0.000000e+00   0.000000e+00   0.000000e+00   0.000000e+00
1     4.679941e+01   7.245883e-01  -6.891820e-01   0.000000e+00   4.330258e+00   4.552723e+00   0.000000e+00
0     4.689981e+01   0.000000e+00   0.000000e+00   0.000000e+00   0.000000e+00   0.000000e+00   0.000000e+00
1     4.689981e+01   9.916228e-01  -1.291676e-01   0.000000e+00   8.115841e-01   6.230550e+00   0.000000e+00
0     4.699956e+01   0.000000e+00   0.000000e+00   0.000000e+00   0.000000e+00   0.000000e+00   0.000000e+00
1     4.699956e+01   8.788945e-01   4.770163e-01   0.000000e+00  -2.997181e+00   5.522257e+00   0.000000e+00
0     4.709996e+01   0.000000e+00   0.000000e+00   0.000000e+00   0.000000e+00   0.000000e+00   0.000000e+00
1     4.709996e+01   4.283895e-01   9.035942e-01   0.000000e+00  -5.677450e+00   2.691650e+00   0.000000e+00
0     4.719972e+01   0.000000e+00   0.000000e+00   0.000000e+00   0.000000e+00   0.000000e+00   0.000000e+00
1     4.719972e+01  -1.830388e-01   9.831057e-01   0.000000e+00  -6.177035e+00  -1.150066e+00   0.000000e+00
0     4.729948e+01   0.000000e+00   0.000000e+00   0.000000e+00   0.000000e+00   0.000000e+00   0.000000e+00
1     4.729948e+01  -7.248818e-01   6.888733e-01   0.000000e+00  -4.328319e+00  -4.554566e+00   0.000000e+00
0     4.739988e+01   0.000000e+00   0.000000e+00   0.000000e+00   0.000000e+00   0.000000e+00   0.000000e+00
1     4.739988e+01  -9.916777e-01   1.287453e-01   0.000000e+00  -8.089303e-01  -6.230895e+00   0.000000e+00
0     4.749963e+01   0.000000e+00   0.000000e+00   0.000000e+00   0.000000e+00   0.000000e+00   0.000000e+00
1     4.749963e+01  -8.786912e-01  -4.773905e-01   0.000000e+00   2.999533e+00  -5.520980e+00   0.000000e+00
0     4.759939e+01   0.000000e+00   0.000000e+00   0.000000e+00   0.000000e+00   0.000000e+00   0.000000e+00
1     4.759939e+01  -4.316557e-01  -9.020384e-01   0.000000e+00   5.667675e+00  -2.712173e+00   0.000000e+00
0     4.769979e+01   0.000000e+00   0.000000e+00   0.000000e+00   0.000000e+00   0.000000e+00   0.000000e+00
1     4.769979e+01   1.834575e-01  -9.830277e-01   0.000000e+00   6.176545e+00   1.152697e+00   0.000000e+00
0     4.779954e+01   0.000000e+00   0.000000e+00   0.000000e+00   0.000000e+00   0.000000e+00   0.000000e+00
1     4.779954e+01   7.251751e-01  -6.885645e-01   0.000000e+00   4.326378e+00   4.556410e+00   0.000000e+00
0     4.789994e+01   0.000000e+00   0.000000e+00   0.000000e+00   0.000000e+00   0.000000e+00   0.000000e+00
1     4.789994e+01   9.917324e-01  -1.283229e-01   0.000000e+00   8.062764e-01   6.231239e+00   0.000000e+00
0     4.799970e+01   0.000000e+00   0.000000e+00   0.000000e+00   0.000000e+00   0.000000e+00   0.000000e+00
1     4.799970e+01   8.784878e-01   4.777647e-01   0.000000e+00  -3.001884e+00   5.519702e+00   0.000000e+00
0     4.809946e+01   0.000000e+00   0.000000e+00   0.000000e+00   0.000000e+00   0.000000e+00   0.000000e+00
1     4.809946e+01   4.312715e-01   9.022222e-01   0.000000e+00  -5.668829e+00   2.709759e+00   0.000000e+00
0     4.819985e+01   0.000000e+00   0.000000e+00   0.000000e+00   0.000000e+00   0.000000e+00   0.000000e+00
1     4.819985e+01  -1.838761e-01   9.829494e-01   0.000000e+00  -6.176053e+00  -1.155328e+00   0.000000e+00
0     4.829961e+01   0.000000e+00   0.000000e+00   0.000000e+00   0.000000e+00   0.000000e+00   0.000000e+00
1     4.829961e+01  -7.254683e-01   6.882556e-01   0.000000e+00  -4.324437e+00  -4.558252e+00   0.000000e+00
0     4.839937e+01   0.000000e+00   0.000000e+00   0.000000e+00   0.000000e+00   0.000000e+00   0.000000e+00
1     4.839937e+01  -9.912617e-01   1.319100e-01   0.000000e+00  -8.288149e-01  -6.228281e+00   0.000000e+00
0     4.849977e+01   0.000000e+00   0.000000e+00   0.000000e+00   0.000000e+00   0.000000e+00   0.000000e+00
1     4.849977e+01  -8.782843e-01  -4.781389e-01   0.000000e+00   3.004235e+00  -5.518423e+00   0.000000e+00
0     4.859952e+01   0.000000e+00   0.000000e+00   0.000000e+00   0.000000e+00   0.000000e+00   0.000000e+00
1     4.859952e+01  -4.308872e-01  -9.024058e-01   0.000000e+00   5.669983e+00  -2.707344e+00   0.000000e+00
0     4.869992e+01   0.000000e+00   0.000000e+00   0.000000e+00   0.000000e+00   0.000000e+00   0.000000e+00
1     4.869992e+01   1.842948e-01  -9.828710e-01   0.000000e+00   6.175561e+00   1.157958e+00   0.000000e+00
0     4.879968e+01   0.000000e+00   0.000000e+00   0.000000e+00   0.000000e+00   0.000000e+00   0.000000e+00
1     4.879968e+01   7.257614e-01  -6.879465e-01   0.000000e+00   4.322496e+00   4.560093e+00   0.000000e+00
0     4.889943e+01   0.000000e+00   0.000000e+00   0.000000e+00   0.000000e+00   0.000000e+00   0.000000e+00
1     4.889943e+01   9.913178e-01  -1.314878e-01   0.000000e+00   8.261621e-01   6.228633e+00   0.000000e+00
0     4.899983e+01   0.000000e+00   0.000000e+00   0.000000e+00   0.000000e+00   0.000000e+00   0.000000e+00
1     4.899983e+01   8.780805e-01   4.785129e-01   0.000000e+00  -3.006585e+00   5.517143e+00   0.000000e+00
0     4.909959e+01   0.000000e+00   0.000000e+00   0.000000e+00   0.000000e+00   0.000000e+00   0.000000e+00
1     4.909959e+01   4.305028e-01   9.025892e-01   0.000000e+00  -5.671135e+00   2.704929e+00   0.000000e+00
0     4.919999e+01   0.000000e+00   0.000000e+00   0.000000e+00   0.000000e+00   0.000000e+00   0.000000e+00
1     4.919999e+01  -1.847134e-01   9.827924e-01   0.000000e+00  -6.175067e+00  -1.160588e+00   0.000000e+00
0     4.929975e+01   0.000000e+00   0.000000e+00   0.000000e+00   0.000000e+00   0.000000e+00   0.000000e+00
1     4.929975e+01  -7.260543e-01   6.876374e-01   0.000000e+00  -4.320553e+00  -4.561934e+00   0.000000e+00
0     4.939950e+01   0.000000e+00   0.000000e+00   0.000000e+00   0.000000e+00   0.000000e+00   0.000000e+00
1     4.939950e+01  -9.913737e-01   1.310656e-01   0.000000e+00  -8.235092e-01  -6.228985e+00   0.000000e+00
0     4.949990e+01   0.000000e+00   0.000000e+00   0.000000e+00   0.000000e+00   0.000000e+00   0.000000e+00
1     4.949990e+01  -8.778766e-01  -4.788868e-01   0.000000e+00   3.008935e+00  -5.515862e+00   0.000000e+00
0     4.959966e+01   0.000000e+00   0.000000e+00   0.000000e+00   0.000000e+00   0.000000e+00   0.000000e+00
1     4.959966e+01  -4.301184e-01  -9.027725e-01   0.000000e+00   5.672287e+00  -2.702513e+00   0.000000e+00
0     4.969941e+01   0.000000e+00   0.000000e+00   0.000000e+00   0.000000e+00   0.000000e+00   0.000000e+00
1     4.969941e+01   1.811565e-01  -9.834543e-01   0.000000e+00   6.179225e+00   1.138240e+00   0.000000e+00
0     4.979981e+01   0.000000e+00   0.000000e+00   0.000000e+00   0.000000e+00   0.000000e+00   0.000000e+00
1     4.979981e+01   7.263471e-01  -6.873281e-01   0.000000e+00   4.318610e+00   4.563774e+00   0.000000e+00
0     4.989957e+01   0.000000e+00   0.000000e+00   0.000000e+00   0.000000e+00   0.000000e+00   0.000000e+00
1     4.989957e+01   9.914294e-01  -1.306433e-01   0.000000e+00   8.208561e-01   6.229335e+00   0.000000e+00
0     4.999997e+01   0.000000e+00   0.000000e+00   0.000000e+00   0.000000e+00   0.000000e+00   0.000000e+00
1     4.999997e+01   8.776726e-01   4.792607e-01   0.000000e+00  -3.011284e+00   5.514580e+00   0.000000e+00
0     5.009973e+01   0.000000e+00   0.000000e+00   0.000000e+00   0.000000e+00   0.000000e+00   0.000000e+00
1     5.009973e+01   4.297338e-01   9.029556e-01   0.000000e+00  -5.673437e+00   2.700097e+00   0.000000e+00
0     5.019948e+01   0.000000e+00   0.000000e+00   0.000000e+00   0.000000e+00   0.000000e+00   0.000000e+00
1     5.019948e+01  -1.815754e-01   9.833770e-01   0.000000e+00  -6.178740e+00  -1.140872e+00   0.000000e+00
0     5.029988e+01   0.000000e+00   0.000000e+00   0.000000e+00   0.000000e+00   0.000000e+00   0.000000e+00
1     5.029988e+01  -7.266398e-01   6.870186e-01   0.000000e+00  -4.316665e+00  -4.565612e+00   0.000000e+00
0     5.039964e+01   0.000000e+00   0.000000e+00   0.000000e+00   0.000000e+00   0.000000e+00   0.000000e+00
1     5.039964e+01  -9.914850e-01   1.302210e-01   0.000000e+00  -8.182029e-01  -6.229684e+00   0.000000e+00
0     5.049939e+01   0.000000e+00   0.000000e+00   0.000000e+00   0.000000e+00   0.000000e+00   0.000000e+00
1     5.049939e+01  -8.794008e-01  -4.760823e-01   0.000000e+00   2.991313e+00  -5.525438e+00   0.000000e+00
0     5.059979e+01   0.000000e+00   0.000000e+00   0.000000e+00   0.000000e+00   0.000000e+00   0.000000e+00
1     5.059979e+01  -4.293492e-01  -9.031386e-01   0.000000e+00   5.674587e+00  -2.697681e+00   0.000000e+00
0     5.069955e+01   0.000000e+00   0.000000e+00   0.000000e+00   0.000000e+00   0.000000e+00   0.000000e+00
1     5.069955e+01   1.819942e-01  -9.832996e-01   0.000000e+00   6.178254e+00   1.143503e+00   0.000000e+00
0     5.079995e+01   0.000000e+00   0.000000e+00   0.000000e+00   0.000000e+00   0.000000e+00   0.000000e+00
1     5.079995e+01   7.269323e-01  -6.867091e-01   0.000000e+00   4.314720e+00   4.567451e+00   0.000000e+00
0     5.089971e+01   0.000000e+00   0.000000e+00   0.000000e+00   0.000000e+00   0.000000e+00   0.000000e+00
1     5.089971e+01   9.915404e-01  -1.297987e-01   0.000000e+00   8.155495e-01   6.230032e+00   0.000000e+00
0     5.099946e+01   0.000000e+00   0.000000e+00   0.000000e+00   0.000000e+00   0.000000e+00   0.000000e+00
1     5.099946e+01   8.791979e-01   4.764568e-01   0.000000e+00  -2.993666e+00   5.524163e+00   0.000000e+00
0     5.109986e+01   0.000000e+00   0.000000e+00   0.000000e+00   0.000000e+00   0.000000e+00   0.000000e+00
1     5.109986e+01   4.289645e-01   9.033213e-01   0.000000e+00  -5.675735e+00   2.695263e+00   0.000000e+00
0     5.119962e+01   0.000000e+00   0.000000e+00   0.000000e+00   0.000000e+00   0.000000e+00   0.000000e+00
1     5.119962e+01  -1.824130e-01   9.832220e-01   0.000000e+00  -6.177766e+00  -1.146135e+00   0.000000e+00
0     5.129937e+01   0.000000e+00   0.000000e+00   0.000000e+00   0.000000e+00   0.000000e+00   0.000000e+00
1     5.129937e+01  -7.244432e-01   6.893345e-01   0.000000e+00  -4.331217e+00  -4.551811e+00   0.000000e+00
0     5.139977e+01   0.000000e+00   0.000000e+00   0.000000e+00   0.000000e+00   0.000000e+00   0.000000e+00
1     5.139977e+01  -9.915956e-01   1.293764e-01   0.000000e+00  -8.128960e-01  -6.230379e+00   0.000000e+00
0     5.149953e+01   0.000000e+00   0.000000e+00   0.000000e+00   0.000000e+00   0.000000e+00   0.000000e+00
1     5.149953e+01  -8.789949e-01  -4.768312e-01   0.000000e+00   2.996019e+00  -5.522888e+00   0.000000e+00
0     5.159993e+01   0.000000e+00   0.000000e+00   0.000000e+00   0.000000e+00   0.000000e+00   0.000000e+00
1     5.159993e+01  -4.285797e-01  -9.035040e-01   0.000000e+00   5.676883e+00  -2.692846e+00   0.000000e+00
0     5.169969e+01   0.000000e+00   0.000000e+00   0.000000e+00   0.000000e+00   0.000000e+00   0.000000e+00
1     5.169969e+01   1.828317e-01  -9.831442e-01   0.000000e+00   6.177277e+00   1.148766e+00   0.000000e+00
0     5.179944e+01   0.000000e+00   0.000000e+00   0.000000e+00   0.000000e+00   0.000000e+00   0.000000e+00
1     5.179944e+01   7.247367e-01  -6.890259e-01   0.000000e+00   4.329278e+00   4.553655e+00   0.000000e+00
0     5.189984e+01   0.000000e+00   0.000000e+00   0.000000e+00   0.000000e+00   0.000000e+00   0.000000e+00
1     5.189984e+01   9.916506e-01  -1.289541e-01   0.000000e+00   8.102423e-01   6.230724e+00   0.000000e+00
0     5.199960e+01   0.000000e+00   0.000000e+00   0.000000e+00   0.000000e+00   0.000000e+00   0.000000e+00
1     5.199960e+01   8.787917e-01   4.772055e-01   0.000000e+00  -2.998371e+00   5.521611e+00   0.000000e+00
0     5.210000e+01   0.000000e+00   0.000000e+00   0.000000e+00   0.000000e+00   0.000000e+00   0.000000e+00
1     5.210000e+01   4.281949e-01   9.036864e-01   0.000000e+00  -5.678029e+00   2.690428e+00   0.000000e+00
0     5.219975e+01   0.000000e+00   0.000000e+00   0.000000e+00   0.000000e+00   0.000000e+00   0.000000e+00
1     5.219975e+01  -1.832505e-01   9.830663e-01   0.000000e+00  -6.176787e+00  -1.151397e+00   0.000000e+00
0     5.229951e+01   0.000000e+00   0.000000e+00   0.000000e+00   0.000000e+00   0.000000e+00   0.000000e+00
1     5.229951e+01  -7.250301e-01   6.887172e-01   0.000000e+00  -4.327338e+00  -4.555498e+00   0.000000e+00
0     5.239991e+01   0.000000e+00   0.000000e+00   0.000000e+00   0.000000e+00   0.000000e+00   0.000000e+00
1     5.239991e+01  -9.917054e-01   1.285317e-01   0.000000e+00  -8.075885e-01  -6.231069e+00   0.000000e+00
0     5.249967e+01   0.000000e+00   0.000000e+00   0.000000e+00   0.000000e+00   0.000000e+00   0.000000e+00
1     5.249967e+01  -8.785884e-01  -4.775798e-01   0.000000e+00   3.000722e+00  -5.520334e+00   0.000000e+00
0     5.259942e+01   0.000000e+00   0.000000e+00   0.000000e+00   0.000000e+00   0.000000e+00   0.000000e+00
1     5.259942e+01  -4.314615e-01  -9.021314e-01   0.000000e+00   5.668259e+00  -2.710952e+00   0.000000e+00
0     5.269982e+01   0.000000e+00   0.000000e+00   0.000000e+00   0.000000e+00   0.000000e+00   0.000000e+00
1     5.269982e+01   1.836691e-01  -9.829881e-01   0.000000e+00   6.176297e+00   1.154027e+00   0.000000e+00
0     5.279958e+01   0.000000e+00   0.000000e+00   0.000000e+00   0.000000e+00   0.000000e+00   0.000000e+00
1     5.279958e+01   7.253234e-01  -6.884083e-01   0.000000e+00   4.325397e+00   4.557341e+00   0.000000e+00
0     5.289998e+01   0.000000e+00   0.000000e+00   0.000000e+00   0.000000e+00   0.000000e+00   0.000000e+00
1     5.289998e+01   9.917601e-01  -1.281093e-01   0.000000e+00   8.049345e-01   6.231412e+00   0.000000e+00
0     5.299973e+01   0.000000e+00   0.000000e+00   0.000000e+00   0.000000e+00   0.000000e+00   0.000000e+00
1     5.299973e+01   8.783849e-01   4.779539e-01   0.000000e+00  -3.003073e+00   5.519055e+00   0.000000e+00
0     5.309949e+01   0.000000e+00   0.000000e+00   0.000000e+00   0.000000e+00   0.000000e+00   0.000000e+00
1     5.309949e+01   4.310772e-01   9.023150e-01   0.000000e+00  -5.669413e+00   2.708538e+00   0.000000e+00
0     5.319989e+01   0.000000e+00   0.000000e+00   0.000000e+00   0.000000e+00   0.000000e+00   0.000000e+00
1     5.319989e+01  -1.840878e-01   9.829098e-01   0.000000e+00  -6.175804e+00  -1.156658e+00   0.000000e+00
0     5.329965e+01   0.000000e+00   0.000000e+00   0.000000e+00   0.000000e+00   0.000000e+00   0.000000e+00
1     5.329965e+01  -7.256165e-01   6.880993e-01   0.000000e+00  -4.323456e+00  -4.559183e+00   0.000000e+00
0     5.339940e+01   0.000000e+00   0.000000e+00   0.000000e+00   0.000000e+00   0.000000e+00   0.000000e+00
1     5.339940e+01  -9.912901e-01   1.316965e-01   0.000000e+00  -8.274736e-01  -6.228459e+00   0.000000e+00
0     5.349980e+01   0.000000e+00   0.000000e+00   0.000000e+00   0.000000e+00   0.000000e+00   0.000000e+00
1     5.349980e+01  -8.781813e-01  -4.783280e-01   0.000000e+00   3.005423e+00  -5.517776e+00   0.000000e+00
0     5.359956e+01   0.000000e+00   0.000000e+00   0.000000e+00   0.000000e+00   0.000000e+00   0.000000e+00
1     5.359956e+01  -4.306929e-01  -9.024986e-01   0.000000e+00   5.670566e+00  -2.706123e+00   0.000000e+00
0     5.369996e+01   0.000000e+00   0.000000e+00   0.000000e+00   0.000000e+00   0.000000e+00   0.000000e+00
1     5.369996e+01   1.845064e-01  -9.828313e-01   0.000000e+00   6.175311e+00   1.159288e+00   0.000000e+00
0     5.379971e+01   0.000000e+00   0.000000e+00   0.000000e+00   0.000000e+00   0.000000e+00   0.000000e+00
1     5.379971e+01   7.259095e-01  -6.877902e-01   0.000000e+00   4.321513e+00   4.561024e+00   0.000000e+00
0     5.389947e+01   0.000000e+00   0.000000e+00   0.000000e+00   0.000000e+00   0.000000e+00   0.000000e+00
1     5.389947e+01   9.913461e-01  -1.312743e-01   0.000000e+00   8.248207e-01   6.228811e+00   0.000000e+00
0     5.399987e+01   0.000000e+00   0.000000e+00   0.000000e+00   0.000000e+00   0.000000e+00   0.000000e+00
1     5.399987e+01   8.779775e-01   4.787020e-01   0.000000e+00  -3.007773e+00   5.516495e+00   0.000000e+00
0     5.409962e+01   0.000000e+00   0.000000e+00   0.000000e+00   0.000000e+00   0.000000e+00   0.000000e+00
1     5.409962e+01   4.303084e-01   9.026819e-01   0.000000e+00  -5.671718e+00   2.703708e+00   0.000000e+00
0     5.419938e+01   0.000000e+00   0.000000e+00   0.000000e+00   0.000000e+00   0.000000e+00   0.000000e+00
1     5.419938e+01  -1.809495e-01   9.834924e-01   0.000000e+00  -6.179465e+00  -1.136939e+00   0.000000e+00
0     5.429978e+01   0.000000e+00   0.000000e+00   0.000000e+00   0.000000e+00   0.000000e+00   0.000000e+00
1     5.429978e+01  -7.262024e-01   6.874810e-01   0.000000e+00  -4.319570e+00  -4.562864e+00   0.000000e+00
0     5.439954e+01   0.000000e+00   0.000000e+00   0.000000e+00   0.000000e+00   0.000000e+00   0.000000e+00
1     5.439954e+01  -9.914019e-01   1.308521e-01   0.000000e+00  -8.221677e-01  -6.229162e+00   0.000000e+00
0     5.449994e+01   0.000000e+00   0.000000e+00   0.000000e+00   0.000000e+00   0.000000e+00   0.000000e+00
1     5.449994e+01  -8.777735e-01  -4.790759e-01   0.000000e+00   3.010123e+00  -5.515213e+00   0.000000e+00
0     5.459969e+01   0.000000e+00   0.000000e+00   0.000000e+00   0.000000e+00   0.000000e+00   0.000000e+00
1     5.459969e+01  -4.299239e-01  -9.028651e-01   0.000000e+00   5.672869e+00  -2.701292e+00   0.000000e+00
0     5.469945e+01   0.000000e+00   0.000000e+00   0.000000e+00   0.000000e+00   0.000000e+00   0.000000e+00
1     5.469945e+01   1.813683e-01  -9.834152e-01   0.000000e+00   6.178980e+00   1.139571e+00   0.000000e+00
0     5.479985e+01   0.000000e+00   0.000000e+00   0.000000e+00   0.000000e+00   0.000000e+00   0.000000e+00
1     5.479985e+01   7.264951e-01  -6.871716e-01   0.000000e+00   4.317627e+00   4.564704e+00   0.000000e+00
0     5.489960e+01   0.000000e+00   0.000000e+00   0.000000e+00   0.000000e+00   0.000000e+00   0.000000e+00
1     5.489960e+01   9.914575e-01  -1.304298e-01   0.000000e+00   8.195145e-01   6.229512e+00   0.000000e+00
0     5.499936e+01   0.000000e+00   0.000000e+00   0.000000e+00   0.000000e+00   0.000000e+00   0.000000e+00
1     5.499936e+01   8.795010e-01   4.758971e-01   0.000000e+00  -2.990150e+00   5.526068e+00   0.000000e+00
0     5.509976e+01   0.000000e+00   0.000000e+00   0.000000e+00   0.000000e+00   0.000000e+00   0.000000e+00
1     5.509976e+01   4.295393e-01   9.030481e-01   0.000000e+00  -5.674019e+00   2.698875e+00   0.000000e+00
0     5.519952e+01   0.000000e+00   0.000000e+00   0.000000e+00   0.000000e+00   0.000000e+00   0.000000e+00
1     5.519952e+01  -1.817872e-01   9.833379e-01   0.000000e+00  -6.178494e+00  -1.142203e+00   0.000000e+00
0     5.529992e+01   0.000000e+00   0.000000e+00   0.000000e+00   0.000000e+00   0.000000e+00   0.000000e+00
1     5.529992e+01  -7.267877e-01   6.868621e-01   0.000000e+00  -4.315682e+00  -4.566542e+00   0.000000e+00
0     5.539967e+01   0.000000e+00   0.000000e+00   0.000000e+00   0.000000e+00   0.000000e+00   0.000000e+00
1     5.539967e+01  -9.915130e-01   1.300075e-01   0.000000e+00  -8.168612e-01  -6.229860e+00   0.000000e+00
0     5.549943e+01   0.000000e+00   0.000000e+00   0.000000e+00   0.000000e+00   0.000000e+00   0.000000e+00
1     5.549943e+01  -8.792982e-01  -4.762716e-01   0.000000e+00   2.992503e+00  -5.524794e+00   0.000000e+00
0     5.559983e+01   0.000000e+00   0.000000e+00   0.000000e+00   0.000000e+00   0.000000e+00   0.000000e+00
1     5.559983e+01  -4.291547e-01  -9.032310e-01   0.000000e+00   5.675168e+00  -2.696458e+00   0.000000e+00
0     5.569958e+01   0.000000e+00   0.000000e+00   0.000000e+00   0.000000e+00   0.000000e+00   0.000000e+00
1     5.569958e+01   1.822060e-01  -9.832604e-01   0.000000e+00   6.178007e+00   1.144834e+00   0.000000e+00
0     5.579998e+01   0.000000e+00   0.000000e+00   0.000000e+00   0.000000e+00   0.000000e+00   0.000000e+00
1     5.579998e+01   7.270802e-01  -6.865525e-01   0.000000e+00   4.313737e+00   4.568380e+00   0.000000e+00
0     5.589974e+01   0.000000e+00   0.000000e+00   0.000000e+00   0.000000e+00   0.000000e+00   0.000000e+00
1     5.589974e+01   9.915683e-01  -1.295852e-01   0.000000e+00   8.142077e-01   6.230207e+00   0.000000e+00
0     5.599950e+01   0.000000e+00   0.000000e+00   0.000000e+00   0.000000e+00   0.000000e+00   0.000000e+00
1     5.599950e+01   8.790953e-01   4.766461e-01   0.000000e+00  -2.994856e+00   5.523518e+00   0.000000e+00
0     5.609990e+01   0.000000e+00   0.000000e+00   0.000000e+00   0.000000e+00   0.000000e+00   0.000000e+00
1     5.609990e+01   4.287699e-01   9.034137e-01   0.000000e+00  -5.676316e+00   2.694041e+00   0.000000e+00
0     5.619965e+01   0.000000e+00   0.000000e+00   0.000000e+00   0.000000e+00   0.000000e+00   0.000000e+00
1     5.619965e+01  -1.826247e-01   9.831827e-01   0.000000e+00  -6.177519e+00  -1.147465e+00   0.000000e+00
0     5.629941e+01   0.000000e+00   0.000000e+00   0.000000e+00   0.000000e+00   0.000000e+00   0.000000e+00
1     5.629941e+01  -7.245916e-01   6.891785e-01   0.000000e+00  -4.330236e+00  -4.552743e+00   0.000000e+00
0     5.639981e+01   0.000000e+00   0.000000e+00   0.000000e+00   0.000000e+00   0.000000e+00   0.000000e+00
1     5.639981e+01  -9.916234e-01   1.291628e-01   0.000000e+00  -8.115541e-01  -6.230554e+00   0.000000e+00
0     5.649956e+01   0.000000e+00   0.000000e+00   0.000000e+00   0.000000e+00   0.000000e+00   0.000000e+00
1     5.649956e+01  -8.788922e-01  -4.770205e-01   0.000000e+00   2.997208e+00  -5.522242e+00   0.000000e+00
0     5.659996e+01   0.000000e+00   0.000000e+00   0.000000e+00   0.000000e+00   0.000000e+00   0.000000e+00
1     5.659996e+01  -4.283851e-01  -9.035963e-01   0.000000e+00   5.677463e+00  -2.691623e+00   0.000000e+00
0     5.669972e+01   0.000000e+00   0.000000e+00   0.000000e+00   0.000000e+00   0.000000e+00   0.000000e+00
1     5.669972e+01   1.830435e-01  -9.831048e-01   0.000000e+00   6.177030e+00   1.150096e+00   0.000000e+00
0     5.679948e+01   0.000000e+00   0.000000e+00   0.000000e+00   0.000000e+00   0.000000e+00   0.000000e+00
1     5.679948e+01   7.248851e-01  -6.888698e-01   0.000000e+00   4.328297e+00   4.554587e+00   0.000000e+00
0     5.689988e+01   0.000000e+00   0.000000e+00   0.000000e+00   0.000000e+00   0.000000e+00   0.000000e+00
1     5.689988e+01   9.916783e-01  -1.287405e-01   0.000000e+00   8.089003e-01   6.230899e+00   0.000000e+00
0     5.699963e+01   0.000000e+00   0.000000e+00   0.000000e+00   0.000000e+00   0.000000e+00   0.000000e+00
1     5.699963e+01   8.786889e-01   4.773948e-01   0.000000e+00  -2.999560e+00   5.520965e+00   0.000000e+00
0     5.709939e+01   0.000000e+00   0.000000e+00   0.000000e+00   0.000000e+00   0.000000e+00   0.000000e+00
1     5.709939e+01   4.316514e-01   9.020405e-01   0.000000e+00  -5.667688e+00   2.712146e+00   0.000000e+00
0     5.719979e+01   0.000000e+00   0.000000e+00   0.000000e+00   0.000000e+00   0.000000e+00   0.000000e+00
1     5.719979e+01  -1.834622e-01   9.830268e-01   0.000000e+00  -6.176539e+00  -1.152727e+00   0.000000e+00
0     5.729954e+01   0.000000e+00   0.000000e+00   0.000000e+00   0.000000e+00   0.000000e+00   0.000000e+00
1     5.729954e+01  -7.251784e-01   6.885610e-01   0.000000e+00  -4.326356e+00  -4.556430e+00   0.000000e+00
0     5.739994e+01   0.000000e+00   0.000000e+00   0.000000e+00   0.000000e+00   0.000000e+00   0.000000e+00
1     5.739994e+01  -9.917331e-01   1.283181e-01   0.000000e+00  -8.062464e-01  -6.231243e+00   0.000000e+00
0     5.749970e+01   0.000000e+00   0.000000e+00   0.000000e+00   0.000000e+00   0.000000e+00   0.000000e+00
1     5.749970e+01  -8.784855e-01  -4.777690e-01   0.000000e+00   3.001911e+00  -5.519687e+00   0.000000e+00
0     5.759946e+01   0.000000e+00   0.000000e+00   0.000000e+00   0.000000e+00   0.000000e+00   0.000000e+00
1     5.759946e+01  -4.312672e-01  -9.022243e-01   0.000000e+00   5.668842e+00  -2.709732e+00   0.000000e+00
0     5.769986e+01   0.000000e+00   0.000000e+00   0.000000e+00   0.000000e+00   0.000000e+00   0.000000e+00
1     5.769986e+01   1.838809e-01  -9.829485e-01   0.000000e+00   6.176048e+00   1.155358e+00   0.000000e+00
0     5.779961e+01   0.000000e+00   0.000000e+00   0.000000e+00   0.000000e+00   0.000000e+00   0.000000e+00
1     5.779961e+01   7.254716e-01  -6.882521e-01   0.000000e+00   4.324415e+00   4.558273e+00   0.000000e+00
0     5.789937e+01   0.000000e+00   0.000000e+00   0.000000e+00   0.000000e+00   0.000000e+00   0.000000e+00
1     5.789937e+01   9.912623e-01  -1.319052e-01   0.000000e+00   8.287848e-01   6.228285e+00   0.000000e+00
0     5.799977e+01   0.000000e+00   0.000000e+00   0.000000e+00   0.000000e+00   0.000000e+00   0.000000e+00
1     5.799977e+01   8.782819e-01   4.781431e-01   0.000000e+00  -3.004262e+00   5.518408e+00   0.000000e+00
0     5.809952e+01   0.000000e+00   0.000000e+00   0.000000e+00   0.000000e+00   0.000000e+00   0.000000e+00
1     5.809952e+01   4.308829e-01   9.024079e-01   0.000000e+00  -5.669996e+00   2.707317e+00   0.000000e+00
0     5.819992e+01   0.000000e+00   0.000000e+00   0.000000e+00   0.000000e+00   0.000000e+00   0.000000e+00
1     5.819992e+01  -1.842995e-01   9.828701e-01   0.000000e+00  -6.175555e+00  -1.157988e+00   0.000000e+00
0     5.829968e+01   0.000000e+00   0.000000e+00   0.000000e+00   0.000000e+00   0.000000e+00   0.000000e+00
1     5.829968e+01  -7.257647e-01   6.879430e-01   0.000000e+00  -4.322474e+00  -4.560114e+00   0.000000e+00
0     5.839944e+01   0.000000e+00   0.000000e+00   0.000000e+00   0.000000e+00   0.000000e+00   0.000000e+00
1     5.839944e+01  -9.913184e-01   1.314830e-01   0.000000e+00  -8.261320e-01  -6.228637e+00   0.000000e+00
0     5.849984e+01   0.000000e+00   0.000000e+00   0.000000e+00   0.000000e+00   0.000000e+00   0.000000e+00
1     5.849984e+01  -8.780782e-01  -4.785171e-01   0.000000e+00   3.006612e+00  -5.517128e+00   0.000000e+00
0     5.859959e+01   0.000000e+00   0.000000e+00   0.000000e+00   0.000000e+00   0.000000e+00   0.000000e+00
1     5.859959e+01  -4.304985e-01  -9.025913e-01   0.000000e+00   5.671148e+00  -2.704902e+00   0.000000e+00
0     5.869999e+01   0.000000e+00   0.000000e+00   0.000000e+00   0.000000e+00   0.000000e+00   0.000000e+00
1     5.869999e+01   1.847181e-01  -9.827915e-01   0.000000e+00   6.175061e+00   1.160618e+00   0.000000e+00
0     5.879975e+01   0.000000e+00   0.000000e+00   0.000000e+00   0.000000e+00   0.000000e+00   0.000000e+00
1     5.879975e+01   7.260576e-01  -6.876338e-01   0.000000e+00   4.320531e+00   4.561955e+00   0.000000e+00
0     5.889950e+01   0.000000e+00   0.000000e+00   0.000000e+00   0.000000e+00   0.000000e+00   0.000000e+00
1     5.889950e+01   9.913743e-01  -1.310608e-01   0.000000e+00   8.234791e-01   6.228989e+00   0.000000e+00
0     5.899990e+01   0.000000e+00   0.000000e+00   0.000000e+00   0.000000e+00   0.000000e+00   0.000000e+00
1     5.899990e+01   8.778743e-01   4.788911e-01   0.000000e+00  -3.008961e+00   5.515847e+00   0.000000e+00
0     5.909966e+01   0.000000e+00   0.000000e+00   0.000000e+00   0.000000e+00   0.000000e+00   0.000000e+00
1     5.909966e+01   4.301140e-01   9.027746e-01   0.000000e+00  -5.672300e+00   2.702486e+00   0.000000e+00
0     5.919942e+01   0.000000e+00   0.000000e+00   0.000000e+00   0.000000e+00   0.000000e+00   0.000000e+00
1     5.919942e+01  -1.811613e-01   9.834534e-01   0.000000e+00  -6.179220e+00  -1.138270e+00   0.000000e+00
0     5.929982e+01   0.000000e+00   0.000000e+00   0.000000e+00   0.000000e+00   0.000000e+00   0.000000e+00
1     5.929982e+01  -7.263504e-01   6.873245e-01   0.000000e+00  -4.318587e+00  -4.563794e+00   0.000000e+00
0     5.939957e+01   0.000000e+00   0.000000e+00   0.000000e+00   0.000000e+00   0.000000e+00   0.000000e+00
1     5.939957e+01  -9.914301e-01   1.306385e-01   0.000000e+00  -8.208260e-01  -6.229339e+00   0.000000e+00
0     5.949997e+01   0.000000e+00   0.000000e+00   0.000000e+00   0.000000e+00   0.000000e+00   0.000000e+00
1     5.949997e+01  -8.776703e-01  -4.792649e-01   0.000000e+00   3.011310e+00  -5.514565e+00   0.000000e+00
0     5.959973e+01   0.000000e+00   0.000000e+00   0.000000e+00   0.000000e+00   0.000000e+00   0.000000e+00
1     5.959973e+01  -4.297294e-01  -9.029577e-01   0.000000e+00   5.673451e+00  -2.700070e+00   0.000000e+00
0     5.969948e+01   0.000000e+00   0.000000e+00   0.000000e+00   0.000000e+00   0.000000e+00   0.000000e+00
1     5.969948e+01   1.815802e-01  -9.833761e-01   0.000000e+00   6.178735e+00   1.140902e+00   0.000000e+00
0     5.979988e+01   0.000000e+00   0.000000e+00   0.000000e+00   0.000000e+00   0.000000e+00   0.000000e+00
1     5.979988e+01   7.266431e-01  -6.870151e-01   0.000000e+00   4.316643e+00   4.565633e+00   0.000000e+00
0     5.989964e+01   0.000000e+00   0.000000e+00   0.000000e+00   0.000000e+00   0.000000e+00   0.000000e+00
1     5.989964e+01   9.914856e-01  -1.302162e-01   0.000000e+00   8.181727e-01   6.229688e+00   0.000000e+00
0     5.999940e+01   0.000000e+00   0.000000e+00   0.000000e+00   0.000000e+00   0.000000e+00   0.000000e+00
1     5.999940e+01   8.793984e-01   4.760865e-01   0.000000e+00  -2.991340e+00   5.525423e+00   0.000000e+00
0     6.009979e+01   0.000000e+00   0.000000e+00   0.000000e+00   0.000000e+00   0.000000e+00   0.000000e+00
1     6.009979e+01   4.293448e-01   9.031406e-01   0.000000e+00  -5.674600e+00   2.697653e+00   0.000000e+00
0     6.019955e+01   0.000000e+00   0.000000e+00   0.000000e+00   0.000000e+00   0.000000e+00   0.000000e+00
1     6.019955e+01  -1.819990e-01   9.832987e-01   0.000000e+00  -6.178248e+00  -1.143533e+00   0.000000e+00
0     6.029995e+01   0.000000e+00   0.000000e+00   0.000000e+00   0.000000e+00   0.000000e+00   0.000000e+00
1     6.029995e+01  -7.269357e-01   6.867056e-01   0.000000e+00  -4.314698e+00  -4.567472e+00   0.000000e+00
0     6.039971e+01   0.000000e+00   0.000000e+00   0.000000e+00   0.000000e+00   0.000000e+00   0.000000e+00
1     6.039971e+01  -9.915410e-01   1.297939e-01   0.000000e+00  -8.155193e-01  -6.230036e+00   0.000000e+00
0     6.049946e+01   0.000000e+00   0.000000e+00   0.000000e+00   0.000000e+00   0.000000e+00   0.000000e+00
1     6.049946e+01  -8.791956e-01  -4.764610e-01   0.000000e+00   2.993693e+00  -5.524149e+00   0.000000e+00
0     6.059986e+01   0.000000e+00   0.000000e+00   0.000000e+00   0.000000e+00   0.000000e+00   0.000000e+00
1     6.059986e+01  -4.289601e-01  -9.033234e-01   0.000000e+00   5.675749e+00  -2.695236e+00   0.000000e+00
0     6.069962e+01   0.000000e+00   0.000000e+00   0.000000e+00   0.000000e+00   0.000000e+00   0.000000e+00
1     6.069962e+01   1.824178e-01  -9.832211e-01   0.000000e+00   6.177760e+00   1.146165e+00   0.000000e+00
0     6.079937e+01   0.000000e+00   0.000000e+00   0.000000e+00   0.000000e+00   0.000000e+00   0.000000e+00
1     6.079937e+01   7.244465e-01  -6.893310e-01   0.000000e+00   4.331195e+00   4.551832e+00   0.000000e+00
0     6.089977e+01   0.000000e+00   0.000000e+00   0.000000e+00   0.000000e+00   0.000000e+00   0.000000e+00
1     6.089977e+01   9.915962e-01  -1.293716e-01   0.000000e+00   8.128657e-01   6.230383e+00   0.000000e+00
0     6.099953e+01   0.000000e+00   0.000000e+00   0.000000e+00   0.000000e+00   0.000000e+00   0.000000e+00
1     6.099953e+01   8.789926e-01   4.768354e-01   0.000000e+00  -2.996045e+00   5.522873e+00   0.000000e+00
0     6.109993e+01   0.000000e+00   0.000000e+00   0.000000e+00   0.000000e+00   0.000000e+00   0.000000e+00
1     6.109993e+01   4.285753e-01   9.035061e-01   0.000000e+00  -5.676896e+00   2.692818e+00   0.000000e+00
0     6.119969e+01   0.000000e+00   0.000000e+00   0.000000e+00   0.000000e+00   0.000000e+00   0.000000e+00
1     6.119969e+01  -1.828365e-01   9.831433e-01   0.000000e+00  -6.177272e+00  -1.148796e+00   0.000000e+00
0     6.129944e+01   0.000000e+00   0.000000e+00   0.000000e+00   0.000000e+00   0.000000e+00   0.000000e+00
1     6.129944e+01  -7.247400e-01   6.890224e-01   0.000000e+00  -4.329255e+00  -4.553676e+00   0.000000e+00
0     6.139984e+01   0.000000e+00   0.000000e+00   0.000000e+00   0.000000e+00   0.000000e+00   0.000000e+00
1     6.139984e+01  -9.916512e-01   1.289492e-01   0.000000e+00  -8.102120e-01  -6.230728e+00   0.000000e+00
0     6.149960e+01   0.000000e+00   0.000000e+00   0.000000e+00   0.000000e+00   0.000000e+00   0.000000e+00
1     6.149960e+01  -8.787894e-01  -4.772098e-01   0.000000e+00   2.998398e+00  -5.521597e+00   0.000000e+00
0     6.160000e+01   0.000000e+00   0.000000e+00   0.000000e+00   0.000000e+00   0.000000e+00   0.000000e+00
1     6.160000e+01  -4.281905e-01  -9.036885e-01   0.000000e+00   5.678042e+00  -2.690400e+00   0.000000e+00
0     6.169975e+01   0.000000e+00   0.000000e+00   0.000000e+00   0.000000e+00   0.000000e+00   0.000000e+00
1     6.169975e+01   1.832552e-01  -9.830654e-01   0.000000e+00   6.176782e+00   1.151427e+00   0.000000e+00
0     6.179951e+01   0.000000e+00   0.000000e+00   0.000000e+00   0.000000e+00   0.000000e+00   0.000000e+00
1     6.179951e+01   7.250334e-01  -6.887137e-01   0.000000e+00   4.327316e+00   4.555520e+00   0.000000e+00
0     6.189991e+01   0.000000e+00   0.000000e+00   0.000000e+00   0.000000e+00   0.000000e+00   0.000000e+00
1     6.189991e+01   9.917060e-01  -1.285269e-01   0.000000e+00   8.075581e-01   6.231073e+00   0.000000e+00
0     6.199967e+01   0.000000e+00   0.000000e+00   0.000000e+00   0.000000e+00   0.000000e+00   0.000000e+00
1     6.199967e+01   8.785861e-01   4.775840e-01   0.000000e+00  -3.000749e+00   5.520319e+00   0.000000e+00
0     6.209942e+01   0.000000e+00   0.000000e+00   0.000000e+00   0.000000e+00   0.000000e+00   0.000000e+00
1     6.209942e+01   4.314571e-01   9.021335e-01   0.000000e+00  -5.668272e+00   2.710925e+00   0.000000e+00
0     6.219982e+01   0.000000e+00   0.000000e+00   0.000000e+00   0.000000e+00   0.000000e+00   0.000000e+00
1     6.219982e+01  -1.836739e-01   9.829872e-01   0.000000e+00  -6.176291e+00  -1.154057e+00   0.000000e+00
0     6.229958e+01   0.000000e+00   0.000000e+00   0.000000e+00   0.000000e+00   0.000000e+00   0.000000e+00
1     6.229958e+01  -7.253267e-01   6.884048e-01   0.000000e+00  -4.325375e+00  -4.557362e+00   0.000000e+00
0     6.239998e+01   0.000000e+00   0.000000e+00   0.000000e+00   0.000000e+00   0.000000e+00   0.000000e+00
1     6.239998e+01  -9.917607e-01   1.281045e-01   0.000000e+00  -8.049041e-01  -6.231416e+00   0.000000e+00
0     6.249973e+01   0.000000e+00   0.000000e+00   0.000000e+00   0.000000e+00   0.000000e+00   0.000000e+00
1     6.249973e+01  -8.783826e-01  -4.779582e-01   0.000000e+00   3.003100e+00  -5.519041e+00   0.000000e+00
0     6.259949e+01   0.000000e+00   0.000000e+00   0.000000e+00   0.000000e+00   0.000000e+00   0.000000e+00
1     6.259949e+01  -4.310728e-01  -9.023171e-01   0.000000e+00   5.669426e+00  -2.708510e+00   0.000000e+00
0     6.269989e+01   0.000000e+00   0.000000e+00   0.000000e+00   0.000000e+00   0.000000e+00   0.000000e+00
1     6.269989e+01   1.840926e-01  -9.829089e-01   0.000000e+00   6.175799e+00   1.156688e+00   0.000000e+00
0     6.279965e+01   0.000000e+00   0.000000e+00   0.000000e+00   0.000000e+00   0.000000e+00   0.000000e+00
1     6.279965e+01   7.256199e-01  -6.880958e-01   0.000000e+00   4.323433e+00   4.559204e+00   0.000000e+00
0     6.289940e+01   0.000000e+00   0.000000e+00   0.000000e+00   0.000000e+00   0.000000e+00   0.000000e+00
1     6.289940e+01   9.912907e-01  -1.316917e-01   0.000000e+00   8.274432e-01   6.228463e+00   0.000000e+00
0     6.299980e+01   0.000000e+00   0.000000e+00   0.000000e+00   0.000000e+00   0.000000e+00   0.000000e+00
1     6.299980e+01   8.781789e-01   4.783323e-01   0.000000e+00  -3.005450e+00   5.517761e+00   0.000000e+00
0     6.309956e+01   0.000000e+00   0.000000e+00   0.000000e+00   0.000000e+00   0.000000e+00   0.000000e+00
1     6.309956e+01   4.306885e-01   9.025007e-01   0.000000e+00  -5.670579e+00   2.706095e+00   0.000000e+00
0     6.319996e+01   0.000000e+00   0.000000e+00   0.000000e+00   0.000000e+00   0.000000e+00   0.000000e+00
1     6.319996e+01  -1.845112e-01   9.828304e-01   0.000000e+00  -6.175306e+00  -1.159318e+00   0.000000e+00
0     6.329971e+01   0.000000e+00   0.000000e+00   0.000000e+00   0.000000e+00   0.000000e+00   0.000000e+00
1     6.329971e+01  -7.259129e-01   6.877867e-01   0.000000e+00  -4.321491e+00  -4.561045e+00   0.000000e+00
0     6.339947e+01   0.000000e+00   0.000000e+00   0.000000e+00   0.000000e+00   0.000000e+00   0.000000e+00
1     6.339947e+01  -9.913467e-01   1.312695e-01   0.000000e+00  -8.247903e-01  -6.228815e+00   0.000000e+00
0     6.349987e+01   0.000000e+00   0.000000e+00   0.000000e+00   0.000000e+00   0.000000e+00   0.000000e+00
1     6.349987e+01  -8.779751e-01  -4.787063e-01   0.000000e+00   3.007800e+00  -5.516480e+00   0.000000e+00
0     6.359963e+01   0.000000e+00   0.000000e+00   0.000000e+00   0.000000e+00   0.000000e+00   0.000000e+00
1     6.359963e+01  -4.303040e-01  -9.026840e-01   0.000000e+00   5.671731e+00  -2.703680e+00   0.000000e+00
0     6.369938e+01   0.000000e+00   0.000000e+00   0.000000e+00   0.000000e+00   0.000000e+00   0.000000e+00
1     6.369938e+01   1.809543e-01  -9.834915e-01   0.000000e+00   6.179459e+00   1.136969e+00   0.000000e+00
0     6.379978e+01   0.000000e+00   0.000000e+00   0.000000e+00   0.000000e+00   0.000000e+00   0.000000e+00
1     6.379978e+01   7.262057e-01  -6.874774e-01   0.000000e+00   4.319548e+00   4.562885e+00   0.000000e+00
0     6.389954e+01   0.000000e+00   0.000000e+00   0.000000e+00   0.000000e+00   0.000000e+00   0.000000e+00
1     6.389954e+01   9.914025e-01  -1.308472e-01   0.000000e+00   8.221373e-01   6.229166e+00   0.000000e+00
0     6.399994e+01   0.000000e+00   0.000000e+00   0.000000e+00   0.000000e+00   0.000000e+00   0.000000e+00
1     6.399994e+01   8.777711e-01   4.790802e-01   0.000000e+00  -3.010149e+00   5.515199e+00   0.000000e+00
0     6.409969e+01   0.000000e+00   0.000000e+00   0.000000e+00   0.000000e+00   0.000000e+00   0.000000e+00
1     6.409969e+01   4.299195e-01   9.028672e-01   0.000000e+00  -5.672882e+00   2.701264e+00   0.000000e+00
0     6.419945e+01   0.000000e+00   0.000000e+00   0.000000e+00   0.000000e+00   0.000000e+00   0.000000e+00
1     6.419945e+01  -1.813731e-01   9.834143e-01   0.000000e+00  -6.178975e+00  -1.139601e+00   0.000000e+00
0     6.429985e+01   0.000000e+00   0.000000e+00   0.000000e+00   0.000000e+00   0.000000e+00   0.000000e+00
1     6.429985e+01  -7.264985e-01   6.871681e-01   0.000000e+00  -4.317604e+00  -4.564725e+00   0.000000e+00
0     6.439961e+01   0.000000e+00   0.000000e+00   0.000000e+00   0.000000e+00   0.000000e+00   0.000000e+00
1     6.439961e+01  -9.914582e-01   1.304249e-01   0.000000e+00  -8.194841e-01  -6.229516e+00   0.000000e+00
0     6.449936e+01   0.000000e+00   0.000000e+00   0.000000e+00   0.000000e+00   0.000000e+00   0.000000e+00
1     6.449936e+01  -8.794986e-01  -4.759014e-01   0.000000e+00   2.990177e+00  -5.526053e+00   0.000000e+00
0     6.459976e+01   0.000000e+00   0.000000e+00   0.000000e+00   0.000000e+00   0.000000e+00   0.000000e+00
1     6.459976e+01  -4.295349e-01  -9.030502e-01   0.000000e+00   5.674032e+00  -2.698848e+00   0.000000e+00
0     6.469952e+01   0.000000e+00   0.000000e+00   0.000000e+00   0.000000e+00   0.000000e+00   0.000000e+00
1     6.469952e+01   1.817920e-01  -9.833370e-01   0.000000e+00   6.178489e+00   1.142233e+00   0.000000e+00
0     6.479992e+01   0.000000e+00   0.000000e+00   0.000000e+00   0.000000e+00   0.000000e+00   0.000000e+00
1     6.479992e+01   7.267911e-01  -6.868586e-01   0.000000e+00   4.315660e+00   4.566563e+00   0.000000e+00
0     6.489967e+01   0.000000e+00   0.000000e+00   0.000000e+00   0.000000e+00   0.000000e+00   0.000000e+00
1     6.489967e+01   9.915136e-01  -1.300026e-01   0.000000e+00   8.168307e-01   6.229864e+00   0.000000e+00
0     6.499943e+01   0.000000e+00   0.000000e+00   0.000000e+00   0.000000e+00   0.000000e+00   0.000000e+00
1     6.499943e+01   8.792959e-01   4.762759e-01   0.000000e+00  -2.992530e+00   5.524779e+00   0.000000e+00
0     6.509983e+01   0.000000e+00   0.000000e+00   0.000000e+00   0.000000e+00   0.000000e+00   0.000000e+00
1     6.509983e+01   4.291503e-01   9.032331e-01   0.000000e+00  -5.675181e+00   2.696431e+00   0.000000e+00
0     6.519959e+01   0.000000e+00   0.000000e+00   0.000000e+00   0.000000e+00   0.000000e+00   0.000000e+00
1     6.519959e+01  -1.822108e-01   9.832595e-01   0.000000e+00  -6.178002e+00  -1.144864e+00   0.000000e+00
0     6.529998e+01   0.000000e+00   0.000000e+00   0.000000e+00   0.000000e+00   0.000000e+00   0.000000e+00
1     6.529998e+01  -7.270836e-01   6.865490e-01   0.000000e+00  -4.313714e+00  -4.568401e+00   0.000000e+00
0     6.539974e+01   0.000000e+00   0.000000e+00   0.000000e+00   0.000000e+00   0.000000e+00   0.000000e+00
1     6.539974e+01  -9.915689e-01   1.295803e-01   0.000000e+00  -8.141772e-01  -6.230211e+00   0.000000e+00
0     6.549950e+01   0.000000e+00   0.000000e+00   0.000000e+00   0.000000e+00   0.000000e+00   0.000000e+00
1     6.549950e+01  -8.790929e-01  -4.766504e-01   0.000000e+00   2.994883e+00  -5.523504e+00   0.000000e+00
0     6.559990e+01   0.000000e+00   0.000000e+00   0.000000e+00   0.000000e+00   0.000000e+00   0.000000e+00
1     6.559990e+01  -4.287655e-01  -9.034158e-01   0.000000e+00   5.676329e+00  -2.694013e+00   0.000000e+00
0     6.569965e+01   0.000000e+00   0.000000e+00   0.000000e+00   0.000000e+00   0.000000e+00   0.000000e+00
1     6.569965e+01   1.826296e-01  -9.831818e-01   0.000000e+00   6.177513e+00   1.147495e+00   0.000000e+00
0     6.579941e+01   0.000000e+00   0.000000e+00   0.000000e+00   0.000000e+00   0.000000e+00   0.000000e+00
1     6.579941e+01   7.245950e-01  -6.891749e-01   0.000000e+00   4.330214e+00   4.552765e+00   0.000000e+00
0     6.589981e+01   0.000000e+00   0.000000e+00   0.000000e+00   0.000000e+00   0.000000e+00   0.000000e+00
1     6.589981e+01   9.916240e-01  -1.291580e-01   0.000000e+00   8.115235e-01   6.230558e+00   0.000000e+00
