# id: Particle id
# t: time in code units
# a: semi-major axis in code units
# e: eccentricity 
# i: inclination in rad [0, pi]
# Omega: longitude of ascending node in rad [0, 2pi]
# omega: argument of pericentre in rad [0, 2pi]
# f: true anomaly in rad [0, 2pi]
# P: period in code units
# E: eccentric anomaly in rad [0, 2pi]
# M: mean anomaly in rad [0, 2pi]
#id   t              a              e              i              Omega          omega          f              P              E              M           
1     0.000000e+00   1.000000e+00   7.773294e-16   0.000000e+00   0.000000e+00   0.000000e+00   5.000000e-01   9.999983e-01   5.000000e-01   5.000000e-01
1     9.957533e-02   1.000003e+00   3.259462e-06   0.000000e+00   0.000000e+00   4.904914e-01   6.351596e-01   1.000005e+00   6.351577e-01   6.351557e-01
1     1.996179e-01   1.000003e+00   3.136580e-06   0.000000e+00   0.000000e+00   4.297659e-01   1.324470e+00   1.000004e+00   1.324467e+00   1.324464e+00
1     2.996441e-01   1.000003e+00   3.185202e-06   0.000000e+00   0.000000e+00   3.168312e-01   2.065885e+00   1.000004e+00   2.065883e+00   2.065880e+00
1     3.996678e-01   1.000002e+00   3.529421e-06   0.000000e+00   0.000000e+00   2.279637e-01   2.783215e+00   1.000003e+00   2.783214e+00   2.783213e+00
1     4.996939e-01   1.000002e+00   4.034778e-06   0.000000e+00   0.000000e+00   2.219830e-01   3.417672e+00   1.000002e+00   3.417673e+00   3.417674e+00
1     5.997193e-01   1.000001e+00   4.467407e-06   0.000000e+00   0.000000e+00   2.843055e-01   3.983823e+00   1.000001e+00   3.983826e+00   3.983830e+00
1     6.997399e-01   1.000001e+00   4.677796e-06   0.000000e+00   0.000000e+00   3.735622e-01   4.523011e+00   9.999997e-01   4.523016e+00   4.523021e+00
1     7.997536e-01   1.000000e+00   4.656525e-06   0.000000e+00   0.000000e+00   4.519465e-01   5.073033e+00   9.999990e-01   5.073037e+00   5.073041e+00
1     8.997612e-01   1.000000e+00   4.521053e-06   0.000000e+00   0.000000e+00   4.947358e-01   5.658614e+00   9.999985e-01   5.658616e+00   5.658619e+00
1     9.997651e-01   1.000000e+00   4.441689e-06   0.000000e+00   0.000000e+00   5.034406e-01   6.278258e+00   9.999983e-01   6.278258e+00   6.278259e+00
1     1.099767e+00   1.000000e+00   4.434812e-06   0.000000e+00   0.000000e+00   5.039032e-01   6.229491e-01   9.999983e-01   6.229465e-01   6.229439e-01
1     1.199767e+00   1.000000e+00   4.427028e-06   0.000000e+00   0.000000e+00   5.030747e-01   1.252096e+00   9.999983e-01   1.252092e+00   1.252088e+00
1     1.299763e+00   1.000000e+00   4.423111e-06   0.000000e+00   0.000000e+00   5.010298e-01   1.882437e+00   9.999983e-01   1.882433e+00   1.882429e+00
1     1.399755e+00   1.000000e+00   4.426304e-06   0.000000e+00   0.000000e+00   4.986834e-01   2.513051e+00   9.999983e-01   2.513049e+00   2.513046e+00
1     1.499743e+00   9.999999e-01   4.436306e-06   0.000000e+00   0.000000e+00   4.972585e-01   3.142713e+00   9.999983e-01   3.142713e+00   3.142713e+00
1     1.599727e+00   9.999999e-01   4.448877e-06   0.000000e+00   0.000000e+00   4.976146e-01   3.770570e+00   9.999982e-01   3.770573e+00   3.770575e+00
1     1.699706e+00   9.999999e-01   4.458212e-06   0.000000e+00   0.000000e+00   4.997335e-01   4.396638e+00   9.999982e-01   4.396642e+00   4.396647e+00
1     1.799683e+00   9.999999e-01   4.460089e-06   0.000000e+00   0.000000e+00   5.027247e-01   5.021822e+00   9.999982e-01   5.021826e+00   5.021830e+00
1     1.899663e+00   9.999999e-01   4.453900e-06   0.000000e+00   0.000000e+00   5.053643e-01   5.647379e+00   9.999982e-01   5.647381e+00   5.647384e+00
1     1.999646e+00   9.999999e-01   4.442447e-06   0.000000e+00   0.000000e+00   5.067130e-01   6.274245e+00   9.999982e-01   6.274246e+00   6.274246e+00
1     2.099628e+00   9.999999e-01   4.429828e-06   0.000000e+00   0.000000e+00   5.063859e-01   6.196052e-01   9.999981e-01   6.196026e-01   6.196000e-01
1     2.199610e+00   9.999999e-01   4.420224e-06   0.000000e+00   0.000000e+00   5.043956e-01   1.249805e+00   9.999981e-01   1.249801e+00   1.249797e+00
1     2.299591e+00   9.999998e-01   4.417316e-06   0.000000e+00   0.000000e+00   5.013681e-01   1.881033e+00   9.999981e-01   1.881029e+00   1.881025e+00
1     2.399572e+00   9.999998e-01   4.423210e-06   0.000000e+00   0.000000e+00   4.983535e-01   2.512242e+00   9.999981e-01   2.512240e+00   2.512237e+00
1     2.499553e+00   9.999998e-01   4.436606e-06   0.000000e+00   0.000000e+00   4.966316e-01   3.142158e+00   9.999980e-01   3.142158e+00   3.142158e+00
1     2.599534e+00   9.999998e-01   4.452403e-06   0.000000e+00   0.000000e+00   4.970527e-01   3.769932e+00   9.999980e-01   3.769934e+00   3.769937e+00
1     2.699515e+00   9.999998e-01   4.464124e-06   0.000000e+00   0.000000e+00   4.994989e-01   4.395683e+00   9.999980e-01   4.395687e+00   4.395692e+00
1     2.799496e+00   9.999998e-01   4.466937e-06   0.000000e+00   0.000000e+00   5.030089e-01   5.020371e+00   9.999980e-01   5.020376e+00   5.020380e+00
1     2.899476e+00   9.999997e-01   4.460101e-06   0.000000e+00   0.000000e+00   5.060972e-01   5.645481e+00   9.999980e-01   5.645484e+00   5.645487e+00
1     2.999456e+00   9.999997e-01   4.446768e-06   0.000000e+00   0.000000e+00   5.076640e-01   6.272113e+00   9.999979e-01   6.272114e+00   6.272114e+00
1     3.099435e+00   9.999997e-01   4.432214e-06   0.000000e+00   0.000000e+00   5.072676e-01   6.175213e-01   9.999979e-01   6.175187e-01   6.175162e-01
1     3.199415e+00   9.999997e-01   4.421504e-06   0.000000e+00   0.000000e+00   5.051910e-01   1.247796e+00   9.999979e-01   1.247791e+00   1.247787e+00
1     3.299395e+00   9.999997e-01   4.417811e-06   0.000000e+00   0.000000e+00   5.022351e-01   1.878946e+00   9.999979e-01   1.878942e+00   1.878938e+00
1     3.399374e+00   9.999997e-01   4.421947e-06   0.000000e+00   0.000000e+00   4.993892e-01   2.509978e+00   9.999979e-01   2.509975e+00   2.509973e+00
1     3.499355e+00   9.999997e-01   4.432282e-06   0.000000e+00   0.000000e+00   4.975711e-01   3.139986e+00   9.999978e-01   3.139986e+00   3.139986e+00
1     3.599336e+00   9.999997e-01   4.445484e-06   0.000000e+00   0.000000e+00   4.973997e-01   3.768354e+00   9.999978e-01   3.768356e+00   3.768359e+00
1     3.699315e+00   9.999996e-01   4.456853e-06   0.000000e+00   0.000000e+00   4.990082e-01   4.394934e+00   9.999978e-01   4.394938e+00   4.394942e+00
1     3.799293e+00   9.999996e-01   4.461744e-06   0.000000e+00   0.000000e+00   5.018646e-01   5.020256e+00   9.999978e-01   5.020260e+00   5.020264e+00
1     3.899271e+00   9.999996e-01   4.457796e-06   0.000000e+00   0.000000e+00   5.048347e-01   5.645469e+00   9.999978e-01   5.645472e+00   5.645474e+00
1     3.999250e+00   9.999996e-01   4.446561e-06   0.000000e+00   0.000000e+00   5.066850e-01   6.271814e+00   9.999977e-01   6.271814e+00   6.271814e+00
1     4.099231e+00   9.999996e-01   4.432656e-06   0.000000e+00   0.000000e+00   5.066859e-01   6.168329e-01   9.999977e-01   6.168303e-01   6.168278e-01
1     4.199212e+00   9.999996e-01   4.421444e-06   0.000000e+00   0.000000e+00   5.049032e-01   1.246824e+00   9.999977e-01   1.246820e+00   1.246815e+00
1     4.299193e+00   9.999996e-01   4.416689e-06   0.000000e+00   0.000000e+00   5.020264e-01   1.877896e+00   9.999977e-01   1.877891e+00   1.877887e+00
1     4.399170e+00   9.999995e-01   4.420129e-06   0.000000e+00   0.000000e+00   4.990311e-01   2.509068e+00   9.999977e-01   2.509066e+00   2.509063e+00
1     4.499147e+00   9.999995e-01   4.430668e-06   0.000000e+00   0.000000e+00   4.970743e-01   3.139194e+00   9.999976e-01   3.139194e+00   3.139194e+00
1     4.599124e+00   9.999995e-01   4.444206e-06   0.000000e+00   0.000000e+00   4.969100e-01   3.767528e+00   9.999976e-01   3.767531e+00   3.767534e+00
1     4.699103e+00   9.999995e-01   4.455604e-06   0.000000e+00   0.000000e+00   4.985952e-01   4.394027e+00   9.999976e-01   4.394032e+00   4.394036e+00
1     4.799084e+00   9.999995e-01   4.460411e-06   0.000000e+00   0.000000e+00   5.014822e-01   5.019338e+00   9.999976e-01   5.019342e+00   5.019347e+00
1     4.899065e+00   9.999995e-01   4.456689e-06   0.000000e+00   0.000000e+00   5.044561e-01   5.644568e+00   9.999976e-01   5.644570e+00   5.644573e+00
1     4.999045e+00   9.999995e-01   4.445787e-06   0.000000e+00   0.000000e+00   5.063535e-01   6.270870e+00   9.999975e-01   6.270870e+00   6.270870e+00
1     5.099023e+00   9.999995e-01   4.431982e-06   0.000000e+00   0.000000e+00   5.064195e-01   6.158111e-01   9.999975e-01   6.158085e-01   6.158059e-01
1     5.199001e+00   9.999994e-01   4.420605e-06   0.000000e+00   0.000000e+00   5.046300e-01   1.245785e+00   9.999975e-01   1.245781e+00   1.245777e+00
1     5.298979e+00   9.999994e-01   4.415995e-06   0.000000e+00   0.000000e+00   5.016551e-01   1.876940e+00   9.999975e-01   1.876936e+00   1.876932e+00
1     5.398957e+00   9.999994e-01   4.419871e-06   0.000000e+00   0.000000e+00   4.986465e-01   2.508129e+00   9.999975e-01   2.508127e+00   2.508124e+00
1     5.498936e+00   9.999994e-01   4.430558e-06   0.000000e+00   0.000000e+00   4.967399e-01   3.138220e+00   9.999974e-01   3.138220e+00   3.138220e+00
1     5.598916e+00   9.999994e-01   4.443968e-06   0.000000e+00   0.000000e+00   4.965941e-01   3.766553e+00   9.999974e-01   3.766556e+00   3.766559e+00
1     5.698896e+00   9.999994e-01   4.455181e-06   0.000000e+00   0.000000e+00   4.982258e-01   4.393112e+00   9.999974e-01   4.393116e+00   4.393120e+00
1     5.798875e+00   9.999994e-01   4.460062e-06   0.000000e+00   0.000000e+00   5.010125e-01   5.018515e+00   9.999974e-01   5.018519e+00   5.018523e+00
1     5.898854e+00   9.999994e-01   4.456830e-06   0.000000e+00   0.000000e+00   5.039115e-01   5.643805e+00   9.999974e-01   5.643807e+00   5.643810e+00
1     5.998832e+00   9.999993e-01   4.446715e-06   0.000000e+00   0.000000e+00   5.058399e-01   6.270064e+00   9.999973e-01   6.270064e+00   6.270064e+00
1     6.098810e+00   9.999993e-01   4.433547e-06   0.000000e+00   0.000000e+00   5.060600e-01   6.148476e-01   9.999973e-01   6.148451e-01   6.148425e-01
1     6.198789e+00   9.999993e-01   4.422379e-06   0.000000e+00   0.000000e+00   5.044766e-01   1.244620e+00   9.999973e-01   1.244616e+00   1.244612e+00
1     6.298768e+00   9.999993e-01   4.417490e-06   0.000000e+00   0.000000e+00   5.016966e-01   1.875588e+00   9.999973e-01   1.875584e+00   1.875580e+00
1     6.398747e+00   9.999993e-01   4.420773e-06   0.000000e+00   0.000000e+00   4.987717e-01   2.506699e+00   9.999973e-01   2.506696e+00   2.506694e+00
1     6.498726e+00   9.999993e-01   4.430999e-06   0.000000e+00   0.000000e+00   4.968211e-01   3.136832e+00   9.999972e-01   3.136832e+00   3.136832e+00
1     6.598705e+00   9.999993e-01   4.444209e-06   0.000000e+00   0.000000e+00   4.965683e-01   3.765267e+00   9.999972e-01   3.765269e+00   3.765272e+00
1     6.698683e+00   9.999993e-01   4.455490e-06   0.000000e+00   0.000000e+00   4.980662e-01   4.391951e+00   9.999972e-01   4.391955e+00   4.391960e+00
1     6.798662e+00   9.999992e-01   4.460743e-06   0.000000e+00   0.000000e+00   5.007288e-01   5.017475e+00   9.999972e-01   5.017479e+00   5.017483e+00
1     6.898641e+00   9.999992e-01   4.458075e-06   0.000000e+00   0.000000e+00   5.035559e-01   5.642838e+00   9.999972e-01   5.642841e+00   5.642843e+00
1     6.998619e+00   9.999992e-01   4.448452e-06   0.000000e+00   0.000000e+00   5.054843e-01   6.269102e+00   9.999972e-01   6.269102e+00   6.269102e+00
1     7.098598e+00   9.999992e-01   4.435535e-06   0.000000e+00   0.000000e+00   5.057612e-01   6.138315e-01   9.999971e-01   6.138290e-01   6.138264e-01
1     7.198577e+00   9.999992e-01   4.424306e-06   0.000000e+00   0.000000e+00   5.042592e-01   1.243524e+00   9.999971e-01   1.243519e+00   1.243515e+00
1     7.298556e+00   9.999992e-01   4.419076e-06   0.000000e+00   0.000000e+00   5.015277e-01   1.874442e+00   9.999971e-01   1.874437e+00   1.874433e+00
1     7.398534e+00   9.999992e-01   4.421893e-06   0.000000e+00   0.000000e+00   4.986064e-01   2.505546e+00   9.999971e-01   2.505543e+00   2.505540e+00
1     7.498513e+00   9.999992e-01   4.431720e-06   0.000000e+00   0.000000e+00   4.966082e-01   3.135724e+00   9.999971e-01   3.135724e+00   3.135724e+00
1     7.598491e+00   9.999991e-01   4.444815e-06   0.000000e+00   0.000000e+00   4.962763e-01   3.764237e+00   9.999970e-01   3.764240e+00   3.764243e+00
1     7.698470e+00   9.999991e-01   4.456283e-06   0.000000e+00   0.000000e+00   4.977149e-01   4.390983e+00   9.999970e-01   4.390987e+00   4.390991e+00
1     7.798449e+00   9.999991e-01   4.461817e-06   0.000000e+00   0.000000e+00   5.003964e-01   5.016489e+00   9.999970e-01   5.016493e+00   5.016498e+00
1     7.898428e+00   9.999991e-01   4.459180e-06   0.000000e+00   0.000000e+00   5.033086e-01   5.641767e+00   9.999970e-01   5.641770e+00   5.641772e+00
1     7.998407e+00   9.999991e-01   4.449363e-06   0.000000e+00   0.000000e+00   5.053145e-01   6.267953e+00   9.999970e-01   6.267953e+00   6.267953e+00
1     8.098385e+00   9.999991e-01   4.436210e-06   0.000000e+00   0.000000e+00   5.056365e-01   6.126361e-01   9.999970e-01   6.126335e-01   6.126310e-01
1     8.198364e+00   9.999991e-01   4.424796e-06   0.000000e+00   0.000000e+00   5.041631e-01   1.242299e+00   9.999969e-01   1.242295e+00   1.242291e+00
1     8.298343e+00   9.999991e-01   4.419380e-06   0.000000e+00   0.000000e+00   5.014685e-01   1.873181e+00   9.999969e-01   1.873177e+00   1.873173e+00
1     8.398322e+00   9.999990e-01   4.421977e-06   0.000000e+00   0.000000e+00   4.985417e-01   2.504293e+00   9.999969e-01   2.504290e+00   2.504288e+00
1     8.498300e+00   9.999990e-01   4.431839e-06   0.000000e+00   0.000000e+00   4.964837e-01   3.134533e+00   9.999969e-01   3.134533e+00   3.134533e+00
1     8.598279e+00   9.999990e-01   4.445356e-06   0.000000e+00   0.000000e+00   4.961239e-01   3.763074e+00   9.999969e-01   3.763077e+00   3.763079e+00
1     8.698257e+00   9.999990e-01   4.457286e-06   0.000000e+00   0.000000e+00   4.976309e-01   4.389749e+00   9.999968e-01   4.389753e+00   4.389757e+00
1     8.799990e+00   9.999990e-01   4.463007e-06   0.000000e+00   0.000000e+00   5.004637e-01   5.026122e+00   9.999968e-01   5.026126e+00   5.026130e+00
1     8.899969e+00   9.999990e-01   4.460276e-06   0.000000e+00   0.000000e+00   5.034271e-01   5.651349e+00   9.999968e-01   5.651351e+00   5.651354e+00
1     8.999948e+00   9.999990e-01   4.450427e-06   0.000000e+00   0.000000e+00   5.054596e-01   6.277509e+00   9.999968e-01   6.277509e+00   6.277509e+00
1     9.099927e+00   9.999990e-01   4.437175e-06   0.000000e+00   0.000000e+00   5.058089e-01   6.221688e-01   9.999968e-01   6.221663e-01   6.221637e-01
1     9.199905e+00   9.999989e-01   4.425487e-06   0.000000e+00   0.000000e+00   5.043216e-01   1.251848e+00   9.999967e-01   1.251843e+00   1.251839e+00
1     9.299884e+00   9.999989e-01   4.419890e-06   0.000000e+00   0.000000e+00   5.015230e-01   1.882833e+00   9.999967e-01   1.882829e+00   1.882825e+00
1     9.399863e+00   9.999989e-01   4.422728e-06   0.000000e+00   0.000000e+00   4.984790e-01   2.514059e+00   9.999967e-01   2.514056e+00   2.514054e+00
1     9.499841e+00   9.999989e-01   4.432999e-06   0.000000e+00   0.000000e+00   4.963870e-01   3.144331e+00   9.999967e-01   3.144331e+00   3.144331e+00
1     9.599820e+00   9.999989e-01   4.446719e-06   0.000000e+00   0.000000e+00   4.960481e-01   3.772850e+00   9.999967e-01   3.772853e+00   3.772855e+00
1     9.699798e+00   9.999989e-01   4.458677e-06   0.000000e+00   0.000000e+00   4.975594e-01   4.399523e+00   9.999967e-01   4.399527e+00   4.399531e+00
1     9.799777e+00   9.999989e-01   4.464452e-06   0.000000e+00   0.000000e+00   5.003307e-01   5.024940e+00   9.999966e-01   5.024944e+00   5.024948e+00
1     9.899756e+00   9.999989e-01   4.461925e-06   0.000000e+00   0.000000e+00   5.033287e-01   5.650134e+00   9.999966e-01   5.650137e+00   5.650139e+00
1     9.999735e+00   9.999988e-01   4.452004e-06   0.000000e+00   0.000000e+00   5.054288e-01   6.276227e+00   9.999966e-01   6.276227e+00   6.276227e+00
1     1.009971e+01   9.999988e-01   4.438419e-06   0.000000e+00   0.000000e+00   5.058124e-01   6.208502e-01   9.999966e-01   6.208477e-01   6.208451e-01
1     1.019969e+01   9.999988e-01   4.426407e-06   0.000000e+00   0.000000e+00   5.043037e-01   1.250548e+00   9.999966e-01   1.250544e+00   1.250540e+00
1     1.029967e+01   9.999988e-01   4.420654e-06   0.000000e+00   0.000000e+00   5.014718e-01   1.881566e+00   9.999965e-01   1.881561e+00   1.881557e+00
1     1.039965e+01   9.999988e-01   4.423390e-06   0.000000e+00   0.000000e+00   4.984144e-01   2.512806e+00   9.999965e-01   2.512804e+00   2.512801e+00
1     1.049963e+01   9.999988e-01   4.433538e-06   0.000000e+00   0.000000e+00   4.963080e-01   3.143095e+00   9.999965e-01   3.143095e+00   3.143095e+00
1     1.059961e+01   9.999988e-01   4.447206e-06   0.000000e+00   0.000000e+00   4.959438e-01   3.771641e+00   9.999965e-01   3.771644e+00   3.771647e+00
1     1.069959e+01   9.999988e-01   4.459215e-06   0.000000e+00   0.000000e+00   4.974407e-01   4.398329e+00   9.999965e-01   4.398333e+00   4.398338e+00
1     1.079956e+01   9.999987e-01   4.465043e-06   0.000000e+00   0.000000e+00   5.002216e-01   5.023736e+00   9.999964e-01   5.023740e+00   5.023744e+00
1     1.089954e+01   9.999987e-01   4.462493e-06   0.000000e+00   0.000000e+00   5.032340e-01   5.648914e+00   9.999964e-01   5.648916e+00   5.648919e+00
1     1.099952e+01   9.999987e-01   4.452544e-06   0.000000e+00   0.000000e+00   5.053352e-01   6.275005e+00   9.999964e-01   6.275005e+00   6.275005e+00
1     1.109950e+01   9.999987e-01   4.439004e-06   0.000000e+00   0.000000e+00   5.057174e-01   6.196290e-01   9.999964e-01   6.196264e-01   6.196238e-01
1     1.119948e+01   9.999987e-01   4.427080e-06   0.000000e+00   0.000000e+00   5.042232e-01   1.249313e+00   9.999964e-01   1.249309e+00   1.249305e+00
1     1.129946e+01   9.999987e-01   4.421375e-06   0.000000e+00   0.000000e+00   5.014195e-01   1.880304e+00   9.999964e-01   1.880300e+00   1.880296e+00
1     1.139944e+01   9.999987e-01   4.424111e-06   0.000000e+00   0.000000e+00   4.983881e-01   2.511520e+00   9.999963e-01   2.511517e+00   2.511515e+00
1     1.149942e+01   9.999987e-01   4.434246e-06   0.000000e+00   0.000000e+00   4.963045e-01   3.141785e+00   9.999963e-01   3.141785e+00   3.141785e+00
1     1.159939e+01   9.999986e-01   4.447856e-06   0.000000e+00   0.000000e+00   4.959652e-01   3.770307e+00   9.999963e-01   3.770309e+00   3.770312e+00
1     1.169937e+01   9.999986e-01   4.459727e-06   0.000000e+00   0.000000e+00   4.974762e-01   4.396980e+00   9.999963e-01   4.396984e+00   4.396988e+00
1     1.179935e+01   9.999986e-01   4.465393e-06   0.000000e+00   0.000000e+00   5.002464e-01   5.022397e+00   9.999963e-01   5.022401e+00   5.022405e+00
1     1.189933e+01   9.999986e-01   4.462743e-06   0.000000e+00   0.000000e+00   5.032282e-01   5.647605e+00   9.999962e-01   5.647608e+00   5.647611e+00
1     1.199931e+01   9.999986e-01   4.452775e-06   0.000000e+00   0.000000e+00   5.052940e-01   6.273732e+00   9.999962e-01   6.273732e+00   6.273732e+00
1     1.209929e+01   9.999986e-01   4.439273e-06   0.000000e+00   0.000000e+00   5.056436e-01   6.183897e-01   9.999962e-01   6.183871e-01   6.183845e-01
1     1.219927e+01   9.999986e-01   4.427445e-06   0.000000e+00   0.000000e+00   5.041216e-01   1.248102e+00   9.999962e-01   1.248098e+00   1.248094e+00
1     1.229925e+01   9.999986e-01   4.421897e-06   0.000000e+00   0.000000e+00   5.013082e-01   1.879103e+00   9.999962e-01   1.879099e+00   1.879094e+00
1     1.239922e+01   9.999985e-01   4.424770e-06   0.000000e+00   0.000000e+00   4.982960e-01   2.510299e+00   9.999961e-01   2.510296e+00   2.510294e+00
1     1.249920e+01   9.999985e-01   4.434945e-06   0.000000e+00   0.000000e+00   4.962462e-01   3.140531e+00   9.999961e-01   3.140531e+00   3.140531e+00
1     1.259918e+01   9.999985e-01   4.448534e-06   0.000000e+00   0.000000e+00   4.959381e-01   3.769021e+00   9.999961e-01   3.769024e+00   3.769026e+00
1     1.269916e+01   9.999985e-01   4.460360e-06   0.000000e+00   0.000000e+00   4.974831e-01   4.395660e+00   9.999961e-01   4.395665e+00   4.395669e+00
1     1.279914e+01   9.999985e-01   4.465901e-06   0.000000e+00   0.000000e+00   5.002917e-01   5.021039e+00   9.999961e-01   5.021043e+00   5.021048e+00
1     1.289912e+01   9.999985e-01   4.463023e-06   0.000000e+00   0.000000e+00   5.032951e-01   5.646226e+00   9.999960e-01   5.646229e+00   5.646231e+00
1     1.299910e+01   9.999985e-01   4.452825e-06   0.000000e+00   0.000000e+00   5.053483e-01   6.272365e+00   9.999960e-01   6.272365e+00   6.272365e+00
1     1.309908e+01   9.999984e-01   4.439213e-06   0.000000e+00   0.000000e+00   5.056635e-01   6.170573e-01   9.999960e-01   6.170547e-01   6.170521e-01
1     1.319905e+01   9.999984e-01   4.427397e-06   0.000000e+00   0.000000e+00   5.041106e-01   1.246801e+00   9.999960e-01   1.246797e+00   1.246793e+00
1     1.329903e+01   9.999984e-01   4.421914e-06   0.000000e+00   0.000000e+00   5.012741e-01   1.877825e+00   9.999960e-01   1.877821e+00   1.877817e+00
1     1.339901e+01   9.999984e-01   4.424918e-06   0.000000e+00   0.000000e+00   4.982397e-01   2.509044e+00   9.999960e-01   2.509041e+00   2.509039e+00
1     1.349899e+01   9.999984e-01   4.435321e-06   0.000000e+00   0.000000e+00   4.961843e-01   3.139281e+00   9.999959e-01   3.139281e+00   3.139281e+00
1     1.359897e+01   9.999984e-01   4.449140e-06   0.000000e+00   0.000000e+00   4.959059e-01   3.767742e+00   9.999959e-01   3.767744e+00   3.767747e+00
1     1.369895e+01   9.999984e-01   4.461064e-06   0.000000e+00   0.000000e+00   4.975040e-01   4.394328e+00   9.999959e-01   4.394332e+00   4.394336e+00
1     1.379893e+01   9.999984e-01   4.466553e-06   0.000000e+00   0.000000e+00   5.003582e-01   5.019661e+00   9.999959e-01   5.019665e+00   5.019669e+00
1     1.389891e+01   9.999983e-01   4.463551e-06   0.000000e+00   0.000000e+00   5.033856e-01   5.644824e+00   9.999959e-01   5.644826e+00   5.644829e+00
1     1.399888e+01   9.999983e-01   4.453206e-06   0.000000e+00   0.000000e+00   5.054453e-01   6.270957e+00   9.999958e-01   6.270957e+00   6.270957e+00
1     1.409886e+01   9.999983e-01   4.439428e-06   0.000000e+00   0.000000e+00   5.057483e-01   6.156617e-01   9.999958e-01   6.156592e-01   6.156566e-01
1     1.419884e+01   9.999983e-01   4.427473e-06   0.000000e+00   0.000000e+00   5.041566e-01   1.245444e+00   9.999958e-01   1.245440e+00   1.245436e+00
1     1.429882e+01   9.999983e-01   4.421975e-06   0.000000e+00   0.000000e+00   5.012623e-01   1.876526e+00   9.999958e-01   1.876522e+00   1.876518e+00
1     1.439880e+01   9.999983e-01   4.425113e-06   0.000000e+00   0.000000e+00   4.981815e-01   2.507791e+00   9.999958e-01   2.507789e+00   2.507786e+00
1     1.449878e+01   9.999983e-01   4.435700e-06   0.000000e+00   0.000000e+00   4.961104e-01   3.138044e+00   9.999957e-01   3.138044e+00   3.138044e+00
1     1.459876e+01   9.999983e-01   4.449656e-06   0.000000e+00   0.000000e+00   4.958391e-01   3.766498e+00   9.999957e-01   3.766500e+00   3.766503e+00
1     1.469873e+01   9.999982e-01   4.461657e-06   0.000000e+00   0.000000e+00   4.974533e-01   4.393068e+00   9.999957e-01   4.393072e+00   4.393076e+00
1     1.479871e+01   9.999982e-01   4.467172e-06   0.000000e+00   0.000000e+00   5.003292e-01   5.018379e+00   9.999957e-01   5.018384e+00   5.018388e+00
1     1.489869e+01   9.999982e-01   4.464126e-06   0.000000e+00   0.000000e+00   5.033826e-01   5.643517e+00   9.999957e-01   5.643520e+00   5.643522e+00
1     1.499867e+01   9.999982e-01   4.453648e-06   0.000000e+00   0.000000e+00   5.054604e-01   6.269632e+00   9.999956e-01   6.269632e+00   6.269632e+00
1     1.509865e+01   9.999982e-01   4.439700e-06   0.000000e+00   0.000000e+00   5.057609e-01   6.143391e-01   9.999956e-01   6.143365e-01   6.143340e-01
1     1.519863e+01   9.999982e-01   4.427620e-06   0.000000e+00   0.000000e+00   5.041484e-01   1.244142e+00   9.999956e-01   1.244138e+00   1.244134e+00
1     1.529861e+01   9.999982e-01   4.422070e-06   0.000000e+00   0.000000e+00   5.012303e-01   1.875248e+00   9.999956e-01   1.875244e+00   1.875240e+00
1     1.539859e+01   9.999981e-01   4.425198e-06   0.000000e+00   0.000000e+00   4.981312e-01   2.506531e+00   9.999956e-01   2.506529e+00   2.506526e+00
1     1.549856e+01   9.999981e-01   4.435795e-06   0.000000e+00   0.000000e+00   4.960458e-01   3.136799e+00   9.999955e-01   3.136799e+00   3.136799e+00
1     1.559854e+01   9.999981e-01   4.449791e-06   0.000000e+00   0.000000e+00   4.957651e-01   3.765262e+00   9.999955e-01   3.765265e+00   3.765268e+00
1     1.569852e+01   9.999981e-01   4.461849e-06   0.000000e+00   0.000000e+00   4.973797e-01   4.391832e+00   9.999955e-01   4.391837e+00   4.391841e+00
1     1.579850e+01   9.999981e-01   4.467404e-06   0.000000e+00   0.000000e+00   5.002662e-01   5.017133e+00   9.999955e-01   5.017138e+00   5.017142e+00
1     1.589848e+01   9.999981e-01   4.464359e-06   0.000000e+00   0.000000e+00   5.033335e-01   5.642257e+00   9.999955e-01   5.642260e+00   5.642262e+00
1     1.599846e+01   9.999981e-01   4.453858e-06   0.000000e+00   0.000000e+00   5.054238e-01   6.268360e+00   9.999954e-01   6.268360e+00   6.268360e+00
1     1.609844e+01   9.999981e-01   4.439871e-06   0.000000e+00   0.000000e+00   5.057348e-01   6.130561e-01   9.999954e-01   6.130535e-01   6.130510e-01
1     1.619842e+01   9.999980e-01   4.427734e-06   0.000000e+00   0.000000e+00   5.041297e-01   1.242852e+00   9.999954e-01   1.242848e+00   1.242844e+00
1     1.629839e+01   9.999980e-01   4.422117e-06   0.000000e+00   0.000000e+00   5.012123e-01   1.873957e+00   9.999954e-01   1.873953e+00   1.873949e+00
1     1.639837e+01   9.999980e-01   4.425192e-06   0.000000e+00   0.000000e+00   4.981073e-01   2.505247e+00   9.999954e-01   2.505244e+00   2.505242e+00
1     1.649835e+01   9.999980e-01   4.435761e-06   0.000000e+00   0.000000e+00   4.960132e-01   3.135524e+00   9.999953e-01   3.135524e+00   3.135524e+00
1     1.659833e+01   9.999980e-01   4.449748e-06   0.000000e+00   0.000000e+00   4.957234e-01   3.763996e+00   9.999953e-01   3.763999e+00   3.764001e+00
1     1.669831e+01   9.999980e-01   4.461820e-06   0.000000e+00   0.000000e+00   4.973300e-01   4.390574e+00   9.999953e-01   4.390578e+00   4.390582e+00
1     1.679829e+01   9.999980e-01   4.467409e-06   0.000000e+00   0.000000e+00   5.002130e-01   5.015879e+00   9.999953e-01   5.015883e+00   5.015887e+00
1     1.689827e+01   9.999980e-01   4.464402e-06   0.000000e+00   0.000000e+00   5.032843e-01   5.640998e+00   9.999953e-01   5.641001e+00   5.641004e+00
1     1.700000e+01   9.999979e-01   4.453686e-06   0.000000e+00   0.000000e+00   5.054063e-01   6.278090e+00   9.999952e-01   6.278090e+00   6.278090e+00
1     1.709998e+01   9.999979e-01   4.439675e-06   0.000000e+00   0.000000e+00   5.056923e-01   6.228120e-01   9.999952e-01   6.228094e-01   6.228068e-01
1     1.719996e+01   9.999979e-01   4.427594e-06   0.000000e+00   0.000000e+00   5.040651e-01   1.252630e+00   9.999952e-01   1.252626e+00   1.252622e+00
1     1.729994e+01   9.999979e-01   4.422088e-06   0.000000e+00   0.000000e+00   5.011413e-01   1.883742e+00   9.999952e-01   1.883738e+00   1.883734e+00
1     1.739991e+01   9.999979e-01   4.425265e-06   0.000000e+00   0.000000e+00   4.980485e-01   2.515020e+00   9.999952e-01   2.515017e+00   2.515014e+00
1     1.749989e+01   9.999979e-01   4.435888e-06   0.000000e+00   0.000000e+00   4.959780e-01   3.145273e+00   9.999951e-01   3.145273e+00   3.145273e+00
1     1.759987e+01   9.999979e-01   4.449872e-06   0.000000e+00   0.000000e+00   4.957159e-01   3.773717e+00   9.999951e-01   3.773720e+00   3.773723e+00
1     1.769985e+01   9.999978e-01   4.461878e-06   0.000000e+00   0.000000e+00   4.973481e-01   4.400270e+00   9.999951e-01   4.400274e+00   4.400278e+00
1     1.779983e+01   9.999978e-01   4.467345e-06   0.000000e+00   0.000000e+00   5.002456e-01   5.025560e+00   9.999951e-01   5.025565e+00   5.025569e+00
1     1.789981e+01   9.999978e-01   4.464201e-06   0.000000e+00   0.000000e+00   5.033119e-01   5.650685e+00   9.999951e-01   5.650688e+00   5.650690e+00
1     1.799979e+01   9.999978e-01   4.453632e-06   0.000000e+00   0.000000e+00   5.053883e-01   6.276802e+00   9.999950e-01   6.276802e+00   6.276802e+00
1     1.809977e+01   9.999978e-01   4.439644e-06   0.000000e+00   0.000000e+00   5.056802e-01   6.215178e-01   9.999950e-01   6.215152e-01   6.215126e-01
1     1.819974e+01   9.999978e-01   4.427572e-06   0.000000e+00   0.000000e+00   5.040626e-01   1.251327e+00   9.999950e-01   1.251322e+00   1.251318e+00
1     1.829972e+01   9.999978e-01   4.422048e-06   0.000000e+00   0.000000e+00   5.011466e-01   1.882431e+00   9.999950e-01   1.882427e+00   1.882422e+00
1     1.839970e+01   9.999978e-01   4.425201e-06   0.000000e+00   0.000000e+00   4.980552e-01   2.513707e+00   9.999950e-01   2.513704e+00   2.513702e+00
1     1.849968e+01   9.999977e-01   4.435816e-06   0.000000e+00   0.000000e+00   4.959826e-01   3.143962e+00   9.999949e-01   3.143962e+00   3.143962e+00
1     1.859966e+01   9.999977e-01   4.449806e-06   0.000000e+00   0.000000e+00   4.957189e-01   3.772409e+00   9.999949e-01   3.772411e+00   3.772414e+00
1     1.869964e+01   9.999977e-01   4.461817e-06   0.000000e+00   0.000000e+00   4.973501e-01   4.398962e+00   9.999949e-01   4.398967e+00   4.398971e+00
1     1.879962e+01   9.999977e-01   4.467293e-06   0.000000e+00   0.000000e+00   5.002458e-01   5.024255e+00   9.999949e-01   5.024259e+00   5.024263e+00
1     1.889960e+01   9.999977e-01   4.464166e-06   0.000000e+00   0.000000e+00   5.033107e-01   5.649381e+00   9.999949e-01   5.649384e+00   5.649386e+00
1     1.899957e+01   9.999977e-01   4.453616e-06   0.000000e+00   0.000000e+00   5.053886e-01   6.275496e+00   9.999948e-01   6.275496e+00   6.275496e+00
1     1.909955e+01   9.999977e-01   4.439635e-06   0.000000e+00   0.000000e+00   5.056839e-01   6.202091e-01   9.999948e-01   6.202065e-01   6.202039e-01
1     1.919953e+01   9.999976e-01   4.427553e-06   0.000000e+00   0.000000e+00   5.040678e-01   1.250017e+00   9.999948e-01   1.250012e+00   1.250008e+00
1     1.929951e+01   9.999976e-01   4.422019e-06   0.000000e+00   0.000000e+00   5.011497e-01   1.881123e+00   9.999948e-01   1.881119e+00   1.881114e+00
1     1.939949e+01   9.999976e-01   4.425172e-06   0.000000e+00   0.000000e+00   4.980552e-01   2.512402e+00   9.999948e-01   2.512400e+00   2.512397e+00
1     1.949947e+01   9.999976e-01   4.435789e-06   0.000000e+00   0.000000e+00   4.959802e-01   3.142660e+00   9.999947e-01   3.142660e+00   3.142660e+00
1     1.959945e+01   9.999976e-01   4.449782e-06   0.000000e+00   0.000000e+00   4.957141e-01   3.771109e+00   9.999947e-01   3.771112e+00   3.771114e+00
1     1.969942e+01   9.999976e-01   4.461803e-06   0.000000e+00   0.000000e+00   4.973433e-01   4.397665e+00   9.999947e-01   4.397669e+00   4.397673e+00
1     1.979940e+01   9.999976e-01   4.467291e-06   0.000000e+00   0.000000e+00   5.002393e-01   5.022957e+00   9.999947e-01   5.022961e+00   5.022965e+00
1     1.989938e+01   9.999976e-01   4.464170e-06   0.000000e+00   0.000000e+00   5.033074e-01   5.648080e+00   9.999947e-01   5.648083e+00   5.648085e+00
1     1.999936e+01   9.999975e-01   4.453610e-06   0.000000e+00   0.000000e+00   5.053890e-01   6.274192e+00   9.999946e-01   6.274192e+00   6.274192e+00
1     2.009934e+01   9.999975e-01   4.439607e-06   0.000000e+00   0.000000e+00   5.056857e-01   6.189034e-01   9.999946e-01   6.189009e-01   6.188983e-01
1     2.019932e+01   9.999975e-01   4.427503e-06   0.000000e+00   0.000000e+00   5.040684e-01   1.248712e+00   9.999946e-01   1.248708e+00   1.248704e+00
1     2.029930e+01   9.999975e-01   4.421953e-06   0.000000e+00   0.000000e+00   5.011472e-01   1.879822e+00   9.999946e-01   1.879818e+00   1.879813e+00
1     2.039928e+01   9.999975e-01   4.425097e-06   0.000000e+00   0.000000e+00   4.980483e-01   2.511106e+00   9.999946e-01   2.511103e+00   2.511100e+00
1     2.049925e+01   9.999975e-01   4.435718e-06   0.000000e+00   0.000000e+00   4.959686e-01   3.141368e+00   9.999946e-01   3.141368e+00   3.141368e+00
1     2.059923e+01   9.999975e-01   4.449726e-06   0.000000e+00   0.000000e+00   4.956996e-01   3.769820e+00   9.999945e-01   3.769823e+00   3.769826e+00
1     2.069921e+01   9.999975e-01   4.461767e-06   0.000000e+00   0.000000e+00   4.973292e-01   4.396376e+00   9.999945e-01   4.396380e+00   4.396384e+00
1     2.079919e+01   9.999974e-01   4.467271e-06   0.000000e+00   0.000000e+00   5.002286e-01   5.021665e+00   9.999945e-01   5.021669e+00   5.021673e+00
1     2.089917e+01   9.999974e-01   4.464154e-06   0.000000e+00   0.000000e+00   5.033018e-01   5.646783e+00   9.999945e-01   5.646786e+00   5.646788e+00
1     2.099915e+01   9.999974e-01   4.453586e-06   0.000000e+00   0.000000e+00   5.053886e-01   6.272890e+00   9.999945e-01   6.272890e+00   6.272890e+00
1     2.109913e+01   9.999974e-01   4.439564e-06   0.000000e+00   0.000000e+00   5.056894e-01   6.175971e-01   9.999944e-01   6.175946e-01   6.175920e-01
1     2.119911e+01   9.999974e-01   4.427435e-06   0.000000e+00   0.000000e+00   5.040735e-01   1.247405e+00   9.999944e-01   1.247400e+00   1.247396e+00
1     2.129908e+01   9.999974e-01   4.421861e-06   0.000000e+00   0.000000e+00   5.011506e-01   1.878516e+00   9.999944e-01   1.878512e+00   1.878507e+00
1     2.139906e+01   9.999974e-01   4.424990e-06   0.000000e+00   0.000000e+00   4.980480e-01   2.509804e+00   9.999944e-01   2.509801e+00   2.509799e+00
1     2.149904e+01   9.999973e-01   4.435607e-06   0.000000e+00   0.000000e+00   4.959636e-01   3.140071e+00   9.999944e-01   3.140071e+00   3.140071e+00
1     2.159902e+01   9.999973e-01   4.449626e-06   0.000000e+00   0.000000e+00   4.956908e-01   3.768527e+00   9.999943e-01   3.768530e+00   3.768532e+00
1     2.169900e+01   9.999973e-01   4.461688e-06   0.000000e+00   0.000000e+00   4.973189e-01   4.395084e+00   9.999943e-01   4.395088e+00   4.395093e+00
1     2.179898e+01   9.999973e-01   4.467214e-06   0.000000e+00   0.000000e+00   5.002204e-01   5.020371e+00   9.999943e-01   5.020375e+00   5.020380e+00
1     2.189896e+01   9.999973e-01   4.464112e-06   0.000000e+00   0.000000e+00   5.032986e-01   5.645484e+00   9.999943e-01   5.645487e+00   5.645490e+00
1     2.199894e+01   9.999973e-01   4.453545e-06   0.000000e+00   0.000000e+00   5.053916e-01   6.271585e+00   9.999943e-01   6.271585e+00   6.271585e+00
1     2.209891e+01   9.999973e-01   4.439513e-06   0.000000e+00   0.000000e+00   5.056979e-01   6.162873e-01   9.999942e-01   6.162847e-01   6.162822e-01
1     2.219889e+01   9.999973e-01   4.427367e-06   0.000000e+00   0.000000e+00   5.040861e-01   1.246091e+00   9.999942e-01   1.246087e+00   1.246082e+00
1     2.229887e+01   9.999972e-01   4.421769e-06   0.000000e+00   0.000000e+00   5.011653e-01   1.877200e+00   9.999942e-01   1.877196e+00   1.877192e+00
1     2.239885e+01   9.999972e-01   4.424874e-06   0.000000e+00   0.000000e+00   4.980615e-01   2.508489e+00   9.999942e-01   2.508487e+00   2.508484e+00
1     2.249883e+01   9.999972e-01   4.435478e-06   0.000000e+00   0.000000e+00   4.959729e-01   3.138761e+00   9.999942e-01   3.138761e+00   3.138761e+00
1     2.259881e+01   9.999972e-01   4.449500e-06   0.000000e+00   0.000000e+00   4.956949e-01   3.767222e+00   9.999941e-01   3.767225e+00   3.767227e+00
1     2.269879e+01   9.999972e-01   4.461581e-06   0.000000e+00   0.000000e+00   4.973199e-01   4.393783e+00   9.999941e-01   4.393787e+00   4.393791e+00
1     2.279877e+01   9.999972e-01   4.467132e-06   0.000000e+00   0.000000e+00   5.002213e-01   5.019070e+00   9.999941e-01   5.019074e+00   5.019078e+00
1     2.289874e+01   9.999972e-01   4.464053e-06   0.000000e+00   0.000000e+00   5.033021e-01   5.644181e+00   9.999941e-01   5.644183e+00   5.644186e+00
1     2.299872e+01   9.999971e-01   4.453505e-06   0.000000e+00   0.000000e+00   5.053996e-01   6.270277e+00   9.999941e-01   6.270277e+00   6.270277e+00
1     2.309870e+01   9.999971e-01   4.439480e-06   0.000000e+00   0.000000e+00   5.057121e-01   6.149730e-01   9.999940e-01   6.149704e-01   6.149678e-01
1     2.319868e+01   9.999971e-01   4.427326e-06   0.000000e+00   0.000000e+00   5.041064e-01   1.244770e+00   9.999940e-01   1.244766e+00   1.244762e+00
1     2.329866e+01   9.999971e-01   4.421707e-06   0.000000e+00   0.000000e+00   5.011890e-01   1.875877e+00   9.999940e-01   1.875872e+00   1.875868e+00
1     2.339864e+01   9.999971e-01   4.424789e-06   0.000000e+00   0.000000e+00   4.980842e-01   2.507167e+00   9.999940e-01   2.507164e+00   2.507162e+00
1     2.349862e+01   9.999971e-01   4.435382e-06   0.000000e+00   0.000000e+00   4.959917e-01   3.137443e+00   9.999940e-01   3.137443e+00   3.137443e+00
1     2.359860e+01   9.999971e-01   4.449405e-06   0.000000e+00   0.000000e+00   4.957090e-01   3.765909e+00   9.999939e-01   3.765911e+00   3.765914e+00
1     2.369857e+01   9.999971e-01   4.461499e-06   0.000000e+00   0.000000e+00   4.973298e-01   4.392473e+00   9.999939e-01   4.392477e+00   4.392482e+00
1     2.379855e+01   9.999970e-01   4.467072e-06   0.000000e+00   0.000000e+00   5.002285e-01   5.017763e+00   9.999939e-01   5.017767e+00   5.017772e+00
1     2.389853e+01   9.999970e-01   4.464021e-06   0.000000e+00   0.000000e+00   5.033091e-01   5.642874e+00   9.999939e-01   5.642877e+00   5.642880e+00
1     2.399851e+01   9.999970e-01   4.453496e-06   0.000000e+00   0.000000e+00   5.054098e-01   6.268968e+00   9.999939e-01   6.268968e+00   6.268968e+00
1     2.409849e+01   9.999970e-01   4.439483e-06   0.000000e+00   0.000000e+00   5.057276e-01   6.136586e-01   9.999938e-01   6.136560e-01   6.136534e-01
1     2.419847e+01   9.999970e-01   4.427323e-06   0.000000e+00   0.000000e+00   5.041268e-01   1.243451e+00   9.999938e-01   1.243447e+00   1.243443e+00
1     2.429845e+01   9.999970e-01   4.421688e-06   0.000000e+00   0.000000e+00   5.012117e-01   1.874555e+00   9.999938e-01   1.874551e+00   1.874547e+00
1     2.439842e+01   9.999970e-01   4.424752e-06   0.000000e+00   0.000000e+00   4.981061e-01   2.505846e+00   9.999938e-01   2.505844e+00   2.505841e+00
1     2.449840e+01   9.999969e-01   4.435333e-06   0.000000e+00   0.000000e+00   4.960102e-01   3.136126e+00   9.999938e-01   3.136126e+00   3.136126e+00
1     2.459838e+01   9.999969e-01   4.449356e-06   0.000000e+00   0.000000e+00   4.957229e-01   3.764597e+00   9.999937e-01   3.764599e+00   3.764602e+00
1     2.469836e+01   9.999969e-01   4.461460e-06   0.000000e+00   0.000000e+00   4.973395e-01   4.391165e+00   9.999937e-01   4.391170e+00   4.391174e+00
1     2.479834e+01   9.999969e-01   4.467053e-06   0.000000e+00   0.000000e+00   5.002358e-01   5.016458e+00   9.999937e-01   5.016462e+00   5.016466e+00
1     2.489832e+01   9.999969e-01   4.464023e-06   0.000000e+00   0.000000e+00   5.033168e-01   5.641569e+00   9.999937e-01   5.641572e+00   5.641574e+00
1     2.499830e+01   9.999969e-01   4.453515e-06   0.000000e+00   0.000000e+00   5.054202e-01   6.267659e+00   9.999937e-01   6.267660e+00   6.267660e+00
1     2.509828e+01   9.999969e-01   4.439507e-06   0.000000e+00   0.000000e+00   5.057420e-01   6.123464e-01   9.999936e-01   6.123439e-01   6.123413e-01
1     2.519825e+01   9.999969e-01   4.427340e-06   0.000000e+00   0.000000e+00   5.041450e-01   1.242136e+00   9.999936e-01   1.242131e+00   1.242127e+00
1     2.529999e+01   9.999968e-01   4.421666e-06   0.000000e+00   0.000000e+00   5.011751e-01   1.884315e+00   9.999936e-01   1.884311e+00   1.884307e+00
1     2.539997e+01   9.999968e-01   4.424865e-06   0.000000e+00   0.000000e+00   4.980761e-01   2.515600e+00   9.999936e-01   2.515597e+00   2.515595e+00
1     2.549994e+01   9.999968e-01   4.435537e-06   0.000000e+00   0.000000e+00   4.960033e-01   3.145856e+00   9.999936e-01   3.145856e+00   3.145856e+00
1     2.559992e+01   9.999968e-01   4.449574e-06   0.000000e+00   0.000000e+00   4.957466e-01   3.774297e+00   9.999935e-01   3.774299e+00   3.774302e+00
1     2.569990e+01   9.999968e-01   4.461610e-06   0.000000e+00   0.000000e+00   4.973894e-01   4.400839e+00   9.999935e-01   4.400844e+00   4.400848e+00
1     2.579988e+01   9.999968e-01   4.467078e-06   0.000000e+00   0.000000e+00   5.002978e-01   5.026120e+00   9.999935e-01   5.026124e+00   5.026128e+00
1     2.589986e+01   9.999968e-01   4.463915e-06   0.000000e+00   0.000000e+00   5.033722e-01   5.651238e+00   9.999935e-01   5.651240e+00   5.651243e+00
1     2.599984e+01   9.999968e-01   4.453315e-06   0.000000e+00   0.000000e+00   5.054529e-01   6.277351e+00   9.999935e-01   6.277351e+00   6.277351e+00
1     2.609982e+01   9.999967e-01   4.439291e-06   0.000000e+00   0.000000e+00   5.057439e-01   6.220691e-01   9.999934e-01   6.220665e-01   6.220639e-01
1     2.619980e+01   9.999967e-01   4.427191e-06   0.000000e+00   0.000000e+00   5.041192e-01   1.251886e+00   9.999934e-01   1.251882e+00   1.251877e+00
1     2.629977e+01   9.999967e-01   4.421665e-06   0.000000e+00   0.000000e+00   5.011922e-01   1.883002e+00   9.999934e-01   1.882998e+00   1.882993e+00
1     2.639975e+01   9.999967e-01   4.424849e-06   0.000000e+00   0.000000e+00   4.980912e-01   2.514289e+00   9.999934e-01   2.514286e+00   2.514283e+00
1     2.649973e+01   9.999967e-01   4.435513e-06   0.000000e+00   0.000000e+00   4.960147e-01   3.144549e+00   9.999934e-01   3.144549e+00   3.144549e+00
1     2.659971e+01   9.999967e-01   4.449552e-06   0.000000e+00   0.000000e+00   4.957537e-01   3.772994e+00   9.999933e-01   3.772996e+00   3.772999e+00
1     2.669969e+01   9.999967e-01   4.461600e-06   0.000000e+00   0.000000e+00   4.973932e-01   4.399540e+00   9.999933e-01   4.399544e+00   4.399548e+00
1     2.679967e+01   9.999966e-01   4.467087e-06   0.000000e+00   0.000000e+00   5.003006e-01   5.024822e+00   9.999933e-01   5.024826e+00   5.024830e+00
1     2.689965e+01   9.999966e-01   4.463942e-06   0.000000e+00   0.000000e+00   5.033766e-01   5.649938e+00   9.999933e-01   5.649940e+00   5.649943e+00
1     2.699963e+01   9.999966e-01   4.453352e-06   0.000000e+00   0.000000e+00   5.054609e-01   6.276048e+00   9.999933e-01   6.276048e+00   6.276048e+00
1     2.709960e+01   9.999966e-01   4.439326e-06   0.000000e+00   0.000000e+00   5.057560e-01   6.207617e-01   9.999932e-01   6.207592e-01   6.207566e-01
1     2.719958e+01   9.999966e-01   4.427213e-06   0.000000e+00   0.000000e+00   5.041344e-01   1.250576e+00   9.999932e-01   1.250571e+00   1.250567e+00
1     2.729956e+01   9.999966e-01   4.421669e-06   0.000000e+00   0.000000e+00   5.012078e-01   1.881691e+00   9.999932e-01   1.881687e+00   1.881683e+00
1     2.739954e+01   9.999966e-01   4.424836e-06   0.000000e+00   0.000000e+00   4.981046e-01   2.512980e+00   9.999932e-01   2.512978e+00   2.512975e+00
1     2.749952e+01   9.999966e-01   4.435493e-06   0.000000e+00   0.000000e+00   4.960239e-01   3.143245e+00   9.999932e-01   3.143245e+00   3.143245e+00
1     2.759950e+01   9.999965e-01   4.449537e-06   0.000000e+00   0.000000e+00   4.957585e-01   3.771694e+00   9.999931e-01   3.771697e+00   3.771699e+00
1     2.769948e+01   9.999965e-01   4.461601e-06   0.000000e+00   0.000000e+00   4.973950e-01   4.398244e+00   9.999931e-01   4.398248e+00   4.398252e+00
1     2.779946e+01   9.999965e-01   4.467108e-06   0.000000e+00   0.000000e+00   5.003016e-01   5.023526e+00   9.999931e-01   5.023531e+00   5.023535e+00
1     2.789943e+01   9.999965e-01   4.463982e-06   0.000000e+00   0.000000e+00   5.033792e-01   5.648641e+00   9.999931e-01   5.648644e+00   5.648646e+00
1     2.799941e+01   9.999965e-01   4.453404e-06   0.000000e+00   0.000000e+00   5.054671e-01   6.274748e+00   9.999931e-01   6.274748e+00   6.274748e+00
1     2.809939e+01   9.999965e-01   4.439378e-06   0.000000e+00   0.000000e+00   5.057667e-01   6.194570e-01   9.999930e-01   6.194544e-01   6.194519e-01
1     2.819937e+01   9.999965e-01   4.427253e-06   0.000000e+00   0.000000e+00   5.041487e-01   1.249267e+00   9.999930e-01   1.249263e+00   1.249259e+00
1     2.829935e+01   9.999964e-01   4.421690e-06   0.000000e+00   0.000000e+00   5.012232e-01   1.880382e+00   9.999930e-01   1.880378e+00   1.880374e+00
1     2.839933e+01   9.999964e-01   4.424839e-06   0.000000e+00   0.000000e+00   4.981180e-01   2.511673e+00   9.999930e-01   2.511671e+00   2.511668e+00
1     2.849931e+01   9.999964e-01   4.435487e-06   0.000000e+00   0.000000e+00   4.960331e-01   3.141942e+00   9.999930e-01   3.141942e+00   3.141942e+00
1     2.859929e+01   9.999964e-01   4.449534e-06   0.000000e+00   0.000000e+00   4.957631e-01   3.770396e+00   9.999929e-01   3.770399e+00   3.770402e+00
1     2.869926e+01   9.999964e-01   4.461612e-06   0.000000e+00   0.000000e+00   4.973961e-01   4.396949e+00   9.999929e-01   4.396954e+00   4.396958e+00
1     2.879924e+01   9.999964e-01   4.467139e-06   0.000000e+00   0.000000e+00   5.003013e-01   5.022233e+00   9.999929e-01   5.022238e+00   5.022242e+00
1     2.889922e+01   9.999964e-01   4.464033e-06   0.000000e+00   0.000000e+00   5.033803e-01   5.647347e+00   9.999929e-01   5.647350e+00   5.647352e+00
1     2.899920e+01   9.999964e-01   4.453467e-06   0.000000e+00   0.000000e+00   5.054718e-01   6.273450e+00   9.999929e-01   6.273450e+00   6.273450e+00
1     2.909918e+01   9.999963e-01   4.439441e-06   0.000000e+00   0.000000e+00   5.057758e-01   6.181552e-01   9.999928e-01   6.181526e-01   6.181500e-01
1     2.919916e+01   9.999963e-01   4.427305e-06   0.000000e+00   0.000000e+00   5.041612e-01   1.247962e+00   9.999928e-01   1.247958e+00   1.247954e+00
1     2.929914e+01   9.999963e-01   4.421722e-06   0.000000e+00   0.000000e+00   5.012369e-01   1.879076e+00   9.999928e-01   1.879072e+00   1.879068e+00
1     2.939911e+01   9.999963e-01   4.424853e-06   0.000000e+00   0.000000e+00   4.981301e-01   2.510369e+00   9.999928e-01   2.510366e+00   2.510364e+00
1     2.949909e+01   9.999963e-01   4.435489e-06   0.000000e+00   0.000000e+00   4.960414e-01   3.140642e+00   9.999928e-01   3.140642e+00   3.140642e+00
1     2.959907e+01   9.999963e-01   4.449535e-06   0.000000e+00   0.000000e+00   4.957665e-01   3.769101e+00   9.999928e-01   3.769103e+00   3.769106e+00
1     2.969905e+01   9.999963e-01   4.461624e-06   0.000000e+00   0.000000e+00   4.973953e-01   4.395658e+00   9.999927e-01   4.395662e+00   4.395667e+00
1     2.979903e+01   9.999963e-01   4.467171e-06   0.000000e+00   0.000000e+00   5.002985e-01   5.020944e+00   9.999927e-01   5.020949e+00   5.020953e+00
1     2.989901e+01   9.999962e-01   4.464085e-06   0.000000e+00   0.000000e+00   5.033783e-01   5.646057e+00   9.999927e-01   5.646060e+00   5.646062e+00
1     2.999899e+01   9.999962e-01   4.453531e-06   0.000000e+00   0.000000e+00   5.054731e-01   6.272157e+00   9.999927e-01   6.272157e+00   6.272157e+00
1     3.009897e+01   9.999962e-01   4.439505e-06   0.000000e+00   0.000000e+00   5.057813e-01   6.168582e-01   9.999927e-01   6.168556e-01   6.168531e-01
1     3.019894e+01   9.999962e-01   4.427356e-06   0.000000e+00   0.000000e+00   5.041698e-01   1.246662e+00   9.999926e-01   1.246658e+00   1.246654e+00
1     3.029892e+01   9.999962e-01   4.421755e-06   0.000000e+00   0.000000e+00   5.012462e-01   1.877775e+00   9.999926e-01   1.877771e+00   1.877767e+00
1     3.039890e+01   9.999962e-01   4.424868e-06   0.000000e+00   0.000000e+00   4.981375e-01   2.509070e+00   9.999926e-01   2.509068e+00   2.509065e+00
1     3.049888e+01   9.999962e-01   4.435492e-06   0.000000e+00   0.000000e+00   4.960450e-01   3.139347e+00   9.999926e-01   3.139347e+00   3.139347e+00
1     3.059886e+01   9.999961e-01   4.449538e-06   0.000000e+00   0.000000e+00   4.957655e-01   3.767811e+00   9.999926e-01   3.767814e+00   3.767816e+00
1     3.069884e+01   9.999961e-01   4.461637e-06   0.000000e+00   0.000000e+00   4.973903e-01   4.394372e+00   9.999925e-01   4.394377e+00   4.394381e+00
1     3.079882e+01   9.999961e-01   4.467201e-06   0.000000e+00   0.000000e+00   5.002914e-01   5.019661e+00   9.999925e-01   5.019665e+00   5.019669e+00
1     3.089880e+01   9.999961e-01   4.464134e-06   0.000000e+00   0.000000e+00   5.033720e-01   5.644773e+00   9.999925e-01   5.644776e+00   5.644778e+00
1     3.099877e+01   9.999961e-01   4.453592e-06   0.000000e+00   0.000000e+00   5.054699e-01   6.270870e+00   9.999925e-01   6.270870e+00   6.270870e+00
1     3.109875e+01   9.999961e-01   4.439567e-06   0.000000e+00   0.000000e+00   5.057822e-01   6.155670e-01   9.999925e-01   6.155644e-01   6.155618e-01
1     3.119873e+01   9.999961e-01   4.427406e-06   0.000000e+00   0.000000e+00   5.041740e-01   1.245368e+00   9.999924e-01   1.245364e+00   1.245360e+00
1     3.129871e+01   9.999961e-01   4.421787e-06   0.000000e+00   0.000000e+00   5.012516e-01   1.876480e+00   9.999924e-01   1.876476e+00   1.876472e+00
1     3.139869e+01   9.999960e-01   4.424881e-06   0.000000e+00   0.000000e+00   4.981413e-01   2.507777e+00   9.999924e-01   2.507774e+00   2.507772e+00
1     3.149867e+01   9.999960e-01   4.435495e-06   0.000000e+00   0.000000e+00   4.960450e-01   3.138057e+00   9.999924e-01   3.138057e+00   3.138057e+00
1     3.159865e+01   9.999960e-01   4.449542e-06   0.000000e+00   0.000000e+00   4.957612e-01   3.766526e+00   9.999924e-01   3.766528e+00   3.766531e+00
1     3.169863e+01   9.999960e-01   4.461652e-06   0.000000e+00   0.000000e+00   4.973826e-01   4.393091e+00   9.999923e-01   4.393095e+00   4.393099e+00
1     3.179860e+01   9.999960e-01   4.467234e-06   0.000000e+00   0.000000e+00   5.002826e-01   5.018380e+00   9.999923e-01   5.018384e+00   5.018389e+00
1     3.189858e+01   9.999960e-01   4.464183e-06   0.000000e+00   0.000000e+00   5.033645e-01   5.643491e+00   9.999923e-01   5.643494e+00   5.643496e+00
1     3.199856e+01   9.999960e-01   4.453651e-06   0.000000e+00   0.000000e+00   5.054657e-01   6.269585e+00   9.999923e-01   6.269585e+00   6.269585e+00
1     3.209854e+01   9.999959e-01   4.439624e-06   0.000000e+00   0.000000e+00   5.057821e-01   6.142780e-01   9.999923e-01   6.142755e-01   6.142729e-01
1     3.219852e+01   9.999959e-01   4.427452e-06   0.000000e+00   0.000000e+00   5.041772e-01   1.244076e+00   9.999922e-01   1.244072e+00   1.244067e+00
1     3.229850e+01   9.999959e-01   4.421814e-06   0.000000e+00   0.000000e+00   5.012559e-01   1.875187e+00   9.999922e-01   1.875183e+00   1.875178e+00
1     3.239848e+01   9.999959e-01   4.424890e-06   0.000000e+00   0.000000e+00   4.981443e-01   2.506485e+00   9.999922e-01   2.506482e+00   2.506480e+00
1     3.249846e+01   9.999959e-01   4.435492e-06   0.000000e+00   0.000000e+00   4.960445e-01   3.136769e+00   9.999922e-01   3.136769e+00   3.136769e+00
1     3.259843e+01   9.999959e-01   4.449538e-06   0.000000e+00   0.000000e+00   4.957564e-01   3.765242e+00   9.999922e-01   3.765245e+00   3.765247e+00
1     3.269841e+01   9.999959e-01   4.461659e-06   0.000000e+00   0.000000e+00   4.973743e-01   4.391811e+00   9.999921e-01   4.391815e+00   4.391819e+00
1     3.279839e+01   9.999959e-01   4.467258e-06   0.000000e+00   0.000000e+00   5.002732e-01   5.017101e+00   9.999921e-01   5.017106e+00   5.017110e+00
1     3.289837e+01   9.999958e-01   4.464224e-06   0.000000e+00   0.000000e+00   5.033567e-01   5.642211e+00   9.999921e-01   5.642214e+00   5.642216e+00
1     3.299835e+01   9.999958e-01   4.453700e-06   0.000000e+00   0.000000e+00   5.054614e-01   6.268301e+00   9.999921e-01   6.268301e+00   6.268301e+00
1     3.309833e+01   9.999958e-01   4.439670e-06   0.000000e+00   0.000000e+00   5.057817e-01   6.129905e-01   9.999921e-01   6.129880e-01   6.129854e-01
1     3.319831e+01   9.999958e-01   4.427484e-06   0.000000e+00   0.000000e+00   5.041798e-01   1.242786e+00   9.999920e-01   1.242781e+00   1.242777e+00
1     3.329828e+01   9.999958e-01   4.421827e-06   0.000000e+00   0.000000e+00   5.012593e-01   1.873896e+00   9.999920e-01   1.873892e+00   1.873887e+00
1     3.339826e+01   9.999958e-01   4.424886e-06   0.000000e+00   0.000000e+00   4.981460e-01   2.505196e+00   9.999920e-01   2.505193e+00   2.505191e+00
1     3.350000e+01   9.999958e-01   4.435708e-06   0.000000e+00   0.000000e+00   4.960205e-01   3.146527e+00   9.999920e-01   3.146527e+00   3.146527e+00
1     3.359997e+01   9.999957e-01   4.449767e-06   0.000000e+00   0.000000e+00   4.957629e-01   3.774969e+00   9.999920e-01   3.774972e+00   3.774974e+00
1     3.369995e+01   9.999957e-01   4.461819e-06   0.000000e+00   0.000000e+00   4.974071e-01   4.401511e+00   9.999919e-01   4.401516e+00   4.401520e+00
1     3.379993e+01   9.999957e-01   4.467294e-06   0.000000e+00   0.000000e+00   5.003182e-01   5.026790e+00   9.999919e-01   5.026795e+00   5.026799e+00
1     3.389991e+01   9.999957e-01   4.464126e-06   0.000000e+00   0.000000e+00   5.033955e-01   5.651906e+00   9.999919e-01   5.651909e+00   5.651911e+00
1     3.399989e+01   9.999957e-01   4.453509e-06   0.000000e+00   0.000000e+00   5.054777e-01   6.278019e+00   9.999919e-01   6.278019e+00   6.278019e+00
1     3.409987e+01   9.999957e-01   4.439462e-06   0.000000e+00   0.000000e+00   5.057674e-01   6.227392e-01   9.999919e-01   6.227366e-01   6.227340e-01
1     3.419985e+01   9.999957e-01   4.427343e-06   0.000000e+00   0.000000e+00   5.041383e-01   1.252562e+00   9.999918e-01   1.252557e+00   1.252553e+00
1     3.429983e+01   9.999957e-01   4.421811e-06   0.000000e+00   0.000000e+00   5.012046e-01   1.883685e+00   9.999918e-01   1.883681e+00   1.883677e+00
1     3.439980e+01   9.999956e-01   4.425005e-06   0.000000e+00   0.000000e+00   4.980974e-01   2.514979e+00   9.999918e-01   2.514976e+00   2.514974e+00
1     3.449978e+01   9.999956e-01   4.435689e-06   0.000000e+00   0.000000e+00   4.960170e-01   3.145244e+00   9.999918e-01   3.145244e+00   3.145244e+00
1     3.459976e+01   9.999956e-01   4.449749e-06   0.000000e+00   0.000000e+00   4.957553e-01   3.773691e+00   9.999918e-01   3.773693e+00   3.773696e+00
1     3.469974e+01   9.999956e-01   4.461813e-06   0.000000e+00   0.000000e+00   4.973964e-01   4.400236e+00   9.999917e-01   4.400241e+00   4.400245e+00
1     3.479972e+01   9.999956e-01   4.467305e-06   0.000000e+00   0.000000e+00   5.003065e-01   5.025516e+00   9.999917e-01   5.025521e+00   5.025525e+00
1     3.489970e+01   9.999956e-01   4.464154e-06   0.000000e+00   0.000000e+00   5.033852e-01   5.650631e+00   9.999917e-01   5.650633e+00   5.650636e+00
1     3.499968e+01   9.999956e-01   4.453547e-06   0.000000e+00   0.000000e+00   5.054709e-01   6.276740e+00   9.999917e-01   6.276740e+00   6.276740e+00
1     3.509966e+01   9.999956e-01   4.439500e-06   0.000000e+00   0.000000e+00   5.057648e-01   6.214564e-01   9.999917e-01   6.214539e-01   6.214513e-01
1     3.519963e+01   9.999955e-01   4.427369e-06   0.000000e+00   0.000000e+00   5.041391e-01   1.251275e+00   9.999916e-01   1.251271e+00   1.251267e+00
1     3.529961e+01   9.999955e-01   4.421819e-06   0.000000e+00   0.000000e+00   5.012068e-01   1.882398e+00   9.999916e-01   1.882394e+00   1.882389e+00
1     3.539959e+01   9.999955e-01   4.424993e-06   0.000000e+00   0.000000e+00   4.980983e-01   2.513693e+00   9.999916e-01   2.513691e+00   2.513688e+00
1     3.549957e+01   9.999955e-01   4.435666e-06   0.000000e+00   0.000000e+00   4.960144e-01   3.143962e+00   9.999916e-01   3.143962e+00   3.143962e+00
1     3.559955e+01   9.999955e-01   4.449727e-06   0.000000e+00   0.000000e+00   4.957485e-01   3.772413e+00   9.999916e-01   3.772415e+00   3.772418e+00
1     3.569953e+01   9.999955e-01   4.461801e-06   0.000000e+00   0.000000e+00   4.973864e-01   4.398962e+00   9.999915e-01   4.398966e+00   4.398970e+00
1     3.579951e+01   9.999955e-01   4.467311e-06   0.000000e+00   0.000000e+00   5.002957e-01   5.024243e+00   9.999915e-01   5.024247e+00   5.024251e+00
1     3.589949e+01   9.999954e-01   4.464176e-06   0.000000e+00   0.000000e+00   5.033762e-01   5.649355e+00   9.999915e-01   5.649358e+00   5.649361e+00
1     3.599946e+01   9.999954e-01   4.453577e-06   0.000000e+00   0.000000e+00   5.054654e-01   6.275462e+00   9.999915e-01   6.275462e+00   6.275462e+00
1     3.609944e+01   9.999954e-01   4.439527e-06   0.000000e+00   0.000000e+00   5.057635e-01   6.201737e-01   9.999915e-01   6.201711e-01   6.201685e-01
1     3.619942e+01   9.999954e-01   4.427384e-06   0.000000e+00   0.000000e+00   5.041409e-01   1.249990e+00   9.999914e-01   1.249985e+00   1.249981e+00
1     3.629940e+01   9.999954e-01   4.421815e-06   0.000000e+00   0.000000e+00   5.012098e-01   1.881111e+00   9.999914e-01   1.881107e+00   1.881103e+00
1     3.639938e+01   9.999954e-01   4.424972e-06   0.000000e+00   0.000000e+00   4.980999e-01   2.512408e+00   9.999914e-01   2.512405e+00   2.512403e+00
1     3.649936e+01   9.999954e-01   4.435633e-06   0.000000e+00   0.000000e+00   4.960127e-01   3.142680e+00   9.999914e-01   3.142680e+00   3.142680e+00
1     3.659934e+01   9.999954e-01   4.449692e-06   0.000000e+00   0.000000e+00   4.957425e-01   3.771135e+00   9.999914e-01   3.771138e+00   3.771140e+00
1     3.669932e+01   9.999953e-01   4.461778e-06   0.000000e+00   0.000000e+00   4.973771e-01   4.397688e+00   9.999913e-01   4.397692e+00   4.397696e+00
1     3.679929e+01   9.999953e-01   4.467305e-06   0.000000e+00   0.000000e+00   5.002851e-01   5.022970e+00   9.999913e-01   5.022974e+00   5.022978e+00
1     3.689927e+01   9.999953e-01   4.464186e-06   0.000000e+00   0.000000e+00   5.033670e-01   5.648081e+00   9.999913e-01   5.648084e+00   5.648087e+00
1     3.699925e+01   9.999953e-01   4.453597e-06   0.000000e+00   0.000000e+00   5.054598e-01   6.274184e+00   9.999913e-01   6.274184e+00   6.274184e+00
1     3.709923e+01   9.999953e-01   4.439546e-06   0.000000e+00   0.000000e+00   5.057619e-01   6.188923e-01   9.999913e-01   6.188897e-01   6.188872e-01
1     3.719921e+01   9.999953e-01   4.427391e-06   0.000000e+00   0.000000e+00   5.041426e-01   1.248705e+00   9.999912e-01   1.248701e+00   1.248697e+00
1     3.729919e+01   9.999953e-01   4.421804e-06   0.000000e+00   0.000000e+00   5.012125e-01   1.879826e+00   9.999912e-01   1.879821e+00   1.879817e+00
1     3.739917e+01   9.999952e-01   4.424944e-06   0.000000e+00   0.000000e+00   4.981011e-01   2.511124e+00   9.999912e-01   2.511122e+00   2.511119e+00
1     3.749914e+01   9.999952e-01   4.435595e-06   0.000000e+00   0.000000e+00   4.960104e-01   3.141400e+00   9.999912e-01   3.141400e+00   3.141400e+00
1     3.759912e+01   9.999952e-01   4.449656e-06   0.000000e+00   0.000000e+00   4.957363e-01   3.769859e+00   9.999912e-01   3.769862e+00   3.769864e+00
1     3.769910e+01   9.999952e-01   4.461753e-06   0.000000e+00   0.000000e+00   4.973679e-01   4.396415e+00   9.999911e-01   4.396419e+00   4.396423e+00
1     3.779908e+01   9.999952e-01   4.467297e-06   0.000000e+00   0.000000e+00   5.002750e-01   5.021698e+00   9.999911e-01   5.021702e+00   5.021706e+00
1     3.789906e+01   9.999952e-01   4.464196e-06   0.000000e+00   0.000000e+00   5.033584e-01   5.646808e+00   9.999911e-01   5.646811e+00   5.646814e+00
1     3.799904e+01   9.999952e-01   4.453617e-06   0.000000e+00   0.000000e+00   5.054545e-01   6.272908e+00   9.999911e-01   6.272908e+00   6.272908e+00
1     3.809902e+01   9.999952e-01   4.439566e-06   0.000000e+00   0.000000e+00   5.057608e-01   6.176117e-01   9.999911e-01   6.176092e-01   6.176066e-01
1     3.819900e+01   9.999951e-01   4.427400e-06   0.000000e+00   0.000000e+00   5.041450e-01   1.247421e+00   9.999910e-01   1.247417e+00   1.247413e+00
1     3.829897e+01   9.999951e-01   4.421795e-06   0.000000e+00   0.000000e+00   5.012162e-01   1.878540e+00   9.999910e-01   1.878536e+00   1.878532e+00
1     3.839895e+01   9.999951e-01   4.424917e-06   0.000000e+00   0.000000e+00   4.981035e-01   2.509840e+00   9.999910e-01   2.509838e+00   2.509835e+00
1     3.849893e+01   9.999951e-01   4.435558e-06   0.000000e+00   0.000000e+00   4.960095e-01   3.140120e+00   9.999910e-01   3.140120e+00   3.140120e+00
1     3.859891e+01   9.999951e-01   4.449621e-06   0.000000e+00   0.000000e+00   4.957314e-01   3.768583e+00   9.999910e-01   3.768586e+00   3.768588e+00
1     3.869889e+01   9.999951e-01   4.461730e-06   0.000000e+00   0.000000e+00   4.973602e-01   4.395142e+00   9.999909e-01   4.395146e+00   4.395150e+00
1     3.879887e+01   9.999951e-01   4.467291e-06   0.000000e+00   0.000000e+00   5.002666e-01   5.020426e+00   9.999909e-01   5.020430e+00   5.020434e+00
1     3.889885e+01   9.999950e-01   4.464205e-06   0.000000e+00   0.000000e+00   5.033518e-01   5.645534e+00   9.999909e-01   5.645537e+00   5.645539e+00
1     3.899883e+01   9.999950e-01   4.453636e-06   0.000000e+00   0.000000e+00   5.054514e-01   6.271630e+00   9.999909e-01   6.271630e+00   6.271630e+00
1     3.909880e+01   9.999950e-01   4.439583e-06   0.000000e+00   0.000000e+00   5.057619e-01   6.163302e-01   9.999909e-01   6.163277e-01   6.163251e-01
1     3.919878e+01   9.999950e-01   4.427405e-06   0.000000e+00   0.000000e+00   5.041494e-01   1.246137e+00   9.999908e-01   1.246132e+00   1.246128e+00
1     3.929876e+01   9.999950e-01   4.421783e-06   0.000000e+00   0.000000e+00   5.012219e-01   1.877255e+00   9.999908e-01   1.877250e+00   1.877246e+00
1     3.939874e+01   9.999950e-01   4.424888e-06   0.000000e+00   0.000000e+00   4.981081e-01   2.508556e+00   9.999908e-01   2.508553e+00   2.508551e+00
1     3.949872e+01   9.999950e-01   4.435518e-06   0.000000e+00   0.000000e+00   4.960108e-01   3.138839e+00   9.999908e-01   3.138839e+00   3.138839e+00
1     3.959870e+01   9.999950e-01   4.449581e-06   0.000000e+00   0.000000e+00   4.957287e-01   3.767306e+00   9.999908e-01   3.767309e+00   3.767311e+00
1     3.969868e+01   9.999949e-01   4.461701e-06   0.000000e+00   0.000000e+00   4.973543e-01   4.393868e+00   9.999907e-01   4.393872e+00   4.393876e+00
1     3.979866e+01   9.999949e-01   4.467279e-06   0.000000e+00   0.000000e+00   5.002598e-01   5.019153e+00   9.999907e-01   5.019157e+00   5.019161e+00
1     3.989863e+01   9.999949e-01   4.464211e-06   0.000000e+00   0.000000e+00   5.033464e-01   5.644260e+00   9.999907e-01   5.644263e+00   5.644265e+00
1     3.999861e+01   9.999949e-01   4.453650e-06   0.000000e+00   0.000000e+00   5.054495e-01   6.270353e+00   9.999907e-01   6.270353e+00   6.270353e+00
1     4.009859e+01   9.999949e-01   4.439596e-06   0.000000e+00   0.000000e+00   5.057641e-01   6.150489e-01   9.999907e-01   6.150464e-01   6.150438e-01
1     4.019857e+01   9.999949e-01   4.427407e-06   0.000000e+00   0.000000e+00   5.041546e-01   1.244852e+00   9.999906e-01   1.244848e+00   1.244844e+00
1     4.029855e+01   9.999949e-01   4.421767e-06   0.000000e+00   0.000000e+00   5.012281e-01   1.875970e+00   9.999906e-01   1.875965e+00   1.875961e+00
1     4.039853e+01   9.999948e-01   4.424856e-06   0.000000e+00   0.000000e+00   4.981126e-01   2.507273e+00   9.999906e-01   2.507270e+00   2.507267e+00
1     4.049851e+01   9.999948e-01   4.435477e-06   0.000000e+00   0.000000e+00   4.960119e-01   3.137559e+00   9.999906e-01   3.137559e+00   3.137559e+00
1     4.059849e+01   9.999948e-01   4.449541e-06   0.000000e+00   0.000000e+00   4.957258e-01   3.766030e+00   9.999906e-01   3.766033e+00   3.766036e+00
1     4.069846e+01   9.999948e-01   4.461671e-06   0.000000e+00   0.000000e+00   4.973483e-01   4.392595e+00   9.999906e-01   4.392599e+00   4.392604e+00
1     4.079844e+01   9.999948e-01   4.467267e-06   0.000000e+00   0.000000e+00   5.002527e-01   5.017882e+00   9.999905e-01   5.017886e+00   5.017890e+00
1     4.089842e+01   9.999948e-01   4.464216e-06   0.000000e+00   0.000000e+00   5.033407e-01   5.642988e+00   9.999905e-01   5.642990e+00   5.642993e+00
1     4.099840e+01   9.999948e-01   4.453666e-06   0.000000e+00   0.000000e+00   5.054471e-01   6.269077e+00   9.999905e-01   6.269077e+00   6.269077e+00
1     4.109838e+01   9.999948e-01   4.439612e-06   0.000000e+00   0.000000e+00   5.057657e-01   6.137692e-01   9.999905e-01   6.137667e-01   6.137641e-01
1     4.119836e+01   9.999947e-01   4.427412e-06   0.000000e+00   0.000000e+00   5.041596e-01   1.243569e+00   9.999905e-01   1.243565e+00   1.243561e+00
1     4.129834e+01   9.999947e-01   4.421756e-06   0.000000e+00   0.000000e+00   5.012343e-01   1.874686e+00   9.999904e-01   1.874681e+00   1.874677e+00
1     4.139831e+01   9.999947e-01   4.424827e-06   0.000000e+00   0.000000e+00   4.981174e-01   2.505990e+00   9.999904e-01   2.505988e+00   2.505985e+00
1     4.149829e+01   9.999947e-01   4.435440e-06   0.000000e+00   0.000000e+00   4.960133e-01   3.136280e+00   9.999904e-01   3.136280e+00   3.136280e+00
1     4.159827e+01   9.999947e-01   4.449506e-06   0.000000e+00   0.000000e+00   4.957233e-01   3.764755e+00   9.999904e-01   3.764758e+00   3.764761e+00
1     4.169825e+01   9.999947e-01   4.461649e-06   0.000000e+00   0.000000e+00   4.973431e-01   4.391323e+00   9.999904e-01   4.391328e+00   4.391332e+00
1     4.179998e+01   9.999947e-01   4.467285e-06   0.000000e+00   0.000000e+00   5.003029e-01   5.027575e+00   9.999903e-01   5.027579e+00   5.027584e+00
1     4.189996e+01   9.999947e-01   4.464099e-06   0.000000e+00   0.000000e+00   5.033849e-01   5.652687e+00   9.999903e-01   5.652690e+00   5.652693e+00
1     4.199994e+01   9.999946e-01   4.453456e-06   0.000000e+00   0.000000e+00   5.054687e-01   6.278800e+00   9.999903e-01   6.278800e+00   6.278800e+00
1     4.209992e+01   9.999946e-01   4.439387e-06   0.000000e+00   0.000000e+00   5.057566e-01   6.235226e-01   9.999903e-01   6.235200e-01   6.235174e-01
1     4.219990e+01   9.999946e-01   4.427256e-06   0.000000e+00   0.000000e+00   5.041235e-01   1.253350e+00   9.999903e-01   1.253346e+00   1.253342e+00
1     4.229988e+01   9.999946e-01   4.421726e-06   0.000000e+00   0.000000e+00   5.011854e-01   1.884479e+00   9.999902e-01   1.884475e+00   1.884470e+00
1     4.239986e+01   9.999946e-01   4.424933e-06   0.000000e+00   0.000000e+00   4.980752e-01   2.515777e+00   9.999902e-01   2.515774e+00   2.515772e+00
1     4.249983e+01   9.999946e-01   4.435638e-06   0.000000e+00   0.000000e+00   4.959944e-01   3.146043e+00   9.999902e-01   3.146043e+00   3.146043e+00
1     4.259981e+01   9.999946e-01   4.449719e-06   0.000000e+00   0.000000e+00   4.957354e-01   3.774488e+00   9.999902e-01   3.774491e+00   3.774493e+00
1     4.269979e+01   9.999945e-01   4.461793e-06   0.000000e+00   0.000000e+00   4.973819e-01   4.401029e+00   9.999902e-01   4.401034e+00   4.401038e+00
1     4.279977e+01   9.999945e-01   4.467281e-06   0.000000e+00   0.000000e+00   5.002983e-01   5.026304e+00   9.999901e-01   5.026308e+00   5.026313e+00
1     4.289975e+01   9.999945e-01   4.464111e-06   0.000000e+00   0.000000e+00   5.033818e-01   5.651415e+00   9.999901e-01   5.651417e+00   5.651420e+00
1     4.299973e+01   9.999945e-01   4.453477e-06   0.000000e+00   0.000000e+00   5.054690e-01   6.277524e+00   9.999901e-01   6.277524e+00   6.277524e+00
1     4.309971e+01   9.999945e-01   4.439406e-06   0.000000e+00   0.000000e+00   5.057609e-01   6.222429e-01   9.999901e-01   6.222403e-01   6.222377e-01
1     4.319969e+01   9.999945e-01   4.427264e-06   0.000000e+00   0.000000e+00   5.041307e-01   1.252067e+00   9.999901e-01   1.252063e+00   1.252059e+00
1     4.329966e+01   9.999945e-01   4.421717e-06   0.000000e+00   0.000000e+00   5.011935e-01   1.883196e+00   9.999900e-01   1.883191e+00   1.883187e+00
1     4.339964e+01   9.999945e-01   4.424908e-06   0.000000e+00   0.000000e+00   4.980817e-01   2.514495e+00   9.999900e-01   2.514493e+00   2.514490e+00
1     4.349962e+01   9.999944e-01   4.435603e-06   0.000000e+00   0.000000e+00   4.959976e-01   3.144765e+00   9.999900e-01   3.144765e+00   3.144765e+00
1     4.359960e+01   9.999944e-01   4.449685e-06   0.000000e+00   0.000000e+00   4.957347e-01   3.773214e+00   9.999900e-01   3.773217e+00   3.773219e+00
1     4.369958e+01   9.999944e-01   4.461770e-06   0.000000e+00   0.000000e+00   4.973780e-01   4.399759e+00   9.999900e-01   4.399763e+00   4.399767e+00
1     4.379956e+01   9.999944e-01   4.467275e-06   0.000000e+00   0.000000e+00   5.002932e-01   5.025034e+00   9.999899e-01   5.025039e+00   5.025043e+00
1     4.389954e+01   9.999944e-01   4.464122e-06   0.000000e+00   0.000000e+00   5.033780e-01   5.650144e+00   9.999899e-01   5.650147e+00   5.650149e+00
1     4.399952e+01   9.999944e-01   4.453499e-06   0.000000e+00   0.000000e+00   5.054684e-01   6.276250e+00   9.999899e-01   6.276250e+00   6.276250e+00
1     4.409949e+01   9.999944e-01   4.439428e-06   0.000000e+00   0.000000e+00   5.057642e-01   6.209653e-01   9.999899e-01   6.209627e-01   6.209601e-01
1     4.419947e+01   9.999943e-01   4.427275e-06   0.000000e+00   0.000000e+00   5.041372e-01   1.250787e+00   9.999899e-01   1.250783e+00   1.250778e+00
1     4.429945e+01   9.999943e-01   4.421711e-06   0.000000e+00   0.000000e+00   5.012010e-01   1.881914e+00   9.999898e-01   1.881910e+00   1.881906e+00
1     4.439943e+01   9.999943e-01   4.424886e-06   0.000000e+00   0.000000e+00   4.980876e-01   2.513215e+00   9.999898e-01   2.513213e+00   2.513210e+00
1     4.449941e+01   9.999943e-01   4.435574e-06   0.000000e+00   0.000000e+00   4.960001e-01   3.143489e+00   9.999898e-01   3.143489e+00   3.143489e+00
1     4.459939e+01   9.999943e-01   4.449657e-06   0.000000e+00   0.000000e+00   4.957333e-01   3.771942e+00   9.999898e-01   3.771944e+00   3.771947e+00
1     4.469937e+01   9.999943e-01   4.461755e-06   0.000000e+00   0.000000e+00   4.973738e-01   4.398489e+00   9.999898e-01   4.398494e+00   4.398498e+00
1     4.479935e+01   9.999943e-01   4.467277e-06   0.000000e+00   0.000000e+00   5.002882e-01   5.023766e+00   9.999897e-01   5.023770e+00   5.023775e+00
1     4.489932e+01   9.999943e-01   4.464140e-06   0.000000e+00   0.000000e+00   5.033744e-01   5.648874e+00   9.999897e-01   5.648877e+00   5.648880e+00
1     4.499930e+01   9.999942e-01   4.453527e-06   0.000000e+00   0.000000e+00   5.054681e-01   6.274977e+00   9.999897e-01   6.274977e+00   6.274977e+00
1     4.509928e+01   9.999942e-01   4.439456e-06   0.000000e+00   0.000000e+00   5.057679e-01   6.196886e-01   9.999897e-01   6.196860e-01   6.196834e-01
1     4.519926e+01   9.999942e-01   4.427293e-06   0.000000e+00   0.000000e+00   5.041441e-01   1.249507e+00   9.999897e-01   1.249503e+00   1.249498e+00
1     4.529924e+01   9.999942e-01   4.421712e-06   0.000000e+00   0.000000e+00   5.012091e-01   1.880633e+00   9.999896e-01   1.880629e+00   1.880625e+00
1     4.539922e+01   9.999942e-01   4.424871e-06   0.000000e+00   0.000000e+00   4.980944e-01   2.511936e+00   9.999896e-01   2.511933e+00   2.511931e+00
1     4.549920e+01   9.999942e-01   4.435549e-06   0.000000e+00   0.000000e+00   4.960036e-01   3.142213e+00   9.999896e-01   3.142213e+00   3.142213e+00
1     4.559917e+01   9.999942e-01   4.449634e-06   0.000000e+00   0.000000e+00   4.957328e-01   3.770670e+00   9.999896e-01   3.770672e+00   3.770675e+00
1     4.569915e+01   9.999941e-01   4.461742e-06   0.000000e+00   0.000000e+00   4.973704e-01   4.397220e+00   9.999896e-01   4.397225e+00   4.397229e+00
1     4.579913e+01   9.999941e-01   4.467281e-06   0.000000e+00   0.000000e+00   5.002838e-01   5.022498e+00   9.999895e-01   5.022503e+00   5.022507e+00
1     4.589911e+01   9.999941e-01   4.464160e-06   0.000000e+00   0.000000e+00   5.033715e-01   5.647605e+00   9.999895e-01   5.647608e+00   5.647611e+00
1     4.599909e+01   9.999941e-01   4.453556e-06   0.000000e+00   0.000000e+00   5.054685e-01   6.273705e+00   9.999895e-01   6.273705e+00   6.273705e+00
1     4.609907e+01   9.999941e-01   4.439484e-06   0.000000e+00   0.000000e+00   5.057722e-01   6.184125e-01   9.999895e-01   6.184100e-01   6.184074e-01
1     4.619905e+01   9.999941e-01   4.427309e-06   0.000000e+00   0.000000e+00   5.041513e-01   1.248228e+00   9.999895e-01   1.248224e+00   1.248220e+00
1     4.629903e+01   9.999941e-01   4.421712e-06   0.000000e+00   0.000000e+00   5.012173e-01   1.879354e+00   9.999894e-01   1.879349e+00   1.879345e+00
1     4.639900e+01   9.999941e-01   4.424855e-06   0.000000e+00   0.000000e+00   4.981012e-01   2.510658e+00   9.999894e-01   2.510655e+00   2.510653e+00
1     4.649898e+01   9.999940e-01   4.435522e-06   0.000000e+00   0.000000e+00   4.960070e-01   3.140938e+00   9.999894e-01   3.140938e+00   3.140938e+00
1     4.659896e+01   9.999940e-01   4.449607e-06   0.000000e+00   0.000000e+00   4.957323e-01   3.769399e+00   9.999894e-01   3.769402e+00   3.769404e+00
1     4.669894e+01   9.999940e-01   4.461726e-06   0.000000e+00   0.000000e+00   4.973666e-01   4.395953e+00   9.999894e-01   4.395957e+00   4.395962e+00
1     4.679892e+01   9.999940e-01   4.467282e-06   0.000000e+00   0.000000e+00   5.002788e-01   5.021232e+00   9.999893e-01   5.021237e+00   5.021241e+00
1     4.689890e+01   9.999940e-01   4.464178e-06   0.000000e+00   0.000000e+00   5.033677e-01   5.646338e+00   9.999893e-01   5.646341e+00   5.646344e+00
1     4.699888e+01   9.999940e-01   4.453584e-06   0.000000e+00   0.000000e+00   5.054678e-01   6.272435e+00   9.999893e-01   6.272435e+00   6.272435e+00
1     4.709886e+01   9.999940e-01   4.439511e-06   0.000000e+00   0.000000e+00   5.057753e-01   6.171388e-01   9.999893e-01   6.171363e-01   6.171337e-01
1     4.719883e+01   9.999939e-01   4.427326e-06   0.000000e+00   0.000000e+00   5.041575e-01   1.246952e+00   9.999893e-01   1.246947e+00   1.246943e+00
1     4.729881e+01   9.999939e-01   4.421712e-06   0.000000e+00   0.000000e+00   5.012243e-01   1.878076e+00   9.999892e-01   1.878072e+00   1.878068e+00
1     4.739879e+01   9.999939e-01   4.424839e-06   0.000000e+00   0.000000e+00   4.981065e-01   2.509382e+00   9.999892e-01   2.509380e+00   2.509377e+00
1     4.749877e+01   9.999939e-01   4.435498e-06   0.000000e+00   0.000000e+00   4.960090e-01   3.139666e+00   9.999892e-01   3.139666e+00   3.139666e+00
1     4.759875e+01   9.999939e-01   4.449585e-06   0.000000e+00   0.000000e+00   4.957304e-01   3.768131e+00   9.999892e-01   3.768134e+00   3.768136e+00
1     4.769873e+01   9.999939e-01   4.461715e-06   0.000000e+00   0.000000e+00   4.973618e-01   4.394688e+00   9.999892e-01   4.394692e+00   4.394697e+00
1     4.779871e+01   9.999939e-01   4.467288e-06   0.000000e+00   0.000000e+00   5.002729e-01   5.019969e+00   9.999891e-01   5.019973e+00   5.019977e+00
1     4.789869e+01   9.999939e-01   4.464200e-06   0.000000e+00   0.000000e+00   5.033630e-01   5.645073e+00   9.999891e-01   5.645076e+00   5.645079e+00
1     4.799866e+01   9.999938e-01   4.453617e-06   0.000000e+00   0.000000e+00   5.054662e-01   6.271167e+00   9.999891e-01   6.271167e+00   6.271167e+00
1     4.809864e+01   9.999938e-01   4.439544e-06   0.000000e+00   0.000000e+00   5.057776e-01   6.158672e-01   9.999891e-01   6.158646e-01   6.158621e-01
1     4.819862e+01   9.999938e-01   4.427349e-06   0.000000e+00   0.000000e+00   5.041630e-01   1.245677e+00   9.999891e-01   1.245673e+00   1.245668e+00
1     4.829860e+01   9.999938e-01   4.421719e-06   0.000000e+00   0.000000e+00   5.012310e-01   1.876800e+00   9.999890e-01   1.876796e+00   1.876792e+00
1     4.839858e+01   9.999938e-01   4.424829e-06   0.000000e+00   0.000000e+00   4.981120e-01   2.508108e+00   9.999890e-01   2.508105e+00   2.508103e+00
1     4.849856e+01   9.999938e-01   4.435479e-06   0.000000e+00   0.000000e+00   4.960112e-01   3.138395e+00   9.999890e-01   3.138395e+00   3.138395e+00
1     4.859854e+01   9.999938e-01   4.449567e-06   0.000000e+00   0.000000e+00   4.957287e-01   3.766864e+00   9.999890e-01   3.766867e+00   3.766869e+00
1     4.869852e+01   9.999938e-01   4.461708e-06   0.000000e+00   0.000000e+00   4.973572e-01   4.393424e+00   9.999890e-01   4.393428e+00   4.393433e+00
1     4.879849e+01   9.999937e-01   4.467297e-06   0.000000e+00   0.000000e+00   5.002675e-01   5.018706e+00   9.999889e-01   5.018710e+00   5.018714e+00
1     4.889847e+01   9.999937e-01   4.464225e-06   0.000000e+00   0.000000e+00   5.033591e-01   5.643809e+00   9.999889e-01   5.643812e+00   5.643814e+00
1     4.899845e+01   9.999937e-01   4.453650e-06   0.000000e+00   0.000000e+00   5.054655e-01   6.269900e+00   9.999889e-01   6.269900e+00   6.269900e+00
1     4.909843e+01   9.999937e-01   4.439576e-06   0.000000e+00   0.000000e+00   5.057807e-01   6.145960e-01   9.999889e-01   6.145935e-01   6.145909e-01
1     4.919841e+01   9.999937e-01   4.427370e-06   0.000000e+00   0.000000e+00   5.041690e-01   1.244403e+00   9.999889e-01   1.244399e+00   1.244394e+00
1     4.929839e+01   9.999937e-01   4.421723e-06   0.000000e+00   0.000000e+00   5.012381e-01   1.875526e+00   9.999888e-01   1.875521e+00   1.875517e+00
1     4.939837e+01   9.999937e-01   4.424817e-06   0.000000e+00   0.000000e+00   4.981178e-01   2.506834e+00   9.999888e-01   2.506832e+00   2.506829e+00
1     4.949834e+01   9.999936e-01   4.435457e-06   0.000000e+00   0.000000e+00   4.960138e-01   3.137125e+00   9.999888e-01   3.137125e+00   3.137125e+00
1     4.959832e+01   9.999936e-01   4.449544e-06   0.000000e+00   0.000000e+00   4.957274e-01   3.765598e+00   9.999888e-01   3.765601e+00   3.765603e+00
1     4.969830e+01   9.999936e-01   4.461695e-06   0.000000e+00   0.000000e+00   4.973527e-01   4.392161e+00   9.999888e-01   4.392166e+00   4.392170e+00
1     4.979828e+01   9.999936e-01   4.467301e-06   0.000000e+00   0.000000e+00   5.002617e-01   5.017444e+00   9.999887e-01   5.017448e+00   5.017453e+00
1     4.989826e+01   9.999936e-01   4.464245e-06   0.000000e+00   0.000000e+00   5.033545e-01   5.642547e+00   9.999887e-01   5.642549e+00   5.642552e+00
1     4.999999e+01   9.999936e-01   4.453448e-06   0.000000e+00   0.000000e+00   5.054865e-01   6.279633e+00   9.999887e-01   6.279633e+00   6.279633e+00
1     5.009997e+01   9.999936e-01   4.439359e-06   0.000000e+00   0.000000e+00   5.057707e-01   6.243602e-01   9.999887e-01   6.243576e-01   6.243550e-01
1     5.019995e+01   9.999936e-01   4.427221e-06   0.000000e+00   0.000000e+00   5.041315e-01   1.254195e+00   9.999887e-01   1.254190e+00   1.254186e+00
1     5.029993e+01   9.999935e-01   4.421701e-06   0.000000e+00   0.000000e+00   5.011873e-01   1.885331e+00   9.999886e-01   1.885326e+00   1.885322e+00
1     5.039991e+01   9.999935e-01   4.424932e-06   0.000000e+00   0.000000e+00   4.980733e-01   2.516633e+00   9.999886e-01   2.516631e+00   2.516628e+00
1     5.049989e+01   9.999935e-01   4.435666e-06   0.000000e+00   0.000000e+00   4.959927e-01   3.146901e+00   9.999886e-01   3.146901e+00   3.146901e+00
1     5.059986e+01   9.999935e-01   4.449768e-06   0.000000e+00   0.000000e+00   4.957375e-01   3.775343e+00   9.999886e-01   3.775345e+00   3.775348e+00
1     5.069984e+01   9.999935e-01   4.461850e-06   0.000000e+00   0.000000e+00   4.973896e-01   4.401879e+00   9.999886e-01   4.401884e+00   4.401888e+00
1     5.079982e+01   9.999935e-01   4.467328e-06   0.000000e+00   0.000000e+00   5.003110e-01   5.027150e+00   9.999885e-01   5.027154e+00   5.027158e+00
1     5.089980e+01   9.999935e-01   4.464138e-06   0.000000e+00   0.000000e+00   5.033972e-01   5.652259e+00   9.999885e-01   5.652261e+00   5.652264e+00
1     5.099978e+01   9.999934e-01   4.453480e-06   0.000000e+00   0.000000e+00   5.054838e-01   6.278370e+00   9.999885e-01   6.278370e+00   6.278370e+00
1     5.109976e+01   9.999934e-01   4.439390e-06   0.000000e+00   0.000000e+00   5.057718e-01   6.230935e-01   9.999885e-01   6.230909e-01   6.230883e-01
1     5.119974e+01   9.999934e-01   4.427242e-06   0.000000e+00   0.000000e+00   5.041357e-01   1.252925e+00   9.999885e-01   1.252921e+00   1.252916e+00
1     5.129972e+01   9.999934e-01   4.421706e-06   0.000000e+00   0.000000e+00   5.011926e-01   1.884060e+00   9.999884e-01   1.884056e+00   1.884052e+00
1     5.139969e+01   9.999934e-01   4.424922e-06   0.000000e+00   0.000000e+00   4.980774e-01   2.515364e+00   9.999884e-01   2.515361e+00   2.515359e+00
1     5.149967e+01   9.999934e-01   4.435646e-06   0.000000e+00   0.000000e+00   4.959935e-01   3.145635e+00   9.999884e-01   3.145635e+00   3.145635e+00
1     5.159965e+01   9.999934e-01   4.449749e-06   0.000000e+00   0.000000e+00   4.957345e-01   3.774081e+00   9.999884e-01   3.774083e+00   3.774086e+00
1     5.169963e+01   9.999934e-01   4.461842e-06   0.000000e+00   0.000000e+00   4.973838e-01   4.400620e+00   9.999884e-01   4.400624e+00   4.400629e+00
1     5.179961e+01   9.999933e-01   4.467337e-06   0.000000e+00   0.000000e+00   5.003044e-01   5.025892e+00   9.999883e-01   5.025896e+00   5.025900e+00
1     5.189959e+01   9.999933e-01   4.464161e-06   0.000000e+00   0.000000e+00   5.033922e-01   5.650999e+00   9.999883e-01   5.651002e+00   5.651005e+00
1     5.199957e+01   9.999933e-01   4.453512e-06   0.000000e+00   0.000000e+00   5.054820e-01   6.277107e+00   9.999883e-01   6.277107e+00   6.277107e+00
1     5.209955e+01   9.999933e-01   4.439422e-06   0.000000e+00   0.000000e+00   5.057737e-01   6.218272e-01   9.999883e-01   6.218246e-01   6.218220e-01
1     5.219952e+01   9.999933e-01   4.427263e-06   0.000000e+00   0.000000e+00   5.041407e-01   1.251656e+00   9.999883e-01   1.251651e+00   1.251647e+00
1     5.229950e+01   9.999933e-01   4.421711e-06   0.000000e+00   0.000000e+00   5.011988e-01   1.882790e+00   9.999882e-01   1.882785e+00   1.882781e+00
1     5.239948e+01   9.999933e-01   4.424909e-06   0.000000e+00   0.000000e+00   4.980824e-01   2.514095e+00   9.999882e-01   2.514092e+00   2.514090e+00
1     5.249946e+01   9.999932e-01   4.435623e-06   0.000000e+00   0.000000e+00   4.959954e-01   3.144369e+00   9.999882e-01   3.144369e+00   3.144369e+00
1     5.259944e+01   9.999932e-01   4.449726e-06   0.000000e+00   0.000000e+00   4.957325e-01   3.772819e+00   9.999882e-01   3.772822e+00   3.772824e+00
1     5.269942e+01   9.999932e-01   4.461829e-06   0.000000e+00   0.000000e+00   4.973786e-01   4.399362e+00   9.999882e-01   4.399366e+00   4.399370e+00
1     5.279940e+01   9.999932e-01   4.467340e-06   0.000000e+00   0.000000e+00   5.002982e-01   5.024634e+00   9.999881e-01   5.024639e+00   5.024643e+00
1     5.289938e+01   9.999932e-01   4.464180e-06   0.000000e+00   0.000000e+00   5.033872e-01   5.649741e+00   9.999881e-01   5.649744e+00   5.649746e+00
1     5.299935e+01   9.999932e-01   4.453540e-06   0.000000e+00   0.000000e+00   5.054801e-01   6.275846e+00   9.999881e-01   6.275846e+00   6.275846e+00
1     5.309933e+01   9.999932e-01   4.439448e-06   0.000000e+00   0.000000e+00   5.057756e-01   6.205622e-01   9.999881e-01   6.205597e-01   6.205571e-01
1     5.319931e+01   9.999932e-01   4.427278e-06   0.000000e+00   0.000000e+00   5.041453e-01   1.250388e+00   9.999881e-01   1.250384e+00   1.250380e+00
1     5.329929e+01   9.999931e-01   4.421709e-06   0.000000e+00   0.000000e+00   5.012043e-01   1.881521e+00   9.999880e-01   1.881517e+00   1.881513e+00
1     5.339927e+01   9.999931e-01   4.424892e-06   0.000000e+00   0.000000e+00   4.980863e-01   2.512828e+00   9.999880e-01   2.512826e+00   2.512823e+00
1     5.349925e+01   9.999931e-01   4.435597e-06   0.000000e+00   0.000000e+00   4.959960e-01   3.143106e+00   9.999880e-01   3.143106e+00   3.143106e+00
1     5.359923e+01   9.999931e-01   4.449701e-06   0.000000e+00   0.000000e+00   4.957293e-01   3.771560e+00   9.999880e-01   3.771562e+00   3.771565e+00
1     5.369920e+01   9.999931e-01   4.461814e-06   0.000000e+00   0.000000e+00   4.973725e-01   4.398106e+00   9.999880e-01   4.398110e+00   4.398114e+00
1     5.379918e+01   9.999931e-01   4.467341e-06   0.000000e+00   0.000000e+00   5.002908e-01   5.023380e+00   9.999879e-01   5.023384e+00   5.023388e+00
1     5.389916e+01   9.999931e-01   4.464198e-06   0.000000e+00   0.000000e+00   5.033809e-01   5.648485e+00   9.999879e-01   5.648488e+00   5.648490e+00
1     5.399914e+01   9.999930e-01   4.453568e-06   0.000000e+00   0.000000e+00   5.054769e-01   6.274587e+00   9.999879e-01   6.274587e+00   6.274587e+00
1     5.409912e+01   9.999930e-01   4.439476e-06   0.000000e+00   0.000000e+00   5.057762e-01   6.192997e-01   9.999879e-01   6.192971e-01   6.192945e-01
1     5.419910e+01   9.999930e-01   4.427296e-06   0.000000e+00   0.000000e+00   5.041491e-01   1.249122e+00   9.999879e-01   1.249118e+00   1.249114e+00
1     5.429908e+01   9.999930e-01   4.421711e-06   0.000000e+00   0.000000e+00   5.012092e-01   1.880255e+00   9.999878e-01   1.880251e+00   1.880246e+00
1     5.439906e+01   9.999930e-01   4.424878e-06   0.000000e+00   0.000000e+00   4.980899e-01   2.511563e+00   9.999878e-01   2.511561e+00   2.511558e+00
1     5.449903e+01   9.999930e-01   4.435574e-06   0.000000e+00   0.000000e+00   4.959965e-01   3.141844e+00   9.999878e-01   3.141844e+00   3.141844e+00
1     5.459901e+01   9.999930e-01   4.449679e-06   0.000000e+00   0.000000e+00   4.957260e-01   3.770302e+00   9.999878e-01   3.770304e+00   3.770307e+00
1     5.469899e+01   9.999930e-01   4.461803e-06   0.000000e+00   0.000000e+00   4.973664e-01   4.396851e+00   9.999878e-01   4.396855e+00   4.396859e+00
1     5.479897e+01   9.999929e-01   4.467346e-06   0.000000e+00   0.000000e+00   5.002839e-01   5.022125e+00   9.999877e-01   5.022130e+00   5.022134e+00
1     5.489895e+01   9.999929e-01   4.464217e-06   0.000000e+00   0.000000e+00   5.033754e-01   5.647230e+00   9.999877e-01   5.647232e+00   5.647235e+00
1     5.499893e+01   9.999929e-01   4.453597e-06   0.000000e+00   0.000000e+00   5.054745e-01   6.273328e+00   9.999877e-01   6.273328e+00   6.273328e+00
1     5.509891e+01   9.999929e-01   4.439504e-06   0.000000e+00   0.000000e+00   5.057776e-01   6.180377e-01   9.999877e-01   6.180351e-01   6.180325e-01
1     5.519889e+01   9.999929e-01   4.427315e-06   0.000000e+00   0.000000e+00   5.041536e-01   1.247857e+00   9.999877e-01   1.247853e+00   1.247849e+00
1     5.529886e+01   9.999929e-01   4.421713e-06   0.000000e+00   0.000000e+00   5.012150e-01   1.878989e+00   9.999876e-01   1.878984e+00   1.878980e+00
1     5.539884e+01   9.999929e-01   4.424864e-06   0.000000e+00   0.000000e+00   4.980947e-01   2.510298e+00   9.999876e-01   2.510296e+00   2.510293e+00
1     5.549882e+01   9.999928e-01   4.435549e-06   0.000000e+00   0.000000e+00   4.959982e-01   3.140582e+00   9.999876e-01   3.140582e+00   3.140582e+00
1     5.559880e+01   9.999928e-01   4.449654e-06   0.000000e+00   0.000000e+00   4.957239e-01   3.769044e+00   9.999876e-01   3.769046e+00   3.769049e+00
1     5.569878e+01   9.999928e-01   4.461787e-06   0.000000e+00   0.000000e+00   4.973612e-01   4.395596e+00   9.999876e-01   4.395600e+00   4.395604e+00
1     5.579876e+01   9.999928e-01   4.467347e-06   0.000000e+00   0.000000e+00   5.002777e-01   5.020872e+00   9.999876e-01   5.020876e+00   5.020880e+00
1     5.589874e+01   9.999928e-01   4.464234e-06   0.000000e+00   0.000000e+00   5.033705e-01   5.645975e+00   9.999875e-01   5.645978e+00   5.645980e+00
1     5.599872e+01   9.999928e-01   4.453622e-06   0.000000e+00   0.000000e+00   5.054727e-01   6.272071e+00   9.999875e-01   6.272071e+00   6.272071e+00
1     5.609869e+01   9.999928e-01   4.439528e-06   0.000000e+00   0.000000e+00   5.057795e-01   6.167764e-01   9.999875e-01   6.167738e-01   6.167712e-01
1     5.619867e+01   9.999928e-01   4.427328e-06   0.000000e+00   0.000000e+00   5.041584e-01   1.246593e+00   9.999875e-01   1.246589e+00   1.246585e+00
1     5.629865e+01   9.999927e-01   4.421710e-06   0.000000e+00   0.000000e+00   5.012207e-01   1.877724e+00   9.999875e-01   1.877720e+00   1.877715e+00
1     5.639863e+01   9.999927e-01   4.424845e-06   0.000000e+00   0.000000e+00   4.980989e-01   2.509035e+00   9.999874e-01   2.509032e+00   2.509030e+00
1     5.649861e+01   9.999927e-01   4.435521e-06   0.000000e+00   0.000000e+00   4.959993e-01   3.139322e+00   9.999874e-01   3.139322e+00   3.139322e+00
1     5.659859e+01   9.999927e-01   4.449626e-06   0.000000e+00   0.000000e+00   4.957212e-01   3.767788e+00   9.999874e-01   3.767790e+00   3.767793e+00
1     5.669857e+01   9.999927e-01   4.461769e-06   0.000000e+00   0.000000e+00   4.973554e-01   4.394343e+00   9.999874e-01   4.394347e+00   4.394351e+00
1     5.679854e+01   9.999927e-01   4.467344e-06   0.000000e+00   0.000000e+00   5.002706e-01   5.019620e+00   9.999874e-01   5.019625e+00   5.019629e+00
1     5.689852e+01   9.999927e-01   4.464248e-06   0.000000e+00   0.000000e+00   5.033644e-01   5.644723e+00   9.999873e-01   5.644725e+00   5.644728e+00
1     5.699850e+01   9.999927e-01   4.453646e-06   0.000000e+00   0.000000e+00   5.054696e-01   6.270815e+00   9.999873e-01   6.270815e+00   6.270815e+00
1     5.709848e+01   9.999926e-01   4.439553e-06   0.000000e+00   0.000000e+00   5.057802e-01   6.155174e-01   9.999873e-01   6.155149e-01   6.155123e-01
1     5.719846e+01   9.999926e-01   4.427343e-06   0.000000e+00   0.000000e+00   5.041622e-01   1.245331e+00   9.999873e-01   1.245327e+00   1.245323e+00
1     5.729844e+01   9.999926e-01   4.421709e-06   0.000000e+00   0.000000e+00   5.012257e-01   1.876461e+00   9.999873e-01   1.876457e+00   1.876452e+00
1     5.739842e+01   9.999926e-01   4.424828e-06   0.000000e+00   0.000000e+00   4.981026e-01   2.507774e+00   9.999872e-01   2.507771e+00   2.507768e+00
1     5.749840e+01   9.999926e-01   4.435495e-06   0.000000e+00   0.000000e+00   4.959998e-01   3.138064e+00   9.999872e-01   3.138064e+00   3.138064e+00
1     5.759837e+01   9.999926e-01   4.449601e-06   0.000000e+00   0.000000e+00   4.957181e-01   3.766533e+00   9.999872e-01   3.766536e+00   3.766538e+00
1     5.769835e+01   9.999926e-01   4.461755e-06   0.000000e+00   0.000000e+00   4.973495e-01   4.393091e+00   9.999872e-01   4.393096e+00   4.393100e+00
1     5.779833e+01   9.999925e-01   4.467346e-06   0.000000e+00   0.000000e+00   5.002639e-01   5.018370e+00   9.999872e-01   5.018374e+00   5.018378e+00
1     5.789831e+01   9.999925e-01   4.464265e-06   0.000000e+00   0.000000e+00   5.033590e-01   5.643471e+00   9.999871e-01   5.643473e+00   5.643476e+00
1     5.799829e+01   9.999925e-01   4.453673e-06   0.000000e+00   0.000000e+00   5.054672e-01   6.269561e+00   9.999871e-01   6.269561e+00   6.269561e+00
1     5.809827e+01   9.999925e-01   4.439580e-06   0.000000e+00   0.000000e+00   5.057817e-01   6.142591e-01   9.999871e-01   6.142565e-01   6.142540e-01
1     5.819825e+01   9.999925e-01   4.427360e-06   0.000000e+00   0.000000e+00   5.041669e-01   1.244070e+00   9.999871e-01   1.244066e+00   1.244062e+00
1     5.829998e+01   9.999925e-01   4.421688e-06   0.000000e+00   0.000000e+00   5.011748e-01   1.886276e+00   9.999871e-01   1.886272e+00   1.886268e+00
1     5.839996e+01   9.999925e-01   4.424944e-06   0.000000e+00   0.000000e+00   4.980587e-01   2.517582e+00   9.999870e-01   2.517579e+00   2.517577e+00
1     5.849994e+01   9.999925e-01   4.435703e-06   0.000000e+00   0.000000e+00   4.959797e-01   3.147848e+00   9.999870e-01   3.147848e+00   3.147848e+00
1     5.859992e+01   9.999924e-01   4.449822e-06   0.000000e+00   0.000000e+00   4.957293e-01   3.776287e+00   9.999870e-01   3.776289e+00   3.776292e+00
1     5.869989e+01   9.999924e-01   4.461905e-06   0.000000e+00   0.000000e+00   4.973875e-01   4.402818e+00   9.999870e-01   4.402822e+00   4.402827e+00
1     5.879987e+01   9.999924e-01   4.467369e-06   0.000000e+00   0.000000e+00   5.003144e-01   5.028084e+00   9.999870e-01   5.028089e+00   5.028093e+00
1     5.889985e+01   9.999924e-01   4.464152e-06   0.000000e+00   0.000000e+00   5.034032e-01   5.653192e+00   9.999869e-01   5.653194e+00   5.653197e+00
1     5.899983e+01   9.999924e-01   4.453466e-06   0.000000e+00   0.000000e+00   5.054884e-01   6.279305e+00   9.999869e-01   6.279305e+00   6.279305e+00
1     5.909981e+01   9.999924e-01   4.439357e-06   0.000000e+00   0.000000e+00   5.057716e-01   6.240345e-01   9.999869e-01   6.240319e-01   6.240293e-01
1     5.919979e+01   9.999924e-01   4.427206e-06   0.000000e+00   0.000000e+00   5.041292e-01   1.253873e+00   9.999869e-01   1.253869e+00   1.253865e+00
1     5.929977e+01   9.999923e-01   4.421684e-06   0.000000e+00   0.000000e+00   5.011809e-01   1.885014e+00   9.999869e-01   1.885010e+00   1.885006e+00
1     5.939975e+01   9.999923e-01   4.424925e-06   0.000000e+00   0.000000e+00   4.980635e-01   2.516322e+00   9.999868e-01   2.516319e+00   2.516317e+00
1     5.949972e+01   9.999923e-01   4.435674e-06   0.000000e+00   0.000000e+00   4.959814e-01   3.146592e+00   9.999868e-01   3.146592e+00   3.146592e+00
1     5.959970e+01   9.999923e-01   4.449793e-06   0.000000e+00   0.000000e+00   4.957271e-01   3.775034e+00   9.999868e-01   3.775036e+00   3.775039e+00
1     5.969968e+01   9.999923e-01   4.461886e-06   0.000000e+00   0.000000e+00   4.973823e-01   4.401568e+00   9.999868e-01   4.401573e+00   4.401577e+00
1     5.979966e+01   9.999923e-01   4.467366e-06   0.000000e+00   0.000000e+00   5.003079e-01   5.026836e+00   9.999868e-01   5.026840e+00   5.026844e+00
1     5.989964e+01   9.999923e-01   4.464164e-06   0.000000e+00   0.000000e+00   5.033977e-01   5.651942e+00   9.999867e-01   5.651945e+00   5.651948e+00
1     5.999962e+01   9.999923e-01   4.453489e-06   0.000000e+00   0.000000e+00   5.054859e-01   6.278053e+00   9.999867e-01   6.278053e+00   6.278053e+00
1     6.009960e+01   9.999922e-01   4.439380e-06   0.000000e+00   0.000000e+00   5.057729e-01   6.227788e-01   9.999867e-01   6.227762e-01   6.227736e-01
1     6.019958e+01   9.999922e-01   4.427220e-06   0.000000e+00   0.000000e+00   5.041335e-01   1.252614e+00   9.999867e-01   1.252610e+00   1.252606e+00
1     6.029955e+01   9.999922e-01   4.421682e-06   0.000000e+00   0.000000e+00   5.011864e-01   1.883755e+00   9.999867e-01   1.883751e+00   1.883746e+00
1     6.039953e+01   9.999922e-01   4.424907e-06   0.000000e+00   0.000000e+00   4.980676e-01   2.515064e+00   9.999866e-01   2.515061e+00   2.515058e+00
1     6.049951e+01   9.999922e-01   4.435647e-06   0.000000e+00   0.000000e+00   4.959824e-01   3.145337e+00   9.999866e-01   3.145337e+00   3.145337e+00
1     6.059949e+01   9.999922e-01   4.449768e-06   0.000000e+00   0.000000e+00   4.957245e-01   3.773783e+00   9.999866e-01   3.773785e+00   3.773788e+00
1     6.069947e+01   9.999922e-01   4.461871e-06   0.000000e+00   0.000000e+00   4.973769e-01   4.400320e+00   9.999866e-01   4.400324e+00   4.400329e+00
1     6.079945e+01   9.999921e-01   4.467367e-06   0.000000e+00   0.000000e+00   5.003016e-01   5.025589e+00   9.999866e-01   5.025593e+00   5.025597e+00
1     6.089943e+01   9.999921e-01   4.464181e-06   0.000000e+00   0.000000e+00   5.033927e-01   5.650694e+00   9.999865e-01   5.650697e+00   5.650699e+00
1     6.099940e+01   9.999921e-01   4.453515e-06   0.000000e+00   0.000000e+00   5.054839e-01   6.276801e+00   9.999865e-01   6.276801e+00   6.276801e+00
1     6.109938e+01   9.999921e-01   4.439407e-06   0.000000e+00   0.000000e+00   5.057746e-01   6.215238e-01   9.999865e-01   6.215212e-01   6.215186e-01
1     6.119936e+01   9.999921e-01   4.427238e-06   0.000000e+00   0.000000e+00   5.041385e-01   1.251356e+00   9.999865e-01   1.251352e+00   1.251348e+00
1     6.129934e+01   9.999921e-01   4.421684e-06   0.000000e+00   0.000000e+00   5.011927e-01   1.882496e+00   9.999865e-01   1.882491e+00   1.882487e+00
1     6.139932e+01   9.999921e-01   4.424893e-06   0.000000e+00   0.000000e+00   4.980729e-01   2.513805e+00   9.999864e-01   2.513803e+00   2.513800e+00
1     6.149930e+01   9.999921e-01   4.435623e-06   0.000000e+00   0.000000e+00   4.959847e-01   3.144082e+00   9.999864e-01   3.144082e+00   3.144082e+00
1     6.159928e+01   9.999920e-01   4.449743e-06   0.000000e+00   0.000000e+00   4.957230e-01   3.772531e+00   9.999864e-01   3.772534e+00   3.772537e+00
1     6.169926e+01   9.999920e-01   4.461856e-06   0.000000e+00   0.000000e+00   4.973724e-01   4.399072e+00   9.999864e-01   4.399076e+00   4.399081e+00
1     6.179923e+01   9.999920e-01   4.467368e-06   0.000000e+00   0.000000e+00   5.002961e-01   5.024342e+00   9.999864e-01   5.024346e+00   5.024350e+00
1     6.189921e+01   9.999920e-01   4.464197e-06   0.000000e+00   0.000000e+00   5.033885e-01   5.649446e+00   9.999863e-01   5.649449e+00   5.649451e+00
1     6.199919e+01   9.999920e-01   4.453541e-06   0.000000e+00   0.000000e+00   5.054827e-01   6.275550e+00   9.999863e-01   6.275550e+00   6.275550e+00
1     6.209917e+01   9.999920e-01   4.439432e-06   0.000000e+00   0.000000e+00   5.057772e-01   6.202693e-01   9.999863e-01   6.202667e-01   6.202641e-01
1     6.219915e+01   9.999920e-01   4.427252e-06   0.000000e+00   0.000000e+00   5.041440e-01   1.250099e+00   9.999863e-01   1.250095e+00   1.250091e+00
1     6.229913e+01   9.999919e-01   4.421682e-06   0.000000e+00   0.000000e+00   5.011992e-01   1.881237e+00   9.999863e-01   1.881233e+00   1.881229e+00
1     6.239911e+01   9.999919e-01   4.424875e-06   0.000000e+00   0.000000e+00   4.980783e-01   2.512548e+00   9.999862e-01   2.512546e+00   2.512543e+00
1     6.249909e+01   9.999919e-01   4.435595e-06   0.000000e+00   0.000000e+00   4.959870e-01   3.142828e+00   9.999862e-01   3.142828e+00   3.142828e+00
1     6.259906e+01   9.999919e-01   4.449715e-06   0.000000e+00   0.000000e+00   4.957216e-01   3.771282e+00   9.999862e-01   3.771284e+00   3.771287e+00
1     6.269904e+01   9.999919e-01   4.461837e-06   0.000000e+00   0.000000e+00   4.973679e-01   4.397825e+00   9.999862e-01   4.397830e+00   4.397834e+00
1     6.279902e+01   9.999919e-01   4.467364e-06   0.000000e+00   0.000000e+00   5.002903e-01   5.023097e+00   9.999862e-01   5.023101e+00   5.023105e+00
1     6.289900e+01   9.999919e-01   4.464210e-06   0.000000e+00   0.000000e+00   5.033836e-01   5.648200e+00   9.999861e-01   5.648203e+00   5.648205e+00
1     6.299898e+01   9.999919e-01   4.453563e-06   0.000000e+00   0.000000e+00   5.054808e-01   6.274301e+00   9.999861e-01   6.274301e+00   6.274302e+00
1     6.309896e+01   9.999918e-01   4.439455e-06   0.000000e+00   0.000000e+00   5.057790e-01   6.190167e-01   9.999861e-01   6.190141e-01   6.190116e-01
1     6.319894e+01   9.999918e-01   4.427265e-06   0.000000e+00   0.000000e+00   5.041488e-01   1.248844e+00   9.999861e-01   1.248839e+00   1.248835e+00
1     6.329892e+01   9.999918e-01   4.421680e-06   0.000000e+00   0.000000e+00   5.012051e-01   1.879981e+00   9.999861e-01   1.879977e+00   1.879973e+00
1     6.339889e+01   9.999918e-01   4.424857e-06   0.000000e+00   0.000000e+00   4.980828e-01   2.511294e+00   9.999860e-01   2.511291e+00   2.511288e+00
1     6.349887e+01   9.999918e-01   4.435569e-06   0.000000e+00   0.000000e+00   4.959884e-01   3.141576e+00   9.999860e-01   3.141576e+00   3.141576e+00
1     6.359885e+01   9.999918e-01   4.449690e-06   0.000000e+00   0.000000e+00   4.957193e-01   3.770034e+00   9.999860e-01   3.770036e+00   3.770039e+00
1     6.369883e+01   9.999918e-01   4.461822e-06   0.000000e+00   0.000000e+00   4.973628e-01   4.396581e+00   9.999860e-01   4.396585e+00   4.396589e+00
1     6.379881e+01   9.999917e-01   4.467365e-06   0.000000e+00   0.000000e+00   5.002840e-01   5.021853e+00   9.999860e-01   5.021857e+00   5.021862e+00
1     6.389879e+01   9.999917e-01   4.464227e-06   0.000000e+00   0.000000e+00   5.033784e-01   5.646955e+00   9.999859e-01   5.646958e+00   5.646961e+00
1     6.399877e+01   9.999917e-01   4.453591e-06   0.000000e+00   0.000000e+00   5.054785e-01   6.273054e+00   9.999859e-01   6.273054e+00   6.273054e+00
1     6.409874e+01   9.999917e-01   4.439483e-06   0.000000e+00   0.000000e+00   5.057805e-01   6.177658e-01   9.999859e-01   6.177632e-01   6.177606e-01
1     6.419872e+01   9.999917e-01   4.427285e-06   0.000000e+00   0.000000e+00   5.041535e-01   1.247590e+00   9.999859e-01   1.247585e+00   1.247581e+00
1     6.429870e+01   9.999917e-01   4.421684e-06   0.000000e+00   0.000000e+00   5.012112e-01   1.878726e+00   9.999859e-01   1.878721e+00   1.878717e+00
1     6.439868e+01   9.999917e-01   4.424845e-06   0.000000e+00   0.000000e+00   4.980880e-01   2.510039e+00   9.999858e-01   2.510037e+00   2.510034e+00
1     6.449866e+01   9.999917e-01   4.435547e-06   0.000000e+00   0.000000e+00   4.959906e-01   3.140325e+00   9.999858e-01   3.140325e+00   3.140325e+00
1     6.459864e+01   9.999916e-01   4.449667e-06   0.000000e+00   0.000000e+00   4.957177e-01   3.768787e+00   9.999858e-01   3.768789e+00   3.768792e+00
1     6.469862e+01   9.999916e-01   4.461810e-06   0.000000e+00   0.000000e+00   4.973582e-01   4.395336e+00   9.999858e-01   4.395341e+00   4.395345e+00
1     6.479860e+01   9.999916e-01   4.467368e-06   0.000000e+00   0.000000e+00   5.002785e-01   5.020610e+00   9.999858e-01   5.020614e+00   5.020618e+00
1     6.489857e+01   9.999916e-01   4.464245e-06   0.000000e+00   0.000000e+00   5.033742e-01   5.645711e+00   9.999857e-01   5.645714e+00   5.645716e+00
1     6.499855e+01   9.999916e-01   4.453618e-06   0.000000e+00   0.000000e+00   5.054774e-01   6.271807e+00   9.999857e-01   6.271807e+00   6.271807e+00
1     6.509853e+01   9.999916e-01   4.439509e-06   0.000000e+00   0.000000e+00   5.057830e-01   6.165150e-01   9.999857e-01   6.165124e-01   6.165099e-01
1     6.519851e+01   9.999916e-01   4.427301e-06   0.000000e+00   0.000000e+00   5.041590e-01   1.246336e+00   9.999857e-01   1.246332e+00   1.246328e+00
1     6.529849e+01   9.999915e-01   4.421684e-06   0.000000e+00   0.000000e+00   5.012177e-01   1.877471e+00   9.999857e-01   1.877467e+00   1.877463e+00
1     6.539847e+01   9.999915e-01   4.424830e-06   0.000000e+00   0.000000e+00   4.980933e-01   2.508786e+00   9.999856e-01   2.508784e+00   2.508781e+00
1     6.549845e+01   9.999915e-01   4.435521e-06   0.000000e+00   0.000000e+00   4.959929e-01   3.139075e+00   9.999856e-01   3.139075e+00   3.139075e+00
1     6.559843e+01   9.999915e-01   4.449641e-06   0.000000e+00   0.000000e+00   4.957163e-01   3.767540e+00   9.999856e-01   3.767543e+00   3.767546e+00
1     6.569840e+01   9.999915e-01   4.461792e-06   0.000000e+00   0.000000e+00   4.973537e-01   4.394094e+00   9.999856e-01   4.394098e+00   4.394102e+00
1     6.579838e+01   9.999915e-01   4.467366e-06   0.000000e+00   0.000000e+00   5.002726e-01   5.019368e+00   9.999856e-01   5.019373e+00   5.019377e+00
1     6.589836e+01   9.999915e-01   4.464259e-06   0.000000e+00   0.000000e+00   5.033693e-01   5.644469e+00   9.999855e-01   5.644471e+00   5.644474e+00
1     6.599834e+01   9.999915e-01   4.453642e-06   0.000000e+00   0.000000e+00   5.054754e-01   6.270562e+00   9.999855e-01   6.270562e+00   6.270562e+00
1     6.609832e+01   9.999914e-01   4.439534e-06   0.000000e+00   0.000000e+00   5.057847e-01   6.152663e-01   9.999855e-01   6.152637e-01   6.152611e-01
1     6.619830e+01   9.999914e-01   4.427316e-06   0.000000e+00   0.000000e+00   5.041637e-01   1.245084e+00   9.999855e-01   1.245080e+00   1.245076e+00
1     6.629828e+01   9.999914e-01   4.421683e-06   0.000000e+00   0.000000e+00   5.012236e-01   1.876219e+00   9.999855e-01   1.876214e+00   1.876210e+00
1     6.639826e+01   9.999914e-01   4.424813e-06   0.000000e+00   0.000000e+00   4.980979e-01   2.507535e+00   9.999854e-01   2.507532e+00   2.507530e+00
1     6.649999e+01   9.999914e-01   4.435729e-06   0.000000e+00   0.000000e+00   4.959724e-01   3.148870e+00   9.999854e-01   3.148870e+00   3.148870e+00
1     6.659997e+01   9.999914e-01   4.449862e-06   0.000000e+00   0.000000e+00   4.957272e-01   3.777304e+00   9.999854e-01   3.777307e+00   3.777309e+00
1     6.669995e+01   9.999914e-01   4.461943e-06   0.000000e+00   0.000000e+00   4.973915e-01   4.403830e+00   9.999854e-01   4.403835e+00   4.403839e+00
1     6.679992e+01   9.999913e-01   4.467389e-06   0.000000e+00   0.000000e+00   5.003227e-01   5.029093e+00   9.999854e-01   5.029097e+00   5.029102e+00
1     6.689990e+01   9.999913e-01   4.464146e-06   0.000000e+00   0.000000e+00   5.034126e-01   5.654201e+00   9.999853e-01   5.654203e+00   5.654206e+00
1     6.699988e+01   9.999913e-01   4.453437e-06   0.000000e+00   0.000000e+00   5.054953e-01   6.280317e+00   9.999853e-01   6.280317e+00   6.280317e+00
1     6.709986e+01   9.999913e-01   4.439316e-06   0.000000e+00   0.000000e+00   5.057734e-01   6.250528e-01   9.999853e-01   6.250502e-01   6.250476e-01
1     6.719984e+01   9.999913e-01   4.427169e-06   0.000000e+00   0.000000e+00   5.041251e-01   1.254898e+00   9.999853e-01   1.254894e+00   1.254890e+00
1     6.729982e+01   9.999913e-01   4.421665e-06   0.000000e+00   0.000000e+00   5.011724e-01   1.886045e+00   9.999853e-01   1.886041e+00   1.886037e+00
1     6.739980e+01   9.999913e-01   4.424932e-06   0.000000e+00   0.000000e+00   4.980537e-01   2.517355e+00   9.999852e-01   2.517352e+00   2.517349e+00
1     6.749978e+01   9.999913e-01   4.435707e-06   0.000000e+00   0.000000e+00   4.959741e-01   3.147623e+00   9.999852e-01   3.147623e+00   3.147623e+00
1     6.759975e+01   9.999912e-01   4.449840e-06   0.000000e+00   0.000000e+00   4.957252e-01   3.776061e+00   9.999852e-01   3.776063e+00   3.776066e+00
1     6.769973e+01   9.999912e-01   4.461931e-06   0.000000e+00   0.000000e+00   4.973866e-01   4.402590e+00   9.999852e-01   4.402595e+00   4.402599e+00
1     6.779971e+01   9.999912e-01   4.467392e-06   0.000000e+00   0.000000e+00   5.003168e-01   5.027854e+00   9.999852e-01   5.027858e+00   5.027863e+00
1     6.789969e+01   9.999912e-01   4.464165e-06   0.000000e+00   0.000000e+00   5.034080e-01   5.652960e+00   9.999851e-01   5.652963e+00   5.652966e+00
1     6.799967e+01   9.999912e-01   4.453465e-06   0.000000e+00   0.000000e+00   5.054938e-01   6.279074e+00   9.999851e-01   6.279074e+00   6.279074e+00
1     6.809965e+01   9.999912e-01   4.439343e-06   0.000000e+00   0.000000e+00   5.057756e-01   6.238062e-01   9.999851e-01   6.238036e-01   6.238010e-01
1     6.819963e+01   9.999912e-01   4.427186e-06   0.000000e+00   0.000000e+00   5.041303e-01   1.253649e+00   9.999851e-01   1.253645e+00   1.253640e+00
1     6.829960e+01   9.999912e-01   4.421667e-06   0.000000e+00   0.000000e+00   5.011787e-01   1.884795e+00   9.999851e-01   1.884790e+00   1.884786e+00
1     6.839958e+01   9.999911e-01   4.424917e-06   0.000000e+00   0.000000e+00   4.980591e-01   2.516105e+00   9.999850e-01   2.516103e+00   2.516100e+00
1     6.849956e+01   9.999911e-01   4.435681e-06   0.000000e+00   0.000000e+00   4.959765e-01   3.146377e+00   9.999850e-01   3.146377e+00   3.146377e+00
1     6.859954e+01   9.999911e-01   4.449814e-06   0.000000e+00   0.000000e+00   4.957238e-01   3.774818e+00   9.999850e-01   3.774821e+00   3.774824e+00
1     6.869952e+01   9.999911e-01   4.461913e-06   0.000000e+00   0.000000e+00   4.973821e-01   4.401351e+00   9.999850e-01   4.401355e+00   4.401360e+00
1     6.879950e+01   9.999911e-01   4.467391e-06   0.000000e+00   0.000000e+00   5.003110e-01   5.026616e+00   9.999850e-01   5.026621e+00   5.026625e+00
1     6.889948e+01   9.999911e-01   4.464179e-06   0.000000e+00   0.000000e+00   5.034032e-01   5.651722e+00   9.999849e-01   5.651724e+00   5.651727e+00
1     6.899946e+01   9.999911e-01   4.453489e-06   0.000000e+00   0.000000e+00   5.054919e-01   6.277832e+00   9.999849e-01   6.277832e+00   6.277832e+00
1     6.909943e+01   9.999910e-01   4.439367e-06   0.000000e+00   0.000000e+00   5.057773e-01   6.225612e-01   9.999849e-01   6.225586e-01   6.225560e-01
1     6.919941e+01   9.999910e-01   4.427201e-06   0.000000e+00   0.000000e+00   5.041350e-01   1.252401e+00   9.999849e-01   1.252397e+00   1.252393e+00
1     6.929939e+01   9.999910e-01   4.421666e-06   0.000000e+00   0.000000e+00   5.011846e-01   1.883546e+00   9.999849e-01   1.883542e+00   1.883537e+00
1     6.939937e+01   9.999910e-01   4.424901e-06   0.000000e+00   0.000000e+00   4.980636e-01   2.514858e+00   9.999848e-01   2.514855e+00   2.514853e+00
1     6.949935e+01   9.999910e-01   4.435656e-06   0.000000e+00   0.000000e+00   4.959779e-01   3.145132e+00   9.999848e-01   3.145133e+00   3.145133e+00
1     6.959933e+01   9.999910e-01   4.449789e-06   0.000000e+00   0.000000e+00   4.957216e-01   3.773578e+00   9.999848e-01   3.773581e+00   3.773583e+00
1     6.969931e+01   9.999910e-01   4.461898e-06   0.000000e+00   0.000000e+00   4.973768e-01   4.400114e+00   9.999848e-01   4.400118e+00   4.400122e+00
1     6.979929e+01   9.999910e-01   4.467391e-06   0.000000e+00   0.000000e+00   5.003045e-01   5.025380e+00   9.999848e-01   5.025385e+00   5.025389e+00
1     6.989926e+01   9.999909e-01   4.464195e-06   0.000000e+00   0.000000e+00   5.033976e-01   5.650485e+00   9.999847e-01   5.650488e+00   5.650490e+00
1     6.999924e+01   9.999909e-01   4.453516e-06   0.000000e+00   0.000000e+00   5.054891e-01   6.276593e+00   9.999847e-01   6.276593e+00   6.276593e+00
1     7.009922e+01   9.999909e-01   4.439395e-06   0.000000e+00   0.000000e+00   5.057783e-01   6.213181e-01   9.999847e-01   6.213156e-01   6.213130e-01
1     7.019920e+01   9.999909e-01   4.427220e-06   0.000000e+00   0.000000e+00   5.041392e-01   1.251155e+00   9.999847e-01   1.251151e+00   1.251146e+00
1     7.029918e+01   9.999909e-01   4.421669e-06   0.000000e+00   0.000000e+00   5.011901e-01   1.882298e+00   9.999847e-01   1.882294e+00   1.882290e+00
1     7.039916e+01   9.999909e-01   4.424889e-06   0.000000e+00   0.000000e+00   4.980681e-01   2.513612e+00   9.999846e-01   2.513609e+00   2.513606e+00
1     7.049914e+01   9.999909e-01   4.435634e-06   0.000000e+00   0.000000e+00   4.959795e-01   3.143889e+00   9.999846e-01   3.143889e+00   3.143889e+00
1     7.059912e+01   9.999908e-01   4.449767e-06   0.000000e+00   0.000000e+00   4.957195e-01   3.772339e+00   9.999846e-01   3.772341e+00   3.772344e+00
1     7.069909e+01   9.999908e-01   4.461886e-06   0.000000e+00   0.000000e+00   4.973718e-01   4.398878e+00   9.999846e-01   4.398882e+00   4.398886e+00
1     7.079907e+01   9.999908e-01   4.467394e-06   0.000000e+00   0.000000e+00   5.002985e-01   5.024145e+00   9.999846e-01   5.024150e+00   5.024154e+00
1     7.089905e+01   9.999908e-01   4.464213e-06   0.000000e+00   0.000000e+00   5.033928e-01   5.649249e+00   9.999845e-01   5.649251e+00   5.649254e+00
1     7.099903e+01   9.999908e-01   4.453543e-06   0.000000e+00   0.000000e+00   5.054874e-01   6.275354e+00   9.999845e-01   6.275354e+00   6.275354e+00
1     7.109901e+01   9.999908e-01   4.439422e-06   0.000000e+00   0.000000e+00   5.057802e-01   6.200754e-01   9.999845e-01   6.200729e-01   6.200703e-01
1     7.119899e+01   9.999908e-01   4.427237e-06   0.000000e+00   0.000000e+00   5.041441e-01   1.249909e+00   9.999845e-01   1.249905e+00   1.249901e+00
1     7.129897e+01   9.999908e-01   4.421671e-06   0.000000e+00   0.000000e+00   5.011963e-01   1.881052e+00   9.999845e-01   1.881047e+00   1.881043e+00
1     7.139894e+01   9.999907e-01   4.424875e-06   0.000000e+00   0.000000e+00   4.980734e-01   2.512366e+00   9.999844e-01   2.512363e+00   2.512361e+00
1     7.149892e+01   9.999907e-01   4.435609e-06   0.000000e+00   0.000000e+00   4.959819e-01   3.142647e+00   9.999844e-01   3.142647e+00   3.142647e+00
1     7.159890e+01   9.999907e-01   4.449741e-06   0.000000e+00   0.000000e+00   4.957181e-01   3.771100e+00   9.999844e-01   3.771103e+00   3.771105e+00
1     7.169888e+01   9.999907e-01   4.461869e-06   0.000000e+00   0.000000e+00   4.973673e-01   4.397642e+00   9.999844e-01   4.397646e+00   4.397650e+00
1     7.179886e+01   9.999907e-01   4.467392e-06   0.000000e+00   0.000000e+00   5.002926e-01   5.022911e+00   9.999844e-01   5.022915e+00   5.022920e+00
1     7.189884e+01   9.999907e-01   4.464228e-06   0.000000e+00   0.000000e+00   5.033880e-01   5.648014e+00   9.999843e-01   5.648016e+00   5.648019e+00
1     7.199882e+01   9.999907e-01   4.453567e-06   0.000000e+00   0.000000e+00   5.054854e-01   6.274116e+00   9.999843e-01   6.274116e+00   6.274116e+00
1     7.209880e+01   9.999906e-01   4.439447e-06   0.000000e+00   0.000000e+00   5.057819e-01   6.188342e-01   9.999843e-01   6.188317e-01   6.188291e-01
1     7.219877e+01   9.999906e-01   4.427252e-06   0.000000e+00   0.000000e+00   5.041488e-01   1.248665e+00   9.999843e-01   1.248661e+00   1.248657e+00
1     7.229875e+01   9.999906e-01   4.421670e-06   0.000000e+00   0.000000e+00   5.012021e-01   1.879807e+00   9.999843e-01   1.879802e+00   1.879798e+00
1     7.239873e+01   9.999906e-01   4.424859e-06   0.000000e+00   0.000000e+00   4.980779e-01   2.511122e+00   9.999842e-01   2.511120e+00   2.511117e+00
1     7.249871e+01   9.999906e-01   4.435584e-06   0.000000e+00   0.000000e+00   4.959833e-01   3.141406e+00   9.999842e-01   3.141406e+00   3.141406e+00
1     7.259869e+01   9.999906e-01   4.449716e-06   0.000000e+00   0.000000e+00   4.957159e-01   3.769863e+00   9.999842e-01   3.769866e+00   3.769868e+00
1     7.269867e+01   9.999906e-01   4.461853e-06   0.000000e+00   0.000000e+00   4.973621e-01   4.396408e+00   9.999842e-01   4.396413e+00   4.396417e+00
1     7.279865e+01   9.999906e-01   4.467392e-06   0.000000e+00   0.000000e+00   5.002861e-01   5.021679e+00   9.999842e-01   5.021683e+00   5.021688e+00
1     7.289863e+01   9.999905e-01   4.464243e-06   0.000000e+00   0.000000e+00   5.033824e-01   5.646781e+00   9.999841e-01   5.646783e+00   5.646786e+00
1     7.299860e+01   9.999905e-01   4.453594e-06   0.000000e+00   0.000000e+00   5.054826e-01   6.272881e+00   9.999841e-01   6.272881e+00   6.272881e+00
1     7.309858e+01   9.999905e-01   4.439475e-06   0.000000e+00   0.000000e+00   5.057828e-01   6.175950e-01   9.999841e-01   6.175924e-01   6.175898e-01
1     7.319856e+01   9.999905e-01   4.427271e-06   0.000000e+00   0.000000e+00   5.041529e-01   1.247423e+00   9.999841e-01   1.247419e+00   1.247415e+00
1     7.329854e+01   9.999905e-01   4.421674e-06   0.000000e+00   0.000000e+00   5.012076e-01   1.878563e+00   9.999841e-01   1.878559e+00   1.878555e+00
1     7.339852e+01   9.999905e-01   4.424846e-06   0.000000e+00   0.000000e+00   4.980824e-01   2.509880e+00   9.999840e-01   2.509877e+00   2.509875e+00
1     7.349850e+01   9.999905e-01   4.435561e-06   0.000000e+00   0.000000e+00   4.959849e-01   3.140167e+00   9.999840e-01   3.140167e+00   3.140167e+00
1     7.359848e+01   9.999904e-01   4.449693e-06   0.000000e+00   0.000000e+00   4.957138e-01   3.768628e+00   9.999840e-01   3.768630e+00   3.768633e+00
1     7.369846e+01   9.999904e-01   4.461840e-06   0.000000e+00   0.000000e+00   4.973571e-01   4.395176e+00   9.999840e-01   4.395180e+00   4.395184e+00
1     7.379843e+01   9.999904e-01   4.467395e-06   0.000000e+00   0.000000e+00   5.002801e-01   5.020448e+00   9.999840e-01   5.020452e+00   5.020456e+00
1     7.389841e+01   9.999904e-01   4.464261e-06   0.000000e+00   0.000000e+00   5.033775e-01   5.645548e+00   9.999839e-01   5.645551e+00   5.645554e+00
1     7.399839e+01   9.999904e-01   4.453621e-06   0.000000e+00   0.000000e+00   5.054807e-01   6.271645e+00   9.999839e-01   6.271645e+00   6.271645e+00
1     7.409837e+01   9.999904e-01   4.439502e-06   0.000000e+00   0.000000e+00   5.057846e-01   6.163562e-01   9.999839e-01   6.163536e-01   6.163510e-01
1     7.419835e+01   9.999904e-01   4.427289e-06   0.000000e+00   0.000000e+00   5.041578e-01   1.246181e+00   9.999839e-01   1.246177e+00   1.246173e+00
1     7.429833e+01   9.999904e-01   4.421676e-06   0.000000e+00   0.000000e+00   5.012138e-01   1.877320e+00   9.999839e-01   1.877316e+00   1.877312e+00
1     7.439831e+01   9.999903e-01   4.424832e-06   0.000000e+00   0.000000e+00   4.980877e-01   2.508638e+00   9.999838e-01   2.508635e+00   2.508633e+00
1     7.449828e+01   9.999903e-01   4.435536e-06   0.000000e+00   0.000000e+00   4.959873e-01   3.138928e+00   9.999838e-01   3.138928e+00   3.138928e+00
1     7.459826e+01   9.999903e-01   4.449666e-06   0.000000e+00   0.000000e+00   4.957125e-01   3.767393e+00   9.999838e-01   3.767395e+00   3.767398e+00
1     7.470000e+01   9.999903e-01   4.461987e-06   0.000000e+00   0.000000e+00   4.973956e-01   4.404922e+00   9.999838e-01   4.404926e+00   4.404931e+00
1     7.479998e+01   9.999903e-01   4.467413e-06   0.000000e+00   0.000000e+00   5.003306e-01   5.030182e+00   9.999838e-01   5.030186e+00   5.030190e+00
1     7.489995e+01   9.999903e-01   4.464144e-06   0.000000e+00   0.000000e+00   5.034212e-01   5.655290e+00   9.999837e-01   5.655292e+00   5.655295e+00
1     7.499993e+01   9.999903e-01   4.453411e-06   0.000000e+00   0.000000e+00   5.055010e-01   6.281410e+00   9.999837e-01   6.281410e+00   6.281410e+00
1     7.509991e+01   9.999902e-01   4.439279e-06   0.000000e+00   0.000000e+00   5.057736e-01   6.261524e-01   9.999837e-01   6.261498e-01   6.261472e-01
1     7.519989e+01   9.999902e-01   4.427137e-06   0.000000e+00   0.000000e+00   5.041193e-01   1.256005e+00   9.999837e-01   1.256001e+00   1.255997e+00
1     7.529987e+01   9.999902e-01   4.421653e-06   0.000000e+00   0.000000e+00   5.011625e-01   1.887157e+00   9.999837e-01   1.887153e+00   1.887148e+00
1     7.539985e+01   9.999902e-01   4.424947e-06   0.000000e+00   0.000000e+00   4.980433e-01   2.518468e+00   9.999836e-01   2.518465e+00   2.518463e+00
1     7.549983e+01   9.999902e-01   4.435744e-06   0.000000e+00   0.000000e+00   4.959668e-01   3.148734e+00   9.999836e-01   3.148734e+00   3.148734e+00
1     7.559980e+01   9.999902e-01   4.449887e-06   0.000000e+00   0.000000e+00   4.957234e-01   3.777167e+00   9.999836e-01   3.777170e+00   3.777173e+00
1     7.569978e+01   9.999902e-01   4.461971e-06   0.000000e+00   0.000000e+00   4.973903e-01   4.403692e+00   9.999836e-01   4.403696e+00   4.403701e+00
1     7.579976e+01   9.999902e-01   4.467412e-06   0.000000e+00   0.000000e+00   5.003241e-01   5.028954e+00   9.999836e-01   5.028958e+00   5.028962e+00
1     7.589974e+01   9.999901e-01   4.464159e-06   0.000000e+00   0.000000e+00   5.034155e-01   5.654061e+00   9.999835e-01   5.654063e+00   5.654066e+00
1     7.599972e+01   9.999901e-01   4.453437e-06   0.000000e+00   0.000000e+00   5.054981e-01   6.280178e+00   9.999835e-01   6.280178e+00   6.280178e+00
1     7.609970e+01   9.999901e-01   4.439306e-06   0.000000e+00   0.000000e+00   5.057744e-01   6.249170e-01   9.999835e-01   6.249144e-01   6.249118e-01
1     7.619968e+01   9.999901e-01   4.427156e-06   0.000000e+00   0.000000e+00   5.041234e-01   1.254766e+00   9.999835e-01   1.254762e+00   1.254758e+00
1     7.629966e+01   9.999901e-01   4.421657e-06   0.000000e+00   0.000000e+00   5.011680e-01   1.885917e+00   9.999835e-01   1.885913e+00   1.885909e+00
1     7.639963e+01   9.999901e-01   4.424934e-06   0.000000e+00   0.000000e+00   4.980478e-01   2.517229e+00   9.999834e-01   2.517227e+00   2.517224e+00
1     7.649961e+01   9.999901e-01   4.435721e-06   0.000000e+00   0.000000e+00   4.959684e-01   3.147498e+00   9.999834e-01   3.147498e+00   3.147499e+00
1     7.659959e+01   9.999900e-01   4.449864e-06   0.000000e+00   0.000000e+00   4.957213e-01   3.775936e+00   9.999834e-01   3.775938e+00   3.775941e+00
1     7.669957e+01   9.999900e-01   4.461957e-06   0.000000e+00   0.000000e+00   4.973853e-01   4.402463e+00   9.999834e-01   4.402468e+00   4.402472e+00
1     7.679955e+01   9.999900e-01   4.467415e-06   0.000000e+00   0.000000e+00   5.003180e-01   5.027726e+00   9.999834e-01   5.027730e+00   5.027734e+00
1     7.689953e+01   9.999900e-01   4.464177e-06   0.000000e+00   0.000000e+00   5.034106e-01   5.652832e+00   9.999833e-01   5.652834e+00   5.652837e+00
1     7.699951e+01   9.999900e-01   4.453464e-06   0.000000e+00   0.000000e+00   5.054962e-01   6.278947e+00   9.999833e-01   6.278947e+00   6.278947e+00
1     7.709949e+01   9.999900e-01   4.439333e-06   0.000000e+00   0.000000e+00   5.057762e-01   6.236819e-01   9.999833e-01   6.236793e-01   6.236767e-01
1     7.719946e+01   9.999900e-01   4.427174e-06   0.000000e+00   0.000000e+00   5.041283e-01   1.253528e+00   9.999833e-01   1.253524e+00   1.253520e+00
1     7.729944e+01   9.999900e-01   4.421659e-06   0.000000e+00   0.000000e+00   5.011743e-01   1.884678e+00   9.999833e-01   1.884673e+00   1.884669e+00
1     7.739942e+01   9.999899e-01   4.424921e-06   0.000000e+00   0.000000e+00   4.980532e-01   2.515991e+00   9.999832e-01   2.515988e+00   2.515986e+00
1     7.749940e+01   9.999899e-01   4.435697e-06   0.000000e+00   0.000000e+00   4.959709e-01   3.146263e+00   9.999832e-01   3.146263e+00   3.146263e+00
1     7.759938e+01   9.999899e-01   4.449839e-06   0.000000e+00   0.000000e+00   4.957201e-01   3.774704e+00   9.999832e-01   3.774707e+00   3.774709e+00
1     7.769936e+01   9.999899e-01   4.461941e-06   0.000000e+00   0.000000e+00   4.973810e-01   4.401235e+00   9.999832e-01   4.401239e+00   4.401244e+00
1     7.779934e+01   9.999899e-01   4.467413e-06   0.000000e+00   0.000000e+00   5.003124e-01   5.026499e+00   9.999832e-01   5.026503e+00   5.026508e+00
1     7.789932e+01   9.999899e-01   4.464191e-06   0.000000e+00   0.000000e+00   5.034060e-01   5.651604e+00   9.999831e-01   5.651607e+00   5.651609e+00
1     7.799929e+01   9.999899e-01   4.453489e-06   0.000000e+00   0.000000e+00   5.054944e-01   6.277716e+00   9.999831e-01   6.277716e+00   6.277716e+00
1     7.809927e+01   9.999898e-01   4.439358e-06   0.000000e+00   0.000000e+00   5.057780e-01   6.224480e-01   9.999831e-01   6.224455e-01   6.224429e-01
1     7.819925e+01   9.999898e-01   4.427189e-06   0.000000e+00   0.000000e+00   5.041331e-01   1.252292e+00   9.999831e-01   1.252287e+00   1.252283e+00
1     7.829923e+01   9.999898e-01   4.421659e-06   0.000000e+00   0.000000e+00   5.011801e-01   1.883440e+00   9.999831e-01   1.883436e+00   1.883432e+00
1     7.839921e+01   9.999898e-01   4.424905e-06   0.000000e+00   0.000000e+00   4.980578e-01   2.514754e+00   9.999830e-01   2.514752e+00   2.514749e+00
1     7.849919e+01   9.999898e-01   4.435671e-06   0.000000e+00   0.000000e+00   4.959726e-01   3.145030e+00   9.999830e-01   3.145030e+00   3.145030e+00
1     7.859917e+01   9.999898e-01   4.449813e-06   0.000000e+00   0.000000e+00   4.957181e-01   3.773475e+00   9.999830e-01   3.773477e+00   3.773480e+00
1     7.869914e+01   9.999898e-01   4.461924e-06   0.000000e+00   0.000000e+00   4.973759e-01   4.400009e+00   9.999830e-01   4.400013e+00   4.400017e+00
1     7.879912e+01   9.999898e-01   4.467412e-06   0.000000e+00   0.000000e+00   5.003060e-01   5.025274e+00   9.999830e-01   5.025279e+00   5.025283e+00
1     7.889910e+01   9.999897e-01   4.464206e-06   0.000000e+00   0.000000e+00   5.034003e-01   5.650379e+00   9.999829e-01   5.650381e+00   5.650384e+00
1     7.899908e+01   9.999897e-01   4.453515e-06   0.000000e+00   0.000000e+00   5.054915e-01   6.276488e+00   9.999829e-01   6.276488e+00   6.276488e+00
1     7.909906e+01   9.999897e-01   4.439386e-06   0.000000e+00   0.000000e+00   5.057789e-01   6.212163e-01   9.999829e-01   6.212137e-01   6.212111e-01
1     7.919904e+01   9.999897e-01   4.427208e-06   0.000000e+00   0.000000e+00   5.041372e-01   1.251057e+00   9.999829e-01   1.251053e+00   1.251048e+00
1     7.929902e+01   9.999897e-01   4.421662e-06   0.000000e+00   0.000000e+00   5.011857e-01   1.882204e+00   9.999829e-01   1.882200e+00   1.882195e+00
1     7.939900e+01   9.999897e-01   4.424892e-06   0.000000e+00   0.000000e+00   4.980624e-01   2.513519e+00   9.999828e-01   2.513517e+00   2.513514e+00
1     7.949897e+01   9.999897e-01   4.435649e-06   0.000000e+00   0.000000e+00   4.959742e-01   3.143798e+00   9.999828e-01   3.143798e+00   3.143798e+00
1     7.959895e+01   9.999896e-01   4.449790e-06   0.000000e+00   0.000000e+00   4.957161e-01   3.772246e+00   9.999828e-01   3.772249e+00   3.772252e+00
1     7.969893e+01   9.999896e-01   4.461911e-06   0.000000e+00   0.000000e+00   4.973710e-01   4.398784e+00   9.999828e-01   4.398788e+00   4.398792e+00
1     7.979891e+01   9.999896e-01   4.467414e-06   0.000000e+00   0.000000e+00   5.003000e-01   5.024050e+00   9.999828e-01   5.024055e+00   5.024059e+00
1     7.989889e+01   9.999896e-01   4.464223e-06   0.000000e+00   0.000000e+00   5.033955e-01   5.649154e+00   9.999827e-01   5.649156e+00   5.649159e+00
1     7.999887e+01   9.999896e-01   4.453541e-06   0.000000e+00   0.000000e+00   5.054896e-01   6.275260e+00   9.999827e-01   6.275261e+00   6.275261e+00
1     8.009885e+01   9.999896e-01   4.439413e-06   0.000000e+00   0.000000e+00   5.057806e-01   6.199850e-01   9.999827e-01   6.199824e-01   6.199798e-01
1     8.019883e+01   9.999896e-01   4.427227e-06   0.000000e+00   0.000000e+00   5.041420e-01   1.249822e+00   9.999827e-01   1.249818e+00   1.249814e+00
1     8.029880e+01   9.999896e-01   4.421666e-06   0.000000e+00   0.000000e+00   5.011920e-01   1.880968e+00   9.999827e-01   1.880964e+00   1.880960e+00
1     8.039878e+01   9.999895e-01   4.424880e-06   0.000000e+00   0.000000e+00   4.980680e-01   2.512285e+00   9.999826e-01   2.512282e+00   2.512279e+00
1     8.049876e+01   9.999895e-01   4.435625e-06   0.000000e+00   0.000000e+00   4.959769e-01   3.142566e+00   9.999826e-01   3.142566e+00   3.142566e+00
1     8.059874e+01   9.999895e-01   4.449765e-06   0.000000e+00   0.000000e+00   4.957150e-01   3.771018e+00   9.999826e-01   3.771021e+00   3.771024e+00
1     8.069872e+01   9.999895e-01   4.461894e-06   0.000000e+00   0.000000e+00   4.973668e-01   4.397559e+00   9.999826e-01   4.397563e+00   4.397568e+00
1     8.079870e+01   9.999895e-01   4.467412e-06   0.000000e+00   0.000000e+00   5.002944e-01   5.022827e+00   9.999826e-01   5.022832e+00   5.022836e+00
1     8.089868e+01   9.999895e-01   4.464237e-06   0.000000e+00   0.000000e+00   5.033908e-01   5.647930e+00   9.999825e-01   5.647932e+00   5.647935e+00
1     8.099866e+01   9.999895e-01   4.453566e-06   0.000000e+00   0.000000e+00   5.054878e-01   6.274034e+00   9.999825e-01   6.274034e+00   6.274034e+00
1     8.109863e+01   9.999894e-01   4.439438e-06   0.000000e+00   0.000000e+00   5.057825e-01   6.187548e-01   9.999825e-01   6.187523e-01   6.187497e-01
1     8.119861e+01   9.999894e-01   4.427242e-06   0.000000e+00   0.000000e+00   5.041469e-01   1.248589e+00   9.999825e-01   1.248585e+00   1.248581e+00
1     8.129859e+01   9.999894e-01   4.421665e-06   0.000000e+00   0.000000e+00   5.011979e-01   1.879734e+00   9.999825e-01   1.879730e+00   1.879726e+00
1     8.139857e+01   9.999894e-01   4.424864e-06   0.000000e+00   0.000000e+00   4.980727e-01   2.511052e+00   9.999824e-01   2.511049e+00   2.511047e+00
1     8.149855e+01   9.999894e-01   4.435600e-06   0.000000e+00   0.000000e+00   4.959787e-01   3.141337e+00   9.999824e-01   3.141337e+00   3.141337e+00
1     8.159853e+01   9.999894e-01   4.449739e-06   0.000000e+00   0.000000e+00   4.957131e-01   3.769793e+00   9.999824e-01   3.769795e+00   3.769798e+00
1     8.169851e+01   9.999894e-01   4.461877e-06   0.000000e+00   0.000000e+00   4.973618e-01   4.396337e+00   9.999824e-01   4.396341e+00   4.396345e+00
1     8.179848e+01   9.999894e-01   4.467410e-06   0.000000e+00   0.000000e+00   5.002879e-01   5.021606e+00   9.999824e-01   5.021611e+00   5.021615e+00
1     8.189846e+01   9.999893e-01   4.464252e-06   0.000000e+00   0.000000e+00   5.033851e-01   5.646708e+00   9.999823e-01   5.646711e+00   5.646713e+00
1     8.199844e+01   9.999893e-01   4.453591e-06   0.000000e+00   0.000000e+00   5.054849e-01   6.272810e+00   9.999823e-01   6.272810e+00   6.272810e+00
1     8.209842e+01   9.999893e-01   4.439465e-06   0.000000e+00   0.000000e+00   5.057832e-01   6.175269e-01   9.999823e-01   6.175244e-01   6.175218e-01
1     8.219840e+01   9.999893e-01   4.427260e-06   0.000000e+00   0.000000e+00   5.041509e-01   1.247358e+00   9.999823e-01   1.247354e+00   1.247350e+00
1     8.229838e+01   9.999893e-01   4.421669e-06   0.000000e+00   0.000000e+00   5.012034e-01   1.878502e+00   9.999823e-01   1.878498e+00   1.878493e+00
1     8.239836e+01   9.999893e-01   4.424851e-06   0.000000e+00   0.000000e+00   4.980772e-01   2.509821e+00   9.999822e-01   2.509818e+00   2.509816e+00
1     8.249834e+01   9.999893e-01   4.435577e-06   0.000000e+00   0.000000e+00   4.959803e-01   3.140108e+00   9.999822e-01   3.140108e+00   3.140108e+00
1     8.259831e+01   9.999892e-01   4.449716e-06   0.000000e+00   0.000000e+00   4.957111e-01   3.768568e+00   9.999822e-01   3.768571e+00   3.768573e+00
1     8.269829e+01   9.999892e-01   4.461864e-06   0.000000e+00   0.000000e+00   4.973569e-01   4.395115e+00   9.999822e-01   4.395119e+00   4.395124e+00
1     8.279827e+01   9.999892e-01   4.467412e-06   0.000000e+00   0.000000e+00   5.002819e-01   5.020386e+00   9.999822e-01   5.020390e+00   5.020395e+00
1     8.289825e+01   9.999892e-01   4.464269e-06   0.000000e+00   0.000000e+00   5.033803e-01   5.645487e+00   9.999821e-01   5.645490e+00   5.645492e+00
1     8.299998e+01   9.999892e-01   4.453385e-06   0.000000e+00   0.000000e+00   5.055052e-01   6.282584e+00   9.999821e-01   6.282584e+00   6.282584e+00
1     8.309996e+01   9.999892e-01   4.439246e-06   0.000000e+00   0.000000e+00   5.057722e-01   6.273332e-01   9.999821e-01   6.273306e-01   6.273280e-01
1     8.319994e+01   9.999892e-01   4.427113e-06   0.000000e+00   0.000000e+00   5.041126e-01   1.257192e+00   9.999821e-01   1.257188e+00   1.257184e+00
1     8.329992e+01   9.999892e-01   4.421651e-06   0.000000e+00   0.000000e+00   5.011527e-01   1.888348e+00   9.999821e-01   1.888344e+00   1.888340e+00
1     8.339990e+01   9.999891e-01   4.424970e-06   0.000000e+00   0.000000e+00   4.980339e-01   2.519659e+00   9.999820e-01   2.519657e+00   2.519654e+00
1     8.349988e+01   9.999891e-01   4.435787e-06   0.000000e+00   0.000000e+00   4.959611e-01   3.149923e+00   9.999820e-01   3.149923e+00   3.149923e+00
1     8.359986e+01   9.999891e-01   4.449937e-06   0.000000e+00   0.000000e+00   4.957233e-01   3.778352e+00   9.999820e-01   3.778354e+00   3.778357e+00
1     8.369983e+01   9.999891e-01   4.462012e-06   0.000000e+00   0.000000e+00   4.973957e-01   4.404872e+00   9.999820e-01   4.404876e+00   4.404881e+00
1     8.379981e+01   9.999891e-01   4.467432e-06   0.000000e+00   0.000000e+00   5.003328e-01   5.030131e+00   9.999820e-01   5.030135e+00   5.030140e+00
1     8.389979e+01   9.999891e-01   4.464153e-06   0.000000e+00   0.000000e+00   5.034242e-01   5.655239e+00   9.999819e-01   5.655242e+00   5.655244e+00
1     8.399977e+01   9.999891e-01   4.453410e-06   0.000000e+00   0.000000e+00   5.055034e-01   6.281361e+00   9.999819e-01   6.281361e+00   6.281361e+00
1     8.409975e+01   9.999890e-01   4.439271e-06   0.000000e+00   0.000000e+00   5.057741e-01   6.261067e-01   9.999819e-01   6.261041e-01   6.261015e-01
1     8.419973e+01   9.999890e-01   4.427129e-06   0.000000e+00   0.000000e+00   5.041174e-01   1.255963e+00   9.999819e-01   1.255959e+00   1.255954e+00
1     8.429971e+01   9.999890e-01   4.421651e-06   0.000000e+00   0.000000e+00   5.011586e-01   1.887118e+00   9.999819e-01   1.887113e+00   1.887109e+00
1     8.439969e+01   9.999890e-01   4.424955e-06   0.000000e+00   0.000000e+00   4.980386e-01   2.518431e+00   9.999818e-01   2.518428e+00   2.518425e+00
1     8.449966e+01   9.999890e-01   4.435762e-06   0.000000e+00   0.000000e+00   4.959629e-01   3.148697e+00   9.999818e-01   3.148697e+00   3.148697e+00
1     8.459964e+01   9.999890e-01   4.449912e-06   0.000000e+00   0.000000e+00   4.957214e-01   3.777130e+00   9.999818e-01   3.777132e+00   3.777135e+00
1     8.469962e+01   9.999890e-01   4.461995e-06   0.000000e+00   0.000000e+00   4.973907e-01   4.403653e+00   9.999818e-01   4.403658e+00   4.403662e+00
1     8.479960e+01   9.999890e-01   4.467431e-06   0.000000e+00   0.000000e+00   5.003264e-01   5.028914e+00   9.999818e-01   5.028918e+00   5.028922e+00
1     8.489958e+01   9.999889e-01   4.464168e-06   0.000000e+00   0.000000e+00   5.034186e-01   5.654021e+00   9.999817e-01   5.654024e+00   5.654026e+00
1     8.499956e+01   9.999889e-01   4.453436e-06   0.000000e+00   0.000000e+00   5.055005e-01   6.280141e+00   9.999817e-01   6.280141e+00   6.280141e+00
1     8.509954e+01   9.999889e-01   4.439298e-06   0.000000e+00   0.000000e+00   5.057749e-01   6.248825e-01   9.999817e-01   6.248799e-01   6.248773e-01
1     8.519951e+01   9.999889e-01   4.427148e-06   0.000000e+00   0.000000e+00   5.041215e-01   1.254735e+00   9.999817e-01   1.254731e+00   1.254727e+00
1     8.529949e+01   9.999889e-01   4.421655e-06   0.000000e+00   0.000000e+00   5.011641e-01   1.885889e+00   9.999817e-01   1.885885e+00   1.885881e+00
1     8.539947e+01   9.999889e-01   4.424943e-06   0.000000e+00   0.000000e+00   4.980432e-01   2.517203e+00   9.999816e-01   2.517200e+00   2.517198e+00
1     8.549945e+01   9.999889e-01   4.435740e-06   0.000000e+00   0.000000e+00   4.959646e-01   3.147473e+00   9.999816e-01   3.147473e+00   3.147473e+00
1     8.559943e+01   9.999888e-01   4.449889e-06   0.000000e+00   0.000000e+00   4.957195e-01   3.775909e+00   9.999816e-01   3.775912e+00   3.775914e+00
1     8.569941e+01   9.999888e-01   4.461982e-06   0.000000e+00   0.000000e+00   4.973858e-01   4.402436e+00   9.999816e-01   4.402440e+00   4.402444e+00
1     8.579939e+01   9.999888e-01   4.467433e-06   0.000000e+00   0.000000e+00   5.003205e-01   5.027697e+00   9.999816e-01   5.027702e+00   5.027706e+00
1     8.589937e+01   9.999888e-01   4.464185e-06   0.000000e+00   0.000000e+00   5.034138e-01   5.652804e+00   9.999815e-01   5.652806e+00   5.652809e+00
1     8.599934e+01   9.999888e-01   4.453462e-06   0.000000e+00   0.000000e+00   5.054986e-01   6.278920e+00   9.999815e-01   6.278920e+00   6.278920e+00
1     8.609932e+01   9.999888e-01   4.439325e-06   0.000000e+00   0.000000e+00   5.057766e-01   6.236587e-01   9.999815e-01   6.236561e-01   6.236535e-01
1     8.619930e+01   9.999888e-01   4.427166e-06   0.000000e+00   0.000000e+00   5.041263e-01   1.253509e+00   9.999815e-01   1.253504e+00   1.253500e+00
1     8.629928e+01   9.999888e-01   4.421658e-06   0.000000e+00   0.000000e+00   5.011704e-01   1.884661e+00   9.999815e-01   1.884657e+00   1.884652e+00
1     8.639926e+01   9.999887e-01   4.424929e-06   0.000000e+00   0.000000e+00   4.980487e-01   2.515976e+00   9.999814e-01   2.515973e+00   2.515971e+00
1     8.649924e+01   9.999887e-01   4.435715e-06   0.000000e+00   0.000000e+00   4.959672e-01   3.146248e+00   9.999814e-01   3.146248e+00   3.146248e+00
1     8.659922e+01   9.999887e-01   4.449863e-06   0.000000e+00   0.000000e+00   4.957184e-01   3.774688e+00   9.999814e-01   3.774691e+00   3.774694e+00
1     8.669920e+01   9.999887e-01   4.461964e-06   0.000000e+00   0.000000e+00   4.973816e-01   4.401218e+00   9.999814e-01   4.401223e+00   4.401227e+00
1     8.679917e+01   9.999887e-01   4.467430e-06   0.000000e+00   0.000000e+00   5.003148e-01   5.026482e+00   9.999814e-01   5.026486e+00   5.026490e+00
1     8.689915e+01   9.999887e-01   4.464198e-06   0.000000e+00   0.000000e+00   5.034090e-01   5.651587e+00   9.999813e-01   5.651590e+00   5.651593e+00
1     8.699913e+01   9.999887e-01   4.453486e-06   0.000000e+00   0.000000e+00   5.054966e-01   6.277701e+00   9.999813e-01   6.277701e+00   6.277701e+00
1     8.709911e+01   9.999886e-01   4.439350e-06   0.000000e+00   0.000000e+00   5.057783e-01   6.224362e-01   9.999813e-01   6.224336e-01   6.224310e-01
1     8.719909e+01   9.999886e-01   4.427181e-06   0.000000e+00   0.000000e+00   5.041310e-01   1.252283e+00   9.999813e-01   1.252279e+00   1.252275e+00
1     8.729907e+01   9.999886e-01   4.421657e-06   0.000000e+00   0.000000e+00   5.011762e-01   1.883434e+00   9.999813e-01   1.883430e+00   1.883426e+00
1     8.739905e+01   9.999886e-01   4.424913e-06   0.000000e+00   0.000000e+00   4.980534e-01   2.514751e+00   9.999813e-01   2.514748e+00   2.514745e+00
1     8.749903e+01   9.999886e-01   4.435690e-06   0.000000e+00   0.000000e+00   4.959690e-01   3.145026e+00   9.999812e-01   3.145026e+00   3.145026e+00
1     8.759900e+01   9.999886e-01   4.449837e-06   0.000000e+00   0.000000e+00   4.957165e-01   3.773470e+00   9.999812e-01   3.773473e+00   3.773475e+00
1     8.769898e+01   9.999886e-01   4.461947e-06   0.000000e+00   0.000000e+00   4.973766e-01   4.400003e+00   9.999812e-01   4.400008e+00   4.400012e+00
1     8.779896e+01   9.999886e-01   4.467428e-06   0.000000e+00   0.000000e+00   5.003083e-01   5.025268e+00   9.999812e-01   5.025272e+00   5.025277e+00
1     8.789894e+01   9.999885e-01   4.464212e-06   0.000000e+00   0.000000e+00   5.034032e-01   5.650373e+00   9.999812e-01   5.650376e+00   5.650378e+00
1     8.799892e+01   9.999885e-01   4.453511e-06   0.000000e+00   0.000000e+00   5.054936e-01   6.276485e+00   9.999811e-01   6.276485e+00   6.276485e+00
1     8.809890e+01   9.999885e-01   4.439377e-06   0.000000e+00   0.000000e+00   5.057790e-01   6.212158e-01   9.999811e-01   6.212132e-01   6.212106e-01
1     8.819888e+01   9.999885e-01   4.427200e-06   0.000000e+00   0.000000e+00   5.041349e-01   1.251060e+00   9.999811e-01   1.251056e+00   1.251051e+00
1     8.829885e+01   9.999885e-01   4.421661e-06   0.000000e+00   0.000000e+00   5.011817e-01   1.882210e+00   9.999811e-01   1.882205e+00   1.882201e+00
1     8.839883e+01   9.999885e-01   4.424901e-06   0.000000e+00   0.000000e+00   4.980579e-01   2.513527e+00   9.999811e-01   2.513524e+00   2.513522e+00
1     8.849881e+01   9.999885e-01   4.435667e-06   0.000000e+00   0.000000e+00   4.959707e-01   3.143806e+00   9.999810e-01   3.143806e+00   3.143806e+00
1     8.859879e+01   9.999885e-01   4.449813e-06   0.000000e+00   0.000000e+00   4.957145e-01   3.772253e+00   9.999810e-01   3.772256e+00   3.772258e+00
1     8.869877e+01   9.999884e-01   4.461933e-06   0.000000e+00   0.000000e+00   4.973717e-01   4.398789e+00   9.999810e-01   4.398794e+00   4.398798e+00
1     8.879875e+01   9.999884e-01   4.467429e-06   0.000000e+00   0.000000e+00   5.003023e-01   5.024056e+00   9.999810e-01   5.024060e+00   5.024064e+00
1     8.889873e+01   9.999884e-01   4.464229e-06   0.000000e+00   0.000000e+00   5.033983e-01   5.649159e+00   9.999810e-01   5.649162e+00   5.649165e+00
1     8.899871e+01   9.999884e-01   4.453538e-06   0.000000e+00   0.000000e+00   5.054915e-01   6.275268e+00   9.999809e-01   6.275268e+00   6.275268e+00
1     8.909868e+01   9.999884e-01   4.439404e-06   0.000000e+00   0.000000e+00   5.057806e-01   6.199958e-01   9.999809e-01   6.199933e-01   6.199907e-01
1     8.919866e+01   9.999884e-01   4.427219e-06   0.000000e+00   0.000000e+00   5.041397e-01   1.249837e+00   9.999809e-01   1.249833e+00   1.249828e+00
1     8.929864e+01   9.999884e-01   4.421665e-06   0.000000e+00   0.000000e+00   5.011880e-01   1.880985e+00   9.999809e-01   1.880981e+00   1.880977e+00
1     8.939862e+01   9.999883e-01   4.424888e-06   0.000000e+00   0.000000e+00   4.980634e-01   2.512303e+00   9.999809e-01   2.512301e+00   2.512298e+00
1     8.949860e+01   9.999883e-01   4.435643e-06   0.000000e+00   0.000000e+00   4.959734e-01   3.142585e+00   9.999808e-01   3.142585e+00   3.142585e+00
1     8.959858e+01   9.999883e-01   4.449788e-06   0.000000e+00   0.000000e+00   4.957135e-01   3.771036e+00   9.999808e-01   3.771039e+00   3.771042e+00
1     8.969856e+01   9.999883e-01   4.461916e-06   0.000000e+00   0.000000e+00   4.973675e-01   4.397576e+00   9.999808e-01   4.397580e+00   4.397584e+00
1     8.979854e+01   9.999883e-01   4.467428e-06   0.000000e+00   0.000000e+00   5.002967e-01   5.022844e+00   9.999808e-01   5.022848e+00   5.022852e+00
1     8.989851e+01   9.999883e-01   4.464243e-06   0.000000e+00   0.000000e+00   5.033936e-01   5.647947e+00   9.999808e-01   5.647949e+00   5.647952e+00
1     8.999849e+01   9.999883e-01   4.453562e-06   0.000000e+00   0.000000e+00   5.054896e-01   6.274053e+00   9.999807e-01   6.274053e+00   6.274053e+00
1     9.009847e+01   9.999883e-01   4.439429e-06   0.000000e+00   0.000000e+00   5.057823e-01   6.187770e-01   9.999807e-01   6.187745e-01   6.187719e-01
1     9.019845e+01   9.999882e-01   4.427235e-06   0.000000e+00   0.000000e+00   5.041444e-01   1.248615e+00   9.999807e-01   1.248611e+00   1.248607e+00
1     9.029843e+01   9.999882e-01   4.421665e-06   0.000000e+00   0.000000e+00   5.011938e-01   1.879763e+00   9.999807e-01   1.879758e+00   1.879754e+00
1     9.039841e+01   9.999882e-01   4.424874e-06   0.000000e+00   0.000000e+00   4.980682e-01   2.511082e+00   9.999807e-01   2.511079e+00   2.511077e+00
1     9.049839e+01   9.999882e-01   4.435619e-06   0.000000e+00   0.000000e+00   4.959752e-01   3.141367e+00   9.999806e-01   3.141367e+00   3.141367e+00
1     9.059837e+01   9.999882e-01   4.449763e-06   0.000000e+00   0.000000e+00   4.957117e-01   3.769822e+00   9.999806e-01   3.769824e+00   3.769827e+00
1     9.069834e+01   9.999882e-01   4.461900e-06   0.000000e+00   0.000000e+00   4.973626e-01   4.396365e+00   9.999806e-01   4.396369e+00   4.396373e+00
1     9.079832e+01   9.999882e-01   4.467426e-06   0.000000e+00   0.000000e+00   5.002903e-01   5.021634e+00   9.999806e-01   5.021638e+00   5.021642e+00
1     9.089830e+01   9.999881e-01   4.464257e-06   0.000000e+00   0.000000e+00   5.033879e-01   5.646736e+00   9.999806e-01   5.646739e+00   5.646742e+00
1     9.099828e+01   9.999881e-01   4.453588e-06   0.000000e+00   0.000000e+00   5.054866e-01   6.272840e+00   9.999805e-01   6.272840e+00   6.272840e+00
1     9.109826e+01   9.999881e-01   4.439457e-06   0.000000e+00   0.000000e+00   5.057830e-01   6.175604e-01   9.999805e-01   6.175578e-01   6.175552e-01
1     9.119999e+01   9.999881e-01   4.427088e-06   0.000000e+00   0.000000e+00   5.041052e-01   1.258459e+00   9.999805e-01   1.258455e+00   1.258451e+00
1     9.129997e+01   9.999881e-01   4.421649e-06   0.000000e+00   0.000000e+00   5.011423e-01   1.889619e+00   9.999805e-01   1.889615e+00   1.889611e+00
1     9.139995e+01   9.999881e-01   4.424994e-06   0.000000e+00   0.000000e+00   4.980240e-01   2.520931e+00   9.999805e-01   2.520929e+00   2.520926e+00
1     9.149993e+01   9.999881e-01   4.435831e-06   0.000000e+00   0.000000e+00   4.959552e-01   3.151192e+00   9.999804e-01   3.151192e+00   3.151192e+00
1     9.159991e+01   9.999881e-01   4.449986e-06   0.000000e+00   0.000000e+00   4.957231e-01   3.779616e+00   9.999804e-01   3.779619e+00   3.779621e+00
1     9.169989e+01   9.999880e-01   4.462051e-06   0.000000e+00   0.000000e+00   4.974008e-01   4.406132e+00   9.999804e-01   4.406136e+00   4.406141e+00
1     9.179986e+01   9.999880e-01   4.467449e-06   0.000000e+00   0.000000e+00   5.003408e-01   5.031389e+00   9.999804e-01   5.031394e+00   5.031398e+00
1     9.189984e+01   9.999880e-01   4.464143e-06   0.000000e+00   0.000000e+00   5.034316e-01   5.656499e+00   9.999804e-01   5.656502e+00   5.656504e+00
1     9.199982e+01   9.999880e-01   4.453382e-06   0.000000e+00   0.000000e+00   5.055068e-01   6.282626e+00   9.999803e-01   6.282626e+00   6.282626e+00
1     9.209980e+01   9.999880e-01   4.439238e-06   0.000000e+00   0.000000e+00   5.057718e-01   6.273780e-01   9.999803e-01   6.273754e-01   6.273728e-01
1     9.219978e+01   9.999880e-01   4.427107e-06   0.000000e+00   0.000000e+00   5.041100e-01   1.257240e+00   9.999803e-01   1.257236e+00   1.257232e+00
1     9.229976e+01   9.999880e-01   4.421652e-06   0.000000e+00   0.000000e+00   5.011485e-01   1.888399e+00   9.999803e-01   1.888395e+00   1.888390e+00
1     9.239974e+01   9.999879e-01   4.424981e-06   0.000000e+00   0.000000e+00   4.980295e-01   2.519712e+00   9.999803e-01   2.519709e+00   2.519707e+00
1     9.249971e+01   9.999879e-01   4.435807e-06   0.000000e+00   0.000000e+00   4.959578e-01   3.149975e+00   9.999802e-01   3.149975e+00   3.149975e+00
1     9.259969e+01   9.999879e-01   4.449961e-06   0.000000e+00   0.000000e+00   4.957220e-01   3.778403e+00   9.999802e-01   3.778406e+00   3.778408e+00
1     9.269967e+01   9.999879e-01   4.462034e-06   0.000000e+00   0.000000e+00   4.973966e-01   4.404922e+00   9.999802e-01   4.404927e+00   4.404931e+00
1     9.279965e+01   9.999879e-01   4.467447e-06   0.000000e+00   0.000000e+00   5.003352e-01   5.030181e+00   9.999802e-01   5.030185e+00   5.030190e+00
1     9.289963e+01   9.999879e-01   4.464158e-06   0.000000e+00   0.000000e+00   5.034268e-01   5.655290e+00   9.999802e-01   5.655293e+00   5.655295e+00
1     9.299961e+01   9.999879e-01   4.453406e-06   0.000000e+00   0.000000e+00   5.055048e-01   6.281414e+00   9.999801e-01   6.281414e+00   6.281414e+00
1     9.309959e+01   9.999879e-01   4.439263e-06   0.000000e+00   0.000000e+00   5.057735e-01   6.261630e-01   9.999801e-01   6.261604e-01   6.261578e-01
1     9.319957e+01   9.999878e-01   4.427123e-06   0.000000e+00   0.000000e+00   5.041146e-01   1.256022e+00   9.999801e-01   1.256018e+00   1.256014e+00
1     9.329954e+01   9.999878e-01   4.421653e-06   0.000000e+00   0.000000e+00   5.011544e-01   1.887180e+00   9.999801e-01   1.887176e+00   1.887171e+00
1     9.339952e+01   9.999878e-01   4.424966e-06   0.000000e+00   0.000000e+00   4.980341e-01   2.518494e+00   9.999801e-01   2.518492e+00   2.518489e+00
1     9.349950e+01   9.999878e-01   4.435782e-06   0.000000e+00   0.000000e+00   4.959596e-01   3.148761e+00   9.999800e-01   3.148761e+00   3.148761e+00
1     9.359948e+01   9.999878e-01   4.449936e-06   0.000000e+00   0.000000e+00   4.957201e-01   3.777192e+00   9.999800e-01   3.777195e+00   3.777198e+00
1     9.369946e+01   9.999878e-01   4.462017e-06   0.000000e+00   0.000000e+00   4.973916e-01   4.403715e+00   9.999800e-01   4.403719e+00   4.403723e+00
1     9.379944e+01   9.999878e-01   4.467445e-06   0.000000e+00   0.000000e+00   5.003288e-01   5.028975e+00   9.999800e-01   5.028979e+00   5.028984e+00
1     9.389942e+01   9.999877e-01   4.464172e-06   0.000000e+00   0.000000e+00   5.034211e-01   5.654083e+00   9.999800e-01   5.654086e+00   5.654089e+00
1     9.399940e+01   9.999877e-01   4.453432e-06   0.000000e+00   0.000000e+00   5.055019e-01   6.280205e+00   9.999799e-01   6.280205e+00   6.280205e+00
1     9.409937e+01   9.999877e-01   4.439290e-06   0.000000e+00   0.000000e+00   5.057743e-01   6.249500e-01   9.999799e-01   6.249474e-01   6.249448e-01
1     9.419935e+01   9.999877e-01   4.427142e-06   0.000000e+00   0.000000e+00   5.041187e-01   1.254806e+00   9.999799e-01   1.254802e+00   1.254798e+00
1     9.429933e+01   9.999877e-01   4.421657e-06   0.000000e+00   0.000000e+00   5.011598e-01   1.885962e+00   9.999799e-01   1.885958e+00   1.885954e+00
1     9.439931e+01   9.999877e-01   4.424954e-06   0.000000e+00   0.000000e+00   4.980388e-01   2.517278e+00   9.999799e-01   2.517275e+00   2.517273e+00
1     9.449929e+01   9.999877e-01   4.435760e-06   0.000000e+00   0.000000e+00   4.959614e-01   3.147547e+00   9.999798e-01   3.147547e+00   3.147547e+00
1     9.459927e+01   9.999877e-01   4.449912e-06   0.000000e+00   0.000000e+00   4.957183e-01   3.775983e+00   9.999798e-01   3.775985e+00   3.775988e+00
1     9.469925e+01   9.999876e-01   4.462003e-06   0.000000e+00   0.000000e+00   4.973868e-01   4.402508e+00   9.999798e-01   4.402513e+00   4.402517e+00
1     9.479922e+01   9.999876e-01   4.467447e-06   0.000000e+00   0.000000e+00   5.003228e-01   5.027770e+00   9.999798e-01   5.027774e+00   5.027778e+00
1     9.489920e+01   9.999876e-01   4.464189e-06   0.000000e+00   0.000000e+00   5.034162e-01   5.652877e+00   9.999798e-01   5.652880e+00   5.652882e+00
1     9.499918e+01   9.999876e-01   4.453458e-06   0.000000e+00   0.000000e+00   5.054998e-01   6.278996e+00   9.999797e-01   6.278996e+00   6.278996e+00
1     9.509916e+01   9.999876e-01   4.439318e-06   0.000000e+00   0.000000e+00   5.057758e-01   6.237376e-01   9.999797e-01   6.237350e-01   6.237324e-01
1     9.519914e+01   9.999876e-01   4.427161e-06   0.000000e+00   0.000000e+00   5.041234e-01   1.253591e+00   9.999797e-01   1.253587e+00   1.253582e+00
1     9.529912e+01   9.999876e-01   4.421660e-06   0.000000e+00   0.000000e+00   5.011661e-01   1.884746e+00   9.999797e-01   1.884741e+00   1.884737e+00
1     9.539910e+01   9.999875e-01   4.424942e-06   0.000000e+00   0.000000e+00   4.980443e-01   2.516062e+00   9.999797e-01   2.516059e+00   2.516056e+00
1     9.549908e+01   9.999875e-01   4.435736e-06   0.000000e+00   0.000000e+00   4.959641e-01   3.146334e+00   9.999796e-01   3.146334e+00   3.146334e+00
1     9.559905e+01   9.999875e-01   4.449887e-06   0.000000e+00   0.000000e+00   4.957173e-01   3.774773e+00   9.999796e-01   3.774776e+00   3.774779e+00
1     9.569903e+01   9.999875e-01   4.461986e-06   0.000000e+00   0.000000e+00   4.973826e-01   4.401302e+00   9.999796e-01   4.401307e+00   4.401311e+00
1     9.579901e+01   9.999875e-01   4.467444e-06   0.000000e+00   0.000000e+00   5.003171e-01   5.026565e+00   9.999796e-01   5.026570e+00   5.026574e+00
1     9.589899e+01   9.999875e-01   4.464202e-06   0.000000e+00   0.000000e+00   5.034113e-01   5.651672e+00   9.999796e-01   5.651675e+00   5.651677e+00
1     9.599897e+01   9.999875e-01   4.453482e-06   0.000000e+00   0.000000e+00   5.054977e-01   6.277788e+00   9.999795e-01   6.277788e+00   6.277789e+00
1     9.609895e+01   9.999875e-01   4.439343e-06   0.000000e+00   0.000000e+00   5.057774e-01   6.225264e-01   9.999795e-01   6.225238e-01   6.225212e-01
1     9.619893e+01   9.999874e-01   4.427177e-06   0.000000e+00   0.000000e+00   5.041280e-01   1.252377e+00   9.999795e-01   1.252372e+00   1.252368e+00
1     9.629891e+01   9.999874e-01   4.421661e-06   0.000000e+00   0.000000e+00   5.011719e-01   1.883530e+00   9.999795e-01   1.883526e+00   1.883522e+00
1     9.639888e+01   9.999874e-01   4.424927e-06   0.000000e+00   0.000000e+00   4.980490e-01   2.514848e+00   9.999795e-01   2.514845e+00   2.514843e+00
1     9.649886e+01   9.999874e-01   4.435711e-06   0.000000e+00   0.000000e+00   4.959658e-01   3.145123e+00   9.999794e-01   3.145123e+00   3.145123e+00
1     9.659884e+01   9.999874e-01   4.449862e-06   0.000000e+00   0.000000e+00   4.957154e-01   3.773566e+00   9.999794e-01   3.773569e+00   3.773571e+00
1     9.669882e+01   9.999874e-01   4.461969e-06   0.000000e+00   0.000000e+00   4.973776e-01   4.400098e+00   9.999794e-01   4.400103e+00   4.400107e+00
1     9.679880e+01   9.999874e-01   4.467443e-06   0.000000e+00   0.000000e+00   5.003107e-01   5.025363e+00   9.999794e-01   5.025367e+00   5.025372e+00
1     9.689878e+01   9.999873e-01   4.464217e-06   0.000000e+00   0.000000e+00   5.034057e-01   5.650469e+00   9.999794e-01   5.650472e+00   5.650474e+00
1     9.699876e+01   9.999873e-01   4.453508e-06   0.000000e+00   0.000000e+00   5.054948e-01   6.276583e+00   9.999793e-01   6.276583e+00   6.276583e+00
1     9.709874e+01   9.999873e-01   4.439371e-06   0.000000e+00   0.000000e+00   5.057781e-01   6.213172e-01   9.999793e-01   6.213146e-01   6.213120e-01
1     9.719871e+01   9.999873e-01   4.427197e-06   0.000000e+00   0.000000e+00   5.041320e-01   1.251164e+00   9.999793e-01   1.251160e+00   1.251156e+00
1     9.729869e+01   9.999873e-01   4.421666e-06   0.000000e+00   0.000000e+00   5.011775e-01   1.882317e+00   9.999793e-01   1.882312e+00   1.882308e+00
1     9.739867e+01   9.999873e-01   4.424916e-06   0.000000e+00   0.000000e+00   4.980537e-01   2.513635e+00   9.999793e-01   2.513632e+00   2.513630e+00
1     9.749865e+01   9.999873e-01   4.435690e-06   0.000000e+00   0.000000e+00   4.959678e-01   3.143913e+00   9.999792e-01   3.143913e+00   3.143913e+00
1     9.759863e+01   9.999873e-01   4.449839e-06   0.000000e+00   0.000000e+00   4.957137e-01   3.772360e+00   9.999792e-01   3.772363e+00   3.772365e+00
1     9.769861e+01   9.999872e-01   4.461955e-06   0.000000e+00   0.000000e+00   4.973729e-01   4.398895e+00   9.999792e-01   4.398900e+00   4.398904e+00
1     9.779859e+01   9.999872e-01   4.467444e-06   0.000000e+00   0.000000e+00   5.003048e-01   5.024161e+00   9.999792e-01   5.024166e+00   5.024170e+00
1     9.789856e+01   9.999872e-01   4.464233e-06   0.000000e+00   0.000000e+00   5.034009e-01   5.649266e+00   9.999792e-01   5.649269e+00   5.649272e+00
1     9.799854e+01   9.999872e-01   4.453534e-06   0.000000e+00   0.000000e+00   5.054928e-01   6.275378e+00   9.999791e-01   6.275378e+00   6.275378e+00
1     9.809852e+01   9.999872e-01   4.439397e-06   0.000000e+00   0.000000e+00   5.057798e-01   6.201084e-01   9.999791e-01   6.201058e-01   6.201032e-01
1     9.819850e+01   9.999872e-01   4.427214e-06   0.000000e+00   0.000000e+00   5.041367e-01   1.249953e+00   9.999791e-01   1.249948e+00   1.249944e+00
1     9.829848e+01   9.999872e-01   4.421668e-06   0.000000e+00   0.000000e+00   5.011836e-01   1.881104e+00   9.999791e-01   1.881099e+00   1.881095e+00
1     9.839846e+01   9.999871e-01   4.424902e-06   0.000000e+00   0.000000e+00   4.980590e-01   2.512423e+00   9.999791e-01   2.512420e+00   2.512418e+00
1     9.849844e+01   9.999871e-01   4.435664e-06   0.000000e+00   0.000000e+00   4.959703e-01   3.142704e+00   9.999790e-01   3.142704e+00   3.142704e+00
1     9.859842e+01   9.999871e-01   4.449812e-06   0.000000e+00   0.000000e+00   4.957125e-01   3.771155e+00   9.999790e-01   3.771157e+00   3.771160e+00
1     9.869839e+01   9.999871e-01   4.461937e-06   0.000000e+00   0.000000e+00   4.973686e-01   4.397693e+00   9.999790e-01   4.397698e+00   4.397702e+00
1     9.879837e+01   9.999871e-01   4.467440e-06   0.000000e+00   0.000000e+00   5.002990e-01   5.022961e+00   9.999790e-01   5.022965e+00   5.022969e+00
1     9.889835e+01   9.999871e-01   4.464246e-06   0.000000e+00   0.000000e+00   5.033958e-01   5.648065e+00   9.999790e-01   5.648068e+00   5.648071e+00
1     9.899833e+01   9.999871e-01   4.453557e-06   0.000000e+00   0.000000e+00   5.054905e-01   6.274174e+00   9.999789e-01   6.274174e+00   6.274174e+00
1     9.909831e+01   9.999871e-01   4.439422e-06   0.000000e+00   0.000000e+00   5.057811e-01   6.189012e-01   9.999789e-01   6.188986e-01   6.188961e-01
1     9.919829e+01   9.999870e-01   4.427230e-06   0.000000e+00   0.000000e+00   5.041411e-01   1.248742e+00   9.999789e-01   1.248738e+00   1.248734e+00
1     9.929827e+01   9.999870e-01   4.421669e-06   0.000000e+00   0.000000e+00   5.011893e-01   1.879892e+00   9.999789e-01   1.879888e+00   1.879884e+00
1     9.940000e+01   9.999870e-01   4.425019e-06   0.000000e+00   0.000000e+00   4.980149e-01   2.522282e+00   9.999789e-01   2.522280e+00   2.522277e+00
1     9.949998e+01   9.999870e-01   4.435874e-06   0.000000e+00   0.000000e+00   4.959503e-01   3.152540e+00   9.999788e-01   3.152540e+00   3.152540e+00
1     9.959996e+01   9.999870e-01   4.450033e-06   0.000000e+00   0.000000e+00   4.957240e-01   3.780959e+00   9.999788e-01   3.780962e+00   3.780964e+00
1     9.969994e+01   9.999870e-01   4.462085e-06   0.000000e+00   0.000000e+00   4.974068e-01   4.407471e+00   9.999788e-01   4.407475e+00   4.407480e+00
1     9.979991e+01   9.999870e-01   4.467460e-06   0.000000e+00   0.000000e+00   5.003492e-01   5.032727e+00   9.999788e-01   5.032731e+00   5.032735e+00
1     9.989989e+01   9.999869e-01   4.464129e-06   0.000000e+00   0.000000e+00   5.034388e-01   5.657839e+00   9.999788e-01   5.657841e+00   5.657844e+00
1     9.999987e+01   9.999869e-01   4.453350e-06   0.000000e+00   0.000000e+00   5.055098e-01   7.856073e-04   9.999787e-01   7.856038e-04   7.856003e-04
1     1.000999e+02   9.999869e-01   4.439204e-06   0.000000e+00   0.000000e+00   5.057691e-01   6.287297e-01   9.999787e-01   6.287271e-01   6.287244e-01
1     1.001998e+02   9.999869e-01   4.427085e-06   0.000000e+00   0.000000e+00   5.041020e-01   1.258598e+00   9.999787e-01   1.258594e+00   1.258590e+00
1     1.002998e+02   9.999869e-01   4.421654e-06   0.000000e+00   0.000000e+00   5.011380e-01   1.889760e+00   9.999787e-01   1.889756e+00   1.889752e+00
1     1.003998e+02   9.999869e-01   4.425008e-06   0.000000e+00   0.000000e+00   4.980199e-01   2.521073e+00   9.999787e-01   2.521071e+00   2.521068e+00
1     1.004998e+02   9.999869e-01   4.435852e-06   0.000000e+00   0.000000e+00   4.959525e-01   3.151333e+00   9.999786e-01   3.151334e+00   3.151334e+00
1     1.005997e+02   9.999869e-01   4.450010e-06   0.000000e+00   0.000000e+00   4.957226e-01   3.779756e+00   9.999786e-01   3.779759e+00   3.779762e+00
1     1.006997e+02   9.999868e-01   4.462071e-06   0.000000e+00   0.000000e+00   4.974023e-01   4.406272e+00   9.999786e-01   4.406276e+00   4.406280e+00
1     1.007997e+02   9.999868e-01   4.467461e-06   0.000000e+00   0.000000e+00   5.003434e-01   5.031529e+00   9.999786e-01   5.031533e+00   5.031537e+00
1     1.008997e+02   9.999868e-01   4.464146e-06   0.000000e+00   0.000000e+00   5.034341e-01   5.656640e+00   9.999786e-01   5.656642e+00   5.656645e+00
1     1.009997e+02   9.999868e-01   4.453376e-06   0.000000e+00   0.000000e+00   5.055080e-01   6.282769e+00   9.999785e-01   6.282769e+00   6.282769e+00
1     1.010996e+02   9.999868e-01   4.439229e-06   0.000000e+00   0.000000e+00   5.057709e-01   6.275245e-01   9.999785e-01   6.275219e-01   6.275193e-01
1     1.011996e+02   9.999868e-01   4.427102e-06   0.000000e+00   0.000000e+00   5.041069e-01   1.257390e+00   9.999785e-01   1.257386e+00   1.257382e+00
1     1.012996e+02   9.999868e-01   4.421655e-06   0.000000e+00   0.000000e+00   5.011442e-01   1.888551e+00   9.999785e-01   1.888547e+00   1.888542e+00
1     1.013996e+02   9.999867e-01   4.424994e-06   0.000000e+00   0.000000e+00   4.980252e-01   2.519865e+00   9.999785e-01   2.519862e+00   2.519860e+00
1     1.014996e+02   9.999867e-01   4.435827e-06   0.000000e+00   0.000000e+00   4.959551e-01   3.150128e+00   9.999784e-01   3.150128e+00   3.150128e+00
1     1.015995e+02   9.999867e-01   4.449983e-06   0.000000e+00   0.000000e+00   4.957214e-01   3.778555e+00   9.999784e-01   3.778557e+00   3.778560e+00
1     1.016995e+02   9.999867e-01   4.462052e-06   0.000000e+00   0.000000e+00   4.973979e-01   4.405073e+00   9.999784e-01   4.405078e+00   4.405082e+00
1     1.017995e+02   9.999867e-01   4.467457e-06   0.000000e+00   0.000000e+00   5.003376e-01   5.030332e+00   9.999784e-01   5.030336e+00   5.030341e+00
1     1.018995e+02   9.999867e-01   4.464158e-06   0.000000e+00   0.000000e+00   5.034290e-01   5.655442e+00   9.999784e-01   5.655445e+00   5.655448e+00
1     1.019994e+02   9.999867e-01   4.453399e-06   0.000000e+00   0.000000e+00   5.055056e-01   6.281569e+00   9.999783e-01   6.281569e+00   6.281569e+00
1     1.020994e+02   9.999867e-01   4.439254e-06   0.000000e+00   0.000000e+00   5.057721e-01   6.263210e-01   9.999783e-01   6.263184e-01   6.263158e-01
1     1.021994e+02   9.999866e-01   4.427118e-06   0.000000e+00   0.000000e+00   5.041113e-01   1.256183e+00   9.999783e-01   1.256179e+00   1.256175e+00
1     1.022994e+02   9.999866e-01   4.421656e-06   0.000000e+00   0.000000e+00   5.011498e-01   1.887343e+00   9.999783e-01   1.887339e+00   1.887335e+00
1     1.023994e+02   9.999866e-01   4.424979e-06   0.000000e+00   0.000000e+00   4.980298e-01   2.518658e+00   9.999783e-01   2.518656e+00   2.518653e+00
1     1.024993e+02   9.999866e-01   4.435803e-06   0.000000e+00   0.000000e+00   4.959567e-01   3.148925e+00   9.999782e-01   3.148925e+00   3.148925e+00
1     1.025993e+02   9.999866e-01   4.449958e-06   0.000000e+00   0.000000e+00   4.957195e-01   3.777355e+00   9.999782e-01   3.777358e+00   3.777361e+00
1     1.026993e+02   9.999866e-01   4.462036e-06   0.000000e+00   0.000000e+00   4.973930e-01   4.403877e+00   9.999782e-01   4.403881e+00   4.403885e+00
1     1.027993e+02   9.999866e-01   4.467456e-06   0.000000e+00   0.000000e+00   5.003314e-01   5.029137e+00   9.999782e-01   5.029141e+00   5.029146e+00
1     1.028993e+02   9.999865e-01   4.464173e-06   0.000000e+00   0.000000e+00   5.034236e-01   5.654247e+00   9.999782e-01   5.654249e+00   5.654252e+00
1     1.029992e+02   9.999865e-01   4.453426e-06   0.000000e+00   0.000000e+00   5.055029e-01   6.280371e+00   9.999781e-01   6.280371e+00   6.280371e+00
1     1.030992e+02   9.999865e-01   4.439283e-06   0.000000e+00   0.000000e+00   5.057731e-01   6.251191e-01   9.999781e-01   6.251165e-01   6.251139e-01
1     1.031992e+02   9.999865e-01   4.427138e-06   0.000000e+00   0.000000e+00   5.041156e-01   1.254978e+00   9.999781e-01   1.254974e+00   1.254970e+00
1     1.032992e+02   9.999865e-01   4.421662e-06   0.000000e+00   0.000000e+00   5.011558e-01   1.886137e+00   9.999781e-01   1.886133e+00   1.886128e+00
1     1.033991e+02   9.999865e-01   4.424969e-06   0.000000e+00   0.000000e+00   4.980350e-01   2.517453e+00   9.999781e-01   2.517450e+00   2.517448e+00
1     1.034991e+02   9.999865e-01   4.435781e-06   0.000000e+00   0.000000e+00   4.959591e-01   3.147722e+00   9.999780e-01   3.147722e+00   3.147722e+00
1     1.035991e+02   9.999865e-01   4.449935e-06   0.000000e+00   0.000000e+00   4.957182e-01   3.776156e+00   9.999780e-01   3.776159e+00   3.776162e+00
1     1.036991e+02   9.999864e-01   4.462022e-06   0.000000e+00   0.000000e+00   4.973887e-01   4.402681e+00   9.999780e-01   4.402685e+00   4.402690e+00
1     1.037991e+02   9.999864e-01   4.467457e-06   0.000000e+00   0.000000e+00   5.003257e-01   5.027943e+00   9.999780e-01   5.027947e+00   5.027951e+00
1     1.038990e+02   9.999864e-01   4.464189e-06   0.000000e+00   0.000000e+00   5.034189e-01   5.653051e+00   9.999780e-01   5.653054e+00   5.653057e+00
1     1.039990e+02   9.999864e-01   4.453451e-06   0.000000e+00   0.000000e+00   5.055011e-01   6.279173e+00   9.999779e-01   6.279173e+00   6.279173e+00
1     1.040990e+02   9.999864e-01   4.439308e-06   0.000000e+00   0.000000e+00   5.057749e-01   6.239177e-01   9.999779e-01   6.239151e-01   6.239125e-01
1     1.041990e+02   9.999864e-01   4.427155e-06   0.000000e+00   0.000000e+00   5.041203e-01   1.253774e+00   9.999779e-01   1.253770e+00   1.253766e+00
1     1.042990e+02   9.999864e-01   4.421663e-06   0.000000e+00   0.000000e+00   5.011618e-01   1.884931e+00   9.999779e-01   1.884927e+00   1.884923e+00
1     1.043989e+02   9.999863e-01   4.424954e-06   0.000000e+00   0.000000e+00   4.980402e-01   2.516248e+00   9.999779e-01   2.516246e+00   2.516243e+00
1     1.044989e+02   9.999863e-01   4.435756e-06   0.000000e+00   0.000000e+00   4.959616e-01   3.146520e+00   9.999778e-01   3.146520e+00   3.146520e+00
1     1.045989e+02   9.999863e-01   4.449908e-06   0.000000e+00   0.000000e+00   4.957169e-01   3.774958e+00   9.999778e-01   3.774961e+00   3.774964e+00
1     1.046989e+02   9.999863e-01   4.462003e-06   0.000000e+00   0.000000e+00   4.973842e-01   4.401487e+00   9.999778e-01   4.401491e+00   4.401495e+00
1     1.047988e+02   9.999863e-01   4.467453e-06   0.000000e+00   0.000000e+00   5.003197e-01   5.026750e+00   9.999778e-01   5.026754e+00   5.026758e+00
1     1.048988e+02   9.999863e-01   4.464201e-06   0.000000e+00   0.000000e+00   5.034136e-01   5.651858e+00   9.999778e-01   5.651861e+00   5.651863e+00
1     1.049988e+02   9.999863e-01   4.453474e-06   0.000000e+00   0.000000e+00   5.054986e-01   6.277977e+00   9.999777e-01   6.277977e+00   6.277977e+00
1     1.050988e+02   9.999863e-01   4.439333e-06   0.000000e+00   0.000000e+00   5.057760e-01   6.227181e-01   9.999777e-01   6.227155e-01   6.227130e-01
1     1.051988e+02   9.999862e-01   4.427171e-06   0.000000e+00   0.000000e+00   5.041246e-01   1.252572e+00   9.999777e-01   1.252567e+00   1.252563e+00
1     1.052987e+02   9.999862e-01   4.421664e-06   0.000000e+00   0.000000e+00   5.011675e-01   1.883727e+00   9.999777e-01   1.883723e+00   1.883719e+00
1     1.053987e+02   9.999862e-01   4.424940e-06   0.000000e+00   0.000000e+00   4.980448e-01   2.515046e+00   9.999777e-01   2.515043e+00   2.515040e+00
1     1.054987e+02   9.999862e-01   4.435731e-06   0.000000e+00   0.000000e+00   4.959632e-01   3.145321e+00   9.999776e-01   3.145321e+00   3.145321e+00
1     1.055987e+02   9.999862e-01   4.449884e-06   0.000000e+00   0.000000e+00   4.957150e-01   3.773763e+00   9.999776e-01   3.773765e+00   3.773768e+00
1     1.056987e+02   9.999862e-01   4.461987e-06   0.000000e+00   0.000000e+00   4.973793e-01   4.400294e+00   9.999776e-01   4.400298e+00   4.400302e+00
1     1.057986e+02   9.999862e-01   4.467452e-06   0.000000e+00   0.000000e+00   5.003135e-01   5.025559e+00   9.999776e-01   5.025563e+00   5.025567e+00
1     1.058986e+02   9.999861e-01   4.464216e-06   0.000000e+00   0.000000e+00   5.034082e-01   5.650666e+00   9.999776e-01   5.650669e+00   5.650671e+00
1     1.059986e+02   9.999861e-01   4.453500e-06   0.000000e+00   0.000000e+00   5.054958e-01   6.276782e+00   9.999775e-01   6.276782e+00   6.276782e+00
1     1.060986e+02   9.999861e-01   4.439361e-06   0.000000e+00   0.000000e+00   5.057769e-01   6.215201e-01   9.999775e-01   6.215175e-01   6.215149e-01
1     1.061986e+02   9.999861e-01   4.427192e-06   0.000000e+00   0.000000e+00   5.041288e-01   1.251370e+00   9.999775e-01   1.251366e+00   1.251362e+00
1     1.062985e+02   9.999861e-01   4.421669e-06   0.000000e+00   0.000000e+00   5.011732e-01   1.882525e+00   9.999775e-01   1.882521e+00   1.882516e+00
1     1.063985e+02   9.999861e-01   4.424929e-06   0.000000e+00   0.000000e+00   4.980498e-01   2.513844e+00   9.999775e-01   2.513841e+00   2.513839e+00
1     1.064985e+02   9.999861e-01   4.435710e-06   0.000000e+00   0.000000e+00   4.959655e-01   3.144122e+00   9.999774e-01   3.144122e+00   3.144122e+00
1     1.065985e+02   9.999861e-01   4.449860e-06   0.000000e+00   0.000000e+00   4.957136e-01   3.772568e+00   9.999774e-01   3.772570e+00   3.772573e+00
1     1.066984e+02   9.999860e-01   4.461972e-06   0.000000e+00   0.000000e+00   4.973748e-01   4.399102e+00   9.999774e-01   4.399106e+00   4.399111e+00
1     1.067984e+02   9.999860e-01   4.467452e-06   0.000000e+00   0.000000e+00   5.003076e-01   5.024368e+00   9.999774e-01   5.024372e+00   5.024377e+00
1     1.068984e+02   9.999860e-01   4.464232e-06   0.000000e+00   0.000000e+00   5.034033e-01   5.649475e+00   9.999774e-01   5.649477e+00   5.649480e+00
1     1.069984e+02   9.999860e-01   4.453526e-06   0.000000e+00   0.000000e+00   5.054937e-01   6.275588e+00   9.999773e-01   6.275588e+00   6.275588e+00
1     1.070984e+02   9.999860e-01   4.439387e-06   0.000000e+00   0.000000e+00   5.057785e-01   6.203226e-01   9.999773e-01   6.203200e-01   6.203174e-01
1     1.071983e+02   9.999860e-01   4.427208e-06   0.000000e+00   0.000000e+00   5.041334e-01   1.250170e+00   9.999773e-01   1.250166e+00   1.250162e+00
1     1.072983e+02   9.999860e-01   4.421671e-06   0.000000e+00   0.000000e+00   5.011791e-01   1.881323e+00   9.999773e-01   1.881319e+00   1.881315e+00
1     1.073983e+02   9.999859e-01   4.424915e-06   0.000000e+00   0.000000e+00   4.980549e-01   2.512643e+00   9.999773e-01   2.512641e+00   2.512638e+00
1     1.074983e+02   9.999859e-01   4.435685e-06   0.000000e+00   0.000000e+00   4.959678e-01   3.142924e+00   9.999772e-01   3.142924e+00   3.142924e+00
1     1.075983e+02   9.999859e-01   4.449833e-06   0.000000e+00   0.000000e+00   4.957122e-01   3.771374e+00   9.999772e-01   3.771376e+00   3.771379e+00
1     1.077000e+02   9.999859e-01   4.462118e-06   0.000000e+00   0.000000e+00   4.974133e-01   4.408889e+00   9.999772e-01   4.408894e+00   4.408898e+00
1     1.078000e+02   9.999859e-01   4.467468e-06   0.000000e+00   0.000000e+00   5.003580e-01   5.034144e+00   9.999772e-01   5.034148e+00   5.034152e+00
1     1.078999e+02   9.999859e-01   4.464113e-06   0.000000e+00   0.000000e+00   5.034464e-01   5.659258e+00   9.999772e-01   5.659260e+00   5.659263e+00
1     1.079999e+02   9.999859e-01   4.453316e-06   0.000000e+00   0.000000e+00   5.055131e-01   2.210089e-03   9.999771e-01   2.210079e-03   2.210069e-03
1     1.080999e+02   9.999859e-01   4.439165e-06   0.000000e+00   0.000000e+00   5.057665e-01   6.301610e-01   9.999771e-01   6.301584e-01   6.301558e-01
1     1.081999e+02   9.999858e-01   4.427060e-06   0.000000e+00   0.000000e+00   5.040942e-01   1.260036e+00   9.999771e-01   1.260031e+00   1.260027e+00
1     1.082999e+02   9.999858e-01   4.421652e-06   0.000000e+00   0.000000e+00   5.011276e-01   1.891201e+00   9.999771e-01   1.891197e+00   1.891193e+00
1     1.083998e+02   9.999858e-01   4.425033e-06   0.000000e+00   0.000000e+00   4.980107e-01   2.522514e+00   9.999771e-01   2.522512e+00   2.522509e+00
1     1.084998e+02   9.999858e-01   4.435895e-06   0.000000e+00   0.000000e+00   4.959478e-01   3.152771e+00   9.999770e-01   3.152771e+00   3.152771e+00
1     1.085998e+02   9.999858e-01   4.450055e-06   0.000000e+00   0.000000e+00   4.957237e-01   3.781189e+00   9.999770e-01   3.781192e+00   3.781194e+00
1     1.086998e+02   9.999858e-01   4.462103e-06   0.000000e+00   0.000000e+00   4.974085e-01   4.407700e+00   9.999770e-01   4.407705e+00   4.407709e+00
1     1.087998e+02   9.999858e-01   4.467468e-06   0.000000e+00   0.000000e+00   5.003519e-01   5.032956e+00   9.999770e-01   5.032960e+00   5.032965e+00
1     1.088997e+02   9.999857e-01   4.464128e-06   0.000000e+00   0.000000e+00   5.034412e-01   5.658069e+00   9.999770e-01   5.658072e+00   5.658074e+00
1     1.089997e+02   9.999857e-01   4.453342e-06   0.000000e+00   0.000000e+00   5.055107e-01   1.018974e-03   9.999769e-01   1.018969e-03   1.018965e-03
1     1.090997e+02   9.999857e-01   4.439193e-06   0.000000e+00   0.000000e+00   5.057677e-01   6.289664e-01   9.999769e-01   6.289638e-01   6.289612e-01
1     1.091997e+02   9.999857e-01   4.427080e-06   0.000000e+00   0.000000e+00   5.040987e-01   1.258838e+00   9.999769e-01   1.258834e+00   1.258829e+00
1     1.092996e+02   9.999857e-01   4.421657e-06   0.000000e+00   0.000000e+00   5.011337e-01   1.890002e+00   9.999769e-01   1.889998e+00   1.889994e+00
1     1.093996e+02   9.999857e-01   4.425022e-06   0.000000e+00   0.000000e+00   4.980161e-01   2.521316e+00   9.999769e-01   2.521313e+00   2.521311e+00
1     1.094996e+02   9.999857e-01   4.435872e-06   0.000000e+00   0.000000e+00   4.959504e-01   3.151575e+00   9.999768e-01   3.151575e+00   3.151576e+00
1     1.095996e+02   9.999857e-01   4.450031e-06   0.000000e+00   0.000000e+00   4.957227e-01   3.779997e+00   9.999768e-01   3.780000e+00   3.780003e+00
1     1.096996e+02   9.999856e-01   4.462086e-06   0.000000e+00   0.000000e+00   4.974043e-01   4.406512e+00   9.999768e-01   4.406516e+00   4.406520e+00
1     1.097995e+02   9.999856e-01   4.467467e-06   0.000000e+00   0.000000e+00   5.003463e-01   5.031769e+00   9.999768e-01   5.031773e+00   5.031778e+00
1     1.098995e+02   9.999856e-01   4.464143e-06   0.000000e+00   0.000000e+00   5.034365e-01   5.656882e+00   9.999768e-01   5.656884e+00   5.656887e+00
1     1.099995e+02   9.999856e-01   4.453366e-06   0.000000e+00   0.000000e+00   5.055088e-01   6.283014e+00   9.999767e-01   6.283014e+00   6.283014e+00
1     1.100995e+02   9.999856e-01   4.439218e-06   0.000000e+00   0.000000e+00   5.057694e-01   6.277725e-01   9.999767e-01   6.277699e-01   6.277673e-01
1     1.101995e+02   9.999856e-01   4.427095e-06   0.000000e+00   0.000000e+00   5.041034e-01   1.257641e+00   9.999767e-01   1.257637e+00   1.257633e+00
1     1.102994e+02   9.999856e-01   4.421658e-06   0.000000e+00   0.000000e+00   5.011396e-01   1.888804e+00   9.999767e-01   1.888800e+00   1.888796e+00
1     1.103994e+02   9.999855e-01   4.425007e-06   0.000000e+00   0.000000e+00   4.980211e-01   2.520119e+00   9.999767e-01   2.520116e+00   2.520114e+00
1     1.104994e+02   9.999855e-01   4.435847e-06   0.000000e+00   0.000000e+00   4.959526e-01   3.150382e+00   9.999766e-01   3.150382e+00   3.150382e+00
1     1.105994e+02   9.999855e-01   4.450004e-06   0.000000e+00   0.000000e+00   4.957212e-01   3.778807e+00   9.999766e-01   3.778810e+00   3.778813e+00
1     1.106993e+02   9.999855e-01   4.462067e-06   0.000000e+00   0.000000e+00   4.973996e-01   4.405325e+00   9.999766e-01   4.405329e+00   4.405334e+00
1     1.107993e+02   9.999855e-01   4.467463e-06   0.000000e+00   0.000000e+00   5.003401e-01   5.030584e+00   9.999766e-01   5.030588e+00   5.030593e+00
1     1.108993e+02   9.999855e-01   4.464155e-06   0.000000e+00   0.000000e+00   5.034309e-01   5.655696e+00   9.999766e-01   5.655699e+00   5.655701e+00
1     1.109993e+02   9.999855e-01   4.453390e-06   0.000000e+00   0.000000e+00   5.055058e-01   6.281826e+00   9.999765e-01   6.281826e+00   6.281826e+00
1     1.110993e+02   9.999855e-01   4.439244e-06   0.000000e+00   0.000000e+00   5.057702e-01   6.265808e-01   9.999765e-01   6.265782e-01   6.265756e-01
1     1.111992e+02   9.999854e-01   4.427113e-06   0.000000e+00   0.000000e+00   5.041074e-01   1.256446e+00   9.999765e-01   1.256442e+00   1.256438e+00
1     1.112992e+02   9.999854e-01   4.421660e-06   0.000000e+00   0.000000e+00   5.011451e-01   1.887608e+00   9.999765e-01   1.887604e+00   1.887600e+00
1     1.113992e+02   9.999854e-01   4.424994e-06   0.000000e+00   0.000000e+00   4.980256e-01   2.518924e+00   9.999765e-01   2.518921e+00   2.518919e+00
1     1.114992e+02   9.999854e-01   4.435823e-06   0.000000e+00   0.000000e+00   4.959542e-01   3.149190e+00   9.999764e-01   3.149190e+00   3.149190e+00
1     1.115992e+02   9.999854e-01   4.449980e-06   0.000000e+00   0.000000e+00   4.957192e-01   3.777619e+00   9.999764e-01   3.777622e+00   3.777624e+00
1     1.116991e+02   9.999854e-01   4.462053e-06   0.000000e+00   0.000000e+00   4.973947e-01   4.404140e+00   9.999764e-01   4.404144e+00   4.404148e+00
1     1.117991e+02   9.999854e-01   4.467464e-06   0.000000e+00   0.000000e+00   5.003340e-01   5.029400e+00   9.999764e-01   5.029404e+00   5.029409e+00
1     1.118991e+02   9.999853e-01   4.464171e-06   0.000000e+00   0.000000e+00   5.034259e-01   5.654511e+00   9.999764e-01   5.654514e+00   5.654516e+00
1     1.119991e+02   9.999853e-01   4.453416e-06   0.000000e+00   0.000000e+00   5.055036e-01   6.280638e+00   9.999763e-01   6.280638e+00   6.280638e+00
1     1.120990e+02   9.999853e-01   4.439271e-06   0.000000e+00   0.000000e+00   5.057715e-01   6.253898e-01   9.999763e-01   6.253872e-01   6.253846e-01
1     1.121990e+02   9.999853e-01   4.427132e-06   0.000000e+00   0.000000e+00   5.041120e-01   1.255252e+00   9.999763e-01   1.255248e+00   1.255244e+00
1     1.122990e+02   9.999853e-01   4.421665e-06   0.000000e+00   0.000000e+00   5.011513e-01   1.886413e+00   9.999763e-01   1.886408e+00   1.886404e+00
1     1.123990e+02   9.999853e-01   4.424982e-06   0.000000e+00   0.000000e+00   4.980311e-01   2.517729e+00   9.999763e-01   2.517727e+00   2.517724e+00
1     1.124990e+02   9.999853e-01   4.435800e-06   0.000000e+00   0.000000e+00   4.959569e-01   3.147998e+00   9.999762e-01   3.147998e+00   3.147998e+00
1     1.125989e+02   9.999853e-01   4.449955e-06   0.000000e+00   0.000000e+00   4.957183e-01   3.776431e+00   9.999762e-01   3.776433e+00   3.776436e+00
1     1.126989e+02   9.999852e-01   4.462036e-06   0.000000e+00   0.000000e+00   4.973906e-01   4.402955e+00   9.999762e-01   4.402959e+00   4.402963e+00
1     1.127989e+02   9.999852e-01   4.467462e-06   0.000000e+00   0.000000e+00   5.003285e-01   5.028217e+00   9.999762e-01   5.028221e+00   5.028225e+00
1     1.128989e+02   9.999852e-01   4.464184e-06   0.000000e+00   0.000000e+00   5.034212e-01   5.653327e+00   9.999762e-01   5.653330e+00   5.653332e+00
1     1.129989e+02   9.999852e-01   4.453440e-06   0.000000e+00   0.000000e+00   5.055016e-01   6.279452e+00   9.999761e-01   6.279452e+00   6.279452e+00
1     1.130988e+02   9.999852e-01   4.439296e-06   0.000000e+00   0.000000e+00   5.057732e-01   6.241997e-01   9.999761e-01   6.241971e-01   6.241945e-01
1     1.131988e+02   9.999852e-01   4.427148e-06   0.000000e+00   0.000000e+00   5.041166e-01   1.254059e+00   9.999761e-01   1.254055e+00   1.254051e+00
1     1.132988e+02   9.999852e-01   4.421665e-06   0.000000e+00   0.000000e+00   5.011571e-01   1.885219e+00   9.999761e-01   1.885214e+00   1.885210e+00
1     1.133988e+02   9.999851e-01   4.424967e-06   0.000000e+00   0.000000e+00   4.980359e-01   2.516536e+00   9.999761e-01   2.516534e+00   2.516531e+00
1     1.134988e+02   9.999851e-01   4.435775e-06   0.000000e+00   0.000000e+00   4.959590e-01   3.146808e+00   9.999760e-01   3.146808e+00   3.146808e+00
1     1.135987e+02   9.999851e-01   4.449929e-06   0.000000e+00   0.000000e+00   4.957167e-01   3.775245e+00   9.999760e-01   3.775247e+00   3.775250e+00
1     1.136987e+02   9.999851e-01   4.462018e-06   0.000000e+00   0.000000e+00   4.973859e-01   4.401772e+00   9.999760e-01   4.401776e+00   4.401781e+00
1     1.137987e+02   9.999851e-01   4.467458e-06   0.000000e+00   0.000000e+00   5.003222e-01   5.027036e+00   9.999760e-01   5.027040e+00   5.027044e+00
1     1.138987e+02   9.999851e-01   4.464197e-06   0.000000e+00   0.000000e+00   5.034155e-01   5.652145e+00   9.999760e-01   5.652148e+00   5.652151e+00
1     1.139986e+02   9.999851e-01   4.453464e-06   0.000000e+00   0.000000e+00   5.054986e-01   6.278267e+00   9.999759e-01   6.278267e+00   6.278267e+00
1     1.140986e+02   9.999851e-01   4.439322e-06   0.000000e+00   0.000000e+00   5.057738e-01   6.230119e-01   9.999759e-01   6.230093e-01   6.230067e-01
1     1.141986e+02   9.999850e-01   4.427166e-06   0.000000e+00   0.000000e+00   5.041205e-01   1.252868e+00   9.999759e-01   1.252864e+00   1.252860e+00
1     1.142986e+02   9.999850e-01   4.421669e-06   0.000000e+00   0.000000e+00   5.011625e-01   1.884026e+00   9.999759e-01   1.884022e+00   1.884018e+00
1     1.143986e+02   9.999850e-01   4.424954e-06   0.000000e+00   0.000000e+00   4.980405e-01   2.515345e+00   9.999759e-01   2.515342e+00   2.515340e+00
1     1.144985e+02   9.999850e-01   4.435753e-06   0.000000e+00   0.000000e+00   4.959607e-01   3.145619e+00   9.999758e-01   3.145619e+00   3.145619e+00
1     1.145985e+02   9.999850e-01   4.449905e-06   0.000000e+00   0.000000e+00   4.957148e-01   3.774060e+00   9.999758e-01   3.774063e+00   3.774065e+00
1     1.146985e+02   9.999850e-01   4.462004e-06   0.000000e+00   0.000000e+00   4.973810e-01   4.400590e+00   9.999758e-01   4.400595e+00   4.400599e+00
1     1.147985e+02   9.999850e-01   4.467459e-06   0.000000e+00   0.000000e+00   5.003162e-01   5.025855e+00   9.999758e-01   5.025859e+00   5.025864e+00
1     1.148985e+02   9.999849e-01   4.464213e-06   0.000000e+00   0.000000e+00   5.034105e-01   5.650964e+00   9.999758e-01   5.650967e+00   5.650969e+00
1     1.149984e+02   9.999849e-01   4.453490e-06   0.000000e+00   0.000000e+00   5.054964e-01   6.277083e+00   9.999757e-01   6.277083e+00   6.277083e+00
1     1.150984e+02   9.999849e-01   4.439349e-06   0.000000e+00   0.000000e+00   5.057752e-01   6.218245e-01   9.999757e-01   6.218219e-01   6.218194e-01
1     1.151984e+02   9.999849e-01   4.427185e-06   0.000000e+00   0.000000e+00   5.041251e-01   1.251678e+00   9.999757e-01   1.251674e+00   1.251670e+00
1     1.152984e+02   9.999849e-01   4.421672e-06   0.000000e+00   0.000000e+00   5.011687e-01   1.882834e+00   9.999757e-01   1.882830e+00   1.882826e+00
1     1.153983e+02   9.999849e-01   4.424942e-06   0.000000e+00   0.000000e+00   4.980460e-01   2.514154e+00   9.999757e-01   2.514151e+00   2.514149e+00
1     1.154983e+02   9.999849e-01   4.435728e-06   0.000000e+00   0.000000e+00   4.959635e-01   3.144431e+00   9.999756e-01   3.144431e+00   3.144431e+00
1     1.155983e+02   9.999849e-01   4.449879e-06   0.000000e+00   0.000000e+00   4.957139e-01   3.772876e+00   9.999756e-01   3.772878e+00   3.772881e+00
1     1.156983e+02   9.999848e-01   4.461986e-06   0.000000e+00   0.000000e+00   4.973769e-01   4.399409e+00   9.999756e-01   4.399414e+00   4.399418e+00
1     1.157983e+02   9.999848e-01   4.467456e-06   0.000000e+00   0.000000e+00   5.003105e-01   5.024676e+00   9.999756e-01   5.024680e+00   5.024684e+00
1     1.159000e+02   9.999848e-01   4.464094e-06   0.000000e+00   0.000000e+00   5.034540e-01   5.660757e+00   9.999756e-01   5.660759e+00   5.660762e+00
1     1.160000e+02   9.999848e-01   4.453279e-06   0.000000e+00   0.000000e+00   5.055162e-01   3.714683e-03   9.999755e-01   3.714666e-03   3.714650e-03
1     1.161000e+02   9.999848e-01   4.439127e-06   0.000000e+00   0.000000e+00   5.057636e-01   6.316726e-01   9.999755e-01   6.316700e-01   6.316674e-01
1     1.161999e+02   9.999848e-01   4.427035e-06   0.000000e+00   0.000000e+00   5.040862e-01   1.261553e+00   9.999755e-01   1.261549e+00   1.261545e+00
1     1.162999e+02   9.999848e-01   4.421653e-06   0.000000e+00   0.000000e+00   5.011173e-01   1.892722e+00   9.999755e-01   1.892718e+00   1.892714e+00
1     1.163999e+02   9.999847e-01   4.425060e-06   0.000000e+00   0.000000e+00   4.980019e-01   2.524035e+00   9.999755e-01   2.524032e+00   2.524029e+00
1     1.164999e+02   9.999847e-01   4.435938e-06   0.000000e+00   0.000000e+00   4.959437e-01   3.154288e+00   9.999754e-01   3.154288e+00   3.154288e+00
1     1.165998e+02   9.999847e-01   4.450099e-06   0.000000e+00   0.000000e+00   4.957256e-01   3.782701e+00   9.999754e-01   3.782703e+00   3.782706e+00
1     1.166998e+02   9.999847e-01   4.462132e-06   0.000000e+00   0.000000e+00   4.974153e-01   4.409208e+00   9.999754e-01   4.409212e+00   4.409217e+00
1     1.167998e+02   9.999847e-01   4.467473e-06   0.000000e+00   0.000000e+00   5.003607e-01   5.034463e+00   9.999754e-01   5.034467e+00   5.034471e+00
1     1.168998e+02   9.999847e-01   4.464107e-06   0.000000e+00   0.000000e+00   5.034483e-01   5.659579e+00   9.999754e-01   5.659581e+00   5.659584e+00
1     1.169998e+02   9.999847e-01   4.453304e-06   0.000000e+00   0.000000e+00   5.055132e-01   2.534140e-03   9.999753e-01   2.534129e-03   2.534118e-03
1     1.170997e+02   9.999847e-01   4.439154e-06   0.000000e+00   0.000000e+00   5.057643e-01   6.304885e-01   9.999753e-01   6.304859e-01   6.304833e-01
1     1.171997e+02   9.999846e-01   4.427054e-06   0.000000e+00   0.000000e+00   5.040901e-01   1.260366e+00   9.999753e-01   1.260362e+00   1.260358e+00
1     1.172997e+02   9.999846e-01   4.421657e-06   0.000000e+00   0.000000e+00   5.011228e-01   1.891534e+00   9.999753e-01   1.891529e+00   1.891525e+00
1     1.173997e+02   9.999846e-01   4.425048e-06   0.000000e+00   0.000000e+00   4.980066e-01   2.522847e+00   9.999753e-01   2.522844e+00   2.522842e+00
1     1.174997e+02   9.999846e-01   4.435915e-06   0.000000e+00   0.000000e+00   4.959456e-01   3.153103e+00   9.999752e-01   3.153103e+00   3.153103e+00
1     1.175996e+02   9.999846e-01   4.450076e-06   0.000000e+00   0.000000e+00   4.957238e-01   3.781520e+00   9.999752e-01   3.781522e+00   3.781525e+00
1     1.176996e+02   9.999846e-01   4.462117e-06   0.000000e+00   0.000000e+00   4.974105e-01   4.408030e+00   9.999752e-01   4.408034e+00   4.408039e+00
1     1.177996e+02   9.999846e-01   4.467473e-06   0.000000e+00   0.000000e+00   5.003548e-01   5.033286e+00   9.999752e-01   5.033291e+00   5.033295e+00
1     1.178996e+02   9.999845e-01   4.464123e-06   0.000000e+00   0.000000e+00   5.034435e-01   5.658401e+00   9.999752e-01   5.658404e+00   5.658406e+00
1     1.179995e+02   9.999845e-01   4.453330e-06   0.000000e+00   0.000000e+00   5.055112e-01   1.353851e-03   9.999751e-01   1.353845e-03   1.353839e-03
1     1.180995e+02   9.999845e-01   4.439180e-06   0.000000e+00   0.000000e+00   5.057658e-01   6.293048e-01   9.999751e-01   6.293022e-01   6.292996e-01
1     1.181995e+02   9.999845e-01   4.427072e-06   0.000000e+00   0.000000e+00   5.040947e-01   1.259179e+00   9.999751e-01   1.259175e+00   1.259171e+00
1     1.182995e+02   9.999845e-01   4.421659e-06   0.000000e+00   0.000000e+00   5.011289e-01   1.890346e+00   9.999751e-01   1.890341e+00   1.890337e+00
1     1.183995e+02   9.999845e-01   4.425034e-06   0.000000e+00   0.000000e+00   4.980119e-01   2.521660e+00   9.999751e-01   2.521657e+00   2.521655e+00
1     1.184994e+02   9.999845e-01   4.435891e-06   0.000000e+00   0.000000e+00   4.959482e-01   3.151919e+00   9.999750e-01   3.151919e+00   3.151919e+00
1     1.185994e+02   9.999845e-01   4.450049e-06   0.000000e+00   0.000000e+00   4.957228e-01   3.780339e+00   9.999750e-01   3.780342e+00   3.780345e+00
1     1.186994e+02   9.999844e-01   4.462099e-06   0.000000e+00   0.000000e+00   4.974063e-01   4.406853e+00   9.999750e-01   4.406857e+00   4.406862e+00
1     1.187994e+02   9.999844e-01   4.467470e-06   0.000000e+00   0.000000e+00   5.003490e-01   5.032111e+00   9.999750e-01   5.032115e+00   5.032119e+00
1     1.188994e+02   9.999844e-01   4.464135e-06   0.000000e+00   0.000000e+00   5.034385e-01   5.657225e+00   9.999750e-01   5.657228e+00   5.657230e+00
1     1.189993e+02   9.999844e-01   4.453353e-06   0.000000e+00   0.000000e+00   5.055089e-01   1.750404e-04   9.999749e-01   1.750396e-04   1.750389e-04
1     1.190993e+02   9.999844e-01   4.439204e-06   0.000000e+00   0.000000e+00   5.057672e-01   6.281225e-01   9.999749e-01   6.281199e-01   6.281173e-01
1     1.191993e+02   9.999844e-01   4.427088e-06   0.000000e+00   0.000000e+00   5.040992e-01   1.257994e+00   9.999749e-01   1.257990e+00   1.257986e+00
1     1.192993e+02   9.999844e-01   4.421660e-06   0.000000e+00   0.000000e+00   5.011346e-01   1.889159e+00   9.999749e-01   1.889155e+00   1.889151e+00
1     1.193992e+02   9.999843e-01   4.425020e-06   0.000000e+00   0.000000e+00   4.980167e-01   2.520474e+00   9.999749e-01   2.520472e+00   2.520469e+00
1     1.194992e+02   9.999843e-01   4.435867e-06   0.000000e+00   0.000000e+00   4.959500e-01   3.150736e+00   9.999748e-01   3.150737e+00   3.150737e+00
1     1.195992e+02   9.999843e-01   4.450025e-06   0.000000e+00   0.000000e+00   4.957210e-01   3.779161e+00   9.999748e-01   3.779163e+00   3.779166e+00
1     1.196992e+02   9.999843e-01   4.462083e-06   0.000000e+00   0.000000e+00   4.974016e-01   4.405678e+00   9.999748e-01   4.405682e+00   4.405686e+00
1     1.197992e+02   9.999843e-01   4.467469e-06   0.000000e+00   0.000000e+00   5.003429e-01   5.030937e+00   9.999748e-01   5.030941e+00   5.030945e+00
1     1.198991e+02   9.999843e-01   4.464150e-06   0.000000e+00   0.000000e+00   5.034331e-01   5.656050e+00   9.999748e-01   5.656053e+00   5.656056e+00
1     1.199991e+02   9.999843e-01   4.453379e-06   0.000000e+00   0.000000e+00   5.055062e-01   6.282183e+00   9.999747e-01   6.282183e+00   6.282183e+00
1     1.200991e+02   9.999843e-01   4.439233e-06   0.000000e+00   0.000000e+00   5.057681e-01   6.269419e-01   9.999747e-01   6.269393e-01   6.269367e-01
1     1.201991e+02   9.999842e-01   4.427108e-06   0.000000e+00   0.000000e+00   5.041034e-01   1.256810e+00   9.999747e-01   1.256806e+00   1.256802e+00
1     1.202991e+02   9.999842e-01   4.421666e-06   0.000000e+00   0.000000e+00   5.011403e-01   1.887974e+00   9.999747e-01   1.887970e+00   1.887966e+00
1     1.203990e+02   9.999842e-01   4.425009e-06   0.000000e+00   0.000000e+00   4.980216e-01   2.519290e+00   9.999747e-01   2.519288e+00   2.519285e+00
1     1.204990e+02   9.999842e-01   4.435845e-06   0.000000e+00   0.000000e+00   4.959522e-01   3.149555e+00   9.999746e-01   3.149555e+00   3.149555e+00
1     1.205990e+02   9.999842e-01   4.450002e-06   0.000000e+00   0.000000e+00   4.957196e-01   3.777983e+00   9.999746e-01   3.777986e+00   3.777988e+00
1     1.206990e+02   9.999842e-01   4.462068e-06   0.000000e+00   0.000000e+00   4.973971e-01   4.404503e+00   9.999746e-01   4.404507e+00   4.404512e+00
1     1.207990e+02   9.999842e-01   4.467469e-06   0.000000e+00   0.000000e+00   5.003372e-01   5.029764e+00   9.999746e-01   5.029768e+00   5.029772e+00
1     1.208989e+02   9.999841e-01   4.464166e-06   0.000000e+00   0.000000e+00   5.034283e-01   5.654877e+00   9.999746e-01   5.654879e+00   5.654882e+00
1     1.209989e+02   9.999841e-01   4.453404e-06   0.000000e+00   0.000000e+00   5.055042e-01   6.281007e+00   9.999745e-01   6.281007e+00   6.281007e+00
1     1.210989e+02   9.999841e-01   4.439258e-06   0.000000e+00   0.000000e+00   5.057697e-01   6.257619e-01   9.999745e-01   6.257593e-01   6.257567e-01
1     1.211989e+02   9.999841e-01   4.427125e-06   0.000000e+00   0.000000e+00   5.041080e-01   1.255628e+00   9.999745e-01   1.255623e+00   1.255619e+00
1     1.212988e+02   9.999841e-01   4.421668e-06   0.000000e+00   0.000000e+00   5.011464e-01   1.886790e+00   9.999745e-01   1.886786e+00   1.886781e+00
1     1.213988e+02   9.999841e-01   4.424995e-06   0.000000e+00   0.000000e+00   4.980269e-01   2.518107e+00   9.999745e-01   2.518104e+00   2.518102e+00
1     1.214988e+02   9.999841e-01   4.435820e-06   0.000000e+00   0.000000e+00   4.959547e-01   3.148375e+00   9.999744e-01   3.148375e+00   3.148375e+00
1     1.215988e+02   9.999841e-01   4.449975e-06   0.000000e+00   0.000000e+00   4.957185e-01   3.776806e+00   9.999744e-01   3.776809e+00   3.776812e+00
1     1.216988e+02   9.999840e-01   4.462050e-06   0.000000e+00   0.000000e+00   4.973927e-01   4.403330e+00   9.999744e-01   4.403334e+00   4.403338e+00
1     1.217987e+02   9.999840e-01   4.467465e-06   0.000000e+00   0.000000e+00   5.003313e-01   5.028592e+00   9.999744e-01   5.028596e+00   5.028601e+00
1     1.218987e+02   9.999840e-01   4.464178e-06   0.000000e+00   0.000000e+00   5.034232e-01   5.653704e+00   9.999744e-01   5.653707e+00   5.653710e+00
1     1.219987e+02   9.999840e-01   4.453427e-06   0.000000e+00   0.000000e+00   5.055017e-01   6.279832e+00   9.999743e-01   6.279832e+00   6.279832e+00
1     1.220987e+02   9.999840e-01   4.439283e-06   0.000000e+00   0.000000e+00   5.057708e-01   6.245835e-01   9.999743e-01   6.245809e-01   6.245784e-01
1     1.221987e+02   9.999840e-01   4.427141e-06   0.000000e+00   0.000000e+00   5.041123e-01   1.254446e+00   9.999743e-01   1.254442e+00   1.254438e+00
1     1.222986e+02   9.999840e-01   4.421669e-06   0.000000e+00   0.000000e+00   5.011520e-01   1.885607e+00   9.999743e-01   1.885603e+00   1.885599e+00
1     1.223986e+02   9.999839e-01   4.424981e-06   0.000000e+00   0.000000e+00   4.980315e-01   2.516926e+00   9.999743e-01   2.516923e+00   2.516920e+00
1     1.224986e+02   9.999839e-01   4.435796e-06   0.000000e+00   0.000000e+00   4.959565e-01   3.147196e+00   9.999742e-01   3.147196e+00   3.147196e+00
1     1.225986e+02   9.999839e-01   4.449951e-06   0.000000e+00   0.000000e+00   4.957167e-01   3.775632e+00   9.999742e-01   3.775634e+00   3.775637e+00
1     1.226985e+02   9.999839e-01   4.462034e-06   0.000000e+00   0.000000e+00   4.973880e-01   4.402158e+00   9.999742e-01   4.402162e+00   4.402167e+00
1     1.227985e+02   9.999839e-01   4.467464e-06   0.000000e+00   0.000000e+00   5.003253e-01   5.027422e+00   9.999742e-01   5.027426e+00   5.027430e+00
1     1.228985e+02   9.999839e-01   4.464192e-06   0.000000e+00   0.000000e+00   5.034180e-01   5.652533e+00   9.999742e-01   5.652536e+00   5.652539e+00
1     1.229985e+02   9.999839e-01   4.453453e-06   0.000000e+00   0.000000e+00   5.054992e-01   6.278658e+00   9.999741e-01   6.278658e+00   6.278658e+00
1     1.230985e+02   9.999839e-01   4.439311e-06   0.000000e+00   0.000000e+00   5.057719e-01   6.234065e-01   9.999741e-01   6.234039e-01   6.234013e-01
1     1.231984e+02   9.999838e-01   4.427161e-06   0.000000e+00   0.000000e+00   5.041167e-01   1.253266e+00   9.999741e-01   1.253262e+00   1.253258e+00
1     1.232984e+02   9.999838e-01   4.421674e-06   0.000000e+00   0.000000e+00   5.011580e-01   1.884426e+00   9.999741e-01   1.884421e+00   1.884417e+00
1     1.233984e+02   9.999838e-01   4.424970e-06   0.000000e+00   0.000000e+00   4.980368e-01   2.515745e+00   9.999741e-01   2.515742e+00   2.515740e+00
1     1.234984e+02   9.999838e-01   4.435774e-06   0.000000e+00   0.000000e+00   4.959590e-01   3.146018e+00   9.999740e-01   3.146018e+00   3.146018e+00
1     1.235984e+02   9.999838e-01   4.449927e-06   0.000000e+00   0.000000e+00   4.957155e-01   3.774458e+00   9.999740e-01   3.774460e+00   3.774463e+00
1     1.236983e+02   9.999838e-01   4.462019e-06   0.000000e+00   0.000000e+00   4.973837e-01   4.400987e+00   9.999740e-01   4.400991e+00   4.400996e+00
1     1.237983e+02   9.999838e-01   4.467464e-06   0.000000e+00   0.000000e+00   5.003196e-01   5.026252e+00   9.999740e-01   5.026257e+00   5.026261e+00
1     1.238983e+02   9.999837e-01   4.464207e-06   0.000000e+00   0.000000e+00   5.034132e-01   5.651363e+00   9.999740e-01   5.651366e+00   5.651368e+00
1     1.239983e+02   9.999837e-01   4.453477e-06   0.000000e+00   0.000000e+00   5.054972e-01   6.277486e+00   9.999739e-01   6.277486e+00   6.277486e+00
1     1.240982e+02   9.999837e-01   4.439336e-06   0.000000e+00   0.000000e+00   5.057735e-01   6.222303e-01   9.999739e-01   6.222277e-01   6.222251e-01
1     1.242000e+02   9.999837e-01   4.427013e-06   0.000000e+00   0.000000e+00   5.040778e-01   1.263151e+00   9.999739e-01   1.263147e+00   1.263143e+00
1     1.243000e+02   9.999837e-01   4.421656e-06   0.000000e+00   0.000000e+00   5.011067e-01   1.894324e+00   9.999739e-01   1.894319e+00   1.894315e+00
1     1.243999e+02   9.999837e-01   4.425089e-06   0.000000e+00   0.000000e+00   4.979930e-01   2.525635e+00   9.999739e-01   2.525633e+00   2.525630e+00
1     1.244999e+02   9.999837e-01   4.435984e-06   0.000000e+00   0.000000e+00   4.959397e-01   3.155884e+00   9.999738e-01   3.155884e+00   3.155885e+00
1     1.245999e+02   9.999837e-01   4.450146e-06   0.000000e+00   0.000000e+00   4.957277e-01   3.784292e+00   9.999738e-01   3.784295e+00   3.784298e+00
1     1.246999e+02   9.999836e-01   4.462163e-06   0.000000e+00   0.000000e+00   4.974224e-01   4.410796e+00   9.999738e-01   4.410800e+00   4.410804e+00
1     1.247999e+02   9.999836e-01   4.467479e-06   0.000000e+00   0.000000e+00   5.003699e-01   5.036049e+00   9.999738e-01   5.036054e+00   5.036058e+00
1     1.248998e+02   9.999836e-01   4.464087e-06   0.000000e+00   0.000000e+00   5.034560e-01   5.661168e+00   9.999738e-01   5.661170e+00   5.661173e+00
1     1.249998e+02   9.999836e-01   4.453267e-06   0.000000e+00   0.000000e+00   5.055162e-01   4.128788e-03   9.999737e-01   4.128770e-03   4.128751e-03
1     1.250998e+02   9.999836e-01   4.439115e-06   0.000000e+00   0.000000e+00   5.057611e-01   6.320903e-01   9.999737e-01   6.320877e-01   6.320851e-01
1     1.251998e+02   9.999836e-01   4.427030e-06   0.000000e+00   0.000000e+00   5.040817e-01   1.261974e+00   9.999737e-01   1.261970e+00   1.261966e+00
1     1.252997e+02   9.999836e-01   4.421658e-06   0.000000e+00   0.000000e+00   5.011121e-01   1.893145e+00   9.999737e-01   1.893141e+00   1.893137e+00
1     1.253997e+02   9.999835e-01   4.425076e-06   0.000000e+00   0.000000e+00   4.979976e-01   2.524458e+00   9.999737e-01   2.524455e+00   2.524452e+00
1     1.254997e+02   9.999835e-01   4.435961e-06   0.000000e+00   0.000000e+00   4.959414e-01   3.154710e+00   9.999736e-01   3.154710e+00   3.154710e+00
1     1.255997e+02   9.999835e-01   4.450122e-06   0.000000e+00   0.000000e+00   4.957258e-01   3.783121e+00   9.999736e-01   3.783124e+00   3.783127e+00
1     1.256997e+02   9.999835e-01   4.462149e-06   0.000000e+00   0.000000e+00   4.974176e-01   4.409628e+00   9.999736e-01   4.409632e+00   4.409636e+00
1     1.257996e+02   9.999835e-01   4.467479e-06   0.000000e+00   0.000000e+00   5.003639e-01   5.034883e+00   9.999736e-01   5.034887e+00   5.034891e+00
1     1.258996e+02   9.999835e-01   4.464103e-06   0.000000e+00   0.000000e+00   5.034509e-01   5.660000e+00   9.999736e-01   5.660003e+00   5.660006e+00
1     1.259996e+02   9.999835e-01   4.453293e-06   0.000000e+00   0.000000e+00   5.055138e-01   2.958882e-03   9.999735e-01   2.958869e-03   2.958856e-03
1     1.260996e+02   9.999835e-01   4.439143e-06   0.000000e+00   0.000000e+00   5.057623e-01   6.309169e-01   9.999735e-01   6.309143e-01   6.309117e-01
1     1.261996e+02   9.999834e-01   4.427050e-06   0.000000e+00   0.000000e+00   5.040862e-01   1.260798e+00   9.999735e-01   1.260793e+00   1.260789e+00
1     1.262995e+02   9.999834e-01   4.421663e-06   0.000000e+00   0.000000e+00   5.011182e-01   1.891967e+00   9.999735e-01   1.891963e+00   1.891959e+00
1     1.263995e+02   9.999834e-01   4.425065e-06   0.000000e+00   0.000000e+00   4.980029e-01   2.523280e+00   9.999735e-01   2.523278e+00   2.523275e+00
1     1.264995e+02   9.999834e-01   4.435938e-06   0.000000e+00   0.000000e+00   4.959440e-01   3.153536e+00   9.999734e-01   3.153536e+00   3.153536e+00
1     1.265995e+02   9.999834e-01   4.450098e-06   0.000000e+00   0.000000e+00   4.957248e-01   3.781951e+00   9.999734e-01   3.781954e+00   3.781956e+00
1     1.266994e+02   9.999834e-01   4.462133e-06   0.000000e+00   0.000000e+00   4.974134e-01   4.408461e+00   9.999734e-01   4.408465e+00   4.408469e+00
1     1.267994e+02   9.999834e-01   4.467478e-06   0.000000e+00   0.000000e+00   5.003583e-01   5.033717e+00   9.999734e-01   5.033721e+00   5.033726e+00
1     1.268994e+02   9.999833e-01   4.464117e-06   0.000000e+00   0.000000e+00   5.034462e-01   5.658834e+00   9.999734e-01   5.658837e+00   5.658839e+00
1     1.269994e+02   9.999833e-01   4.453318e-06   0.000000e+00   0.000000e+00   5.055118e-01   1.789859e-03   9.999733e-01   1.789852e-03   1.789844e-03
1     1.270994e+02   9.999833e-01   4.439168e-06   0.000000e+00   0.000000e+00   5.057639e-01   6.297444e-01   9.999733e-01   6.297418e-01   6.297392e-01
1     1.271993e+02   9.999833e-01   4.427066e-06   0.000000e+00   0.000000e+00   5.040907e-01   1.259622e+00   9.999733e-01   1.259618e+00   1.259614e+00
1     1.272993e+02   9.999833e-01   4.421665e-06   0.000000e+00   0.000000e+00   5.011239e-01   1.890791e+00   9.999733e-01   1.890786e+00   1.890782e+00
1     1.273993e+02   9.999833e-01   4.425050e-06   0.000000e+00   0.000000e+00   4.980077e-01   2.522105e+00   9.999733e-01   2.522103e+00   2.522100e+00
1     1.274993e+02   9.999833e-01   4.435914e-06   0.000000e+00   0.000000e+00   4.959460e-01   3.152363e+00   9.999732e-01   3.152363e+00   3.152363e+00
1     1.275993e+02   9.999833e-01   4.450073e-06   0.000000e+00   0.000000e+00   4.957231e-01   3.780782e+00   9.999732e-01   3.780785e+00   3.780788e+00
1     1.276992e+02   9.999832e-01   4.462115e-06   0.000000e+00   0.000000e+00   4.974086e-01   4.407295e+00   9.999732e-01   4.407299e+00   4.407304e+00
1     1.277992e+02   9.999832e-01   4.467475e-06   0.000000e+00   0.000000e+00   5.003520e-01   5.032553e+00   9.999732e-01   5.032558e+00   5.032562e+00
1     1.278992e+02   9.999832e-01   4.464130e-06   0.000000e+00   0.000000e+00   5.034405e-01   5.657670e+00   9.999732e-01   5.657672e+00   5.657675e+00
1     1.279992e+02   9.999832e-01   4.453342e-06   0.000000e+00   0.000000e+00   5.055088e-01   6.229919e-04   9.999731e-01   6.229892e-04   6.229864e-04
1     1.280992e+02   9.999832e-01   4.439194e-06   0.000000e+00   0.000000e+00   5.057646e-01   6.285740e-01   9.999731e-01   6.285714e-01   6.285688e-01
1     1.281991e+02   9.999832e-01   4.427085e-06   0.000000e+00   0.000000e+00   5.040946e-01   1.258449e+00   9.999731e-01   1.258445e+00   1.258440e+00
1     1.282991e+02   9.999832e-01   4.421668e-06   0.000000e+00   0.000000e+00   5.011294e-01   1.889616e+00   9.999731e-01   1.889612e+00   1.889607e+00
1     1.283991e+02   9.999831e-01   4.425038e-06   0.000000e+00   0.000000e+00   4.980123e-01   2.520931e+00   9.999731e-01   2.520929e+00   2.520926e+00
1     1.284991e+02   9.999831e-01   4.435892e-06   0.000000e+00   0.000000e+00   4.959478e-01   3.151192e+00   9.999730e-01   3.151192e+00   3.151192e+00
1     1.285990e+02   9.999831e-01   4.450050e-06   0.000000e+00   0.000000e+00   4.957214e-01   3.779615e+00   9.999730e-01   3.779618e+00   3.779620e+00
1     1.286990e+02   9.999831e-01   4.462101e-06   0.000000e+00   0.000000e+00   4.974040e-01   4.406131e+00   9.999730e-01   4.406135e+00   4.406139e+00
1     1.287990e+02   9.999831e-01   4.467476e-06   0.000000e+00   0.000000e+00   5.003462e-01   5.031390e+00   9.999730e-01   5.031395e+00   5.031399e+00
1     1.288990e+02   9.999831e-01   4.464146e-06   0.000000e+00   0.000000e+00   5.034357e-01   5.656506e+00   9.999730e-01   5.656508e+00   5.656511e+00
1     1.289990e+02   9.999831e-01   4.453367e-06   0.000000e+00   0.000000e+00   5.055068e-01   6.282642e+00   9.999729e-01   6.282642e+00   6.282642e+00
1     1.290989e+02   9.999831e-01   4.439221e-06   0.000000e+00   0.000000e+00   5.057661e-01   6.274041e-01   9.999729e-01   6.274015e-01   6.273989e-01
1     1.291989e+02   9.999830e-01   4.427103e-06   0.000000e+00   0.000000e+00   5.040992e-01   1.257276e+00   9.999729e-01   1.257272e+00   1.257268e+00
1     1.292989e+02   9.999830e-01   4.421671e-06   0.000000e+00   0.000000e+00   5.011355e-01   1.888441e+00   9.999729e-01   1.888437e+00   1.888433e+00
1     1.293989e+02   9.999830e-01   4.425025e-06   0.000000e+00   0.000000e+00   4.980177e-01   2.519758e+00   9.999729e-01   2.519755e+00   2.519753e+00
1     1.294989e+02   9.999830e-01   4.435868e-06   0.000000e+00   0.000000e+00   4.959504e-01   3.150022e+00   9.999728e-01   3.150022e+00   3.150022e+00
1     1.295988e+02   9.999830e-01   4.450024e-06   0.000000e+00   0.000000e+00   4.957204e-01   3.778448e+00   9.999728e-01   3.778451e+00   3.778454e+00
1     1.296988e+02   9.999830e-01   4.462083e-06   0.000000e+00   0.000000e+00   4.973998e-01   4.404967e+00   9.999728e-01   4.404972e+00   4.404976e+00
1     1.297988e+02   9.999830e-01   4.467473e-06   0.000000e+00   0.000000e+00   5.003405e-01   5.030229e+00   9.999728e-01   5.030233e+00   5.030237e+00
1     1.298988e+02   9.999829e-01   4.464159e-06   0.000000e+00   0.000000e+00   5.034308e-01   5.655343e+00   9.999728e-01   5.655346e+00   5.655349e+00
1     1.299987e+02   9.999829e-01   4.453391e-06   0.000000e+00   0.000000e+00   5.055045e-01   6.281477e+00   9.999727e-01   6.281477e+00   6.281477e+00
1     1.300987e+02   9.999829e-01   4.439246e-06   0.000000e+00   0.000000e+00   5.057675e-01   6.262356e-01   9.999727e-01   6.262330e-01   6.262304e-01
1     1.301987e+02   9.999829e-01   4.427119e-06   0.000000e+00   0.000000e+00   5.041037e-01   1.256105e+00   9.999727e-01   1.256100e+00   1.256096e+00
1     1.302987e+02   9.999829e-01   4.421673e-06   0.000000e+00   0.000000e+00   5.011411e-01   1.887269e+00   9.999727e-01   1.887265e+00   1.887260e+00
1     1.303987e+02   9.999829e-01   4.425011e-06   0.000000e+00   0.000000e+00   4.980223e-01   2.518586e+00   9.999727e-01   2.518584e+00   2.518581e+00
1     1.304986e+02   9.999829e-01   4.435844e-06   0.000000e+00   0.000000e+00   4.959522e-01   3.148853e+00   9.999726e-01   3.148853e+00   3.148853e+00
1     1.305986e+02   9.999829e-01   4.449999e-06   0.000000e+00   0.000000e+00   4.957186e-01   3.777283e+00   9.999726e-01   3.777286e+00   3.777289e+00
1     1.306986e+02   9.999828e-01   4.462067e-06   0.000000e+00   0.000000e+00   4.973950e-01   4.403806e+00   9.999726e-01   4.403810e+00   4.403814e+00
1     1.307986e+02   9.999828e-01   4.467471e-06   0.000000e+00   0.000000e+00   5.003342e-01   5.029069e+00   9.999726e-01   5.029073e+00   5.029077e+00
1     1.308986e+02   9.999828e-01   4.464173e-06   0.000000e+00   0.000000e+00   5.034252e-01   5.654183e+00   9.999726e-01   5.654185e+00   5.654188e+00
1     1.309985e+02   9.999828e-01   4.453416e-06   0.000000e+00   0.000000e+00   5.055015e-01   6.280314e+00   9.999725e-01   6.280314e+00   6.280314e+00
1     1.310985e+02   9.999828e-01   4.439273e-06   0.000000e+00   0.000000e+00   5.057681e-01   6.250690e-01   9.999725e-01   6.250664e-01   6.250638e-01
1     1.311985e+02   9.999828e-01   4.427139e-06   0.000000e+00   0.000000e+00   5.041076e-01   1.254935e+00   9.999725e-01   1.254931e+00   1.254926e+00
1     1.312985e+02   9.999828e-01   4.421678e-06   0.000000e+00   0.000000e+00   5.011467e-01   1.886098e+00   9.999725e-01   1.886093e+00   1.886089e+00
1     1.313984e+02   9.999827e-01   4.425000e-06   0.000000e+00   0.000000e+00   4.980272e-01   2.517416e+00   9.999725e-01   2.517413e+00   2.517411e+00
1     1.314984e+02   9.999827e-01   4.435822e-06   0.000000e+00   0.000000e+00   4.959544e-01   3.147686e+00   9.999724e-01   3.147686e+00   3.147686e+00
1     1.315984e+02   9.999827e-01   4.449976e-06   0.000000e+00   0.000000e+00   4.957171e-01   3.776120e+00   9.999724e-01   3.776122e+00   3.776125e+00
1     1.316984e+02   9.999827e-01   4.462052e-06   0.000000e+00   0.000000e+00   4.973905e-01   4.402645e+00   9.999724e-01   4.402649e+00   4.402654e+00
1     1.317984e+02   9.999827e-01   4.467471e-06   0.000000e+00   0.000000e+00   5.003285e-01   5.027909e+00   9.999724e-01   5.027913e+00   5.027918e+00
1     1.318983e+02   9.999827e-01   4.464188e-06   0.000000e+00   0.000000e+00   5.034205e-01   5.653023e+00   9.999724e-01   5.653025e+00   5.653028e+00
1     1.319983e+02   9.999827e-01   4.453441e-06   0.000000e+00   0.000000e+00   5.054996e-01   6.279151e+00   9.999723e-01   6.279151e+00   6.279151e+00
1     1.320983e+02   9.999827e-01   4.439299e-06   0.000000e+00   0.000000e+00   5.057697e-01   6.239027e-01   9.999723e-01   6.239001e-01   6.238975e-01
1     1.321983e+02   9.999826e-01   4.427156e-06   0.000000e+00   0.000000e+00   5.041122e-01   1.253766e+00   9.999723e-01   1.253761e+00   1.253757e+00
1     1.322983e+02   9.999826e-01   4.421680e-06   0.000000e+00   0.000000e+00   5.011526e-01   1.884927e+00   9.999723e-01   1.884923e+00   1.884919e+00
1     1.324000e+02   9.999826e-01   4.425120e-06   0.000000e+00   0.000000e+00   4.979838e-01   2.527316e+00   9.999723e-01   2.527314e+00   2.527311e+00
1     1.325000e+02   9.999826e-01   4.436032e-06   0.000000e+00   0.000000e+00   4.959354e-01   3.157561e+00   9.999722e-01   3.157561e+00   3.157561e+00
1     1.325999e+02   9.999826e-01   4.450195e-06   0.000000e+00   0.000000e+00   4.957297e-01   3.785964e+00   9.999722e-01   3.785967e+00   3.785969e+00
1     1.326999e+02   9.999826e-01   4.462196e-06   0.000000e+00   0.000000e+00   4.974295e-01   4.412463e+00   9.999722e-01   4.412467e+00   4.412472e+00
1     1.327999e+02   9.999826e-01   4.467486e-06   0.000000e+00   0.000000e+00   5.003792e-01   5.037716e+00   9.999722e-01   5.037720e+00   5.037724e+00
1     1.328999e+02   9.999825e-01   4.464068e-06   0.000000e+00   0.000000e+00   5.034636e-01   5.662837e+00   9.999722e-01   5.662839e+00   5.662842e+00
1     1.329999e+02   9.999825e-01   4.453230e-06   0.000000e+00   0.000000e+00   5.055189e-01   5.803784e-03   9.999721e-01   5.803758e-03   5.803732e-03
1     1.330998e+02   9.999825e-01   4.439077e-06   0.000000e+00   0.000000e+00   5.057576e-01   6.337726e-01   9.999721e-01   6.337699e-01   6.337673e-01
1     1.331998e+02   9.999825e-01   4.427007e-06   0.000000e+00   0.000000e+00   5.040729e-01   1.263663e+00   9.999721e-01   1.263658e+00   1.263654e+00
1     1.332998e+02   9.999825e-01   4.421662e-06   0.000000e+00   0.000000e+00   5.011011e-01   1.894837e+00   9.999721e-01   1.894832e+00   1.894828e+00
1     1.333998e+02   9.999825e-01   4.425106e-06   0.000000e+00   0.000000e+00   4.979883e-01   2.526148e+00   9.999721e-01   2.526146e+00   2.526143e+00
1     1.334998e+02   9.999825e-01   4.436008e-06   0.000000e+00   0.000000e+00   4.959372e-01   3.156397e+00   9.999720e-01   3.156397e+00   3.156397e+00
1     1.335997e+02   9.999825e-01   4.450171e-06   0.000000e+00   0.000000e+00   4.957279e-01   3.784803e+00   9.999720e-01   3.784806e+00   3.784808e+00
1     1.336997e+02   9.999824e-01   4.462181e-06   0.000000e+00   0.000000e+00   4.974248e-01   4.411305e+00   9.999720e-01   4.411310e+00   4.411314e+00
1     1.337997e+02   9.999824e-01   4.467486e-06   0.000000e+00   0.000000e+00   5.003732e-01   5.036559e+00   9.999720e-01   5.036564e+00   5.036568e+00
1     1.338997e+02   9.999824e-01   4.464083e-06   0.000000e+00   0.000000e+00   5.034585e-01   5.661680e+00   9.999720e-01   5.661682e+00   5.661685e+00
1     1.339996e+02   9.999824e-01   4.453256e-06   0.000000e+00   0.000000e+00   5.055164e-01   4.643964e-03   9.999719e-01   4.643943e-03   4.643923e-03
1     1.340996e+02   9.999824e-01   4.439105e-06   0.000000e+00   0.000000e+00   5.057587e-01   6.326093e-01   9.999719e-01   6.326066e-01   6.326040e-01
1     1.341996e+02   9.999824e-01   4.427027e-06   0.000000e+00   0.000000e+00   5.040773e-01   1.262496e+00   9.999719e-01   1.262492e+00   1.262488e+00
1     1.342996e+02   9.999824e-01   4.421667e-06   0.000000e+00   0.000000e+00   5.011071e-01   1.893669e+00   9.999719e-01   1.893665e+00   1.893660e+00
1     1.343996e+02   9.999823e-01   4.425095e-06   0.000000e+00   0.000000e+00   4.979936e-01   2.524981e+00   9.999719e-01   2.524979e+00   2.524976e+00
1     1.344995e+02   9.999823e-01   4.435986e-06   0.000000e+00   0.000000e+00   4.959396e-01   3.155233e+00   9.999718e-01   3.155233e+00   3.155233e+00
1     1.345995e+02   9.999823e-01   4.450147e-06   0.000000e+00   0.000000e+00   4.957267e-01   3.783643e+00   9.999718e-01   3.783645e+00   3.783648e+00
1     1.346995e+02   9.999823e-01   4.462166e-06   0.000000e+00   0.000000e+00   4.974205e-01   4.410148e+00   9.999718e-01   4.410152e+00   4.410157e+00
1     1.347995e+02   9.999823e-01   4.467485e-06   0.000000e+00   0.000000e+00   5.003676e-01   5.035404e+00   9.999718e-01   5.035408e+00   5.035412e+00
1     1.348995e+02   9.999823e-01   4.464098e-06   0.000000e+00   0.000000e+00   5.034537e-01   5.660523e+00   9.999718e-01   5.660526e+00   5.660528e+00
1     1.349994e+02   9.999823e-01   4.453280e-06   0.000000e+00   0.000000e+00   5.055145e-01   3.484886e-03   9.999717e-01   3.484871e-03   3.484855e-03
1     1.350994e+02   9.999823e-01   4.439130e-06   0.000000e+00   0.000000e+00   5.057603e-01   6.314468e-01   9.999717e-01   6.314441e-01   6.314415e-01
1     1.351994e+02   9.999822e-01   4.427043e-06   0.000000e+00   0.000000e+00   5.040818e-01   1.261331e+00   9.999717e-01   1.261327e+00   1.261323e+00
1     1.352994e+02   9.999822e-01   4.421668e-06   0.000000e+00   0.000000e+00   5.011129e-01   1.892502e+00   9.999717e-01   1.892498e+00   1.892494e+00
1     1.353993e+02   9.999822e-01   4.425081e-06   0.000000e+00   0.000000e+00   4.979985e-01   2.523816e+00   9.999717e-01   2.523813e+00   2.523811e+00
1     1.354993e+02   9.999822e-01   4.435962e-06   0.000000e+00   0.000000e+00   4.959419e-01   3.154070e+00   9.999716e-01   3.154070e+00   3.154070e+00
1     1.355993e+02   9.999822e-01   4.450121e-06   0.000000e+00   0.000000e+00   4.957253e-01   3.782484e+00   9.999716e-01   3.782486e+00   3.782489e+00
1     1.356993e+02   9.999822e-01   4.462147e-06   0.000000e+00   0.000000e+00   4.974160e-01   4.408993e+00   9.999716e-01   4.408997e+00   4.409001e+00
1     1.357993e+02   9.999822e-01   4.467481e-06   0.000000e+00   0.000000e+00   5.003615e-01   5.034250e+00   9.999716e-01   5.034254e+00   5.034258e+00
1     1.358992e+02   9.999822e-01   4.464110e-06   0.000000e+00   0.000000e+00   5.034483e-01   5.659369e+00   9.999716e-01   5.659371e+00   5.659374e+00
1     1.359992e+02   9.999821e-01   4.453303e-06   0.000000e+00   0.000000e+00   5.055117e-01   2.327813e-03   9.999715e-01   2.327803e-03   2.327793e-03
1     1.360992e+02   9.999821e-01   4.439155e-06   0.000000e+00   0.000000e+00   5.057611e-01   6.302862e-01   9.999715e-01   6.302836e-01   6.302810e-01
1     1.361992e+02   9.999821e-01   4.427060e-06   0.000000e+00   0.000000e+00   5.040858e-01   1.260167e+00   9.999715e-01   1.260163e+00   1.260159e+00
1     1.362992e+02   9.999821e-01   4.421670e-06   0.000000e+00   0.000000e+00   5.011183e-01   1.891337e+00   9.999715e-01   1.891333e+00   1.891329e+00
1     1.363991e+02   9.999821e-01   4.425068e-06   0.000000e+00   0.000000e+00   4.980031e-01   2.522652e+00   9.999715e-01   2.522650e+00   2.522647e+00
1     1.364991e+02   9.999821e-01   4.435938e-06   0.000000e+00   0.000000e+00   4.959436e-01   3.152909e+00   9.999714e-01   3.152909e+00   3.152909e+00
1     1.365991e+02   9.999821e-01   4.450097e-06   0.000000e+00   0.000000e+00   4.957235e-01   3.781327e+00   9.999714e-01   3.781329e+00   3.781332e+00
1     1.366991e+02   9.999820e-01   4.462133e-06   0.000000e+00   0.000000e+00   4.974113e-01   4.407838e+00   9.999714e-01   4.407843e+00   4.407847e+00
1     1.367991e+02   9.999820e-01   4.467481e-06   0.000000e+00   0.000000e+00   5.003556e-01   5.033097e+00   9.999714e-01   5.033101e+00   5.033105e+00
1     1.368990e+02   9.999820e-01   4.464125e-06   0.000000e+00   0.000000e+00   5.034433e-01   5.658215e+00   9.999714e-01   5.658218e+00   5.658220e+00
1     1.369990e+02   9.999820e-01   4.453329e-06   0.000000e+00   0.000000e+00   5.055094e-01   1.171604e-03   9.999713e-01   1.171599e-03   1.171593e-03
1     1.370990e+02   9.999820e-01   4.439182e-06   0.000000e+00   0.000000e+00   5.057624e-01   6.291265e-01   9.999713e-01   6.291239e-01   6.291213e-01
1     1.371990e+02   9.999820e-01   4.427080e-06   0.000000e+00   0.000000e+00   5.040903e-01   1.259005e+00   9.999713e-01   1.259000e+00   1.258996e+00
1     1.372989e+02   9.999820e-01   4.421675e-06   0.000000e+00   0.000000e+00   5.011244e-01   1.890173e+00   9.999713e-01   1.890169e+00   1.890165e+00
1     1.373989e+02   9.999820e-01   4.425056e-06   0.000000e+00   0.000000e+00   4.980084e-01   2.521489e+00   9.999713e-01   2.521486e+00   2.521484e+00
1     1.374989e+02   9.999819e-01   4.435916e-06   0.000000e+00   0.000000e+00   4.959462e-01   3.151748e+00   9.999712e-01   3.151749e+00   3.151749e+00
1     1.375989e+02   9.999819e-01   4.450073e-06   0.000000e+00   0.000000e+00   4.957225e-01   3.780170e+00   9.999712e-01   3.780172e+00   3.780175e+00
1     1.376989e+02   9.999819e-01   4.462117e-06   0.000000e+00   0.000000e+00   4.974071e-01   4.406685e+00   9.999712e-01   4.406689e+00   4.406693e+00
1     1.377988e+02   9.999819e-01   4.467480e-06   0.000000e+00   0.000000e+00   5.003500e-01   5.031945e+00   9.999712e-01   5.031949e+00   5.031953e+00
1     1.378988e+02   9.999819e-01   4.464139e-06   0.000000e+00   0.000000e+00   5.034386e-01   5.657062e+00   9.999712e-01   5.657065e+00   5.657068e+00
1     1.379988e+02   9.999819e-01   4.453353e-06   0.000000e+00   0.000000e+00   5.055073e-01   1.632796e-05   9.999711e-01   1.632789e-05   1.632781e-05
1     1.380988e+02   9.999819e-01   4.439207e-06   0.000000e+00   0.000000e+00   5.057639e-01   6.279678e-01   9.999711e-01   6.279652e-01   6.279626e-01
1     1.381988e+02   9.999818e-01   4.427096e-06   0.000000e+00   0.000000e+00   5.040948e-01   1.257843e+00   9.999711e-01   1.257839e+00   1.257835e+00
1     1.382987e+02   9.999818e-01   4.421676e-06   0.000000e+00   0.000000e+00   5.011301e-01   1.889011e+00   9.999711e-01   1.889006e+00   1.889002e+00
1     1.383987e+02   9.999818e-01   4.425042e-06   0.000000e+00   0.000000e+00   4.980131e-01   2.520327e+00   9.999711e-01   2.520325e+00   2.520322e+00
1     1.384987e+02   9.999818e-01   4.435892e-06   0.000000e+00   0.000000e+00   4.959481e-01   3.150590e+00   9.999710e-01   3.150590e+00   3.150590e+00
1     1.385987e+02   9.999818e-01   4.450048e-06   0.000000e+00   0.000000e+00   4.957209e-01   3.779015e+00   9.999710e-01   3.779018e+00   3.779020e+00
1     1.386986e+02   9.999818e-01   4.462099e-06   0.000000e+00   0.000000e+00   4.974024e-01   4.405533e+00   9.999710e-01   4.405537e+00   4.405542e+00
1     1.387986e+02   9.999818e-01   4.467477e-06   0.000000e+00   0.000000e+00   5.003437e-01   5.030795e+00   9.999710e-01   5.030799e+00   5.030803e+00
1     1.388986e+02   9.999818e-01   4.464152e-06   0.000000e+00   0.000000e+00   5.034330e-01   5.655912e+00   9.999710e-01   5.655914e+00   5.655917e+00
1     1.389986e+02   9.999817e-01   4.453378e-06   0.000000e+00   0.000000e+00   5.055043e-01   6.282049e+00   9.999709e-01   6.282049e+00   6.282049e+00
1     1.390986e+02   9.999817e-01   4.439234e-06   0.000000e+00   0.000000e+00   5.057645e-01   6.268113e-01   9.999709e-01   6.268086e-01   6.268060e-01
1     1.391985e+02   9.999817e-01   4.427115e-06   0.000000e+00   0.000000e+00   5.040987e-01   1.256683e+00   9.999709e-01   1.256679e+00   1.256675e+00
1     1.392985e+02   9.999817e-01   4.421681e-06   0.000000e+00   0.000000e+00   5.011355e-01   1.887850e+00   9.999709e-01   1.887845e+00   1.887841e+00
1     1.393985e+02   9.999817e-01   4.425031e-06   0.000000e+00   0.000000e+00   4.980178e-01   2.519167e+00   9.999709e-01   2.519164e+00   2.519162e+00
1     1.394985e+02   9.999817e-01   4.435870e-06   0.000000e+00   0.000000e+00   4.959501e-01   3.149433e+00   9.999708e-01   3.149433e+00   3.149433e+00
1     1.395985e+02   9.999817e-01   4.450025e-06   0.000000e+00   0.000000e+00   4.957192e-01   3.777861e+00   9.999708e-01   3.777864e+00   3.777867e+00
1     1.396984e+02   9.999816e-01   4.462085e-06   0.000000e+00   0.000000e+00   4.973978e-01   4.404382e+00   9.999708e-01   4.404387e+00   4.404391e+00
1     1.397984e+02   9.999816e-01   4.467478e-06   0.000000e+00   0.000000e+00   5.003380e-01   5.029645e+00   9.999708e-01   5.029650e+00   5.029654e+00
1     1.398984e+02   9.999816e-01   4.464168e-06   0.000000e+00   0.000000e+00   5.034282e-01   5.654762e+00   9.999708e-01   5.654764e+00   5.654767e+00
1     1.399984e+02   9.999816e-01   4.453403e-06   0.000000e+00   0.000000e+00   5.055024e-01   6.280896e+00   9.999707e-01   6.280896e+00   6.280896e+00
1     1.400983e+02   9.999816e-01   4.439260e-06   0.000000e+00   0.000000e+00   5.057661e-01   6.256551e-01   9.999707e-01   6.256525e-01   6.256499e-01
1     1.401983e+02   9.999816e-01   4.427133e-06   0.000000e+00   0.000000e+00   5.041033e-01   1.255524e+00   9.999707e-01   1.255520e+00   1.255516e+00
1     1.402983e+02   9.999816e-01   4.421684e-06   0.000000e+00   0.000000e+00   5.011416e-01   1.886689e+00   9.999707e-01   1.886685e+00   1.886681e+00
1     1.403983e+02   9.999816e-01   4.425018e-06   0.000000e+00   0.000000e+00   4.980231e-01   2.518007e+00   9.999707e-01   2.518005e+00   2.518002e+00
1     1.404983e+02   9.999815e-01   4.435846e-06   0.000000e+00   0.000000e+00   4.959527e-01   3.148276e+00   9.999706e-01   3.148276e+00   3.148276e+00
1     1.406000e+02   9.999815e-01   4.450244e-06   0.000000e+00   0.000000e+00   4.957321e-01   3.787715e+00   9.999706e-01   3.787718e+00   3.787721e+00
1     1.407000e+02   9.999815e-01   4.462230e-06   0.000000e+00   0.000000e+00   4.974372e-01   4.414210e+00   9.999706e-01   4.414215e+00   4.414219e+00
1     1.408000e+02   9.999815e-01   4.467493e-06   0.000000e+00   0.000000e+00   5.003889e-01   5.039462e+00   9.999706e-01   5.039466e+00   5.039470e+00
1     1.408999e+02   9.999815e-01   4.464047e-06   0.000000e+00   0.000000e+00   5.034716e-01   5.664586e+00   9.999706e-01   5.664588e+00   5.664591e+00
1     1.409999e+02   9.999815e-01   4.453192e-06   0.000000e+00   0.000000e+00   5.055218e-01   7.558609e-03   9.999705e-01   7.558576e-03   7.558542e-03
1     1.410999e+02   9.999815e-01   4.439038e-06   0.000000e+00   0.000000e+00   5.057541e-01   6.355348e-01   9.999705e-01   6.355322e-01   6.355295e-01
1     1.411999e+02   9.999814e-01   4.426985e-06   0.000000e+00   0.000000e+00   5.040641e-01   1.265431e+00   9.999705e-01   1.265427e+00   1.265423e+00
1     1.412998e+02   9.999814e-01   4.421666e-06   0.000000e+00   0.000000e+00   5.010901e-01   1.896608e+00   9.999705e-01   1.896604e+00   1.896600e+00
1     1.413998e+02   9.999814e-01   4.425138e-06   0.000000e+00   0.000000e+00   4.979792e-01   2.527919e+00   9.999705e-01   2.527917e+00   2.527914e+00
1     1.414998e+02   9.999814e-01   4.436057e-06   0.000000e+00   0.000000e+00   4.959332e-01   3.158163e+00   9.999704e-01   3.158163e+00   3.158164e+00
1     1.415998e+02   9.999814e-01   4.450220e-06   0.000000e+00   0.000000e+00   4.957304e-01   3.786564e+00   9.999704e-01   3.786567e+00   3.786570e+00
1     1.416998e+02   9.999814e-01   4.462214e-06   0.000000e+00   0.000000e+00   4.974324e-01   4.413062e+00   9.999704e-01   4.413067e+00   4.413071e+00
1     1.417997e+02   9.999814e-01   4.467492e-06   0.000000e+00   0.000000e+00   5.003828e-01   5.038315e+00   9.999704e-01   5.038320e+00   5.038324e+00
1     1.418997e+02   9.999814e-01   4.464062e-06   0.000000e+00   0.000000e+00   5.034662e-01   5.663439e+00   9.999704e-01   5.663441e+00   5.663444e+00
1     1.419997e+02   9.999813e-01   4.453217e-06   0.000000e+00   0.000000e+00   5.055191e-01   6.409068e-03   9.999703e-01   6.409040e-03   6.409011e-03
1     1.420997e+02   9.999813e-01   4.439066e-06   0.000000e+00   0.000000e+00   5.057549e-01   6.343818e-01   9.999703e-01   6.343791e-01   6.343765e-01
1     1.421997e+02   9.999813e-01   4.427004e-06   0.000000e+00   0.000000e+00   5.040681e-01   1.264275e+00   9.999703e-01   1.264271e+00   1.264267e+00
1     1.422996e+02   9.999813e-01   4.421671e-06   0.000000e+00   0.000000e+00   5.010957e-01   1.895451e+00   9.999703e-01   1.895447e+00   1.895442e+00
1     1.423996e+02   9.999813e-01   4.425127e-06   0.000000e+00   0.000000e+00   4.979841e-01   2.526763e+00   9.999703e-01   2.526760e+00   2.526758e+00
1     1.424996e+02   9.999813e-01   4.436036e-06   0.000000e+00   0.000000e+00   4.959353e-01   3.157010e+00   9.999702e-01   3.157010e+00   3.157010e+00
1     1.425996e+02   9.999813e-01   4.450197e-06   0.000000e+00   0.000000e+00   4.957289e-01   3.785414e+00   9.999702e-01   3.785417e+00   3.785420e+00
1     1.426995e+02   9.999812e-01   4.462200e-06   0.000000e+00   0.000000e+00   4.974280e-01   4.411915e+00   9.999702e-01   4.411920e+00   4.411924e+00
1     1.427995e+02   9.999812e-01   4.467492e-06   0.000000e+00   0.000000e+00   5.003771e-01   5.037170e+00   9.999702e-01   5.037174e+00   5.037178e+00
1     1.428995e+02   9.999812e-01   4.464077e-06   0.000000e+00   0.000000e+00   5.034615e-01   5.662292e+00   9.999702e-01   5.662295e+00   5.662297e+00
1     1.429995e+02   9.999812e-01   4.453242e-06   0.000000e+00   0.000000e+00   5.055171e-01   5.259982e-03   9.999701e-01   5.259959e-03   5.259935e-03
1     1.430995e+02   9.999812e-01   4.439090e-06   0.000000e+00   0.000000e+00   5.057565e-01   6.332293e-01   9.999701e-01   6.332267e-01   6.332241e-01
1     1.431994e+02   9.999812e-01   4.427021e-06   0.000000e+00   0.000000e+00   5.040726e-01   1.263120e+00   9.999701e-01   1.263116e+00   1.263111e+00
1     1.432994e+02   9.999812e-01   4.421673e-06   0.000000e+00   0.000000e+00   5.011015e-01   1.894294e+00   9.999701e-01   1.894290e+00   1.894286e+00
1     1.433994e+02   9.999812e-01   4.425113e-06   0.000000e+00   0.000000e+00   4.979890e-01   2.525607e+00   9.999701e-01   2.525605e+00   2.525602e+00
1     1.434994e+02   9.999811e-01   4.436011e-06   0.000000e+00   0.000000e+00   4.959375e-01   3.155857e+00   9.999700e-01   3.155857e+00   3.155857e+00
1     1.435994e+02   9.999811e-01   4.450171e-06   0.000000e+00   0.000000e+00   4.957274e-01   3.784265e+00   9.999700e-01   3.784268e+00   3.784271e+00
1     1.436993e+02   9.999811e-01   4.462181e-06   0.000000e+00   0.000000e+00   4.974233e-01   4.410770e+00   9.999700e-01   4.410774e+00   4.410778e+00
1     1.437993e+02   9.999811e-01   4.467488e-06   0.000000e+00   0.000000e+00   5.003710e-01   5.036026e+00   9.999700e-01   5.036030e+00   5.036034e+00
1     1.438993e+02   9.999811e-01   4.464089e-06   0.000000e+00   0.000000e+00   5.034560e-01   5.661148e+00   9.999700e-01   5.661150e+00   5.661153e+00
1     1.439993e+02   9.999811e-01   4.453265e-06   0.000000e+00   0.000000e+00   5.055143e-01   4.112945e-03   9.999699e-01   4.112927e-03   4.112909e-03
1     1.440993e+02   9.999811e-01   4.439115e-06   0.000000e+00   0.000000e+00   5.057573e-01   6.320788e-01   9.999699e-01   6.320762e-01   6.320736e-01
1     1.441992e+02   9.999810e-01   4.427037e-06   0.000000e+00   0.000000e+00   5.040766e-01   1.261966e+00   9.999699e-01   1.261962e+00   1.261958e+00
1     1.442992e+02   9.999810e-01   4.421675e-06   0.000000e+00   0.000000e+00   5.011069e-01   1.893140e+00   9.999699e-01   1.893135e+00   1.893131e+00
1     1.443992e+02   9.999810e-01   4.425100e-06   0.000000e+00   0.000000e+00   4.979934e-01   2.524454e+00   9.999699e-01   2.524451e+00   2.524448e+00
1     1.444992e+02   9.999810e-01   4.435988e-06   0.000000e+00   0.000000e+00   4.959392e-01   3.154706e+00   9.999698e-01   3.154706e+00   3.154706e+00
1     1.445991e+02   9.999810e-01   4.450147e-06   0.000000e+00   0.000000e+00   4.957256e-01   3.783118e+00   9.999698e-01   3.783121e+00   3.783124e+00
1     1.446991e+02   9.999810e-01   4.462167e-06   0.000000e+00   0.000000e+00   4.974187e-01   4.409626e+00   9.999698e-01   4.409630e+00   4.409634e+00
1     1.447991e+02   9.999810e-01   4.467488e-06   0.000000e+00   0.000000e+00   5.003651e-01   5.034883e+00   9.999698e-01   5.034887e+00   5.034891e+00
1     1.448991e+02   9.999810e-01   4.464104e-06   0.000000e+00   0.000000e+00   5.034511e-01   5.660004e+00   9.999698e-01   5.660007e+00   5.660009e+00
1     1.449991e+02   9.999809e-01   4.453290e-06   0.000000e+00   0.000000e+00   5.055121e-01   2.966680e-03   9.999697e-01   2.966667e-03   2.966654e-03
1     1.450990e+02   9.999809e-01   4.439142e-06   0.000000e+00   0.000000e+00   5.057586e-01   6.309291e-01   9.999697e-01   6.309265e-01   6.309239e-01
1     1.451990e+02   9.999809e-01   4.427056e-06   0.000000e+00   0.000000e+00   5.040811e-01   1.260814e+00   9.999697e-01   1.260809e+00   1.260805e+00
1     1.452990e+02   9.999809e-01   4.421679e-06   0.000000e+00   0.000000e+00   5.011129e-01   1.891985e+00   9.999697e-01   1.891981e+00   1.891977e+00
1     1.453990e+02   9.999809e-01   4.425088e-06   0.000000e+00   0.000000e+00   4.979988e-01   2.523300e+00   9.999697e-01   2.523298e+00   2.523295e+00
1     1.454990e+02   9.999809e-01   4.435965e-06   0.000000e+00   0.000000e+00   4.959418e-01   3.153556e+00   9.999696e-01   3.153556e+00   3.153556e+00
1     1.455989e+02   9.999809e-01   4.450123e-06   0.000000e+00   0.000000e+00   4.957246e-01   3.781971e+00   9.999696e-01   3.781974e+00   3.781977e+00
1     1.456989e+02   9.999808e-01   4.462150e-06   0.000000e+00   0.000000e+00   4.974146e-01   4.408482e+00   9.999696e-01   4.408486e+00   4.408491e+00
1     1.457989e+02   9.999808e-01   4.467486e-06   0.000000e+00   0.000000e+00   5.003596e-01   5.033741e+00   9.999696e-01   5.033745e+00   5.033749e+00
1     1.458989e+02   9.999808e-01   4.464118e-06   0.000000e+00   0.000000e+00   5.034464e-01   5.658861e+00   9.999696e-01   5.658864e+00   5.658867e+00
1     1.459988e+02   9.999808e-01   4.453314e-06   0.000000e+00   0.000000e+00   5.055100e-01   1.821435e-03   9.999695e-01   1.821427e-03   1.821419e-03
1     1.460988e+02   9.999808e-01   4.439167e-06   0.000000e+00   0.000000e+00   5.057601e-01   6.297805e-01   9.999695e-01   6.297778e-01   6.297752e-01
1     1.461988e+02   9.999808e-01   4.427072e-06   0.000000e+00   0.000000e+00   5.040855e-01   1.259662e+00   9.999695e-01   1.259658e+00   1.259654e+00
1     1.462988e+02   9.999808e-01   4.421680e-06   0.000000e+00   0.000000e+00   5.011185e-01   1.890833e+00   9.999695e-01   1.890829e+00   1.890825e+00
1     1.463988e+02   9.999808e-01   4.425074e-06   0.000000e+00   0.000000e+00   4.980035e-01   2.522149e+00   9.999695e-01   2.522146e+00   2.522144e+00
1     1.464987e+02   9.999807e-01   4.435941e-06   0.000000e+00   0.000000e+00   4.959438e-01   3.152407e+00   9.999694e-01   3.152407e+00   3.152407e+00
1     1.465987e+02   9.999807e-01   4.450098e-06   0.000000e+00   0.000000e+00   4.957230e-01   3.780826e+00   9.999694e-01   3.780829e+00   3.780832e+00
1     1.466987e+02   9.999807e-01   4.462133e-06   0.000000e+00   0.000000e+00   4.974099e-01   4.407340e+00   9.999694e-01   4.407345e+00   4.407349e+00
1     1.467987e+02   9.999807e-01   4.467483e-06   0.000000e+00   0.000000e+00   5.003534e-01   5.032601e+00   9.999694e-01   5.032605e+00   5.032609e+00
1     1.468987e+02   9.999807e-01   4.464130e-06   0.000000e+00   0.000000e+00   5.034408e-01   5.657721e+00   9.999694e-01   5.657723e+00   5.657726e+00
1     1.469986e+02   9.999807e-01   4.453338e-06   0.000000e+00   0.000000e+00   5.055071e-01   6.783006e-04   9.999693e-01   6.782976e-04   6.782946e-04
1     1.470986e+02   9.999807e-01   4.439193e-06   0.000000e+00   0.000000e+00   5.057608e-01   6.286338e-01   9.999693e-01   6.286312e-01   6.286286e-01
1     1.471986e+02   9.999806e-01   4.427090e-06   0.000000e+00   0.000000e+00   5.040894e-01   1.258512e+00   9.999693e-01   1.258508e+00   1.258504e+00
1     1.472986e+02   9.999806e-01   4.421684e-06   0.000000e+00   0.000000e+00   5.011239e-01   1.889682e+00   9.999693e-01   1.889678e+00   1.889673e+00
1     1.473985e+02   9.999806e-01   4.425062e-06   0.000000e+00   0.000000e+00   4.980081e-01   2.520999e+00   9.999693e-01   2.520996e+00   2.520993e+00
1     1.474985e+02   9.999806e-01   4.435919e-06   0.000000e+00   0.000000e+00   4.959456e-01   3.151260e+00   9.999692e-01   3.151260e+00   3.151260e+00
1     1.475985e+02   9.999806e-01   4.450074e-06   0.000000e+00   0.000000e+00   4.957213e-01   3.779683e+00   9.999692e-01   3.779686e+00   3.779688e+00
1     1.476985e+02   9.999806e-01   4.462118e-06   0.000000e+00   0.000000e+00   4.974053e-01   4.406200e+00   9.999692e-01   4.406204e+00   4.406208e+00
1     1.477985e+02   9.999806e-01   4.467483e-06   0.000000e+00   0.000000e+00   5.003477e-01   5.031462e+00   9.999692e-01   5.031466e+00   5.031470e+00
1     1.478984e+02   9.999806e-01   4.464145e-06   0.000000e+00   0.000000e+00   5.034361e-01   5.656581e+00   9.999692e-01   5.656583e+00   5.656586e+00
1     1.479984e+02   9.999805e-01   4.453363e-06   0.000000e+00   0.000000e+00   5.055051e-01   6.282721e+00   9.999691e-01   6.282721e+00   6.282721e+00
1     1.480984e+02   9.999805e-01   4.439219e-06   0.000000e+00   0.000000e+00   5.057622e-01   6.274877e-01   9.999691e-01   6.274851e-01   6.274825e-01
1     1.481984e+02   9.999805e-01   4.427108e-06   0.000000e+00   0.000000e+00   5.040939e-01   1.257363e+00   9.999691e-01   1.257359e+00   1.257355e+00
1     1.482984e+02   9.999805e-01   4.421687e-06   0.000000e+00   0.000000e+00   5.011300e-01   1.888531e+00   9.999691e-01   1.888527e+00   1.888523e+00
1     1.483983e+02   9.999805e-01   4.425049e-06   0.000000e+00   0.000000e+00   4.980134e-01   2.519849e+00   9.999691e-01   2.519846e+00   2.519844e+00
1     1.484983e+02   9.999805e-01   4.435895e-06   0.000000e+00   0.000000e+00   4.959483e-01   3.150113e+00   9.999690e-01   3.150113e+00   3.150113e+00
1     1.485983e+02   9.999805e-01   4.450049e-06   0.000000e+00   0.000000e+00   4.957204e-01   3.778540e+00   9.999690e-01   3.778542e+00   3.778545e+00
1     1.486983e+02   9.999804e-01   4.462101e-06   0.000000e+00   0.000000e+00   4.974012e-01   4.405060e+00   9.999690e-01   4.405064e+00   4.405068e+00
1     1.487982e+02   9.999804e-01   4.467480e-06   0.000000e+00   0.000000e+00   5.003421e-01   5.030323e+00   9.999690e-01   5.030328e+00   5.030332e+00
1     1.489000e+02   9.999804e-01   4.464025e-06   0.000000e+00   0.000000e+00   5.034794e-01   5.666415e+00   9.999690e-01   5.666417e+00   5.666420e+00
1     1.490000e+02   9.999804e-01   4.453152e-06   0.000000e+00   0.000000e+00   5.055245e-01   9.393805e-03   9.999689e-01   9.393763e-03   9.393721e-03
1     1.490999e+02   9.999804e-01   4.438997e-06   0.000000e+00   0.000000e+00   5.057502e-01   6.373776e-01   9.999689e-01   6.373749e-01   6.373723e-01
1     1.491999e+02   9.999804e-01   4.426960e-06   0.000000e+00   0.000000e+00   5.040547e-01   1.267280e+00   9.999689e-01   1.267276e+00   1.267272e+00
1     1.492999e+02   9.999804e-01   4.421670e-06   0.000000e+00   0.000000e+00   5.010785e-01   1.898461e+00   9.999689e-01   1.898457e+00   1.898452e+00
1     1.493999e+02   9.999804e-01   4.425170e-06   0.000000e+00   0.000000e+00   4.979695e-01   2.529771e+00   9.999689e-01   2.529768e+00   2.529766e+00
1     1.494999e+02   9.999803e-01   4.436107e-06   0.000000e+00   0.000000e+00   4.959288e-01   3.160011e+00   9.999688e-01   3.160011e+00   3.160011e+00
1     1.495998e+02   9.999803e-01   4.450270e-06   0.000000e+00   0.000000e+00   4.957326e-01   3.788406e+00   9.999688e-01   3.788409e+00   3.788411e+00
1     1.496998e+02   9.999803e-01   4.462248e-06   0.000000e+00   0.000000e+00   4.974400e-01   4.414900e+00   9.999688e-01   4.414904e+00   4.414908e+00
1     1.497998e+02   9.999803e-01   4.467497e-06   0.000000e+00   0.000000e+00   5.003925e-01   5.040152e+00   9.999688e-01   5.040156e+00   5.040160e+00
1     1.498998e+02   9.999803e-01   4.464039e-06   0.000000e+00   0.000000e+00   5.034741e-01   5.665278e+00   9.999688e-01   5.665280e+00   5.665283e+00
1     1.499997e+02   9.999803e-01   4.453177e-06   0.000000e+00   0.000000e+00   5.055217e-01   8.254267e-03   9.999687e-01   8.254230e-03   8.254193e-03
1     1.500997e+02   9.999803e-01   4.439025e-06   0.000000e+00   0.000000e+00   5.057510e-01   6.362346e-01   9.999687e-01   6.362319e-01   6.362293e-01
1     1.501997e+02   9.999802e-01   4.426980e-06   0.000000e+00   0.000000e+00   5.040587e-01   1.266134e+00   9.999687e-01   1.266130e+00   1.266126e+00
1     1.502997e+02   9.999802e-01   4.421675e-06   0.000000e+00   0.000000e+00   5.010841e-01   1.897313e+00   9.999687e-01   1.897309e+00   1.897305e+00
1     1.503997e+02   9.999802e-01   4.425159e-06   0.000000e+00   0.000000e+00   4.979744e-01   2.528624e+00   9.999687e-01   2.528622e+00   2.528619e+00
1     1.504996e+02   9.999802e-01   4.436085e-06   0.000000e+00   0.000000e+00   4.959310e-01   3.158867e+00   9.999686e-01   3.158867e+00   3.158867e+00
1     1.505996e+02   9.999802e-01   4.450247e-06   0.000000e+00   0.000000e+00   4.957311e-01   3.787266e+00   9.999686e-01   3.787268e+00   3.787271e+00
1     1.506996e+02   9.999802e-01   4.462233e-06   0.000000e+00   0.000000e+00   4.974356e-01   4.413763e+00   9.999686e-01   4.413767e+00   4.413771e+00
1     1.507996e+02   9.999802e-01   4.467497e-06   0.000000e+00   0.000000e+00   5.003868e-01   5.039016e+00   9.999686e-01   5.039020e+00   5.039024e+00
1     1.508996e+02   9.999802e-01   4.464054e-06   0.000000e+00   0.000000e+00   5.034693e-01   5.664141e+00   9.999686e-01   5.664144e+00   5.664146e+00
1     1.509995e+02   9.999801e-01   4.453202e-06   0.000000e+00   0.000000e+00   5.055198e-01   7.115212e-03   9.999685e-01   7.115181e-03   7.115149e-03
1     1.510995e+02   9.999801e-01   4.439049e-06   0.000000e+00   0.000000e+00   5.057525e-01   6.350922e-01   9.999685e-01   6.350895e-01   6.350869e-01
1     1.511995e+02   9.999801e-01   4.426996e-06   0.000000e+00   0.000000e+00   5.040631e-01   1.264989e+00   9.999685e-01   1.264985e+00   1.264981e+00
1     1.512995e+02   9.999801e-01   4.421676e-06   0.000000e+00   0.000000e+00   5.010898e-01   1.896167e+00   9.999685e-01   1.896163e+00   1.896159e+00
1     1.513995e+02   9.999801e-01   4.425145e-06   0.000000e+00   0.000000e+00   4.979793e-01   2.527479e+00   9.999685e-01   2.527476e+00   2.527474e+00
1     1.514994e+02   9.999801e-01   4.436061e-06   0.000000e+00   0.000000e+00   4.959332e-01   3.157724e+00   9.999684e-01   3.157724e+00   3.157724e+00
1     1.515994e+02   9.999801e-01   4.450221e-06   0.000000e+00   0.000000e+00   4.957298e-01   3.786127e+00   9.999684e-01   3.786130e+00   3.786132e+00
1     1.516994e+02   9.999800e-01   4.462215e-06   0.000000e+00   0.000000e+00   4.974311e-01   4.412627e+00   9.999684e-01   4.412631e+00   4.412636e+00
1     1.517994e+02   9.999800e-01   4.467494e-06   0.000000e+00   0.000000e+00   5.003809e-01   5.037882e+00   9.999684e-01   5.037886e+00   5.037890e+00
1     1.518993e+02   9.999800e-01   4.464066e-06   0.000000e+00   0.000000e+00   5.034640e-01   5.663007e+00   9.999684e-01   5.663009e+00   5.663012e+00
1     1.519993e+02   9.999800e-01   4.453225e-06   0.000000e+00   0.000000e+00   5.055171e-01   5.978046e-03   9.999683e-01   5.978019e-03   5.977993e-03
1     1.520993e+02   9.999800e-01   4.439074e-06   0.000000e+00   0.000000e+00   5.057534e-01   6.339516e-01   9.999683e-01   6.339489e-01   6.339463e-01
1     1.521993e+02   9.999800e-01   4.427013e-06   0.000000e+00   0.000000e+00   5.040672e-01   1.263846e+00   9.999683e-01   1.263841e+00   1.263837e+00
1     1.522993e+02   9.999800e-01   4.421678e-06   0.000000e+00   0.000000e+00   5.010952e-01   1.895022e+00   9.999683e-01   1.895018e+00   1.895014e+00
1     1.523992e+02   9.999800e-01   4.425132e-06   0.000000e+00   0.000000e+00   4.979838e-01   2.526335e+00   9.999683e-01   2.526332e+00   2.526330e+00
1     1.524992e+02   9.999799e-01   4.436038e-06   0.000000e+00   0.000000e+00   4.959348e-01   3.156583e+00   9.999682e-01   3.156583e+00   3.156583e+00
1     1.525992e+02   9.999799e-01   4.450198e-06   0.000000e+00   0.000000e+00   4.957280e-01   3.784990e+00   9.999682e-01   3.784992e+00   3.784995e+00
1     1.526992e+02   9.999799e-01   4.462200e-06   0.000000e+00   0.000000e+00   4.974265e-01   4.411493e+00   9.999682e-01   4.411497e+00   4.411501e+00
1     1.527992e+02   9.999799e-01   4.467494e-06   0.000000e+00   0.000000e+00   5.003750e-01   5.036749e+00   9.999682e-01   5.036753e+00   5.036757e+00
1     1.528991e+02   9.999799e-01   4.464081e-06   0.000000e+00   0.000000e+00   5.034591e-01   5.661873e+00   9.999682e-01   5.661875e+00   5.661878e+00
1     1.529991e+02   9.999799e-01   4.453250e-06   0.000000e+00   0.000000e+00   5.055148e-01   4.841830e-03   9.999681e-01   4.841808e-03   4.841787e-03
1     1.530991e+02   9.999799e-01   4.439101e-06   0.000000e+00   0.000000e+00   5.057547e-01   6.328119e-01   9.999681e-01   6.328093e-01   6.328067e-01
1     1.531991e+02   9.999798e-01   4.427032e-06   0.000000e+00   0.000000e+00   5.040716e-01   1.262703e+00   9.999681e-01   1.262699e+00   1.262695e+00
1     1.532990e+02   9.999798e-01   4.421683e-06   0.000000e+00   0.000000e+00   5.011012e-01   1.893878e+00   9.999681e-01   1.893874e+00   1.893870e+00
1     1.533990e+02   9.999798e-01   4.425120e-06   0.000000e+00   0.000000e+00   4.979890e-01   2.525192e+00   9.999681e-01   2.525189e+00   2.525187e+00
1     1.534990e+02   9.999798e-01   4.436016e-06   0.000000e+00   0.000000e+00   4.959374e-01   3.155443e+00   9.999680e-01   3.155443e+00   3.155443e+00
1     1.535990e+02   9.999798e-01   4.450174e-06   0.000000e+00   0.000000e+00   4.957270e-01   3.783853e+00   9.999680e-01   3.783856e+00   3.783858e+00
1     1.536990e+02   9.999798e-01   4.462184e-06   0.000000e+00   0.000000e+00   4.974224e-01   4.410359e+00   9.999680e-01   4.410363e+00   4.410368e+00
1     1.537989e+02   9.999798e-01   4.467492e-06   0.000000e+00   0.000000e+00   5.003695e-01   5.035617e+00   9.999680e-01   5.035621e+00   5.035625e+00
1     1.538989e+02   9.999798e-01   4.464095e-06   0.000000e+00   0.000000e+00   5.034544e-01   5.660740e+00   9.999680e-01   5.660743e+00   5.660745e+00
1     1.539989e+02   9.999797e-01   4.453274e-06   0.000000e+00   0.000000e+00   5.055128e-01   3.706552e-03   9.999679e-01   3.706536e-03   3.706519e-03
1     1.540989e+02   9.999797e-01   4.439126e-06   0.000000e+00   0.000000e+00   5.057562e-01   6.316733e-01   9.999679e-01   6.316706e-01   6.316680e-01
1     1.541989e+02   9.999797e-01   4.427048e-06   0.000000e+00   0.000000e+00   5.040760e-01   1.261561e+00   9.999679e-01   1.261557e+00   1.261553e+00
1     1.542988e+02   9.999797e-01   4.421684e-06   0.000000e+00   0.000000e+00   5.011068e-01   1.892736e+00   9.999679e-01   1.892731e+00   1.892727e+00
1     1.543988e+02   9.999797e-01   4.425107e-06   0.000000e+00   0.000000e+00   4.979936e-01   2.524050e+00   9.999679e-01   2.524048e+00   2.524045e+00
1     1.544988e+02   9.999797e-01   4.435992e-06   0.000000e+00   0.000000e+00   4.959393e-01   3.154304e+00   9.999678e-01   3.154304e+00   3.154304e+00
1     1.545988e+02   9.999797e-01   4.450149e-06   0.000000e+00   0.000000e+00   4.957253e-01   3.782718e+00   9.999678e-01   3.782721e+00   3.782723e+00
1     1.546987e+02   9.999796e-01   4.462168e-06   0.000000e+00   0.000000e+00   4.974177e-01   4.409227e+00   9.999678e-01   4.409232e+00   4.409236e+00
1     1.547987e+02   9.999796e-01   4.467490e-06   0.000000e+00   0.000000e+00   5.003634e-01   5.034487e+00   9.999678e-01   5.034491e+00   5.034495e+00
1     1.548987e+02   9.999796e-01   4.464108e-06   0.000000e+00   0.000000e+00   5.034489e-01   5.659609e+00   9.999678e-01   5.659612e+00   5.659615e+00
1     1.549987e+02   9.999796e-01   4.453298e-06   0.000000e+00   0.000000e+00   5.055099e-01   2.573395e-03   9.999677e-01   2.573383e-03   2.573372e-03
1     1.550987e+02   9.999796e-01   4.439152e-06   0.000000e+00   0.000000e+00   5.057568e-01   6.305367e-01   9.999677e-01   6.305340e-01   6.305314e-01
1     1.551986e+02   9.999796e-01   4.427066e-06   0.000000e+00   0.000000e+00   5.040799e-01   1.260422e+00   9.999677e-01   1.260418e+00   1.260413e+00
1     1.552986e+02   9.999796e-01   4.421688e-06   0.000000e+00   0.000000e+00   5.011121e-01   1.891595e+00   9.999677e-01   1.891590e+00   1.891586e+00
1     1.553986e+02   9.999796e-01   4.425095e-06   0.000000e+00   0.000000e+00   4.979982e-01   2.522910e+00   9.999677e-01   2.522908e+00   2.522905e+00
1     1.554986e+02   9.999795e-01   4.435970e-06   0.000000e+00   0.000000e+00   4.959412e-01   3.153167e+00   9.999676e-01   3.153167e+00   3.153167e+00
1     1.555986e+02   9.999795e-01   4.450126e-06   0.000000e+00   0.000000e+00   4.957236e-01   3.781585e+00   9.999676e-01   3.781587e+00   3.781590e+00
1     1.556985e+02   9.999795e-01   4.462153e-06   0.000000e+00   0.000000e+00   4.974131e-01   4.408097e+00   9.999676e-01   4.408101e+00   4.408105e+00
1     1.557985e+02   9.999795e-01   4.467490e-06   0.000000e+00   0.000000e+00   5.003576e-01   5.033357e+00   9.999676e-01   5.033362e+00   5.033366e+00
1     1.558985e+02   9.999795e-01   4.464124e-06   0.000000e+00   0.000000e+00   5.034442e-01   5.658479e+00   9.999676e-01   5.658482e+00   5.658485e+00
1     1.559985e+02   9.999795e-01   4.453323e-06   0.000000e+00   0.000000e+00   5.055079e-01   1.440639e-03   9.999675e-01   1.440633e-03   1.440626e-03
1     1.560984e+02   9.999795e-01   4.439177e-06   0.000000e+00   0.000000e+00   5.057583e-01   6.294006e-01   9.999675e-01   6.293979e-01   6.293953e-01
1     1.561984e+02   9.999794e-01   4.427083e-06   0.000000e+00   0.000000e+00   5.040843e-01   1.259283e+00   9.999675e-01   1.259279e+00   1.259274e+00
1     1.562984e+02   9.999794e-01   4.421691e-06   0.000000e+00   0.000000e+00   5.011181e-01   1.890454e+00   9.999675e-01   1.890450e+00   1.890446e+00
1     1.563984e+02   9.999794e-01   4.425082e-06   0.000000e+00   0.000000e+00   4.980034e-01   2.521771e+00   9.999675e-01   2.521768e+00   2.521766e+00
1     1.564984e+02   9.999794e-01   4.435946e-06   0.000000e+00   0.000000e+00   4.959437e-01   3.152030e+00   9.999674e-01   3.152030e+00   3.152031e+00
1     1.565983e+02   9.999794e-01   4.450100e-06   0.000000e+00   0.000000e+00   4.957226e-01   3.780452e+00   9.999674e-01   3.780454e+00   3.780457e+00
1     1.566983e+02   9.999794e-01   4.462135e-06   0.000000e+00   0.000000e+00   4.974089e-01   4.406967e+00   9.999674e-01   4.406971e+00   4.406976e+00
1     1.567983e+02   9.999794e-01   4.467487e-06   0.000000e+00   0.000000e+00   5.003520e-01   5.032229e+00   9.999674e-01   5.032234e+00   5.032238e+00
1     1.568983e+02   9.999794e-01   4.464135e-06   0.000000e+00   0.000000e+00   5.034392e-01   5.657351e+00   9.999674e-01   5.657353e+00   5.657356e+00
1     1.569983e+02   9.999793e-01   4.453345e-06   0.000000e+00   0.000000e+00   5.055056e-01   3.094277e-04   9.999673e-01   3.094263e-04   3.094249e-04
1     1.571000e+02   9.999793e-01   4.438955e-06   0.000000e+00   0.000000e+00   5.057460e-01   6.393007e-01   9.999673e-01   6.392981e-01   6.392954e-01
1     1.572000e+02   9.999793e-01   4.426936e-06   0.000000e+00   0.000000e+00   5.040449e-01   1.269210e+00   9.999673e-01   1.269206e+00   1.269202e+00
1     1.572999e+02   9.999793e-01   4.421674e-06   0.000000e+00   0.000000e+00   5.010665e-01   1.900394e+00   9.999673e-01   1.900390e+00   1.900385e+00
1     1.573999e+02   9.999793e-01   4.425203e-06   0.000000e+00   0.000000e+00   4.979596e-01   2.531703e+00   9.999673e-01   2.531700e+00   2.531698e+00
1     1.574999e+02   9.999793e-01   4.436158e-06   0.000000e+00   0.000000e+00   4.959243e-01   3.161938e+00   9.999672e-01   3.161938e+00   3.161938e+00
1     1.575999e+02   9.999793e-01   4.450322e-06   0.000000e+00   0.000000e+00   4.957349e-01   3.790328e+00   9.999672e-01   3.790330e+00   3.790333e+00
1     1.576999e+02   9.999792e-01   4.462282e-06   0.000000e+00   0.000000e+00   4.974479e-01   4.416817e+00   9.999672e-01   4.416821e+00   4.416825e+00
1     1.577998e+02   9.999792e-01   4.467503e-06   0.000000e+00   0.000000e+00   5.004026e-01   5.042067e+00   9.999672e-01   5.042072e+00   5.042076e+00
1     1.578998e+02   9.999792e-01   4.464017e-06   0.000000e+00   0.000000e+00   5.034822e-01   5.667196e+00   9.999672e-01   5.667199e+00   5.667202e+00
1     1.579998e+02   9.999792e-01   4.453136e-06   0.000000e+00   0.000000e+00   5.055245e-01   1.017947e-02   9.999671e-01   1.017943e-02   1.017938e-02
1     1.580998e+02   9.999792e-01   4.438983e-06   0.000000e+00   0.000000e+00   5.057470e-01   6.381676e-01   9.999671e-01   6.381649e-01   6.381623e-01
1     1.581998e+02   9.999792e-01   4.426956e-06   0.000000e+00   0.000000e+00   5.040491e-01   1.268074e+00   9.999671e-01   1.268070e+00   1.268066e+00
1     1.582997e+02   9.999792e-01   4.421679e-06   0.000000e+00   0.000000e+00   5.010722e-01   1.899256e+00   9.999671e-01   1.899252e+00   1.899248e+00
1     1.583997e+02   9.999792e-01   4.425192e-06   0.000000e+00   0.000000e+00   4.979645e-01   2.530566e+00   9.999671e-01   2.530563e+00   2.530561e+00
1     1.584997e+02   9.999791e-01   4.436137e-06   0.000000e+00   0.000000e+00   4.959266e-01   3.160804e+00   9.999670e-01   3.160804e+00   3.160804e+00
1     1.585997e+02   9.999791e-01   4.450299e-06   0.000000e+00   0.000000e+00   4.957336e-01   3.789197e+00   9.999670e-01   3.789200e+00   3.789203e+00
1     1.586996e+02   9.999791e-01   4.462267e-06   0.000000e+00   0.000000e+00   4.974436e-01   4.415690e+00   9.999670e-01   4.415694e+00   4.415698e+00
1     1.587996e+02   9.999791e-01   4.467503e-06   0.000000e+00   0.000000e+00   5.003970e-01   5.040942e+00   9.999670e-01   5.040946e+00   5.040950e+00
1     1.588996e+02   9.999791e-01   4.464031e-06   0.000000e+00   0.000000e+00   5.034775e-01   5.666070e+00   9.999670e-01   5.666073e+00   5.666075e+00
1     1.589996e+02   9.999791e-01   4.453161e-06   0.000000e+00   0.000000e+00   5.055226e-01   9.050407e-03   9.999669e-01   9.050366e-03   9.050326e-03
1     1.590996e+02   9.999791e-01   4.439007e-06   0.000000e+00   0.000000e+00   5.057485e-01   6.370352e-01   9.999669e-01   6.370325e-01   6.370299e-01
1     1.591995e+02   9.999790e-01   4.426971e-06   0.000000e+00   0.000000e+00   5.040535e-01   1.266939e+00   9.999669e-01   1.266935e+00   1.266930e+00
1     1.592995e+02   9.999790e-01   4.421680e-06   0.000000e+00   0.000000e+00   5.010778e-01   1.898120e+00   9.999669e-01   1.898116e+00   1.898112e+00
1     1.593995e+02   9.999790e-01   4.425178e-06   0.000000e+00   0.000000e+00   4.979692e-01   2.529431e+00   9.999669e-01   2.529428e+00   2.529426e+00
1     1.594995e+02   9.999790e-01   4.436113e-06   0.000000e+00   0.000000e+00   4.959286e-01   3.159672e+00   9.999668e-01   3.159672e+00   3.159672e+00
1     1.595995e+02   9.999790e-01   4.450273e-06   0.000000e+00   0.000000e+00   4.957321e-01   3.788069e+00   9.999668e-01   3.788071e+00   3.788074e+00
1     1.596994e+02   9.999790e-01   4.462250e-06   0.000000e+00   0.000000e+00   4.974390e-01   4.414564e+00   9.999668e-01   4.414568e+00   4.414573e+00
1     1.597994e+02   9.999790e-01   4.467500e-06   0.000000e+00   0.000000e+00   5.003909e-01   5.039818e+00   9.999668e-01   5.039822e+00   5.039826e+00
1     1.598994e+02   9.999790e-01   4.464044e-06   0.000000e+00   0.000000e+00   5.034721e-01   5.664946e+00   9.999668e-01   5.664948e+00   5.664951e+00
1     1.599994e+02   9.999789e-01   4.453184e-06   0.000000e+00   0.000000e+00   5.055198e-01   7.923378e-03   9.999667e-01   7.923342e-03   7.923307e-03
1     1.600994e+02   9.999789e-01   4.439032e-06   0.000000e+00   0.000000e+00   5.057493e-01   6.359047e-01   9.999667e-01   6.359021e-01   6.358994e-01
1     1.601993e+02   9.999789e-01   4.426988e-06   0.000000e+00   0.000000e+00   5.040574e-01   1.265805e+00   9.999667e-01   1.265801e+00   1.265797e+00
1     1.602993e+02   9.999789e-01   4.421683e-06   0.000000e+00   0.000000e+00   5.010831e-01   1.896985e+00   9.999667e-01   1.896981e+00   1.896977e+00
1     1.603993e+02   9.999789e-01   4.425165e-06   0.000000e+00   0.000000e+00   4.979737e-01   2.528297e+00   9.999667e-01   2.528294e+00   2.528292e+00
1     1.604993e+02   9.999789e-01   4.436090e-06   0.000000e+00   0.000000e+00   4.959303e-01   3.158541e+00   9.999666e-01   3.158541e+00   3.158541e+00
1     1.605992e+02   9.999789e-01   4.450250e-06   0.000000e+00   0.000000e+00   4.957303e-01   3.786941e+00   9.999666e-01   3.786944e+00   3.786947e+00
1     1.606992e+02   9.999788e-01   4.462235e-06   0.000000e+00   0.000000e+00   4.974344e-01   4.413440e+00   9.999666e-01   4.413444e+00   4.413448e+00
1     1.607992e+02   9.999788e-01   4.467500e-06   0.000000e+00   0.000000e+00   5.003852e-01   5.038695e+00   9.999666e-01   5.038699e+00   5.038703e+00
1     1.608992e+02   9.999788e-01   4.464059e-06   0.000000e+00   0.000000e+00   5.034674e-01   5.663822e+00   9.999666e-01   5.663824e+00   5.663827e+00
1     1.609992e+02   9.999788e-01   4.453208e-06   0.000000e+00   0.000000e+00   5.055177e-01   6.796950e-03   9.999665e-01   6.796919e-03   6.796889e-03
1     1.610991e+02   9.999788e-01   4.439058e-06   0.000000e+00   0.000000e+00   5.057507e-01   6.347749e-01   9.999665e-01   6.347723e-01   6.347697e-01
1     1.611991e+02   9.999788e-01   4.427007e-06   0.000000e+00   0.000000e+00   5.040619e-01   1.264673e+00   9.999665e-01   1.264668e+00   1.264664e+00
1     1.612991e+02   9.999788e-01   4.421686e-06   0.000000e+00   0.000000e+00   5.010891e-01   1.895851e+00   9.999665e-01   1.895847e+00   1.895843e+00
1     1.613991e+02   9.999788e-01   4.425153e-06   0.000000e+00   0.000000e+00   4.979790e-01   2.527164e+00   9.999665e-01   2.527161e+00   2.527159e+00
1     1.614991e+02   9.999787e-01   4.436067e-06   0.000000e+00   0.000000e+00   4.959330e-01   3.157410e+00   9.999664e-01   3.157410e+00   3.157410e+00
1     1.615990e+02   9.999787e-01   4.450226e-06   0.000000e+00   0.000000e+00   4.957294e-01   3.785815e+00   9.999664e-01   3.785817e+00   3.785820e+00
1     1.616990e+02   9.999787e-01   4.462218e-06   0.000000e+00   0.000000e+00   4.974303e-01   4.412316e+00   9.999664e-01   4.412320e+00   4.412325e+00
1     1.617990e+02   9.999787e-01   4.467498e-06   0.000000e+00   0.000000e+00   5.003797e-01   5.037573e+00   9.999664e-01   5.037577e+00   5.037581e+00
1     1.618990e+02   9.999787e-01   4.464071e-06   0.000000e+00   0.000000e+00   5.034626e-01   5.662699e+00   9.999664e-01   5.662702e+00   5.662704e+00
1     1.619989e+02   9.999787e-01   4.453232e-06   0.000000e+00   0.000000e+00   5.055156e-01   5.671741e-03   9.999663e-01   5.671716e-03   5.671691e-03
1     1.620989e+02   9.999787e-01   4.439083e-06   0.000000e+00   0.000000e+00   5.057521e-01   6.336463e-01   9.999663e-01   6.336437e-01   6.336411e-01
1     1.621989e+02   9.999786e-01   4.427022e-06   0.000000e+00   0.000000e+00   5.040663e-01   1.263541e+00   9.999663e-01   1.263537e+00   1.263533e+00
1     1.622989e+02   9.999786e-01   4.421687e-06   0.000000e+00   0.000000e+00   5.010947e-01   1.894719e+00   9.999663e-01   1.894714e+00   1.894710e+00
1     1.623989e+02   9.999786e-01   4.425140e-06   0.000000e+00   0.000000e+00   4.979835e-01   2.526032e+00   9.999663e-01   2.526030e+00   2.526027e+00
1     1.624988e+02   9.999786e-01   4.436044e-06   0.000000e+00   0.000000e+00   4.959347e-01   3.156282e+00   9.999662e-01   3.156282e+00   3.156282e+00
1     1.625988e+02   9.999786e-01   4.450202e-06   0.000000e+00   0.000000e+00   4.957276e-01   3.784690e+00   9.999662e-01   3.784692e+00   3.784695e+00
1     1.626988e+02   9.999786e-01   4.462203e-06   0.000000e+00   0.000000e+00   4.974256e-01   4.411194e+00   9.999662e-01   4.411199e+00   4.411203e+00
1     1.627988e+02   9.999786e-01   4.467496e-06   0.000000e+00   0.000000e+00   5.003737e-01   5.036453e+00   9.999662e-01   5.036457e+00   5.036461e+00
1     1.628988e+02   9.999786e-01   4.464086e-06   0.000000e+00   0.000000e+00   5.034573e-01   5.661578e+00   9.999662e-01   5.661581e+00   5.661583e+00
1     1.629987e+02   9.999785e-01   4.453256e-06   0.000000e+00   0.000000e+00   5.055128e-01   4.548525e-03   9.999661e-01   4.548505e-03   4.548484e-03
1     1.630987e+02   9.999785e-01   4.439110e-06   0.000000e+00   0.000000e+00   5.057529e-01   6.325197e-01   9.999661e-01   6.325170e-01   6.325144e-01
1     1.631987e+02   9.999785e-01   4.427042e-06   0.000000e+00   0.000000e+00   5.040702e-01   1.262412e+00   9.999661e-01   1.262407e+00   1.262403e+00
1     1.632987e+02   9.999785e-01   4.421692e-06   0.000000e+00   0.000000e+00   5.011001e-01   1.893588e+00   9.999661e-01   1.893583e+00   1.893579e+00
1     1.633986e+02   9.999785e-01   4.425129e-06   0.000000e+00   0.000000e+00   4.979882e-01   2.524902e+00   9.999661e-01   2.524900e+00   2.524897e+00
1     1.634986e+02   9.999785e-01   4.436023e-06   0.000000e+00   0.000000e+00   4.959368e-01   3.155155e+00   9.999660e-01   3.155155e+00   3.155155e+00
1     1.635986e+02   9.999785e-01   4.450179e-06   0.000000e+00   0.000000e+00   4.957261e-01   3.783566e+00   9.999660e-01   3.783569e+00   3.783571e+00
1     1.636986e+02   9.999784e-01   4.462188e-06   0.000000e+00   0.000000e+00   4.974212e-01   4.410074e+00   9.999660e-01   4.410078e+00   4.410082e+00
1     1.637986e+02   9.999784e-01   4.467497e-06   0.000000e+00   0.000000e+00   5.003680e-01   5.035333e+00   9.999660e-01   5.035337e+00   5.035342e+00
1     1.638985e+02   9.999784e-01   4.464100e-06   0.000000e+00   0.000000e+00   5.034526e-01   5.660458e+00   9.999660e-01   5.660461e+00   5.660463e+00
1     1.639985e+02   9.999784e-01   4.453281e-06   0.000000e+00   0.000000e+00   5.055109e-01   3.425732e-03   9.999659e-01   3.425717e-03   3.425701e-03
1     1.640985e+02   9.999784e-01   4.439134e-06   0.000000e+00   0.000000e+00   5.057543e-01   6.313936e-01   9.999659e-01   6.313910e-01   6.313883e-01
1     1.641985e+02   9.999784e-01   4.427058e-06   0.000000e+00   0.000000e+00   5.040746e-01   1.261283e+00   9.999659e-01   1.261278e+00   1.261274e+00
1     1.642985e+02   9.999784e-01   4.421694e-06   0.000000e+00   0.000000e+00   5.011059e-01   1.892457e+00   9.999659e-01   1.892453e+00   1.892449e+00
1     1.643984e+02   9.999784e-01   4.425115e-06   0.000000e+00   0.000000e+00   4.979932e-01   2.523773e+00   9.999659e-01   2.523770e+00   2.523768e+00
1     1.644984e+02   9.999783e-01   4.435998e-06   0.000000e+00   0.000000e+00   4.959390e-01   3.154028e+00   9.999658e-01   3.154028e+00   3.154028e+00
1     1.645984e+02   9.999783e-01   4.450153e-06   0.000000e+00   0.000000e+00   4.957249e-01   3.782443e+00   9.999658e-01   3.782446e+00   3.782449e+00
1     1.646984e+02   9.999783e-01   4.462170e-06   0.000000e+00   0.000000e+00   4.974168e-01   4.408954e+00   9.999658e-01   4.408959e+00   4.408963e+00
1     1.647984e+02   9.999783e-01   4.467493e-06   0.000000e+00   0.000000e+00   5.003621e-01   5.034215e+00   9.999658e-01   5.034219e+00   5.034224e+00
1     1.648983e+02   9.999783e-01   4.464112e-06   0.000000e+00   0.000000e+00   5.034474e-01   5.659339e+00   9.999658e-01   5.659342e+00   5.659345e+00
1     1.649983e+02   9.999783e-01   4.453303e-06   0.000000e+00   0.000000e+00   5.055083e-01   2.304773e-03   9.999657e-01   2.304763e-03   2.304753e-03
1     1.650983e+02   9.999783e-01   4.439158e-06   0.000000e+00   0.000000e+00   5.057553e-01   6.302692e-01   9.999657e-01   6.302666e-01   6.302640e-01
1     1.651983e+02   9.999782e-01   4.427074e-06   0.000000e+00   0.000000e+00   5.040786e-01   1.260155e+00   9.999657e-01   1.260151e+00   1.260147e+00
1     1.653000e+02   9.999782e-01   4.421679e-06   0.000000e+00   0.000000e+00   5.010541e-01   1.902407e+00   9.999657e-01   1.902403e+00   1.902399e+00
1     1.654000e+02   9.999782e-01   4.425237e-06   0.000000e+00   0.000000e+00   4.979493e-01   2.533715e+00   9.999657e-01   2.533713e+00   2.533710e+00
1     1.655000e+02   9.999782e-01   4.436211e-06   0.000000e+00   0.000000e+00   4.959197e-01   3.163946e+00   9.999656e-01   3.163946e+00   3.163946e+00
1     1.655999e+02   9.999782e-01   4.450375e-06   0.000000e+00   0.000000e+00   4.957373e-01   3.792329e+00   9.999656e-01   3.792332e+00   3.792335e+00
1     1.656999e+02   9.999782e-01   4.462317e-06   0.000000e+00   0.000000e+00   4.974559e-01   4.418814e+00   9.999656e-01   4.418818e+00   4.418822e+00
1     1.657999e+02   9.999782e-01   4.467510e-06   0.000000e+00   0.000000e+00   5.004130e-01   5.044063e+00   9.999656e-01   5.044067e+00   5.044072e+00
1     1.658999e+02   9.999782e-01   4.463993e-06   0.000000e+00   0.000000e+00   5.034907e-01   5.669195e+00   9.999656e-01   5.669198e+00   5.669200e+00
1     1.659998e+02   9.999781e-01   4.453093e-06   0.000000e+00   0.000000e+00   5.055276e-01   1.218453e-02   9.999655e-01   1.218448e-02   1.218442e-02
1     1.660998e+02   9.999781e-01   4.438939e-06   0.000000e+00   0.000000e+00   5.057430e-01   6.401806e-01   9.999655e-01   6.401780e-01   6.401753e-01
1     1.661998e+02   9.999781e-01   4.426929e-06   0.000000e+00   0.000000e+00   5.040393e-01   1.270094e+00   9.999655e-01   1.270090e+00   1.270085e+00
1     1.662998e+02   9.999781e-01   4.421682e-06   0.000000e+00   0.000000e+00   5.010601e-01   1.901279e+00   9.999655e-01   1.901275e+00   1.901271e+00
1     1.663998e+02   9.999781e-01   4.425225e-06   0.000000e+00   0.000000e+00   4.979546e-01   2.532588e+00   9.999655e-01   2.532586e+00   2.532583e+00
1     1.664997e+02   9.999781e-01   4.436188e-06   0.000000e+00   0.000000e+00   4.959223e-01   3.162821e+00   9.999654e-01   3.162822e+00   3.162822e+00
1     1.665997e+02   9.999781e-01   4.450351e-06   0.000000e+00   0.000000e+00   4.957363e-01   3.791209e+00   9.999654e-01   3.791211e+00   3.791214e+00
1     1.666997e+02   9.999780e-01   4.462301e-06   0.000000e+00   0.000000e+00   4.974519e-01   4.417696e+00   9.999654e-01   4.417701e+00   4.417705e+00
1     1.667997e+02   9.999780e-01   4.467508e-06   0.000000e+00   0.000000e+00   5.004075e-01   5.042947e+00   9.999654e-01   5.042952e+00   5.042956e+00
1     1.668997e+02   9.999780e-01   4.464006e-06   0.000000e+00   0.000000e+00   5.034860e-01   5.668079e+00   9.999654e-01   5.668081e+00   5.668084e+00
1     1.669996e+02   9.999780e-01   4.453117e-06   0.000000e+00   0.000000e+00   5.055255e-01   1.106556e-02   9.999653e-01   1.106551e-02   1.106546e-02
1     1.670996e+02   9.999780e-01   4.438963e-06   0.000000e+00   0.000000e+00   5.057445e-01   6.390583e-01   9.999653e-01   6.390557e-01   6.390530e-01
1     1.671996e+02   9.999780e-01   4.426945e-06   0.000000e+00   0.000000e+00   5.040436e-01   1.268969e+00   9.999653e-01   1.268965e+00   1.268960e+00
1     1.672996e+02   9.999780e-01   4.421683e-06   0.000000e+00   0.000000e+00   5.010656e-01   1.900153e+00   9.999653e-01   1.900149e+00   1.900145e+00
1     1.673996e+02   9.999780e-01   4.425211e-06   0.000000e+00   0.000000e+00   4.979590e-01   2.531463e+00   9.999653e-01   2.531461e+00   2.531458e+00
1     1.674995e+02   9.999779e-01   4.436165e-06   0.000000e+00   0.000000e+00   4.959240e-01   3.161699e+00   9.999652e-01   3.161699e+00   3.161700e+00
1     1.675995e+02   9.999779e-01   4.450326e-06   0.000000e+00   0.000000e+00   4.957345e-01   3.790090e+00   9.999652e-01   3.790093e+00   3.790096e+00
1     1.676995e+02   9.999779e-01   4.462285e-06   0.000000e+00   0.000000e+00   4.974472e-01   4.416581e+00   9.999652e-01   4.416585e+00   4.416590e+00
1     1.677995e+02   9.999779e-01   4.467506e-06   0.000000e+00   0.000000e+00   5.004014e-01   5.041833e+00   9.999652e-01   5.041838e+00   5.041842e+00
1     1.678994e+02   9.999779e-01   4.464019e-06   0.000000e+00   0.000000e+00   5.034806e-01   5.666964e+00   9.999652e-01   5.666967e+00   5.666969e+00
1     1.679994e+02   9.999779e-01   4.453141e-06   0.000000e+00   0.000000e+00   5.055227e-01   9.948623e-03   9.999651e-01   9.948579e-03   9.948534e-03
1     1.680994e+02   9.999779e-01   4.438989e-06   0.000000e+00   0.000000e+00   5.057452e-01   6.379380e-01   9.999651e-01   6.379353e-01   6.379327e-01
1     1.681994e+02   9.999778e-01   4.426963e-06   0.000000e+00   0.000000e+00   5.040475e-01   1.267845e+00   9.999651e-01   1.267841e+00   1.267837e+00
1     1.682994e+02   9.999778e-01   4.421687e-06   0.000000e+00   0.000000e+00   5.010709e-01   1.899029e+00   9.999651e-01   1.899024e+00   1.899020e+00
1     1.683993e+02   9.999778e-01   4.425200e-06   0.000000e+00   0.000000e+00   4.979636e-01   2.530339e+00   9.999651e-01   2.530337e+00   2.530334e+00
1     1.684993e+02   9.999778e-01   4.436143e-06   0.000000e+00   0.000000e+00   4.959259e-01   3.160578e+00   9.999650e-01   3.160578e+00   3.160579e+00
1     1.685993e+02   9.999778e-01   4.450304e-06   0.000000e+00   0.000000e+00   4.957329e-01   3.788973e+00   9.999650e-01   3.788976e+00   3.788978e+00
1     1.686993e+02   9.999778e-01   4.462270e-06   0.000000e+00   0.000000e+00   4.974426e-01   4.415467e+00   9.999650e-01   4.415471e+00   4.415475e+00
1     1.687993e+02   9.999778e-01   4.467506e-06   0.000000e+00   0.000000e+00   5.003957e-01   5.040720e+00   9.999650e-01   5.040725e+00   5.040729e+00
1     1.688992e+02   9.999778e-01   4.464034e-06   0.000000e+00   0.000000e+00   5.034759e-01   5.665850e+00   9.999650e-01   5.665853e+00   5.665855e+00
1     1.689992e+02   9.999777e-01   4.453165e-06   0.000000e+00   0.000000e+00   5.055208e-01   8.832052e-03   9.999649e-01   8.832013e-03   8.831974e-03
1     1.690992e+02   9.999777e-01   4.439014e-06   0.000000e+00   0.000000e+00   5.057467e-01   6.368181e-01   9.999649e-01   6.368154e-01   6.368128e-01
1     1.691992e+02   9.999777e-01   4.426979e-06   0.000000e+00   0.000000e+00   5.040519e-01   1.266723e+00   9.999649e-01   1.266719e+00   1.266714e+00
1     1.692991e+02   9.999777e-01   4.421689e-06   0.000000e+00   0.000000e+00   5.010767e-01   1.897905e+00   9.999649e-01   1.897900e+00   1.897896e+00
1     1.693991e+02   9.999777e-01   4.425186e-06   0.000000e+00   0.000000e+00   4.979686e-01   2.529216e+00   9.999649e-01   2.529214e+00   2.529211e+00
1     1.694991e+02   9.999777e-01   4.436119e-06   0.000000e+00   0.000000e+00   4.959283e-01   3.159458e+00   9.999648e-01   3.159458e+00   3.159458e+00
1     1.695991e+02   9.999777e-01   4.450278e-06   0.000000e+00   0.000000e+00   4.957318e-01   3.787856e+00   9.999648e-01   3.787859e+00   3.787862e+00
1     1.696991e+02   9.999776e-01   4.462252e-06   0.000000e+00   0.000000e+00   4.974384e-01   4.414353e+00   9.999648e-01   4.414358e+00   4.414362e+00
1     1.697990e+02   9.999776e-01   4.467502e-06   0.000000e+00   0.000000e+00   5.003901e-01   5.039608e+00   9.999648e-01   5.039613e+00   5.039617e+00
1     1.698990e+02   9.999776e-01   4.464046e-06   0.000000e+00   0.000000e+00   5.034710e-01   5.664738e+00   9.999648e-01   5.664740e+00   5.664743e+00
1     1.699990e+02   9.999776e-01   4.453187e-06   0.000000e+00   0.000000e+00   5.055184e-01   7.717170e-03   9.999647e-01   7.717136e-03   7.717102e-03
1     1.700990e+02   9.999776e-01   4.439038e-06   0.000000e+00   0.000000e+00   5.057478e-01   6.356998e-01   9.999647e-01   6.356972e-01   6.356946e-01
1     1.701990e+02   9.999776e-01   4.426995e-06   0.000000e+00   0.000000e+00   5.040561e-01   1.265602e+00   9.999647e-01   1.265597e+00   1.265593e+00
1     1.702989e+02   9.999776e-01   4.421690e-06   0.000000e+00   0.000000e+00   5.010822e-01   1.896782e+00   9.999647e-01   1.896778e+00   1.896774e+00
1     1.703989e+02   9.999776e-01   4.425173e-06   0.000000e+00   0.000000e+00   4.979731e-01   2.528095e+00   9.999647e-01   2.528093e+00   2.528090e+00
1     1.704989e+02   9.999775e-01   4.436096e-06   0.000000e+00   0.000000e+00   4.959300e-01   3.158340e+00   9.999646e-01   3.158340e+00   3.158340e+00
1     1.705989e+02   9.999775e-01   4.450255e-06   0.000000e+00   0.000000e+00   4.957300e-01   3.786742e+00   9.999646e-01   3.786744e+00   3.786747e+00
1     1.706988e+02   9.999775e-01   4.462238e-06   0.000000e+00   0.000000e+00   4.974339e-01   4.413241e+00   9.999646e-01   4.413246e+00   4.413250e+00
1     1.707988e+02   9.999775e-01   4.467502e-06   0.000000e+00   0.000000e+00   5.003843e-01   5.038498e+00   9.999646e-01   5.038502e+00   5.038507e+00
1     1.708988e+02   9.999775e-01   4.464061e-06   0.000000e+00   0.000000e+00   5.034660e-01   5.663627e+00   9.999646e-01   5.663629e+00   5.663632e+00
1     1.709988e+02   9.999775e-01   4.453212e-06   0.000000e+00   0.000000e+00   5.055160e-01   6.603564e-03   9.999645e-01   6.603535e-03   6.603506e-03
1     1.710988e+02   9.999775e-01   4.439065e-06   0.000000e+00   0.000000e+00   5.057489e-01   6.345828e-01   9.999645e-01   6.345802e-01   6.345776e-01
1     1.711987e+02   9.999774e-01   4.427015e-06   0.000000e+00   0.000000e+00   5.040603e-01   1.264482e+00   9.999645e-01   1.264477e+00   1.264473e+00
1     1.712987e+02   9.999774e-01   4.421695e-06   0.000000e+00   0.000000e+00   5.010879e-01   1.895661e+00   9.999645e-01   1.895657e+00   1.895653e+00
1     1.713987e+02   9.999774e-01   4.425162e-06   0.000000e+00   0.000000e+00   4.979781e-01   2.526975e+00   9.999645e-01   2.526972e+00   2.526969e+00
1     1.714987e+02   9.999774e-01   4.436075e-06   0.000000e+00   0.000000e+00   4.959324e-01   3.157222e+00   9.999644e-01   3.157222e+00   3.157222e+00
1     1.715987e+02   9.999774e-01   4.450232e-06   0.000000e+00   0.000000e+00   4.957289e-01   3.785627e+00   9.999644e-01   3.785630e+00   3.785633e+00
1     1.716986e+02   9.999774e-01   4.462223e-06   0.000000e+00   0.000000e+00   4.974297e-01   4.412130e+00   9.999644e-01   4.412135e+00   4.412139e+00
1     1.717986e+02   9.999774e-01   4.467502e-06   0.000000e+00   0.000000e+00   5.003788e-01   5.037389e+00   9.999644e-01   5.037393e+00   5.037397e+00
1     1.718986e+02   9.999774e-01   4.464075e-06   0.000000e+00   0.000000e+00   5.034613e-01   5.662516e+00   9.999644e-01   5.662519e+00   5.662522e+00
1     1.719986e+02   9.999773e-01   4.453236e-06   0.000000e+00   0.000000e+00   5.055140e-01   5.490805e-03   9.999643e-01   5.490780e-03   5.490756e-03
1     1.720985e+02   9.999773e-01   4.439089e-06   0.000000e+00   0.000000e+00   5.057504e-01   6.334668e-01   9.999643e-01   6.334641e-01   6.334615e-01
1     1.721985e+02   9.999773e-01   4.427030e-06   0.000000e+00   0.000000e+00   5.040646e-01   1.263363e+00   9.999643e-01   1.263359e+00   1.263354e+00
1     1.722985e+02   9.999773e-01   4.421696e-06   0.000000e+00   0.000000e+00   5.010934e-01   1.894541e+00   9.999643e-01   1.894537e+00   1.894533e+00
1     1.723985e+02   9.999773e-01   4.425148e-06   0.000000e+00   0.000000e+00   4.979826e-01   2.525856e+00   9.999643e-01   2.525853e+00   2.525851e+00
1     1.724985e+02   9.999773e-01   4.436051e-06   0.000000e+00   0.000000e+00   4.959342e-01   3.156106e+00   9.999642e-01   3.156106e+00   3.156106e+00
1     1.725984e+02   9.999773e-01   4.450207e-06   0.000000e+00   0.000000e+00   4.957272e-01   3.784515e+00   9.999642e-01   3.784518e+00   3.784520e+00
1     1.726984e+02   9.999772e-01   4.462206e-06   0.000000e+00   0.000000e+00   4.974251e-01   4.411021e+00   9.999642e-01   4.411026e+00   4.411030e+00
1     1.727984e+02   9.999772e-01   4.467499e-06   0.000000e+00   0.000000e+00   5.003727e-01   5.036281e+00   9.999642e-01   5.036285e+00   5.036289e+00
1     1.728984e+02   9.999772e-01   4.464088e-06   0.000000e+00   0.000000e+00   5.034559e-01   5.661408e+00   9.999642e-01   5.661411e+00   5.661413e+00
1     1.729984e+02   9.999772e-01   4.453260e-06   0.000000e+00   0.000000e+00   5.055111e-01   4.380205e-03   9.999641e-01   4.380186e-03   4.380166e-03
1     1.730983e+02   9.999772e-01   4.439114e-06   0.000000e+00   0.000000e+00   5.057510e-01   6.323528e-01   9.999641e-01   6.323501e-01   6.323475e-01
1     1.731983e+02   9.999772e-01   4.427048e-06   0.000000e+00   0.000000e+00   5.040683e-01   1.262246e+00   9.999641e-01   1.262242e+00   1.262237e+00
1     1.732983e+02   9.999772e-01   4.421700e-06   0.000000e+00   0.000000e+00   5.010986e-01   1.893423e+00   9.999641e-01   1.893419e+00   1.893414e+00
1     1.733983e+02   9.999772e-01   4.425137e-06   0.000000e+00   0.000000e+00   4.979871e-01   2.524738e+00   9.999641e-01   2.524736e+00   2.524733e+00
1     1.734983e+02   9.999771e-01   4.436030e-06   0.000000e+00   0.000000e+00   4.959360e-01   3.154992e+00   9.999640e-01   3.154992e+00   3.154992e+00
1     1.736000e+02   9.999771e-01   4.450429e-06   0.000000e+00   0.000000e+00   4.957398e-01   3.794411e+00   9.999640e-01   3.794414e+00   3.794416e+00
1     1.737000e+02   9.999771e-01   4.462353e-06   0.000000e+00   0.000000e+00   4.974642e-01   4.420891e+00   9.999640e-01   4.420895e+00   4.420899e+00
1     1.737999e+02   9.999771e-01   4.467516e-06   0.000000e+00   0.000000e+00   5.004235e-01   5.046139e+00   9.999640e-01   5.046143e+00   5.046147e+00
1     1.738999e+02   9.999771e-01   4.463968e-06   0.000000e+00   0.000000e+00   5.034992e-01   5.671274e+00   9.999640e-01   5.671276e+00   5.671279e+00
1     1.739999e+02   9.999771e-01   4.453049e-06   0.000000e+00   0.000000e+00   5.055304e-01   1.426990e-02   9.999639e-01   1.426984e-02   1.426978e-02
1     1.740999e+02   9.999771e-01   4.438894e-06   0.000000e+00   0.000000e+00   5.057387e-01   6.422742e-01   9.999639e-01   6.422715e-01   6.422689e-01
1     1.741999e+02   9.999770e-01   4.426902e-06   0.000000e+00   0.000000e+00   5.040290e-01   1.272194e+00   9.999639e-01   1.272190e+00   1.272186e+00
1     1.742998e+02   9.999770e-01   4.421686e-06   0.000000e+00   0.000000e+00   5.010474e-01   1.903383e+00   9.999639e-01   1.903379e+00   1.903375e+00
1     1.743998e+02   9.999770e-01   4.425259e-06   0.000000e+00   0.000000e+00   4.979439e-01   2.534691e+00   9.999639e-01   2.534688e+00   2.534686e+00
1     1.744998e+02   9.999770e-01   4.436241e-06   0.000000e+00   0.000000e+00   4.959175e-01   3.164919e+00   9.999638e-01   3.164920e+00   3.164920e+00
1     1.745998e+02   9.999770e-01   4.450404e-06   0.000000e+00   0.000000e+00   4.957387e-01   3.793301e+00   9.999638e-01   3.793303e+00   3.793306e+00
1     1.746997e+02   9.999770e-01   4.462336e-06   0.000000e+00   0.000000e+00   4.974601e-01   4.419783e+00   9.999638e-01   4.419788e+00   4.419792e+00
1     1.747997e+02   9.999770e-01   4.467512e-06   0.000000e+00   0.000000e+00   5.004180e-01   5.045033e+00   9.999638e-01   5.045037e+00   5.045042e+00
1     1.748997e+02   9.999770e-01   4.463981e-06   0.000000e+00   0.000000e+00   5.034944e-01   5.670168e+00   9.999638e-01   5.670170e+00   5.670173e+00
1     1.749997e+02   9.999769e-01   4.453072e-06   0.000000e+00   0.000000e+00   5.055282e-01   1.316114e-02   9.999637e-01   1.316108e-02   1.316102e-02
1     1.750997e+02   9.999769e-01   4.438918e-06   0.000000e+00   0.000000e+00   5.057400e-01   6.411621e-01   9.999637e-01   6.411594e-01   6.411568e-01
1     1.751996e+02   9.999769e-01   4.426918e-06   0.000000e+00   0.000000e+00   5.040332e-01   1.271080e+00   9.999637e-01   1.271075e+00   1.271071e+00
1     1.752996e+02   9.999769e-01   4.421687e-06   0.000000e+00   0.000000e+00   5.010528e-01   1.902267e+00   9.999637e-01   1.902263e+00   1.902259e+00
1     1.753996e+02   9.999769e-01   4.425246e-06   0.000000e+00   0.000000e+00   4.979483e-01   2.533576e+00   9.999637e-01   2.533574e+00   2.533571e+00
1     1.754996e+02   9.999769e-01   4.436219e-06   0.000000e+00   0.000000e+00   4.959192e-01   3.163807e+00   9.999636e-01   3.163808e+00   3.163808e+00
1     1.755996e+02   9.999769e-01   4.450381e-06   0.000000e+00   0.000000e+00   4.957369e-01   3.792192e+00   9.999636e-01   3.792195e+00   3.792198e+00
1     1.756995e+02   9.999768e-01   4.462322e-06   0.000000e+00   0.000000e+00   4.974555e-01   4.418678e+00   9.999636e-01   4.418682e+00   4.418686e+00
1     1.757995e+02   9.999768e-01   4.467512e-06   0.000000e+00   0.000000e+00   5.004121e-01   5.043929e+00   9.999636e-01   5.043933e+00   5.043937e+00
1     1.758995e+02   9.999768e-01   4.463996e-06   0.000000e+00   0.000000e+00   5.034893e-01   5.669063e+00   9.999636e-01   5.669065e+00   5.669068e+00
1     1.759995e+02   9.999768e-01   4.453097e-06   0.000000e+00   0.000000e+00   5.055257e-01   1.205389e-02   9.999635e-01   1.205383e-02   1.205378e-02
1     1.760995e+02   9.999768e-01   4.438945e-06   0.000000e+00   0.000000e+00   5.057410e-01   6.400515e-01   9.999635e-01   6.400488e-01   6.400462e-01
1     1.761994e+02   9.999768e-01   4.426937e-06   0.000000e+00   0.000000e+00   5.040373e-01   1.269966e+00   9.999635e-01   1.269962e+00   1.269957e+00
1     1.762994e+02   9.999768e-01   4.421692e-06   0.000000e+00   0.000000e+00   5.010584e-01   1.901152e+00   9.999635e-01   1.901148e+00   1.901144e+00
1     1.763994e+02   9.999768e-01   4.425235e-06   0.000000e+00   0.000000e+00   4.979533e-01   2.532462e+00   9.999635e-01   2.532459e+00   2.532457e+00
1     1.764994e+02   9.999767e-01   4.436198e-06   0.000000e+00   0.000000e+00   4.959214e-01   3.162696e+00   9.999634e-01   3.162696e+00   3.162696e+00
1     1.765993e+02   9.999767e-01   4.450359e-06   0.000000e+00   0.000000e+00   4.957357e-01   3.791084e+00   9.999634e-01   3.791087e+00   3.791090e+00
1     1.766993e+02   9.999767e-01   4.462307e-06   0.000000e+00   0.000000e+00   4.974513e-01   4.417573e+00   9.999634e-01   4.417578e+00   4.417582e+00
1     1.767993e+02   9.999767e-01   4.467512e-06   0.000000e+00   0.000000e+00   5.004066e-01   5.042826e+00   9.999634e-01   5.042830e+00   5.042834e+00
1     1.768993e+02   9.999767e-01   4.464010e-06   0.000000e+00   0.000000e+00   5.034847e-01   5.667959e+00   9.999634e-01   5.667961e+00   5.667964e+00
1     1.769993e+02   9.999767e-01   4.453121e-06   0.000000e+00   0.000000e+00   5.055238e-01   1.094733e-02   9.999633e-01   1.094728e-02   1.094723e-02
1     1.770992e+02   9.999767e-01   4.438969e-06   0.000000e+00   0.000000e+00   5.057425e-01   6.389416e-01   9.999633e-01   6.389390e-01   6.389363e-01
1     1.771992e+02   9.999766e-01   4.426953e-06   0.000000e+00   0.000000e+00   5.040416e-01   1.268853e+00   9.999633e-01   1.268849e+00   1.268845e+00
1     1.772992e+02   9.999766e-01   4.421693e-06   0.000000e+00   0.000000e+00   5.010639e-01   1.900039e+00   9.999633e-01   1.900035e+00   1.900030e+00
1     1.773992e+02   9.999766e-01   4.425221e-06   0.000000e+00   0.000000e+00   4.979578e-01   2.531349e+00   9.999633e-01   2.531347e+00   2.531344e+00
1     1.774992e+02   9.999766e-01   4.436174e-06   0.000000e+00   0.000000e+00   4.959233e-01   3.161586e+00   9.999632e-01   3.161586e+00   3.161587e+00
1     1.775991e+02   9.999766e-01   4.450334e-06   0.000000e+00   0.000000e+00   4.957341e-01   3.789978e+00   9.999632e-01   3.789981e+00   3.789984e+00
1     1.776991e+02   9.999766e-01   4.462290e-06   0.000000e+00   0.000000e+00   4.974466e-01   4.416470e+00   9.999632e-01   4.416475e+00   4.416479e+00
1     1.777991e+02   9.999766e-01   4.467509e-06   0.000000e+00   0.000000e+00   5.004006e-01   5.041724e+00   9.999632e-01   5.041729e+00   5.041733e+00
1     1.778991e+02   9.999766e-01   4.464022e-06   0.000000e+00   0.000000e+00   5.034793e-01   5.666857e+00   9.999632e-01   5.666859e+00   5.666862e+00
1     1.779990e+02   9.999765e-01   4.453144e-06   0.000000e+00   0.000000e+00   5.055210e-01   9.842901e-03   9.999631e-01   9.842857e-03   9.842814e-03
1     1.780990e+02   9.999765e-01   4.438994e-06   0.000000e+00   0.000000e+00   5.057432e-01   6.378338e-01   9.999631e-01   6.378312e-01   6.378285e-01
1     1.781990e+02   9.999765e-01   4.426970e-06   0.000000e+00   0.000000e+00   5.040454e-01   1.267743e+00   9.999631e-01   1.267738e+00   1.267734e+00
1     1.782990e+02   9.999765e-01   4.421696e-06   0.000000e+00   0.000000e+00   5.010691e-01   1.898927e+00   9.999631e-01   1.898923e+00   1.898918e+00
1     1.783990e+02   9.999765e-01   4.425209e-06   0.000000e+00   0.000000e+00   4.979622e-01   2.530238e+00   9.999631e-01   2.530236e+00   2.530233e+00
1     1.784989e+02   9.999765e-01   4.436152e-06   0.000000e+00   0.000000e+00   4.959249e-01   3.160478e+00   9.999630e-01   3.160478e+00   3.160478e+00
1     1.785989e+02   9.999765e-01   4.450311e-06   0.000000e+00   0.000000e+00   4.957323e-01   3.788874e+00   9.999630e-01   3.788876e+00   3.788879e+00
1     1.786989e+02   9.999764e-01   4.462276e-06   0.000000e+00   0.000000e+00   4.974421e-01   4.415369e+00   9.999630e-01   4.415373e+00   4.415377e+00
1     1.787989e+02   9.999764e-01   4.467510e-06   0.000000e+00   0.000000e+00   5.003949e-01   5.040624e+00   9.999630e-01   5.040628e+00   5.040632e+00
1     1.788989e+02   9.999764e-01   4.464037e-06   0.000000e+00   0.000000e+00   5.034747e-01   5.665755e+00   9.999630e-01   5.665758e+00   5.665760e+00
1     1.789988e+02   9.999764e-01   4.453168e-06   0.000000e+00   0.000000e+00   5.055190e-01   8.738889e-03   9.999629e-01   8.738850e-03   8.738811e-03
1     1.790988e+02   9.999764e-01   4.439019e-06   0.000000e+00   0.000000e+00   5.057446e-01   6.367265e-01   9.999629e-01   6.367239e-01   6.367212e-01
1     1.791988e+02   9.999764e-01   4.426987e-06   0.000000e+00   0.000000e+00   5.040498e-01   1.266632e+00   9.999629e-01   1.266628e+00   1.266624e+00
1     1.792988e+02   9.999764e-01   4.421698e-06   0.000000e+00   0.000000e+00   5.010749e-01   1.897815e+00   9.999629e-01   1.897811e+00   1.897807e+00
1     1.793987e+02   9.999764e-01   4.425196e-06   0.000000e+00   0.000000e+00   4.979673e-01   2.529128e+00   9.999629e-01   2.529125e+00   2.529123e+00
1     1.794987e+02   9.999763e-01   4.436129e-06   0.000000e+00   0.000000e+00   4.959274e-01   3.159370e+00   9.999628e-01   3.159370e+00   3.159370e+00
1     1.795987e+02   9.999763e-01   4.450286e-06   0.000000e+00   0.000000e+00   4.957312e-01   3.787769e+00   9.999628e-01   3.787772e+00   3.787775e+00
1     1.796987e+02   9.999763e-01   4.462259e-06   0.000000e+00   0.000000e+00   4.974380e-01   4.414268e+00   9.999628e-01   4.414272e+00   4.414276e+00
1     1.797987e+02   9.999763e-01   4.467507e-06   0.000000e+00   0.000000e+00   5.003895e-01   5.039524e+00   9.999628e-01   5.039528e+00   5.039533e+00
1     1.798986e+02   9.999763e-01   4.464049e-06   0.000000e+00   0.000000e+00   5.034699e-01   5.664655e+00   9.999628e-01   5.664658e+00   5.664660e+00
1     1.799986e+02   9.999763e-01   4.453191e-06   0.000000e+00   0.000000e+00   5.055169e-01   7.636317e-03   9.999627e-01   7.636283e-03   7.636249e-03
1     1.800986e+02   9.999763e-01   4.439042e-06   0.000000e+00   0.000000e+00   5.057459e-01   6.356206e-01   9.999627e-01   6.356180e-01   6.356153e-01
1     1.801986e+02   9.999762e-01   4.427002e-06   0.000000e+00   0.000000e+00   5.040541e-01   1.265524e+00   9.999627e-01   1.265520e+00   1.265515e+00
1     1.802986e+02   9.999762e-01   4.421699e-06   0.000000e+00   0.000000e+00   5.010804e-01   1.896706e+00   9.999627e-01   1.896701e+00   1.896697e+00
1     1.803985e+02   9.999762e-01   4.425183e-06   0.000000e+00   0.000000e+00   4.979717e-01   2.528019e+00   9.999627e-01   2.528017e+00   2.528014e+00
1     1.804985e+02   9.999762e-01   4.436106e-06   0.000000e+00   0.000000e+00   4.959291e-01   3.158265e+00   9.999626e-01   3.158265e+00   3.158265e+00
1     1.805985e+02   9.999762e-01   4.450263e-06   0.000000e+00   0.000000e+00   4.957295e-01   3.786667e+00   9.999626e-01   3.786670e+00   3.786673e+00
1     1.806985e+02   9.999762e-01   4.462244e-06   0.000000e+00   0.000000e+00   4.974335e-01   4.413168e+00   9.999626e-01   4.413172e+00   4.413177e+00
1     1.807985e+02   9.999762e-01   4.467506e-06   0.000000e+00   0.000000e+00   5.003836e-01   5.038426e+00   9.999626e-01   5.038431e+00   5.038435e+00
1     1.808984e+02   9.999762e-01   4.464064e-06   0.000000e+00   0.000000e+00   5.034648e-01   5.663557e+00   9.999626e-01   5.663559e+00   5.663562e+00
1     1.809984e+02   9.999761e-01   4.453216e-06   0.000000e+00   0.000000e+00   5.055143e-01   6.535393e-03   9.999625e-01   6.535364e-03   6.535335e-03
1     1.810984e+02   9.999761e-01   4.439069e-06   0.000000e+00   0.000000e+00   5.057468e-01   6.345163e-01   9.999625e-01   6.345137e-01   6.345110e-01
1     1.811984e+02   9.999761e-01   4.427022e-06   0.000000e+00   0.000000e+00   5.040581e-01   1.264416e+00   9.999625e-01   1.264412e+00   1.264408e+00
1     1.812983e+02   9.999761e-01   4.421704e-06   0.000000e+00   0.000000e+00   5.010860e-01   1.895597e+00   9.999625e-01   1.895593e+00   1.895588e+00
1     1.813983e+02   9.999761e-01   4.425172e-06   0.000000e+00   0.000000e+00   4.979767e-01   2.526911e+00   9.999625e-01   2.526909e+00   2.526906e+00
1     1.814983e+02   9.999761e-01   4.436085e-06   0.000000e+00   0.000000e+00   4.959315e-01   3.157159e+00   9.999624e-01   3.157159e+00   3.157159e+00
1     1.815983e+02   9.999761e-01   4.450240e-06   0.000000e+00   0.000000e+00   4.957284e-01   3.785566e+00   9.999624e-01   3.785568e+00   3.785571e+00
1     1.816983e+02   9.999760e-01   4.462229e-06   0.000000e+00   0.000000e+00   4.974294e-01   4.412070e+00   9.999624e-01   4.412074e+00   4.412078e+00
1     1.818000e+02   9.999760e-01   4.467521e-06   0.000000e+00   0.000000e+00   5.004348e-01   5.048294e+00   9.999624e-01   5.048298e+00   5.048302e+00
1     1.819000e+02   9.999760e-01   4.463943e-06   0.000000e+00   0.000000e+00   5.035083e-01   5.673432e+00   9.999624e-01   5.673435e+00   5.673437e+00
1     1.819999e+02   9.999760e-01   4.453004e-06   0.000000e+00   0.000000e+00   5.055337e-01   1.643511e-02   9.999623e-01   1.643504e-02   1.643496e-02
1     1.820999e+02   9.999760e-01   4.438847e-06   0.000000e+00   0.000000e+00   5.057346e-01   6.444478e-01   9.999623e-01   6.444451e-01   6.444425e-01
1     1.821999e+02   9.999760e-01   4.426874e-06   0.000000e+00   0.000000e+00   5.040186e-01   1.274375e+00   9.999623e-01   1.274371e+00   1.274367e+00
1     1.822999e+02   9.999760e-01   4.421689e-06   0.000000e+00   0.000000e+00   5.010344e-01   1.905568e+00   9.999623e-01   1.905564e+00   1.905559e+00
1     1.823999e+02   9.999760e-01   4.425294e-06   0.000000e+00   0.000000e+00   4.979331e-01   2.536874e+00   9.999623e-01   2.536872e+00   2.536869e+00
1     1.824998e+02   9.999759e-01   4.436297e-06   0.000000e+00   0.000000e+00   4.959126e-01   3.167098e+00   9.999622e-01   3.167098e+00   3.167098e+00
1     1.825998e+02   9.999759e-01   4.450460e-06   0.000000e+00   0.000000e+00   4.957412e-01   3.795472e+00   9.999622e-01   3.795475e+00   3.795478e+00
1     1.826998e+02   9.999759e-01   4.462373e-06   0.000000e+00   0.000000e+00   4.974686e-01   4.421950e+00   9.999622e-01   4.421955e+00   4.421959e+00
1     1.827998e+02   9.999759e-01   4.467518e-06   0.000000e+00   0.000000e+00   5.004287e-01   5.047199e+00   9.999622e-01   5.047203e+00   5.047207e+00
1     1.828998e+02   9.999759e-01   4.463955e-06   0.000000e+00   0.000000e+00   5.035029e-01   5.672336e+00   9.999622e-01   5.672339e+00   5.672342e+00
1     1.829997e+02   9.999759e-01   4.453027e-06   0.000000e+00   0.000000e+00   5.055309e-01   1.533690e-02   9.999621e-01   1.533683e-02   1.533676e-02
1     1.830997e+02   9.999759e-01   4.438872e-06   0.000000e+00   0.000000e+00   5.057353e-01   6.433462e-01   9.999621e-01   6.433436e-01   6.433409e-01
1     1.831997e+02   9.999758e-01   4.426891e-06   0.000000e+00   0.000000e+00   5.040224e-01   1.273271e+00   9.999621e-01   1.273267e+00   1.273262e+00
1     1.832997e+02   9.999758e-01   4.421691e-06   0.000000e+00   0.000000e+00   5.010396e-01   1.904462e+00   9.999621e-01   1.904458e+00   1.904454e+00
1     1.833997e+02   9.999758e-01   4.425282e-06   0.000000e+00   0.000000e+00   4.979374e-01   2.535769e+00   9.999621e-01   2.535767e+00   2.535764e+00
1     1.834996e+02   9.999758e-01   4.436275e-06   0.000000e+00   0.000000e+00   4.959143e-01   3.165996e+00   9.999620e-01   3.165996e+00   3.165996e+00
1     1.835996e+02   9.999758e-01   4.450438e-06   0.000000e+00   0.000000e+00   4.957394e-01   3.794374e+00   9.999620e-01   3.794377e+00   3.794379e+00
1     1.836996e+02   9.999758e-01   4.462359e-06   0.000000e+00   0.000000e+00   4.974641e-01   4.420855e+00   9.999620e-01   4.420859e+00   4.420863e+00
1     1.837996e+02   9.999758e-01   4.467519e-06   0.000000e+00   0.000000e+00   5.004232e-01   5.046104e+00   9.999620e-01   5.046109e+00   5.046113e+00
1     1.838995e+02   9.999758e-01   4.463970e-06   0.000000e+00   0.000000e+00   5.034984e-01   5.671241e+00   9.999620e-01   5.671244e+00   5.671246e+00
1     1.839995e+02   9.999757e-01   4.453051e-06   0.000000e+00   0.000000e+00   5.055290e-01   1.423905e-02   9.999619e-01   1.423899e-02   1.423893e-02
1     1.840995e+02   9.999757e-01   4.438897e-06   0.000000e+00   0.000000e+00   5.057368e-01   6.422451e-01   9.999619e-01   6.422424e-01   6.422398e-01
1     1.841995e+02   9.999757e-01   4.426908e-06   0.000000e+00   0.000000e+00   5.040269e-01   1.272167e+00   9.999619e-01   1.272163e+00   1.272158e+00
1     1.842995e+02   9.999757e-01   4.421694e-06   0.000000e+00   0.000000e+00   5.010455e-01   1.903357e+00   9.999619e-01   1.903353e+00   1.903348e+00
1     1.843994e+02   9.999757e-01   4.425269e-06   0.000000e+00   0.000000e+00   4.979425e-01   2.534665e+00   9.999619e-01   2.534663e+00   2.534660e+00
1     1.844994e+02   9.999757e-01   4.436251e-06   0.000000e+00   0.000000e+00   4.959168e-01   3.164894e+00   9.999618e-01   3.164894e+00   3.164894e+00
1     1.845994e+02   9.999757e-01   4.450413e-06   0.000000e+00   0.000000e+00   4.957384e-01   3.793276e+00   9.999618e-01   3.793279e+00   3.793281e+00
1     1.846994e+02   9.999756e-01   4.462342e-06   0.000000e+00   0.000000e+00   4.974600e-01   4.419760e+00   9.999618e-01   4.419764e+00   4.419769e+00
1     1.847994e+02   9.999756e-01   4.467516e-06   0.000000e+00   0.000000e+00   5.004178e-01   5.045011e+00   9.999618e-01   5.045015e+00   5.045020e+00
1     1.848993e+02   9.999756e-01   4.463982e-06   0.000000e+00   0.000000e+00   5.034937e-01   5.670147e+00   9.999618e-01   5.670150e+00   5.670152e+00
1     1.849993e+02   9.999756e-01   4.453073e-06   0.000000e+00   0.000000e+00   5.055269e-01   1.314274e-02   9.999617e-01   1.314269e-02   1.314263e-02
1     1.850993e+02   9.999756e-01   4.438921e-06   0.000000e+00   0.000000e+00   5.057381e-01   6.411455e-01   9.999617e-01   6.411428e-01   6.411402e-01
1     1.851993e+02   9.999756e-01   4.426923e-06   0.000000e+00   0.000000e+00   5.040311e-01   1.271064e+00   9.999617e-01   1.271060e+00   1.271056e+00
1     1.852992e+02   9.999756e-01   4.421695e-06   0.000000e+00   0.000000e+00   5.010509e-01   1.902253e+00   9.999617e-01   1.902249e+00   1.902245e+00
1     1.853992e+02   9.999756e-01   4.425256e-06   0.000000e+00   0.000000e+00   4.979469e-01   2.533563e+00   9.999617e-01   2.533560e+00   2.533558e+00
1     1.854992e+02   9.999755e-01   4.436229e-06   0.000000e+00   0.000000e+00   4.959184e-01   3.163795e+00   9.999616e-01   3.163795e+00   3.163795e+00
1     1.855992e+02   9.999755e-01   4.450390e-06   0.000000e+00   0.000000e+00   4.957367e-01   3.792180e+00   9.999616e-01   3.792183e+00   3.792186e+00
1     1.856992e+02   9.999755e-01   4.462328e-06   0.000000e+00   0.000000e+00   4.974555e-01   4.418667e+00   9.999616e-01   4.418671e+00   4.418676e+00
1     1.857991e+02   9.999755e-01   4.467516e-06   0.000000e+00   0.000000e+00   5.004120e-01   5.043919e+00   9.999616e-01   5.043924e+00   5.043928e+00
1     1.858991e+02   9.999755e-01   4.463997e-06   0.000000e+00   0.000000e+00   5.034887e-01   5.669055e+00   9.999616e-01   5.669058e+00   5.669060e+00
1     1.859991e+02   9.999755e-01   4.453098e-06   0.000000e+00   0.000000e+00   5.055244e-01   1.204800e-02   9.999615e-01   1.204795e-02   1.204789e-02
1     1.860991e+02   9.999755e-01   4.438947e-06   0.000000e+00   0.000000e+00   5.057391e-01   6.400474e-01   9.999615e-01   6.400447e-01   6.400421e-01
1     1.861991e+02   9.999754e-01   4.426943e-06   0.000000e+00   0.000000e+00   5.040352e-01   1.269963e+00   9.999615e-01   1.269959e+00   1.269955e+00
1     1.862990e+02   9.999754e-01   4.421700e-06   0.000000e+00   0.000000e+00   5.010564e-01   1.901151e+00   9.999615e-01   1.901147e+00   1.901143e+00
1     1.863990e+02   9.999754e-01   4.425245e-06   0.000000e+00   0.000000e+00   4.979517e-01   2.532461e+00   9.999615e-01   2.532459e+00   2.532456e+00
1     1.864990e+02   9.999754e-01   4.436208e-06   0.000000e+00   0.000000e+00   4.959205e-01   3.162696e+00   9.999614e-01   3.162696e+00   3.162696e+00
1     1.865990e+02   9.999754e-01   4.450368e-06   0.000000e+00   0.000000e+00   4.957353e-01   3.791085e+00   9.999614e-01   3.791088e+00   3.791090e+00
1     1.866989e+02   9.999754e-01   4.462314e-06   0.000000e+00   0.000000e+00   4.974512e-01   4.417575e+00   9.999614e-01   4.417579e+00   4.417583e+00
1     1.867989e+02   9.999754e-01   4.467516e-06   0.000000e+00   0.000000e+00   5.004065e-01   5.042829e+00   9.999614e-01   5.042833e+00   5.042837e+00
1     1.868989e+02   9.999754e-01   4.464012e-06   0.000000e+00   0.000000e+00   5.034841e-01   5.667963e+00   9.999614e-01   5.667966e+00   5.667969e+00
1     1.869989e+02   9.999753e-01   4.453122e-06   0.000000e+00   0.000000e+00   5.055225e-01   1.095400e-02   9.999613e-01   1.095395e-02   1.095390e-02
1     1.870989e+02   9.999753e-01   4.438971e-06   0.000000e+00   0.000000e+00   5.057406e-01   6.389501e-01   9.999613e-01   6.389475e-01   6.389448e-01
1     1.871988e+02   9.999753e-01   4.426958e-06   0.000000e+00   0.000000e+00   5.040394e-01   1.268863e+00   9.999613e-01   1.268859e+00   1.268855e+00
1     1.872988e+02   9.999753e-01   4.421701e-06   0.000000e+00   0.000000e+00   5.010618e-01   1.900050e+00   9.999613e-01   1.900046e+00   1.900042e+00
1     1.873988e+02   9.999753e-01   4.425232e-06   0.000000e+00   0.000000e+00   4.979562e-01   2.531361e+00   9.999613e-01   2.531359e+00   2.531356e+00
1     1.874988e+02   9.999753e-01   4.436185e-06   0.000000e+00   0.000000e+00   4.959224e-01   3.161599e+00   9.999612e-01   3.161599e+00   3.161599e+00
1     1.875988e+02   9.999753e-01   4.450343e-06   0.000000e+00   0.000000e+00   4.957337e-01   3.789991e+00   9.999612e-01   3.789994e+00   3.789997e+00
1     1.876987e+02   9.999752e-01   4.462297e-06   0.000000e+00   0.000000e+00   4.974466e-01   4.416484e+00   9.999612e-01   4.416489e+00   4.416493e+00
1     1.877987e+02   9.999752e-01   4.467513e-06   0.000000e+00   0.000000e+00   5.004004e-01   5.041740e+00   9.999612e-01   5.041744e+00   5.041748e+00
1     1.878987e+02   9.999752e-01   4.464024e-06   0.000000e+00   0.000000e+00   5.034787e-01   5.666874e+00   9.999612e-01   5.666877e+00   5.666879e+00
1     1.879987e+02   9.999752e-01   4.453145e-06   0.000000e+00   0.000000e+00   5.055197e-01   9.862081e-03   9.999611e-01   9.862037e-03   9.861994e-03
1     1.880986e+02   9.999752e-01   4.438996e-06   0.000000e+00   0.000000e+00   5.057412e-01   6.378549e-01   9.999611e-01   6.378522e-01   6.378496e-01
1     1.881986e+02   9.999752e-01   4.426975e-06   0.000000e+00   0.000000e+00   5.040431e-01   1.267765e+00   9.999611e-01   1.267761e+00   1.267757e+00
1     1.882986e+02   9.999752e-01   4.421704e-06   0.000000e+00   0.000000e+00   5.010669e-01   1.898951e+00   9.999611e-01   1.898946e+00   1.898942e+00
1     1.883986e+02   9.999752e-01   4.425220e-06   0.000000e+00   0.000000e+00   4.979606e-01   2.530263e+00   9.999611e-01   2.530260e+00   2.530258e+00
1     1.884986e+02   9.999751e-01   4.436163e-06   0.000000e+00   0.000000e+00   4.959241e-01   3.160503e+00   9.999610e-01   3.160503e+00   3.160503e+00
1     1.885985e+02   9.999751e-01   4.450321e-06   0.000000e+00   0.000000e+00   4.957320e-01   3.788899e+00   9.999610e-01   3.788902e+00   3.788905e+00
1     1.886985e+02   9.999751e-01   4.462283e-06   0.000000e+00   0.000000e+00   4.974422e-01   4.415395e+00   9.999610e-01   4.415399e+00   4.415404e+00
1     1.887985e+02   9.999751e-01   4.467513e-06   0.000000e+00   0.000000e+00   5.003949e-01   5.040652e+00   9.999610e-01   5.040656e+00   5.040660e+00
1     1.888985e+02   9.999751e-01   4.464038e-06   0.000000e+00   0.000000e+00   5.034742e-01   5.665785e+00   9.999610e-01   5.665788e+00   5.665790e+00
1     1.889985e+02   9.999751e-01   4.453169e-06   0.000000e+00   0.000000e+00   5.055178e-01   8.770530e-03   9.999609e-01   8.770491e-03   8.770452e-03
1     1.890984e+02   9.999751e-01   4.439021e-06   0.000000e+00   0.000000e+00   5.057427e-01   6.367601e-01   9.999609e-01   6.367574e-01   6.367548e-01
1     1.891984e+02   9.999750e-01   4.426992e-06   0.000000e+00   0.000000e+00   5.040476e-01   1.266668e+00   9.999609e-01   1.266663e+00   1.266659e+00
1     1.892984e+02   9.999750e-01   4.421706e-06   0.000000e+00   0.000000e+00   5.010728e-01   1.897852e+00   9.999609e-01   1.897847e+00   1.897843e+00
1     1.893984e+02   9.999750e-01   4.425207e-06   0.000000e+00   0.000000e+00   4.979657e-01   2.529165e+00   9.999609e-01   2.529162e+00   2.529160e+00
1     1.894984e+02   9.999750e-01   4.436140e-06   0.000000e+00   0.000000e+00   4.959266e-01   3.159408e+00   9.999608e-01   3.159408e+00   3.159408e+00
1     1.895983e+02   9.999750e-01   4.450296e-06   0.000000e+00   0.000000e+00   4.957310e-01   3.787808e+00   9.999608e-01   3.787810e+00   3.787813e+00
1     1.896983e+02   9.999750e-01   4.462266e-06   0.000000e+00   0.000000e+00   4.974381e-01   4.414307e+00   9.999608e-01   4.414311e+00   4.414315e+00
1     1.897983e+02   9.999750e-01   4.467510e-06   0.000000e+00   0.000000e+00   5.003895e-01   5.039565e+00   9.999608e-01   5.039569e+00   5.039573e+00
1     1.898983e+02   9.999750e-01   4.464050e-06   0.000000e+00   0.000000e+00   5.034694e-01   5.664697e+00   9.999608e-01   5.664700e+00   5.664703e+00
1     1.900000e+02   9.999749e-01   4.452956e-06   0.000000e+00   0.000000e+00   5.055367e-01   1.868073e-02   9.999607e-01   1.868065e-02   1.868057e-02
1     1.901000e+02   9.999749e-01   4.438799e-06   0.000000e+00   0.000000e+00   5.057300e-01   6.467020e-01   9.999607e-01   6.466993e-01   6.466966e-01
1     1.902000e+02   9.999749e-01   4.426845e-06   0.000000e+00   0.000000e+00   5.040078e-01   1.276637e+00   9.999607e-01   1.276632e+00   1.276628e+00
1     1.902999e+02   9.999749e-01   4.421692e-06   0.000000e+00   0.000000e+00   5.010210e-01   1.907833e+00   9.999607e-01   1.907829e+00   1.907824e+00
1     1.903999e+02   9.999749e-01   4.425330e-06   0.000000e+00   0.000000e+00   4.979219e-01   2.539138e+00   9.999607e-01   2.539135e+00   2.539133e+00
1     1.904999e+02   9.999749e-01   4.436353e-06   0.000000e+00   0.000000e+00   4.959075e-01   3.169356e+00   9.999606e-01   3.169357e+00   3.169357e+00
1     1.905999e+02   9.999749e-01   4.450518e-06   0.000000e+00   0.000000e+00   4.957438e-01   3.797724e+00   9.999606e-01   3.797727e+00   3.797730e+00
1     1.906999e+02   9.999748e-01   4.462412e-06   0.000000e+00   0.000000e+00   4.974775e-01   4.424197e+00   9.999606e-01   4.424201e+00   4.424206e+00
1     1.907998e+02   9.999748e-01   4.467526e-06   0.000000e+00   0.000000e+00   5.004403e-01   5.049444e+00   9.999606e-01   5.049448e+00   5.049452e+00
1     1.908998e+02   9.999748e-01   4.463930e-06   0.000000e+00   0.000000e+00   5.035124e-01   5.674585e+00   9.999606e-01   5.674587e+00   5.674590e+00
1     1.909998e+02   9.999748e-01   4.452981e-06   0.000000e+00   0.000000e+00   5.055343e-01   1.759215e-02   9.999605e-01   1.759208e-02   1.759200e-02
1     1.910998e+02   9.999748e-01   4.438826e-06   0.000000e+00   0.000000e+00   5.057311e-01   6.456101e-01   9.999605e-01   6.456074e-01   6.456048e-01
1     1.911997e+02   9.999748e-01   4.426864e-06   0.000000e+00   0.000000e+00   5.040119e-01   1.275542e+00   9.999605e-01   1.275538e+00   1.275533e+00
1     1.912997e+02   9.999748e-01   4.421697e-06   0.000000e+00   0.000000e+00   5.010267e-01   1.906737e+00   9.999605e-01   1.906732e+00   1.906728e+00
1     1.913997e+02   9.999748e-01   4.425320e-06   0.000000e+00   0.000000e+00   4.979268e-01   2.538043e+00   9.999605e-01   2.538040e+00   2.538038e+00
1     1.914997e+02   9.999747e-01   4.436332e-06   0.000000e+00   0.000000e+00   4.959098e-01   3.168264e+00   9.999604e-01   3.168264e+00   3.168264e+00
1     1.915997e+02   9.999747e-01   4.450495e-06   0.000000e+00   0.000000e+00   4.957426e-01   3.796636e+00   9.999604e-01   3.796638e+00   3.796641e+00
1     1.916996e+02   9.999747e-01   4.462397e-06   0.000000e+00   0.000000e+00   4.974733e-01   4.423111e+00   9.999604e-01   4.423115e+00   4.423120e+00
1     1.917996e+02   9.999747e-01   4.467525e-06   0.000000e+00   0.000000e+00   5.004348e-01   5.048359e+00   9.999604e-01   5.048364e+00   5.048368e+00
1     1.918996e+02   9.999747e-01   4.463944e-06   0.000000e+00   0.000000e+00   5.035078e-01   5.673499e+00   9.999604e-01   5.673502e+00   5.673505e+00
1     1.919996e+02   9.999747e-01   4.453005e-06   0.000000e+00   0.000000e+00   5.055324e-01   1.650438e-02   9.999603e-01   1.650431e-02   1.650424e-02
1     1.920996e+02   9.999747e-01   4.438849e-06   0.000000e+00   0.000000e+00   5.057325e-01   6.445191e-01   9.999603e-01   6.445164e-01   6.445138e-01
1     1.921995e+02   9.999746e-01   4.426879e-06   0.000000e+00   0.000000e+00   5.040162e-01   1.274448e+00   9.999603e-01   1.274444e+00   1.274440e+00
1     1.922995e+02   9.999746e-01   4.421697e-06   0.000000e+00   0.000000e+00   5.010320e-01   1.905642e+00   9.999603e-01   1.905638e+00   1.905634e+00
1     1.923995e+02   9.999746e-01   4.425306e-06   0.000000e+00   0.000000e+00   4.979311e-01   2.536949e+00   9.999603e-01   2.536947e+00   2.536944e+00
1     1.924995e+02   9.999746e-01   4.436309e-06   0.000000e+00   0.000000e+00   4.959115e-01   3.167173e+00   9.999602e-01   3.167173e+00   3.167173e+00
1     1.925994e+02   9.999746e-01   4.450471e-06   0.000000e+00   0.000000e+00   4.957408e-01   3.795548e+00   9.999602e-01   3.795551e+00   3.795554e+00
1     1.926994e+02   9.999746e-01   4.462381e-06   0.000000e+00   0.000000e+00   4.974687e-01   4.422027e+00   9.999602e-01   4.422031e+00   4.422036e+00
1     1.927994e+02   9.999746e-01   4.467523e-06   0.000000e+00   0.000000e+00   5.004288e-01   5.047277e+00   9.999602e-01   5.047281e+00   5.047285e+00
1     1.928994e+02   9.999746e-01   4.463957e-06   0.000000e+00   0.000000e+00   5.035025e-01   5.672416e+00   9.999602e-01   5.672419e+00   5.672421e+00
1     1.929994e+02   9.999745e-01   4.453028e-06   0.000000e+00   0.000000e+00   5.055296e-01   1.541874e-02   9.999601e-01   1.541867e-02   1.541860e-02
1     1.930993e+02   9.999745e-01   4.438874e-06   0.000000e+00   0.000000e+00   5.057332e-01   6.434301e-01   9.999601e-01   6.434274e-01   6.434248e-01
1     1.931993e+02   9.999745e-01   4.426897e-06   0.000000e+00   0.000000e+00   5.040199e-01   1.273356e+00   9.999601e-01   1.273352e+00   1.273348e+00
1     1.932993e+02   9.999745e-01   4.421701e-06   0.000000e+00   0.000000e+00   5.010371e-01   1.904549e+00   9.999601e-01   1.904545e+00   1.904540e+00
1     1.933993e+02   9.999745e-01   4.425294e-06   0.000000e+00   0.000000e+00   4.979355e-01   2.535857e+00   9.999601e-01   2.535854e+00   2.535852e+00
1     1.934993e+02   9.999745e-01   4.436288e-06   0.000000e+00   0.000000e+00   4.959132e-01   3.166084e+00   9.999600e-01   3.166084e+00   3.166084e+00
1     1.935992e+02   9.999745e-01   4.450449e-06   0.000000e+00   0.000000e+00   4.957391e-01   3.794462e+00   9.999600e-01   3.794465e+00   3.794468e+00
1     1.936992e+02   9.999744e-01   4.462367e-06   0.000000e+00   0.000000e+00   4.974642e-01   4.420944e+00   9.999600e-01   4.420948e+00   4.420953e+00
1     1.937992e+02   9.999744e-01   4.467523e-06   0.000000e+00   0.000000e+00   5.004233e-01   5.046195e+00   9.999600e-01   5.046199e+00   5.046203e+00
1     1.938992e+02   9.999744e-01   4.463971e-06   0.000000e+00   0.000000e+00   5.034980e-01   5.671333e+00   9.999600e-01   5.671336e+00   5.671338e+00
1     1.939991e+02   9.999744e-01   4.453051e-06   0.000000e+00   0.000000e+00   5.055278e-01   1.433337e-02   9.999600e-01   1.433331e-02   1.433325e-02
1     1.940991e+02   9.999744e-01   4.438898e-06   0.000000e+00   0.000000e+00   5.057348e-01   6.423415e-01   9.999599e-01   6.423388e-01   6.423362e-01
1     1.941991e+02   9.999744e-01   4.426913e-06   0.000000e+00   0.000000e+00   5.040243e-01   1.272265e+00   9.999599e-01   1.272261e+00   1.272257e+00
1     1.942991e+02   9.999744e-01   4.421702e-06   0.000000e+00   0.000000e+00   5.010429e-01   1.903456e+00   9.999599e-01   1.903452e+00   1.903448e+00
1     1.943991e+02   9.999744e-01   4.425281e-06   0.000000e+00   0.000000e+00   4.979405e-01   2.534765e+00   9.999599e-01   2.534763e+00   2.534760e+00
1     1.944990e+02   9.999743e-01   4.436264e-06   0.000000e+00   0.000000e+00   4.959156e-01   3.164995e+00   9.999599e-01   3.164995e+00   3.164995e+00
1     1.945990e+02   9.999743e-01   4.450424e-06   0.000000e+00   0.000000e+00   4.957380e-01   3.793377e+00   9.999598e-01   3.793380e+00   3.793382e+00
1     1.946990e+02   9.999743e-01   4.462350e-06   0.000000e+00   0.000000e+00   4.974601e-01   4.419862e+00   9.999598e-01   4.419866e+00   4.419870e+00
1     1.947990e+02   9.999743e-01   4.467520e-06   0.000000e+00   0.000000e+00   5.004179e-01   5.045114e+00   9.999598e-01   5.045118e+00   5.045123e+00
1     1.948990e+02   9.999743e-01   4.463983e-06   0.000000e+00   0.000000e+00   5.034933e-01   5.670252e+00   9.999598e-01   5.670255e+00   5.670257e+00
1     1.949989e+02   9.999743e-01   4.453073e-06   0.000000e+00   0.000000e+00   5.055256e-01   1.324961e-02   9.999598e-01   1.324955e-02   1.324950e-02
1     1.950989e+02   9.999743e-01   4.438922e-06   0.000000e+00   0.000000e+00   5.057360e-01   6.412545e-01   9.999597e-01   6.412518e-01   6.412491e-01
1     1.951989e+02   9.999743e-01   4.426928e-06   0.000000e+00   0.000000e+00   5.040285e-01   1.271175e+00   9.999597e-01   1.271171e+00   1.271167e+00
1     1.952989e+02   9.999742e-01   4.421703e-06   0.000000e+00   0.000000e+00   5.010482e-01   1.902365e+00   9.999597e-01   1.902361e+00   1.902357e+00
1     1.953988e+02   9.999742e-01   4.425267e-06   0.000000e+00   0.000000e+00   4.979449e-01   2.533675e+00   9.999597e-01   2.533673e+00   2.533670e+00
1     1.954988e+02   9.999742e-01   4.436242e-06   0.000000e+00   0.000000e+00   4.959172e-01   3.163908e+00   9.999597e-01   3.163908e+00   3.163908e+00
1     1.955988e+02   9.999742e-01   4.450402e-06   0.000000e+00   0.000000e+00   4.957364e-01   3.792294e+00   9.999596e-01   3.792296e+00   3.792299e+00
1     1.956988e+02   9.999742e-01   4.462336e-06   0.000000e+00   0.000000e+00   4.974557e-01   4.418781e+00   9.999596e-01   4.418785e+00   4.418790e+00
1     1.957988e+02   9.999742e-01   4.467520e-06   0.000000e+00   0.000000e+00   5.004123e-01   5.044035e+00   9.999596e-01   5.044039e+00   5.044043e+00
1     1.958987e+02   9.999742e-01   4.463998e-06   0.000000e+00   0.000000e+00   5.034885e-01   5.669172e+00   9.999596e-01   5.669175e+00   5.669177e+00
1     1.959987e+02   9.999741e-01   4.453098e-06   0.000000e+00   0.000000e+00   5.055234e-01   1.216716e-02   9.999596e-01   1.216711e-02   1.216706e-02
1     1.960987e+02   9.999741e-01   4.438948e-06   0.000000e+00   0.000000e+00   5.057372e-01   6.401687e-01   9.999595e-01   6.401661e-01   6.401634e-01
1     1.961987e+02   9.999741e-01   4.426947e-06   0.000000e+00   0.000000e+00   5.040327e-01   1.270086e+00   9.999595e-01   1.270082e+00   1.270078e+00
1     1.962987e+02   9.999741e-01   4.421708e-06   0.000000e+00   0.000000e+00   5.010540e-01   1.901275e+00   9.999595e-01   1.901271e+00   1.901267e+00
1     1.963986e+02   9.999741e-01   4.425257e-06   0.000000e+00   0.000000e+00   4.979499e-01   2.532586e+00   9.999595e-01   2.532584e+00   2.532581e+00
1     1.964986e+02   9.999741e-01   4.436221e-06   0.000000e+00   0.000000e+00   4.959196e-01   3.162821e+00   9.999595e-01   3.162822e+00   3.162822e+00
1     1.965986e+02   9.999741e-01   4.450379e-06   0.000000e+00   0.000000e+00   4.957353e-01   3.791211e+00   9.999594e-01   3.791213e+00   3.791216e+00
1     1.966986e+02   9.999741e-01   4.462322e-06   0.000000e+00   0.000000e+00   4.974517e-01   4.417701e+00   9.999594e-01   4.417706e+00   4.417710e+00
1     1.967986e+02   9.999740e-01   4.467519e-06   0.000000e+00   0.000000e+00   5.004069e-01   5.042956e+00   9.999594e-01   5.042961e+00   5.042965e+00
1     1.968985e+02   9.999740e-01   4.464012e-06   0.000000e+00   0.000000e+00   5.034840e-01   5.668093e+00   9.999594e-01   5.668096e+00   5.668098e+00
1     1.969985e+02   9.999740e-01   4.453121e-06   0.000000e+00   0.000000e+00   5.055215e-01   1.108567e-02   9.999594e-01   1.108562e-02   1.108557e-02
1     1.970985e+02   9.999740e-01   4.438972e-06   0.000000e+00   0.000000e+00   5.057386e-01   6.390840e-01   9.999593e-01   6.390813e-01   6.390787e-01
1     1.971985e+02   9.999740e-01   4.426962e-06   0.000000e+00   0.000000e+00   5.040369e-01   1.268999e+00   9.999593e-01   1.268995e+00   1.268991e+00
1     1.972984e+02   9.999740e-01   4.421709e-06   0.000000e+00   0.000000e+00   5.010592e-01   1.900187e+00   9.999593e-01   1.900183e+00   1.900179e+00
1     1.973984e+02   9.999740e-01   4.425244e-06   0.000000e+00   0.000000e+00   4.979542e-01   2.531499e+00   9.999593e-01   2.531496e+00   2.531494e+00
1     1.974984e+02   9.999739e-01   4.436198e-06   0.000000e+00   0.000000e+00   4.959213e-01   3.161737e+00   9.999593e-01   3.161737e+00   3.161737e+00
1     1.975984e+02   9.999739e-01   4.450356e-06   0.000000e+00   0.000000e+00   4.957336e-01   3.790130e+00   9.999592e-01   3.790132e+00   3.790135e+00
1     1.976984e+02   9.999739e-01   4.462306e-06   0.000000e+00   0.000000e+00   4.974471e-01   4.416623e+00   9.999592e-01   4.416628e+00   4.416632e+00
1     1.977983e+02   9.999739e-01   4.467518e-06   0.000000e+00   0.000000e+00   5.004010e-01   5.041880e+00   9.999592e-01   5.041884e+00   5.041888e+00
1     1.978983e+02   9.999739e-01   4.464025e-06   0.000000e+00   0.000000e+00   5.034787e-01   5.667016e+00   9.999592e-01   5.667019e+00   5.667021e+00
1     1.979983e+02   9.999739e-01   4.453145e-06   0.000000e+00   0.000000e+00   5.055187e-01   1.000626e-02   9.999592e-01   1.000621e-02   1.000617e-02
1     1.980983e+02   9.999739e-01   4.438997e-06   0.000000e+00   0.000000e+00   5.057393e-01   6.380013e-01   9.999591e-01   6.379986e-01   6.379960e-01
1     1.981983e+02   9.999739e-01   4.426980e-06   0.000000e+00   0.000000e+00   5.040406e-01   1.267913e+00   9.999591e-01   1.267909e+00   1.267905e+00
1     1.983000e+02   9.999738e-01   4.421698e-06   0.000000e+00   0.000000e+00   5.010073e-01   1.910178e+00   9.999591e-01   1.910174e+00   1.910170e+00
1     1.984000e+02   9.999738e-01   4.425370e-06   0.000000e+00   0.000000e+00   4.979105e-01   2.541482e+00   9.999591e-01   2.541480e+00   2.541477e+00
1     1.984999e+02   9.999738e-01   4.436413e-06   0.000000e+00   0.000000e+00   4.959025e-01   3.171695e+00   9.999591e-01   3.171695e+00   3.171696e+00
1     1.985999e+02   9.999738e-01   4.450578e-06   0.000000e+00   0.000000e+00   4.957466e-01   3.800057e+00   9.999590e-01   3.800059e+00   3.800062e+00
1     1.986999e+02   9.999738e-01   4.462452e-06   0.000000e+00   0.000000e+00   4.974866e-01   4.426524e+00   9.999590e-01   4.426528e+00   4.426532e+00
1     1.987999e+02   9.999738e-01   4.467533e-06   0.000000e+00   0.000000e+00   5.004520e-01   5.051769e+00   9.999590e-01   5.051773e+00   5.051778e+00
1     1.988999e+02   9.999738e-01   4.463904e-06   0.000000e+00   0.000000e+00   5.035220e-01   5.676913e+00   9.999590e-01   5.676915e+00   5.676918e+00
1     1.989998e+02   9.999737e-01   4.452933e-06   0.000000e+00   0.000000e+00   5.055378e-01   1.992754e-02   9.999590e-01   1.992745e-02   1.992736e-02
1     1.990998e+02   9.999737e-01   4.438776e-06   0.000000e+00   0.000000e+00   5.057267e-01   6.479544e-01   9.999589e-01   6.479517e-01   6.479490e-01
1     1.991998e+02   9.999737e-01   4.426834e-06   0.000000e+00   0.000000e+00   5.040009e-01   1.277894e+00   9.999589e-01   1.277890e+00   1.277885e+00
1     1.992998e+02   9.999737e-01   4.421699e-06   0.000000e+00   0.000000e+00   5.010129e-01   1.909092e+00   9.999589e-01   1.909088e+00   1.909084e+00
1     1.993998e+02   9.999737e-01   4.425356e-06   0.000000e+00   0.000000e+00   4.979153e-01   2.540397e+00   9.999589e-01   2.540394e+00   2.540392e+00
1     1.994997e+02   9.999737e-01   4.436390e-06   0.000000e+00   0.000000e+00   4.959047e-01   3.170613e+00   9.999589e-01   3.170613e+00   3.170613e+00
1     1.995997e+02   9.999737e-01   4.450553e-06   0.000000e+00   0.000000e+00   4.957453e-01   3.798978e+00   9.999588e-01   3.798980e+00   3.798983e+00
1     1.996997e+02   9.999737e-01   4.462435e-06   0.000000e+00   0.000000e+00   4.974823e-01   4.425448e+00   9.999588e-01   4.425452e+00   4.425457e+00
1     1.997997e+02   9.999736e-01   4.467530e-06   0.000000e+00   0.000000e+00   5.004463e-01   5.050695e+00   9.999588e-01   5.050699e+00   5.050703e+00
1     1.998996e+02   9.999736e-01   4.463915e-06   0.000000e+00   0.000000e+00   5.035170e-01   5.675838e+00   9.999588e-01   5.675841e+00   5.675843e+00
1     1.999996e+02   9.999736e-01   4.452955e-06   0.000000e+00   0.000000e+00   5.055354e-01   1.885028e-02   9.999588e-01   1.885019e-02   1.885011e-02
1     2.000000e+02   9.999736e-01   4.452904e-06   0.000000e+00   0.000000e+00   5.055397e-01   2.121296e-02   9.999588e-01   2.121287e-02   2.121277e-02
