# Particle id
# Time in code units
# x in code units
# y in code units
# z in code units
# vx in code units
# vy in code units
# vz in code units
#id   t              x              y              z              vx             vy             vz          
0     0.000000e+00   0.000000e+00   0.000000e+00   0.000000e+00   0.000000e+00   0.000000e+00   0.000000e+00
1     0.000000e+00   8.775826e-01   4.794255e-01   0.000000e+00  -3.012325e+00   5.514023e+00   0.000000e+00
0     9.957533e-02   0.000000e+00   0.000000e+00   0.000000e+00   0.000000e+00   0.000000e+00   0.000000e+00
1     9.957533e-02   4.305893e-01   9.025487e-01   0.000000e+00  -5.670878e+00   2.705484e+00   0.000000e+00
0     1.996179e-01   0.000000e+00   0.000000e+00   0.000000e+00   0.000000e+00   0.000000e+00   0.000000e+00
1     1.996179e-01  -1.824133e-01   9.832242e-01   0.000000e+00  -6.177766e+00  -1.146115e+00   0.000000e+00
0     2.996441e-01   0.000000e+00   0.000000e+00   0.000000e+00   0.000000e+00   0.000000e+00   0.000000e+00
1     2.996441e-01  -7.256129e-01   6.881092e-01   0.000000e+00  -4.323502e+00  -4.559118e+00   0.000000e+00
0     3.996678e-01   0.000000e+00   0.000000e+00   0.000000e+00   0.000000e+00   0.000000e+00   0.000000e+00
1     3.996678e-01  -9.915136e-01   1.300452e-01   0.000000e+00  -8.170984e-01  -6.229805e+00   0.000000e+00
0     4.996939e-01   0.000000e+00   0.000000e+00   0.000000e+00   0.000000e+00   0.000000e+00   0.000000e+00
1     4.996939e-01  -8.785146e-01  -4.777271e-01   0.000000e+00   3.001625e+00  -5.519815e+00   0.000000e+00
0     5.997193e-01   0.000000e+00   0.000000e+00   0.000000e+00   0.000000e+00   0.000000e+00   0.000000e+00
1     5.997193e-01  -4.297921e-01  -9.029324e-01   0.000000e+00   5.673263e+00  -2.700427e+00   0.000000e+00
0     6.997399e-01   0.000000e+00   0.000000e+00   0.000000e+00   0.000000e+00   0.000000e+00   0.000000e+00
1     6.997399e-01   1.831453e-01  -9.830875e-01   0.000000e+00   6.176906e+00   1.150762e+00   0.000000e+00
0     7.997536e-01   0.000000e+00   0.000000e+00   0.000000e+00   0.000000e+00   0.000000e+00   0.000000e+00
1     7.997536e-01   7.260697e-01  -6.876191e-01   0.000000e+00   4.320437e+00   4.562069e+00   0.000000e+00
0     8.997612e-01   0.000000e+00   0.000000e+00   0.000000e+00   0.000000e+00   0.000000e+00   0.000000e+00
1     8.997612e-01   9.915796e-01  -1.294707e-01   0.000000e+00   8.134793e-01   6.230336e+00   0.000000e+00
0     9.997651e-01   0.000000e+00   0.000000e+00   0.000000e+00   0.000000e+00   0.000000e+00   0.000000e+00
1     9.997651e-01   8.782902e-01   4.781185e-01   0.000000e+00  -3.004139e+00   5.518519e+00   0.000000e+00
0     1.099767e+00   0.000000e+00   0.000000e+00   0.000000e+00   0.000000e+00   0.000000e+00   0.000000e+00
1     1.099767e+00   4.295030e-01   9.030614e-01   0.000000e+00  -5.674146e+00   2.698686e+00   0.000000e+00
0     1.199767e+00   0.000000e+00   0.000000e+00   0.000000e+00   0.000000e+00   0.000000e+00   0.000000e+00
1     1.199767e+00  -1.833315e-01   9.830497e-01   0.000000e+00  -6.176716e+00  -1.151885e+00   0.000000e+00
0     1.299763e+00   0.000000e+00   0.000000e+00   0.000000e+00   0.000000e+00   0.000000e+00   0.000000e+00
1     1.299763e+00  -7.261268e-01   6.875628e-01   0.000000e+00  -4.320099e+00  -4.562366e+00   0.000000e+00
0     1.399755e+00   0.000000e+00   0.000000e+00   0.000000e+00   0.000000e+00   0.000000e+00   0.000000e+00
1     1.399755e+00  -9.915838e-01   1.294936e-01   0.000000e+00  -8.136444e-01  -6.230269e+00   0.000000e+00
0     1.499743e+00   0.000000e+00   0.000000e+00   0.000000e+00   0.000000e+00   0.000000e+00   0.000000e+00
1     1.499743e+00  -8.783626e-01  -4.780041e-01   0.000000e+00   3.003367e+00  -5.518876e+00   0.000000e+00
0     1.599727e+00   0.000000e+00   0.000000e+00   0.000000e+00   0.000000e+00   0.000000e+00   0.000000e+00
1     1.599727e+00  -4.297412e-01  -9.029560e-01   0.000000e+00   5.673416e+00  -2.700114e+00   0.000000e+00
0     1.699706e+00   0.000000e+00   0.000000e+00   0.000000e+00   0.000000e+00   0.000000e+00   0.000000e+00
1     1.699706e+00   1.829467e-01  -9.831242e-01   0.000000e+00   6.177140e+00   1.149513e+00   0.000000e+00
0     1.799683e+00   0.000000e+00   0.000000e+00   0.000000e+00   0.000000e+00   0.000000e+00   0.000000e+00
1     1.799683e+00   7.257721e-01  -6.879331e-01   0.000000e+00   4.322411e+00   4.560199e+00   0.000000e+00
0     1.899663e+00   0.000000e+00   0.000000e+00   0.000000e+00   0.000000e+00   0.000000e+00   0.000000e+00
1     1.899663e+00   9.915008e-01  -1.300721e-01   0.000000e+00   8.172581e-01   6.229842e+00   0.000000e+00
0     1.999646e+00   0.000000e+00   0.000000e+00   0.000000e+00   0.000000e+00   0.000000e+00   0.000000e+00
1     1.999646e+00   8.786439e-01   4.774680e-01   0.000000e+00  -3.000052e+00   5.520742e+00   0.000000e+00
0     2.099628e+00   0.000000e+00   0.000000e+00   0.000000e+00   0.000000e+00   0.000000e+00   0.000000e+00
1     2.099628e+00   4.302805e-01   9.026911e-01   0.000000e+00  -5.671820e+00   2.703571e+00   0.000000e+00
0     2.199610e+00   0.000000e+00   0.000000e+00   0.000000e+00   0.000000e+00   0.000000e+00   0.000000e+00
1     2.199610e+00  -1.823775e-01   9.832270e-01   0.000000e+00  -6.177831e+00  -1.145891e+00   0.000000e+00
0     2.299591e+00   0.000000e+00   0.000000e+00   0.000000e+00   0.000000e+00   0.000000e+00   0.000000e+00
1     2.299591e+00  -7.253936e-01   6.883360e-01   0.000000e+00  -4.324959e+00  -4.557761e+00   0.000000e+00
0     2.399572e+00   0.000000e+00   0.000000e+00   0.000000e+00   0.000000e+00   0.000000e+00   0.000000e+00
1     2.399572e+00  -9.914355e-01   1.306231e-01   0.000000e+00  -8.207409e-01  -6.229338e+00   0.000000e+00
0     2.499553e+00   0.000000e+00   0.000000e+00   0.000000e+00   0.000000e+00   0.000000e+00   0.000000e+00
1     2.499553e+00  -8.789269e-01  -4.769654e-01   0.000000e+00   2.996841e+00  -5.522422e+00   0.000000e+00
0     2.599534e+00   0.000000e+00   0.000000e+00   0.000000e+00   0.000000e+00   0.000000e+00   0.000000e+00
1     2.599534e+00  -4.308244e-01  -9.024395e-01   0.000000e+00   5.670172e+00  -2.706921e+00   0.000000e+00
0     2.699515e+00   0.000000e+00   0.000000e+00   0.000000e+00   0.000000e+00   0.000000e+00   0.000000e+00
1     2.699515e+00   1.817770e-01  -9.833410e-01   0.000000e+00   6.178504e+00   1.142164e+00   0.000000e+00
0     2.799496e+00   0.000000e+00   0.000000e+00   0.000000e+00   0.000000e+00   0.000000e+00   0.000000e+00
1     2.799496e+00   7.249692e-01  -6.887790e-01   0.000000e+00   4.327727e+00   4.555156e+00   0.000000e+00
0     2.899476e+00   0.000000e+00   0.000000e+00   0.000000e+00   0.000000e+00   0.000000e+00   0.000000e+00
1     2.899476e+00   9.913485e-01  -1.312266e-01   0.000000e+00   8.245120e-01   6.228886e+00   0.000000e+00
0     2.999456e+00   0.000000e+00   0.000000e+00   0.000000e+00   0.000000e+00   0.000000e+00   0.000000e+00
1     2.999456e+00   8.792071e-01   4.764298e-01   0.000000e+00  -2.993530e+00   5.524282e+00   0.000000e+00
0     3.099435e+00   0.000000e+00   0.000000e+00   0.000000e+00   0.000000e+00   0.000000e+00   0.000000e+00
1     3.099435e+00   4.313653e-01   9.021730e-01   0.000000e+00  -5.668566e+00   2.710388e+00   0.000000e+00
0     3.199415e+00   0.000000e+00   0.000000e+00   0.000000e+00   0.000000e+00   0.000000e+00   0.000000e+00
1     3.199415e+00  -1.811837e-01   9.834475e-01   0.000000e+00  -6.179218e+00  -1.138390e+00   0.000000e+00
0     3.299395e+00   0.000000e+00   0.000000e+00   0.000000e+00   0.000000e+00   0.000000e+00   0.000000e+00
1     3.299395e+00  -7.245534e-01   6.892202e-01   0.000000e+00  -4.330515e+00  -4.552482e+00   0.000000e+00
0     3.399374e+00   0.000000e+00   0.000000e+00   0.000000e+00   0.000000e+00   0.000000e+00   0.000000e+00
1     3.399374e+00  -9.912741e-01   1.318410e-01   0.000000e+00  -8.283938e-01  -6.228326e+00   0.000000e+00
0     3.499355e+00   0.000000e+00   0.000000e+00   0.000000e+00   0.000000e+00   0.000000e+00   0.000000e+00
1     3.499355e+00  -8.795137e-01  -4.758822e-01   0.000000e+00   2.990036e+00  -5.526111e+00   0.000000e+00
0     3.599336e+00   0.000000e+00   0.000000e+00   0.000000e+00   0.000000e+00   0.000000e+00   0.000000e+00
1     3.599336e+00  -4.319351e-01  -9.019083e-01   0.000000e+00   5.666836e+00  -2.713900e+00   0.000000e+00
0     3.699315e+00   0.000000e+00   0.000000e+00   0.000000e+00   0.000000e+00   0.000000e+00   0.000000e+00
1     3.699315e+00   1.805576e-01  -9.835655e-01   0.000000e+00   6.179916e+00   1.134502e+00   0.000000e+00
0     3.799293e+00   0.000000e+00   0.000000e+00   0.000000e+00   0.000000e+00   0.000000e+00   0.000000e+00
1     3.799293e+00   7.241008e-01  -6.896916e-01   0.000000e+00   4.333462e+00   4.549701e+00   0.000000e+00
0     3.899271e+00   0.000000e+00   0.000000e+00   0.000000e+00   0.000000e+00   0.000000e+00   0.000000e+00
1     3.899271e+00   9.911803e-01  -1.324902e-01   0.000000e+00   8.324519e-01   6.227830e+00   0.000000e+00
0     3.999250e+00   0.000000e+00   0.000000e+00   0.000000e+00   0.000000e+00   0.000000e+00   0.000000e+00
1     3.999250e+00   8.798156e-01   4.753050e-01   0.000000e+00  -2.986463e+00   5.528106e+00   0.000000e+00
0     4.099231e+00   0.000000e+00   0.000000e+00   0.000000e+00   0.000000e+00   0.000000e+00   0.000000e+00
1     4.099231e+00   4.325108e-01   9.016243e-01   0.000000e+00  -5.665120e+00   2.717586e+00   0.000000e+00
0     4.199212e+00   0.000000e+00   0.000000e+00   0.000000e+00   0.000000e+00   0.000000e+00   0.000000e+00
1     4.199212e+00  -1.799447e-01   9.836749e-01   0.000000e+00  -6.180648e+00  -1.130606e+00   0.000000e+00
0     4.299193e+00   0.000000e+00   0.000000e+00   0.000000e+00   0.000000e+00   0.000000e+00   0.000000e+00
1     4.299193e+00  -7.236847e-01   6.901321e-01   0.000000e+00  -4.336245e+00  -4.547025e+00   0.000000e+00
0     4.399170e+00   0.000000e+00   0.000000e+00   0.000000e+00   0.000000e+00   0.000000e+00   0.000000e+00
1     4.399170e+00  -9.911061e-01   1.330975e-01   0.000000e+00  -8.362888e-01  -6.227271e+00   0.000000e+00
0     4.499147e+00   0.000000e+00   0.000000e+00   0.000000e+00   0.000000e+00   0.000000e+00   0.000000e+00
1     4.499147e+00  -8.801264e-01  -4.747477e-01   0.000000e+00   2.982908e+00  -5.529962e+00   0.000000e+00
0     4.599124e+00   0.000000e+00   0.000000e+00   0.000000e+00   0.000000e+00   0.000000e+00   0.000000e+00
1     4.599124e+00  -4.331206e-01  -9.013394e-01   0.000000e+00   5.663262e+00  -2.721349e+00   0.000000e+00
0     4.699103e+00   0.000000e+00   0.000000e+00   0.000000e+00   0.000000e+00   0.000000e+00   0.000000e+00
1     4.699103e+00   1.792596e-01  -9.838027e-01   0.000000e+00   6.181408e+00   1.126347e+00   0.000000e+00
0     4.799084e+00   0.000000e+00   0.000000e+00   0.000000e+00   0.000000e+00   0.000000e+00   0.000000e+00
1     4.799084e+00   7.232034e-01  -6.906324e-01   0.000000e+00   4.339375e+00   4.544063e+00   0.000000e+00
0     4.899065e+00   0.000000e+00   0.000000e+00   0.000000e+00   0.000000e+00   0.000000e+00   0.000000e+00
1     4.899065e+00   9.910098e-01  -1.337588e-01   0.000000e+00   8.404229e-01   6.226760e+00   0.000000e+00
0     4.999045e+00   0.000000e+00   0.000000e+00   0.000000e+00   0.000000e+00   0.000000e+00   0.000000e+00
1     4.999045e+00   8.804207e-01   4.741829e-01   0.000000e+00  -2.979413e+00   5.531909e+00   0.000000e+00
0     5.099023e+00   0.000000e+00   0.000000e+00   0.000000e+00   0.000000e+00   0.000000e+00   0.000000e+00
1     5.099023e+00   4.336718e-01   9.010663e-01   0.000000e+00  -5.661614e+00   2.724881e+00   0.000000e+00
0     5.199001e+00   0.000000e+00   0.000000e+00   0.000000e+00   0.000000e+00   0.000000e+00   0.000000e+00
1     5.199001e+00  -1.786543e-01   9.839099e-01   0.000000e+00  -6.182126e+00  -1.122498e+00   0.000000e+00
0     5.298979e+00   0.000000e+00   0.000000e+00   0.000000e+00   0.000000e+00   0.000000e+00   0.000000e+00
1     5.298979e+00  -7.227686e-01   6.910913e-01   0.000000e+00  -4.342273e+00  -4.541270e+00   0.000000e+00
0     5.398957e+00   0.000000e+00   0.000000e+00   0.000000e+00   0.000000e+00   0.000000e+00   0.000000e+00
1     5.398957e+00  -9.909289e-01   1.344091e-01   0.000000e+00  -8.445299e-01  -6.226159e+00   0.000000e+00
0     5.498936e+00   0.000000e+00   0.000000e+00   0.000000e+00   0.000000e+00   0.000000e+00   0.000000e+00
1     5.498936e+00  -8.807466e-01  -4.735958e-01   0.000000e+00   2.975672e+00  -5.533860e+00   0.000000e+00
0     5.598916e+00   0.000000e+00   0.000000e+00   0.000000e+00   0.000000e+00   0.000000e+00   0.000000e+00
1     5.598916e+00  -4.342837e-01  -9.007795e-01   0.000000e+00   5.659745e+00  -2.728657e+00   0.000000e+00
0     5.698896e+00   0.000000e+00   0.000000e+00   0.000000e+00   0.000000e+00   0.000000e+00   0.000000e+00
1     5.698896e+00   1.779952e-01  -9.840321e-01   0.000000e+00   6.182850e+00   1.118403e+00   0.000000e+00
0     5.798875e+00   0.000000e+00   0.000000e+00   0.000000e+00   0.000000e+00   0.000000e+00   0.000000e+00
1     5.798875e+00   7.223098e-01  -6.915668e-01   0.000000e+00   4.345246e+00   4.538449e+00   0.000000e+00
0     5.898854e+00   0.000000e+00   0.000000e+00   0.000000e+00   0.000000e+00   0.000000e+00   0.000000e+00
1     5.898854e+00   9.908339e-01  -1.350546e-01   0.000000e+00   8.485650e-01   6.225656e+00   0.000000e+00
0     5.998832e+00   0.000000e+00   0.000000e+00   0.000000e+00   0.000000e+00   0.000000e+00   0.000000e+00
1     5.998832e+00   8.810455e-01   4.730208e-01   0.000000e+00  -2.972112e+00   5.535836e+00   0.000000e+00
0     6.098810e+00   0.000000e+00   0.000000e+00   0.000000e+00   0.000000e+00   0.000000e+00   0.000000e+00
1     6.098810e+00   4.348634e-01   9.004917e-01   0.000000e+00  -5.658005e+00   2.732369e+00   0.000000e+00
0     6.198789e+00   0.000000e+00   0.000000e+00   0.000000e+00   0.000000e+00   0.000000e+00   0.000000e+00
1     6.198789e+00  -1.773569e-01   9.841445e-01   0.000000e+00  -6.183601e+00  -1.114346e+00   0.000000e+00
0     6.298768e+00   0.000000e+00   0.000000e+00   0.000000e+00   0.000000e+00   0.000000e+00   0.000000e+00
1     6.298768e+00  -7.218621e-01   6.920378e-01   0.000000e+00  -4.348221e+00  -4.535576e+00   0.000000e+00
0     6.398747e+00   0.000000e+00   0.000000e+00   0.000000e+00   0.000000e+00   0.000000e+00   0.000000e+00
1     6.398747e+00  -9.907525e-01   1.357024e-01   0.000000e+00  -8.526561e-01  -6.225052e+00   0.000000e+00
0     6.498726e+00   0.000000e+00   0.000000e+00   0.000000e+00   0.000000e+00   0.000000e+00   0.000000e+00
1     6.498726e+00  -8.813644e-01  -4.724450e-01   0.000000e+00   2.968441e+00  -5.537742e+00   0.000000e+00
0     6.598705e+00   0.000000e+00   0.000000e+00   0.000000e+00   0.000000e+00   0.000000e+00   0.000000e+00
1     6.598705e+00  -4.354657e-01  -9.002085e-01   0.000000e+00   5.656159e+00  -2.736085e+00   0.000000e+00
0     6.698683e+00   0.000000e+00   0.000000e+00   0.000000e+00   0.000000e+00   0.000000e+00   0.000000e+00
1     6.698683e+00   1.766959e-01  -9.842662e-01   0.000000e+00   6.184322e+00   1.110239e+00   0.000000e+00
0     6.798662e+00   0.000000e+00   0.000000e+00   0.000000e+00   0.000000e+00   0.000000e+00   0.000000e+00
1     6.798662e+00   7.213936e-01  -6.925223e-01   0.000000e+00   4.351251e+00   4.532693e+00   0.000000e+00
0     6.898641e+00   0.000000e+00   0.000000e+00   0.000000e+00   0.000000e+00   0.000000e+00   0.000000e+00
1     6.898641e+00   9.906543e-01  -1.363646e-01   0.000000e+00   8.567961e-01   6.224529e+00   0.000000e+00
0     6.998619e+00   0.000000e+00   0.000000e+00   0.000000e+00   0.000000e+00   0.000000e+00   0.000000e+00
1     6.998619e+00   8.816682e-01   4.718589e-01   0.000000e+00  -2.964812e+00   5.539749e+00   0.000000e+00
0     7.098598e+00   0.000000e+00   0.000000e+00   0.000000e+00   0.000000e+00   0.000000e+00   0.000000e+00
1     7.098598e+00   4.360471e-01   8.999190e-01   0.000000e+00  -5.654408e+00   2.739807e+00   0.000000e+00
0     7.198577e+00   0.000000e+00   0.000000e+00   0.000000e+00   0.000000e+00   0.000000e+00   0.000000e+00
1     7.198577e+00  -1.760635e-01   9.843765e-01   0.000000e+00  -6.185060e+00  -1.106220e+00   0.000000e+00
0     7.298556e+00   0.000000e+00   0.000000e+00   0.000000e+00   0.000000e+00   0.000000e+00   0.000000e+00
1     7.298556e+00  -7.209509e-01   6.929869e-01   0.000000e+00  -4.354185e+00  -4.529851e+00   0.000000e+00
0     7.398534e+00   0.000000e+00   0.000000e+00   0.000000e+00   0.000000e+00   0.000000e+00   0.000000e+00
1     7.398534e+00  -9.905726e-01   1.370088e-01   0.000000e+00  -8.608641e-01  -6.223923e+00   0.000000e+00
0     7.498513e+00   0.000000e+00   0.000000e+00   0.000000e+00   0.000000e+00   0.000000e+00   0.000000e+00
1     7.498513e+00  -8.819875e-01  -4.712803e-01   0.000000e+00   2.961124e+00  -5.541658e+00   0.000000e+00
0     7.598491e+00   0.000000e+00   0.000000e+00   0.000000e+00   0.000000e+00   0.000000e+00   0.000000e+00
1     7.598491e+00  -4.366545e-01  -8.996323e-01   0.000000e+00   5.652540e+00  -2.743555e+00   0.000000e+00
0     7.698470e+00   0.000000e+00   0.000000e+00   0.000000e+00   0.000000e+00   0.000000e+00   0.000000e+00
1     7.698470e+00   1.753970e-01  -9.844983e-01   0.000000e+00   6.185782e+00   1.102078e+00   0.000000e+00
0     7.798449e+00   0.000000e+00   0.000000e+00   0.000000e+00   0.000000e+00   0.000000e+00   0.000000e+00
1     7.798449e+00   7.204799e-01  -6.934726e-01   0.000000e+00   4.357222e+00   4.526953e+00   0.000000e+00
0     7.898428e+00   0.000000e+00   0.000000e+00   0.000000e+00   0.000000e+00   0.000000e+00   0.000000e+00
1     7.898428e+00   9.904736e-01  -1.376703e-01   0.000000e+00   8.650002e-01   6.223395e+00   0.000000e+00
0     7.998407e+00   0.000000e+00   0.000000e+00   0.000000e+00   0.000000e+00   0.000000e+00   0.000000e+00
1     7.998407e+00   8.822897e-01   4.706955e-01   0.000000e+00  -2.957503e+00   5.543655e+00   0.000000e+00
0     8.098385e+00   0.000000e+00   0.000000e+00   0.000000e+00   0.000000e+00   0.000000e+00   0.000000e+00
1     8.098385e+00   4.372347e-01   8.993424e-01   0.000000e+00  -5.650786e+00   2.747269e+00   0.000000e+00
0     8.198364e+00   0.000000e+00   0.000000e+00   0.000000e+00   0.000000e+00   0.000000e+00   0.000000e+00
1     8.198364e+00  -1.747632e-01   9.846081e-01   0.000000e+00  -6.186516e+00  -1.098050e+00   0.000000e+00
0     8.298343e+00   0.000000e+00   0.000000e+00   0.000000e+00   0.000000e+00   0.000000e+00   0.000000e+00
1     8.298343e+00  -7.200356e-01   6.939377e-01   0.000000e+00  -4.360160e+00  -4.524101e+00   0.000000e+00
0     8.398322e+00   0.000000e+00   0.000000e+00   0.000000e+00   0.000000e+00   0.000000e+00   0.000000e+00
1     8.398322e+00  -9.903911e-01   1.383136e-01   0.000000e+00  -8.690627e-01  -6.222784e+00   0.000000e+00
0     8.498300e+00   0.000000e+00   0.000000e+00   0.000000e+00   0.000000e+00   0.000000e+00   0.000000e+00
1     8.498300e+00  -8.826067e-01  -4.701196e-01   0.000000e+00   2.953831e+00  -5.545549e+00   0.000000e+00
0     8.598279e+00   0.000000e+00   0.000000e+00   0.000000e+00   0.000000e+00   0.000000e+00   0.000000e+00
1     8.598279e+00  -4.378377e-01  -8.990570e-01   0.000000e+00   5.648925e+00  -2.750989e+00   0.000000e+00
0     8.698257e+00   0.000000e+00   0.000000e+00   0.000000e+00   0.000000e+00   0.000000e+00   0.000000e+00
1     8.698257e+00   1.740990e-01  -9.847286e-01   0.000000e+00   6.187230e+00   1.093923e+00   0.000000e+00
0     8.799990e+00   0.000000e+00   0.000000e+00   0.000000e+00   0.000000e+00   0.000000e+00   0.000000e+00
1     8.799990e+00   7.271727e-01  -6.864511e-01   0.000000e+00   4.313106e+00   4.569006e+00   0.000000e+00
0     8.899969e+00   0.000000e+00   0.000000e+00   0.000000e+00   0.000000e+00   0.000000e+00   0.000000e+00
1     8.899969e+00   9.917622e-01  -1.280565e-01   0.000000e+00   8.045949e-01   6.231493e+00   0.000000e+00
0     8.999948e+00   0.000000e+00   0.000000e+00   0.000000e+00   0.000000e+00   0.000000e+00   0.000000e+00
1     8.999948e+00   8.776814e-01   4.792331e-01   0.000000e+00  -3.011147e+00   5.514702e+00   0.000000e+00
0     9.099927e+00   0.000000e+00   0.000000e+00   0.000000e+00   0.000000e+00   0.000000e+00   0.000000e+00
1     9.099927e+00   4.284859e-01   9.035433e-01   0.000000e+00  -5.677182e+00   2.692299e+00   0.000000e+00
0     9.199905e+00   0.000000e+00   0.000000e+00   0.000000e+00   0.000000e+00   0.000000e+00   0.000000e+00
1     9.199905e+00  -1.843126e-01   9.828652e-01   0.000000e+00  -6.175566e+00  -1.158051e+00   0.000000e+00
0     9.299884e+00   0.000000e+00   0.000000e+00   0.000000e+00   0.000000e+00   0.000000e+00   0.000000e+00
1     9.299884e+00  -7.267371e-01   6.869161e-01   0.000000e+00  -4.316043e+00  -4.566208e+00   0.000000e+00
0     9.399863e+00   0.000000e+00   0.000000e+00   0.000000e+00   0.000000e+00   0.000000e+00   0.000000e+00
1     9.399863e+00  -9.916865e-01   1.286970e-01   0.000000e+00  -8.086402e-01  -6.230924e+00   0.000000e+00
0     9.499841e+00   0.000000e+00   0.000000e+00   0.000000e+00   0.000000e+00   0.000000e+00   0.000000e+00
1     9.499841e+00  -8.780046e-01  -4.786591e-01   0.000000e+00   3.007487e+00  -5.516635e+00   0.000000e+00
0     9.599820e+00   0.000000e+00   0.000000e+00   0.000000e+00   0.000000e+00   0.000000e+00   0.000000e+00
1     9.599820e+00  -4.290962e-01  -9.032615e-01   0.000000e+00   5.675345e+00  -2.696066e+00   0.000000e+00
0     9.699798e+00   0.000000e+00   0.000000e+00   0.000000e+00   0.000000e+00   0.000000e+00   0.000000e+00
1     9.699798e+00   1.836450e-01  -9.829929e-01   0.000000e+00   6.176325e+00   1.153902e+00   0.000000e+00
0     9.799777e+00   0.000000e+00   0.000000e+00   0.000000e+00   0.000000e+00   0.000000e+00   0.000000e+00
1     9.799777e+00   7.262693e-01  -6.874067e-01   0.000000e+00   4.319111e+00   4.563331e+00   0.000000e+00
0     9.899756e+00   0.000000e+00   0.000000e+00   0.000000e+00   0.000000e+00   0.000000e+00   0.000000e+00
1     9.899756e+00   9.915931e-01  -1.293585e-01   0.000000e+00   8.127756e-01   6.230431e+00   0.000000e+00
0     9.999735e+00   0.000000e+00   0.000000e+00   0.000000e+00   0.000000e+00   0.000000e+00   0.000000e+00
1     9.999735e+00   8.783098e-01   4.780801e-01   0.000000e+00  -3.003903e+00   5.518651e+00   0.000000e+00
0     1.009971e+01   0.000000e+00   0.000000e+00   0.000000e+00   0.000000e+00   0.000000e+00   0.000000e+00
1     1.009971e+01   4.296737e-01   9.029789e-01   0.000000e+00  -5.673637e+00   2.699763e+00   0.000000e+00
0     1.019969e+01   0.000000e+00   0.000000e+00   0.000000e+00   0.000000e+00   0.000000e+00   0.000000e+00
1     1.019969e+01  -1.830176e-01   9.831070e-01   0.000000e+00  -6.177087e+00  -1.149914e+00   0.000000e+00
0     1.029967e+01   0.000000e+00   0.000000e+00   0.000000e+00   0.000000e+00   0.000000e+00   0.000000e+00
1     1.029967e+01  -7.258307e-01   6.878736e-01   0.000000e+00  -4.322060e+00  -4.560514e+00   0.000000e+00
0     1.039965e+01   0.000000e+00   0.000000e+00   0.000000e+00   0.000000e+00   0.000000e+00   0.000000e+00
1     1.039965e+01  -9.915159e-01   1.300034e-01   0.000000e+00  -8.168487e-01  -6.229853e+00   0.000000e+00
0     1.049963e+01   0.000000e+00   0.000000e+00   0.000000e+00   0.000000e+00   0.000000e+00   0.000000e+00
1     1.049963e+01  -8.786333e-01  -4.775039e-01   0.000000e+00   3.000229e+00  -5.520586e+00   0.000000e+00
0     1.059961e+01   0.000000e+00   0.000000e+00   0.000000e+00   0.000000e+00   0.000000e+00   0.000000e+00
1     1.059961e+01  -4.302819e-01  -9.026972e-01   0.000000e+00   5.671800e+00  -2.703516e+00   0.000000e+00
0     1.069959e+01   0.000000e+00   0.000000e+00   0.000000e+00   0.000000e+00   0.000000e+00   0.000000e+00
1     1.069959e+01   1.823548e-01  -9.832329e-01   0.000000e+00   6.177835e+00   1.145796e+00   0.000000e+00
0     1.079956e+01   0.000000e+00   0.000000e+00   0.000000e+00   0.000000e+00   0.000000e+00   0.000000e+00
1     1.079956e+01   7.253658e-01  -6.883598e-01   0.000000e+00   4.325100e+00   4.557655e+00   0.000000e+00
0     1.089954e+01   0.000000e+00   0.000000e+00   0.000000e+00   0.000000e+00   0.000000e+00   0.000000e+00
1     1.089954e+01   9.914220e-01  -1.306622e-01   0.000000e+00   8.209673e-01   6.229358e+00   0.000000e+00
0     1.099952e+01   0.000000e+00   0.000000e+00   0.000000e+00   0.000000e+00   0.000000e+00   0.000000e+00
1     1.099952e+01   8.789382e-01   4.769237e-01   0.000000e+00  -2.996637e+00   5.522600e+00   0.000000e+00
0     1.109950e+01   0.000000e+00   0.000000e+00   0.000000e+00   0.000000e+00   0.000000e+00   0.000000e+00
1     1.109950e+01   4.308618e-01   9.024125e-01   0.000000e+00  -5.670079e+00   2.707229e+00   0.000000e+00
0     1.119948e+01   0.000000e+00   0.000000e+00   0.000000e+00   0.000000e+00   0.000000e+00   0.000000e+00
1     1.119948e+01  -1.817244e-01   9.833468e-01   0.000000e+00  -6.178594e+00  -1.141789e+00   0.000000e+00
0     1.129946e+01   0.000000e+00   0.000000e+00   0.000000e+00   0.000000e+00   0.000000e+00   0.000000e+00
1     1.129946e+01  -7.249263e-01   6.888265e-01   0.000000e+00  -4.328048e+00  -4.554832e+00   0.000000e+00
0     1.139944e+01   0.000000e+00   0.000000e+00   0.000000e+00   0.000000e+00   0.000000e+00   0.000000e+00
1     1.139944e+01  -9.913443e-01   1.313048e-01   0.000000e+00  -8.250260e-01  -6.228776e+00   0.000000e+00
0     1.149942e+01   0.000000e+00   0.000000e+00   0.000000e+00   0.000000e+00   0.000000e+00   0.000000e+00
1     1.149942e+01  -8.792591e-01  -4.763502e-01   0.000000e+00   2.992981e+00  -5.524520e+00   0.000000e+00
0     1.159939e+01   0.000000e+00   0.000000e+00   0.000000e+00   0.000000e+00   0.000000e+00   0.000000e+00
1     1.159939e+01  -4.314667e-01  -9.021313e-01   0.000000e+00   5.668246e+00  -2.710961e+00   0.000000e+00
0     1.169937e+01   0.000000e+00   0.000000e+00   0.000000e+00   0.000000e+00   0.000000e+00   0.000000e+00
1     1.169937e+01   1.810628e-01  -9.834715e-01   0.000000e+00   6.179335e+00   1.137678e+00   0.000000e+00
0     1.179935e+01   0.000000e+00   0.000000e+00   0.000000e+00   0.000000e+00   0.000000e+00   0.000000e+00
1     1.179935e+01   7.244603e-01  -6.893125e-01   0.000000e+00   4.331087e+00   4.551966e+00   0.000000e+00
0     1.189933e+01   0.000000e+00   0.000000e+00   0.000000e+00   0.000000e+00   0.000000e+00   0.000000e+00
1     1.189933e+01   9.912493e-01  -1.319651e-01   0.000000e+00   8.291537e-01   6.228274e+00   0.000000e+00
0     1.199931e+01   0.000000e+00   0.000000e+00   0.000000e+00   0.000000e+00   0.000000e+00   0.000000e+00
1     1.199931e+01   8.795639e-01   4.757685e-01   0.000000e+00  -2.989380e+00   5.526533e+00   0.000000e+00
0     1.209929e+01   0.000000e+00   0.000000e+00   0.000000e+00   0.000000e+00   0.000000e+00   0.000000e+00
1     1.209929e+01   4.320464e-01   9.018458e-01   0.000000e+00  -5.666520e+00   2.714672e+00   0.000000e+00
0     1.219927e+01   0.000000e+00   0.000000e+00   0.000000e+00   0.000000e+00   0.000000e+00   0.000000e+00
1     1.219927e+01  -1.804333e-01   9.835843e-01   0.000000e+00  -6.180088e+00  -1.133677e+00   0.000000e+00
0     1.229925e+01   0.000000e+00   0.000000e+00   0.000000e+00   0.000000e+00   0.000000e+00   0.000000e+00
1     1.229925e+01  -7.240214e-01   6.897774e-01   0.000000e+00  -4.334023e+00  -4.549147e+00   0.000000e+00
0     1.239922e+01   0.000000e+00   0.000000e+00   0.000000e+00   0.000000e+00   0.000000e+00   0.000000e+00
1     1.239922e+01  -9.911709e-01   1.326062e-01   0.000000e+00  -8.332029e-01  -6.227688e+00   0.000000e+00
0     1.249920e+01   0.000000e+00   0.000000e+00   0.000000e+00   0.000000e+00   0.000000e+00   0.000000e+00
1     1.249920e+01  -8.798837e-01  -4.751953e-01   0.000000e+00   2.985725e+00  -5.528445e+00   0.000000e+00
0     1.259918e+01   0.000000e+00   0.000000e+00   0.000000e+00   0.000000e+00   0.000000e+00   0.000000e+00
1     1.259918e+01  -4.326506e-01  -9.015640e-01   0.000000e+00   5.664682e+00  -2.718400e+00   0.000000e+00
0     1.269916e+01   0.000000e+00   0.000000e+00   0.000000e+00   0.000000e+00   0.000000e+00   0.000000e+00
1     1.269916e+01   1.797718e-01  -9.837082e-01   0.000000e+00   6.180823e+00   1.129567e+00   0.000000e+00
0     1.279914e+01   0.000000e+00   0.000000e+00   0.000000e+00   0.000000e+00   0.000000e+00   0.000000e+00
1     1.279914e+01   7.235550e-01  -6.902626e-01   0.000000e+00   4.337057e+00   4.546279e+00   0.000000e+00
0     1.289912e+01   0.000000e+00   0.000000e+00   0.000000e+00   0.000000e+00   0.000000e+00   0.000000e+00
1     1.289912e+01   9.910752e-01  -1.332658e-01   0.000000e+00   8.373268e-01   6.227180e+00   0.000000e+00
0     1.299910e+01   0.000000e+00   0.000000e+00   0.000000e+00   0.000000e+00   0.000000e+00   0.000000e+00
1     1.299910e+01   8.801875e-01   4.746136e-01   0.000000e+00  -2.982124e+00   5.530452e+00   0.000000e+00
0     1.309908e+01   0.000000e+00   0.000000e+00   0.000000e+00   0.000000e+00   0.000000e+00   0.000000e+00
1     1.309908e+01   4.332296e-01   9.012778e-01   0.000000e+00  -5.662952e+00   2.722107e+00   0.000000e+00
0     1.319905e+01   0.000000e+00   0.000000e+00   0.000000e+00   0.000000e+00   0.000000e+00   0.000000e+00
1     1.319905e+01  -1.791424e-01   9.838201e-01   0.000000e+00  -6.181571e+00  -1.125566e+00   0.000000e+00
0     1.329903e+01   0.000000e+00   0.000000e+00   0.000000e+00   0.000000e+00   0.000000e+00   0.000000e+00
1     1.329903e+01  -7.231158e-01   6.907265e-01   0.000000e+00  -4.339988e+00  -4.543458e+00   0.000000e+00
0     1.339901e+01   0.000000e+00   0.000000e+00   0.000000e+00   0.000000e+00   0.000000e+00   0.000000e+00
1     1.339901e+01  -9.909960e-01   1.339059e-01   0.000000e+00  -8.413693e-01  -6.226590e+00   0.000000e+00
0     1.349899e+01   0.000000e+00   0.000000e+00   0.000000e+00   0.000000e+00   0.000000e+00   0.000000e+00
1     1.349899e+01  -8.805060e-01  -4.740411e-01   0.000000e+00   2.978474e+00  -5.532356e+00   0.000000e+00
0     1.359897e+01   0.000000e+00   0.000000e+00   0.000000e+00   0.000000e+00   0.000000e+00   0.000000e+00
1     1.359897e+01  -4.338326e-01  -9.009957e-01   0.000000e+00   5.661112e+00  -2.725827e+00   0.000000e+00
0     1.369895e+01   0.000000e+00   0.000000e+00   0.000000e+00   0.000000e+00   0.000000e+00   0.000000e+00
1     1.369895e+01   1.784811e-01  -9.839431e-01   0.000000e+00   6.182300e+00   1.121457e+00   0.000000e+00
0     1.379893e+01   0.000000e+00   0.000000e+00   0.000000e+00   0.000000e+00   0.000000e+00   0.000000e+00
1     1.379893e+01   7.226487e-01  -6.912112e-01   0.000000e+00   4.343018e+00   4.540585e+00   0.000000e+00
0     1.389891e+01   0.000000e+00   0.000000e+00   0.000000e+00   0.000000e+00   0.000000e+00   0.000000e+00
1     1.389891e+01   9.908994e-01  -1.345658e-01   0.000000e+00   8.454946e-01   6.226077e+00   0.000000e+00
0     1.399888e+01   0.000000e+00   0.000000e+00   0.000000e+00   0.000000e+00   0.000000e+00   0.000000e+00
1     1.399888e+01   8.808089e-01   4.734590e-01   0.000000e+00  -2.974870e+00   5.534358e+00   0.000000e+00
0     1.409886e+01   0.000000e+00   0.000000e+00   0.000000e+00   0.000000e+00   0.000000e+00   0.000000e+00
1     1.409886e+01   4.344105e-01   9.007091e-01   0.000000e+00  -5.659380e+00   2.729528e+00   0.000000e+00
0     1.419884e+01   0.000000e+00   0.000000e+00   0.000000e+00   0.000000e+00   0.000000e+00   0.000000e+00
1     1.419884e+01  -1.778529e-01   9.840539e-01   0.000000e+00  -6.183041e+00  -1.117465e+00   0.000000e+00
0     1.429882e+01   0.000000e+00   0.000000e+00   0.000000e+00   0.000000e+00   0.000000e+00   0.000000e+00
1     1.429882e+01  -7.222098e-01   6.916736e-01   0.000000e+00  -4.345939e+00  -4.537766e+00   0.000000e+00
0     1.439880e+01   0.000000e+00   0.000000e+00   0.000000e+00   0.000000e+00   0.000000e+00   0.000000e+00
1     1.439880e+01  -9.908195e-01   1.352049e-01   0.000000e+00  -8.495316e-01  -6.225482e+00   0.000000e+00
0     1.449878e+01   0.000000e+00   0.000000e+00   0.000000e+00   0.000000e+00   0.000000e+00   0.000000e+00
1     1.449878e+01  -8.811266e-01  -4.728861e-01   0.000000e+00   2.971217e+00  -5.536256e+00   0.000000e+00
0     1.459876e+01   0.000000e+00   0.000000e+00   0.000000e+00   0.000000e+00   0.000000e+00   0.000000e+00
1     1.459876e+01  -4.350134e-01  -9.004260e-01   0.000000e+00   5.657534e+00  -2.733247e+00   0.000000e+00
0     1.469873e+01   0.000000e+00   0.000000e+00   0.000000e+00   0.000000e+00   0.000000e+00   0.000000e+00
1     1.469873e+01   1.771914e-01  -9.841761e-01   0.000000e+00   6.183765e+00   1.113354e+00   0.000000e+00
0     1.479871e+01   0.000000e+00   0.000000e+00   0.000000e+00   0.000000e+00   0.000000e+00   0.000000e+00
1     1.479871e+01   7.217424e-01  -6.921572e-01   0.000000e+00   4.348963e+00   4.534892e+00   0.000000e+00
0     1.489869e+01   0.000000e+00   0.000000e+00   0.000000e+00   0.000000e+00   0.000000e+00   0.000000e+00
1     1.489869e+01   9.907221e-01  -1.358635e-01   0.000000e+00   8.536489e-01   6.224965e+00   0.000000e+00
0     1.499867e+01   0.000000e+00   0.000000e+00   0.000000e+00   0.000000e+00   0.000000e+00   0.000000e+00
1     1.499867e+01   8.814282e-01   4.723048e-01   0.000000e+00  -2.967618e+00   5.538250e+00   0.000000e+00
0     1.509865e+01   0.000000e+00   0.000000e+00   0.000000e+00   0.000000e+00   0.000000e+00   0.000000e+00
1     1.509865e+01   4.355901e-01   9.001391e-01   0.000000e+00  -5.655800e+00   2.736939e+00   0.000000e+00
0     1.519863e+01   0.000000e+00   0.000000e+00   0.000000e+00   0.000000e+00   0.000000e+00   0.000000e+00
1     1.519863e+01  -1.765633e-01   9.842860e-01   0.000000e+00  -6.184501e+00  -1.109362e+00   0.000000e+00
0     1.529861e+01   0.000000e+00   0.000000e+00   0.000000e+00   0.000000e+00   0.000000e+00   0.000000e+00
1     1.529861e+01  -7.213028e-01   6.926192e-01   0.000000e+00  -4.351881e+00  -4.532069e+00   0.000000e+00
0     1.539859e+01   0.000000e+00   0.000000e+00   0.000000e+00   0.000000e+00   0.000000e+00   0.000000e+00
1     1.539859e+01  -9.906414e-01   1.365028e-01   0.000000e+00  -8.576862e-01  -6.224365e+00   0.000000e+00
0     1.549856e+01   0.000000e+00   0.000000e+00   0.000000e+00   0.000000e+00   0.000000e+00   0.000000e+00
1     1.549856e+01  -8.817450e-01  -4.717318e-01   0.000000e+00   2.963965e+00  -5.540143e+00   0.000000e+00
0     1.559854e+01   0.000000e+00   0.000000e+00   0.000000e+00   0.000000e+00   0.000000e+00   0.000000e+00
1     1.559854e+01  -4.361918e-01  -8.998556e-01   0.000000e+00   5.653951e+00  -2.740652e+00   0.000000e+00
0     1.569852e+01   0.000000e+00   0.000000e+00   0.000000e+00   0.000000e+00   0.000000e+00   0.000000e+00
1     1.569852e+01   1.759029e-01  -9.844070e-01   0.000000e+00   6.185218e+00   1.105259e+00   0.000000e+00
0     1.579850e+01   0.000000e+00   0.000000e+00   0.000000e+00   0.000000e+00   0.000000e+00   0.000000e+00
1     1.579850e+01   7.208357e-01  -6.931013e-01   0.000000e+00   4.354896e+00   4.529195e+00   0.000000e+00
0     1.589848e+01   0.000000e+00   0.000000e+00   0.000000e+00   0.000000e+00   0.000000e+00   0.000000e+00
1     1.589848e+01   9.905433e-01  -1.371603e-01   0.000000e+00   8.617971e-01   6.223842e+00   0.000000e+00
0     1.599846e+01   0.000000e+00   0.000000e+00   0.000000e+00   0.000000e+00   0.000000e+00   0.000000e+00
1     1.599846e+01   8.820456e-01   4.711504e-01   0.000000e+00  -2.960366e+00   5.542131e+00   0.000000e+00
0     1.609844e+01   0.000000e+00   0.000000e+00   0.000000e+00   0.000000e+00   0.000000e+00   0.000000e+00
1     1.609844e+01   4.367680e-01   8.995680e-01   0.000000e+00  -5.652212e+00   2.744341e+00   0.000000e+00
0     1.619842e+01   0.000000e+00   0.000000e+00   0.000000e+00   0.000000e+00   0.000000e+00   0.000000e+00
1     1.619842e+01  -1.752749e-01   9.845161e-01   0.000000e+00  -6.185948e+00  -1.101267e+00   0.000000e+00
0     1.629839e+01   0.000000e+00   0.000000e+00   0.000000e+00   0.000000e+00   0.000000e+00   0.000000e+00
1     1.629839e+01  -7.203958e-01   6.935623e-01   0.000000e+00  -4.357808e+00  -4.526371e+00   0.000000e+00
0     1.639837e+01   0.000000e+00   0.000000e+00   0.000000e+00   0.000000e+00   0.000000e+00   0.000000e+00
1     1.639837e+01  -9.904619e-01   1.377986e-01   0.000000e+00  -8.658285e-01  -6.223238e+00   0.000000e+00
0     1.649835e+01   0.000000e+00   0.000000e+00   0.000000e+00   0.000000e+00   0.000000e+00   0.000000e+00
1     1.649835e+01  -8.823612e-01  -4.705779e-01   0.000000e+00   2.956716e+00  -5.544016e+00   0.000000e+00
0     1.659833e+01   0.000000e+00   0.000000e+00   0.000000e+00   0.000000e+00   0.000000e+00   0.000000e+00
1     1.659833e+01  -4.373684e-01  -8.992842e-01   0.000000e+00   5.650362e+00  -2.748045e+00   0.000000e+00
0     1.669831e+01   0.000000e+00   0.000000e+00   0.000000e+00   0.000000e+00   0.000000e+00   0.000000e+00
1     1.669831e+01   1.746151e-01  -9.846361e-01   0.000000e+00   6.186658e+00   1.097167e+00   0.000000e+00
0     1.679829e+01   0.000000e+00   0.000000e+00   0.000000e+00   0.000000e+00   0.000000e+00   0.000000e+00
1     1.679829e+01   7.199284e-01  -6.940435e-01   0.000000e+00   4.360817e+00   4.523496e+00   0.000000e+00
0     1.689827e+01   0.000000e+00   0.000000e+00   0.000000e+00   0.000000e+00   0.000000e+00   0.000000e+00
1     1.689827e+01   9.903629e-01  -1.384557e-01   0.000000e+00   8.699367e-01   6.222710e+00   0.000000e+00
0     1.700000e+01   0.000000e+00   0.000000e+00   0.000000e+00   0.000000e+00   0.000000e+00   0.000000e+00
1     1.700000e+01   8.774276e-01   4.796955e-01   0.000000e+00  -3.014057e+00   5.513115e+00   0.000000e+00
0     1.709998e+01   0.000000e+00   0.000000e+00   0.000000e+00   0.000000e+00   0.000000e+00   0.000000e+00
1     1.709998e+01   4.280096e-01   9.037679e-01   0.000000e+00  -5.678602e+00   2.689311e+00   0.000000e+00
0     1.719996e+01   0.000000e+00   0.000000e+00   0.000000e+00   0.000000e+00   0.000000e+00   0.000000e+00
1     1.719996e+01  -1.848296e-01   9.827671e-01   0.000000e+00  -6.174959e+00  -1.161301e+00   0.000000e+00
0     1.729994e+01   0.000000e+00   0.000000e+00   0.000000e+00   0.000000e+00   0.000000e+00   0.000000e+00
1     1.729994e+01  -7.270986e-01   6.865320e-01   0.000000e+00  -4.313636e+00  -4.568487e+00   0.000000e+00
0     1.739991e+01   0.000000e+00   0.000000e+00   0.000000e+00   0.000000e+00   0.000000e+00   0.000000e+00
1     1.739991e+01  -9.917535e-01   1.281713e-01   0.000000e+00  -8.053381e-01  -6.231355e+00   0.000000e+00
0     1.749989e+01   0.000000e+00   0.000000e+00   0.000000e+00   0.000000e+00   0.000000e+00   0.000000e+00
1     1.749989e+01  -8.777485e-01  -4.791265e-01   0.000000e+00   3.010429e+00  -5.515034e+00   0.000000e+00
0     1.759987e+01   0.000000e+00   0.000000e+00   0.000000e+00   0.000000e+00   0.000000e+00   0.000000e+00
1     1.759987e+01  -4.286123e-01  -9.034901e-01   0.000000e+00   5.676790e+00  -2.693030e+00   0.000000e+00
0     1.769985e+01   0.000000e+00   0.000000e+00   0.000000e+00   0.000000e+00   0.000000e+00   0.000000e+00
1     1.769985e+01   1.841715e-01  -9.828933e-01   0.000000e+00   6.175709e+00   1.157212e+00   0.000000e+00
0     1.779983e+01   0.000000e+00   0.000000e+00   0.000000e+00   0.000000e+00   0.000000e+00   0.000000e+00
1     1.779983e+01   7.266363e-01  -6.870172e-01   0.000000e+00   4.316670e+00   4.565644e+00   0.000000e+00
0     1.789981e+01   0.000000e+00   0.000000e+00   0.000000e+00   0.000000e+00   0.000000e+00   0.000000e+00
1     1.789981e+01   9.916610e-01  -1.288286e-01   0.000000e+00   8.094473e-01   6.230868e+00   0.000000e+00
0     1.799979e+01   0.000000e+00   0.000000e+00   0.000000e+00   0.000000e+00   0.000000e+00   0.000000e+00
1     1.799979e+01   8.780534e-01   4.785487e-01   0.000000e+00  -3.006852e+00   5.517049e+00   0.000000e+00
0     1.809977e+01   0.000000e+00   0.000000e+00   0.000000e+00   0.000000e+00   0.000000e+00   0.000000e+00
1     1.809977e+01   4.291898e-01   9.032079e-01   0.000000e+00  -5.675085e+00   2.696727e+00   0.000000e+00
0     1.819974e+01   0.000000e+00   0.000000e+00   0.000000e+00   0.000000e+00   0.000000e+00   0.000000e+00
1     1.819974e+01  -1.835457e-01   9.830075e-01   0.000000e+00  -6.176471e+00  -1.153235e+00   0.000000e+00
0     1.829972e+01   0.000000e+00   0.000000e+00   0.000000e+00   0.000000e+00   0.000000e+00   0.000000e+00
1     1.829972e+01  -7.262012e-01   6.874809e-01   0.000000e+00  -4.319599e+00  -4.562849e+00   0.000000e+00
0     1.839970e+01   0.000000e+00   0.000000e+00   0.000000e+00   0.000000e+00   0.000000e+00   0.000000e+00
1     1.839970e+01  -9.915852e-01   1.294662e-01   0.000000e+00  -8.134748e-01  -6.230298e+00   0.000000e+00
0     1.849968e+01   0.000000e+00   0.000000e+00   0.000000e+00   0.000000e+00   0.000000e+00   0.000000e+00
1     1.849968e+01  -8.783732e-01  -4.779799e-01   0.000000e+00   3.003225e+00  -5.518961e+00   0.000000e+00
0     1.859966e+01   0.000000e+00   0.000000e+00   0.000000e+00   0.000000e+00   0.000000e+00   0.000000e+00
1     1.859966e+01  -4.297916e-01  -9.029296e-01   0.000000e+00   5.673269e+00  -2.700440e+00   0.000000e+00
0     1.869964e+01   0.000000e+00   0.000000e+00   0.000000e+00   0.000000e+00   0.000000e+00   0.000000e+00
1     1.869964e+01   1.828880e-01  -9.831328e-01   0.000000e+00   6.177215e+00   1.149148e+00   0.000000e+00
0     1.879962e+01   0.000000e+00   0.000000e+00   0.000000e+00   0.000000e+00   0.000000e+00   0.000000e+00
1     1.879962e+01   7.257387e-01  -6.879652e-01   0.000000e+00   4.322627e+00   4.560005e+00   0.000000e+00
0     1.889960e+01   0.000000e+00   0.000000e+00   0.000000e+00   0.000000e+00   0.000000e+00   0.000000e+00
1     1.889960e+01   9.914919e-01  -1.301229e-01   0.000000e+00   8.175801e-01   6.229806e+00   0.000000e+00
0     1.899957e+01   0.000000e+00   0.000000e+00   0.000000e+00   0.000000e+00   0.000000e+00   0.000000e+00
1     1.899957e+01   8.786771e-01   4.774023e-01   0.000000e+00  -2.999649e+00   5.520969e+00   0.000000e+00
0     1.909955e+01   0.000000e+00   0.000000e+00   0.000000e+00   0.000000e+00   0.000000e+00   0.000000e+00
1     1.909955e+01   4.303681e-01   9.026469e-01   0.000000e+00  -5.671561e+00   2.704131e+00   0.000000e+00
0     1.919953e+01   0.000000e+00   0.000000e+00   0.000000e+00   0.000000e+00   0.000000e+00   0.000000e+00
1     1.919953e+01  -1.822629e-01   9.832460e-01   0.000000e+00  -6.177971e+00  -1.145174e+00   0.000000e+00
0     1.929951e+01   0.000000e+00   0.000000e+00   0.000000e+00   0.000000e+00   0.000000e+00   0.000000e+00
1     1.929951e+01  -7.253035e-01   6.884278e-01   0.000000e+00  -4.325549e+00  -4.557209e+00   0.000000e+00
0     1.939949e+01   0.000000e+00   0.000000e+00   0.000000e+00   0.000000e+00   0.000000e+00   0.000000e+00
1     1.939949e+01  -9.914153e-01   1.307599e-01   0.000000e+00  -8.216033e-01  -6.229232e+00   0.000000e+00
0     1.949947e+01   0.000000e+00   0.000000e+00   0.000000e+00   0.000000e+00   0.000000e+00   0.000000e+00
1     1.949947e+01  -8.789960e-01  -4.768334e-01   0.000000e+00   2.996022e+00  -5.522875e+00   0.000000e+00
0     1.959945e+01   0.000000e+00   0.000000e+00   0.000000e+00   0.000000e+00   0.000000e+00   0.000000e+00
1     1.959945e+01  -4.309691e-01  -9.023680e-01   0.000000e+00   5.669742e+00  -2.707839e+00   0.000000e+00
0     1.969942e+01   0.000000e+00   0.000000e+00   0.000000e+00   0.000000e+00   0.000000e+00   0.000000e+00
1     1.969942e+01   1.816055e-01  -9.833704e-01   0.000000e+00   6.178709e+00   1.141090e+00   0.000000e+00
0     1.979940e+01   0.000000e+00   0.000000e+00   0.000000e+00   0.000000e+00   0.000000e+00   0.000000e+00
1     1.979940e+01   7.248407e-01  -6.889110e-01   0.000000e+00   4.328571e+00   4.554364e+00   0.000000e+00
0     1.989938e+01   0.000000e+00   0.000000e+00   0.000000e+00   0.000000e+00   0.000000e+00   0.000000e+00
1     1.989938e+01   9.913213e-01  -1.314157e-01   0.000000e+00   8.257031e-01   6.228735e+00   0.000000e+00
0     1.999936e+01   0.000000e+00   0.000000e+00   0.000000e+00   0.000000e+00   0.000000e+00   0.000000e+00
1     1.999936e+01   8.792988e-01   4.762561e-01   0.000000e+00  -2.992448e+00   5.524876e+00   0.000000e+00
0     2.009934e+01   0.000000e+00   0.000000e+00   0.000000e+00   0.000000e+00   0.000000e+00   0.000000e+00
1     2.009934e+01   4.315445e-01   9.020849e-01   0.000000e+00  -5.668031e+00   2.711523e+00   0.000000e+00
0     2.019932e+01   0.000000e+00   0.000000e+00   0.000000e+00   0.000000e+00   0.000000e+00   0.000000e+00
1     2.019932e+01  -1.809808e-01   9.834827e-01   0.000000e+00  -6.179459e+00  -1.137119e+00   0.000000e+00
0     2.029930e+01   0.000000e+00   0.000000e+00   0.000000e+00   0.000000e+00   0.000000e+00   0.000000e+00
1     2.029930e+01  -7.244053e-01   6.893726e-01   0.000000e+00  -4.331487e+00  -4.551567e+00   0.000000e+00
0     2.039928e+01   0.000000e+00   0.000000e+00   0.000000e+00   0.000000e+00   0.000000e+00   0.000000e+00
1     2.039928e+01  -9.912439e-01   1.320521e-01   0.000000e+00  -8.297224e-01  -6.228156e+00   0.000000e+00
0     2.049925e+01   0.000000e+00   0.000000e+00   0.000000e+00   0.000000e+00   0.000000e+00   0.000000e+00
1     2.049925e+01  -8.796166e-01  -4.756874e-01   0.000000e+00   2.988822e+00  -5.526775e+00   0.000000e+00
0     2.059923e+01   0.000000e+00   0.000000e+00   0.000000e+00   0.000000e+00   0.000000e+00   0.000000e+00
1     2.059923e+01  -4.321446e-01  -9.018055e-01   0.000000e+00   5.666208e+00  -2.715225e+00   0.000000e+00
0     2.069921e+01   0.000000e+00   0.000000e+00   0.000000e+00   0.000000e+00   0.000000e+00   0.000000e+00
1     2.069921e+01   1.803239e-01  -9.836061e-01   0.000000e+00   6.180191e+00   1.133038e+00   0.000000e+00
0     2.079919e+01   0.000000e+00   0.000000e+00   0.000000e+00   0.000000e+00   0.000000e+00   0.000000e+00
1     2.079919e+01   7.239424e-01  -6.898547e-01   0.000000e+00   4.334501e+00   4.548720e+00   0.000000e+00
0     2.089917e+01   0.000000e+00   0.000000e+00   0.000000e+00   0.000000e+00   0.000000e+00   0.000000e+00
1     2.089917e+01   9.911491e-01  -1.327071e-01   0.000000e+00   8.338175e-01   6.227655e+00   0.000000e+00
0     2.099915e+01   0.000000e+00   0.000000e+00   0.000000e+00   0.000000e+00   0.000000e+00   0.000000e+00
1     2.099915e+01   8.799184e-01   4.751101e-01   0.000000e+00  -2.985248e+00   5.528770e+00   0.000000e+00
0     2.109913e+01   0.000000e+00   0.000000e+00   0.000000e+00   0.000000e+00   0.000000e+00   0.000000e+00
1     2.109913e+01   4.327192e-01   9.015219e-01   0.000000e+00  -5.664494e+00   2.718904e+00   0.000000e+00
0     2.119911e+01   0.000000e+00   0.000000e+00   0.000000e+00   0.000000e+00   0.000000e+00   0.000000e+00
1     2.119911e+01  -1.796996e-01   9.837174e-01   0.000000e+00  -6.180936e+00  -1.129069e+00   0.000000e+00
0     2.129908e+01   0.000000e+00   0.000000e+00   0.000000e+00   0.000000e+00   0.000000e+00   0.000000e+00
1     2.129908e+01  -7.235068e-01   6.903154e-01   0.000000e+00  -4.337411e+00  -4.545922e+00   0.000000e+00
0     2.139906e+01   0.000000e+00   0.000000e+00   0.000000e+00   0.000000e+00   0.000000e+00   0.000000e+00
1     2.139906e+01  -9.910709e-01   1.333427e-01   0.000000e+00  -8.378321e-01  -6.227071e+00   0.000000e+00
0     2.149904e+01   0.000000e+00   0.000000e+00   0.000000e+00   0.000000e+00   0.000000e+00   0.000000e+00
1     2.149904e+01  -8.802351e-01  -4.745416e-01   0.000000e+00   2.981623e+00  -5.530662e+00   0.000000e+00
0     2.159902e+01   0.000000e+00   0.000000e+00   0.000000e+00   0.000000e+00   0.000000e+00   0.000000e+00
1     2.159902e+01  -4.333183e-01  -9.012420e-01   0.000000e+00   5.662669e+00  -2.722600e+00   0.000000e+00
0     2.169900e+01   0.000000e+00   0.000000e+00   0.000000e+00   0.000000e+00   0.000000e+00   0.000000e+00
1     2.169900e+01   1.790432e-01  -9.838399e-01   0.000000e+00   6.181662e+00   1.124991e+00   0.000000e+00
0     2.179898e+01   0.000000e+00   0.000000e+00   0.000000e+00   0.000000e+00   0.000000e+00   0.000000e+00
1     2.179898e+01   7.230437e-01  -6.907964e-01   0.000000e+00   4.340419e+00   4.543074e+00   0.000000e+00
0     2.189896e+01   0.000000e+00   0.000000e+00   0.000000e+00   0.000000e+00   0.000000e+00   0.000000e+00
1     2.189896e+01   9.909754e-01  -1.339971e-01   0.000000e+00   8.419228e-01   6.226564e+00   0.000000e+00
0     2.199894e+01   0.000000e+00   0.000000e+00   0.000000e+00   0.000000e+00   0.000000e+00   0.000000e+00
1     2.199894e+01   8.805358e-01   4.739644e-01   0.000000e+00  -2.978050e+00   5.532651e+00   0.000000e+00
0     2.209891e+01   0.000000e+00   0.000000e+00   0.000000e+00   0.000000e+00   0.000000e+00   0.000000e+00
1     2.209891e+01   4.338920e-01   9.009578e-01   0.000000e+00  -5.660952e+00   2.726274e+00   0.000000e+00
0     2.219889e+01   0.000000e+00   0.000000e+00   0.000000e+00   0.000000e+00   0.000000e+00   0.000000e+00
1     2.219889e+01  -1.784194e-01   9.839503e-01   0.000000e+00  -6.182400e+00  -1.121026e+00   0.000000e+00
0     2.229887e+01   0.000000e+00   0.000000e+00   0.000000e+00   0.000000e+00   0.000000e+00   0.000000e+00
1     2.229887e+01  -7.226079e-01   6.912561e-01   0.000000e+00  -4.343323e+00  -4.540275e+00   0.000000e+00
0     2.239885e+01   0.000000e+00   0.000000e+00   0.000000e+00   0.000000e+00   0.000000e+00   0.000000e+00
1     2.239885e+01  -9.908965e-01   1.346320e-01   0.000000e+00  -8.459328e-01  -6.225976e+00   0.000000e+00
0     2.249883e+01   0.000000e+00   0.000000e+00   0.000000e+00   0.000000e+00   0.000000e+00   0.000000e+00
1     2.249883e+01  -8.808516e-01  -4.733960e-01   0.000000e+00   2.974426e+00  -5.534537e+00   0.000000e+00
0     2.259881e+01   0.000000e+00   0.000000e+00   0.000000e+00   0.000000e+00   0.000000e+00   0.000000e+00
1     2.259881e+01  -4.344902e-01  -9.006775e-01   0.000000e+00   5.659123e+00  -2.729964e+00   0.000000e+00
0     2.269879e+01   0.000000e+00   0.000000e+00   0.000000e+00   0.000000e+00   0.000000e+00   0.000000e+00
1     2.269879e+01   1.777635e-01  -9.840718e-01   0.000000e+00   6.183120e+00   1.116950e+00   0.000000e+00
0     2.279877e+01   0.000000e+00   0.000000e+00   0.000000e+00   0.000000e+00   0.000000e+00   0.000000e+00
1     2.279877e+01   7.221446e-01  -6.917361e-01   0.000000e+00   4.346324e+00   4.537426e+00   0.000000e+00
0     2.289874e+01   0.000000e+00   0.000000e+00   0.000000e+00   0.000000e+00   0.000000e+00   0.000000e+00
1     2.289874e+01   9.908002e-01  -1.352856e-01   0.000000e+00   8.500191e-01   6.225465e+00   0.000000e+00
0     2.299872e+01   0.000000e+00   0.000000e+00   0.000000e+00   0.000000e+00   0.000000e+00   0.000000e+00
1     2.299872e+01   8.811513e-01   4.728190e-01   0.000000e+00  -2.970854e+00   5.536519e+00   0.000000e+00
0     2.309870e+01   0.000000e+00   0.000000e+00   0.000000e+00   0.000000e+00   0.000000e+00   0.000000e+00
1     2.309870e+01   4.350629e-01   9.003928e-01   0.000000e+00  -5.657403e+00   2.733632e+00   0.000000e+00
0     2.319868e+01   0.000000e+00   0.000000e+00   0.000000e+00   0.000000e+00   0.000000e+00   0.000000e+00
1     2.319868e+01  -1.771401e-01   9.841813e-01   0.000000e+00  -6.183853e+00  -1.112988e+00   0.000000e+00
0     2.329866e+01   0.000000e+00   0.000000e+00   0.000000e+00   0.000000e+00   0.000000e+00   0.000000e+00
1     2.329866e+01  -7.217086e-01   6.921947e-01   0.000000e+00  -4.349221e+00  -4.534626e+00   0.000000e+00
0     2.339864e+01   0.000000e+00   0.000000e+00   0.000000e+00   0.000000e+00   0.000000e+00   0.000000e+00
1     2.339864e+01  -9.907205e-01   1.359198e-01   0.000000e+00  -8.540246e-01  -6.224871e+00   0.000000e+00
0     2.349862e+01   0.000000e+00   0.000000e+00   0.000000e+00   0.000000e+00   0.000000e+00   0.000000e+00
1     2.349862e+01  -8.814660e-01  -4.722508e-01   0.000000e+00   2.967231e+00  -5.538398e+00   0.000000e+00
0     2.359860e+01   0.000000e+00   0.000000e+00   0.000000e+00   0.000000e+00   0.000000e+00   0.000000e+00
1     2.359860e+01  -4.356602e-01  -9.001120e-01   0.000000e+00   5.655571e+00  -2.737316e+00   0.000000e+00
0     2.369857e+01   0.000000e+00   0.000000e+00   0.000000e+00   0.000000e+00   0.000000e+00   0.000000e+00
1     2.369857e+01   1.764846e-01  -9.843018e-01   0.000000e+00   6.184566e+00   1.108915e+00   0.000000e+00
0     2.379855e+01   0.000000e+00   0.000000e+00   0.000000e+00   0.000000e+00   0.000000e+00   0.000000e+00
1     2.379855e+01   7.212451e-01  -6.926737e-01   0.000000e+00   4.352216e+00   4.531775e+00   0.000000e+00
0     2.389853e+01   0.000000e+00   0.000000e+00   0.000000e+00   0.000000e+00   0.000000e+00   0.000000e+00
1     2.389853e+01   9.906234e-01  -1.365727e-01   0.000000e+00   8.581064e-01   6.224356e+00   0.000000e+00
0     2.399851e+01   0.000000e+00   0.000000e+00   0.000000e+00   0.000000e+00   0.000000e+00   0.000000e+00
1     2.399851e+01   8.817646e-01   4.716739e-01   0.000000e+00  -2.963660e+00   5.540374e+00   0.000000e+00
0     2.409849e+01   0.000000e+00   0.000000e+00   0.000000e+00   0.000000e+00   0.000000e+00   0.000000e+00
1     2.409849e+01   4.362320e-01   8.998269e-01   0.000000e+00  -5.653848e+00   2.740978e+00   0.000000e+00
0     2.419847e+01   0.000000e+00   0.000000e+00   0.000000e+00   0.000000e+00   0.000000e+00   0.000000e+00
1     2.419847e+01  -1.758617e-01   9.844104e-01   0.000000e+00  -6.185293e+00  -1.104955e+00   0.000000e+00
0     2.429845e+01   0.000000e+00   0.000000e+00   0.000000e+00   0.000000e+00   0.000000e+00   0.000000e+00
1     2.429845e+01  -7.208090e-01   6.931313e-01   0.000000e+00  -4.355107e+00  -4.528974e+00   0.000000e+00
0     2.439842e+01   0.000000e+00   0.000000e+00   0.000000e+00   0.000000e+00   0.000000e+00   0.000000e+00
1     2.439842e+01  -9.905430e-01   1.372061e-01   0.000000e+00  -8.621071e-01  -6.223758e+00   0.000000e+00
0     2.449840e+01   0.000000e+00   0.000000e+00   0.000000e+00   0.000000e+00   0.000000e+00   0.000000e+00
1     2.449840e+01  -8.820783e-01  -4.711058e-01   0.000000e+00   2.960037e+00  -5.542247e+00   0.000000e+00
0     2.459838e+01   0.000000e+00   0.000000e+00   0.000000e+00   0.000000e+00   0.000000e+00   0.000000e+00
1     2.459838e+01  -4.368284e-01  -8.995455e-01   0.000000e+00   5.652013e+00  -2.744656e+00   0.000000e+00
0     2.469836e+01   0.000000e+00   0.000000e+00   0.000000e+00   0.000000e+00   0.000000e+00   0.000000e+00
1     2.469836e+01   1.752066e-01  -9.845300e-01   0.000000e+00   6.186001e+00   1.100886e+00   0.000000e+00
0     2.479834e+01   0.000000e+00   0.000000e+00   0.000000e+00   0.000000e+00   0.000000e+00   0.000000e+00
1     2.479834e+01   7.203453e-01  -6.936092e-01   0.000000e+00   4.358095e+00   4.526122e+00   0.000000e+00
0     2.489832e+01   0.000000e+00   0.000000e+00   0.000000e+00   0.000000e+00   0.000000e+00   0.000000e+00
1     2.489832e+01   9.904452e-01  -1.378583e-01   0.000000e+00   8.661842e-01   6.223237e+00   0.000000e+00
0     2.499830e+01   0.000000e+00   0.000000e+00   0.000000e+00   0.000000e+00   0.000000e+00   0.000000e+00
1     2.499830e+01   8.823759e-01   4.705291e-01   0.000000e+00  -2.956467e+00   5.544215e+00   0.000000e+00
0     2.509828e+01   0.000000e+00   0.000000e+00   0.000000e+00   0.000000e+00   0.000000e+00   0.000000e+00
1     2.509828e+01   4.373993e-01   8.992599e-01   0.000000e+00  -5.650287e+00   2.748313e+00   0.000000e+00
0     2.519825e+01   0.000000e+00   0.000000e+00   0.000000e+00   0.000000e+00   0.000000e+00   0.000000e+00
1     2.519825e+01  -1.745842e-01   9.846376e-01   0.000000e+00  -6.186722e+00  -1.096929e+00   0.000000e+00
0     2.529999e+01   0.000000e+00   0.000000e+00   0.000000e+00   0.000000e+00   0.000000e+00   0.000000e+00
1     2.529999e+01  -7.275143e-01   6.860899e-01   0.000000e+00  -4.310865e+00  -4.571106e+00   0.000000e+00
0     2.539997e+01   0.000000e+00   0.000000e+00   0.000000e+00   0.000000e+00   0.000000e+00   0.000000e+00
1     2.539997e+01  -9.918302e-01   1.275683e-01   0.000000e+00  -8.015508e-01  -6.231846e+00   0.000000e+00
0     2.549994e+01   0.000000e+00   0.000000e+00   0.000000e+00   0.000000e+00   0.000000e+00   0.000000e+00
1     2.549994e+01  -8.774557e-01  -4.796603e-01   0.000000e+00   3.013787e+00  -5.513203e+00   0.000000e+00
0     2.559992e+01   0.000000e+00   0.000000e+00   0.000000e+00   0.000000e+00   0.000000e+00   0.000000e+00
1     2.559992e+01  -4.280609e-01  -9.037503e-01   0.000000e+00   5.678434e+00  -2.689569e+00   0.000000e+00
0     2.569990e+01   0.000000e+00   0.000000e+00   0.000000e+00   0.000000e+00   0.000000e+00   0.000000e+00
1     2.569990e+01   1.847716e-01  -9.827796e-01   0.000000e+00   6.175005e+00   1.160985e+00   0.000000e+00
0     2.579988e+01   0.000000e+00   0.000000e+00   0.000000e+00   0.000000e+00   0.000000e+00   0.000000e+00
1     2.579988e+01   7.270558e-01  -6.865717e-01   0.000000e+00   4.313878e+00   4.568287e+00   0.000000e+00
0     2.589986e+01   0.000000e+00   0.000000e+00   0.000000e+00   0.000000e+00   0.000000e+00   0.000000e+00
1     2.589986e+01   9.917388e-01  -1.282206e-01   0.000000e+00   8.056282e-01   6.231366e+00   0.000000e+00
0     2.599984e+01   0.000000e+00   0.000000e+00   0.000000e+00   0.000000e+00   0.000000e+00   0.000000e+00
1     2.599984e+01   8.777585e-01   4.790872e-01   0.000000e+00  -3.010241e+00   5.515204e+00   0.000000e+00
0     2.609982e+01   0.000000e+00   0.000000e+00   0.000000e+00   0.000000e+00   0.000000e+00   0.000000e+00
1     2.609982e+01   4.286338e-01   9.034707e-01   0.000000e+00  -5.676745e+00   2.693238e+00   0.000000e+00
0     2.619980e+01   0.000000e+00   0.000000e+00   0.000000e+00   0.000000e+00   0.000000e+00   0.000000e+00
1     2.619980e+01  -1.841509e-01   9.828932e-01   0.000000e+00  -6.175763e+00  -1.157039e+00   0.000000e+00
0     2.629977e+01   0.000000e+00   0.000000e+00   0.000000e+00   0.000000e+00   0.000000e+00   0.000000e+00
1     2.629977e+01  -7.266243e-01   6.870322e-01   0.000000e+00  -4.316786e+00  -4.565515e+00   0.000000e+00
0     2.639975e+01   0.000000e+00   0.000000e+00   0.000000e+00   0.000000e+00   0.000000e+00   0.000000e+00
1     2.639975e+01  -9.916639e-01   1.288536e-01   0.000000e+00  -8.096270e-01  -6.230803e+00   0.000000e+00
0     2.649973e+01   0.000000e+00   0.000000e+00   0.000000e+00   0.000000e+00   0.000000e+00   0.000000e+00
1     2.649973e+01  -8.780765e-01  -4.785227e-01   0.000000e+00   3.006640e+00  -5.517105e+00   0.000000e+00
0     2.659971e+01   0.000000e+00   0.000000e+00   0.000000e+00   0.000000e+00   0.000000e+00   0.000000e+00
1     2.659971e+01  -4.292315e-01  -9.031948e-01   0.000000e+00   5.674944e+00  -2.696925e+00   0.000000e+00
0     2.669969e+01   0.000000e+00   0.000000e+00   0.000000e+00   0.000000e+00   0.000000e+00   0.000000e+00
1     2.669969e+01   1.834981e-01  -9.830181e-01   0.000000e+00   6.176504e+00   1.152983e+00   0.000000e+00
0     2.679967e+01   0.000000e+00   0.000000e+00   0.000000e+00   0.000000e+00   0.000000e+00   0.000000e+00
1     2.679967e+01   7.261655e-01  -6.875130e-01   0.000000e+00   4.319793e+00   4.562694e+00   0.000000e+00
0     2.689965e+01   0.000000e+00   0.000000e+00   0.000000e+00   0.000000e+00   0.000000e+00   0.000000e+00
1     2.689965e+01   9.915717e-01  -1.295052e-01   0.000000e+00   8.137001e-01   6.230318e+00   0.000000e+00
0     2.699963e+01   0.000000e+00   0.000000e+00   0.000000e+00   0.000000e+00   0.000000e+00   0.000000e+00
1     2.699963e+01   8.783782e-01   4.779498e-01   0.000000e+00  -3.003094e+00   5.519100e+00   0.000000e+00
0     2.709960e+01   0.000000e+00   0.000000e+00   0.000000e+00   0.000000e+00   0.000000e+00   0.000000e+00
1     2.709960e+01   4.298036e-01   9.029146e-01   0.000000e+00  -5.673252e+00   2.700588e+00   0.000000e+00
0     2.719958e+01   0.000000e+00   0.000000e+00   0.000000e+00   0.000000e+00   0.000000e+00   0.000000e+00
1     2.719958e+01  -1.828778e-01   9.831308e-01   0.000000e+00  -6.177257e+00  -1.149040e+00   0.000000e+00
0     2.729956e+01   0.000000e+00   0.000000e+00   0.000000e+00   0.000000e+00   0.000000e+00   0.000000e+00
1     2.729956e+01  -7.257340e-01   6.879725e-01   0.000000e+00  -4.322695e+00  -4.559921e+00   0.000000e+00
0     2.739954e+01   0.000000e+00   0.000000e+00   0.000000e+00   0.000000e+00   0.000000e+00   0.000000e+00
1     2.739954e+01  -9.914961e-01   1.301375e-01   0.000000e+00  -8.176941e-01  -6.229749e+00   0.000000e+00
0     2.749952e+01   0.000000e+00   0.000000e+00   0.000000e+00   0.000000e+00   0.000000e+00   0.000000e+00
1     2.749952e+01  -8.786951e-01  -4.773854e-01   0.000000e+00   2.999495e+00  -5.520993e+00   0.000000e+00
0     2.759950e+01   0.000000e+00   0.000000e+00   0.000000e+00   0.000000e+00   0.000000e+00   0.000000e+00
1     2.759950e+01  -4.304004e-01  -9.026382e-01   0.000000e+00   5.671449e+00  -2.704269e+00   0.000000e+00
0     2.769948e+01   0.000000e+00   0.000000e+00   0.000000e+00   0.000000e+00   0.000000e+00   0.000000e+00
1     2.769948e+01   1.822254e-01  -9.832547e-01   0.000000e+00   6.177992e+00   1.144987e+00   0.000000e+00
0     2.779946e+01   0.000000e+00   0.000000e+00   0.000000e+00   0.000000e+00   0.000000e+00   0.000000e+00
1     2.779946e+01   7.252750e-01  -6.884522e-01   0.000000e+00   4.325695e+00   4.557099e+00   0.000000e+00
0     2.789943e+01   0.000000e+00   0.000000e+00   0.000000e+00   0.000000e+00   0.000000e+00   0.000000e+00
1     2.789943e+01   9.914032e-01  -1.307884e-01   0.000000e+00   8.217628e-01   6.229260e+00   0.000000e+00
0     2.799941e+01   0.000000e+00   0.000000e+00   0.000000e+00   0.000000e+00   0.000000e+00   0.000000e+00
1     2.799941e+01   8.789959e-01   4.768126e-01   0.000000e+00  -2.995950e+00   5.522982e+00   0.000000e+00
0     2.809939e+01   0.000000e+00   0.000000e+00   0.000000e+00   0.000000e+00   0.000000e+00   0.000000e+00
1     2.809939e+01   4.309716e-01   9.023576e-01   0.000000e+00  -5.669753e+00   2.707927e+00   0.000000e+00
0     2.819937e+01   0.000000e+00   0.000000e+00   0.000000e+00   0.000000e+00   0.000000e+00   0.000000e+00
1     2.819937e+01  -1.816056e-01   9.833664e-01   0.000000e+00  -6.178739e+00  -1.141047e+00   0.000000e+00
0     2.829935e+01   0.000000e+00   0.000000e+00   0.000000e+00   0.000000e+00   0.000000e+00   0.000000e+00
1     2.829935e+01  -7.248432e-01   6.889107e-01   0.000000e+00  -4.328591e+00  -4.554325e+00   0.000000e+00
0     2.839933e+01   0.000000e+00   0.000000e+00   0.000000e+00   0.000000e+00   0.000000e+00   0.000000e+00
1     2.839933e+01  -9.913268e-01   1.314200e-01   0.000000e+00  -8.257523e-01  -6.228687e+00   0.000000e+00
0     2.849931e+01   0.000000e+00   0.000000e+00   0.000000e+00   0.000000e+00   0.000000e+00   0.000000e+00
1     2.849931e+01  -8.793118e-01  -4.762484e-01   0.000000e+00   2.992351e+00  -5.524869e+00   0.000000e+00
0     2.859929e+01   0.000000e+00   0.000000e+00   0.000000e+00   0.000000e+00   0.000000e+00   0.000000e+00
1     2.859929e+01  -4.315673e-01  -9.020807e-01   0.000000e+00   5.667947e+00  -2.711602e+00   0.000000e+00
0     2.869926e+01   0.000000e+00   0.000000e+00   0.000000e+00   0.000000e+00   0.000000e+00   0.000000e+00
1     2.869926e+01   1.809537e-01  -9.834894e-01   0.000000e+00   6.179468e+00   1.136997e+00   0.000000e+00
0     2.879924e+01   0.000000e+00   0.000000e+00   0.000000e+00   0.000000e+00   0.000000e+00   0.000000e+00
1     2.879924e+01   7.243840e-01  -6.893894e-01   0.000000e+00   4.331585e+00   4.551502e+00   0.000000e+00
0     2.889922e+01   0.000000e+00   0.000000e+00   0.000000e+00   0.000000e+00   0.000000e+00   0.000000e+00
1     2.889922e+01   9.912331e-01  -1.320701e-01   0.000000e+00   8.298165e-01   6.228192e+00   0.000000e+00
0     2.899920e+01   0.000000e+00   0.000000e+00   0.000000e+00   0.000000e+00   0.000000e+00   0.000000e+00
1     2.899920e+01   8.796115e-01   4.756757e-01   0.000000e+00  -2.988807e+00   5.526851e+00   0.000000e+00
0     2.909918e+01   0.000000e+00   0.000000e+00   0.000000e+00   0.000000e+00   0.000000e+00   0.000000e+00
1     2.909918e+01   4.321377e-01   9.017996e-01   0.000000e+00  -5.666248e+00   2.715255e+00   0.000000e+00
0     2.919916e+01   0.000000e+00   0.000000e+00   0.000000e+00   0.000000e+00   0.000000e+00   0.000000e+00
1     2.919916e+01  -1.803343e-01   9.836002e-01   0.000000e+00  -6.180209e+00  -1.133059e+00   0.000000e+00
0     2.929914e+01   0.000000e+00   0.000000e+00   0.000000e+00   0.000000e+00   0.000000e+00   0.000000e+00
1     2.929914e+01  -7.239521e-01   6.898469e-01   0.000000e+00  -4.334475e+00  -4.548727e+00   0.000000e+00
0     2.939911e+01   0.000000e+00   0.000000e+00   0.000000e+00   0.000000e+00   0.000000e+00   0.000000e+00
1     2.939911e+01  -9.911560e-01   1.327010e-01   0.000000e+00  -8.338015e-01  -6.227615e+00   0.000000e+00
0     2.949909e+01   0.000000e+00   0.000000e+00   0.000000e+00   0.000000e+00   0.000000e+00   0.000000e+00
1     2.949909e+01  -8.799264e-01  -4.751116e-01   0.000000e+00   2.985209e+00  -5.528731e+00   0.000000e+00
0     2.959907e+01   0.000000e+00   0.000000e+00   0.000000e+00   0.000000e+00   0.000000e+00   0.000000e+00
1     2.959907e+01  -4.327326e-01  -9.015222e-01   0.000000e+00   5.664438e+00  -2.718924e+00   0.000000e+00
0     2.969905e+01   0.000000e+00   0.000000e+00   0.000000e+00   0.000000e+00   0.000000e+00   0.000000e+00
1     2.969905e+01   1.796828e-01  -9.837222e-01   0.000000e+00   6.180932e+00   1.129012e+00   0.000000e+00
0     2.979903e+01   0.000000e+00   0.000000e+00   0.000000e+00   0.000000e+00   0.000000e+00   0.000000e+00
1     2.979903e+01   7.234927e-01  -6.903246e-01   0.000000e+00   4.337461e+00   4.545903e+00   0.000000e+00
0     2.989901e+01   0.000000e+00   0.000000e+00   0.000000e+00   0.000000e+00   0.000000e+00   0.000000e+00
1     2.989901e+01   9.910615e-01  -1.333504e-01   0.000000e+00   8.378612e-01   6.227116e+00   0.000000e+00
0     2.999899e+01   0.000000e+00   0.000000e+00   0.000000e+00   0.000000e+00   0.000000e+00   0.000000e+00
1     2.999899e+01   8.802251e-01   4.745391e-01   0.000000e+00  -2.981666e+00   5.530707e+00   0.000000e+00
0     3.009897e+01   0.000000e+00   0.000000e+00   0.000000e+00   0.000000e+00   0.000000e+00   0.000000e+00
1     3.009897e+01   4.333019e-01   9.012406e-01   0.000000e+00  -5.662737e+00   2.722571e+00   0.000000e+00
0     3.019894e+01   0.000000e+00   0.000000e+00   0.000000e+00   0.000000e+00   0.000000e+00   0.000000e+00
1     3.019894e+01  -1.790639e-01   9.838321e-01   0.000000e+00  -6.181667e+00  -1.125077e+00   0.000000e+00
0     3.029892e+01   0.000000e+00   0.000000e+00   0.000000e+00   0.000000e+00   0.000000e+00   0.000000e+00
1     3.029892e+01  -7.230606e-01   6.907810e-01   0.000000e+00  -4.340345e+00  -4.543127e+00   0.000000e+00
0     3.039890e+01   0.000000e+00   0.000000e+00   0.000000e+00   0.000000e+00   0.000000e+00   0.000000e+00
1     3.039890e+01  -9.909837e-01   1.339806e-01   0.000000e+00  -8.418416e-01  -6.226534e+00   0.000000e+00
0     3.049888e+01   0.000000e+00   0.000000e+00   0.000000e+00   0.000000e+00   0.000000e+00   0.000000e+00
1     3.049888e+01  -8.805389e-01  -4.739752e-01   0.000000e+00   2.978070e+00  -5.532581e+00   0.000000e+00
0     3.059886e+01   0.000000e+00   0.000000e+00   0.000000e+00   0.000000e+00   0.000000e+00   0.000000e+00
1     3.059886e+01  -4.338959e-01  -9.009627e-01   0.000000e+00   5.660924e+00  -2.726234e+00   0.000000e+00
0     3.069884e+01   0.000000e+00   0.000000e+00   0.000000e+00   0.000000e+00   0.000000e+00   0.000000e+00
1     3.069884e+01   1.784129e-01  -9.839532e-01   0.000000e+00   6.182384e+00   1.121033e+00   0.000000e+00
0     3.079882e+01   0.000000e+00   0.000000e+00   0.000000e+00   0.000000e+00   0.000000e+00   0.000000e+00
1     3.079882e+01   7.226011e-01  -6.912577e-01   0.000000e+00   4.343325e+00   4.540301e+00   0.000000e+00
0     3.089880e+01   0.000000e+00   0.000000e+00   0.000000e+00   0.000000e+00   0.000000e+00   0.000000e+00
1     3.089880e+01   9.908885e-01  -1.346293e-01   0.000000e+00   8.458969e-01   6.226030e+00   0.000000e+00
0     3.099877e+01   0.000000e+00   0.000000e+00   0.000000e+00   0.000000e+00   0.000000e+00   0.000000e+00
1     3.099877e+01   8.808366e-01   4.734028e-01   0.000000e+00  -2.974527e+00   5.534550e+00   0.000000e+00
0     3.109875e+01   0.000000e+00   0.000000e+00   0.000000e+00   0.000000e+00   0.000000e+00   0.000000e+00
1     3.109875e+01   4.344644e-01   9.006806e-01   0.000000e+00  -5.659220e+00   2.729875e+00   0.000000e+00
0     3.119873e+01   0.000000e+00   0.000000e+00   0.000000e+00   0.000000e+00   0.000000e+00   0.000000e+00
1     3.119873e+01  -1.777944e-01   9.840622e-01   0.000000e+00  -6.183114e+00  -1.117101e+00   0.000000e+00
0     3.129871e+01   0.000000e+00   0.000000e+00   0.000000e+00   0.000000e+00   0.000000e+00   0.000000e+00
1     3.129871e+01  -7.221688e-01   6.917131e-01   0.000000e+00  -4.346202e+00  -4.537524e+00   0.000000e+00
0     3.139869e+01   0.000000e+00   0.000000e+00   0.000000e+00   0.000000e+00   0.000000e+00   0.000000e+00
1     3.139869e+01  -9.908099e-01   1.352587e-01   0.000000e+00  -8.498725e-01  -6.225443e+00   0.000000e+00
0     3.149867e+01   0.000000e+00   0.000000e+00   0.000000e+00   0.000000e+00   0.000000e+00   0.000000e+00
1     3.149867e+01  -8.811493e-01  -4.728391e-01   0.000000e+00   2.970932e+00  -5.536418e+00   0.000000e+00
0     3.159865e+01   0.000000e+00   0.000000e+00   0.000000e+00   0.000000e+00   0.000000e+00   0.000000e+00
1     3.159865e+01  -4.350574e-01  -9.004023e-01   0.000000e+00   5.657404e+00  -2.733533e+00   0.000000e+00
0     3.169863e+01   0.000000e+00   0.000000e+00   0.000000e+00   0.000000e+00   0.000000e+00   0.000000e+00
1     3.169863e+01   1.771439e-01  -9.841823e-01   0.000000e+00   6.183825e+00   1.113060e+00   0.000000e+00
0     3.179860e+01   0.000000e+00   0.000000e+00   0.000000e+00   0.000000e+00   0.000000e+00   0.000000e+00
1     3.179860e+01   7.217091e-01  -6.921888e-01   0.000000e+00   4.349176e+00   4.534697e+00   0.000000e+00
0     3.189858e+01   0.000000e+00   0.000000e+00   0.000000e+00   0.000000e+00   0.000000e+00   0.000000e+00
1     3.189858e+01   9.907140e-01  -1.359068e-01   0.000000e+00   8.539235e-01   6.224934e+00   0.000000e+00
0     3.199856e+01   0.000000e+00   0.000000e+00   0.000000e+00   0.000000e+00   0.000000e+00   0.000000e+00
1     3.199856e+01   8.814460e-01   4.722668e-01   0.000000e+00  -2.967389e+00   5.538381e+00   0.000000e+00
0     3.209854e+01   0.000000e+00   0.000000e+00   0.000000e+00   0.000000e+00   0.000000e+00   0.000000e+00
1     3.209854e+01   4.356250e-01   9.001197e-01   0.000000e+00  -5.655697e+00   2.737168e+00   0.000000e+00
0     3.219852e+01   0.000000e+00   0.000000e+00   0.000000e+00   0.000000e+00   0.000000e+00   0.000000e+00
1     3.219852e+01  -1.765258e-01   9.842904e-01   0.000000e+00  -6.184549e+00  -1.109130e+00   0.000000e+00
0     3.229850e+01   0.000000e+00   0.000000e+00   0.000000e+00   0.000000e+00   0.000000e+00   0.000000e+00
1     3.229850e+01  -7.212766e-01   6.926432e-01   0.000000e+00  -4.352047e+00  -4.531919e+00   0.000000e+00
0     3.239848e+01   0.000000e+00   0.000000e+00   0.000000e+00   0.000000e+00   0.000000e+00   0.000000e+00
1     3.239848e+01  -9.906346e-01   1.365355e-01   0.000000e+00  -8.578945e-01  -6.224343e+00   0.000000e+00
0     3.249846e+01   0.000000e+00   0.000000e+00   0.000000e+00   0.000000e+00   0.000000e+00   0.000000e+00
1     3.249846e+01  -8.817578e-01  -4.717032e-01   0.000000e+00   2.963795e+00  -5.540242e+00   0.000000e+00
0     3.259843e+01   0.000000e+00   0.000000e+00   0.000000e+00   0.000000e+00   0.000000e+00   0.000000e+00
1     3.259843e+01  -4.362171e-01  -8.998409e-01   0.000000e+00   5.653878e+00  -2.740820e+00   0.000000e+00
0     3.269841e+01   0.000000e+00   0.000000e+00   0.000000e+00   0.000000e+00   0.000000e+00   0.000000e+00
1     3.269841e+01   1.758758e-01  -9.844096e-01   0.000000e+00   6.185254e+00   1.105092e+00   0.000000e+00
0     3.279839e+01   0.000000e+00   0.000000e+00   0.000000e+00   0.000000e+00   0.000000e+00   0.000000e+00
1     3.279839e+01   7.208167e-01  -6.931178e-01   0.000000e+00   4.355014e+00   4.529091e+00   0.000000e+00
0     3.289837e+01   0.000000e+00   0.000000e+00   0.000000e+00   0.000000e+00   0.000000e+00   0.000000e+00
1     3.289837e+01   9.905379e-01  -1.371827e-01   0.000000e+00   8.619409e-01   6.223830e+00   0.000000e+00
0     3.299835e+01   0.000000e+00   0.000000e+00   0.000000e+00   0.000000e+00   0.000000e+00   0.000000e+00
1     3.299835e+01   8.820534e-01   4.711310e-01   0.000000e+00  -2.960254e+00   5.542198e+00   0.000000e+00
0     3.309833e+01   0.000000e+00   0.000000e+00   0.000000e+00   0.000000e+00   0.000000e+00   0.000000e+00
1     3.309833e+01   4.367838e-01   8.995578e-01   0.000000e+00  -5.652167e+00   2.744450e+00   0.000000e+00
0     3.319831e+01   0.000000e+00   0.000000e+00   0.000000e+00   0.000000e+00   0.000000e+00   0.000000e+00
1     3.319831e+01  -1.752582e-01   9.845168e-01   0.000000e+00  -6.185973e+00  -1.101166e+00   0.000000e+00
0     3.329828e+01   0.000000e+00   0.000000e+00   0.000000e+00   0.000000e+00   0.000000e+00   0.000000e+00
1     3.329828e+01  -7.203841e-01   6.935712e-01   0.000000e+00  -4.357879e+00  -4.526312e+00   0.000000e+00
0     3.339826e+01   0.000000e+00   0.000000e+00   0.000000e+00   0.000000e+00   0.000000e+00   0.000000e+00
1     3.339826e+01  -9.904579e-01   1.378107e-01   0.000000e+00  -8.659073e-01  -6.223234e+00   0.000000e+00
0     3.350000e+01   0.000000e+00   0.000000e+00   0.000000e+00   0.000000e+00   0.000000e+00   0.000000e+00
1     3.350000e+01  -8.771247e-01  -4.802632e-01   0.000000e+00   3.017580e+00  -5.511132e+00   0.000000e+00
0     3.359997e+01   0.000000e+00   0.000000e+00   0.000000e+00   0.000000e+00   0.000000e+00   0.000000e+00
1     3.359997e+01  -4.274378e-01  -9.040440e-01   0.000000e+00   5.680288e+00  -2.685658e+00   0.000000e+00
0     3.369995e+01   0.000000e+00   0.000000e+00   0.000000e+00   0.000000e+00   0.000000e+00   0.000000e+00
1     3.369995e+01   1.854493e-01  -9.826509e-01   0.000000e+00   6.174206e+00   1.165245e+00   0.000000e+00
0     3.379993e+01   0.000000e+00   0.000000e+00   0.000000e+00   0.000000e+00   0.000000e+00   0.000000e+00
1     3.379993e+01   7.275291e-01  -6.860686e-01   0.000000e+00   4.310724e+00   4.571268e+00   0.000000e+00
0     3.389991e+01   0.000000e+00   0.000000e+00   0.000000e+00   0.000000e+00   0.000000e+00   0.000000e+00
1     3.389991e+01   9.918262e-01  -1.275344e-01   0.000000e+00   8.013181e-01   6.231925e+00   0.000000e+00
0     3.399989e+01   0.000000e+00   0.000000e+00   0.000000e+00   0.000000e+00   0.000000e+00   0.000000e+00
1     3.399989e+01   8.774255e-01   4.796946e-01   0.000000e+00  -3.014062e+00   5.513121e+00   0.000000e+00
0     3.409987e+01   0.000000e+00   0.000000e+00   0.000000e+00   0.000000e+00   0.000000e+00   0.000000e+00
1     3.409987e+01   4.280066e-01   9.037669e-01   0.000000e+00  -5.678615e+00   2.689301e+00   0.000000e+00
0     3.419985e+01   0.000000e+00   0.000000e+00   0.000000e+00   0.000000e+00   0.000000e+00   0.000000e+00
1     3.419985e+01  -1.848335e-01   9.827640e-01   0.000000e+00  -6.174961e+00  -1.161330e+00   0.000000e+00
0     3.429983e+01   0.000000e+00   0.000000e+00   0.000000e+00   0.000000e+00   0.000000e+00   0.000000e+00
1     3.429983e+01  -7.271013e-01   6.865258e-01   0.000000e+00  -4.313612e+00  -4.568519e+00   0.000000e+00
0     3.439980e+01   0.000000e+00   0.000000e+00   0.000000e+00   0.000000e+00   0.000000e+00   0.000000e+00
1     3.439980e+01  -9.917524e-01   1.281626e-01   0.000000e+00  -8.052863e-01  -6.231368e+00   0.000000e+00
0     3.449978e+01   0.000000e+00   0.000000e+00   0.000000e+00   0.000000e+00   0.000000e+00   0.000000e+00
1     3.449978e+01  -8.777415e-01  -4.791347e-01   0.000000e+00   3.010490e+00  -5.515009e+00   0.000000e+00
0     3.459976e+01   0.000000e+00   0.000000e+00   0.000000e+00   0.000000e+00   0.000000e+00   0.000000e+00
1     3.459976e+01  -4.286000e-01  -9.034935e-01   0.000000e+00   5.676830e+00  -2.692961e+00   0.000000e+00
0     3.469974e+01   0.000000e+00   0.000000e+00   0.000000e+00   0.000000e+00   0.000000e+00   0.000000e+00
1     3.469974e+01   1.841856e-01  -9.828884e-01   0.000000e+00   6.175699e+00   1.157305e+00   0.000000e+00
0     3.479972e+01   0.000000e+00   0.000000e+00   0.000000e+00   0.000000e+00   0.000000e+00   0.000000e+00
1     3.479972e+01   7.266463e-01  -6.870034e-01   0.000000e+00   4.316598e+00   4.565722e+00   0.000000e+00
0     3.489970e+01   0.000000e+00   0.000000e+00   0.000000e+00   0.000000e+00   0.000000e+00   0.000000e+00
1     3.489970e+01   9.916613e-01  -1.288094e-01   0.000000e+00   8.093292e-01   6.230890e+00   0.000000e+00
0     3.499968e+01   0.000000e+00   0.000000e+00   0.000000e+00   0.000000e+00   0.000000e+00   0.000000e+00
1     3.499968e+01   8.780413e-01   4.785663e-01   0.000000e+00  -3.006973e+00   5.516991e+00   0.000000e+00
0     3.509966e+01   0.000000e+00   0.000000e+00   0.000000e+00   0.000000e+00   0.000000e+00   0.000000e+00
1     3.509966e+01   4.291678e-01   9.032158e-01   0.000000e+00  -5.675154e+00   2.696598e+00   0.000000e+00
0     3.519963e+01   0.000000e+00   0.000000e+00   0.000000e+00   0.000000e+00   0.000000e+00   0.000000e+00
1     3.519963e+01  -1.835702e-01   9.830007e-01   0.000000e+00  -6.176449e+00  -1.153392e+00   0.000000e+00
0     3.529961e+01   0.000000e+00   0.000000e+00   0.000000e+00   0.000000e+00   0.000000e+00   0.000000e+00
1     3.529961e+01  -7.262184e-01   6.874596e-01   0.000000e+00  -4.319479e+00  -4.562972e+00   0.000000e+00
0     3.539959e+01   0.000000e+00   0.000000e+00   0.000000e+00   0.000000e+00   0.000000e+00   0.000000e+00
1     3.539959e+01  -9.915867e-01   1.294369e-01   0.000000e+00  -8.132930e-01  -6.230329e+00   0.000000e+00
0     3.549957e+01   0.000000e+00   0.000000e+00   0.000000e+00   0.000000e+00   0.000000e+00   0.000000e+00
1     3.549957e+01  -8.783562e-01  -4.780065e-01   0.000000e+00   3.003402e+00  -5.518873e+00   0.000000e+00
0     3.559955e+01   0.000000e+00   0.000000e+00   0.000000e+00   0.000000e+00   0.000000e+00   0.000000e+00
1     3.559955e+01  -4.297603e-01  -9.029420e-01   0.000000e+00   5.673366e+00  -2.700252e+00   0.000000e+00
0     3.569953e+01   0.000000e+00   0.000000e+00   0.000000e+00   0.000000e+00   0.000000e+00   0.000000e+00
1     3.569953e+01   1.829228e-01  -9.831241e-01   0.000000e+00   6.177181e+00   1.149371e+00   0.000000e+00
0     3.579951e+01   0.000000e+00   0.000000e+00   0.000000e+00   0.000000e+00   0.000000e+00   0.000000e+00
1     3.579951e+01   7.257632e-01  -6.879361e-01   0.000000e+00   4.322459e+00   4.560174e+00   0.000000e+00
0     3.589949e+01   0.000000e+00   0.000000e+00   0.000000e+00   0.000000e+00   0.000000e+00   0.000000e+00
1     3.589949e+01   9.914949e-01  -1.300829e-01   0.000000e+00   8.173313e-01   6.229846e+00   0.000000e+00
0     3.599946e+01   0.000000e+00   0.000000e+00   0.000000e+00   0.000000e+00   0.000000e+00   0.000000e+00
1     3.599946e+01   8.786551e-01   4.774382e-01   0.000000e+00  -2.999885e+00   5.520849e+00   0.000000e+00
0     3.609944e+01   0.000000e+00   0.000000e+00   0.000000e+00   0.000000e+00   0.000000e+00   0.000000e+00
1     3.609944e+01   4.303273e-01   9.026639e-01   0.000000e+00  -5.671687e+00   2.703883e+00   0.000000e+00
0     3.619942e+01   0.000000e+00   0.000000e+00   0.000000e+00   0.000000e+00   0.000000e+00   0.000000e+00
1     3.619942e+01  -1.823078e-01   9.832354e-01   0.000000e+00  -6.177925e+00  -1.145461e+00   0.000000e+00
0     3.629940e+01   0.000000e+00   0.000000e+00   0.000000e+00   0.000000e+00   0.000000e+00   0.000000e+00
1     3.629940e+01  -7.253351e-01   6.883912e-01   0.000000e+00  -4.325334e+00  -4.557423e+00   0.000000e+00
0     3.639938e+01   0.000000e+00   0.000000e+00   0.000000e+00   0.000000e+00   0.000000e+00   0.000000e+00
1     3.639938e+01  -9.914196e-01   1.307097e-01   0.000000e+00  -8.212904e-01  -6.229280e+00   0.000000e+00
0     3.649936e+01   0.000000e+00   0.000000e+00   0.000000e+00   0.000000e+00   0.000000e+00   0.000000e+00
1     3.649936e+01  -8.789690e-01  -4.768785e-01   0.000000e+00   2.996316e+00  -5.522724e+00   0.000000e+00
0     3.659934e+01   0.000000e+00   0.000000e+00   0.000000e+00   0.000000e+00   0.000000e+00   0.000000e+00
1     3.659934e+01  -4.309188e-01  -9.023895e-01   0.000000e+00   5.669896e+00  -2.707532e+00   0.000000e+00
0     3.669932e+01   0.000000e+00   0.000000e+00   0.000000e+00   0.000000e+00   0.000000e+00   0.000000e+00
1     3.669932e+01   1.816609e-01  -9.833579e-01   0.000000e+00   6.178651e+00   1.141442e+00   0.000000e+00
0     3.679929e+01   0.000000e+00   0.000000e+00   0.000000e+00   0.000000e+00   0.000000e+00   0.000000e+00
1     3.679929e+01   7.248796e-01  -6.888668e-01   0.000000e+00   4.328308e+00   4.554623e+00   0.000000e+00
0     3.689927e+01   0.000000e+00   0.000000e+00   0.000000e+00   0.000000e+00   0.000000e+00   0.000000e+00
1     3.689927e+01   9.913270e-01  -1.313550e-01   0.000000e+00   8.253245e-01   6.228793e+00   0.000000e+00
0     3.699925e+01   0.000000e+00   0.000000e+00   0.000000e+00   0.000000e+00   0.000000e+00   0.000000e+00
1     3.699925e+01   8.792668e-01   4.763104e-01   0.000000e+00  -2.992799e+00   5.524693e+00   0.000000e+00
0     3.709923e+01   0.000000e+00   0.000000e+00   0.000000e+00   0.000000e+00   0.000000e+00   0.000000e+00
1     3.709923e+01   4.314848e-01   9.021109e-01   0.000000e+00  -5.668214e+00   2.711157e+00   0.000000e+00
0     3.719921e+01   0.000000e+00   0.000000e+00   0.000000e+00   0.000000e+00   0.000000e+00   0.000000e+00
1     3.719921e+01  -1.810464e-01   9.834683e-01   0.000000e+00  -6.179390e+00  -1.137536e+00   0.000000e+00
0     3.729919e+01   0.000000e+00   0.000000e+00   0.000000e+00   0.000000e+00   0.000000e+00   0.000000e+00
1     3.729919e+01  -7.244514e-01   6.893209e-01   0.000000e+00  -4.331177e+00  -4.551872e+00   0.000000e+00
0     3.739917e+01   0.000000e+00   0.000000e+00   0.000000e+00   0.000000e+00   0.000000e+00   0.000000e+00
1     3.739917e+01  -9.912511e-01   1.319810e-01   0.000000e+00  -8.292789e-01  -6.228222e+00   0.000000e+00
0     3.749914e+01   0.000000e+00   0.000000e+00   0.000000e+00   0.000000e+00   0.000000e+00   0.000000e+00
1     3.749914e+01  -8.795797e-01  -4.757509e-01   0.000000e+00   2.989231e+00  -5.526562e+00   0.000000e+00
0     3.759912e+01   0.000000e+00   0.000000e+00   0.000000e+00   0.000000e+00   0.000000e+00   0.000000e+00
1     3.759912e+01  -4.320755e-01  -9.018361e-01   0.000000e+00   5.666420e+00  -2.714800e+00   0.000000e+00
0     3.769910e+01   0.000000e+00   0.000000e+00   0.000000e+00   0.000000e+00   0.000000e+00   0.000000e+00
1     3.769910e+01   1.803999e-01  -9.835899e-01   0.000000e+00   6.180110e+00   1.133519e+00   0.000000e+00
0     3.779908e+01   0.000000e+00   0.000000e+00   0.000000e+00   0.000000e+00   0.000000e+00   0.000000e+00
1     3.779908e+01   7.239958e-01  -6.897954e-01   0.000000e+00   4.334143e+00   4.549071e+00   0.000000e+00
0     3.789906e+01   0.000000e+00   0.000000e+00   0.000000e+00   0.000000e+00   0.000000e+00   0.000000e+00
1     3.789906e+01   9.911577e-01  -1.326257e-01   0.000000e+00   8.333086e-01   6.227730e+00   0.000000e+00
0     3.799904e+01   0.000000e+00   0.000000e+00   0.000000e+00   0.000000e+00   0.000000e+00   0.000000e+00
1     3.799904e+01   8.798765e-01   4.751829e-01   0.000000e+00  -2.985716e+00   5.528525e+00   0.000000e+00
0     3.809902e+01   0.000000e+00   0.000000e+00   0.000000e+00   0.000000e+00   0.000000e+00   0.000000e+00
1     3.809902e+01   4.326407e-01   9.015571e-01   0.000000e+00  -5.664735e+00   2.718420e+00   0.000000e+00
0     3.819900e+01   0.000000e+00   0.000000e+00   0.000000e+00   0.000000e+00   0.000000e+00   0.000000e+00
1     3.819900e+01  -1.797859e-01   9.836994e-01   0.000000e+00  -6.180843e+00  -1.129615e+00   0.000000e+00
0     3.829897e+01   0.000000e+00   0.000000e+00   0.000000e+00   0.000000e+00   0.000000e+00   0.000000e+00
1     3.829897e+01  -7.235674e-01   6.902486e-01   0.000000e+00  -4.337006e+00  -4.546319e+00   0.000000e+00
0     3.839895e+01   0.000000e+00   0.000000e+00   0.000000e+00   0.000000e+00   0.000000e+00   0.000000e+00
1     3.839895e+01  -9.910810e-01   1.332510e-01   0.000000e+00  -8.372584e-01  -6.227155e+00   0.000000e+00
0     3.849893e+01   0.000000e+00   0.000000e+00   0.000000e+00   0.000000e+00   0.000000e+00   0.000000e+00
1     3.849893e+01  -8.801883e-01  -4.746236e-01   0.000000e+00   2.982148e+00  -5.530387e+00   0.000000e+00
0     3.859891e+01   0.000000e+00   0.000000e+00   0.000000e+00   0.000000e+00   0.000000e+00   0.000000e+00
1     3.859891e+01  -4.332303e-01  -9.012818e-01   0.000000e+00   5.662938e+00  -2.722057e+00   0.000000e+00
0     3.869889e+01   0.000000e+00   0.000000e+00   0.000000e+00   0.000000e+00   0.000000e+00   0.000000e+00
1     3.869889e+01   1.791399e-01  -9.838200e-01   0.000000e+00   6.181558e+00   1.125602e+00   0.000000e+00
0     3.879887e+01   0.000000e+00   0.000000e+00   0.000000e+00   0.000000e+00   0.000000e+00   0.000000e+00
1     3.879887e+01   7.231117e-01  -6.907221e-01   0.000000e+00   4.339966e+00   4.543517e+00   0.000000e+00
0     3.889885e+01   0.000000e+00   0.000000e+00   0.000000e+00   0.000000e+00   0.000000e+00   0.000000e+00
1     3.889885e+01   9.909869e-01  -1.338949e-01   0.000000e+00   8.412836e-01   6.226658e+00   0.000000e+00
0     3.899883e+01   0.000000e+00   0.000000e+00   0.000000e+00   0.000000e+00   0.000000e+00   0.000000e+00
1     3.899883e+01   8.804841e-01   4.740557e-01   0.000000e+00  -2.978634e+00   5.532345e+00   0.000000e+00
0     3.909880e+01   0.000000e+00   0.000000e+00   0.000000e+00   0.000000e+00   0.000000e+00   0.000000e+00
1     3.909880e+01   4.337946e-01   9.010022e-01   0.000000e+00  -5.661250e+00   2.725671e+00   0.000000e+00
0     3.919878e+01   0.000000e+00   0.000000e+00   0.000000e+00   0.000000e+00   0.000000e+00   0.000000e+00
1     3.919878e+01  -1.785263e-01   9.839286e-01   0.000000e+00  -6.182285e+00  -1.121701e+00   0.000000e+00
0     3.929876e+01   0.000000e+00   0.000000e+00   0.000000e+00   0.000000e+00   0.000000e+00   0.000000e+00
1     3.929876e+01  -7.226831e-01   6.911742e-01   0.000000e+00  -4.342823e+00  -4.540763e+00   0.000000e+00
0     3.939874e+01   0.000000e+00   0.000000e+00   0.000000e+00   0.000000e+00   0.000000e+00   0.000000e+00
1     3.939874e+01  -9.909095e-01   1.345195e-01   0.000000e+00  -8.452288e-01  -6.226079e+00   0.000000e+00
0     3.949872e+01   0.000000e+00   0.000000e+00   0.000000e+00   0.000000e+00   0.000000e+00   0.000000e+00
1     3.949872e+01  -8.807950e-01  -4.734966e-01   0.000000e+00   2.975068e+00  -5.534200e+00   0.000000e+00
0     3.959870e+01   0.000000e+00   0.000000e+00   0.000000e+00   0.000000e+00   0.000000e+00   0.000000e+00
1     3.959870e+01  -4.343834e-01  -9.007265e-01   0.000000e+00   5.659450e+00  -2.729302e+00   0.000000e+00
0     3.969868e+01   0.000000e+00   0.000000e+00   0.000000e+00   0.000000e+00   0.000000e+00   0.000000e+00
1     3.969868e+01   1.778807e-01  -9.840483e-01   0.000000e+00   6.182993e+00   1.117691e+00   0.000000e+00
0     3.979866e+01   0.000000e+00   0.000000e+00   0.000000e+00   0.000000e+00   0.000000e+00   0.000000e+00
1     3.979866e+01   7.222271e-01  -6.916467e-01   0.000000e+00   4.345777e+00   4.537960e+00   0.000000e+00
0     3.989863e+01   0.000000e+00   0.000000e+00   0.000000e+00   0.000000e+00   0.000000e+00   0.000000e+00
1     3.989863e+01   9.908147e-01  -1.351627e-01   0.000000e+00   8.492496e-01   6.225577e+00   0.000000e+00
0     3.999861e+01   0.000000e+00   0.000000e+00   0.000000e+00   0.000000e+00   0.000000e+00   0.000000e+00
1     3.999861e+01   8.810898e-01   4.729289e-01   0.000000e+00  -2.971554e+00   5.536151e+00   0.000000e+00
0     4.009859e+01   0.000000e+00   0.000000e+00   0.000000e+00   0.000000e+00   0.000000e+00   0.000000e+00
1     4.009859e+01   4.349467e-01   9.004465e-01   0.000000e+00  -5.657759e+00   2.732911e+00   0.000000e+00
0     4.019857e+01   0.000000e+00   0.000000e+00   0.000000e+00   0.000000e+00   0.000000e+00   0.000000e+00
1     4.019857e+01  -1.772676e-01   9.841560e-01   0.000000e+00  -6.183715e+00  -1.113793e+00   0.000000e+00
0     4.029855e+01   0.000000e+00   0.000000e+00   0.000000e+00   0.000000e+00   0.000000e+00   0.000000e+00
1     4.029855e+01  -7.217985e-01   6.920978e-01   0.000000e+00  -4.348627e+00  -4.535206e+00   0.000000e+00
0     4.039853e+01   0.000000e+00   0.000000e+00   0.000000e+00   0.000000e+00   0.000000e+00   0.000000e+00
1     4.039853e+01  -9.907365e-01   1.357865e-01   0.000000e+00  -8.531902e-01  -6.224993e+00   0.000000e+00
0     4.049851e+01   0.000000e+00   0.000000e+00   0.000000e+00   0.000000e+00   0.000000e+00   0.000000e+00
1     4.049851e+01  -8.813996e-01  -4.723699e-01   0.000000e+00   2.967989e+00  -5.538000e+00   0.000000e+00
0     4.059849e+01   0.000000e+00   0.000000e+00   0.000000e+00   0.000000e+00   0.000000e+00   0.000000e+00
1     4.059849e+01  -4.355346e-01  -9.001702e-01   0.000000e+00   5.655956e+00  -2.736536e+00   0.000000e+00
0     4.069846e+01   0.000000e+00   0.000000e+00   0.000000e+00   0.000000e+00   0.000000e+00   0.000000e+00
1     4.069846e+01   1.766225e-01  -9.842748e-01   0.000000e+00   6.184417e+00   1.109785e+00   0.000000e+00
0     4.079844e+01   0.000000e+00   0.000000e+00   0.000000e+00   0.000000e+00   0.000000e+00   0.000000e+00
1     4.079844e+01   7.213423e-01  -6.925693e-01   0.000000e+00   4.351575e+00   4.532401e+00   0.000000e+00
0     4.089842e+01   0.000000e+00   0.000000e+00   0.000000e+00   0.000000e+00   0.000000e+00   0.000000e+00
1     4.089842e+01   9.906410e-01  -1.364290e-01   0.000000e+00   8.572066e-01   6.224487e+00   0.000000e+00
0     4.099840e+01   0.000000e+00   0.000000e+00   0.000000e+00   0.000000e+00   0.000000e+00   0.000000e+00
1     4.099840e+01   8.816934e-01   4.718023e-01   0.000000e+00  -2.964476e+00   5.539945e+00   0.000000e+00
0     4.109838e+01   0.000000e+00   0.000000e+00   0.000000e+00   0.000000e+00   0.000000e+00   0.000000e+00
1     4.109838e+01   4.360971e-01   8.998898e-01   0.000000e+00  -5.654262e+00   2.740139e+00   0.000000e+00
0     4.119836e+01   0.000000e+00   0.000000e+00   0.000000e+00   0.000000e+00   0.000000e+00   0.000000e+00
1     4.119836e+01  -1.760099e-01   9.843816e-01   0.000000e+00  -6.185133e+00  -1.105890e+00   0.000000e+00
0     4.129834e+01   0.000000e+00   0.000000e+00   0.000000e+00   0.000000e+00   0.000000e+00   0.000000e+00
1     4.129834e+01  -7.209135e-01   6.930194e-01   0.000000e+00  -4.354419e+00  -4.529646e+00   0.000000e+00
0     4.139831e+01   0.000000e+00   0.000000e+00   0.000000e+00   0.000000e+00   0.000000e+00   0.000000e+00
1     4.139831e+01  -9.905621e-01   1.370521e-01   0.000000e+00  -8.611423e-01  -6.223898e+00   0.000000e+00
0     4.149829e+01   0.000000e+00   0.000000e+00   0.000000e+00   0.000000e+00   0.000000e+00   0.000000e+00
1     4.149829e+01  -8.820022e-01  -4.712435e-01   0.000000e+00   2.960912e+00  -5.541787e+00   0.000000e+00
0     4.159827e+01   0.000000e+00   0.000000e+00   0.000000e+00   0.000000e+00   0.000000e+00   0.000000e+00
1     4.159827e+01  -4.366840e-01  -8.996131e-01   0.000000e+00   5.652456e+00  -2.743759e+00   0.000000e+00
0     4.169825e+01   0.000000e+00   0.000000e+00   0.000000e+00   0.000000e+00   0.000000e+00   0.000000e+00
1     4.169825e+01   1.753652e-01  -9.844995e-01   0.000000e+00   6.185830e+00   1.101886e+00   0.000000e+00
0     4.179998e+01   0.000000e+00   0.000000e+00   0.000000e+00   0.000000e+00   0.000000e+00   0.000000e+00
1     4.179998e+01   7.280561e-01  -6.855077e-01   0.000000e+00   4.307206e+00   4.574587e+00   0.000000e+00
0     4.189996e+01   0.000000e+00   0.000000e+00   0.000000e+00   0.000000e+00   0.000000e+00   0.000000e+00
1     4.189996e+01   9.919231e-01  -1.267699e-01   0.000000e+00   7.965157e-01   6.232544e+00   0.000000e+00
0     4.199994e+01   0.000000e+00   0.000000e+00   0.000000e+00   0.000000e+00   0.000000e+00   0.000000e+00
1     4.199994e+01   8.770542e-01   4.803710e-01   0.000000e+00  -3.018317e+00   5.510796e+00   0.000000e+00
0     4.209992e+01   0.000000e+00   0.000000e+00   0.000000e+00   0.000000e+00   0.000000e+00   0.000000e+00
1     4.209992e+01   4.273077e-01   9.040963e-01   0.000000e+00  -5.680694e+00   2.684914e+00   0.000000e+00
0     4.219990e+01   0.000000e+00   0.000000e+00   0.000000e+00   0.000000e+00   0.000000e+00   0.000000e+00
1     4.219990e+01  -1.855935e-01   9.826197e-01   0.000000e+00  -6.174064e+00  -1.166107e+00   0.000000e+00
0     4.229988e+01   0.000000e+00   0.000000e+00   0.000000e+00   0.000000e+00   0.000000e+00   0.000000e+00
1     4.229988e+01  -7.276321e-01   6.859617e-01   0.000000e+00  -4.310074e+00  -4.571861e+00   0.000000e+00
0     4.239986e+01   0.000000e+00   0.000000e+00   0.000000e+00   0.000000e+00   0.000000e+00   0.000000e+00
1     4.239986e+01  -9.918504e-01   1.273933e-01   0.000000e+00  -8.004538e-01  -6.231994e+00   0.000000e+00
0     4.249983e+01   0.000000e+00   0.000000e+00   0.000000e+00   0.000000e+00   0.000000e+00   0.000000e+00
1     4.249983e+01  -8.773682e-01  -4.798156e-01   0.000000e+00   3.014773e+00  -5.512672e+00   0.000000e+00
0     4.259981e+01   0.000000e+00   0.000000e+00   0.000000e+00   0.000000e+00   0.000000e+00   0.000000e+00
1     4.259981e+01  -4.278969e-01  -9.038255e-01   0.000000e+00   5.678925e+00  -2.688548e+00   0.000000e+00
0     4.269979e+01   0.000000e+00   0.000000e+00   0.000000e+00   0.000000e+00   0.000000e+00   0.000000e+00
1     4.269979e+01   1.849505e-01  -9.827437e-01   0.000000e+00   6.174800e+00   1.162113e+00   0.000000e+00
0     4.279977e+01   0.000000e+00   0.000000e+00   0.000000e+00   0.000000e+00   0.000000e+00   0.000000e+00
1     4.279977e+01   7.271808e-01  -6.864360e-01   0.000000e+00   4.313040e+00   4.569088e+00   0.000000e+00
0     4.289975e+01   0.000000e+00   0.000000e+00   0.000000e+00   0.000000e+00   0.000000e+00   0.000000e+00
1     4.289975e+01   9.917605e-01  -1.280352e-01   0.000000e+00   8.044660e-01   6.231523e+00   0.000000e+00
0     4.299973e+01   0.000000e+00   0.000000e+00   0.000000e+00   0.000000e+00   0.000000e+00   0.000000e+00
1     4.299973e+01   8.776661e-01   4.792518e-01   0.000000e+00  -3.011285e+00   5.514642e+00   0.000000e+00
0     4.309971e+01   0.000000e+00   0.000000e+00   0.000000e+00   0.000000e+00   0.000000e+00   0.000000e+00
1     4.309971e+01   4.284605e-01   9.035504e-01   0.000000e+00  -5.677265e+00   2.692157e+00   0.000000e+00
0     4.319969e+01   0.000000e+00   0.000000e+00   0.000000e+00   0.000000e+00   0.000000e+00   0.000000e+00
1     4.319969e+01  -1.843401e-01   9.828555e-01   0.000000e+00  -6.175547e+00  -1.158232e+00   0.000000e+00
0     4.329966e+01   0.000000e+00   0.000000e+00   0.000000e+00   0.000000e+00   0.000000e+00   0.000000e+00
1     4.329966e+01  -7.267567e-01   6.868889e-01   0.000000e+00  -4.315901e+00  -4.566362e+00   0.000000e+00
0     4.339964e+01   0.000000e+00   0.000000e+00   0.000000e+00   0.000000e+00   0.000000e+00   0.000000e+00
1     4.339964e+01  -9.916871e-01   1.286579e-01   0.000000e+00  -8.083996e-01  -6.230969e+00   0.000000e+00
0     4.349962e+01   0.000000e+00   0.000000e+00   0.000000e+00   0.000000e+00   0.000000e+00   0.000000e+00
1     4.349962e+01  -8.779791e-01  -4.786966e-01   0.000000e+00   3.007743e+00  -5.516512e+00   0.000000e+00
0     4.359960e+01   0.000000e+00   0.000000e+00   0.000000e+00   0.000000e+00   0.000000e+00   0.000000e+00
1     4.359960e+01  -4.290487e-01  -9.032791e-01   0.000000e+00   5.675493e+00  -2.695785e+00   0.000000e+00
0     4.369958e+01   0.000000e+00   0.000000e+00   0.000000e+00   0.000000e+00   0.000000e+00   0.000000e+00
1     4.369958e+01   1.836976e-01  -9.829785e-01   0.000000e+00   6.176276e+00   1.154241e+00   0.000000e+00
0     4.379956e+01   0.000000e+00   0.000000e+00   0.000000e+00   0.000000e+00   0.000000e+00   0.000000e+00
1     4.379956e+01   7.263052e-01  -6.873622e-01   0.000000e+00   4.318860e+00   4.563587e+00   0.000000e+00
0     4.389954e+01   0.000000e+00   0.000000e+00   0.000000e+00   0.000000e+00   0.000000e+00   0.000000e+00
1     4.389954e+01   9.915964e-01  -1.292991e-01   0.000000e+00   8.124077e-01   6.230493e+00   0.000000e+00
0     4.399952e+01   0.000000e+00   0.000000e+00   0.000000e+00   0.000000e+00   0.000000e+00   0.000000e+00
1     4.399952e+01   8.782760e-01   4.781329e-01   0.000000e+00  -3.004255e+00   5.518476e+00   0.000000e+00
0     4.409949e+01   0.000000e+00   0.000000e+00   0.000000e+00   0.000000e+00   0.000000e+00   0.000000e+00
1     4.409949e+01   4.296114e-01   9.030036e-01   0.000000e+00  -5.673830e+00   2.699390e+00   0.000000e+00
0     4.419947e+01   0.000000e+00   0.000000e+00   0.000000e+00   0.000000e+00   0.000000e+00   0.000000e+00
1     4.419947e+01  -1.830876e-01   9.830894e-01   0.000000e+00  -6.177018e+00  -1.150362e+00   0.000000e+00
0     4.429945e+01   0.000000e+00   0.000000e+00   0.000000e+00   0.000000e+00   0.000000e+00   0.000000e+00
1     4.429945e+01  -7.258809e-01   6.878141e-01   0.000000e+00  -4.321715e+00  -4.560860e+00   0.000000e+00
0     4.439943e+01   0.000000e+00   0.000000e+00   0.000000e+00   0.000000e+00   0.000000e+00   0.000000e+00
1     4.439943e+01  -9.915222e-01   1.299210e-01   0.000000e+00  -8.163363e-01  -6.229935e+00   0.000000e+00
0     4.449941e+01   0.000000e+00   0.000000e+00   0.000000e+00   0.000000e+00   0.000000e+00   0.000000e+00
1     4.449941e+01  -8.785880e-01  -4.775778e-01   0.000000e+00   3.000714e+00  -5.520339e+00   0.000000e+00
0     4.459939e+01   0.000000e+00   0.000000e+00   0.000000e+00   0.000000e+00   0.000000e+00   0.000000e+00
1     4.459939e+01  -4.301987e-01  -9.027319e-01   0.000000e+00   5.672056e+00  -2.703012e+00   0.000000e+00
0     4.469937e+01   0.000000e+00   0.000000e+00   0.000000e+00   0.000000e+00   0.000000e+00   0.000000e+00
1     4.469937e+01   1.824456e-01  -9.832115e-01   0.000000e+00   6.177742e+00   1.146374e+00   0.000000e+00
0     4.479935e+01   0.000000e+00   0.000000e+00   0.000000e+00   0.000000e+00   0.000000e+00   0.000000e+00
1     4.479935e+01   7.254292e-01  -6.882864e-01   0.000000e+00   4.324668e+00   4.558084e+00   0.000000e+00
0     4.489932e+01   0.000000e+00   0.000000e+00   0.000000e+00   0.000000e+00   0.000000e+00   0.000000e+00
1     4.489932e+01   9.914308e-01  -1.305615e-01   0.000000e+00   8.203400e-01   6.229454e+00   0.000000e+00
0     4.499930e+01   0.000000e+00   0.000000e+00   0.000000e+00   0.000000e+00   0.000000e+00   0.000000e+00
1     4.499930e+01   8.788839e-01   4.770143e-01   0.000000e+00  -2.997227e+00   5.522297e+00   0.000000e+00
0     4.509928e+01   0.000000e+00   0.000000e+00   0.000000e+00   0.000000e+00   0.000000e+00   0.000000e+00
1     4.509928e+01   4.307606e-01   9.024559e-01   0.000000e+00  -5.670390e+00   2.706611e+00   0.000000e+00
0     4.519926e+01   0.000000e+00   0.000000e+00   0.000000e+00   0.000000e+00   0.000000e+00   0.000000e+00
1     4.519926e+01  -1.818361e-01   9.833215e-01   0.000000e+00  -6.178477e+00  -1.142499e+00   0.000000e+00
0     4.529924e+01   0.000000e+00   0.000000e+00   0.000000e+00   0.000000e+00   0.000000e+00   0.000000e+00
1     4.529924e+01  -7.250048e-01   6.887374e-01   0.000000e+00  -4.327517e+00  -4.555356e+00   0.000000e+00
0     4.539922e+01   0.000000e+00   0.000000e+00   0.000000e+00   0.000000e+00   0.000000e+00   0.000000e+00
1     4.539922e+01  -9.913559e-01   1.311827e-01   0.000000e+00  -8.242643e-01  -6.228891e+00   0.000000e+00
0     4.549920e+01   0.000000e+00   0.000000e+00   0.000000e+00   0.000000e+00   0.000000e+00   0.000000e+00
1     4.549920e+01  -8.791949e-01  -4.764593e-01   0.000000e+00   2.993687e+00  -5.524153e+00   0.000000e+00
0     4.559917e+01   0.000000e+00   0.000000e+00   0.000000e+00   0.000000e+00   0.000000e+00   0.000000e+00
1     4.559917e+01  -4.313470e-01  -9.021836e-01   0.000000e+00   5.668612e+00  -2.710227e+00   0.000000e+00
0     4.569915e+01   0.000000e+00   0.000000e+00   0.000000e+00   0.000000e+00   0.000000e+00   0.000000e+00
1     4.569915e+01   1.811946e-01  -9.834427e-01   0.000000e+00   6.179195e+00   1.138514e+00   0.000000e+00
0     4.579913e+01   0.000000e+00   0.000000e+00   0.000000e+00   0.000000e+00   0.000000e+00   0.000000e+00
1     4.579913e+01   7.245530e-01  -6.892086e-01   0.000000e+00   4.330463e+00   4.552579e+00   0.000000e+00
0     4.589911e+01   0.000000e+00   0.000000e+00   0.000000e+00   0.000000e+00   0.000000e+00   0.000000e+00
1     4.589911e+01   9.912638e-01  -1.318225e-01   0.000000e+00   8.282633e-01   6.228406e+00   0.000000e+00
0     4.599909e+01   0.000000e+00   0.000000e+00   0.000000e+00   0.000000e+00   0.000000e+00   0.000000e+00
1     4.599909e+01   8.794898e-01   4.758960e-01   0.000000e+00  -2.990201e+00   5.526105e+00   0.000000e+00
0     4.609907e+01   0.000000e+00   0.000000e+00   0.000000e+00   0.000000e+00   0.000000e+00   0.000000e+00
1     4.609907e+01   4.319079e-01   9.019072e-01   0.000000e+00  -5.666944e+00   2.713820e+00   0.000000e+00
0     4.619905e+01   0.000000e+00   0.000000e+00   0.000000e+00   0.000000e+00   0.000000e+00   0.000000e+00
1     4.619905e+01  -1.805855e-01   9.835518e-01   0.000000e+00  -6.179926e+00  -1.134641e+00   0.000000e+00
0     4.629903e+01   0.000000e+00   0.000000e+00   0.000000e+00   0.000000e+00   0.000000e+00   0.000000e+00
1     4.629903e+01  -7.241283e-01   6.896586e-01   0.000000e+00  -4.333306e+00  -4.549850e+00   0.000000e+00
0     4.639900e+01   0.000000e+00   0.000000e+00   0.000000e+00   0.000000e+00   0.000000e+00   0.000000e+00
1     4.639900e+01  -9.911882e-01   1.324430e-01   0.000000e+00  -8.321831e-01  -6.227839e+00   0.000000e+00
0     4.649898e+01   0.000000e+00   0.000000e+00   0.000000e+00   0.000000e+00   0.000000e+00   0.000000e+00
1     4.649898e+01  -8.797998e-01  -4.753412e-01   0.000000e+00   2.986662e+00  -5.527955e+00   0.000000e+00
0     4.659896e+01   0.000000e+00   0.000000e+00   0.000000e+00   0.000000e+00   0.000000e+00   0.000000e+00
1     4.659896e+01  -4.324934e-01  -9.016345e-01   0.000000e+00   5.665163e+00  -2.717431e+00   0.000000e+00
0     4.669894e+01   0.000000e+00   0.000000e+00   0.000000e+00   0.000000e+00   0.000000e+00   0.000000e+00
1     4.669894e+01   1.799444e-01  -9.836721e-01   0.000000e+00   6.180638e+00   1.130659e+00   0.000000e+00
0     4.679892e+01   0.000000e+00   0.000000e+00   0.000000e+00   0.000000e+00   0.000000e+00   0.000000e+00
1     4.679892e+01   7.236763e-01  -6.901289e-01   0.000000e+00   4.336246e+00   4.547072e+00   0.000000e+00
0     4.689890e+01   0.000000e+00   0.000000e+00   0.000000e+00   0.000000e+00   0.000000e+00   0.000000e+00
1     4.689890e+01   9.910953e-01  -1.330821e-01   0.000000e+00   8.361779e-01   6.227349e+00   0.000000e+00
0     4.699888e+01   0.000000e+00   0.000000e+00   0.000000e+00   0.000000e+00   0.000000e+00   0.000000e+00
1     4.699888e+01   8.800937e-01   4.747780e-01   0.000000e+00  -2.983177e+00   5.529900e+00   0.000000e+00
0     4.709886e+01   0.000000e+00   0.000000e+00   0.000000e+00   0.000000e+00   0.000000e+00   0.000000e+00
1     4.709886e+01   4.330534e-01   9.013576e-01   0.000000e+00  -5.663491e+00   2.721018e+00   0.000000e+00
0     4.719883e+01   0.000000e+00   0.000000e+00   0.000000e+00   0.000000e+00   0.000000e+00   0.000000e+00
1     4.719883e+01  -1.793358e-01   9.837803e-01   0.000000e+00  -6.181363e+00  -1.126789e+00   0.000000e+00
0     4.729881e+01   0.000000e+00   0.000000e+00   0.000000e+00   0.000000e+00   0.000000e+00   0.000000e+00
1     4.729881e+01  -7.232516e-01   6.905778e-01   0.000000e+00  -4.339082e+00  -4.544342e+00   0.000000e+00
0     4.739879e+01   0.000000e+00   0.000000e+00   0.000000e+00   0.000000e+00   0.000000e+00   0.000000e+00
1     4.739879e+01  -9.910191e-01   1.337018e-01   0.000000e+00  -8.400927e-01  -6.226777e+00   0.000000e+00
0     4.749877e+01   0.000000e+00   0.000000e+00   0.000000e+00   0.000000e+00   0.000000e+00   0.000000e+00
1     4.749877e+01  -8.804027e-01  -4.742234e-01   0.000000e+00   2.979639e+00  -5.531744e+00   0.000000e+00
0     4.759875e+01   0.000000e+00   0.000000e+00   0.000000e+00   0.000000e+00   0.000000e+00   0.000000e+00
1     4.759875e+01  -4.336380e-01  -9.010844e-01   0.000000e+00   5.661708e+00  -2.724623e+00   0.000000e+00
0     4.769873e+01   0.000000e+00   0.000000e+00   0.000000e+00   0.000000e+00   0.000000e+00   0.000000e+00
1     4.769873e+01   1.786952e-01  -9.838997e-01   0.000000e+00   6.182069e+00   1.122810e+00   0.000000e+00
0     4.779871e+01   0.000000e+00   0.000000e+00   0.000000e+00   0.000000e+00   0.000000e+00   0.000000e+00
1     4.779871e+01   7.227994e-01  -6.910470e-01   0.000000e+00   4.342016e+00   4.541563e+00   0.000000e+00
0     4.789869e+01   0.000000e+00   0.000000e+00   0.000000e+00   0.000000e+00   0.000000e+00   0.000000e+00
1     4.789869e+01   9.909255e-01  -1.343402e-01   0.000000e+00   8.440831e-01   6.226283e+00   0.000000e+00
0     4.799866e+01   0.000000e+00   0.000000e+00   0.000000e+00   0.000000e+00   0.000000e+00   0.000000e+00
1     4.799866e+01   8.806956e-01   4.736603e-01   0.000000e+00  -2.976155e+00   5.533683e+00   0.000000e+00
0     4.809864e+01   0.000000e+00   0.000000e+00   0.000000e+00   0.000000e+00   0.000000e+00   0.000000e+00
1     4.809864e+01   4.341971e-01   9.008070e-01   0.000000e+00  -5.660033e+00   2.728205e+00   0.000000e+00
0     4.819862e+01   0.000000e+00   0.000000e+00   0.000000e+00   0.000000e+00   0.000000e+00   0.000000e+00
1     4.819862e+01  -1.780870e-01   9.840070e-01   0.000000e+00  -6.182788e+00  -1.118943e+00   0.000000e+00
0     4.829860e+01   0.000000e+00   0.000000e+00   0.000000e+00   0.000000e+00   0.000000e+00   0.000000e+00
1     4.829860e+01  -7.223745e-01   6.914950e-01   0.000000e+00  -4.344846e+00  -4.538832e+00   0.000000e+00
0     4.839858e+01   0.000000e+00   0.000000e+00   0.000000e+00   0.000000e+00   0.000000e+00   0.000000e+00
1     4.839858e+01  -9.908485e-01   1.349593e-01   0.000000e+00  -8.479936e-01  -6.225706e+00   0.000000e+00
0     4.849856e+01   0.000000e+00   0.000000e+00   0.000000e+00   0.000000e+00   0.000000e+00   0.000000e+00
1     4.849856e+01  -8.810035e-01  -4.731059e-01   0.000000e+00   2.972618e+00  -5.535520e+00   0.000000e+00
0     4.859854e+01   0.000000e+00   0.000000e+00   0.000000e+00   0.000000e+00   0.000000e+00   0.000000e+00
1     4.859854e+01  -4.347807e-01  -9.005334e-01   0.000000e+00   5.658247e+00  -2.731804e+00   0.000000e+00
0     4.869852e+01   0.000000e+00   0.000000e+00   0.000000e+00   0.000000e+00   0.000000e+00   0.000000e+00
1     4.869852e+01   1.774469e-01  -9.841254e-01   0.000000e+00   6.183489e+00   1.114967e+00   0.000000e+00
0     4.879849e+01   0.000000e+00   0.000000e+00   0.000000e+00   0.000000e+00   0.000000e+00   0.000000e+00
1     4.879849e+01   7.219222e-01  -6.919632e-01   0.000000e+00   4.347774e+00   4.536052e+00   0.000000e+00
0     4.889847e+01   0.000000e+00   0.000000e+00   0.000000e+00   0.000000e+00   0.000000e+00   0.000000e+00
1     4.889847e+01   9.907541e-01  -1.355969e-01   0.000000e+00   8.519794e-01   6.225208e+00   0.000000e+00
0     4.899845e+01   0.000000e+00   0.000000e+00   0.000000e+00   0.000000e+00   0.000000e+00   0.000000e+00
1     4.899845e+01   8.812955e-01   4.725429e-01   0.000000e+00  -2.969135e+00   5.537453e+00   0.000000e+00
0     4.909843e+01   0.000000e+00   0.000000e+00   0.000000e+00   0.000000e+00   0.000000e+00   0.000000e+00
1     4.909843e+01   4.353390e-01   9.002556e-01   0.000000e+00  -5.656570e+00   2.735380e+00   0.000000e+00
0     4.919841e+01   0.000000e+00   0.000000e+00   0.000000e+00   0.000000e+00   0.000000e+00   0.000000e+00
1     4.919841e+01  -1.768392e-01   9.842319e-01   0.000000e+00  -6.184203e+00  -1.111103e+00   0.000000e+00
0     4.929839e+01   0.000000e+00   0.000000e+00   0.000000e+00   0.000000e+00   0.000000e+00   0.000000e+00
1     4.929839e+01  -7.214972e-01   6.924102e-01   0.000000e+00  -4.350598e+00  -4.533321e+00   0.000000e+00
0     4.939837e+01   0.000000e+00   0.000000e+00   0.000000e+00   0.000000e+00   0.000000e+00   0.000000e+00
1     4.939837e+01  -9.906765e-01   1.362152e-01   0.000000e+00  -8.558852e-01  -6.224627e+00   0.000000e+00
0     4.949834e+01   0.000000e+00   0.000000e+00   0.000000e+00   0.000000e+00   0.000000e+00   0.000000e+00
1     4.949834e+01  -8.816024e-01  -4.719887e-01   0.000000e+00   2.965599e+00  -5.539284e+00   0.000000e+00
0     4.959832e+01   0.000000e+00   0.000000e+00   0.000000e+00   0.000000e+00   0.000000e+00   0.000000e+00
1     4.959832e+01  -4.359217e-01  -8.999815e-01   0.000000e+00   5.654780e+00  -2.738973e+00   0.000000e+00
0     4.969830e+01   0.000000e+00   0.000000e+00   0.000000e+00   0.000000e+00   0.000000e+00   0.000000e+00
1     4.969830e+01   1.761995e-01  -9.843494e-01   0.000000e+00   6.184897e+00   1.107130e+00   0.000000e+00
0     4.979828e+01   0.000000e+00   0.000000e+00   0.000000e+00   0.000000e+00   0.000000e+00   0.000000e+00
1     4.979828e+01   7.210447e-01  -6.928774e-01   0.000000e+00   4.353519e+00   4.530539e+00   0.000000e+00
0     4.989826e+01   0.000000e+00   0.000000e+00   0.000000e+00   0.000000e+00   0.000000e+00   0.000000e+00
1     4.989826e+01   9.905814e-01  -1.368521e-01   0.000000e+00   8.598666e-01   6.224124e+00   0.000000e+00
0     4.999999e+01   0.000000e+00   0.000000e+00   0.000000e+00   0.000000e+00   0.000000e+00   0.000000e+00
1     4.999999e+01   8.766443e-01   4.811165e-01   0.000000e+00  -3.023005e+00   5.508230e+00   0.000000e+00
0     5.009997e+01   0.000000e+00   0.000000e+00   0.000000e+00   0.000000e+00   0.000000e+00   0.000000e+00
1     5.009997e+01   4.265371e-01   9.044590e-01   0.000000e+00  -5.682982e+00   2.680076e+00   0.000000e+00
0     5.019995e+01   0.000000e+00   0.000000e+00   0.000000e+00   0.000000e+00   0.000000e+00   0.000000e+00
1     5.019995e+01  -1.864310e-01   9.824601e-01   0.000000e+00  -6.173071e+00  -1.171371e+00   0.000000e+00
0     5.029993e+01   0.000000e+00   0.000000e+00   0.000000e+00   0.000000e+00   0.000000e+00   0.000000e+00
1     5.029993e+01  -7.282166e-01   6.853396e-01   0.000000e+00  -4.306172e+00  -4.575541e+00   0.000000e+00
0     5.039991e+01   0.000000e+00   0.000000e+00   0.000000e+00   0.000000e+00   0.000000e+00   0.000000e+00
1     5.039991e+01  -9.919579e-01   1.265454e-01   0.000000e+00  -7.951279e-01  -6.232679e+00   0.000000e+00
0     5.049989e+01   0.000000e+00   0.000000e+00   0.000000e+00   0.000000e+00   0.000000e+00   0.000000e+00
1     5.049989e+01  -8.769564e-01  -4.805656e-01   0.000000e+00   3.019491e+00  -5.510094e+00   0.000000e+00
0     5.059986e+01   0.000000e+00   0.000000e+00   0.000000e+00   0.000000e+00   0.000000e+00   0.000000e+00
1     5.059986e+01  -4.271221e-01  -9.041907e-01   0.000000e+00   5.681229e+00  -2.683683e+00   0.000000e+00
0     5.069984e+01   0.000000e+00   0.000000e+00   0.000000e+00   0.000000e+00   0.000000e+00   0.000000e+00
1     5.069984e+01   1.857930e-01  -9.825837e-01   0.000000e+00   6.173804e+00   1.167409e+00   0.000000e+00
0     5.079982e+01   0.000000e+00   0.000000e+00   0.000000e+00   0.000000e+00   0.000000e+00   0.000000e+00
1     5.079982e+01   7.277691e-01  -6.858107e-01   0.000000e+00   4.309117e+00   4.572792e+00   0.000000e+00
0     5.089980e+01   0.000000e+00   0.000000e+00   0.000000e+00   0.000000e+00   0.000000e+00   0.000000e+00
1     5.089980e+01   9.918691e-01  -1.271825e-01   0.000000e+00   7.991098e-01   6.232216e+00   0.000000e+00
0     5.099978e+01   0.000000e+00   0.000000e+00   0.000000e+00   0.000000e+00   0.000000e+00   0.000000e+00
1     5.099978e+01   8.772524e-01   4.800064e-01   0.000000e+00  -3.016031e+00   5.512052e+00   0.000000e+00
0     5.109976e+01   0.000000e+00   0.000000e+00   0.000000e+00   0.000000e+00   0.000000e+00   0.000000e+00
1     5.109976e+01   4.276814e-01   9.039183e-01   0.000000e+00  -5.679585e+00   2.687267e+00   0.000000e+00
0     5.119974e+01   0.000000e+00   0.000000e+00   0.000000e+00   0.000000e+00   0.000000e+00   0.000000e+00
1     5.119974e+01  -1.851876e-01   9.826951e-01   0.000000e+00  -6.174549e+00  -1.163558e+00   0.000000e+00
0     5.129972e+01   0.000000e+00   0.000000e+00   0.000000e+00   0.000000e+00   0.000000e+00   0.000000e+00
1     5.129972e+01  -7.273488e-01   6.862604e-01   0.000000e+00  -4.311958e+00  -4.570089e+00   0.000000e+00
0     5.139969e+01   0.000000e+00   0.000000e+00   0.000000e+00   0.000000e+00   0.000000e+00   0.000000e+00
1     5.139969e+01  -9.917969e-01   1.278004e-01   0.000000e+00  -8.030130e-01  -6.231669e+00   0.000000e+00
0     5.149967e+01   0.000000e+00   0.000000e+00   0.000000e+00   0.000000e+00   0.000000e+00   0.000000e+00
1     5.149967e+01  -8.775636e-01  -4.794558e-01   0.000000e+00   3.012518e+00  -5.513909e+00   0.000000e+00
0     5.159965e+01   0.000000e+00   0.000000e+00   0.000000e+00   0.000000e+00   0.000000e+00   0.000000e+00
1     5.159965e+01  -4.282654e-01  -9.036496e-01   0.000000e+00   5.677830e+00  -2.690868e+00   0.000000e+00
0     5.169963e+01   0.000000e+00   0.000000e+00   0.000000e+00   0.000000e+00   0.000000e+00   0.000000e+00
1     5.169963e+01   1.845501e-01  -9.828177e-01   0.000000e+00   6.175276e+00   1.159599e+00   0.000000e+00
0     5.179961e+01   0.000000e+00   0.000000e+00   0.000000e+00   0.000000e+00   0.000000e+00   0.000000e+00
1     5.179961e+01   7.269011e-01  -6.867305e-01   0.000000e+00   4.314898e+00   4.567338e+00   0.000000e+00
0     5.189959e+01   0.000000e+00   0.000000e+00   0.000000e+00   0.000000e+00   0.000000e+00   0.000000e+00
1     5.189959e+01   9.917073e-01  -1.284367e-01   0.000000e+00   8.069906e-01   6.231201e+00   0.000000e+00
0     5.199957e+01   0.000000e+00   0.000000e+00   0.000000e+00   0.000000e+00   0.000000e+00   0.000000e+00
1     5.199957e+01   8.778586e-01   4.788967e-01   0.000000e+00  -3.009059e+00   5.515862e+00   0.000000e+00
0     5.209955e+01   0.000000e+00   0.000000e+00   0.000000e+00   0.000000e+00   0.000000e+00   0.000000e+00
1     5.209955e+01   4.288239e-01   9.033767e-01   0.000000e+00  -5.676184e+00   2.694446e+00   0.000000e+00
0     5.219952e+01   0.000000e+00   0.000000e+00   0.000000e+00   0.000000e+00   0.000000e+00   0.000000e+00
1     5.219952e+01  -1.839450e-01   9.829283e-01   0.000000e+00  -6.176015e+00  -1.155752e+00   0.000000e+00
0     5.229950e+01   0.000000e+00   0.000000e+00   0.000000e+00   0.000000e+00   0.000000e+00   0.000000e+00
1     5.229950e+01  -7.264806e-01   6.871792e-01   0.000000e+00  -4.317732e+00  -4.564635e+00   0.000000e+00
0     5.239948e+01   0.000000e+00   0.000000e+00   0.000000e+00   0.000000e+00   0.000000e+00   0.000000e+00
1     5.239948e+01  -9.916344e-01   1.290539e-01   0.000000e+00  -8.108892e-01  -6.230649e+00   0.000000e+00
0     5.249946e+01   0.000000e+00   0.000000e+00   0.000000e+00   0.000000e+00   0.000000e+00   0.000000e+00
1     5.249946e+01  -8.781687e-01  -4.783462e-01   0.000000e+00   3.005547e+00  -5.517713e+00   0.000000e+00
0     5.259944e+01   0.000000e+00   0.000000e+00   0.000000e+00   0.000000e+00   0.000000e+00   0.000000e+00
1     5.259944e+01  -4.294070e-01  -9.031076e-01   0.000000e+00   5.674425e+00  -2.698041e+00   0.000000e+00
0     5.269942e+01   0.000000e+00   0.000000e+00   0.000000e+00   0.000000e+00   0.000000e+00   0.000000e+00
1     5.269942e+01   1.833080e-01  -9.830500e-01   0.000000e+00   6.176737e+00   1.151795e+00   0.000000e+00
0     5.279940e+01   0.000000e+00   0.000000e+00   0.000000e+00   0.000000e+00   0.000000e+00   0.000000e+00
1     5.279940e+01   7.260327e-01  -6.876483e-01   0.000000e+00   4.320665e+00   4.561883e+00   0.000000e+00
0     5.289938e+01   0.000000e+00   0.000000e+00   0.000000e+00   0.000000e+00   0.000000e+00   0.000000e+00
1     5.289938e+01   9.915442e-01  -1.296895e-01   0.000000e+00   8.148623e-01   6.230177e+00   0.000000e+00
0     5.299935e+01   0.000000e+00   0.000000e+00   0.000000e+00   0.000000e+00   0.000000e+00   0.000000e+00
1     5.299935e+01   8.784627e-01   4.777873e-01   0.000000e+00  -3.002089e+00   5.519659e+00   0.000000e+00
0     5.309933e+01   0.000000e+00   0.000000e+00   0.000000e+00   0.000000e+00   0.000000e+00   0.000000e+00
1     5.309933e+01   4.299646e-01   9.028342e-01   0.000000e+00  -5.672776e+00   2.701613e+00   0.000000e+00
0     5.319931e+01   0.000000e+00   0.000000e+00   0.000000e+00   0.000000e+00   0.000000e+00   0.000000e+00
1     5.319931e+01  -1.827034e-01   9.831597e-01   0.000000e+00  -6.177470e+00  -1.147950e+00   0.000000e+00
0     5.329929e+01   0.000000e+00   0.000000e+00   0.000000e+00   0.000000e+00   0.000000e+00   0.000000e+00
1     5.329929e+01  -7.256121e-01   6.880960e-01   0.000000e+00  -4.323494e+00  -4.559179e+00   0.000000e+00
0     5.339927e+01   0.000000e+00   0.000000e+00   0.000000e+00   0.000000e+00   0.000000e+00   0.000000e+00
1     5.339927e+01  -9.914705e-01   1.303059e-01   0.000000e+00  -8.187563e-01  -6.229621e+00   0.000000e+00
0     5.349925e+01   0.000000e+00   0.000000e+00   0.000000e+00   0.000000e+00   0.000000e+00   0.000000e+00
1     5.349925e+01  -8.787719e-01  -4.772370e-01   0.000000e+00   2.998578e+00  -5.521504e+00   0.000000e+00
0     5.359923e+01   0.000000e+00   0.000000e+00   0.000000e+00   0.000000e+00   0.000000e+00   0.000000e+00
1     5.359923e+01  -4.305468e-01  -9.025646e-01   0.000000e+00   5.671015e+00  -2.705203e+00   0.000000e+00
0     5.369920e+01   0.000000e+00   0.000000e+00   0.000000e+00   0.000000e+00   0.000000e+00   0.000000e+00
1     5.369920e+01   1.820668e-01  -9.832805e-01   0.000000e+00   6.178186e+00   1.143997e+00   0.000000e+00
0     5.379918e+01   0.000000e+00   0.000000e+00   0.000000e+00   0.000000e+00   0.000000e+00   0.000000e+00
1     5.379918e+01   7.251641e-01  -6.885641e-01   0.000000e+00   4.326420e+00   4.556426e+00   0.000000e+00
0     5.389916e+01   0.000000e+00   0.000000e+00   0.000000e+00   0.000000e+00   0.000000e+00   0.000000e+00
1     5.389916e+01   9.913796e-01  -1.309408e-01   0.000000e+00   8.227250e-01   6.229144e+00   0.000000e+00
0     5.399914e+01   0.000000e+00   0.000000e+00   0.000000e+00   0.000000e+00   0.000000e+00   0.000000e+00
1     5.399914e+01   8.790649e-01   4.766782e-01   0.000000e+00  -2.995121e+00   5.523443e+00   0.000000e+00
0     5.409912e+01   0.000000e+00   0.000000e+00   0.000000e+00   0.000000e+00   0.000000e+00   0.000000e+00
1     5.409912e+01   4.311035e-01   9.022908e-01   0.000000e+00  -5.669363e+00   2.708770e+00   0.000000e+00
0     5.419910e+01   0.000000e+00   0.000000e+00   0.000000e+00   0.000000e+00   0.000000e+00   0.000000e+00
1     5.419910e+01  -1.814627e-01   9.833893e-01   0.000000e+00  -6.178914e+00  -1.140155e+00   0.000000e+00
0     5.429908e+01   0.000000e+00   0.000000e+00   0.000000e+00   0.000000e+00   0.000000e+00   0.000000e+00
1     5.429908e+01  -7.247433e-01   6.890108e-01   0.000000e+00  -4.329243e+00  -4.553721e+00   0.000000e+00
0     5.439906e+01   0.000000e+00   0.000000e+00   0.000000e+00   0.000000e+00   0.000000e+00   0.000000e+00
1     5.439906e+01  -9.913052e-01   1.315565e-01   0.000000e+00  -8.266142e-01  -6.228583e+00   0.000000e+00
0     5.449903e+01   0.000000e+00   0.000000e+00   0.000000e+00   0.000000e+00   0.000000e+00   0.000000e+00
1     5.449903e+01  -8.793730e-01  -4.761281e-01   0.000000e+00   2.991611e+00  -5.525282e+00   0.000000e+00
0     5.459901e+01   0.000000e+00   0.000000e+00   0.000000e+00   0.000000e+00   0.000000e+00   0.000000e+00
1     5.459901e+01  -4.316847e-01  -9.020208e-01   0.000000e+00   5.667599e+00  -2.712354e+00   0.000000e+00
0     5.469899e+01   0.000000e+00   0.000000e+00   0.000000e+00   0.000000e+00   0.000000e+00   0.000000e+00
1     5.469899e+01   1.808266e-01  -9.835092e-01   0.000000e+00   6.179624e+00   1.136204e+00   0.000000e+00
0     5.479897e+01   0.000000e+00   0.000000e+00   0.000000e+00   0.000000e+00   0.000000e+00   0.000000e+00
1     5.479897e+01   7.242951e-01  -6.894779e-01   0.000000e+00   4.332163e+00   4.550967e+00   0.000000e+00
0     5.489895e+01   0.000000e+00   0.000000e+00   0.000000e+00   0.000000e+00   0.000000e+00   0.000000e+00
1     5.489895e+01   9.912135e-01  -1.321908e-01   0.000000e+00   8.305787e-01   6.228102e+00   0.000000e+00
0     5.499893e+01   0.000000e+00   0.000000e+00   0.000000e+00   0.000000e+00   0.000000e+00   0.000000e+00
1     5.499893e+01   8.796651e-01   4.755695e-01   0.000000e+00  -2.988155e+00   5.527216e+00   0.000000e+00
0     5.509891e+01   0.000000e+00   0.000000e+00   0.000000e+00   0.000000e+00   0.000000e+00   0.000000e+00
1     5.509891e+01   4.322405e-01   9.017465e-01   0.000000e+00  -5.665944e+00   2.715915e+00   0.000000e+00
0     5.519889e+01   0.000000e+00   0.000000e+00   0.000000e+00   0.000000e+00   0.000000e+00   0.000000e+00
1     5.519889e+01  -1.802230e-01   9.836171e-01   0.000000e+00  -6.180347e+00  -1.132366e+00   0.000000e+00
0     5.529886e+01   0.000000e+00   0.000000e+00   0.000000e+00   0.000000e+00   0.000000e+00   0.000000e+00
1     5.529886e+01  -7.238742e-01   6.899236e-01   0.000000e+00  -4.334979e+00  -4.548261e+00   0.000000e+00
0     5.539884e+01   0.000000e+00   0.000000e+00   0.000000e+00   0.000000e+00   0.000000e+00   0.000000e+00
1     5.539884e+01  -9.911385e-01   1.328057e-01   0.000000e+00  -8.344634e-01  -6.227537e+00   0.000000e+00
0     5.549882e+01   0.000000e+00   0.000000e+00   0.000000e+00   0.000000e+00   0.000000e+00   0.000000e+00
1     5.549882e+01  -8.799722e-01  -4.750195e-01   0.000000e+00   2.984646e+00  -5.529048e+00   0.000000e+00
0     5.559880e+01   0.000000e+00   0.000000e+00   0.000000e+00   0.000000e+00   0.000000e+00   0.000000e+00
1     5.559880e+01  -4.328209e-01  -9.014760e-01   0.000000e+00   5.664177e+00  -2.719493e+00   0.000000e+00
0     5.569878e+01   0.000000e+00   0.000000e+00   0.000000e+00   0.000000e+00   0.000000e+00   0.000000e+00
1     5.569878e+01   1.795874e-01  -9.837361e-01   0.000000e+00   6.181051e+00   1.128418e+00   0.000000e+00
0     5.579876e+01   0.000000e+00   0.000000e+00   0.000000e+00   0.000000e+00   0.000000e+00   0.000000e+00
1     5.579876e+01   7.234259e-01  -6.903897e-01   0.000000e+00   4.337893e+00   4.545506e+00   0.000000e+00
0     5.589874e+01   0.000000e+00   0.000000e+00   0.000000e+00   0.000000e+00   0.000000e+00   0.000000e+00
1     5.589874e+01   9.910461e-01  -1.334392e-01   0.000000e+00   8.384232e-01   6.227051e+00   0.000000e+00
0     5.599872e+01   0.000000e+00   0.000000e+00   0.000000e+00   0.000000e+00   0.000000e+00   0.000000e+00
1     5.599872e+01   8.802632e-01   4.744611e-01   0.000000e+00  -2.981191e+00   5.530975e+00   0.000000e+00
0     5.609869e+01   0.000000e+00   0.000000e+00   0.000000e+00   0.000000e+00   0.000000e+00   0.000000e+00
1     5.609869e+01   4.333758e-01   9.012013e-01   0.000000e+00  -5.662519e+00   2.723049e+00   0.000000e+00
0     5.619867e+01   0.000000e+00   0.000000e+00   0.000000e+00   0.000000e+00   0.000000e+00   0.000000e+00
1     5.619867e+01  -1.789842e-01   9.838432e-01   0.000000e+00  -6.181768e+00  -1.124582e+00   0.000000e+00
0     5.629865e+01   0.000000e+00   0.000000e+00   0.000000e+00   0.000000e+00   0.000000e+00   0.000000e+00
1     5.629865e+01  -7.230048e-01   6.908344e-01   0.000000e+00  -4.340703e+00  -4.542800e+00   0.000000e+00
0     5.639863e+01   0.000000e+00   0.000000e+00   0.000000e+00   0.000000e+00   0.000000e+00   0.000000e+00
1     5.639863e+01  -9.909704e-01   1.340534e-01   0.000000e+00  -8.423034e-01  -6.226482e+00   0.000000e+00
0     5.649861e+01   0.000000e+00   0.000000e+00   0.000000e+00   0.000000e+00   0.000000e+00   0.000000e+00
1     5.649861e+01  -8.805694e-01  -4.739113e-01   0.000000e+00   2.977683e+00  -5.532801e+00   0.000000e+00
0     5.659859e+01   0.000000e+00   0.000000e+00   0.000000e+00   0.000000e+00   0.000000e+00   0.000000e+00
1     5.659859e+01  -4.339552e-01  -9.009303e-01   0.000000e+00   5.660750e+00  -2.726621e+00   0.000000e+00
0     5.669857e+01   0.000000e+00   0.000000e+00   0.000000e+00   0.000000e+00   0.000000e+00   0.000000e+00
1     5.669857e+01   1.783490e-01  -9.839613e-01   0.000000e+00   6.182467e+00   1.120637e+00   0.000000e+00
0     5.679854e+01   0.000000e+00   0.000000e+00   0.000000e+00   0.000000e+00   0.000000e+00   0.000000e+00
1     5.679854e+01   7.225563e-01  -6.912995e-01   0.000000e+00   4.343610e+00   4.540044e+00   0.000000e+00
0     5.689852e+01   0.000000e+00   0.000000e+00   0.000000e+00   0.000000e+00   0.000000e+00   0.000000e+00
1     5.689852e+01   9.908773e-01  -1.346863e-01   0.000000e+00   8.462589e-01   6.225991e+00   0.000000e+00
0     5.699850e+01   0.000000e+00   0.000000e+00   0.000000e+00   0.000000e+00   0.000000e+00   0.000000e+00
1     5.699850e+01   8.808594e-01   4.733530e-01   0.000000e+00  -2.974229e+00   5.534722e+00   0.000000e+00
0     5.709848e+01   0.000000e+00   0.000000e+00   0.000000e+00   0.000000e+00   0.000000e+00   0.000000e+00
1     5.709848e+01   4.345093e-01   9.006552e-01   0.000000e+00  -5.659089e+00   2.730171e+00   0.000000e+00
0     5.719846e+01   0.000000e+00   0.000000e+00   0.000000e+00   0.000000e+00   0.000000e+00   0.000000e+00
1     5.719846e+01  -1.777463e-01   9.840674e-01   0.000000e+00  -6.183179e+00  -1.116804e+00   0.000000e+00
0     5.729844e+01   0.000000e+00   0.000000e+00   0.000000e+00   0.000000e+00   0.000000e+00   0.000000e+00
1     5.729844e+01  -7.221351e-01   6.917433e-01   0.000000e+00  -4.346414e+00  -4.537336e+00   0.000000e+00
0     5.739842e+01   0.000000e+00   0.000000e+00   0.000000e+00   0.000000e+00   0.000000e+00   0.000000e+00
1     5.739842e+01  -9.908008e-01   1.352997e-01   0.000000e+00  -8.501342e-01  -6.225418e+00   0.000000e+00
0     5.749840e+01   0.000000e+00   0.000000e+00   0.000000e+00   0.000000e+00   0.000000e+00   0.000000e+00
1     5.749840e+01  -8.811646e-01  -4.728034e-01   0.000000e+00   2.970723e+00  -5.536542e+00   0.000000e+00
0     5.759837e+01   0.000000e+00   0.000000e+00   0.000000e+00   0.000000e+00   0.000000e+00   0.000000e+00
1     5.759837e+01  -4.350878e-01  -9.003838e-01   0.000000e+00   5.657317e+00  -2.733738e+00   0.000000e+00
0     5.769835e+01   0.000000e+00   0.000000e+00   0.000000e+00   0.000000e+00   0.000000e+00   0.000000e+00
1     5.769835e+01   1.771116e-01  -9.841846e-01   0.000000e+00   6.183872e+00   1.112862e+00   0.000000e+00
0     5.779833e+01   0.000000e+00   0.000000e+00   0.000000e+00   0.000000e+00   0.000000e+00   0.000000e+00
1     5.779833e+01   7.216865e-01  -6.922073e-01   0.000000e+00   4.349315e+00   4.534579e+00   0.000000e+00
0     5.789831e+01   0.000000e+00   0.000000e+00   0.000000e+00   0.000000e+00   0.000000e+00   0.000000e+00
1     5.789831e+01   9.907070e-01  -1.359318e-01   0.000000e+00   8.540854e-01   6.224923e+00   0.000000e+00
0     5.799829e+01   0.000000e+00   0.000000e+00   0.000000e+00   0.000000e+00   0.000000e+00   0.000000e+00
1     5.799829e+01   8.814537e-01   4.722453e-01   0.000000e+00  -2.967269e+00   5.538457e+00   0.000000e+00
0     5.809827e+01   0.000000e+00   0.000000e+00   0.000000e+00   0.000000e+00   0.000000e+00   0.000000e+00
1     5.809827e+01   4.356409e-01   9.001082e-01   0.000000e+00  -5.655654e+00   2.737282e+00   0.000000e+00
0     5.819825e+01   0.000000e+00   0.000000e+00   0.000000e+00   0.000000e+00   0.000000e+00   0.000000e+00
1     5.819825e+01  -1.765094e-01   9.842899e-01   0.000000e+00  -6.184578e+00  -1.109033e+00   0.000000e+00
0     5.829998e+01   0.000000e+00   0.000000e+00   0.000000e+00   0.000000e+00   0.000000e+00   0.000000e+00
1     5.829998e+01  -7.288549e-01   6.846593e-01   0.000000e+00  -4.301904e+00  -4.579559e+00   0.000000e+00
0     5.839996e+01   0.000000e+00   0.000000e+00   0.000000e+00   0.000000e+00   0.000000e+00   0.000000e+00
1     5.839996e+01  -9.920746e-01   1.256189e-01   0.000000e+00  -7.893078e-01  -6.233423e+00   0.000000e+00
0     5.849994e+01   0.000000e+00   0.000000e+00   0.000000e+00   0.000000e+00   0.000000e+00   0.000000e+00
1     5.849994e+01  -8.765059e-01  -4.813847e-01   0.000000e+00   3.024642e+00  -5.507271e+00   0.000000e+00
0     5.859992e+01   0.000000e+00   0.000000e+00   0.000000e+00   0.000000e+00   0.000000e+00   0.000000e+00
1     5.859992e+01  -4.262753e-01  -9.045891e-01   0.000000e+00   5.683741e+00  -2.678367e+00   0.000000e+00
0     5.869989e+01   0.000000e+00   0.000000e+00   0.000000e+00   0.000000e+00   0.000000e+00   0.000000e+00
1     5.869989e+01   1.867133e-01  -9.824081e-01   0.000000e+00   6.172711e+00   1.173192e+00   0.000000e+00
0     5.879987e+01   0.000000e+00   0.000000e+00   0.000000e+00   0.000000e+00   0.000000e+00   0.000000e+00
1     5.879987e+01   7.284112e-01  -6.851271e-01   0.000000e+00   4.304829e+00   4.576833e+00   0.000000e+00
0     5.889985e+01   0.000000e+00   0.000000e+00   0.000000e+00   0.000000e+00   0.000000e+00   0.000000e+00
1     5.889985e+01   9.919870e-01  -1.262511e-01   0.000000e+00   7.932590e-01   6.232967e+00   0.000000e+00
0     5.899983e+01   0.000000e+00   0.000000e+00   0.000000e+00   0.000000e+00   0.000000e+00   0.000000e+00
1     5.899983e+01   8.768000e-01   4.808301e-01   0.000000e+00  -3.021211e+00   5.509218e+00   0.000000e+00
0     5.909981e+01   0.000000e+00   0.000000e+00   0.000000e+00   0.000000e+00   0.000000e+00   0.000000e+00
1     5.909981e+01   4.268304e-01   9.043193e-01   0.000000e+00  -5.682114e+00   2.681924e+00   0.000000e+00
0     5.919979e+01   0.000000e+00   0.000000e+00   0.000000e+00   0.000000e+00   0.000000e+00   0.000000e+00
1     5.919979e+01  -1.861128e-01   9.825192e-01   0.000000e+00  -6.173453e+00  -1.169374e+00   0.000000e+00
0     5.929977e+01   0.000000e+00   0.000000e+00   0.000000e+00   0.000000e+00   0.000000e+00   0.000000e+00
1     5.929977e+01  -7.279946e-01   6.855736e-01   0.000000e+00  -4.307650e+00  -4.574155e+00   0.000000e+00
0     5.939975e+01   0.000000e+00   0.000000e+00   0.000000e+00   0.000000e+00   0.000000e+00   0.000000e+00
1     5.939975e+01  -9.919160e-01   1.268642e-01   0.000000e+00  -7.971320e-01  -6.232427e+00   0.000000e+00
0     5.949972e+01   0.000000e+00   0.000000e+00   0.000000e+00   0.000000e+00   0.000000e+00   0.000000e+00
1     5.949972e+01  -8.771093e-01  -4.802841e-01   0.000000e+00   3.017727e+00  -5.511064e+00   0.000000e+00
0     5.959970e+01   0.000000e+00   0.000000e+00   0.000000e+00   0.000000e+00   0.000000e+00   0.000000e+00
1     5.959970e+01  -4.274102e-01  -9.040533e-01   0.000000e+00   5.680376e+00  -2.685499e+00   0.000000e+00
0     5.969968e+01   0.000000e+00   0.000000e+00   0.000000e+00   0.000000e+00   0.000000e+00   0.000000e+00
1     5.969968e+01   1.854802e-01  -9.826415e-01   0.000000e+00   6.174179e+00   1.165445e+00   0.000000e+00
0     5.979966e+01   0.000000e+00   0.000000e+00   0.000000e+00   0.000000e+00   0.000000e+00   0.000000e+00
1     5.979966e+01   7.275508e-01  -6.860405e-01   0.000000e+00   4.310569e+00   4.571428e+00   0.000000e+00
0     5.989964e+01   0.000000e+00   0.000000e+00   0.000000e+00   0.000000e+00   0.000000e+00   0.000000e+00
1     5.989964e+01   9.918277e-01  -1.274957e-01   0.000000e+00   8.010791e-01   6.231967e+00   0.000000e+00
0     5.999962e+01   0.000000e+00   0.000000e+00   0.000000e+00   0.000000e+00   0.000000e+00   0.000000e+00
1     5.999962e+01   8.774025e-01   4.797296e-01   0.000000e+00  -3.014297e+00   5.513004e+00   0.000000e+00
0     6.009960e+01   0.000000e+00   0.000000e+00   0.000000e+00   0.000000e+00   0.000000e+00   0.000000e+00
1     6.009960e+01   4.279644e-01   9.037830e-01   0.000000e+00  -5.678746e+00   2.689050e+00   0.000000e+00
0     6.019958e+01   0.000000e+00   0.000000e+00   0.000000e+00   0.000000e+00   0.000000e+00   0.000000e+00
1     6.019958e+01  -1.848802e-01   9.827517e-01   0.000000e+00  -6.174916e+00  -1.161629e+00   0.000000e+00
0     6.029955e+01   0.000000e+00   0.000000e+00   0.000000e+00   0.000000e+00   0.000000e+00   0.000000e+00
1     6.029955e+01  -7.271342e-01   6.864860e-01   0.000000e+00  -4.313384e+00  -4.568749e+00   0.000000e+00
0     6.039953e+01   0.000000e+00   0.000000e+00   0.000000e+00   0.000000e+00   0.000000e+00   0.000000e+00
1     6.039953e+01  -9.917560e-01   1.281080e-01   0.000000e+00  -8.049472e-01  -6.231423e+00   0.000000e+00
0     6.049951e+01   0.000000e+00   0.000000e+00   0.000000e+00   0.000000e+00   0.000000e+00   0.000000e+00
1     6.049951e+01  -8.777107e-01  -4.791838e-01   0.000000e+00   3.010814e+00  -5.514844e+00   0.000000e+00
0     6.059949e+01   0.000000e+00   0.000000e+00   0.000000e+00   0.000000e+00   0.000000e+00   0.000000e+00
1     6.059949e+01  -4.285433e-01  -9.035166e-01   0.000000e+00   5.677004e+00  -2.692619e+00   0.000000e+00
0     6.069947e+01   0.000000e+00   0.000000e+00   0.000000e+00   0.000000e+00   0.000000e+00   0.000000e+00
1     6.069947e+01   1.842481e-01  -9.828732e-01   0.000000e+00   6.175635e+00   1.157704e+00   0.000000e+00
0     6.079945e+01   0.000000e+00   0.000000e+00   0.000000e+00   0.000000e+00   0.000000e+00   0.000000e+00
1     6.079945e+01   7.266902e-01  -6.869519e-01   0.000000e+00   4.316297e+00   4.566021e+00   0.000000e+00
0     6.089943e+01   0.000000e+00   0.000000e+00   0.000000e+00   0.000000e+00   0.000000e+00   0.000000e+00
1     6.089943e+01   9.916670e-01  -1.287388e-01   0.000000e+00   8.088899e-01   6.230958e+00   0.000000e+00
0     6.099940e+01   0.000000e+00   0.000000e+00   0.000000e+00   0.000000e+00   0.000000e+00   0.000000e+00
1     6.099940e+01   8.780029e-01   4.786296e-01   0.000000e+00  -3.007386e+00   5.516778e+00   0.000000e+00
0     6.109938e+01   0.000000e+00   0.000000e+00   0.000000e+00   0.000000e+00   0.000000e+00   0.000000e+00
1     6.109938e+01   4.290966e-01   9.032458e-01   0.000000e+00  -5.675372e+00   2.696164e+00   0.000000e+00
0     6.119936e+01   0.000000e+00   0.000000e+00   0.000000e+00   0.000000e+00   0.000000e+00   0.000000e+00
1     6.119936e+01  -1.836486e-01   9.829825e-01   0.000000e+00  -6.176367e+00  -1.153891e+00   0.000000e+00
0     6.129934e+01   0.000000e+00   0.000000e+00   0.000000e+00   0.000000e+00   0.000000e+00   0.000000e+00
1     6.129934e+01  -7.262733e-01   6.873965e-01   0.000000e+00  -4.319105e+00  -4.563341e+00   0.000000e+00
0     6.139932e+01   0.000000e+00   0.000000e+00   0.000000e+00   0.000000e+00   0.000000e+00   0.000000e+00
1     6.139932e+01  -9.915946e-01   1.293503e-01   0.000000e+00  -8.127536e-01  -6.230410e+00   0.000000e+00
0     6.149930e+01   0.000000e+00   0.000000e+00   0.000000e+00   0.000000e+00   0.000000e+00   0.000000e+00
1     6.149930e+01  -8.783102e-01  -4.780839e-01   0.000000e+00   3.003904e+00  -5.518612e+00   0.000000e+00
0     6.159928e+01   0.000000e+00   0.000000e+00   0.000000e+00   0.000000e+00   0.000000e+00   0.000000e+00
1     6.159928e+01  -4.296746e-01  -9.029789e-01   0.000000e+00   5.673628e+00  -2.699728e+00   0.000000e+00
0     6.169926e+01   0.000000e+00   0.000000e+00   0.000000e+00   0.000000e+00   0.000000e+00   0.000000e+00
1     6.169926e+01   1.830170e-01  -9.831030e-01   0.000000e+00   6.177081e+00   1.149968e+00   0.000000e+00
0     6.179923e+01   0.000000e+00   0.000000e+00   0.000000e+00   0.000000e+00   0.000000e+00   0.000000e+00
1     6.179923e+01   7.258292e-01  -6.878613e-01   0.000000e+00   4.322012e+00   4.560613e+00   0.000000e+00
0     6.189921e+01   0.000000e+00   0.000000e+00   0.000000e+00   0.000000e+00   0.000000e+00   0.000000e+00
1     6.189921e+01   9.915049e-01  -1.299804e-01   0.000000e+00   8.166917e-01   6.229941e+00   0.000000e+00
0     6.199919e+01   0.000000e+00   0.000000e+00   0.000000e+00   0.000000e+00   0.000000e+00   0.000000e+00
1     6.199919e+01   8.786014e-01   4.775298e-01   0.000000e+00  -3.000476e+00   5.520540e+00   0.000000e+00
0     6.209917e+01   0.000000e+00   0.000000e+00   0.000000e+00   0.000000e+00   0.000000e+00   0.000000e+00
1     6.209917e+01   4.302271e-01   9.027078e-01   0.000000e+00  -5.671992e+00   2.703268e+00   0.000000e+00
0     6.219915e+01   0.000000e+00   0.000000e+00   0.000000e+00   0.000000e+00   0.000000e+00   0.000000e+00
1     6.219915e+01  -1.824179e-01   9.832115e-01   0.000000e+00  -6.177807e+00  -1.146158e+00   0.000000e+00
0     6.229913e+01   0.000000e+00   0.000000e+00   0.000000e+00   0.000000e+00   0.000000e+00   0.000000e+00
1     6.229913e+01  -7.254123e-01   6.883049e-01   0.000000e+00  -4.324814e+00  -4.557932e+00   0.000000e+00
0     6.239911e+01   0.000000e+00   0.000000e+00   0.000000e+00   0.000000e+00   0.000000e+00   0.000000e+00
1     6.239911e+01  -9.914318e-01   1.305913e-01   0.000000e+00  -8.205508e-01  -6.229389e+00   0.000000e+00
0     6.249909e+01   0.000000e+00   0.000000e+00   0.000000e+00   0.000000e+00   0.000000e+00   0.000000e+00
1     6.249909e+01  -8.789077e-01  -4.769843e-01   0.000000e+00   2.996995e+00  -5.522367e+00   0.000000e+00
0     6.259906e+01   0.000000e+00   0.000000e+00   0.000000e+00   0.000000e+00   0.000000e+00   0.000000e+00
1     6.259906e+01  -4.308042e-01  -9.024405e-01   0.000000e+00   5.670245e+00  -2.706825e+00   0.000000e+00
0     6.269904e+01   0.000000e+00   0.000000e+00   0.000000e+00   0.000000e+00   0.000000e+00   0.000000e+00
1     6.269904e+01   1.817867e-01  -9.833311e-01   0.000000e+00   6.178515e+00   1.142239e+00   0.000000e+00
0     6.279902e+01   0.000000e+00   0.000000e+00   0.000000e+00   0.000000e+00   0.000000e+00   0.000000e+00
1     6.279902e+01   7.249680e-01  -6.887688e-01   0.000000e+00   4.327714e+00   4.555202e+00   0.000000e+00
0     6.289900e+01   0.000000e+00   0.000000e+00   0.000000e+00   0.000000e+00   0.000000e+00   0.000000e+00
1     6.289900e+01   9.913414e-01  -1.312207e-01   0.000000e+00   8.244847e-01   6.228915e+00   0.000000e+00
0     6.299898e+01   0.000000e+00   0.000000e+00   0.000000e+00   0.000000e+00   0.000000e+00   0.000000e+00
1     6.299898e+01   8.791979e-01   4.764303e-01   0.000000e+00  -2.993568e+00   5.524289e+00   0.000000e+00
0     6.309896e+01   0.000000e+00   0.000000e+00   0.000000e+00   0.000000e+00   0.000000e+00   0.000000e+00
1     6.309896e+01   4.313557e-01   9.021689e-01   0.000000e+00  -5.668607e+00   2.710360e+00   0.000000e+00
0     6.319894e+01   0.000000e+00   0.000000e+00   0.000000e+00   0.000000e+00   0.000000e+00   0.000000e+00
1     6.319894e+01  -1.811881e-01   9.834387e-01   0.000000e+00  -6.179236e+00  -1.138432e+00   0.000000e+00
0     6.329892e+01   0.000000e+00   0.000000e+00   0.000000e+00   0.000000e+00   0.000000e+00   0.000000e+00
1     6.329892e+01  -7.245509e-01   6.892114e-01   0.000000e+00  -4.330511e+00  -4.552521e+00   0.000000e+00
0     6.339889e+01   0.000000e+00   0.000000e+00   0.000000e+00   0.000000e+00   0.000000e+00   0.000000e+00
1     6.339889e+01  -9.912676e-01   1.318308e-01   0.000000e+00  -8.283389e-01  -6.228358e+00   0.000000e+00
0     6.349887e+01   0.000000e+00   0.000000e+00   0.000000e+00   0.000000e+00   0.000000e+00   0.000000e+00
1     6.349887e+01  -8.795032e-01  -4.758850e-01   0.000000e+00   2.990089e+00  -5.526110e+00   0.000000e+00
0     6.359885e+01   0.000000e+00   0.000000e+00   0.000000e+00   0.000000e+00   0.000000e+00   0.000000e+00
1     6.359885e+01  -4.319319e-01  -9.019011e-01   0.000000e+00   5.666857e+00  -2.713912e+00   0.000000e+00
0     6.369883e+01   0.000000e+00   0.000000e+00   0.000000e+00   0.000000e+00   0.000000e+00   0.000000e+00
1     6.369883e+01   1.805574e-01  -9.835575e-01   0.000000e+00   6.179939e+00   1.134515e+00   0.000000e+00
0     6.379881e+01   0.000000e+00   0.000000e+00   0.000000e+00   0.000000e+00   0.000000e+00   0.000000e+00
1     6.379881e+01   7.241064e-01  -6.896743e-01   0.000000e+00   4.333405e+00   4.549790e+00   0.000000e+00
0     6.389879e+01   0.000000e+00   0.000000e+00   0.000000e+00   0.000000e+00   0.000000e+00   0.000000e+00
1     6.389879e+01   9.911765e-01  -1.324595e-01   0.000000e+00   8.322685e-01   6.227880e+00   0.000000e+00
0     6.399877e+01   0.000000e+00   0.000000e+00   0.000000e+00   0.000000e+00   0.000000e+00   0.000000e+00
1     6.399877e+01   8.797924e-01   4.753313e-01   0.000000e+00  -2.986663e+00   5.528026e+00   0.000000e+00
0     6.409874e+01   0.000000e+00   0.000000e+00   0.000000e+00   0.000000e+00   0.000000e+00   0.000000e+00
1     6.409874e+01   4.324826e-01   9.016291e-01   0.000000e+00  -5.665216e+00   2.717441e+00   0.000000e+00
0     6.419872e+01   0.000000e+00   0.000000e+00   0.000000e+00   0.000000e+00   0.000000e+00   0.000000e+00
1     6.419872e+01  -1.799593e-01   9.836642e-01   0.000000e+00  -6.180654e+00  -1.130711e+00   0.000000e+00
0     6.429870e+01   0.000000e+00   0.000000e+00   0.000000e+00   0.000000e+00   0.000000e+00   0.000000e+00
1     6.429870e+01  -7.236892e-01   6.901159e-01   0.000000e+00  -4.336195e+00  -4.547107e+00   0.000000e+00
0     6.439868e+01   0.000000e+00   0.000000e+00   0.000000e+00   0.000000e+00   0.000000e+00   0.000000e+00
1     6.439868e+01  -9.911020e-01   1.330688e-01   0.000000e+00  -8.361183e-01  -6.227319e+00   0.000000e+00
0     6.449866e+01   0.000000e+00   0.000000e+00   0.000000e+00   0.000000e+00   0.000000e+00   0.000000e+00
1     6.449866e+01  -8.800968e-01  -4.747861e-01   0.000000e+00   2.983185e+00  -5.529840e+00   0.000000e+00
0     6.459864e+01   0.000000e+00   0.000000e+00   0.000000e+00   0.000000e+00   0.000000e+00   0.000000e+00
1     6.459864e+01  -4.330578e-01  -9.013609e-01   0.000000e+00   5.663464e+00  -2.720987e+00   0.000000e+00
0     6.469862e+01   0.000000e+00   0.000000e+00   0.000000e+00   0.000000e+00   0.000000e+00   0.000000e+00
1     6.469862e+01   1.793291e-01  -9.837820e-01   0.000000e+00   6.181351e+00   1.126797e+00   0.000000e+00
0     6.479860e+01   0.000000e+00   0.000000e+00   0.000000e+00   0.000000e+00   0.000000e+00   0.000000e+00
1     6.479860e+01   7.232447e-01  -6.905778e-01   0.000000e+00   4.339082e+00   4.544376e+00   0.000000e+00
0     6.489857e+01   0.000000e+00   0.000000e+00   0.000000e+00   0.000000e+00   0.000000e+00   0.000000e+00
1     6.489857e+01   9.910102e-01  -1.336968e-01   0.000000e+00   8.400432e-01   6.226836e+00   0.000000e+00
0     6.499855e+01   0.000000e+00   0.000000e+00   0.000000e+00   0.000000e+00   0.000000e+00   0.000000e+00
1     6.499855e+01   8.803850e-01   4.742325e-01   0.000000e+00  -2.979760e+00   5.531750e+00   0.000000e+00
0     6.509853e+01   0.000000e+00   0.000000e+00   0.000000e+00   0.000000e+00   0.000000e+00   0.000000e+00
1     6.509853e+01   4.336076e-01   9.010884e-01   0.000000e+00  -5.661820e+00   2.724510e+00   0.000000e+00
0     6.519851e+01   0.000000e+00   0.000000e+00   0.000000e+00   0.000000e+00   0.000000e+00   0.000000e+00
1     6.519851e+01  -1.787314e-01   9.838879e-01   0.000000e+00  -6.182061e+00  -1.122996e+00   0.000000e+00
0     6.529849e+01   0.000000e+00   0.000000e+00   0.000000e+00   0.000000e+00   0.000000e+00   0.000000e+00
1     6.529849e+01  -7.228273e-01   6.910184e-01   0.000000e+00  -4.341866e+00  -4.541693e+00   0.000000e+00
0     6.539847e+01   0.000000e+00   0.000000e+00   0.000000e+00   0.000000e+00   0.000000e+00   0.000000e+00
1     6.539847e+01  -9.909350e-01   1.343055e-01   0.000000e+00  -8.438885e-01  -6.226271e+00   0.000000e+00
0     6.549845e+01   0.000000e+00   0.000000e+00   0.000000e+00   0.000000e+00   0.000000e+00   0.000000e+00
1     6.549845e+01  -8.806884e-01  -4.736876e-01   0.000000e+00   2.976283e+00  -5.533559e+00   0.000000e+00
0     6.559843e+01   0.000000e+00   0.000000e+00   0.000000e+00   0.000000e+00   0.000000e+00   0.000000e+00
1     6.559843e+01  -4.341820e-01  -9.008198e-01   0.000000e+00   5.660065e+00  -2.728051e+00   0.000000e+00
0     6.569840e+01   0.000000e+00   0.000000e+00   0.000000e+00   0.000000e+00   0.000000e+00   0.000000e+00
1     6.569840e+01   1.781017e-01  -9.840049e-01   0.000000e+00   6.182752e+00   1.119085e+00   0.000000e+00
0     6.579838e+01   0.000000e+00   0.000000e+00   0.000000e+00   0.000000e+00   0.000000e+00   0.000000e+00
1     6.579838e+01   7.223826e-01  -6.914793e-01   0.000000e+00   4.344748e+00   4.538960e+00   0.000000e+00
0     6.589836e+01   0.000000e+00   0.000000e+00   0.000000e+00   0.000000e+00   0.000000e+00   0.000000e+00
1     6.589836e+01   9.908425e-01  -1.349327e-01   0.000000e+00   8.478091e-01   6.225784e+00   0.000000e+00
0     6.599834e+01   0.000000e+00   0.000000e+00   0.000000e+00   0.000000e+00   0.000000e+00   0.000000e+00
1     6.599834e+01   8.809757e-01   4.731341e-01   0.000000e+00  -2.972859e+00   5.535463e+00   0.000000e+00
0     6.609832e+01   0.000000e+00   0.000000e+00   0.000000e+00   0.000000e+00   0.000000e+00   0.000000e+00
1     6.609832e+01   4.347309e-01   9.005469e-01   0.000000e+00  -5.658419e+00   2.731569e+00   0.000000e+00
0     6.619830e+01   0.000000e+00   0.000000e+00   0.000000e+00   0.000000e+00   0.000000e+00   0.000000e+00
1     6.619830e+01  -1.775045e-01   9.841098e-01   0.000000e+00  -6.183457e+00  -1.115287e+00   0.000000e+00
0     6.629828e+01   0.000000e+00   0.000000e+00   0.000000e+00   0.000000e+00   0.000000e+00   0.000000e+00
1     6.629828e+01  -7.219652e-01   6.919189e-01   0.000000e+00  -4.347526e+00  -4.536276e+00   0.000000e+00
0     6.639826e+01   0.000000e+00   0.000000e+00   0.000000e+00   0.000000e+00   0.000000e+00   0.000000e+00
1     6.639826e+01  -9.907667e-01   1.355406e-01   0.000000e+00  -8.516496e-01  -6.225215e+00   0.000000e+00
0     6.649999e+01   0.000000e+00   0.000000e+00   0.000000e+00   0.000000e+00   0.000000e+00   0.000000e+00
1     6.649999e+01  -8.760163e-01  -4.822729e-01   0.000000e+00   3.030228e+00  -5.504204e+00   0.000000e+00
0     6.659997e+01   0.000000e+00   0.000000e+00   0.000000e+00   0.000000e+00   0.000000e+00   0.000000e+00
1     6.659997e+01  -4.253562e-01  -9.050204e-01   0.000000e+00   5.686460e+00  -2.672597e+00   0.000000e+00
0     6.669995e+01   0.000000e+00   0.000000e+00   0.000000e+00   0.000000e+00   0.000000e+00   0.000000e+00
1     6.669995e+01   1.877113e-01  -9.822168e-01   0.000000e+00   6.171519e+00   1.179465e+00   0.000000e+00
0     6.679992e+01   0.000000e+00   0.000000e+00   0.000000e+00   0.000000e+00   0.000000e+00   0.000000e+00
1     6.679992e+01   7.291070e-01  -6.843851e-01   0.000000e+00   4.300174e+00   4.581212e+00   0.000000e+00
0     6.689990e+01   0.000000e+00   0.000000e+00   0.000000e+00   0.000000e+00   0.000000e+00   0.000000e+00
1     6.689990e+01   9.921140e-01  -1.252409e-01   0.000000e+00   7.869127e-01   6.233774e+00   0.000000e+00
0     6.699988e+01   0.000000e+00   0.000000e+00   0.000000e+00   0.000000e+00   0.000000e+00   0.000000e+00
1     6.699988e+01   8.763086e-01   4.817230e-01   0.000000e+00  -3.026826e+00   5.506139e+00   0.000000e+00
0     6.709986e+01   0.000000e+00   0.000000e+00   0.000000e+00   0.000000e+00   0.000000e+00   0.000000e+00
1     6.709986e+01   4.259071e-01   9.047533e-01   0.000000e+00  -5.684850e+00   2.676127e+00   0.000000e+00
0     6.719984e+01   0.000000e+00   0.000000e+00   0.000000e+00   0.000000e+00   0.000000e+00   0.000000e+00
1     6.719984e+01  -1.871158e-01   9.823276e-01   0.000000e+00  -6.172259e+00  -1.175678e+00   0.000000e+00
0     6.729982e+01   0.000000e+00   0.000000e+00   0.000000e+00   0.000000e+00   0.000000e+00   0.000000e+00
1     6.729982e+01  -7.286943e-01   6.848284e-01   0.000000e+00  -4.302975e+00  -4.578558e+00   0.000000e+00
0     6.739980e+01   0.000000e+00   0.000000e+00   0.000000e+00   0.000000e+00   0.000000e+00   0.000000e+00
1     6.739980e+01  -9.920442e-01   1.258491e-01   0.000000e+00  -7.907552e-01  -6.233243e+00   0.000000e+00
0     6.749978e+01   0.000000e+00   0.000000e+00   0.000000e+00   0.000000e+00   0.000000e+00   0.000000e+00
1     6.749978e+01  -8.766160e-01  -4.811816e-01   0.000000e+00   3.023371e+00  -5.507973e+00   0.000000e+00
0     6.759975e+01   0.000000e+00   0.000000e+00   0.000000e+00   0.000000e+00   0.000000e+00   0.000000e+00
1     6.759975e+01  -4.264827e-01  -9.044900e-01   0.000000e+00   5.683129e+00  -2.679675e+00   0.000000e+00
0     6.769973e+01   0.000000e+00   0.000000e+00   0.000000e+00   0.000000e+00   0.000000e+00   0.000000e+00
1     6.769973e+01   1.864883e-01  -9.824496e-01   0.000000e+00   6.172983e+00   1.171781e+00   0.000000e+00
0     6.779971e+01   0.000000e+00   0.000000e+00   0.000000e+00   0.000000e+00   0.000000e+00   0.000000e+00
1     6.779971e+01   7.282543e-01  -6.852921e-01   0.000000e+00   4.305874e+00   4.575856e+00   0.000000e+00
0     6.789969e+01   0.000000e+00   0.000000e+00   0.000000e+00   0.000000e+00   0.000000e+00   0.000000e+00
1     6.789969e+01   9.919572e-01  -1.264757e-01   0.000000e+00   7.946717e-01   6.232791e+00   0.000000e+00
0     6.799967e+01   0.000000e+00   0.000000e+00   0.000000e+00   0.000000e+00   0.000000e+00   0.000000e+00
1     6.799967e+01   8.769073e-01   4.806319e-01   0.000000e+00  -3.019971e+00   5.509902e+00   0.000000e+00
0     6.809965e+01   0.000000e+00   0.000000e+00   0.000000e+00   0.000000e+00   0.000000e+00   0.000000e+00
1     6.809965e+01   4.270327e-01   9.042224e-01   0.000000e+00  -5.681516e+00   2.683200e+00   0.000000e+00
0     6.819963e+01   0.000000e+00   0.000000e+00   0.000000e+00   0.000000e+00   0.000000e+00   0.000000e+00
1     6.819963e+01  -1.858932e-01   9.825595e-01   0.000000e+00  -6.173718e+00  -1.167996e+00   0.000000e+00
0     6.829960e+01   0.000000e+00   0.000000e+00   0.000000e+00   0.000000e+00   0.000000e+00   0.000000e+00
1     6.829960e+01  -7.278415e-01   6.857345e-01   0.000000e+00  -4.308669e+00  -4.573201e+00   0.000000e+00
0     6.839958e+01   0.000000e+00   0.000000e+00   0.000000e+00   0.000000e+00   0.000000e+00   0.000000e+00
1     6.839958e+01  -9.918867e-01   1.270832e-01   0.000000e+00  -7.985095e-01  -6.232255e+00   0.000000e+00
0     6.849956e+01   0.000000e+00   0.000000e+00   0.000000e+00   0.000000e+00   0.000000e+00   0.000000e+00
1     6.849956e+01  -8.772138e-01  -4.800907e-01   0.000000e+00   3.016517e+00  -5.511731e+00   0.000000e+00
0     6.859954e+01   0.000000e+00   0.000000e+00   0.000000e+00   0.000000e+00   0.000000e+00   0.000000e+00
1     6.859954e+01  -4.276074e-01  -9.039587e-01   0.000000e+00   5.679791e+00  -2.686743e+00   0.000000e+00
0     6.869952e+01   0.000000e+00   0.000000e+00   0.000000e+00   0.000000e+00   0.000000e+00   0.000000e+00
1     6.869952e+01   1.852662e-01  -9.826807e-01   0.000000e+00   6.174436e+00   1.164102e+00   0.000000e+00
0     6.879950e+01   0.000000e+00   0.000000e+00   0.000000e+00   0.000000e+00   0.000000e+00   0.000000e+00
1     6.879950e+01   7.274014e-01  -6.861972e-01   0.000000e+00   4.311562e+00   4.570497e+00   0.000000e+00
0     6.889948e+01   0.000000e+00   0.000000e+00   0.000000e+00   0.000000e+00   0.000000e+00   0.000000e+00
1     6.889948e+01   9.917990e-01  -1.277092e-01   0.000000e+00   8.024217e-01   6.231798e+00   0.000000e+00
0     6.899946e+01   0.000000e+00   0.000000e+00   0.000000e+00   0.000000e+00   0.000000e+00   0.000000e+00
1     6.899946e+01   8.775042e-01   4.795411e-01   0.000000e+00  -3.013118e+00   5.513653e+00   0.000000e+00
0     6.909943e+01   0.000000e+00   0.000000e+00   0.000000e+00   0.000000e+00   0.000000e+00   0.000000e+00
1     6.909943e+01   4.281565e-01   9.036907e-01   0.000000e+00  -5.678176e+00   2.690261e+00   0.000000e+00
0     6.919941e+01   0.000000e+00   0.000000e+00   0.000000e+00   0.000000e+00   0.000000e+00   0.000000e+00
1     6.919941e+01  -1.846716e-01   9.827897e-01   0.000000e+00  -6.175165e+00  -1.160321e+00   0.000000e+00
0     6.929939e+01   0.000000e+00   0.000000e+00   0.000000e+00   0.000000e+00   0.000000e+00   0.000000e+00
1     6.929939e+01  -7.269885e-01   6.866386e-01   0.000000e+00  -4.314350e+00  -4.567842e+00   0.000000e+00
0     6.939937e+01   0.000000e+00   0.000000e+00   0.000000e+00   0.000000e+00   0.000000e+00   0.000000e+00
1     6.939937e+01  -9.917279e-01   1.283159e-01   0.000000e+00  -8.062549e-01  -6.231258e+00   0.000000e+00
0     6.949935e+01   0.000000e+00   0.000000e+00   0.000000e+00   0.000000e+00   0.000000e+00   0.000000e+00
1     6.949935e+01  -8.778096e-01  -4.790001e-01   0.000000e+00   3.009665e+00  -5.515475e+00   0.000000e+00
0     6.959933e+01   0.000000e+00   0.000000e+00   0.000000e+00   0.000000e+00   0.000000e+00   0.000000e+00
1     6.959933e+01  -4.287303e-01  -9.034265e-01   0.000000e+00   5.676449e+00  -2.693799e+00   0.000000e+00
0     6.969931e+01   0.000000e+00   0.000000e+00   0.000000e+00   0.000000e+00   0.000000e+00   0.000000e+00
1     6.969931e+01   1.840450e-01  -9.829100e-01   0.000000e+00   6.175878e+00   1.156430e+00   0.000000e+00
0     6.979929e+01   0.000000e+00   0.000000e+00   0.000000e+00   0.000000e+00   0.000000e+00   0.000000e+00
1     6.979929e+01   7.265482e-01  -6.871003e-01   0.000000e+00   4.317237e+00   4.565138e+00   0.000000e+00
0     6.989926e+01   0.000000e+00   0.000000e+00   0.000000e+00   0.000000e+00   0.000000e+00   0.000000e+00
1     6.989926e+01   9.916395e-01  -1.289411e-01   0.000000e+00   8.101627e-01   6.230797e+00   0.000000e+00
0     6.999924e+01   0.000000e+00   0.000000e+00   0.000000e+00   0.000000e+00   0.000000e+00   0.000000e+00
1     6.999924e+01   8.780990e-01   4.784507e-01   0.000000e+00  -3.006267e+00   5.517392e+00   0.000000e+00
0     7.009922e+01   0.000000e+00   0.000000e+00   0.000000e+00   0.000000e+00   0.000000e+00   0.000000e+00
1     7.009922e+01   4.292786e-01   9.031581e-01   0.000000e+00  -5.674830e+00   2.697312e+00   0.000000e+00
0     7.019920e+01   0.000000e+00   0.000000e+00   0.000000e+00   0.000000e+00   0.000000e+00   0.000000e+00
1     7.019920e+01  -1.834509e-01   9.830182e-01   0.000000e+00  -6.176602e+00  -1.152651e+00   0.000000e+00
0     7.029918e+01   0.000000e+00   0.000000e+00   0.000000e+00   0.000000e+00   0.000000e+00   0.000000e+00
1     7.029918e+01  -7.261352e-01   6.875407e-01   0.000000e+00  -4.320019e+00  -4.562481e+00   0.000000e+00
0     7.039916e+01   0.000000e+00   0.000000e+00   0.000000e+00   0.000000e+00   0.000000e+00   0.000000e+00
1     7.039916e+01  -9.915677e-01   1.295471e-01   0.000000e+00  -8.139914e-01  -6.230252e+00   0.000000e+00
0     7.049914e+01   0.000000e+00   0.000000e+00   0.000000e+00   0.000000e+00   0.000000e+00   0.000000e+00
1     7.049914e+01  -8.784035e-01  -4.779098e-01   0.000000e+00   3.002816e+00  -5.519208e+00   0.000000e+00
0     7.059912e+01   0.000000e+00   0.000000e+00   0.000000e+00   0.000000e+00   0.000000e+00   0.000000e+00
1     7.059912e+01  -4.298514e-01  -9.028935e-01   0.000000e+00   5.673101e+00  -2.700843e+00   0.000000e+00
0     7.069909e+01   0.000000e+00   0.000000e+00   0.000000e+00   0.000000e+00   0.000000e+00   0.000000e+00
1     7.069909e+01   1.828248e-01  -9.831376e-01   0.000000e+00   6.177309e+00   1.148763e+00   0.000000e+00
0     7.079907e+01   0.000000e+00   0.000000e+00   0.000000e+00   0.000000e+00   0.000000e+00   0.000000e+00
1     7.079907e+01   7.256948e-01  -6.880014e-01   0.000000e+00   4.322900e+00   4.559776e+00   0.000000e+00
0     7.089905e+01   0.000000e+00   0.000000e+00   0.000000e+00   0.000000e+00   0.000000e+00   0.000000e+00
1     7.089905e+01   9.914786e-01  -1.301717e-01   0.000000e+00   8.178948e-01   6.229787e+00   0.000000e+00
0     7.099903e+01   0.000000e+00   0.000000e+00   0.000000e+00   0.000000e+00   0.000000e+00   0.000000e+00
1     7.099903e+01   8.786920e-01   4.773606e-01   0.000000e+00  -2.999418e+00   5.521119e+00   0.000000e+00
0     7.109901e+01   0.000000e+00   0.000000e+00   0.000000e+00   0.000000e+00   0.000000e+00   0.000000e+00
1     7.109901e+01   4.303988e-01   9.026246e-01   0.000000e+00  -5.671480e+00   2.704351e+00   0.000000e+00
0     7.119899e+01   0.000000e+00   0.000000e+00   0.000000e+00   0.000000e+00   0.000000e+00   0.000000e+00
1     7.119899e+01  -1.822312e-01   9.832449e-01   0.000000e+00  -6.178028e+00  -1.144987e+00   0.000000e+00
0     7.129897e+01   0.000000e+00   0.000000e+00   0.000000e+00   0.000000e+00   0.000000e+00   0.000000e+00
1     7.129897e+01  -7.252816e-01   6.884409e-01   0.000000e+00  -4.325676e+00  -4.557119e+00   0.000000e+00
0     7.139894e+01   0.000000e+00   0.000000e+00   0.000000e+00   0.000000e+00   0.000000e+00   0.000000e+00
1     7.139894e+01  -9.914061e-01   1.307769e-01   0.000000e+00  -8.217188e-01  -6.229238e+00   0.000000e+00
0     7.149892e+01   0.000000e+00   0.000000e+00   0.000000e+00   0.000000e+00   0.000000e+00   0.000000e+00
1     7.149892e+01  -8.789955e-01  -4.768199e-01   0.000000e+00   2.995968e+00  -5.522929e+00   0.000000e+00
0     7.159890e+01   0.000000e+00   0.000000e+00   0.000000e+00   0.000000e+00   0.000000e+00   0.000000e+00
1     7.159890e+01  -4.309708e-01  -9.023596e-01   0.000000e+00   5.669747e+00  -2.707877e+00   0.000000e+00
0     7.169888e+01   0.000000e+00   0.000000e+00   0.000000e+00   0.000000e+00   0.000000e+00   0.000000e+00
1     7.169888e+01   1.816055e-01  -9.833634e-01   0.000000e+00   6.178729e+00   1.141102e+00   0.000000e+00
0     7.179886e+01   0.000000e+00   0.000000e+00   0.000000e+00   0.000000e+00   0.000000e+00   0.000000e+00
1     7.179886e+01   7.248411e-01  -6.889006e-01   0.000000e+00   4.328550e+00   4.554413e+00   0.000000e+00
0     7.189884e+01   0.000000e+00   0.000000e+00   0.000000e+00   0.000000e+00   0.000000e+00   0.000000e+00
1     7.189884e+01   9.913163e-01  -1.314008e-01   0.000000e+00   8.256178e-01   6.228768e+00   0.000000e+00
0     7.199882e+01   0.000000e+00   0.000000e+00   0.000000e+00   0.000000e+00   0.000000e+00   0.000000e+00
1     7.199882e+01   8.792829e-01   4.762709e-01   0.000000e+00  -2.992572e+00   5.524833e+00   0.000000e+00
0     7.209880e+01   0.000000e+00   0.000000e+00   0.000000e+00   0.000000e+00   0.000000e+00   0.000000e+00
1     7.209880e+01   4.315172e-01   9.020903e-01   0.000000e+00  -5.668124e+00   2.711379e+00   0.000000e+00
0     7.219877e+01   0.000000e+00   0.000000e+00   0.000000e+00   0.000000e+00   0.000000e+00   0.000000e+00
1     7.219877e+01  -1.810124e-01   9.834699e-01   0.000000e+00  -6.179443e+00  -1.137329e+00   0.000000e+00
0     7.229875e+01   0.000000e+00   0.000000e+00   0.000000e+00   0.000000e+00   0.000000e+00   0.000000e+00
1     7.229875e+01  -7.244278e-01   6.893391e-01   0.000000e+00  -4.331321e+00  -4.551755e+00   0.000000e+00
0     7.239873e+01   0.000000e+00   0.000000e+00   0.000000e+00   0.000000e+00   0.000000e+00   0.000000e+00
1     7.239873e+01  -9.912431e-01   1.320053e-01   0.000000e+00  -8.294373e-01  -6.228216e+00   0.000000e+00
0     7.249871e+01   0.000000e+00   0.000000e+00   0.000000e+00   0.000000e+00   0.000000e+00   0.000000e+00
1     7.249871e+01  -8.795855e-01  -4.757304e-01   0.000000e+00   2.989123e+00  -5.526637e+00   0.000000e+00
0     7.259869e+01   0.000000e+00   0.000000e+00   0.000000e+00   0.000000e+00   0.000000e+00   0.000000e+00
1     7.259869e+01  -4.320883e-01  -9.018248e-01   0.000000e+00   5.666388e+00  -2.714899e+00   0.000000e+00
0     7.269867e+01   0.000000e+00   0.000000e+00   0.000000e+00   0.000000e+00   0.000000e+00   0.000000e+00
1     7.269867e+01   1.803872e-01  -9.835875e-01   0.000000e+00   6.180138e+00   1.133447e+00   0.000000e+00
0     7.279865e+01   0.000000e+00   0.000000e+00   0.000000e+00   0.000000e+00   0.000000e+00   0.000000e+00
1     7.279865e+01   7.239871e-01  -6.897978e-01   0.000000e+00   4.334189e+00   4.549048e+00   0.000000e+00
0     7.289863e+01   0.000000e+00   0.000000e+00   0.000000e+00   0.000000e+00   0.000000e+00   0.000000e+00
1     7.289863e+01   9.911527e-01  -1.326284e-01   0.000000e+00   8.333318e-01   6.227742e+00   0.000000e+00
0     7.299860e+01   0.000000e+00   0.000000e+00   0.000000e+00   0.000000e+00   0.000000e+00   0.000000e+00
1     7.299860e+01   8.798720e-01   4.751815e-01   0.000000e+00  -2.985728e+00   5.528535e+00   0.000000e+00
0     7.309858e+01   0.000000e+00   0.000000e+00   0.000000e+00   0.000000e+00   0.000000e+00   0.000000e+00
1     7.309858e+01   4.326339e-01   9.015551e-01   0.000000e+00  -5.664762e+00   2.718397e+00   0.000000e+00
0     7.319856e+01   0.000000e+00   0.000000e+00   0.000000e+00   0.000000e+00   0.000000e+00   0.000000e+00
1     7.319856e+01  -1.797945e-01   9.836931e-01   0.000000e+00  -6.180847e+00  -1.129677e+00   0.000000e+00
0     7.329854e+01   0.000000e+00   0.000000e+00   0.000000e+00   0.000000e+00   0.000000e+00   0.000000e+00
1     7.329854e+01  -7.235737e-01   6.902353e-01   0.000000e+00  -4.336953e+00  -4.546389e+00   0.000000e+00
0     7.339852e+01   0.000000e+00   0.000000e+00   0.000000e+00   0.000000e+00   0.000000e+00   0.000000e+00
1     7.339852e+01  -9.910788e-01   1.332323e-01   0.000000e+00  -8.371467e-01  -6.227185e+00   0.000000e+00
0     7.349850e+01   0.000000e+00   0.000000e+00   0.000000e+00   0.000000e+00   0.000000e+00   0.000000e+00
1     7.349850e+01  -8.801735e-01  -4.746413e-01   0.000000e+00   2.982280e+00  -5.530333e+00   0.000000e+00
0     7.359848e+01   0.000000e+00   0.000000e+00   0.000000e+00   0.000000e+00   0.000000e+00   0.000000e+00
1     7.359848e+01  -4.332041e-01  -9.012893e-01   0.000000e+00   5.663024e+00  -2.721911e+00   0.000000e+00
0     7.369846e+01   0.000000e+00   0.000000e+00   0.000000e+00   0.000000e+00   0.000000e+00   0.000000e+00
1     7.369846e+01   1.791698e-01  -9.838099e-01   0.000000e+00   6.181537e+00   1.125798e+00   0.000000e+00
0     7.379843e+01   0.000000e+00   0.000000e+00   0.000000e+00   0.000000e+00   0.000000e+00   0.000000e+00
1     7.379843e+01   7.231329e-01  -6.906931e-01   0.000000e+00   4.339815e+00   4.543682e+00   0.000000e+00
0     7.389841e+01   0.000000e+00   0.000000e+00   0.000000e+00   0.000000e+00   0.000000e+00   0.000000e+00
1     7.389841e+01   9.909877e-01  -1.338547e-01   0.000000e+00   8.410368e-01   6.226706e+00   0.000000e+00
0     7.399839e+01   0.000000e+00   0.000000e+00   0.000000e+00   0.000000e+00   0.000000e+00   0.000000e+00
1     7.399839e+01   8.804591e-01   4.740925e-01   0.000000e+00  -2.978886e+00   5.532225e+00   0.000000e+00
0     7.409837e+01   0.000000e+00   0.000000e+00   0.000000e+00   0.000000e+00   0.000000e+00   0.000000e+00
1     7.409837e+01   4.337488e-01   9.010191e-01   0.000000e+00  -5.661395e+00   2.725402e+00   0.000000e+00
0     7.419835e+01   0.000000e+00   0.000000e+00   0.000000e+00   0.000000e+00   0.000000e+00   0.000000e+00
1     7.419835e+01  -1.785776e-01   9.839146e-01   0.000000e+00  -6.182240e+00  -1.122031e+00   0.000000e+00
0     7.429833e+01   0.000000e+00   0.000000e+00   0.000000e+00   0.000000e+00   0.000000e+00   0.000000e+00
1     7.429833e+01  -7.227194e-01   6.911296e-01   0.000000e+00  -4.342573e+00  -4.541022e+00   0.000000e+00
0     7.439831e+01   0.000000e+00   0.000000e+00   0.000000e+00   0.000000e+00   0.000000e+00   0.000000e+00
1     7.439831e+01  -9.909132e-01   1.344578e-01   0.000000e+00  -8.448471e-01  -6.226145e+00   0.000000e+00
0     7.449828e+01   0.000000e+00   0.000000e+00   0.000000e+00   0.000000e+00   0.000000e+00   0.000000e+00
1     7.449828e+01  -8.807597e-01  -4.735525e-01   0.000000e+00   2.975440e+00  -5.534017e+00   0.000000e+00
0     7.459826e+01   0.000000e+00   0.000000e+00   0.000000e+00   0.000000e+00   0.000000e+00   0.000000e+00
1     7.459826e+01  -4.343181e-01  -9.007528e-01   0.000000e+00   5.659655e+00  -2.728911e+00   0.000000e+00
0     7.470000e+01   0.000000e+00   0.000000e+00   0.000000e+00   0.000000e+00   0.000000e+00   0.000000e+00
1     7.470000e+01   1.887872e-01  -9.820095e-01   0.000000e+00   6.170226e+00   1.186227e+00   0.000000e+00
0     7.479998e+01   0.000000e+00   0.000000e+00   0.000000e+00   0.000000e+00   0.000000e+00   0.000000e+00
1     7.479998e+01   7.298563e-01  -6.835843e-01   0.000000e+00   4.295149e+00   4.585928e+00   0.000000e+00
0     7.489995e+01   0.000000e+00   0.000000e+00   0.000000e+00   0.000000e+00   0.000000e+00   0.000000e+00
1     7.489995e+01   9.922498e-01  -1.241516e-01   0.000000e+00   7.800696e-01   6.234638e+00   0.000000e+00
0     7.499993e+01   0.000000e+00   0.000000e+00   0.000000e+00   0.000000e+00   0.000000e+00   0.000000e+00
1     7.499993e+01   8.757778e-01   4.826850e-01   0.000000e+00  -3.032876e+00   5.502813e+00   0.000000e+00
0     7.509991e+01   0.000000e+00   0.000000e+00   0.000000e+00   0.000000e+00   0.000000e+00   0.000000e+00
1     7.509991e+01   4.249114e-01   9.052202e-01   0.000000e+00  -5.687793e+00   2.669875e+00   0.000000e+00
0     7.519989e+01   0.000000e+00   0.000000e+00   0.000000e+00   0.000000e+00   0.000000e+00   0.000000e+00
1     7.519989e+01  -1.881968e-01   9.821200e-01   0.000000e+00  -6.170965e+00  -1.182472e+00   0.000000e+00
0     7.529987e+01   0.000000e+00   0.000000e+00   0.000000e+00   0.000000e+00   0.000000e+00   0.000000e+00
1     7.529987e+01  -7.294475e-01   6.840245e-01   0.000000e+00  -4.297930e+00  -4.583298e+00   0.000000e+00
0     7.539985e+01   0.000000e+00   0.000000e+00   0.000000e+00   0.000000e+00   0.000000e+00   0.000000e+00
1     7.539985e+01  -9.921813e-01   1.247549e-01   0.000000e+00  -7.838817e-01  -6.234114e+00   0.000000e+00
0     7.549983e+01   0.000000e+00   0.000000e+00   0.000000e+00   0.000000e+00   0.000000e+00   0.000000e+00
1     7.549983e+01  -8.760835e-01  -4.821483e-01   0.000000e+00   3.029450e+00  -5.504636e+00   0.000000e+00
0     7.559980e+01   0.000000e+00   0.000000e+00   0.000000e+00   0.000000e+00   0.000000e+00   0.000000e+00
1     7.559980e+01  -4.254828e-01  -9.049596e-01   0.000000e+00   5.686088e+00  -2.673397e+00   0.000000e+00
0     7.569978e+01   0.000000e+00   0.000000e+00   0.000000e+00   0.000000e+00   0.000000e+00   0.000000e+00
1     7.569978e+01   1.875742e-01  -9.822418e-01   0.000000e+00   6.171687e+00   1.178606e+00   0.000000e+00
0     7.579976e+01   0.000000e+00   0.000000e+00   0.000000e+00   0.000000e+00   0.000000e+00   0.000000e+00
1     7.579976e+01   7.290115e-01  -6.844850e-01   0.000000e+00   4.300809e+00   4.580621e+00   0.000000e+00
0     7.589974e+01   0.000000e+00   0.000000e+00   0.000000e+00   0.000000e+00   0.000000e+00   0.000000e+00
1     7.589974e+01   9.920956e-01  -1.253768e-01   0.000000e+00   7.877677e-01   6.233670e+00   0.000000e+00
0     7.599972e+01   0.000000e+00   0.000000e+00   0.000000e+00   0.000000e+00   0.000000e+00   0.000000e+00
1     7.599972e+01   8.763730e-01   4.816033e-01   0.000000e+00  -3.026079e+00   5.506554e+00   0.000000e+00
0     7.609970e+01   0.000000e+00   0.000000e+00   0.000000e+00   0.000000e+00   0.000000e+00   0.000000e+00
1     7.609970e+01   4.260286e-01   9.046948e-01   0.000000e+00  -5.684493e+00   2.676895e+00   0.000000e+00
0     7.619968e+01   0.000000e+00   0.000000e+00   0.000000e+00   0.000000e+00   0.000000e+00   0.000000e+00
1     7.619968e+01  -1.869842e-01   9.823514e-01   0.000000e+00  -6.172420e+00  -1.174853e+00   0.000000e+00
0     7.629966e+01   0.000000e+00   0.000000e+00   0.000000e+00   0.000000e+00   0.000000e+00   0.000000e+00
1     7.629966e+01  -7.286026e-01   6.849242e-01   0.000000e+00  -4.303584e+00  -4.577990e+00   0.000000e+00
0     7.639963e+01   0.000000e+00   0.000000e+00   0.000000e+00   0.000000e+00   0.000000e+00   0.000000e+00
1     7.639963e+01  -9.920265e-01   1.259794e-01   0.000000e+00  -7.915751e-01  -6.233143e+00   0.000000e+00
0     7.649961e+01   0.000000e+00   0.000000e+00   0.000000e+00   0.000000e+00   0.000000e+00   0.000000e+00
1     7.649961e+01  -8.766777e-01  -4.810668e-01   0.000000e+00   3.022655e+00  -5.508371e+00   0.000000e+00
0     7.659959e+01   0.000000e+00   0.000000e+00   0.000000e+00   0.000000e+00   0.000000e+00   0.000000e+00
1     7.659959e+01  -4.265991e-01  -9.044338e-01   0.000000e+00   5.682786e+00  -2.680411e+00   0.000000e+00
0     7.669957e+01   0.000000e+00   0.000000e+00   0.000000e+00   0.000000e+00   0.000000e+00   0.000000e+00
1     7.669957e+01   1.863622e-01  -9.824724e-01   0.000000e+00   6.173137e+00   1.170991e+00   0.000000e+00
0     7.679955e+01   0.000000e+00   0.000000e+00   0.000000e+00   0.000000e+00   0.000000e+00   0.000000e+00
1     7.679955e+01   7.281664e-01  -6.853838e-01   0.000000e+00   4.306457e+00   4.575312e+00   0.000000e+00
0     7.689953e+01   0.000000e+00   0.000000e+00   0.000000e+00   0.000000e+00   0.000000e+00   0.000000e+00
1     7.689953e+01   9.919401e-01  -1.266005e-01   0.000000e+00   7.954567e-01   6.232694e+00   0.000000e+00
0     7.699951e+01   0.000000e+00   0.000000e+00   0.000000e+00   0.000000e+00   0.000000e+00   0.000000e+00
1     7.699951e+01   8.769662e-01   4.805219e-01   0.000000e+00  -3.019285e+00   5.510282e+00   0.000000e+00
0     7.709949e+01   0.000000e+00   0.000000e+00   0.000000e+00   0.000000e+00   0.000000e+00   0.000000e+00
1     7.709949e+01   4.271440e-01   9.041685e-01   0.000000e+00  -5.681187e+00   2.683904e+00   0.000000e+00
0     7.719946e+01   0.000000e+00   0.000000e+00   0.000000e+00   0.000000e+00   0.000000e+00   0.000000e+00
1     7.719946e+01  -1.857726e-01   9.825811e-01   0.000000e+00  -6.173865e+00  -1.167241e+00   0.000000e+00
0     7.729944e+01   0.000000e+00   0.000000e+00   0.000000e+00   0.000000e+00   0.000000e+00   0.000000e+00
1     7.729944e+01  -7.277574e-01   6.858220e-01   0.000000e+00  -4.309226e+00  -4.572680e+00   0.000000e+00
0     7.739942e+01   0.000000e+00   0.000000e+00   0.000000e+00   0.000000e+00   0.000000e+00   0.000000e+00
1     7.739942e+01  -9.918703e-01   1.272023e-01   0.000000e+00  -7.992597e-01  -6.232162e+00   0.000000e+00
0     7.749940e+01   0.000000e+00   0.000000e+00   0.000000e+00   0.000000e+00   0.000000e+00   0.000000e+00
1     7.749940e+01  -8.772700e-01  -4.799856e-01   0.000000e+00   3.015862e+00  -5.512093e+00   0.000000e+00
0     7.759938e+01   0.000000e+00   0.000000e+00   0.000000e+00   0.000000e+00   0.000000e+00   0.000000e+00
1     7.759938e+01  -4.277136e-01  -9.039071e-01   0.000000e+00   5.679478e+00  -2.687415e+00   0.000000e+00
0     7.769936e+01   0.000000e+00   0.000000e+00   0.000000e+00   0.000000e+00   0.000000e+00   0.000000e+00
1     7.769936e+01   1.851510e-01  -9.827012e-01   0.000000e+00   6.174576e+00   1.163381e+00   0.000000e+00
0     7.779934e+01   0.000000e+00   0.000000e+00   0.000000e+00   0.000000e+00   0.000000e+00   0.000000e+00
1     7.779934e+01   7.273211e-01  -6.862806e-01   0.000000e+00   4.312093e+00   4.570001e+00   0.000000e+00
0     7.789932e+01   0.000000e+00   0.000000e+00   0.000000e+00   0.000000e+00   0.000000e+00   0.000000e+00
1     7.789932e+01   9.917832e-01  -1.278227e-01   0.000000e+00   8.031369e-01   6.231710e+00   0.000000e+00
0     7.799929e+01   0.000000e+00   0.000000e+00   0.000000e+00   0.000000e+00   0.000000e+00   0.000000e+00
1     7.799929e+01   8.775576e-01   4.794409e-01   0.000000e+00  -3.012494e+00   5.513999e+00   0.000000e+00
0     7.809927e+01   0.000000e+00   0.000000e+00   0.000000e+00   0.000000e+00   0.000000e+00   0.000000e+00
1     7.809927e+01   4.282576e-01   9.036415e-01   0.000000e+00  -5.677877e+00   2.690902e+00   0.000000e+00
0     7.819925e+01   0.000000e+00   0.000000e+00   0.000000e+00   0.000000e+00   0.000000e+00   0.000000e+00
1     7.819925e+01  -1.845620e-01   9.828091e-01   0.000000e+00  -6.175298e+00  -1.159634e+00   0.000000e+00
0     7.829923e+01   0.000000e+00   0.000000e+00   0.000000e+00   0.000000e+00   0.000000e+00   0.000000e+00
1     7.829923e+01  -7.269119e-01   6.867179e-01   0.000000e+00  -4.314856e+00  -4.567369e+00   0.000000e+00
0     7.839921e+01   0.000000e+00   0.000000e+00   0.000000e+00   0.000000e+00   0.000000e+00   0.000000e+00
1     7.839921e+01  -9.917127e-01   1.284239e-01   0.000000e+00  -8.069352e-01  -6.231174e+00   0.000000e+00
0     7.849919e+01   0.000000e+00   0.000000e+00   0.000000e+00   0.000000e+00   0.000000e+00   0.000000e+00
1     7.849919e+01  -8.778603e-01  -4.789047e-01   0.000000e+00   3.009072e+00  -5.515804e+00   0.000000e+00
0     7.859917e+01   0.000000e+00   0.000000e+00   0.000000e+00   0.000000e+00   0.000000e+00   0.000000e+00
1     7.859917e+01  -4.288263e-01  -9.033796e-01   0.000000e+00   5.676164e+00  -2.694407e+00   0.000000e+00
0     7.869914e+01   0.000000e+00   0.000000e+00   0.000000e+00   0.000000e+00   0.000000e+00   0.000000e+00
1     7.869914e+01   1.839409e-01  -9.829283e-01   0.000000e+00   6.176004e+00   1.155777e+00   0.000000e+00
0     7.879912e+01   0.000000e+00   0.000000e+00   0.000000e+00   0.000000e+00   0.000000e+00   0.000000e+00
1     7.879912e+01   7.264755e-01  -6.871755e-01   0.000000e+00   4.317717e+00   4.564689e+00   0.000000e+00
0     7.889910e+01   0.000000e+00   0.000000e+00   0.000000e+00   0.000000e+00   0.000000e+00   0.000000e+00
1     7.889910e+01   9.916249e-01  -1.290436e-01   0.000000e+00   8.108080e-01   6.230717e+00   0.000000e+00
0     7.899908e+01   0.000000e+00   0.000000e+00   0.000000e+00   0.000000e+00   0.000000e+00   0.000000e+00
1     7.899908e+01   8.781470e-01   4.783602e-01   0.000000e+00  -3.005704e+00   5.517703e+00   0.000000e+00
0     7.909906e+01   0.000000e+00   0.000000e+00   0.000000e+00   0.000000e+00   0.000000e+00   0.000000e+00
1     7.909906e+01   4.293695e-01   9.031135e-01   0.000000e+00  -5.674561e+00   2.697888e+00   0.000000e+00
0     7.919904e+01   0.000000e+00   0.000000e+00   0.000000e+00   0.000000e+00   0.000000e+00   0.000000e+00
1     7.919904e+01  -1.833523e-01   9.830354e-01   0.000000e+00  -6.176721e+00  -1.152033e+00   0.000000e+00
0     7.929902e+01   0.000000e+00   0.000000e+00   0.000000e+00   0.000000e+00   0.000000e+00   0.000000e+00
1     7.929902e+01  -7.260662e-01   6.876118e-01   0.000000e+00  -4.320474e+00  -4.562056e+00   0.000000e+00
0     7.939900e+01   0.000000e+00   0.000000e+00   0.000000e+00   0.000000e+00   0.000000e+00   0.000000e+00
1     7.939900e+01  -9.915538e-01   1.296440e-01   0.000000e+00  -8.146017e-01  -6.230176e+00   0.000000e+00
0     7.949897e+01   0.000000e+00   0.000000e+00   0.000000e+00   0.000000e+00   0.000000e+00   0.000000e+00
1     7.949897e+01  -8.784487e-01  -4.778243e-01   0.000000e+00   3.002284e+00  -5.519502e+00   0.000000e+00
0     7.959895e+01   0.000000e+00   0.000000e+00   0.000000e+00   0.000000e+00   0.000000e+00   0.000000e+00
1     7.959895e+01  -4.299372e-01  -9.028513e-01   0.000000e+00   5.672846e+00  -2.701388e+00   0.000000e+00
0     7.969893e+01   0.000000e+00   0.000000e+00   0.000000e+00   0.000000e+00   0.000000e+00   0.000000e+00
1     7.969893e+01   1.827317e-01  -9.831537e-01   0.000000e+00   6.177421e+00   1.148180e+00   0.000000e+00
0     7.979891e+01   0.000000e+00   0.000000e+00   0.000000e+00   0.000000e+00   0.000000e+00   0.000000e+00
1     7.979891e+01   7.256297e-01  -6.880684e-01   0.000000e+00   4.323328e+00   4.559375e+00   0.000000e+00
0     7.989889e+01   0.000000e+00   0.000000e+00   0.000000e+00   0.000000e+00   0.000000e+00   0.000000e+00
1     7.989889e+01   9.914654e-01  -1.302630e-01   0.000000e+00   8.184701e-01   6.229715e+00   0.000000e+00
0     7.999887e+01   0.000000e+00   0.000000e+00   0.000000e+00   0.000000e+00   0.000000e+00   0.000000e+00
1     7.999887e+01   8.787344e-01   4.772799e-01   0.000000e+00  -2.998917e+00   5.521396e+00   0.000000e+00
0     8.009885e+01   0.000000e+00   0.000000e+00   0.000000e+00   0.000000e+00   0.000000e+00   0.000000e+00
1     8.009885e+01   4.304796e-01   9.025848e-01   0.000000e+00  -5.671240e+00   2.704864e+00   0.000000e+00
0     8.019883e+01   0.000000e+00   0.000000e+00   0.000000e+00   0.000000e+00   0.000000e+00   0.000000e+00
1     8.019883e+01  -1.821435e-01   9.832599e-01   0.000000e+00  -6.178133e+00  -1.144439e+00   0.000000e+00
0     8.029880e+01   0.000000e+00   0.000000e+00   0.000000e+00   0.000000e+00   0.000000e+00   0.000000e+00
1     8.029880e+01  -7.252203e-01   6.885037e-01   0.000000e+00  -4.326079e+00  -4.556742e+00   0.000000e+00
0     8.039878e+01   0.000000e+00   0.000000e+00   0.000000e+00   0.000000e+00   0.000000e+00   0.000000e+00
1     8.039878e+01  -9.913936e-01   1.308627e-01   0.000000e+00  -8.222594e-01  -6.229171e+00   0.000000e+00
0     8.049876e+01   0.000000e+00   0.000000e+00   0.000000e+00   0.000000e+00   0.000000e+00   0.000000e+00
1     8.049876e+01  -8.790352e-01  -4.767442e-01   0.000000e+00   2.995497e+00  -5.523188e+00   0.000000e+00
0     8.059874e+01   0.000000e+00   0.000000e+00   0.000000e+00   0.000000e+00   0.000000e+00   0.000000e+00
1     8.059874e+01  -4.310465e-01  -9.023221e-01   0.000000e+00   5.669522e+00  -2.708358e+00   0.000000e+00
0     8.069872e+01   0.000000e+00   0.000000e+00   0.000000e+00   0.000000e+00   0.000000e+00   0.000000e+00
1     8.069872e+01   1.815233e-01  -9.833774e-01   0.000000e+00   6.178828e+00   1.140588e+00   0.000000e+00
0     8.079870e+01   0.000000e+00   0.000000e+00   0.000000e+00   0.000000e+00   0.000000e+00   0.000000e+00
1     8.079870e+01   7.247836e-01  -6.889594e-01   0.000000e+00   4.328927e+00   4.554060e+00   0.000000e+00
0     8.089868e+01   0.000000e+00   0.000000e+00   0.000000e+00   0.000000e+00   0.000000e+00   0.000000e+00
1     8.089868e+01   9.913044e-01  -1.314810e-01   0.000000e+00   8.261234e-01   6.228705e+00   0.000000e+00
0     8.099866e+01   0.000000e+00   0.000000e+00   0.000000e+00   0.000000e+00   0.000000e+00   0.000000e+00
1     8.099866e+01   8.793200e-01   4.762000e-01   0.000000e+00  -2.992132e+00   5.525076e+00   0.000000e+00
0     8.109863e+01   0.000000e+00   0.000000e+00   0.000000e+00   0.000000e+00   0.000000e+00   0.000000e+00
1     8.109863e+01   4.315878e-01   9.020552e-01   0.000000e+00  -5.667913e+00   2.711828e+00   0.000000e+00
0     8.119861e+01   0.000000e+00   0.000000e+00   0.000000e+00   0.000000e+00   0.000000e+00   0.000000e+00
1     8.119861e+01  -1.809357e-01   9.834828e-01   0.000000e+00  -6.179535e+00  -1.136850e+00   0.000000e+00
0     8.129859e+01   0.000000e+00   0.000000e+00   0.000000e+00   0.000000e+00   0.000000e+00   0.000000e+00
1     8.129859e+01  -7.243741e-01   6.893937e-01   0.000000e+00  -4.331672e+00  -4.551426e+00   0.000000e+00
0     8.139857e+01   0.000000e+00   0.000000e+00   0.000000e+00   0.000000e+00   0.000000e+00   0.000000e+00
1     8.139857e+01  -9.912320e-01   1.320800e-01   0.000000e+00  -8.299079e-01  -6.228157e+00   0.000000e+00
0     8.149855e+01   0.000000e+00   0.000000e+00   0.000000e+00   0.000000e+00   0.000000e+00   0.000000e+00
1     8.149855e+01  -8.796198e-01  -4.756644e-01   0.000000e+00   2.988714e+00  -5.526862e+00   0.000000e+00
0     8.159853e+01   0.000000e+00   0.000000e+00   0.000000e+00   0.000000e+00   0.000000e+00   0.000000e+00
1     8.159853e+01  -4.321538e-01  -9.017921e-01   0.000000e+00   5.666193e+00  -2.715316e+00   0.000000e+00
0     8.169851e+01   0.000000e+00   0.000000e+00   0.000000e+00   0.000000e+00   0.000000e+00   0.000000e+00
1     8.169851e+01   1.803160e-01  -9.835993e-01   0.000000e+00   6.180224e+00   1.133002e+00   0.000000e+00
0     8.179848e+01   0.000000e+00   0.000000e+00   0.000000e+00   0.000000e+00   0.000000e+00   0.000000e+00
1     8.179848e+01   7.239373e-01  -6.898484e-01   0.000000e+00   4.334514e+00   4.548743e+00   0.000000e+00
0     8.189846e+01   0.000000e+00   0.000000e+00   0.000000e+00   0.000000e+00   0.000000e+00   0.000000e+00
1     8.189846e+01   9.911422e-01  -1.326976e-01   0.000000e+00   8.337676e-01   6.227687e+00   0.000000e+00
0     8.199844e+01   0.000000e+00   0.000000e+00   0.000000e+00   0.000000e+00   0.000000e+00   0.000000e+00
1     8.199844e+01   8.799036e-01   4.751204e-01   0.000000e+00  -2.985349e+00   5.528744e+00   0.000000e+00
0     8.209842e+01   0.000000e+00   0.000000e+00   0.000000e+00   0.000000e+00   0.000000e+00   0.000000e+00
1     8.209842e+01   4.326944e-01   9.015248e-01   0.000000e+00  -5.664582e+00   2.718781e+00   0.000000e+00
0     8.219840e+01   0.000000e+00   0.000000e+00   0.000000e+00   0.000000e+00   0.000000e+00   0.000000e+00
1     8.219840e+01  -1.797288e-01   9.837039e-01   0.000000e+00  -6.180925e+00  -1.129267e+00   0.000000e+00
0     8.229838e+01   0.000000e+00   0.000000e+00   0.000000e+00   0.000000e+00   0.000000e+00   0.000000e+00
1     8.229838e+01  -7.235277e-01   6.902818e-01   0.000000e+00  -4.337253e+00  -4.546109e+00   0.000000e+00
0     8.239836e+01   0.000000e+00   0.000000e+00   0.000000e+00   0.000000e+00   0.000000e+00   0.000000e+00
1     8.239836e+01  -9.910691e-01   1.332958e-01   0.000000e+00  -8.375475e-01  -6.227135e+00   0.000000e+00
0     8.249834e+01   0.000000e+00   0.000000e+00   0.000000e+00   0.000000e+00   0.000000e+00   0.000000e+00
1     8.249834e+01  -8.802025e-01  -4.745851e-01   0.000000e+00   2.981933e+00  -5.530524e+00   0.000000e+00
0     8.259831e+01   0.000000e+00   0.000000e+00   0.000000e+00   0.000000e+00   0.000000e+00   0.000000e+00
1     8.259831e+01  -4.332595e-01  -9.012613e-01   0.000000e+00   5.662859e+00  -2.722263e+00   0.000000e+00
0     8.269829e+01   0.000000e+00   0.000000e+00   0.000000e+00   0.000000e+00   0.000000e+00   0.000000e+00
1     8.269829e+01   1.791096e-01  -9.838196e-01   0.000000e+00   6.181609e+00   1.125422e+00   0.000000e+00
0     8.279827e+01   0.000000e+00   0.000000e+00   0.000000e+00   0.000000e+00   0.000000e+00   0.000000e+00
1     8.279827e+01   7.230907e-01  -6.907355e-01   0.000000e+00   4.340089e+00   4.543425e+00   0.000000e+00
0     8.289825e+01   0.000000e+00   0.000000e+00   0.000000e+00   0.000000e+00   0.000000e+00   0.000000e+00
1     8.289825e+01   9.909786e-01  -1.339127e-01   0.000000e+00   8.414027e-01   6.226660e+00   0.000000e+00
0     8.299998e+01   0.000000e+00   0.000000e+00   0.000000e+00   0.000000e+00   0.000000e+00   0.000000e+00
1     8.299998e+01   8.752075e-01   4.837162e-01   0.000000e+00  -3.039360e+00   5.499238e+00   0.000000e+00
0     8.309996e+01   0.000000e+00   0.000000e+00   0.000000e+00   0.000000e+00   0.000000e+00   0.000000e+00
1     8.309996e+01   4.238431e-01   9.057197e-01   0.000000e+00  -5.690941e+00   2.663166e+00   0.000000e+00
0     8.319994e+01   0.000000e+00   0.000000e+00   0.000000e+00   0.000000e+00   0.000000e+00   0.000000e+00
1     8.319994e+01  -1.893557e-01   9.818961e-01   0.000000e+00  -6.169568e+00  -1.189756e+00   0.000000e+00
0     8.329992e+01   0.000000e+00   0.000000e+00   0.000000e+00   0.000000e+00   0.000000e+00   0.000000e+00
1     8.329992e+01  -7.302543e-01   6.831615e-01   0.000000e+00  -4.292515e+00  -4.588375e+00   0.000000e+00
0     8.339990e+01   0.000000e+00   0.000000e+00   0.000000e+00   0.000000e+00   0.000000e+00   0.000000e+00
1     8.339990e+01  -9.923271e-01   1.235816e-01   0.000000e+00  -7.765107e-01  -6.235040e+00   0.000000e+00
0     8.349988e+01   0.000000e+00   0.000000e+00   0.000000e+00   0.000000e+00   0.000000e+00   0.000000e+00
1     8.349988e+01  -8.755114e-01  -4.831842e-01   0.000000e+00   3.035964e+00  -5.501050e+00   0.000000e+00
0     8.359986e+01   0.000000e+00   0.000000e+00   0.000000e+00   0.000000e+00   0.000000e+00   0.000000e+00
1     8.359986e+01  -4.244103e-01  -9.054619e-01   0.000000e+00   5.689254e+00  -2.666662e+00   0.000000e+00
0     8.369983e+01   0.000000e+00   0.000000e+00   0.000000e+00   0.000000e+00   0.000000e+00   0.000000e+00
1     8.369983e+01   1.887382e-01  -9.820177e-01   0.000000e+00   6.170289e+00   1.185921e+00   0.000000e+00
0     8.379981e+01   0.000000e+00   0.000000e+00   0.000000e+00   0.000000e+00   0.000000e+00   0.000000e+00
1     8.379981e+01   7.298222e-01  -6.836190e-01   0.000000e+00   4.295375e+00   4.585722e+00   0.000000e+00
0     8.389979e+01   0.000000e+00   0.000000e+00   0.000000e+00   0.000000e+00   0.000000e+00   0.000000e+00
1     8.389979e+01   9.922427e-01  -1.241986e-01   0.000000e+00   7.803660e-01   6.234605e+00   0.000000e+00
0     8.399977e+01   0.000000e+00   0.000000e+00   0.000000e+00   0.000000e+00   0.000000e+00   0.000000e+00
1     8.399977e+01   8.757991e-01   4.826439e-01   0.000000e+00  -3.032623e+00   5.502957e+00   0.000000e+00
0     8.409975e+01   0.000000e+00   0.000000e+00   0.000000e+00   0.000000e+00   0.000000e+00   0.000000e+00
1     8.409975e+01   4.249518e-01   9.051999e-01   0.000000e+00  -5.687675e+00   2.670134e+00   0.000000e+00
0     8.419973e+01   0.000000e+00   0.000000e+00   0.000000e+00   0.000000e+00   0.000000e+00   0.000000e+00
1     8.419973e+01  -1.881532e-01   9.821271e-01   0.000000e+00  -6.171020e+00  -1.182200e+00   0.000000e+00
0     8.429971e+01   0.000000e+00   0.000000e+00   0.000000e+00   0.000000e+00   0.000000e+00   0.000000e+00
1     8.429971e+01  -7.294173e-01   6.840550e-01   0.000000e+00  -4.298130e+00  -4.583116e+00   0.000000e+00
0     8.439969e+01   0.000000e+00   0.000000e+00   0.000000e+00   0.000000e+00   0.000000e+00   0.000000e+00
1     8.439969e+01  -9.921749e-01   1.247963e-01   0.000000e+00  -7.841431e-01  -6.234085e+00   0.000000e+00
0     8.449966e+01   0.000000e+00   0.000000e+00   0.000000e+00   0.000000e+00   0.000000e+00   0.000000e+00
1     8.449966e+01  -8.761021e-01  -4.821121e-01   0.000000e+00   3.029228e+00  -5.504763e+00   0.000000e+00
0     8.459964e+01   0.000000e+00   0.000000e+00   0.000000e+00   0.000000e+00   0.000000e+00   0.000000e+00
1     8.459964e+01  -4.255182e-01  -9.049417e-01   0.000000e+00   5.685986e+00  -2.673624e+00   0.000000e+00
0     8.469962e+01   0.000000e+00   0.000000e+00   0.000000e+00   0.000000e+00   0.000000e+00   0.000000e+00
1     8.469962e+01   1.875362e-01  -9.822478e-01   0.000000e+00   6.171736e+00   1.178369e+00   0.000000e+00
0     8.479960e+01   0.000000e+00   0.000000e+00   0.000000e+00   0.000000e+00   0.000000e+00   0.000000e+00
1     8.479960e+01   7.289850e-01  -6.845115e-01   0.000000e+00   4.300983e+00   4.580463e+00   0.000000e+00
0     8.489958e+01   0.000000e+00   0.000000e+00   0.000000e+00   0.000000e+00   0.000000e+00   0.000000e+00
1     8.489958e+01   9.920899e-01  -1.254126e-01   0.000000e+00   7.879942e-01   6.233645e+00   0.000000e+00
0     8.499956e+01   0.000000e+00   0.000000e+00   0.000000e+00   0.000000e+00   0.000000e+00   0.000000e+00
1     8.499956e+01   8.763889e-01   4.815719e-01   0.000000e+00  -3.025888e+00   5.506663e+00   0.000000e+00
0     8.509954e+01   0.000000e+00   0.000000e+00   0.000000e+00   0.000000e+00   0.000000e+00   0.000000e+00
1     8.509954e+01   4.260589e-01   9.046792e-01   0.000000e+00  -5.684405e+00   2.677090e+00   0.000000e+00
0     8.519951e+01   0.000000e+00   0.000000e+00   0.000000e+00   0.000000e+00   0.000000e+00   0.000000e+00
1     8.519951e+01  -1.869517e-01   9.823564e-01   0.000000e+00  -6.172462e+00  -1.174651e+00   0.000000e+00
0     8.529949e+01   0.000000e+00   0.000000e+00   0.000000e+00   0.000000e+00   0.000000e+00   0.000000e+00
1     8.529949e+01  -7.285799e-01   6.849466e-01   0.000000e+00  -4.303732e+00  -4.577856e+00   0.000000e+00
0     8.539947e+01   0.000000e+00   0.000000e+00   0.000000e+00   0.000000e+00   0.000000e+00   0.000000e+00
1     8.539947e+01  -9.920214e-01   1.260096e-01   0.000000e+00  -7.917667e-01  -6.233122e+00   0.000000e+00
0     8.549945e+01   0.000000e+00   0.000000e+00   0.000000e+00   0.000000e+00   0.000000e+00   0.000000e+00
1     8.549945e+01  -8.766908e-01  -4.810403e-01   0.000000e+00   3.022494e+00  -5.508463e+00   0.000000e+00
0     8.559943e+01   0.000000e+00   0.000000e+00   0.000000e+00   0.000000e+00   0.000000e+00   0.000000e+00
1     8.559943e+01  -4.266243e-01  -9.044206e-01   0.000000e+00   5.682713e+00  -2.680575e+00   0.000000e+00
0     8.569941e+01   0.000000e+00   0.000000e+00   0.000000e+00   0.000000e+00   0.000000e+00   0.000000e+00
1     8.569941e+01   1.863351e-01  -9.824763e-01   0.000000e+00   6.173172e+00   1.170823e+00   0.000000e+00
0     8.579939e+01   0.000000e+00   0.000000e+00   0.000000e+00   0.000000e+00   0.000000e+00   0.000000e+00
1     8.579939e+01   7.281476e-01  -6.854020e-01   0.000000e+00   4.306580e+00   4.575202e+00   0.000000e+00
0     8.589937e+01   0.000000e+00   0.000000e+00   0.000000e+00   0.000000e+00   0.000000e+00   0.000000e+00
1     8.589937e+01   9.919357e-01  -1.266252e-01   0.000000e+00   7.956135e-01   6.232678e+00   0.000000e+00
0     8.599934e+01   0.000000e+00   0.000000e+00   0.000000e+00   0.000000e+00   0.000000e+00   0.000000e+00
1     8.599934e+01   8.769767e-01   4.805003e-01   0.000000e+00  -3.019155e+00   5.510358e+00   0.000000e+00
0     8.609932e+01   0.000000e+00   0.000000e+00   0.000000e+00   0.000000e+00   0.000000e+00   0.000000e+00
1     8.609932e+01   4.271641e-01   9.041577e-01   0.000000e+00  -5.681129e+00   2.684035e+00   0.000000e+00
0     8.619930e+01   0.000000e+00   0.000000e+00   0.000000e+00   0.000000e+00   0.000000e+00   0.000000e+00
1     8.619930e+01  -1.857511e-01   9.825840e-01   0.000000e+00  -6.173894e+00  -1.167107e+00   0.000000e+00
0     8.629928e+01   0.000000e+00   0.000000e+00   0.000000e+00   0.000000e+00   0.000000e+00   0.000000e+00
1     8.629928e+01  -7.277424e-01   6.858362e-01   0.000000e+00  -4.309323e+00  -4.572594e+00   0.000000e+00
0     8.639926e+01   0.000000e+00   0.000000e+00   0.000000e+00   0.000000e+00   0.000000e+00   0.000000e+00
1     8.639926e+01  -9.918666e-01   1.272215e-01   0.000000e+00  -7.993815e-01  -6.232150e+00   0.000000e+00
0     8.649924e+01   0.000000e+00   0.000000e+00   0.000000e+00   0.000000e+00   0.000000e+00   0.000000e+00
1     8.649924e+01  -8.772777e-01  -4.799689e-01   0.000000e+00   3.015763e+00  -5.512152e+00   0.000000e+00
0     8.659922e+01   0.000000e+00   0.000000e+00   0.000000e+00   0.000000e+00   0.000000e+00   0.000000e+00
1     8.659922e+01  -4.277287e-01  -9.038987e-01   0.000000e+00   5.679435e+00  -2.687514e+00   0.000000e+00
0     8.669920e+01   0.000000e+00   0.000000e+00   0.000000e+00   0.000000e+00   0.000000e+00   0.000000e+00
1     8.669920e+01   1.851350e-01  -9.827030e-01   0.000000e+00   6.174598e+00   1.163282e+00   0.000000e+00
0     8.679917e+01   0.000000e+00   0.000000e+00   0.000000e+00   0.000000e+00   0.000000e+00   0.000000e+00
1     8.679917e+01   7.273099e-01  -6.862907e-01   0.000000e+00   4.312164e+00   4.569939e+00   0.000000e+00
0     8.689915e+01   0.000000e+00   0.000000e+00   0.000000e+00   0.000000e+00   0.000000e+00   0.000000e+00
1     8.689915e+01   9.917802e-01  -1.278363e-01   0.000000e+00   8.032237e-01   6.231702e+00   0.000000e+00
0     8.699913e+01   0.000000e+00   0.000000e+00   0.000000e+00   0.000000e+00   0.000000e+00   0.000000e+00
1     8.699913e+01   8.775626e-01   4.794291e-01   0.000000e+00  -3.012425e+00   5.514041e+00   0.000000e+00
0     8.709911e+01   0.000000e+00   0.000000e+00   0.000000e+00   0.000000e+00   0.000000e+00   0.000000e+00
1     8.709911e+01   4.282676e-01   9.036354e-01   0.000000e+00  -5.677849e+00   2.690969e+00   0.000000e+00
0     8.719909e+01   0.000000e+00   0.000000e+00   0.000000e+00   0.000000e+00   0.000000e+00   0.000000e+00
1     8.719909e+01  -1.845514e-01   9.828099e-01   0.000000e+00  -6.175314e+00  -1.159570e+00   0.000000e+00
0     8.729907e+01   0.000000e+00   0.000000e+00   0.000000e+00   0.000000e+00   0.000000e+00   0.000000e+00
1     8.729907e+01  -7.269046e-01   6.867239e-01   0.000000e+00  -4.314902e+00  -4.567331e+00   0.000000e+00
0     8.739905e+01   0.000000e+00   0.000000e+00   0.000000e+00   0.000000e+00   0.000000e+00   0.000000e+00
1     8.739905e+01  -9.917105e-01   1.284319e-01   0.000000e+00  -8.069871e-01  -6.231171e+00   0.000000e+00
0     8.749903e+01   0.000000e+00   0.000000e+00   0.000000e+00   0.000000e+00   0.000000e+00   0.000000e+00
1     8.749903e+01  -8.778627e-01  -4.788979e-01   0.000000e+00   3.009034e+00  -5.515828e+00   0.000000e+00
0     8.759900e+01   0.000000e+00   0.000000e+00   0.000000e+00   0.000000e+00   0.000000e+00   0.000000e+00
1     8.759900e+01  -4.288312e-01  -9.033760e-01   0.000000e+00   5.676152e+00  -2.694442e+00   0.000000e+00
0     8.769898e+01   0.000000e+00   0.000000e+00   0.000000e+00   0.000000e+00   0.000000e+00   0.000000e+00
1     8.769898e+01   1.839358e-01  -9.829280e-01   0.000000e+00   6.176013e+00   1.155748e+00   0.000000e+00
0     8.779896e+01   0.000000e+00   0.000000e+00   0.000000e+00   0.000000e+00   0.000000e+00   0.000000e+00
1     8.779896e+01   7.264720e-01  -6.871774e-01   0.000000e+00   4.317737e+00   4.564675e+00   0.000000e+00
0     8.789894e+01   0.000000e+00   0.000000e+00   0.000000e+00   0.000000e+00   0.000000e+00   0.000000e+00
1     8.789894e+01   9.916234e-01  -1.290461e-01   0.000000e+00   8.108251e-01   6.230718e+00   0.000000e+00
0     8.799892e+01   0.000000e+00   0.000000e+00   0.000000e+00   0.000000e+00   0.000000e+00   0.000000e+00
1     8.799892e+01   8.781466e-01   4.783583e-01   0.000000e+00  -3.005697e+00   5.517711e+00   0.000000e+00
0     8.809890e+01   0.000000e+00   0.000000e+00   0.000000e+00   0.000000e+00   0.000000e+00   0.000000e+00
1     8.809890e+01   4.293694e-01   9.031123e-01   0.000000e+00  -5.674563e+00   2.697892e+00   0.000000e+00
0     8.819888e+01   0.000000e+00   0.000000e+00   0.000000e+00   0.000000e+00   0.000000e+00   0.000000e+00
1     8.819888e+01  -1.833527e-01   9.830341e-01   0.000000e+00  -6.176724e+00  -1.152038e+00   0.000000e+00
0     8.829885e+01   0.000000e+00   0.000000e+00   0.000000e+00   0.000000e+00   0.000000e+00   0.000000e+00
1     8.829885e+01  -7.260666e-01   6.876096e-01   0.000000e+00  -4.320468e+00  -4.562067e+00   0.000000e+00
0     8.839883e+01   0.000000e+00   0.000000e+00   0.000000e+00   0.000000e+00   0.000000e+00   0.000000e+00
1     8.839883e+01  -9.915530e-01   1.296409e-01   0.000000e+00  -8.145838e-01  -6.230183e+00   0.000000e+00
0     8.849881e+01   0.000000e+00   0.000000e+00   0.000000e+00   0.000000e+00   0.000000e+00   0.000000e+00
1     8.849881e+01  -8.784457e-01  -4.778273e-01   0.000000e+00   3.002308e+00  -5.519493e+00   0.000000e+00
0     8.859879e+01   0.000000e+00   0.000000e+00   0.000000e+00   0.000000e+00   0.000000e+00   0.000000e+00
1     8.859879e+01  -4.299320e-01  -9.028524e-01   0.000000e+00   5.672863e+00  -2.701360e+00   0.000000e+00
0     8.869877e+01   0.000000e+00   0.000000e+00   0.000000e+00   0.000000e+00   0.000000e+00   0.000000e+00
1     8.869877e+01   1.827376e-01  -9.831514e-01   0.000000e+00   6.177418e+00   1.148219e+00   0.000000e+00
0     8.879875e+01   0.000000e+00   0.000000e+00   0.000000e+00   0.000000e+00   0.000000e+00   0.000000e+00
1     8.879875e+01   7.256339e-01  -6.880622e-01   0.000000e+00   4.323297e+00   4.559410e+00   0.000000e+00
0     8.889873e+01   0.000000e+00   0.000000e+00   0.000000e+00   0.000000e+00   0.000000e+00   0.000000e+00
1     8.889873e+01   9.914653e-01  -1.302544e-01   0.000000e+00   8.184173e-01   6.229726e+00   0.000000e+00
0     8.899871e+01   0.000000e+00   0.000000e+00   0.000000e+00   0.000000e+00   0.000000e+00   0.000000e+00
1     8.899871e+01   8.787287e-01   4.772878e-01   0.000000e+00  -2.998972e+00   5.521370e+00   0.000000e+00
0     8.909868e+01   0.000000e+00   0.000000e+00   0.000000e+00   0.000000e+00   0.000000e+00   0.000000e+00
1     8.909868e+01   4.304693e-01   9.025884e-01   0.000000e+00  -5.671272e+00   2.704804e+00   0.000000e+00
0     8.919866e+01   0.000000e+00   0.000000e+00   0.000000e+00   0.000000e+00   0.000000e+00   0.000000e+00
1     8.919866e+01  -1.821550e-01   9.832566e-01   0.000000e+00  -6.178123e+00  -1.144513e+00   0.000000e+00
0     8.929864e+01   0.000000e+00   0.000000e+00   0.000000e+00   0.000000e+00   0.000000e+00   0.000000e+00
1     8.929864e+01  -7.252284e-01   6.884934e-01   0.000000e+00  -4.326022e+00  -4.556801e+00   0.000000e+00
0     8.939862e+01   0.000000e+00   0.000000e+00   0.000000e+00   0.000000e+00   0.000000e+00   0.000000e+00
1     8.939862e+01  -9.913942e-01   1.308485e-01   0.000000e+00  -8.221717e-01  -6.229186e+00   0.000000e+00
0     8.949860e+01   0.000000e+00   0.000000e+00   0.000000e+00   0.000000e+00   0.000000e+00   0.000000e+00
1     8.949860e+01  -8.790269e-01  -4.767570e-01   0.000000e+00   2.995584e+00  -5.523146e+00   0.000000e+00
0     8.959858e+01   0.000000e+00   0.000000e+00   0.000000e+00   0.000000e+00   0.000000e+00   0.000000e+00
1     8.959858e+01  -4.310311e-01  -9.023281e-01   0.000000e+00   5.669570e+00  -2.708266e+00   0.000000e+00
0     8.969856e+01   0.000000e+00   0.000000e+00   0.000000e+00   0.000000e+00   0.000000e+00   0.000000e+00
1     8.969856e+01   1.815404e-01  -9.833730e-01   0.000000e+00   6.178812e+00   1.140697e+00   0.000000e+00
0     8.979854e+01   0.000000e+00   0.000000e+00   0.000000e+00   0.000000e+00   0.000000e+00   0.000000e+00
1     8.979854e+01   7.247955e-01  -6.889450e-01   0.000000e+00   4.328845e+00   4.554143e+00   0.000000e+00
0     8.989851e+01   0.000000e+00   0.000000e+00   0.000000e+00   0.000000e+00   0.000000e+00   0.000000e+00
1     8.989851e+01   9.913059e-01  -1.314613e-01   0.000000e+00   8.260007e-01   6.228725e+00   0.000000e+00
0     8.999849e+01   0.000000e+00   0.000000e+00   0.000000e+00   0.000000e+00   0.000000e+00   0.000000e+00
1     8.999849e+01   8.793090e-01   4.762178e-01   0.000000e+00  -2.992249e+00   5.525017e+00   0.000000e+00
0     9.009847e+01   0.000000e+00   0.000000e+00   0.000000e+00   0.000000e+00   0.000000e+00   0.000000e+00
1     9.009847e+01   4.315675e-01   9.020636e-01   0.000000e+00  -5.667976e+00   2.711705e+00   0.000000e+00
0     9.019845e+01   0.000000e+00   0.000000e+00   0.000000e+00   0.000000e+00   0.000000e+00   0.000000e+00
1     9.019845e+01  -1.809582e-01   9.834774e-01   0.000000e+00  -6.179512e+00  -1.136993e+00   0.000000e+00
0     9.029843e+01   0.000000e+00   0.000000e+00   0.000000e+00   0.000000e+00   0.000000e+00   0.000000e+00
1     9.029843e+01  -7.243899e-01   6.893753e-01   0.000000e+00  -4.331564e+00  -4.551534e+00   0.000000e+00
0     9.039841e+01   0.000000e+00   0.000000e+00   0.000000e+00   0.000000e+00   0.000000e+00   0.000000e+00
1     9.039841e+01  -9.912341e-01   1.320547e-01   0.000000e+00  -8.297503e-01  -6.228182e+00   0.000000e+00
0     9.049839e+01   0.000000e+00   0.000000e+00   0.000000e+00   0.000000e+00   0.000000e+00   0.000000e+00
1     9.049839e+01  -8.796061e-01  -4.756872e-01   0.000000e+00   2.988862e+00  -5.526786e+00   0.000000e+00
0     9.059837e+01   0.000000e+00   0.000000e+00   0.000000e+00   0.000000e+00   0.000000e+00   0.000000e+00
1     9.059837e+01  -4.321284e-01  -9.018030e-01   0.000000e+00   5.666271e+00  -2.715161e+00   0.000000e+00
0     9.069834e+01   0.000000e+00   0.000000e+00   0.000000e+00   0.000000e+00   0.000000e+00   0.000000e+00
1     9.069834e+01   1.803441e-01  -9.835930e-01   0.000000e+00   6.180195e+00   1.133180e+00   0.000000e+00
0     9.079832e+01   0.000000e+00   0.000000e+00   0.000000e+00   0.000000e+00   0.000000e+00   0.000000e+00
1     9.079832e+01   7.239570e-01  -6.898260e-01   0.000000e+00   4.334381e+00   4.548875e+00   0.000000e+00
0     9.089830e+01   0.000000e+00   0.000000e+00   0.000000e+00   0.000000e+00   0.000000e+00   0.000000e+00
1     9.089830e+01   9.911451e-01  -1.326667e-01   0.000000e+00   8.335751e-01   6.227717e+00   0.000000e+00
0     9.099828e+01   0.000000e+00   0.000000e+00   0.000000e+00   0.000000e+00   0.000000e+00   0.000000e+00
1     9.099828e+01   8.798873e-01   4.751481e-01   0.000000e+00  -2.985529e+00   5.528652e+00   0.000000e+00
0     9.109826e+01   0.000000e+00   0.000000e+00   0.000000e+00   0.000000e+00   0.000000e+00   0.000000e+00
1     9.109826e+01   4.326639e-01   9.015381e-01   0.000000e+00  -5.664675e+00   2.718595e+00   0.000000e+00
0     9.119999e+01   0.000000e+00   0.000000e+00   0.000000e+00   0.000000e+00   0.000000e+00   0.000000e+00
1     9.119999e+01  -1.905926e-01   9.816557e-01   0.000000e+00  -6.168067e+00  -1.197529e+00   0.000000e+00
0     9.129997e+01   0.000000e+00   0.000000e+00   0.000000e+00   0.000000e+00   0.000000e+00   0.000000e+00
1     9.129997e+01  -7.311145e-01   6.822394e-01   0.000000e+00  -4.286727e+00  -4.593787e+00   0.000000e+00
0     9.139995e+01   0.000000e+00   0.000000e+00   0.000000e+00   0.000000e+00   0.000000e+00   0.000000e+00
1     9.139995e+01  -9.924812e-01   1.223290e-01   0.000000e+00  -7.686413e-01  -6.236018e+00   0.000000e+00
0     9.149993e+01   0.000000e+00   0.000000e+00   0.000000e+00   0.000000e+00   0.000000e+00   0.000000e+00
1     9.149993e+01  -8.748994e-01  -4.842891e-01   0.000000e+00   3.042911e+00  -5.497214e+00   0.000000e+00
0     9.159991e+01   0.000000e+00   0.000000e+00   0.000000e+00   0.000000e+00   0.000000e+00   0.000000e+00
1     9.159991e+01  -4.232649e-01  -9.059967e-01   0.000000e+00   5.692623e+00  -2.659470e+00   0.000000e+00
0     9.169989e+01   0.000000e+00   0.000000e+00   0.000000e+00   0.000000e+00   0.000000e+00   0.000000e+00
1     9.169989e+01   1.899802e-01  -9.817771e-01   0.000000e+00   6.168787e+00   1.193727e+00   0.000000e+00
0     9.179986e+01   0.000000e+00   0.000000e+00   0.000000e+00   0.000000e+00   0.000000e+00   0.000000e+00
1     9.179986e+01   7.306864e-01  -6.826937e-01   0.000000e+00   4.289568e+00   4.591159e+00   0.000000e+00
0     9.189984e+01   0.000000e+00   0.000000e+00   0.000000e+00   0.000000e+00   0.000000e+00   0.000000e+00
1     9.189984e+01   9.923982e-01  -1.229411e-01   0.000000e+00   7.724661e-01   6.235592e+00   0.000000e+00
0     9.199982e+01   0.000000e+00   0.000000e+00   0.000000e+00   0.000000e+00   0.000000e+00   0.000000e+00
1     9.199982e+01   8.751855e-01   4.837535e-01   0.000000e+00  -3.039600e+00   5.499110e+00   0.000000e+00
0     9.209980e+01   0.000000e+00   0.000000e+00   0.000000e+00   0.000000e+00   0.000000e+00   0.000000e+00
1     9.209980e+01   4.238023e-01   9.057375e-01   0.000000e+00  -5.691062e+00   2.662915e+00   0.000000e+00
0     9.219978e+01   0.000000e+00   0.000000e+00   0.000000e+00   0.000000e+00   0.000000e+00   0.000000e+00
1     9.219978e+01  -1.894002e-01   9.818863e-01   0.000000e+00  -6.169517e+00  -1.190037e+00   0.000000e+00
0     9.229976e+01   0.000000e+00   0.000000e+00   0.000000e+00   0.000000e+00   0.000000e+00   0.000000e+00
1     9.229976e+01  -7.302854e-01   6.831266e-01   0.000000e+00  -4.292303e+00  -4.588578e+00   0.000000e+00
0     9.239974e+01   0.000000e+00   0.000000e+00   0.000000e+00   0.000000e+00   0.000000e+00   0.000000e+00
1     9.239974e+01  -9.923318e-01   1.235340e-01   0.000000e+00  -7.762129e-01  -6.235081e+00   0.000000e+00
0     9.249971e+01   0.000000e+00   0.000000e+00   0.000000e+00   0.000000e+00   0.000000e+00   0.000000e+00
1     9.249971e+01  -8.754867e-01  -4.832265e-01   0.000000e+00   3.036235e+00  -5.500905e+00   0.000000e+00
0     9.259969e+01   0.000000e+00   0.000000e+00   0.000000e+00   0.000000e+00   0.000000e+00   0.000000e+00
1     9.259969e+01  -4.243645e-01  -9.054821e-01   0.000000e+00   5.689391e+00  -2.666379e+00   0.000000e+00
0     9.269967e+01   0.000000e+00   0.000000e+00   0.000000e+00   0.000000e+00   0.000000e+00   0.000000e+00
1     9.269967e+01   1.887882e-01  -9.820069e-01   0.000000e+00   6.170232e+00   1.186238e+00   0.000000e+00
0     9.279965e+01   0.000000e+00   0.000000e+00   0.000000e+00   0.000000e+00   0.000000e+00   0.000000e+00
1     9.279965e+01   7.298571e-01  -6.835800e-01   0.000000e+00   4.295137e+00   4.585950e+00   0.000000e+00
0     9.289963e+01   0.000000e+00   0.000000e+00   0.000000e+00   0.000000e+00   0.000000e+00   0.000000e+00
1     9.289963e+01   9.922482e-01  -1.241454e-01   0.000000e+00   7.800333e-01   6.234650e+00   0.000000e+00
0     9.299961e+01   0.000000e+00   0.000000e+00   0.000000e+00   0.000000e+00   0.000000e+00   0.000000e+00
1     9.299961e+01   8.757717e-01   4.826911e-01   0.000000e+00  -3.032925e+00   5.502794e+00   0.000000e+00
0     9.309959e+01   0.000000e+00   0.000000e+00   0.000000e+00   0.000000e+00   0.000000e+00   0.000000e+00
1     9.309959e+01   4.249009e-01   9.052225e-01   0.000000e+00  -5.687828e+00   2.669818e+00   0.000000e+00
0     9.319957e+01   0.000000e+00   0.000000e+00   0.000000e+00   0.000000e+00   0.000000e+00   0.000000e+00
1     9.319957e+01  -1.882088e-01   9.821153e-01   0.000000e+00  -6.170957e+00  -1.182552e+00   0.000000e+00
0     9.329954e+01   0.000000e+00   0.000000e+00   0.000000e+00   0.000000e+00   0.000000e+00   0.000000e+00
1     9.329954e+01  -7.294560e-01   6.840119e-01   0.000000e+00  -4.297867e+00  -4.583368e+00   0.000000e+00
0     9.339952e+01   0.000000e+00   0.000000e+00   0.000000e+00   0.000000e+00   0.000000e+00   0.000000e+00
1     9.339952e+01  -9.921811e-01   1.247376e-01   0.000000e+00  -7.837755e-01  -6.234135e+00   0.000000e+00
0     9.349950e+01   0.000000e+00   0.000000e+00   0.000000e+00   0.000000e+00   0.000000e+00   0.000000e+00
1     9.349950e+01  -8.760720e-01  -4.821642e-01   0.000000e+00   3.029561e+00  -5.504584e+00   0.000000e+00
0     9.359948e+01   0.000000e+00   0.000000e+00   0.000000e+00   0.000000e+00   0.000000e+00   0.000000e+00
1     9.359948e+01  -4.254622e-01  -9.049667e-01   0.000000e+00   5.686153e+00  -2.673277e+00   0.000000e+00
0     9.369946e+01   0.000000e+00   0.000000e+00   0.000000e+00   0.000000e+00   0.000000e+00   0.000000e+00
1     9.369946e+01   1.875973e-01  -9.822350e-01   0.000000e+00   6.171666e+00   1.178755e+00   0.000000e+00
0     9.379944e+01   0.000000e+00   0.000000e+00   0.000000e+00   0.000000e+00   0.000000e+00   0.000000e+00
1     9.379944e+01   7.290277e-01  -6.844643e-01   0.000000e+00   4.300695e+00   4.580739e+00   0.000000e+00
0     9.389942e+01   0.000000e+00   0.000000e+00   0.000000e+00   0.000000e+00   0.000000e+00   0.000000e+00
1     9.389942e+01   9.920968e-01  -1.253483e-01   0.000000e+00   7.875916e-01   6.233700e+00   0.000000e+00
0     9.399940e+01   0.000000e+00   0.000000e+00   0.000000e+00   0.000000e+00   0.000000e+00   0.000000e+00
1     9.399940e+01   8.763561e-01   4.816290e-01   0.000000e+00  -3.026252e+00   5.506468e+00   0.000000e+00
0     9.409937e+01   0.000000e+00   0.000000e+00   0.000000e+00   0.000000e+00   0.000000e+00   0.000000e+00
1     9.409937e+01   4.259979e-01   9.047066e-01   0.000000e+00  -5.684587e+00   2.676711e+00   0.000000e+00
0     9.419935e+01   0.000000e+00   0.000000e+00   0.000000e+00   0.000000e+00   0.000000e+00   0.000000e+00
1     9.419935e+01  -1.870183e-01   9.823425e-01   0.000000e+00  -6.172386e+00  -1.175071e+00   0.000000e+00
0     9.429933e+01   0.000000e+00   0.000000e+00   0.000000e+00   0.000000e+00   0.000000e+00   0.000000e+00
1     9.429933e+01  -7.286264e-01   6.848954e-01   0.000000e+00  -4.303419e+00  -4.578156e+00   0.000000e+00
0     9.439931e+01   0.000000e+00   0.000000e+00   0.000000e+00   0.000000e+00   0.000000e+00   0.000000e+00
1     9.439931e+01  -9.920291e-01   1.259398e-01   0.000000e+00  -7.913292e-01  -6.233181e+00   0.000000e+00
0     9.449929e+01   0.000000e+00   0.000000e+00   0.000000e+00   0.000000e+00   0.000000e+00   0.000000e+00
1     9.449929e+01  -8.766554e-01  -4.811023e-01   0.000000e+00   3.022889e+00  -5.508251e+00   0.000000e+00
0     9.459927e+01   0.000000e+00   0.000000e+00   0.000000e+00   0.000000e+00   0.000000e+00   0.000000e+00
1     9.459927e+01  -4.265582e-01  -9.044504e-01   0.000000e+00   5.682911e+00  -2.680164e+00   0.000000e+00
0     9.469925e+01   0.000000e+00   0.000000e+00   0.000000e+00   0.000000e+00   0.000000e+00   0.000000e+00
1     9.469925e+01   1.864073e-01  -9.824614e-01   0.000000e+00   6.173090e+00   1.171278e+00   0.000000e+00
0     9.479922e+01   0.000000e+00   0.000000e+00   0.000000e+00   0.000000e+00   0.000000e+00   0.000000e+00
1     9.479922e+01   7.281980e-01  -6.853468e-01   0.000000e+00   4.306240e+00   4.575526e+00   0.000000e+00
0     9.489920e+01   0.000000e+00   0.000000e+00   0.000000e+00   0.000000e+00   0.000000e+00   0.000000e+00
1     9.489920e+01   9.919441e-01  -1.265498e-01   0.000000e+00   7.951410e-01   6.232742e+00   0.000000e+00
0     9.499918e+01   0.000000e+00   0.000000e+00   0.000000e+00   0.000000e+00   0.000000e+00   0.000000e+00
1     9.499918e+01   8.769387e-01   4.805673e-01   0.000000e+00  -3.019581e+00   5.510129e+00   0.000000e+00
0     9.509916e+01   0.000000e+00   0.000000e+00   0.000000e+00   0.000000e+00   0.000000e+00   0.000000e+00
1     9.509916e+01   4.270930e-01   9.041900e-01   0.000000e+00  -5.681342e+00   2.683593e+00   0.000000e+00
0     9.519914e+01   0.000000e+00   0.000000e+00   0.000000e+00   0.000000e+00   0.000000e+00   0.000000e+00
1     9.519914e+01  -1.858287e-01   9.825681e-01   0.000000e+00  -6.173805e+00  -1.167597e+00   0.000000e+00
0     9.529912e+01   0.000000e+00   0.000000e+00   0.000000e+00   0.000000e+00   0.000000e+00   0.000000e+00
1     9.529912e+01  -7.277966e-01   6.857769e-01   0.000000e+00  -4.308958e+00  -4.572943e+00   0.000000e+00
0     9.539910e+01   0.000000e+00   0.000000e+00   0.000000e+00   0.000000e+00   0.000000e+00   0.000000e+00
1     9.539910e+01  -9.918758e-01   1.271405e-01   0.000000e+00  -7.988741e-01  -6.232219e+00   0.000000e+00
0     9.549908e+01   0.000000e+00   0.000000e+00   0.000000e+00   0.000000e+00   0.000000e+00   0.000000e+00
1     9.549908e+01  -8.772370e-01  -4.800408e-01   0.000000e+00   3.016220e+00  -5.511906e+00   0.000000e+00
0     9.559905e+01   0.000000e+00   0.000000e+00   0.000000e+00   0.000000e+00   0.000000e+00   0.000000e+00
1     9.559905e+01  -4.276525e-01  -9.039334e-01   0.000000e+00   5.679663e+00  -2.687040e+00   0.000000e+00
0     9.569903e+01   0.000000e+00   0.000000e+00   0.000000e+00   0.000000e+00   0.000000e+00   0.000000e+00
1     9.569903e+01   1.852182e-01  -9.826861e-01   0.000000e+00   6.174503e+00   1.163807e+00   0.000000e+00
0     9.579901e+01   0.000000e+00   0.000000e+00   0.000000e+00   0.000000e+00   0.000000e+00   0.000000e+00
1     9.579901e+01   7.273680e-01  -6.862273e-01   0.000000e+00   4.311774e+00   4.570312e+00   0.000000e+00
0     9.589899e+01   0.000000e+00   0.000000e+00   0.000000e+00   0.000000e+00   0.000000e+00   0.000000e+00
1     9.589899e+01   9.917902e-01  -1.277498e-01   0.000000e+00   8.026815e-01   6.231776e+00   0.000000e+00
0     9.599897e+01   0.000000e+00   0.000000e+00   0.000000e+00   0.000000e+00   0.000000e+00   0.000000e+00
1     9.599897e+01   8.775193e-01   4.795059e-01   0.000000e+00  -3.012913e+00   5.513778e+00   0.000000e+00
0     9.609895e+01   0.000000e+00   0.000000e+00   0.000000e+00   0.000000e+00   0.000000e+00   0.000000e+00
1     9.609895e+01   4.281864e-01   9.036726e-01   0.000000e+00  -5.678093e+00   2.690464e+00   0.000000e+00
0     9.619893e+01   0.000000e+00   0.000000e+00   0.000000e+00   0.000000e+00   0.000000e+00   0.000000e+00
1     9.619893e+01  -1.846401e-01   9.827920e-01   0.000000e+00  -6.175213e+00  -1.160129e+00   0.000000e+00
0     9.629891e+01   0.000000e+00   0.000000e+00   0.000000e+00   0.000000e+00   0.000000e+00   0.000000e+00
1     9.629891e+01  -7.269666e-01   6.866565e-01   0.000000e+00  -4.314486e+00  -4.567729e+00   0.000000e+00
0     9.639888e+01   0.000000e+00   0.000000e+00   0.000000e+00   0.000000e+00   0.000000e+00   0.000000e+00
1     9.639888e+01  -9.917212e-01   1.283398e-01   0.000000e+00  -8.064100e-01  -6.231249e+00   0.000000e+00
0     9.649886e+01   0.000000e+00   0.000000e+00   0.000000e+00   0.000000e+00   0.000000e+00   0.000000e+00
1     9.649886e+01  -8.778167e-01  -4.789797e-01   0.000000e+00   3.009553e+00  -5.515549e+00   0.000000e+00
0     9.659884e+01   0.000000e+00   0.000000e+00   0.000000e+00   0.000000e+00   0.000000e+00   0.000000e+00
1     9.659884e+01  -4.287450e-01  -9.034156e-01   0.000000e+00   5.676411e+00  -2.693905e+00   0.000000e+00
0     9.669882e+01   0.000000e+00   0.000000e+00   0.000000e+00   0.000000e+00   0.000000e+00   0.000000e+00
1     9.669882e+01   1.840300e-01  -9.829092e-01   0.000000e+00   6.175906e+00   1.156342e+00   0.000000e+00
0     9.679880e+01   0.000000e+00   0.000000e+00   0.000000e+00   0.000000e+00   0.000000e+00   0.000000e+00
1     9.679880e+01   7.265379e-01  -6.871060e-01   0.000000e+00   4.317296e+00   4.565098e+00   0.000000e+00
0     9.689878e+01   0.000000e+00   0.000000e+00   0.000000e+00   0.000000e+00   0.000000e+00   0.000000e+00
1     9.689878e+01   9.916349e-01  -1.289484e-01   0.000000e+00   8.102130e-01   6.230802e+00   0.000000e+00
0     9.699876e+01   0.000000e+00   0.000000e+00   0.000000e+00   0.000000e+00   0.000000e+00   0.000000e+00
1     9.699876e+01   8.780980e-01   4.784450e-01   0.000000e+00  -3.006248e+00   5.517416e+00   0.000000e+00
0     9.709874e+01   0.000000e+00   0.000000e+00   0.000000e+00   0.000000e+00   0.000000e+00   0.000000e+00
1     9.709874e+01   4.292780e-01   9.031544e-01   0.000000e+00  -5.674838e+00   2.697323e+00   0.000000e+00
0     9.719871e+01   0.000000e+00   0.000000e+00   0.000000e+00   0.000000e+00   0.000000e+00   0.000000e+00
1     9.719871e+01  -1.834525e-01   9.830143e-01   0.000000e+00  -6.176611e+00  -1.152667e+00   0.000000e+00
0     9.729869e+01   0.000000e+00   0.000000e+00   0.000000e+00   0.000000e+00   0.000000e+00   0.000000e+00
1     9.729869e+01  -7.261364e-01   6.875342e-01   0.000000e+00  -4.320002e+00  -4.562514e+00   0.000000e+00
0     9.739867e+01   0.000000e+00   0.000000e+00   0.000000e+00   0.000000e+00   0.000000e+00   0.000000e+00
1     9.739867e+01  -9.915653e-01   1.295378e-01   0.000000e+00  -8.139369e-01  -6.230271e+00   0.000000e+00
0     9.749865e+01   0.000000e+00   0.000000e+00   0.000000e+00   0.000000e+00   0.000000e+00   0.000000e+00
1     9.749865e+01  -8.783945e-01  -4.779190e-01   0.000000e+00   3.002889e+00  -5.519181e+00   0.000000e+00
0     9.759863e+01   0.000000e+00   0.000000e+00   0.000000e+00   0.000000e+00   0.000000e+00   0.000000e+00
1     9.759863e+01  -4.298357e-01  -9.028970e-01   0.000000e+00   5.673153e+00  -2.700759e+00   0.000000e+00
0     9.769861e+01   0.000000e+00   0.000000e+00   0.000000e+00   0.000000e+00   0.000000e+00   0.000000e+00
1     9.769861e+01   1.828429e-01  -9.831306e-01   0.000000e+00   6.177298e+00   1.148883e+00   0.000000e+00
0     9.779859e+01   0.000000e+00   0.000000e+00   0.000000e+00   0.000000e+00   0.000000e+00   0.000000e+00
1     9.779859e+01   7.257076e-01  -6.879827e-01   0.000000e+00   4.322805e+00   4.559881e+00   0.000000e+00
0     9.789856e+01   0.000000e+00   0.000000e+00   0.000000e+00   0.000000e+00   0.000000e+00   0.000000e+00
1     9.789856e+01   9.914784e-01  -1.301456e-01   0.000000e+00   8.177355e-01   6.229819e+00   0.000000e+00
0     9.799854e+01   0.000000e+00   0.000000e+00   0.000000e+00   0.000000e+00   0.000000e+00   0.000000e+00
1     9.799854e+01   8.786749e-01   4.773845e-01   0.000000e+00  -2.999585e+00   5.521041e+00   0.000000e+00
0     9.809852e+01   0.000000e+00   0.000000e+00   0.000000e+00   0.000000e+00   0.000000e+00   0.000000e+00
1     9.809852e+01   4.303679e-01   9.026354e-01   0.000000e+00  -5.671578e+00   2.704172e+00   0.000000e+00
0     9.819850e+01   0.000000e+00   0.000000e+00   0.000000e+00   0.000000e+00   0.000000e+00   0.000000e+00
1     9.819850e+01  -1.822658e-01   9.832348e-01   0.000000e+00  -6.177998e+00  -1.145211e+00   0.000000e+00
0     9.829848e+01   0.000000e+00   0.000000e+00   0.000000e+00   0.000000e+00   0.000000e+00   0.000000e+00
1     9.829848e+01  -7.253060e-01   6.884099e-01   0.000000e+00  -4.325505e+00  -4.557297e+00   0.000000e+00
0     9.839846e+01   0.000000e+00   0.000000e+00   0.000000e+00   0.000000e+00   0.000000e+00   0.000000e+00
1     9.839846e+01  -9.914081e-01   1.307342e-01   0.000000e+00  -8.214548e-01  -6.229285e+00   0.000000e+00
0     9.849844e+01   0.000000e+00   0.000000e+00   0.000000e+00   0.000000e+00   0.000000e+00   0.000000e+00
1     9.849844e+01  -8.789704e-01  -4.768586e-01   0.000000e+00   2.996228e+00  -5.522801e+00   0.000000e+00
0     9.859842e+01   0.000000e+00   0.000000e+00   0.000000e+00   0.000000e+00   0.000000e+00   0.000000e+00
1     9.859842e+01  -4.309247e-01  -9.023776e-01   0.000000e+00   5.669891e+00  -2.707602e+00   0.000000e+00
0     9.869839e+01   0.000000e+00   0.000000e+00   0.000000e+00   0.000000e+00   0.000000e+00   0.000000e+00
1     9.869839e+01   1.816567e-01  -9.833503e-01   0.000000e+00   6.178680e+00   1.141430e+00   0.000000e+00
0     9.879837e+01   0.000000e+00   0.000000e+00   0.000000e+00   0.000000e+00   0.000000e+00   0.000000e+00
1     9.879837e+01   7.248771e-01  -6.888575e-01   0.000000e+00   4.328303e+00   4.554664e+00   0.000000e+00
0     9.889835e+01   0.000000e+00   0.000000e+00   0.000000e+00   0.000000e+00   0.000000e+00   0.000000e+00
1     9.889835e+01   9.913205e-01  -1.313414e-01   0.000000e+00   8.252491e-01   6.228829e+00   0.000000e+00
0     9.899833e+01   0.000000e+00   0.000000e+00   0.000000e+00   0.000000e+00   0.000000e+00   0.000000e+00
1     9.899833e+01   8.792499e-01   4.763244e-01   0.000000e+00  -2.992924e+00   5.524655e+00   0.000000e+00
0     9.909831e+01   0.000000e+00   0.000000e+00   0.000000e+00   0.000000e+00   0.000000e+00   0.000000e+00
1     9.909831e+01   4.314560e-01   9.021156e-01   0.000000e+00  -5.668313e+00   2.711009e+00   0.000000e+00
0     9.919829e+01   0.000000e+00   0.000000e+00   0.000000e+00   0.000000e+00   0.000000e+00   0.000000e+00
1     9.919829e+01  -1.810801e-01   9.834537e-01   0.000000e+00  -6.179375e+00  -1.137761e+00   0.000000e+00
0     9.929827e+01   0.000000e+00   0.000000e+00   0.000000e+00   0.000000e+00   0.000000e+00   0.000000e+00
1     9.929827e+01  -7.244754e-01   6.892838e-01   0.000000e+00  -4.330997e+00  -4.552079e+00   0.000000e+00
0     9.940000e+01   0.000000e+00   0.000000e+00   0.000000e+00   0.000000e+00   0.000000e+00   0.000000e+00
1     9.940000e+01  -9.926434e-01   1.209970e-01   0.000000e+00  -7.602730e-01  -6.237048e+00   0.000000e+00
0     9.949998e+01   0.000000e+00   0.000000e+00   0.000000e+00   0.000000e+00   0.000000e+00   0.000000e+00
1     9.949998e+01  -8.742474e-01  -4.854630e-01   0.000000e+00   3.050292e+00  -5.493126e+00   0.000000e+00
0     9.959996e+01   0.000000e+00   0.000000e+00   0.000000e+00   0.000000e+00   0.000000e+00   0.000000e+00
1     9.959996e+01  -4.220466e-01  -9.065637e-01   0.000000e+00   5.696195e+00  -2.651819e+00   0.000000e+00
0     9.969994e+01   0.000000e+00   0.000000e+00   0.000000e+00   0.000000e+00   0.000000e+00   0.000000e+00
1     9.969994e+01   1.913002e-01  -9.815197e-01   0.000000e+00   6.167179e+00   1.202023e+00   0.000000e+00
0     9.979991e+01   0.000000e+00   0.000000e+00   0.000000e+00   0.000000e+00   0.000000e+00   0.000000e+00
1     9.979991e+01   7.316038e-01  -6.817089e-01   0.000000e+00   4.283387e+00   4.596931e+00   0.000000e+00
0     9.989989e+01   0.000000e+00   0.000000e+00   0.000000e+00   0.000000e+00   0.000000e+00   0.000000e+00
1     9.989989e+01   9.925619e-01  -1.216042e-01   0.000000e+00   7.640672e-01   6.236630e+00   0.000000e+00
0     9.999987e+01   0.000000e+00   0.000000e+00   0.000000e+00   0.000000e+00   0.000000e+00   0.000000e+00
1     9.999987e+01   8.745317e-01   4.849322e-01   0.000000e+00  -3.047011e+00   5.495011e+00   0.000000e+00
0     1.000999e+02   0.000000e+00   0.000000e+00   0.000000e+00   0.000000e+00   0.000000e+00   0.000000e+00
1     1.000999e+02   4.225798e-01   9.063073e-01   0.000000e+00  -5.694652e+00   2.655237e+00   0.000000e+00
0     1.001998e+02   0.000000e+00   0.000000e+00   0.000000e+00   0.000000e+00   0.000000e+00   0.000000e+00
1     1.001998e+02  -1.907253e-01   9.816287e-01   0.000000e+00  -6.167908e+00  -1.198365e+00   0.000000e+00
0     1.002998e+02   0.000000e+00   0.000000e+00   0.000000e+00   0.000000e+00   0.000000e+00   0.000000e+00
1     1.002998e+02  -7.312067e-01   6.821388e-01   0.000000e+00  -4.286103e+00  -4.594375e+00   0.000000e+00
0     1.003998e+02   0.000000e+00   0.000000e+00   0.000000e+00   0.000000e+00   0.000000e+00   0.000000e+00
1     1.003998e+02  -9.924969e-01   1.221923e-01   0.000000e+00  -7.677837e-01  -6.236128e+00   0.000000e+00
0     1.004998e+02   0.000000e+00   0.000000e+00   0.000000e+00   0.000000e+00   0.000000e+00   0.000000e+00
1     1.004998e+02  -8.748312e-01  -4.844099e-01   0.000000e+00   3.043675e+00  -5.496795e+00   0.000000e+00
0     1.005997e+02   0.000000e+00   0.000000e+00   0.000000e+00   0.000000e+00   0.000000e+00   0.000000e+00
1     1.005997e+02  -4.231377e-01  -9.060548e-01   0.000000e+00   5.692998e+00  -2.658675e+00   0.000000e+00
0     1.006997e+02   0.000000e+00   0.000000e+00   0.000000e+00   0.000000e+00   0.000000e+00   0.000000e+00
1     1.006997e+02   1.901184e-01  -9.817491e-01   0.000000e+00   6.168622e+00   1.194598e+00   0.000000e+00
0     1.007997e+02   0.000000e+00   0.000000e+00   0.000000e+00   0.000000e+00   0.000000e+00   0.000000e+00
1     1.007997e+02   7.307825e-01  -6.825890e-01   0.000000e+00   4.288918e+00   4.591772e+00   0.000000e+00
0     1.008997e+02   0.000000e+00   0.000000e+00   0.000000e+00   0.000000e+00   0.000000e+00   0.000000e+00
1     1.008997e+02   9.924147e-01  -1.227988e-01   0.000000e+00   7.715734e-01   6.235706e+00   0.000000e+00
0     1.009997e+02   0.000000e+00   0.000000e+00   0.000000e+00   0.000000e+00   0.000000e+00   0.000000e+00
1     1.009997e+02   8.751146e-01   4.838793e-01   0.000000e+00  -3.040396e+00   5.498674e+00   0.000000e+00
0     1.010996e+02   0.000000e+00   0.000000e+00   0.000000e+00   0.000000e+00   0.000000e+00   0.000000e+00
1     1.010996e+02   4.236700e-01   9.057980e-01   0.000000e+00  -5.691453e+00   2.662089e+00   0.000000e+00
0     1.011996e+02   0.000000e+00   0.000000e+00   0.000000e+00   0.000000e+00   0.000000e+00   0.000000e+00
1     1.011996e+02  -1.895439e-01   9.818574e-01   0.000000e+00  -6.169346e+00  -1.190943e+00   0.000000e+00
0     1.012996e+02   0.000000e+00   0.000000e+00   0.000000e+00   0.000000e+00   0.000000e+00   0.000000e+00
1     1.012996e+02  -7.303854e-01   6.830179e-01   0.000000e+00  -4.291628e+00  -4.589215e+00   0.000000e+00
0     1.013996e+02   0.000000e+00   0.000000e+00   0.000000e+00   0.000000e+00   0.000000e+00   0.000000e+00
1     1.013996e+02  -9.923490e-01   1.233861e-01   0.000000e+00  -7.752852e-01  -6.235200e+00   0.000000e+00
0     1.014996e+02   0.000000e+00   0.000000e+00   0.000000e+00   0.000000e+00   0.000000e+00   0.000000e+00
1     1.014996e+02  -8.754131e-01  -4.833572e-01   0.000000e+00   3.037061e+00  -5.500453e+00   0.000000e+00
0     1.015995e+02   0.000000e+00   0.000000e+00   0.000000e+00   0.000000e+00   0.000000e+00   0.000000e+00
1     1.015995e+02  -4.242271e-01  -9.055451e-01   0.000000e+00   5.689797e+00  -2.665521e+00   0.000000e+00
0     1.016995e+02   0.000000e+00   0.000000e+00   0.000000e+00   0.000000e+00   0.000000e+00   0.000000e+00
1     1.016995e+02   1.889375e-01  -9.819770e-01   0.000000e+00   6.170055e+00   1.187178e+00   0.000000e+00
0     1.017995e+02   0.000000e+00   0.000000e+00   0.000000e+00   0.000000e+00   0.000000e+00   0.000000e+00
1     1.017995e+02   7.299611e-01  -6.834672e-01   0.000000e+00   4.294437e+00   4.586611e+00   0.000000e+00
0     1.018995e+02   0.000000e+00   0.000000e+00   0.000000e+00   0.000000e+00   0.000000e+00   0.000000e+00
1     1.018995e+02   9.922662e-01  -1.239920e-01   0.000000e+00   7.790708e-01   6.234774e+00   0.000000e+00
0     1.019994e+02   0.000000e+00   0.000000e+00   0.000000e+00   0.000000e+00   0.000000e+00   0.000000e+00
1     1.019994e+02   8.756956e-01   4.828267e-01   0.000000e+00  -3.033783e+00   5.502326e+00   0.000000e+00
0     1.020994e+02   0.000000e+00   0.000000e+00   0.000000e+00   0.000000e+00   0.000000e+00   0.000000e+00
1     1.020994e+02   4.247586e-01   9.052879e-01   0.000000e+00  -5.688249e+00   2.668929e+00   0.000000e+00
0     1.021994e+02   0.000000e+00   0.000000e+00   0.000000e+00   0.000000e+00   0.000000e+00   0.000000e+00
1     1.021994e+02  -1.883636e-01   9.820844e-01   0.000000e+00  -6.170774e+00  -1.183526e+00   0.000000e+00
0     1.022994e+02   0.000000e+00   0.000000e+00   0.000000e+00   0.000000e+00   0.000000e+00   0.000000e+00
1     1.022994e+02  -7.295639e-01   6.838951e-01   0.000000e+00  -4.297141e+00  -4.584054e+00   0.000000e+00
0     1.023994e+02   0.000000e+00   0.000000e+00   0.000000e+00   0.000000e+00   0.000000e+00   0.000000e+00
1     1.023994e+02  -9.921999e-01   1.245786e-01   0.000000e+00  -7.827780e-01  -6.234264e+00   0.000000e+00
0     1.024993e+02   0.000000e+00   0.000000e+00   0.000000e+00   0.000000e+00   0.000000e+00   0.000000e+00
1     1.024993e+02  -8.759932e-01  -4.823048e-01   0.000000e+00   3.030450e+00  -5.504099e+00   0.000000e+00
0     1.025993e+02   0.000000e+00   0.000000e+00   0.000000e+00   0.000000e+00   0.000000e+00   0.000000e+00
1     1.025993e+02  -4.253148e-01  -9.050346e-01   0.000000e+00   5.686590e+00  -2.672356e+00   0.000000e+00
0     1.026993e+02   0.000000e+00   0.000000e+00   0.000000e+00   0.000000e+00   0.000000e+00   0.000000e+00
1     1.026993e+02   1.877576e-01  -9.822031e-01   0.000000e+00   6.171477e+00   1.179764e+00   0.000000e+00
0     1.027993e+02   0.000000e+00   0.000000e+00   0.000000e+00   0.000000e+00   0.000000e+00   0.000000e+00
1     1.027993e+02   7.291394e-01  -6.843435e-01   0.000000e+00   4.299944e+00   4.581449e+00   0.000000e+00
0     1.028993e+02   0.000000e+00   0.000000e+00   0.000000e+00   0.000000e+00   0.000000e+00   0.000000e+00
1     1.028993e+02   9.921164e-01  -1.251837e-01   0.000000e+00   7.865592e-01   6.233834e+00   0.000000e+00
0     1.029992e+02   0.000000e+00   0.000000e+00   0.000000e+00   0.000000e+00   0.000000e+00   0.000000e+00
1     1.029992e+02   8.762747e-01   4.817746e-01   0.000000e+00  -3.027172e+00   5.505966e+00   0.000000e+00
0     1.030992e+02   0.000000e+00   0.000000e+00   0.000000e+00   0.000000e+00   0.000000e+00   0.000000e+00
1     1.030992e+02   4.258454e-01   9.047771e-01   0.000000e+00  -5.685040e+00   2.675758e+00   0.000000e+00
0     1.031992e+02   0.000000e+00   0.000000e+00   0.000000e+00   0.000000e+00   0.000000e+00   0.000000e+00
1     1.031992e+02  -1.871841e-01   9.823097e-01   0.000000e+00  -6.172191e+00  -1.176116e+00   0.000000e+00
0     1.032992e+02   0.000000e+00   0.000000e+00   0.000000e+00   0.000000e+00   0.000000e+00   0.000000e+00
1     1.032992e+02  -7.287421e-01   6.847705e-01   0.000000e+00  -4.302642e+00  -4.578891e+00   0.000000e+00
0     1.033991e+02   0.000000e+00   0.000000e+00   0.000000e+00   0.000000e+00   0.000000e+00   0.000000e+00
1     1.033991e+02  -9.920495e-01   1.257697e-01   0.000000e+00  -7.902620e-01  -6.233321e+00   0.000000e+00
0     1.034991e+02   0.000000e+00   0.000000e+00   0.000000e+00   0.000000e+00   0.000000e+00   0.000000e+00
1     1.034991e+02  -8.765714e-01  -4.812529e-01   0.000000e+00   3.023841e+00  -5.507733e+00   0.000000e+00
0     1.035991e+02   0.000000e+00   0.000000e+00   0.000000e+00   0.000000e+00   0.000000e+00   0.000000e+00
1     1.035991e+02  -4.264007e-01  -9.045234e-01   0.000000e+00   5.683379e+00  -2.679179e+00   0.000000e+00
0     1.036991e+02   0.000000e+00   0.000000e+00   0.000000e+00   0.000000e+00   0.000000e+00   0.000000e+00
1     1.036991e+02   1.865787e-01  -9.824276e-01   0.000000e+00   6.172889e+00   1.172357e+00   0.000000e+00
0     1.037991e+02   0.000000e+00   0.000000e+00   0.000000e+00   0.000000e+00   0.000000e+00   0.000000e+00
1     1.037991e+02   7.283176e-01  -6.852179e-01   0.000000e+00   4.305438e+00   4.576286e+00   0.000000e+00
0     1.038990e+02   0.000000e+00   0.000000e+00   0.000000e+00   0.000000e+00   0.000000e+00   0.000000e+00
1     1.038990e+02   9.919653e-01  -1.263741e-01   0.000000e+00   7.940387e-01   6.232886e+00   0.000000e+00
0     1.039990e+02   0.000000e+00   0.000000e+00   0.000000e+00   0.000000e+00   0.000000e+00   0.000000e+00
1     1.039990e+02   8.768520e-01   4.807228e-01   0.000000e+00  -3.020564e+00   5.509594e+00   0.000000e+00
0     1.040990e+02   0.000000e+00   0.000000e+00   0.000000e+00   0.000000e+00   0.000000e+00   0.000000e+00
1     1.040990e+02   4.269305e-01   9.042654e-01   0.000000e+00  -5.681827e+00   2.682576e+00   0.000000e+00
0     1.041990e+02   0.000000e+00   0.000000e+00   0.000000e+00   0.000000e+00   0.000000e+00   0.000000e+00
1     1.041990e+02  -1.860057e-01   9.825334e-01   0.000000e+00  -6.173598e+00  -1.168711e+00   0.000000e+00
0     1.042990e+02   0.000000e+00   0.000000e+00   0.000000e+00   0.000000e+00   0.000000e+00   0.000000e+00
1     1.042990e+02  -7.279202e-01   6.856440e-01   0.000000e+00  -4.308131e+00  -4.573728e+00   0.000000e+00
0     1.043989e+02   0.000000e+00   0.000000e+00   0.000000e+00   0.000000e+00   0.000000e+00   0.000000e+00
1     1.043989e+02  -9.918978e-01   1.269593e-01   0.000000e+00  -7.977368e-01  -6.232369e+00   0.000000e+00
0     1.044989e+02   0.000000e+00   0.000000e+00   0.000000e+00   0.000000e+00   0.000000e+00   0.000000e+00
1     1.044989e+02  -8.771478e-01  -4.802013e-01   0.000000e+00   3.017234e+00  -5.511355e+00   0.000000e+00
0     1.045989e+02   0.000000e+00   0.000000e+00   0.000000e+00   0.000000e+00   0.000000e+00   0.000000e+00
1     1.045989e+02  -4.274849e-01  -9.040113e-01   0.000000e+00   5.680163e+00  -2.685992e+00   0.000000e+00
0     1.046989e+02   0.000000e+00   0.000000e+00   0.000000e+00   0.000000e+00   0.000000e+00   0.000000e+00
1     1.046989e+02   1.854006e-01  -9.826505e-01   0.000000e+00   6.174290e+00   1.164956e+00   0.000000e+00
0     1.047988e+02   0.000000e+00   0.000000e+00   0.000000e+00   0.000000e+00   0.000000e+00   0.000000e+00
1     1.047988e+02   7.274955e-01  -6.860904e-01   0.000000e+00   4.310922e+00   4.571122e+00   0.000000e+00
0     1.048988e+02   0.000000e+00   0.000000e+00   0.000000e+00   0.000000e+00   0.000000e+00   0.000000e+00
1     1.048988e+02   9.918130e-01  -1.275630e-01   0.000000e+00   8.015094e-01   6.231931e+00   0.000000e+00
0     1.049988e+02   0.000000e+00   0.000000e+00   0.000000e+00   0.000000e+00   0.000000e+00   0.000000e+00
1     1.049988e+02   8.774274e-01   4.796715e-01   0.000000e+00  -3.013959e+00   5.513211e+00   0.000000e+00
0     1.050988e+02   0.000000e+00   0.000000e+00   0.000000e+00   0.000000e+00   0.000000e+00   0.000000e+00
1     1.050988e+02   4.280138e-01   9.037530e-01   0.000000e+00  -5.678608e+00   2.689384e+00   0.000000e+00
0     1.051988e+02   0.000000e+00   0.000000e+00   0.000000e+00   0.000000e+00   0.000000e+00   0.000000e+00
1     1.051988e+02  -1.848282e-01   9.827554e-01   0.000000e+00  -6.174994e+00  -1.161313e+00   0.000000e+00
0     1.052987e+02   0.000000e+00   0.000000e+00   0.000000e+00   0.000000e+00   0.000000e+00   0.000000e+00
1     1.052987e+02  -7.270981e-01   6.865155e-01   0.000000e+00  -4.313608e+00  -4.568563e+00   0.000000e+00
0     1.053987e+02   0.000000e+00   0.000000e+00   0.000000e+00   0.000000e+00   0.000000e+00   0.000000e+00
1     1.053987e+02  -9.917448e-01   1.281475e-01   0.000000e+00  -8.052028e-01  -6.231409e+00   0.000000e+00
0     1.054987e+02   0.000000e+00   0.000000e+00   0.000000e+00   0.000000e+00   0.000000e+00   0.000000e+00
1     1.054987e+02  -8.777223e-01  -4.791502e-01   0.000000e+00   3.010630e+00  -5.514966e+00   0.000000e+00
0     1.055987e+02   0.000000e+00   0.000000e+00   0.000000e+00   0.000000e+00   0.000000e+00   0.000000e+00
1     1.055987e+02  -4.285673e-01  -9.034985e-01   0.000000e+00   5.676942e+00  -2.692794e+00   0.000000e+00
0     1.056987e+02   0.000000e+00   0.000000e+00   0.000000e+00   0.000000e+00   0.000000e+00   0.000000e+00
1     1.056987e+02   1.842236e-01  -9.828717e-01   0.000000e+00   6.175681e+00   1.157560e+00   0.000000e+00
0     1.057986e+02   0.000000e+00   0.000000e+00   0.000000e+00   0.000000e+00   0.000000e+00   0.000000e+00
1     1.057986e+02   7.266733e-01  -6.869611e-01   0.000000e+00   4.316393e+00   4.565956e+00   0.000000e+00
0     1.058986e+02   0.000000e+00   0.000000e+00   0.000000e+00   0.000000e+00   0.000000e+00   0.000000e+00
1     1.058986e+02   9.916594e-01  -1.287505e-01   0.000000e+00   8.089710e-01   6.230967e+00   0.000000e+00
0     1.059986e+02   0.000000e+00   0.000000e+00   0.000000e+00   0.000000e+00   0.000000e+00   0.000000e+00
1     1.059986e+02   8.780010e-01   4.786205e-01   0.000000e+00  -3.007356e+00   5.516816e+00   0.000000e+00
0     1.060986e+02   0.000000e+00   0.000000e+00   0.000000e+00   0.000000e+00   0.000000e+00   0.000000e+00
1     1.060986e+02   4.290954e-01   9.032398e-01   0.000000e+00  -5.675385e+00   2.696180e+00   0.000000e+00
0     1.061986e+02   0.000000e+00   0.000000e+00   0.000000e+00   0.000000e+00   0.000000e+00   0.000000e+00
1     1.061986e+02  -1.836516e-01   9.829759e-01   0.000000e+00  -6.176380e+00  -1.153920e+00   0.000000e+00
0     1.062985e+02   0.000000e+00   0.000000e+00   0.000000e+00   0.000000e+00   0.000000e+00   0.000000e+00
1     1.062985e+02  -7.262757e-01   6.873853e-01   0.000000e+00  -4.319074e+00  -4.563397e+00   0.000000e+00
0     1.063985e+02   0.000000e+00   0.000000e+00   0.000000e+00   0.000000e+00   0.000000e+00   0.000000e+00
1     1.063985e+02  -9.915906e-01   1.293343e-01   0.000000e+00  -8.126601e-01  -6.230441e+00   0.000000e+00
0     1.064985e+02   0.000000e+00   0.000000e+00   0.000000e+00   0.000000e+00   0.000000e+00   0.000000e+00
1     1.064985e+02  -8.782949e-01  -4.780995e-01   0.000000e+00   3.004029e+00  -5.518565e+00   0.000000e+00
0     1.065985e+02   0.000000e+00   0.000000e+00   0.000000e+00   0.000000e+00   0.000000e+00   0.000000e+00
1     1.065985e+02  -4.296480e-01  -9.029850e-01   0.000000e+00   5.673716e+00  -2.699585e+00   0.000000e+00
0     1.066984e+02   0.000000e+00   0.000000e+00   0.000000e+00   0.000000e+00   0.000000e+00   0.000000e+00
1     1.066984e+02   1.830475e-01  -9.830913e-01   0.000000e+00   6.177062e+00   1.150171e+00   0.000000e+00
0     1.067984e+02   0.000000e+00   0.000000e+00   0.000000e+00   0.000000e+00   0.000000e+00   0.000000e+00
1     1.067984e+02   7.258509e-01  -6.878298e-01   0.000000e+00   4.321852e+00   4.560790e+00   0.000000e+00
0     1.068984e+02   0.000000e+00   0.000000e+00   0.000000e+00   0.000000e+00   0.000000e+00   0.000000e+00
1     1.068984e+02   9.915046e-01  -1.299366e-01   0.000000e+00   8.164236e-01   6.229995e+00   0.000000e+00
0     1.069984e+02   0.000000e+00   0.000000e+00   0.000000e+00   0.000000e+00   0.000000e+00   0.000000e+00
1     1.069984e+02   8.785727e-01   4.775700e-01   0.000000e+00  -3.000756e+00   5.520409e+00   0.000000e+00
0     1.070984e+02   0.000000e+00   0.000000e+00   0.000000e+00   0.000000e+00   0.000000e+00   0.000000e+00
1     1.070984e+02   4.301752e-01   9.027259e-01   0.000000e+00  -5.672157e+00   2.702966e+00   0.000000e+00
0     1.071983e+02   0.000000e+00   0.000000e+00   0.000000e+00   0.000000e+00   0.000000e+00   0.000000e+00
1     1.071983e+02  -1.824760e-01   9.831946e-01   0.000000e+00  -6.177756e+00  -1.146534e+00   0.000000e+00
0     1.072983e+02   0.000000e+00   0.000000e+00   0.000000e+00   0.000000e+00   0.000000e+00   0.000000e+00
1     1.072983e+02  -7.254532e-01   6.882530e-01   0.000000e+00  -4.324527e+00  -4.558230e+00   0.000000e+00
0     1.073983e+02   0.000000e+00   0.000000e+00   0.000000e+00   0.000000e+00   0.000000e+00   0.000000e+00
1     1.073983e+02  -9.914352e-01   1.305197e-01   0.000000e+00  -8.201082e-01  -6.229466e+00   0.000000e+00
0     1.074983e+02   0.000000e+00   0.000000e+00   0.000000e+00   0.000000e+00   0.000000e+00   0.000000e+00
1     1.074983e+02  -8.788657e-01  -4.770491e-01   0.000000e+00   2.997430e+00  -5.522153e+00   0.000000e+00
0     1.075983e+02   0.000000e+00   0.000000e+00   0.000000e+00   0.000000e+00   0.000000e+00   0.000000e+00
1     1.075983e+02  -4.307270e-01  -9.024707e-01   0.000000e+00   5.670486e+00  -2.706365e+00   0.000000e+00
0     1.077000e+02   0.000000e+00   0.000000e+00   0.000000e+00   0.000000e+00   0.000000e+00   0.000000e+00
1     1.077000e+02   1.926982e-01  -9.812451e-01   0.000000e+00   6.165464e+00   1.210809e+00   0.000000e+00
0     1.078000e+02   0.000000e+00   0.000000e+00   0.000000e+00   0.000000e+00   0.000000e+00   0.000000e+00
1     1.078000e+02   7.325742e-01  -6.806644e-01   0.000000e+00   4.276831e+00   4.603036e+00   0.000000e+00
0     1.078999e+02   0.000000e+00   0.000000e+00   0.000000e+00   0.000000e+00   0.000000e+00   0.000000e+00
1     1.078999e+02   9.927333e-01  -1.201878e-01   0.000000e+00   7.551685e-01   6.237717e+00   0.000000e+00
0     1.079999e+02   0.000000e+00   0.000000e+00   0.000000e+00   0.000000e+00   0.000000e+00   0.000000e+00
1     1.079999e+02   8.738375e-01   4.861799e-01   0.000000e+00  -3.054855e+00   5.490657e+00   0.000000e+00
0     1.080999e+02   0.000000e+00   0.000000e+00   0.000000e+00   0.000000e+00   0.000000e+00   0.000000e+00
1     1.080999e+02   4.212839e-01   9.069092e-01   0.000000e+00  -5.698443e+00   2.647100e+00   0.000000e+00
0     1.081999e+02   0.000000e+00   0.000000e+00   0.000000e+00   0.000000e+00   0.000000e+00   0.000000e+00
1     1.081999e+02  -1.921284e-01   9.813540e-01   0.000000e+00  -6.166192e+00  -1.207183e+00   0.000000e+00
0     1.082999e+02   0.000000e+00   0.000000e+00   0.000000e+00   0.000000e+00   0.000000e+00   0.000000e+00
1     1.082999e+02  -7.321812e-01   6.810911e-01   0.000000e+00  -4.279527e+00  -4.600505e+00   0.000000e+00
0     1.083998e+02   0.000000e+00   0.000000e+00   0.000000e+00   0.000000e+00   0.000000e+00   0.000000e+00
1     1.083998e+02  -9.926697e-01   1.207710e-01   0.000000e+00  -7.588543e-01  -6.237224e+00   0.000000e+00
0     1.084998e+02   0.000000e+00   0.000000e+00   0.000000e+00   0.000000e+00   0.000000e+00   0.000000e+00
1     1.084998e+02  -8.741353e-01  -4.856623e-01   0.000000e+00   3.051550e+00  -5.492431e+00   0.000000e+00
0     1.085998e+02   0.000000e+00   0.000000e+00   0.000000e+00   0.000000e+00   0.000000e+00   0.000000e+00
1     1.085998e+02  -4.218378e-01  -9.066596e-01   0.000000e+00   5.696808e+00  -2.650512e+00   0.000000e+00
0     1.086998e+02   0.000000e+00   0.000000e+00   0.000000e+00   0.000000e+00   0.000000e+00   0.000000e+00
1     1.086998e+02   1.915265e-01  -9.814743e-01   0.000000e+00   6.166905e+00   1.203447e+00   0.000000e+00
0     1.087998e+02   0.000000e+00   0.000000e+00   0.000000e+00   0.000000e+00   0.000000e+00   0.000000e+00
1     1.087998e+02   7.317610e-01  -6.815383e-01   0.000000e+00   4.282323e+00   4.597927e+00   0.000000e+00
0     1.088997e+02   0.000000e+00   0.000000e+00   0.000000e+00   0.000000e+00   0.000000e+00   0.000000e+00
1     1.088997e+02   9.925890e-01  -1.213727e-01   0.000000e+00   7.626137e-01   6.236812e+00   0.000000e+00
0     1.089997e+02   0.000000e+00   0.000000e+00   0.000000e+00   0.000000e+00   0.000000e+00   0.000000e+00
1     1.089997e+02   8.744170e-01   4.851365e-01   0.000000e+00  -3.048300e+00   5.494300e+00   0.000000e+00
0     1.090997e+02   0.000000e+00   0.000000e+00   0.000000e+00   0.000000e+00   0.000000e+00   0.000000e+00
1     1.090997e+02   4.223659e-01   9.064057e-01   0.000000e+00  -5.695280e+00   2.653898e+00   0.000000e+00
0     1.091997e+02   0.000000e+00   0.000000e+00   0.000000e+00   0.000000e+00   0.000000e+00   0.000000e+00
1     1.091997e+02  -1.909572e-01   9.815824e-01   0.000000e+00  -6.167629e+00  -1.199824e+00   0.000000e+00
0     1.092996e+02   0.000000e+00   0.000000e+00   0.000000e+00   0.000000e+00   0.000000e+00   0.000000e+00
1     1.092996e+02  -7.313679e-01   6.819642e-01   0.000000e+00  -4.285014e+00  -4.595396e+00   0.000000e+00
0     1.093996e+02   0.000000e+00   0.000000e+00   0.000000e+00   0.000000e+00   0.000000e+00   0.000000e+00
1     1.093996e+02  -9.925248e-01   1.219552e-01   0.000000e+00  -7.662953e-01  -6.236315e+00   0.000000e+00
0     1.094996e+02   0.000000e+00   0.000000e+00   0.000000e+00   0.000000e+00   0.000000e+00   0.000000e+00
1     1.094996e+02  -8.747139e-01  -4.846191e-01   0.000000e+00   3.044996e+00  -5.496068e+00   0.000000e+00
0     1.095996e+02   0.000000e+00   0.000000e+00   0.000000e+00   0.000000e+00   0.000000e+00   0.000000e+00
1     1.095996e+02  -4.229189e-01  -9.061557e-01   0.000000e+00   5.693642e+00  -2.657305e+00   0.000000e+00
0     1.096996e+02   0.000000e+00   0.000000e+00   0.000000e+00   0.000000e+00   0.000000e+00   0.000000e+00
1     1.096996e+02   1.903558e-01  -9.817019e-01   0.000000e+00   6.168336e+00   1.196092e+00   0.000000e+00
0     1.097995e+02   0.000000e+00   0.000000e+00   0.000000e+00   0.000000e+00   0.000000e+00   0.000000e+00
1     1.097995e+02   7.309477e-01  -6.824104e-01   0.000000e+00   4.287803e+00   4.592817e+00   0.000000e+00
0     1.098995e+02   0.000000e+00   0.000000e+00   0.000000e+00   0.000000e+00   0.000000e+00   0.000000e+00
1     1.098995e+02   9.924434e-01  -1.225561e-01   0.000000e+00   7.700500e-01   6.235898e+00   0.000000e+00
0     1.099995e+02   0.000000e+00   0.000000e+00   0.000000e+00   0.000000e+00   0.000000e+00   0.000000e+00
1     1.099995e+02   8.749947e-01   4.840935e-01   0.000000e+00  -3.041747e+00   5.497931e+00   0.000000e+00
0     1.100995e+02   0.000000e+00   0.000000e+00   0.000000e+00   0.000000e+00   0.000000e+00   0.000000e+00
1     1.100995e+02   4.234461e-01   9.059014e-01   0.000000e+00  -5.692113e+00   2.660686e+00   0.000000e+00
0     1.101995e+02   0.000000e+00   0.000000e+00   0.000000e+00   0.000000e+00   0.000000e+00   0.000000e+00
1     1.101995e+02  -1.897869e-01   9.818092e-01   0.000000e+00  -6.169055e+00  -1.192472e+00   0.000000e+00
0     1.102994e+02   0.000000e+00   0.000000e+00   0.000000e+00   0.000000e+00   0.000000e+00   0.000000e+00
1     1.102994e+02  -7.305545e-01   6.828353e-01   0.000000e+00  -4.290488e+00  -4.590285e+00   0.000000e+00
0     1.103994e+02   0.000000e+00   0.000000e+00   0.000000e+00   0.000000e+00   0.000000e+00   0.000000e+00
1     1.103994e+02  -9.923786e-01   1.231379e-01   0.000000e+00  -7.737271e-01  -6.235397e+00   0.000000e+00
0     1.104994e+02   0.000000e+00   0.000000e+00   0.000000e+00   0.000000e+00   0.000000e+00   0.000000e+00
1     1.104994e+02  -8.752907e-01  -4.835764e-01   0.000000e+00   3.038444e+00  -5.499693e+00   0.000000e+00
0     1.105994e+02   0.000000e+00   0.000000e+00   0.000000e+00   0.000000e+00   0.000000e+00   0.000000e+00
1     1.105994e+02  -4.239982e-01  -9.056510e-01   0.000000e+00   5.690472e+00  -2.664087e+00   0.000000e+00
0     1.106993e+02   0.000000e+00   0.000000e+00   0.000000e+00   0.000000e+00   0.000000e+00   0.000000e+00
1     1.106993e+02   1.891860e-01  -9.819279e-01   0.000000e+00   6.169758e+00   1.188742e+00   0.000000e+00
0     1.107993e+02   0.000000e+00   0.000000e+00   0.000000e+00   0.000000e+00   0.000000e+00   0.000000e+00
1     1.107993e+02   7.301341e-01  -6.832806e-01   0.000000e+00   4.293272e+00   4.587706e+00   0.000000e+00
0     1.108993e+02   0.000000e+00   0.000000e+00   0.000000e+00   0.000000e+00   0.000000e+00   0.000000e+00
1     1.108993e+02   9.922966e-01  -1.237382e-01   0.000000e+00   7.774778e-01   6.234977e+00   0.000000e+00
0     1.109993e+02   0.000000e+00   0.000000e+00   0.000000e+00   0.000000e+00   0.000000e+00   0.000000e+00
1     1.109993e+02   8.755706e-01   4.830509e-01   0.000000e+00  -3.035197e+00   5.501550e+00   0.000000e+00
0     1.110993e+02   0.000000e+00   0.000000e+00   0.000000e+00   0.000000e+00   0.000000e+00   0.000000e+00
1     1.110993e+02   4.245247e-01   9.053963e-01   0.000000e+00  -5.688941e+00   2.667464e+00   0.000000e+00
0     1.111992e+02   0.000000e+00   0.000000e+00   0.000000e+00   0.000000e+00   0.000000e+00   0.000000e+00
1     1.111992e+02  -1.886176e-01   9.820344e-01   0.000000e+00  -6.170471e+00  -1.185125e+00   0.000000e+00
0     1.112992e+02   0.000000e+00   0.000000e+00   0.000000e+00   0.000000e+00   0.000000e+00   0.000000e+00
1     1.112992e+02  -7.297408e-01   6.837046e-01   0.000000e+00  -4.295951e+00  -4.585174e+00   0.000000e+00
0     1.113992e+02   0.000000e+00   0.000000e+00   0.000000e+00   0.000000e+00   0.000000e+00   0.000000e+00
1     1.113992e+02  -9.922312e-01   1.243193e-01   0.000000e+00  -7.811500e-01  -6.234472e+00   0.000000e+00
0     1.114992e+02   0.000000e+00   0.000000e+00   0.000000e+00   0.000000e+00   0.000000e+00   0.000000e+00
1     1.114992e+02  -8.758656e-01  -4.825340e-01   0.000000e+00   3.031896e+00  -5.503307e+00   0.000000e+00
0     1.115992e+02   0.000000e+00   0.000000e+00   0.000000e+00   0.000000e+00   0.000000e+00   0.000000e+00
1     1.115992e+02  -4.250758e-01  -9.051456e-01   0.000000e+00   5.687298e+00  -2.670859e+00   0.000000e+00
0     1.116991e+02   0.000000e+00   0.000000e+00   0.000000e+00   0.000000e+00   0.000000e+00   0.000000e+00
1     1.116991e+02   1.880172e-01  -9.821522e-01   0.000000e+00   6.171168e+00   1.181398e+00   0.000000e+00
0     1.117991e+02   0.000000e+00   0.000000e+00   0.000000e+00   0.000000e+00   0.000000e+00   0.000000e+00
1     1.117991e+02   7.293203e-01  -6.841489e-01   0.000000e+00   4.298729e+00   4.582594e+00   0.000000e+00
0     1.118991e+02   0.000000e+00   0.000000e+00   0.000000e+00   0.000000e+00   0.000000e+00   0.000000e+00
1     1.118991e+02   9.921486e-01  -1.249189e-01   0.000000e+00   7.848963e-01   6.234048e+00   0.000000e+00
0     1.119991e+02   0.000000e+00   0.000000e+00   0.000000e+00   0.000000e+00   0.000000e+00   0.000000e+00
1     1.119991e+02   8.761446e-01   4.820088e-01   0.000000e+00  -3.028649e+00   5.505158e+00   0.000000e+00
0     1.120990e+02   0.000000e+00   0.000000e+00   0.000000e+00   0.000000e+00   0.000000e+00   0.000000e+00
1     1.120990e+02   4.256014e-01   9.048905e-01   0.000000e+00  -5.685763e+00   2.674230e+00   0.000000e+00
0     1.121990e+02   0.000000e+00   0.000000e+00   0.000000e+00   0.000000e+00   0.000000e+00   0.000000e+00
1     1.121990e+02  -1.874493e-01   9.822579e-01   0.000000e+00  -6.171877e+00  -1.177784e+00   0.000000e+00
0     1.122990e+02   0.000000e+00   0.000000e+00   0.000000e+00   0.000000e+00   0.000000e+00   0.000000e+00
1     1.122990e+02  -7.289270e-01   6.845720e-01   0.000000e+00  -4.301402e+00  -4.580061e+00   0.000000e+00
0     1.123990e+02   0.000000e+00   0.000000e+00   0.000000e+00   0.000000e+00   0.000000e+00   0.000000e+00
1     1.123990e+02  -9.920825e-01   1.254993e-01   0.000000e+00  -7.885643e-01  -6.233539e+00   0.000000e+00
0     1.124990e+02   0.000000e+00   0.000000e+00   0.000000e+00   0.000000e+00   0.000000e+00   0.000000e+00
1     1.124990e+02  -8.764387e-01  -4.814921e-01   0.000000e+00   3.025349e+00  -5.506909e+00   0.000000e+00
0     1.125989e+02   0.000000e+00   0.000000e+00   0.000000e+00   0.000000e+00   0.000000e+00   0.000000e+00
1     1.125989e+02  -4.261517e-01  -9.046394e-01   0.000000e+00   5.684118e+00  -2.677620e+00   0.000000e+00
0     1.126989e+02   0.000000e+00   0.000000e+00   0.000000e+00   0.000000e+00   0.000000e+00   0.000000e+00
1     1.126989e+02   1.868494e-01  -9.823749e-01   0.000000e+00   6.172569e+00   1.174060e+00   0.000000e+00
0     1.127989e+02   0.000000e+00   0.000000e+00   0.000000e+00   0.000000e+00   0.000000e+00   0.000000e+00
1     1.127989e+02   7.285064e-01  -6.850154e-01   0.000000e+00   4.304174e+00   4.577481e+00   0.000000e+00
0     1.128989e+02   0.000000e+00   0.000000e+00   0.000000e+00   0.000000e+00   0.000000e+00   0.000000e+00
1     1.128989e+02   9.919992e-01  -1.260981e-01   0.000000e+00   7.923060e-01   6.233111e+00   0.000000e+00
0     1.129989e+02   0.000000e+00   0.000000e+00   0.000000e+00   0.000000e+00   0.000000e+00   0.000000e+00
1     1.129989e+02   8.767167e-01   4.809670e-01   0.000000e+00  -3.022104e+00   5.508754e+00   0.000000e+00
0     1.130988e+02   0.000000e+00   0.000000e+00   0.000000e+00   0.000000e+00   0.000000e+00   0.000000e+00
1     1.130988e+02   4.266765e-01   9.043840e-01   0.000000e+00  -5.682582e+00   2.680985e+00   0.000000e+00
0     1.131988e+02   0.000000e+00   0.000000e+00   0.000000e+00   0.000000e+00   0.000000e+00   0.000000e+00
1     1.131988e+02  -1.862819e-01   9.824798e-01   0.000000e+00  -6.173272e+00  -1.170449e+00   0.000000e+00
0     1.132988e+02   0.000000e+00   0.000000e+00   0.000000e+00   0.000000e+00   0.000000e+00   0.000000e+00
1     1.132988e+02  -7.281130e-01   6.854375e-01   0.000000e+00  -4.306841e+00  -4.574948e+00   0.000000e+00
0     1.133988e+02   0.000000e+00   0.000000e+00   0.000000e+00   0.000000e+00   0.000000e+00   0.000000e+00
1     1.133988e+02  -9.919326e-01   1.266778e-01   0.000000e+00  -7.959694e-01  -6.232599e+00   0.000000e+00
0     1.134988e+02   0.000000e+00   0.000000e+00   0.000000e+00   0.000000e+00   0.000000e+00   0.000000e+00
1     1.134988e+02  -8.770099e-01  -4.804505e-01   0.000000e+00   3.018805e+00  -5.510499e+00   0.000000e+00
0     1.135987e+02   0.000000e+00   0.000000e+00   0.000000e+00   0.000000e+00   0.000000e+00   0.000000e+00
1     1.135987e+02  -4.272259e-01  -9.041324e-01   0.000000e+00   5.680934e+00  -2.684370e+00   0.000000e+00
0     1.136987e+02   0.000000e+00   0.000000e+00   0.000000e+00   0.000000e+00   0.000000e+00   0.000000e+00
1     1.136987e+02   1.856825e-01  -9.825960e-01   0.000000e+00   6.173959e+00   1.166728e+00   0.000000e+00
0     1.137987e+02   0.000000e+00   0.000000e+00   0.000000e+00   0.000000e+00   0.000000e+00   0.000000e+00
1     1.137987e+02   7.276923e-01  -6.858800e-01   0.000000e+00   4.309607e+00   4.572366e+00   0.000000e+00
0     1.138987e+02   0.000000e+00   0.000000e+00   0.000000e+00   0.000000e+00   0.000000e+00   0.000000e+00
1     1.138987e+02   9.918487e-01  -1.272760e-01   0.000000e+00   7.997070e-01   6.232166e+00   0.000000e+00
0     1.139986e+02   0.000000e+00   0.000000e+00   0.000000e+00   0.000000e+00   0.000000e+00   0.000000e+00
1     1.139986e+02   8.772871e-01   4.799257e-01   0.000000e+00  -3.015561e+00   5.512339e+00   0.000000e+00
0     1.140986e+02   0.000000e+00   0.000000e+00   0.000000e+00   0.000000e+00   0.000000e+00   0.000000e+00
1     1.140986e+02   4.277498e-01   9.038767e-01   0.000000e+00  -5.679395e+00   2.687730e+00   0.000000e+00
0     1.141986e+02   0.000000e+00   0.000000e+00   0.000000e+00   0.000000e+00   0.000000e+00   0.000000e+00
1     1.141986e+02  -1.851155e-01   9.827001e-01   0.000000e+00  -6.174658e+00  -1.163120e+00   0.000000e+00
0     1.142986e+02   0.000000e+00   0.000000e+00   0.000000e+00   0.000000e+00   0.000000e+00   0.000000e+00
1     1.142986e+02  -7.272988e-01   6.863011e-01   0.000000e+00  -4.312269e+00  -4.569833e+00   0.000000e+00
0     1.143986e+02   0.000000e+00   0.000000e+00   0.000000e+00   0.000000e+00   0.000000e+00   0.000000e+00
1     1.143986e+02  -9.917814e-01   1.278549e-01   0.000000e+00  -8.033657e-01  -6.231650e+00   0.000000e+00
0     1.144985e+02   0.000000e+00   0.000000e+00   0.000000e+00   0.000000e+00   0.000000e+00   0.000000e+00
1     1.144985e+02  -8.775793e-01  -4.794094e-01   0.000000e+00   3.012264e+00  -5.514078e+00   0.000000e+00
0     1.145985e+02   0.000000e+00   0.000000e+00   0.000000e+00   0.000000e+00   0.000000e+00   0.000000e+00
1     1.145985e+02  -4.282983e-01  -9.036248e-01   0.000000e+00   5.677745e+00  -2.691109e+00   0.000000e+00
0     1.146985e+02   0.000000e+00   0.000000e+00   0.000000e+00   0.000000e+00   0.000000e+00   0.000000e+00
1     1.146985e+02   1.845165e-01  -9.828155e-01   0.000000e+00   6.175340e+00   1.159403e+00   0.000000e+00
0     1.147985e+02   0.000000e+00   0.000000e+00   0.000000e+00   0.000000e+00   0.000000e+00   0.000000e+00
1     1.147985e+02   7.268781e-01  -6.867426e-01   0.000000e+00   4.315028e+00   4.567251e+00   0.000000e+00
0     1.148985e+02   0.000000e+00   0.000000e+00   0.000000e+00   0.000000e+00   0.000000e+00   0.000000e+00
1     1.148985e+02   9.916969e-01  -1.284524e-01   0.000000e+00   8.070989e-01   6.231213e+00   0.000000e+00
0     1.149984e+02   0.000000e+00   0.000000e+00   0.000000e+00   0.000000e+00   0.000000e+00   0.000000e+00
1     1.149984e+02   8.778555e-01   4.788848e-01   0.000000e+00  -3.009022e+00   5.515912e+00   0.000000e+00
0     1.150984e+02   0.000000e+00   0.000000e+00   0.000000e+00   0.000000e+00   0.000000e+00   0.000000e+00
1     1.150984e+02   4.288214e-01   9.033686e-01   0.000000e+00  -5.676204e+00   2.694464e+00   0.000000e+00
0     1.151984e+02   0.000000e+00   0.000000e+00   0.000000e+00   0.000000e+00   0.000000e+00   0.000000e+00
1     1.151984e+02  -1.839501e-01   9.829188e-01   0.000000e+00  -6.176033e+00  -1.155798e+00   0.000000e+00
0     1.152984e+02   0.000000e+00   0.000000e+00   0.000000e+00   0.000000e+00   0.000000e+00   0.000000e+00
1     1.152984e+02  -7.264845e-01   6.871629e-01   0.000000e+00  -4.317684e+00  -4.564717e+00   0.000000e+00
0     1.153983e+02   0.000000e+00   0.000000e+00   0.000000e+00   0.000000e+00   0.000000e+00   0.000000e+00
1     1.153983e+02  -9.916290e-01   1.290306e-01   0.000000e+00  -8.107531e-01  -6.230694e+00   0.000000e+00
0     1.154983e+02   0.000000e+00   0.000000e+00   0.000000e+00   0.000000e+00   0.000000e+00   0.000000e+00
1     1.154983e+02  -8.781469e-01  -4.783687e-01   0.000000e+00   3.005726e+00  -5.517645e+00   0.000000e+00
0     1.155983e+02   0.000000e+00   0.000000e+00   0.000000e+00   0.000000e+00   0.000000e+00   0.000000e+00
1     1.155983e+02  -4.293690e-01  -9.031163e-01   0.000000e+00   5.674552e+00  -2.697837e+00   0.000000e+00
0     1.156983e+02   0.000000e+00   0.000000e+00   0.000000e+00   0.000000e+00   0.000000e+00   0.000000e+00
1     1.156983e+02   1.833516e-01  -9.830334e-01   0.000000e+00   6.176710e+00   1.152083e+00   0.000000e+00
0     1.157983e+02   0.000000e+00   0.000000e+00   0.000000e+00   0.000000e+00   0.000000e+00   0.000000e+00
1     1.157983e+02   7.260636e-01  -6.876035e-01   0.000000e+00   4.320438e+00   4.562135e+00   0.000000e+00
0     1.159000e+02   0.000000e+00   0.000000e+00   0.000000e+00   0.000000e+00   0.000000e+00   0.000000e+00
1     1.159000e+02   9.929122e-01  -1.186917e-01   0.000000e+00   7.457696e-01   6.238851e+00   0.000000e+00
0     1.160000e+02   0.000000e+00   0.000000e+00   0.000000e+00   0.000000e+00   0.000000e+00   0.000000e+00
1     1.160000e+02   8.731025e-01   4.874963e-01   0.000000e+00  -3.063132e+00   5.486048e+00   0.000000e+00
0     1.161000e+02   0.000000e+00   0.000000e+00   0.000000e+00   0.000000e+00   0.000000e+00   0.000000e+00
1     1.161000e+02   4.199147e-01   9.075428e-01   0.000000e+00  -5.702433e+00   2.638501e+00   0.000000e+00
0     1.161999e+02   0.000000e+00   0.000000e+00   0.000000e+00   0.000000e+00   0.000000e+00   0.000000e+00
1     1.161999e+02  -1.936095e-01   9.810618e-01   0.000000e+00  -6.164366e+00  -1.216492e+00   0.000000e+00
0     1.162999e+02   0.000000e+00   0.000000e+00   0.000000e+00   0.000000e+00   0.000000e+00   0.000000e+00
1     1.162999e+02  -7.332085e-01   6.799835e-01   0.000000e+00  -4.272575e+00  -4.606967e+00   0.000000e+00
0     1.163999e+02   0.000000e+00   0.000000e+00   0.000000e+00   0.000000e+00   0.000000e+00   0.000000e+00
1     1.163999e+02  -9.928501e-01   1.192701e-01   0.000000e+00  -7.494253e-01  -6.238367e+00   0.000000e+00
0     1.164999e+02   0.000000e+00   0.000000e+00   0.000000e+00   0.000000e+00   0.000000e+00   0.000000e+00
1     1.164999e+02  -8.733988e-01  -4.869835e-01   0.000000e+00   3.059856e+00  -5.487812e+00   0.000000e+00
0     1.165998e+02   0.000000e+00   0.000000e+00   0.000000e+00   0.000000e+00   0.000000e+00   0.000000e+00
1     1.165998e+02  -4.204644e-01  -9.072961e-01   0.000000e+00   5.700816e+00  -2.641887e+00   0.000000e+00
0     1.166998e+02   0.000000e+00   0.000000e+00   0.000000e+00   0.000000e+00   0.000000e+00   0.000000e+00
1     1.166998e+02   1.930127e-01  -9.811820e-01   0.000000e+00   6.165079e+00   1.212788e+00   0.000000e+00
0     1.167998e+02   0.000000e+00   0.000000e+00   0.000000e+00   0.000000e+00   0.000000e+00   0.000000e+00
1     1.167998e+02   7.327924e-01  -6.804277e-01   0.000000e+00   4.275351e+00   4.604415e+00   0.000000e+00
0     1.168998e+02   0.000000e+00   0.000000e+00   0.000000e+00   0.000000e+00   0.000000e+00   0.000000e+00
1     1.168998e+02   9.927709e-01  -1.198669e-01   0.000000e+00   7.531540e-01   6.237964e+00   0.000000e+00
0     1.169998e+02   0.000000e+00   0.000000e+00   0.000000e+00   0.000000e+00   0.000000e+00   0.000000e+00
1     1.169998e+02   8.736788e-01   4.864625e-01   0.000000e+00  -3.056637e+00   5.489670e+00   0.000000e+00
0     1.170997e+02   0.000000e+00   0.000000e+00   0.000000e+00   0.000000e+00   0.000000e+00   0.000000e+00
1     1.170997e+02   4.209884e-01   9.070451e-01   0.000000e+00  -5.699307e+00   2.645248e+00   0.000000e+00
0     1.171997e+02   0.000000e+00   0.000000e+00   0.000000e+00   0.000000e+00   0.000000e+00   0.000000e+00
1     1.171997e+02  -1.924484e-01   9.812901e-01   0.000000e+00  -6.165801e+00  -1.209196e+00   0.000000e+00
0     1.172997e+02   0.000000e+00   0.000000e+00   0.000000e+00   0.000000e+00   0.000000e+00   0.000000e+00
1     1.172997e+02  -7.324033e-01   6.808505e-01   0.000000e+00  -4.278023e+00  -4.601909e+00   0.000000e+00
0     1.173997e+02   0.000000e+00   0.000000e+00   0.000000e+00   0.000000e+00   0.000000e+00   0.000000e+00
1     1.173997e+02  -9.927082e-01   1.204446e-01   0.000000e+00  -7.568051e-01  -6.237477e+00   0.000000e+00
0     1.174997e+02   0.000000e+00   0.000000e+00   0.000000e+00   0.000000e+00   0.000000e+00   0.000000e+00
1     1.174997e+02  -8.739741e-01  -4.859500e-01   0.000000e+00   3.053363e+00  -5.491428e+00   0.000000e+00
0     1.175996e+02   0.000000e+00   0.000000e+00   0.000000e+00   0.000000e+00   0.000000e+00   0.000000e+00
1     1.175996e+02  -4.215372e-01  -9.067980e-01   0.000000e+00   5.697688e+00  -2.648628e+00   0.000000e+00
0     1.176996e+02   0.000000e+00   0.000000e+00   0.000000e+00   0.000000e+00   0.000000e+00   0.000000e+00
1     1.176996e+02   1.918522e-01  -9.814095e-01   0.000000e+00   6.166509e+00   1.205496e+00   0.000000e+00
0     1.177996e+02   0.000000e+00   0.000000e+00   0.000000e+00   0.000000e+00   0.000000e+00   0.000000e+00
1     1.177996e+02   7.319872e-01  -6.812937e-01   0.000000e+00   4.280793e+00   4.599356e+00   0.000000e+00
0     1.178996e+02   0.000000e+00   0.000000e+00   0.000000e+00   0.000000e+00   0.000000e+00   0.000000e+00
1     1.178996e+02   9.926283e-01  -1.210407e-01   0.000000e+00   7.605295e-01   6.237070e+00   0.000000e+00
0     1.179995e+02   0.000000e+00   0.000000e+00   0.000000e+00   0.000000e+00   0.000000e+00   0.000000e+00
1     1.179995e+02   8.742532e-01   4.854291e-01   0.000000e+00  -3.050144e+00   5.493281e+00   0.000000e+00
0     1.180995e+02   0.000000e+00   0.000000e+00   0.000000e+00   0.000000e+00   0.000000e+00   0.000000e+00
1     1.180995e+02   4.220604e-01   9.065467e-01   0.000000e+00  -5.696177e+00   2.651984e+00   0.000000e+00
0     1.181995e+02   0.000000e+00   0.000000e+00   0.000000e+00   0.000000e+00   0.000000e+00   0.000000e+00
1     1.181995e+02  -1.912884e-01   9.815167e-01   0.000000e+00  -6.167227e+00  -1.201907e+00   0.000000e+00
0     1.182995e+02   0.000000e+00   0.000000e+00   0.000000e+00   0.000000e+00   0.000000e+00   0.000000e+00
1     1.182995e+02  -7.315980e-01   6.817156e-01   0.000000e+00  -4.283459e+00  -4.596850e+00   0.000000e+00
0     1.183995e+02   0.000000e+00   0.000000e+00   0.000000e+00   0.000000e+00   0.000000e+00   0.000000e+00
1     1.183995e+02  -9.925650e-01   1.216177e-01   0.000000e+00  -7.641761e-01  -6.236579e+00   0.000000e+00
0     1.184994e+02   0.000000e+00   0.000000e+00   0.000000e+00   0.000000e+00   0.000000e+00   0.000000e+00
1     1.184994e+02  -8.745476e-01  -4.849168e-01   0.000000e+00   3.046871e+00  -5.495033e+00   0.000000e+00
0     1.185994e+02   0.000000e+00   0.000000e+00   0.000000e+00   0.000000e+00   0.000000e+00   0.000000e+00
1     1.185994e+02  -4.226083e-01  -9.062992e-01   0.000000e+00   5.694555e+00  -2.655359e+00   0.000000e+00
0     1.186994e+02   0.000000e+00   0.000000e+00   0.000000e+00   0.000000e+00   0.000000e+00   0.000000e+00
1     1.186994e+02   1.906925e-01  -9.816353e-01   0.000000e+00   6.167929e+00   1.198209e+00   0.000000e+00
0     1.187994e+02   0.000000e+00   0.000000e+00   0.000000e+00   0.000000e+00   0.000000e+00   0.000000e+00
1     1.187994e+02   7.311817e-01  -6.821579e-01   0.000000e+00   4.286224e+00   4.594296e+00   0.000000e+00
0     1.188994e+02   0.000000e+00   0.000000e+00   0.000000e+00   0.000000e+00   0.000000e+00   0.000000e+00
1     1.188994e+02   9.924845e-01  -1.222131e-01   0.000000e+00   7.678962e-01   6.236168e+00   0.000000e+00
0     1.189993e+02   0.000000e+00   0.000000e+00   0.000000e+00   0.000000e+00   0.000000e+00   0.000000e+00
1     1.189993e+02   8.748258e-01   4.843962e-01   0.000000e+00  -3.043654e+00   5.496880e+00   0.000000e+00
0     1.190993e+02   0.000000e+00   0.000000e+00   0.000000e+00   0.000000e+00   0.000000e+00   0.000000e+00
1     1.190993e+02   4.231306e-01   9.060475e-01   0.000000e+00  -5.693041e+00   2.658709e+00   0.000000e+00
0     1.191993e+02   0.000000e+00   0.000000e+00   0.000000e+00   0.000000e+00   0.000000e+00   0.000000e+00
1     1.191993e+02  -1.901292e-01   9.817418e-01   0.000000e+00  -6.168642e+00  -1.194625e+00   0.000000e+00
0     1.192993e+02   0.000000e+00   0.000000e+00   0.000000e+00   0.000000e+00   0.000000e+00   0.000000e+00
1     1.192993e+02  -7.307925e-01   6.825787e-01   0.000000e+00  -4.288884e+00  -4.591790e+00   0.000000e+00
0     1.193992e+02   0.000000e+00   0.000000e+00   0.000000e+00   0.000000e+00   0.000000e+00   0.000000e+00
1     1.193992e+02  -9.924206e-01   1.227893e-01   0.000000e+00  -7.715381e-01  -6.235673e+00   0.000000e+00
0     1.194992e+02   0.000000e+00   0.000000e+00   0.000000e+00   0.000000e+00   0.000000e+00   0.000000e+00
1     1.194992e+02  -8.751193e-01  -4.838841e-01   0.000000e+00   3.040383e+00  -5.498626e+00   0.000000e+00
0     1.195992e+02   0.000000e+00   0.000000e+00   0.000000e+00   0.000000e+00   0.000000e+00   0.000000e+00
1     1.195992e+02  -4.236776e-01  -9.057997e-01   0.000000e+00   5.691417e+00  -2.662078e+00   0.000000e+00
0     1.196992e+02   0.000000e+00   0.000000e+00   0.000000e+00   0.000000e+00   0.000000e+00   0.000000e+00
1     1.196992e+02   1.895339e-01  -9.818596e-01   0.000000e+00   6.169339e+00   1.190930e+00   0.000000e+00
0     1.197992e+02   0.000000e+00   0.000000e+00   0.000000e+00   0.000000e+00   0.000000e+00   0.000000e+00
1     1.197992e+02   7.303762e-01  -6.830201e-01   0.000000e+00   4.291643e+00   4.589236e+00   0.000000e+00
0     1.198991e+02   0.000000e+00   0.000000e+00   0.000000e+00   0.000000e+00   0.000000e+00   0.000000e+00
1     1.198991e+02   9.923395e-01  -1.233841e-01   0.000000e+00   7.752538e-01   6.235258e+00   0.000000e+00
0     1.199991e+02   0.000000e+00   0.000000e+00   0.000000e+00   0.000000e+00   0.000000e+00   0.000000e+00
1     1.199991e+02   8.753966e-01   4.833637e-01   0.000000e+00  -3.037167e+00   5.500467e+00   0.000000e+00
0     1.200991e+02   0.000000e+00   0.000000e+00   0.000000e+00   0.000000e+00   0.000000e+00   0.000000e+00
1     1.200991e+02   4.241991e-01   9.055476e-01   0.000000e+00  -5.689901e+00   2.665423e+00   0.000000e+00
0     1.201991e+02   0.000000e+00   0.000000e+00   0.000000e+00   0.000000e+00   0.000000e+00   0.000000e+00
1     1.201991e+02  -1.889710e-01   9.819652e-01   0.000000e+00  -6.170047e+00  -1.187347e+00   0.000000e+00
0     1.202991e+02   0.000000e+00   0.000000e+00   0.000000e+00   0.000000e+00   0.000000e+00   0.000000e+00
1     1.202991e+02  -7.299869e-01   6.834401e-01   0.000000e+00  -4.294297e+00  -4.586728e+00   0.000000e+00
0     1.203990e+02   0.000000e+00   0.000000e+00   0.000000e+00   0.000000e+00   0.000000e+00   0.000000e+00
1     1.203990e+02  -9.922750e-01   1.239596e-01   0.000000e+00  -7.788914e-01  -6.234759e+00   0.000000e+00
0     1.204990e+02   0.000000e+00   0.000000e+00   0.000000e+00   0.000000e+00   0.000000e+00   0.000000e+00
1     1.204990e+02  -8.756891e-01  -4.828518e-01   0.000000e+00   3.033897e+00  -5.502208e+00   0.000000e+00
0     1.205990e+02   0.000000e+00   0.000000e+00   0.000000e+00   0.000000e+00   0.000000e+00   0.000000e+00
1     1.205990e+02  -4.247453e-01  -9.052994e-01   0.000000e+00   5.688275e+00  -2.668787e+00   0.000000e+00
0     1.206990e+02   0.000000e+00   0.000000e+00   0.000000e+00   0.000000e+00   0.000000e+00   0.000000e+00
1     1.206990e+02   1.883762e-01  -9.820822e-01   0.000000e+00   6.170740e+00   1.183656e+00   0.000000e+00
0     1.207990e+02   0.000000e+00   0.000000e+00   0.000000e+00   0.000000e+00   0.000000e+00   0.000000e+00
1     1.207990e+02   7.295704e-01  -6.838805e-01   0.000000e+00   4.297050e+00   4.584174e+00   0.000000e+00
0     1.208989e+02   0.000000e+00   0.000000e+00   0.000000e+00   0.000000e+00   0.000000e+00   0.000000e+00
1     1.208989e+02   9.921933e-01  -1.245536e-01   0.000000e+00   7.826026e-01   6.234340e+00   0.000000e+00
0     1.209989e+02   0.000000e+00   0.000000e+00   0.000000e+00   0.000000e+00   0.000000e+00   0.000000e+00
1     1.209989e+02   8.759655e-01   4.823316e-01   0.000000e+00  -3.030683e+00   5.504043e+00   0.000000e+00
0     1.210989e+02   0.000000e+00   0.000000e+00   0.000000e+00   0.000000e+00   0.000000e+00   0.000000e+00
1     1.210989e+02   4.252659e-01   9.050470e-01   0.000000e+00  -5.686757e+00   2.672126e+00   0.000000e+00
0     1.211989e+02   0.000000e+00   0.000000e+00   0.000000e+00   0.000000e+00   0.000000e+00   0.000000e+00
1     1.211989e+02  -1.878138e-01   9.821871e-01   0.000000e+00  -6.171443e+00  -1.180076e+00   0.000000e+00
0     1.212988e+02   0.000000e+00   0.000000e+00   0.000000e+00   0.000000e+00   0.000000e+00   0.000000e+00
1     1.212988e+02  -7.291811e-01   6.842996e-01   0.000000e+00  -4.299698e+00  -4.581666e+00   0.000000e+00
0     1.213988e+02   0.000000e+00   0.000000e+00   0.000000e+00   0.000000e+00   0.000000e+00   0.000000e+00
1     1.213988e+02  -9.921281e-01   1.251284e-01   0.000000e+00  -7.862357e-01  -6.233837e+00   0.000000e+00
0     1.214988e+02   0.000000e+00   0.000000e+00   0.000000e+00   0.000000e+00   0.000000e+00   0.000000e+00
1     1.214988e+02  -8.762572e-01  -4.818199e-01   0.000000e+00   3.027414e+00  -5.505778e+00   0.000000e+00
0     1.215988e+02   0.000000e+00   0.000000e+00   0.000000e+00   0.000000e+00   0.000000e+00   0.000000e+00
1     1.215988e+02  -4.258112e-01  -9.047984e-01   0.000000e+00   5.685128e+00  -2.675485e+00   0.000000e+00
0     1.216988e+02   0.000000e+00   0.000000e+00   0.000000e+00   0.000000e+00   0.000000e+00   0.000000e+00
1     1.216988e+02   1.872194e-01  -9.823033e-01   0.000000e+00   6.172130e+00   1.176388e+00   0.000000e+00
0     1.217987e+02   0.000000e+00   0.000000e+00   0.000000e+00   0.000000e+00   0.000000e+00   0.000000e+00
1     1.217987e+02   7.287645e-01  -6.847391e-01   0.000000e+00   4.302445e+00   4.579111e+00   0.000000e+00
0     1.218987e+02   0.000000e+00   0.000000e+00   0.000000e+00   0.000000e+00   0.000000e+00   0.000000e+00
1     1.218987e+02   9.920458e-01  -1.257218e-01   0.000000e+00   7.899428e-01   6.233414e+00   0.000000e+00
0     1.219987e+02   0.000000e+00   0.000000e+00   0.000000e+00   0.000000e+00   0.000000e+00   0.000000e+00
1     1.219987e+02   8.765327e-01   4.812999e-01   0.000000e+00  -3.024201e+00   5.507608e+00   0.000000e+00
0     1.220987e+02   0.000000e+00   0.000000e+00   0.000000e+00   0.000000e+00   0.000000e+00   0.000000e+00
1     1.220987e+02   4.263309e-01   9.045456e-01   0.000000e+00  -5.683607e+00   2.678819e+00   0.000000e+00
0     1.221987e+02   0.000000e+00   0.000000e+00   0.000000e+00   0.000000e+00   0.000000e+00   0.000000e+00
1     1.221987e+02  -1.866576e-01   9.824073e-01   0.000000e+00  -6.172828e+00  -1.172812e+00   0.000000e+00
0     1.222986e+02   0.000000e+00   0.000000e+00   0.000000e+00   0.000000e+00   0.000000e+00   0.000000e+00
1     1.222986e+02  -7.283751e-01   6.851572e-01   0.000000e+00  -4.305088e+00  -4.576603e+00   0.000000e+00
0     1.223986e+02   0.000000e+00   0.000000e+00   0.000000e+00   0.000000e+00   0.000000e+00   0.000000e+00
1     1.223986e+02  -9.919801e-01   1.262959e-01   0.000000e+00  -7.935712e-01  -6.232908e+00   0.000000e+00
0     1.224986e+02   0.000000e+00   0.000000e+00   0.000000e+00   0.000000e+00   0.000000e+00   0.000000e+00
1     1.224986e+02  -8.768234e-01  -4.807884e-01   0.000000e+00   3.020934e+00  -5.509337e+00   0.000000e+00
0     1.225986e+02   0.000000e+00   0.000000e+00   0.000000e+00   0.000000e+00   0.000000e+00   0.000000e+00
1     1.225986e+02  -4.268754e-01  -9.042966e-01   0.000000e+00   5.681976e+00  -2.682172e+00   0.000000e+00
0     1.226985e+02   0.000000e+00   0.000000e+00   0.000000e+00   0.000000e+00   0.000000e+00   0.000000e+00
1     1.226985e+02   1.860637e-01  -9.825227e-01   0.000000e+00   6.173510e+00   1.169126e+00   0.000000e+00
0     1.227985e+02   0.000000e+00   0.000000e+00   0.000000e+00   0.000000e+00   0.000000e+00   0.000000e+00
1     1.227985e+02   7.279584e-01  -6.855958e-01   0.000000e+00   4.307829e+00   4.574047e+00   0.000000e+00
0     1.228985e+02   0.000000e+00   0.000000e+00   0.000000e+00   0.000000e+00   0.000000e+00   0.000000e+00
1     1.228985e+02   9.918971e-01  -1.268885e-01   0.000000e+00   7.972739e-01   6.232481e+00   0.000000e+00
0     1.229985e+02   0.000000e+00   0.000000e+00   0.000000e+00   0.000000e+00   0.000000e+00   0.000000e+00
1     1.229985e+02   8.770980e-01   4.802686e-01   0.000000e+00  -3.017722e+00   5.511161e+00   0.000000e+00
0     1.230985e+02   0.000000e+00   0.000000e+00   0.000000e+00   0.000000e+00   0.000000e+00   0.000000e+00
1     1.230985e+02   4.273943e-01   9.040435e-01   0.000000e+00  -5.680454e+00   2.685501e+00   0.000000e+00
0     1.231984e+02   0.000000e+00   0.000000e+00   0.000000e+00   0.000000e+00   0.000000e+00   0.000000e+00
1     1.231984e+02  -1.855023e-01   9.826260e-01   0.000000e+00  -6.174203e+00  -1.165553e+00   0.000000e+00
0     1.232984e+02   0.000000e+00   0.000000e+00   0.000000e+00   0.000000e+00   0.000000e+00   0.000000e+00
1     1.232984e+02  -7.275690e-01   6.860130e-01   0.000000e+00  -4.310466e+00  -4.571538e+00   0.000000e+00
0     1.233984e+02   0.000000e+00   0.000000e+00   0.000000e+00   0.000000e+00   0.000000e+00   0.000000e+00
1     1.233984e+02  -9.918308e-01   1.274619e-01   0.000000e+00  -8.008979e-01  -6.231971e+00   0.000000e+00
0     1.234984e+02   0.000000e+00   0.000000e+00   0.000000e+00   0.000000e+00   0.000000e+00   0.000000e+00
1     1.234984e+02  -8.773878e-01  -4.797574e-01   0.000000e+00   3.014456e+00  -5.512884e+00   0.000000e+00
0     1.235984e+02   0.000000e+00   0.000000e+00   0.000000e+00   0.000000e+00   0.000000e+00   0.000000e+00
1     1.235984e+02  -4.279378e-01  -9.037942e-01   0.000000e+00   5.678820e+00  -2.688848e+00   0.000000e+00
0     1.236983e+02   0.000000e+00   0.000000e+00   0.000000e+00   0.000000e+00   0.000000e+00   0.000000e+00
1     1.236983e+02   1.849089e-01  -9.827405e-01   0.000000e+00   6.174880e+00   1.161870e+00   0.000000e+00
0     1.237983e+02   0.000000e+00   0.000000e+00   0.000000e+00   0.000000e+00   0.000000e+00   0.000000e+00
1     1.237983e+02   7.271522e-01  -6.864506e-01   0.000000e+00   4.313201e+00   4.568982e+00   0.000000e+00
0     1.238983e+02   0.000000e+00   0.000000e+00   0.000000e+00   0.000000e+00   0.000000e+00   0.000000e+00
1     1.238983e+02   9.917472e-01  -1.280538e-01   0.000000e+00   8.045960e-01   6.231541e+00   0.000000e+00
0     1.239983e+02   0.000000e+00   0.000000e+00   0.000000e+00   0.000000e+00   0.000000e+00   0.000000e+00
1     1.239983e+02   8.776615e-01   4.792378e-01   0.000000e+00  -3.011245e+00   5.514703e+00   0.000000e+00
0     1.240982e+02   0.000000e+00   0.000000e+00   0.000000e+00   0.000000e+00   0.000000e+00   0.000000e+00
1     1.240982e+02   4.284559e-01   9.035407e-01   0.000000e+00  -5.677296e+00   2.692172e+00   0.000000e+00
0     1.242000e+02   0.000000e+00   0.000000e+00   0.000000e+00   0.000000e+00   0.000000e+00   0.000000e+00
1     1.242000e+02  -1.951686e-01   9.807517e-01   0.000000e+00  -6.162427e+00  -1.226290e+00   0.000000e+00
0     1.243000e+02   0.000000e+00   0.000000e+00   0.000000e+00   0.000000e+00   0.000000e+00   0.000000e+00
1     1.243000e+02  -7.342884e-01   6.788157e-01   0.000000e+00  -4.265243e+00  -4.613760e+00   0.000000e+00
0     1.243999e+02   0.000000e+00   0.000000e+00   0.000000e+00   0.000000e+00   0.000000e+00   0.000000e+00
1     1.243999e+02  -9.930376e-01   1.176896e-01   0.000000e+00  -7.394955e-01  -6.239556e+00   0.000000e+00
0     1.244999e+02   0.000000e+00   0.000000e+00   0.000000e+00   0.000000e+00   0.000000e+00   0.000000e+00
1     1.244999e+02  -8.726211e-01  -4.883734e-01   0.000000e+00   3.068594e+00  -5.482935e+00   0.000000e+00
0     1.245999e+02   0.000000e+00   0.000000e+00   0.000000e+00   0.000000e+00   0.000000e+00   0.000000e+00
1     1.245999e+02  -4.190175e-01  -9.079641e-01   0.000000e+00   5.705022e+00  -2.632800e+00   0.000000e+00
0     1.246999e+02   0.000000e+00   0.000000e+00   0.000000e+00   0.000000e+00   0.000000e+00   0.000000e+00
1     1.246999e+02   1.945769e-01  -9.808719e-01   0.000000e+00   6.163140e+00   1.222618e+00   0.000000e+00
0     1.247999e+02   0.000000e+00   0.000000e+00   0.000000e+00   0.000000e+00   0.000000e+00   0.000000e+00
1     1.247999e+02   7.338764e-01  -6.792568e-01   0.000000e+00   4.268001e+00   4.611234e+00   0.000000e+00
0     1.248998e+02   0.000000e+00   0.000000e+00   0.000000e+00   0.000000e+00   0.000000e+00   0.000000e+00
1     1.248998e+02   9.929599e-01  -1.182816e-01   0.000000e+00   7.431936e-01   6.239162e+00   0.000000e+00
0     1.249998e+02   0.000000e+00   0.000000e+00   0.000000e+00   0.000000e+00   0.000000e+00   0.000000e+00
1     1.249998e+02   8.728996e-01   4.878572e-01   0.000000e+00  -3.065405e+00   5.484783e+00   0.000000e+00
0     1.250998e+02   0.000000e+00   0.000000e+00   0.000000e+00   0.000000e+00   0.000000e+00   0.000000e+00
1     1.250998e+02   4.195374e-01   9.077160e-01   0.000000e+00  -5.703532e+00   2.636134e+00   0.000000e+00
0     1.251998e+02   0.000000e+00   0.000000e+00   0.000000e+00   0.000000e+00   0.000000e+00   0.000000e+00
1     1.251998e+02  -1.940177e-01   9.809799e-01   0.000000e+00  -6.163862e+00  -1.219059e+00   0.000000e+00
0     1.252997e+02   0.000000e+00   0.000000e+00   0.000000e+00   0.000000e+00   0.000000e+00   0.000000e+00
1     1.252997e+02  -7.334914e-01   6.796766e-01   0.000000e+00  -4.270654e+00  -4.608753e+00   0.000000e+00
0     1.253997e+02   0.000000e+00   0.000000e+00   0.000000e+00   0.000000e+00   0.000000e+00   0.000000e+00
1     1.253997e+02  -9.928988e-01   1.188543e-01   0.000000e+00  -7.468142e-01  -6.238684e+00   0.000000e+00
0     1.254997e+02   0.000000e+00   0.000000e+00   0.000000e+00   0.000000e+00   0.000000e+00   0.000000e+00
1     1.254997e+02  -8.731932e-01  -4.873495e-01   0.000000e+00   3.062161e+00  -5.486531e+00   0.000000e+00
0     1.255997e+02   0.000000e+00   0.000000e+00   0.000000e+00   0.000000e+00   0.000000e+00   0.000000e+00
1     1.255997e+02  -4.200821e-01  -9.074719e-01   0.000000e+00   5.701931e+00  -2.639489e+00   0.000000e+00
0     1.256997e+02   0.000000e+00   0.000000e+00   0.000000e+00   0.000000e+00   0.000000e+00   0.000000e+00
1     1.256997e+02   1.934265e-01  -9.810993e-01   0.000000e+00   6.164570e+00   1.215390e+00   0.000000e+00
0     1.257996e+02   0.000000e+00   0.000000e+00   0.000000e+00   0.000000e+00   0.000000e+00   0.000000e+00
1     1.257996e+02   7.330794e-01  -6.801168e-01   0.000000e+00   4.273405e+00   4.606226e+00   0.000000e+00
0     1.258996e+02   0.000000e+00   0.000000e+00   0.000000e+00   0.000000e+00   0.000000e+00   0.000000e+00
1     1.258996e+02   9.928205e-01  -1.194456e-01   0.000000e+00   7.505081e-01   6.238287e+00   0.000000e+00
0     1.259996e+02   0.000000e+00   0.000000e+00   0.000000e+00   0.000000e+00   0.000000e+00   0.000000e+00
1     1.259996e+02   8.734708e-01   4.868335e-01   0.000000e+00  -3.058973e+00   5.488373e+00   0.000000e+00
0     1.260996e+02   0.000000e+00   0.000000e+00   0.000000e+00   0.000000e+00   0.000000e+00   0.000000e+00
1     1.260996e+02   4.206011e-01   9.072235e-01   0.000000e+00  -5.700438e+00   2.642818e+00   0.000000e+00
0     1.261996e+02   0.000000e+00   0.000000e+00   0.000000e+00   0.000000e+00   0.000000e+00   0.000000e+00
1     1.261996e+02  -1.928678e-01   9.812065e-01   0.000000e+00  -6.165287e+00  -1.211834e+00   0.000000e+00
0     1.262995e+02   0.000000e+00   0.000000e+00   0.000000e+00   0.000000e+00   0.000000e+00   0.000000e+00
1     1.262995e+02  -7.326943e-01   6.805356e-01   0.000000e+00  -4.276052e+00  -4.603745e+00   0.000000e+00
0     1.263995e+02   0.000000e+00   0.000000e+00   0.000000e+00   0.000000e+00   0.000000e+00   0.000000e+00
1     1.263995e+02  -9.927587e-01   1.200178e-01   0.000000e+00  -7.541244e-01  -6.237805e+00   0.000000e+00
0     1.264995e+02   0.000000e+00   0.000000e+00   0.000000e+00   0.000000e+00   0.000000e+00   0.000000e+00
1     1.264995e+02  -8.737635e-01  -4.863260e-01   0.000000e+00   3.055731e+00  -5.490115e+00   0.000000e+00
0     1.265995e+02   0.000000e+00   0.000000e+00   0.000000e+00   0.000000e+00   0.000000e+00   0.000000e+00
1     1.265995e+02  -4.211449e-01  -9.069790e-01   0.000000e+00   5.698835e+00  -2.646168e+00   0.000000e+00
0     1.266994e+02   0.000000e+00   0.000000e+00   0.000000e+00   0.000000e+00   0.000000e+00   0.000000e+00
1     1.266994e+02   1.922771e-01  -9.813251e-01   0.000000e+00   6.165990e+00   1.208168e+00   0.000000e+00
0     1.267994e+02   0.000000e+00   0.000000e+00   0.000000e+00   0.000000e+00   0.000000e+00   0.000000e+00
1     1.267994e+02   7.322821e-01  -6.809749e-01   0.000000e+00   4.278798e+00   4.601218e+00   0.000000e+00
0     1.268994e+02   0.000000e+00   0.000000e+00   0.000000e+00   0.000000e+00   0.000000e+00   0.000000e+00
1     1.268994e+02   9.926798e-01  -1.206083e-01   0.000000e+00   7.578137e-01   6.237404e+00   0.000000e+00
0     1.269994e+02   0.000000e+00   0.000000e+00   0.000000e+00   0.000000e+00   0.000000e+00   0.000000e+00
1     1.269994e+02   8.740401e-01   4.858102e-01   0.000000e+00  -3.052544e+00   5.491952e+00   0.000000e+00
0     1.270994e+02   0.000000e+00   0.000000e+00   0.000000e+00   0.000000e+00   0.000000e+00   0.000000e+00
1     1.270994e+02   4.216630e-01   9.067303e-01   0.000000e+00  -5.697340e+00   2.649491e+00   0.000000e+00
0     1.271993e+02   0.000000e+00   0.000000e+00   0.000000e+00   0.000000e+00   0.000000e+00   0.000000e+00
1     1.271993e+02  -1.917189e-01   9.814315e-01   0.000000e+00  -6.166702e+00  -1.204615e+00   0.000000e+00
0     1.272993e+02   0.000000e+00   0.000000e+00   0.000000e+00   0.000000e+00   0.000000e+00   0.000000e+00
1     1.272993e+02  -7.318970e-01   6.813928e-01   0.000000e+00  -4.281439e+00  -4.598737e+00   0.000000e+00
0     1.273993e+02   0.000000e+00   0.000000e+00   0.000000e+00   0.000000e+00   0.000000e+00   0.000000e+00
1     1.273993e+02  -9.926174e-01   1.211797e-01   0.000000e+00  -7.614255e-01  -6.236919e+00   0.000000e+00
0     1.274993e+02   0.000000e+00   0.000000e+00   0.000000e+00   0.000000e+00   0.000000e+00   0.000000e+00
1     1.274993e+02  -8.743320e-01  -4.853029e-01   0.000000e+00   3.049303e+00  -5.493688e+00   0.000000e+00
0     1.275993e+02   0.000000e+00   0.000000e+00   0.000000e+00   0.000000e+00   0.000000e+00   0.000000e+00
1     1.275993e+02  -4.222060e-01  -9.064854e-01   0.000000e+00   5.695735e+00  -2.652835e+00   0.000000e+00
0     1.276992e+02   0.000000e+00   0.000000e+00   0.000000e+00   0.000000e+00   0.000000e+00   0.000000e+00
1     1.276992e+02   1.911286e-01  -9.815493e-01   0.000000e+00   6.167400e+00   1.200952e+00   0.000000e+00
0     1.277992e+02   0.000000e+00   0.000000e+00   0.000000e+00   0.000000e+00   0.000000e+00   0.000000e+00
1     1.277992e+02   7.314848e-01  -6.818311e-01   0.000000e+00   4.284179e+00   4.596209e+00   0.000000e+00
0     1.278992e+02   0.000000e+00   0.000000e+00   0.000000e+00   0.000000e+00   0.000000e+00   0.000000e+00
1     1.278992e+02   9.925378e-01  -1.217696e-01   0.000000e+00   7.651107e-01   6.236514e+00   0.000000e+00
0     1.279992e+02   0.000000e+00   0.000000e+00   0.000000e+00   0.000000e+00   0.000000e+00   0.000000e+00
1     1.279992e+02   8.746078e-01   4.847873e-01   0.000000e+00  -3.046118e+00   5.495519e+00   0.000000e+00
0     1.280992e+02   0.000000e+00   0.000000e+00   0.000000e+00   0.000000e+00   0.000000e+00   0.000000e+00
1     1.280992e+02   4.227233e-01   9.062363e-01   0.000000e+00  -5.694238e+00   2.656154e+00   0.000000e+00
0     1.281991e+02   0.000000e+00   0.000000e+00   0.000000e+00   0.000000e+00   0.000000e+00   0.000000e+00
1     1.281991e+02  -1.905708e-01   9.816549e-01   0.000000e+00  -6.168108e+00  -1.197401e+00   0.000000e+00
0     1.282991e+02   0.000000e+00   0.000000e+00   0.000000e+00   0.000000e+00   0.000000e+00   0.000000e+00
1     1.282991e+02  -7.310996e-01   6.822481e-01   0.000000e+00  -4.286814e+00  -4.593727e+00   0.000000e+00
0     1.283991e+02   0.000000e+00   0.000000e+00   0.000000e+00   0.000000e+00   0.000000e+00   0.000000e+00
1     1.283991e+02  -9.924749e-01   1.223403e-01   0.000000e+00  -7.687179e-01  -6.236025e+00   0.000000e+00
0     1.284991e+02   0.000000e+00   0.000000e+00   0.000000e+00   0.000000e+00   0.000000e+00   0.000000e+00
1     1.284991e+02  -8.748987e-01  -4.842803e-01   0.000000e+00   3.042878e+00  -5.497250e+00   0.000000e+00
0     1.285990e+02   0.000000e+00   0.000000e+00   0.000000e+00   0.000000e+00   0.000000e+00   0.000000e+00
1     1.285990e+02  -4.232653e-01  -9.059911e-01   0.000000e+00   5.692630e+00  -2.659492e+00   0.000000e+00
0     1.286990e+02   0.000000e+00   0.000000e+00   0.000000e+00   0.000000e+00   0.000000e+00   0.000000e+00
1     1.286990e+02   1.899811e-01  -9.817719e-01   0.000000e+00   6.168800e+00   1.193742e+00   0.000000e+00
0     1.287990e+02   0.000000e+00   0.000000e+00   0.000000e+00   0.000000e+00   0.000000e+00   0.000000e+00
1     1.287990e+02   7.306872e-01  -6.826855e-01   0.000000e+00   4.289548e+00   4.591198e+00   0.000000e+00
0     1.288990e+02   0.000000e+00   0.000000e+00   0.000000e+00   0.000000e+00   0.000000e+00   0.000000e+00
1     1.288990e+02   9.923947e-01  -1.229294e-01   0.000000e+00   7.723986e-01   6.235616e+00   0.000000e+00
0     1.289990e+02   0.000000e+00   0.000000e+00   0.000000e+00   0.000000e+00   0.000000e+00   0.000000e+00
1     1.289990e+02   8.751735e-01   4.837649e-01   0.000000e+00  -3.039694e+00   5.499075e+00   0.000000e+00
0     1.290989e+02   0.000000e+00   0.000000e+00   0.000000e+00   0.000000e+00   0.000000e+00   0.000000e+00
1     1.290989e+02   4.237818e-01   9.057416e-01   0.000000e+00  -5.691131e+00   2.662806e+00   0.000000e+00
0     1.291989e+02   0.000000e+00   0.000000e+00   0.000000e+00   0.000000e+00   0.000000e+00   0.000000e+00
1     1.291989e+02  -1.894238e-01   9.818768e-01   0.000000e+00  -6.169503e+00  -1.190195e+00   0.000000e+00
0     1.292989e+02   0.000000e+00   0.000000e+00   0.000000e+00   0.000000e+00   0.000000e+00   0.000000e+00
1     1.292989e+02  -7.303020e-01   6.831016e-01   0.000000e+00  -4.292178e+00  -4.588717e+00   0.000000e+00
0     1.293989e+02   0.000000e+00   0.000000e+00   0.000000e+00   0.000000e+00   0.000000e+00   0.000000e+00
1     1.293989e+02  -9.923312e-01   1.234994e-01   0.000000e+00  -7.760013e-01  -6.235123e+00   0.000000e+00
0     1.294989e+02   0.000000e+00   0.000000e+00   0.000000e+00   0.000000e+00   0.000000e+00   0.000000e+00
1     1.294989e+02  -8.754636e-01  -4.832581e-01   0.000000e+00   3.036456e+00  -5.500800e+00   0.000000e+00
0     1.295988e+02   0.000000e+00   0.000000e+00   0.000000e+00   0.000000e+00   0.000000e+00   0.000000e+00
1     1.295988e+02  -4.243230e-01  -9.054961e-01   0.000000e+00   5.689521e+00  -2.666138e+00   0.000000e+00
0     1.296988e+02   0.000000e+00   0.000000e+00   0.000000e+00   0.000000e+00   0.000000e+00   0.000000e+00
1     1.296988e+02   1.888345e-01  -9.819930e-01   0.000000e+00   6.170190e+00   1.186538e+00   0.000000e+00
0     1.297988e+02   0.000000e+00   0.000000e+00   0.000000e+00   0.000000e+00   0.000000e+00   0.000000e+00
1     1.297988e+02   7.298896e-01  -6.835381e-01   0.000000e+00   4.294906e+00   4.586187e+00   0.000000e+00
0     1.298988e+02   0.000000e+00   0.000000e+00   0.000000e+00   0.000000e+00   0.000000e+00   0.000000e+00
1     1.298988e+02   9.922504e-01  -1.240879e-01   0.000000e+00   7.796777e-01   6.234710e+00   0.000000e+00
0     1.299987e+02   0.000000e+00   0.000000e+00   0.000000e+00   0.000000e+00   0.000000e+00   0.000000e+00
1     1.299987e+02   8.757375e-01   4.827430e-01   0.000000e+00  -3.033273e+00   5.502620e+00   0.000000e+00
0     1.300987e+02   0.000000e+00   0.000000e+00   0.000000e+00   0.000000e+00   0.000000e+00   0.000000e+00
1     1.300987e+02   4.248386e-01   9.052463e-01   0.000000e+00  -5.688019e+00   2.669446e+00   0.000000e+00
0     1.301987e+02   0.000000e+00   0.000000e+00   0.000000e+00   0.000000e+00   0.000000e+00   0.000000e+00
1     1.301987e+02  -1.882778e-01   9.820970e-01   0.000000e+00  -6.170888e+00  -1.182994e+00   0.000000e+00
0     1.302987e+02   0.000000e+00   0.000000e+00   0.000000e+00   0.000000e+00   0.000000e+00   0.000000e+00
1     1.302987e+02  -7.295043e-01   6.839532e-01   0.000000e+00  -4.297530e+00  -4.583705e+00   0.000000e+00
0     1.303987e+02   0.000000e+00   0.000000e+00   0.000000e+00   0.000000e+00   0.000000e+00   0.000000e+00
1     1.303987e+02  -9.921862e-01   1.246572e-01   0.000000e+00  -7.832759e-01  -6.234214e+00   0.000000e+00
0     1.304986e+02   0.000000e+00   0.000000e+00   0.000000e+00   0.000000e+00   0.000000e+00   0.000000e+00
1     1.304986e+02  -8.760267e-01  -4.822363e-01   0.000000e+00   3.030036e+00  -5.504340e+00   0.000000e+00
0     1.305986e+02   0.000000e+00   0.000000e+00   0.000000e+00   0.000000e+00   0.000000e+00   0.000000e+00
1     1.305986e+02  -4.253789e-01  -9.050003e-01   0.000000e+00   5.686407e+00  -2.672774e+00   0.000000e+00
0     1.306986e+02   0.000000e+00   0.000000e+00   0.000000e+00   0.000000e+00   0.000000e+00   0.000000e+00
1     1.306986e+02   1.876890e-01  -9.822124e-01   0.000000e+00   6.171570e+00   1.179340e+00   0.000000e+00
0     1.307986e+02   0.000000e+00   0.000000e+00   0.000000e+00   0.000000e+00   0.000000e+00   0.000000e+00
1     1.307986e+02   7.290918e-01  -6.843888e-01   0.000000e+00   4.300252e+00   4.581175e+00   0.000000e+00
0     1.308986e+02   0.000000e+00   0.000000e+00   0.000000e+00   0.000000e+00   0.000000e+00   0.000000e+00
1     1.308986e+02   9.921049e-01  -1.252449e-01   0.000000e+00   7.869481e-01   6.233797e+00   0.000000e+00
0     1.309985e+02   0.000000e+00   0.000000e+00   0.000000e+00   0.000000e+00   0.000000e+00   0.000000e+00
1     1.309985e+02   8.762997e-01   4.817214e-01   0.000000e+00  -3.026855e+00   5.506154e+00   0.000000e+00
0     1.310985e+02   0.000000e+00   0.000000e+00   0.000000e+00   0.000000e+00   0.000000e+00   0.000000e+00
1     1.310985e+02   4.258937e-01   9.047502e-01   0.000000e+00  -5.684903e+00   2.676077e+00   0.000000e+00
0     1.311985e+02   0.000000e+00   0.000000e+00   0.000000e+00   0.000000e+00   0.000000e+00   0.000000e+00
1     1.311985e+02  -1.871327e-01   9.823157e-01   0.000000e+00  -6.172263e+00  -1.175799e+00   0.000000e+00
0     1.312985e+02   0.000000e+00   0.000000e+00   0.000000e+00   0.000000e+00   0.000000e+00   0.000000e+00
1     1.312985e+02  -7.287064e-01   6.848031e-01   0.000000e+00  -4.302870e+00  -4.578693e+00   0.000000e+00
0     1.313984e+02   0.000000e+00   0.000000e+00   0.000000e+00   0.000000e+00   0.000000e+00   0.000000e+00
1     1.313984e+02  -9.920401e-01   1.258135e-01   0.000000e+00  -7.905418e-01  -6.233297e+00   0.000000e+00
0     1.314984e+02   0.000000e+00   0.000000e+00   0.000000e+00   0.000000e+00   0.000000e+00   0.000000e+00
1     1.314984e+02  -8.765880e-01  -4.812150e-01   0.000000e+00   3.023620e+00  -5.507867e+00   0.000000e+00
0     1.315984e+02   0.000000e+00   0.000000e+00   0.000000e+00   0.000000e+00   0.000000e+00   0.000000e+00
1     1.315984e+02  -4.264332e-01  -9.045039e-01   0.000000e+00   5.683289e+00  -2.679398e+00   0.000000e+00
0     1.316984e+02   0.000000e+00   0.000000e+00   0.000000e+00   0.000000e+00   0.000000e+00   0.000000e+00
1     1.316984e+02   1.865444e-01  -9.824303e-01   0.000000e+00   6.172940e+00   1.172148e+00   0.000000e+00
0     1.317984e+02   0.000000e+00   0.000000e+00   0.000000e+00   0.000000e+00   0.000000e+00   0.000000e+00
1     1.317984e+02   7.282938e-01  -6.852377e-01   0.000000e+00   4.305587e+00   4.576162e+00   0.000000e+00
0     1.318983e+02   0.000000e+00   0.000000e+00   0.000000e+00   0.000000e+00   0.000000e+00   0.000000e+00
1     1.318983e+02   9.919582e-01  -1.264006e-01   0.000000e+00   7.942096e-01   6.232876e+00   0.000000e+00
0     1.319983e+02   0.000000e+00   0.000000e+00   0.000000e+00   0.000000e+00   0.000000e+00   0.000000e+00
1     1.319983e+02   8.768601e-01   4.807003e-01   0.000000e+00  -3.020439e+00   5.509676e+00   0.000000e+00
0     1.320983e+02   0.000000e+00   0.000000e+00   0.000000e+00   0.000000e+00   0.000000e+00   0.000000e+00
1     1.320983e+02   4.269471e-01   9.042534e-01   0.000000e+00  -5.681783e+00   2.682696e+00   0.000000e+00
0     1.321983e+02   0.000000e+00   0.000000e+00   0.000000e+00   0.000000e+00   0.000000e+00   0.000000e+00
1     1.321983e+02  -1.859886e-01   9.825328e-01   0.000000e+00  -6.173629e+00  -1.168610e+00   0.000000e+00
0     1.322983e+02   0.000000e+00   0.000000e+00   0.000000e+00   0.000000e+00   0.000000e+00   0.000000e+00
1     1.322983e+02  -7.279084e-01   6.856510e-01   0.000000e+00  -4.308199e+00  -4.573680e+00   0.000000e+00
0     1.324000e+02   0.000000e+00   0.000000e+00   0.000000e+00   0.000000e+00   0.000000e+00   0.000000e+00
1     1.324000e+02  -9.932319e-01   1.160293e-01   0.000000e+00  -7.290643e-01  -6.240786e+00   0.000000e+00
0     1.325000e+02   0.000000e+00   0.000000e+00   0.000000e+00   0.000000e+00   0.000000e+00   0.000000e+00
1     1.325000e+02  -8.718021e-01  -4.898318e-01   0.000000e+00   3.077762e+00  -5.477797e+00   0.000000e+00
0     1.325999e+02   0.000000e+00   0.000000e+00   0.000000e+00   0.000000e+00   0.000000e+00   0.000000e+00
1     1.325999e+02  -4.174969e-01  -9.086631e-01   0.000000e+00   5.709424e+00  -2.623249e+00   0.000000e+00
0     1.326999e+02   0.000000e+00   0.000000e+00   0.000000e+00   0.000000e+00   0.000000e+00   0.000000e+00
1     1.326999e+02   1.962191e-01  -9.805437e-01   0.000000e+00   6.161087e+00   1.232938e+00   0.000000e+00
0     1.327999e+02   0.000000e+00   0.000000e+00   0.000000e+00   0.000000e+00   0.000000e+00   0.000000e+00
1     1.327999e+02   7.350128e-01  -6.780254e-01   0.000000e+00   4.260270e+00   4.618381e+00   0.000000e+00
0     1.328999e+02   0.000000e+00   0.000000e+00   0.000000e+00   0.000000e+00   0.000000e+00   0.000000e+00
1     1.328999e+02   9.931558e-01  -1.166164e-01   0.000000e+00   7.327318e-01   6.240403e+00   0.000000e+00
0     1.329999e+02   0.000000e+00   0.000000e+00   0.000000e+00   0.000000e+00   0.000000e+00   0.000000e+00
1     1.329999e+02   8.720789e-01   4.893205e-01   0.000000e+00  -3.074604e+00   5.479635e+00   0.000000e+00
0     1.330998e+02   0.000000e+00   0.000000e+00   0.000000e+00   0.000000e+00   0.000000e+00   0.000000e+00
1     1.330998e+02   4.180126e-01   9.084181e-01   0.000000e+00  -5.707952e+00   2.626558e+00   0.000000e+00
0     1.331998e+02   0.000000e+00   0.000000e+00   0.000000e+00   0.000000e+00   0.000000e+00   0.000000e+00
1     1.331998e+02  -1.956650e-01   9.806516e-01   0.000000e+00  -6.161809e+00  -1.229411e+00   0.000000e+00
0     1.332998e+02   0.000000e+00   0.000000e+00   0.000000e+00   0.000000e+00   0.000000e+00   0.000000e+00
1     1.332998e+02  -7.346320e-01   6.784421e-01   0.000000e+00  -4.262904e+00  -4.615927e+00   0.000000e+00
0     1.333998e+02   0.000000e+00   0.000000e+00   0.000000e+00   0.000000e+00   0.000000e+00   0.000000e+00
1     1.333998e+02  -9.930962e-01   1.171843e-01   0.000000e+00  -7.363221e-01  -6.239935e+00   0.000000e+00
0     1.334998e+02   0.000000e+00   0.000000e+00   0.000000e+00   0.000000e+00   0.000000e+00   0.000000e+00
1     1.334998e+02  -8.723710e-01  -4.888176e-01   0.000000e+00   3.071390e+00  -5.481373e+00   0.000000e+00
0     1.335997e+02   0.000000e+00   0.000000e+00   0.000000e+00   0.000000e+00   0.000000e+00   0.000000e+00
1     1.335997e+02  -4.185531e-01  -9.081769e-01   0.000000e+00   5.706370e+00  -2.629887e+00   0.000000e+00
0     1.336997e+02   0.000000e+00   0.000000e+00   0.000000e+00   0.000000e+00   0.000000e+00   0.000000e+00
1     1.336997e+02   1.950789e-01  -9.807710e-01   0.000000e+00   6.162517e+00   1.225774e+00   0.000000e+00
0     1.337997e+02   0.000000e+00   0.000000e+00   0.000000e+00   0.000000e+00   0.000000e+00   0.000000e+00
1     1.337997e+02   7.342240e-01  -6.788793e-01   0.000000e+00   4.265637e+00   4.613426e+00   0.000000e+00
0     1.338997e+02   0.000000e+00   0.000000e+00   0.000000e+00   0.000000e+00   0.000000e+00   0.000000e+00
1     1.338997e+02   9.930195e-01  -1.177707e-01   0.000000e+00   7.399853e-01   6.239547e+00   0.000000e+00
0     1.339996e+02   0.000000e+00   0.000000e+00   0.000000e+00   0.000000e+00   0.000000e+00   0.000000e+00
1     1.339996e+02   8.726470e-01   4.883065e-01   0.000000e+00  -3.068233e+00   5.483205e+00   0.000000e+00
0     1.340996e+02   0.000000e+00   0.000000e+00   0.000000e+00   0.000000e+00   0.000000e+00   0.000000e+00
1     1.340996e+02   4.190680e-01   9.079315e-01   0.000000e+00  -5.704896e+00   2.633190e+00   0.000000e+00
0     1.341996e+02   0.000000e+00   0.000000e+00   0.000000e+00   0.000000e+00   0.000000e+00   0.000000e+00
1     1.341996e+02  -1.945253e-01   9.808782e-01   0.000000e+00  -6.163234e+00  -1.222250e+00   0.000000e+00
0     1.342996e+02   0.000000e+00   0.000000e+00   0.000000e+00   0.000000e+00   0.000000e+00   0.000000e+00
1     1.342996e+02  -7.338430e-01   6.792952e-01   0.000000e+00  -4.268265e+00  -4.610971e+00   0.000000e+00
0     1.343996e+02   0.000000e+00   0.000000e+00   0.000000e+00   0.000000e+00   0.000000e+00   0.000000e+00
1     1.343996e+02  -9.929592e-01   1.183380e-01   0.000000e+00  -7.435713e-01  -6.239075e+00   0.000000e+00
0     1.344995e+02   0.000000e+00   0.000000e+00   0.000000e+00   0.000000e+00   0.000000e+00   0.000000e+00
1     1.344995e+02  -8.729382e-01  -4.878038e-01   0.000000e+00   3.065021e+00  -5.484938e+00   0.000000e+00
0     1.345995e+02   0.000000e+00   0.000000e+00   0.000000e+00   0.000000e+00   0.000000e+00   0.000000e+00
1     1.345995e+02  -4.196077e-01  -9.076900e-01   0.000000e+00   5.703312e+00  -2.636513e+00   0.000000e+00
0     1.346995e+02   0.000000e+00   0.000000e+00   0.000000e+00   0.000000e+00   0.000000e+00   0.000000e+00
1     1.346995e+02   1.939396e-01  -9.809968e-01   0.000000e+00   6.163937e+00   1.218616e+00   0.000000e+00
0     1.347995e+02   0.000000e+00   0.000000e+00   0.000000e+00   0.000000e+00   0.000000e+00   0.000000e+00
1     1.347995e+02   7.334350e-01  -6.797314e-01   0.000000e+00   4.270992e+00   4.608469e+00   0.000000e+00
0     1.348995e+02   0.000000e+00   0.000000e+00   0.000000e+00   0.000000e+00   0.000000e+00   0.000000e+00
1     1.348995e+02   9.928819e-01  -1.189237e-01   0.000000e+00   7.472299e-01   6.238684e+00   0.000000e+00
0     1.349994e+02   0.000000e+00   0.000000e+00   0.000000e+00   0.000000e+00   0.000000e+00   0.000000e+00
1     1.349994e+02   8.732132e-01   4.872929e-01   0.000000e+00  -3.061865e+00   5.486764e+00   0.000000e+00
0     1.350994e+02   0.000000e+00   0.000000e+00   0.000000e+00   0.000000e+00   0.000000e+00   0.000000e+00
1     1.350994e+02   4.201217e-01   9.074443e-01   0.000000e+00  -5.701836e+00   2.639811e+00   0.000000e+00
0     1.351994e+02   0.000000e+00   0.000000e+00   0.000000e+00   0.000000e+00   0.000000e+00   0.000000e+00
1     1.351994e+02  -1.933865e-01   9.811032e-01   0.000000e+00  -6.164649e+00  -1.215095e+00   0.000000e+00
0     1.352994e+02   0.000000e+00   0.000000e+00   0.000000e+00   0.000000e+00   0.000000e+00   0.000000e+00
1     1.352994e+02  -7.330540e-01   6.801463e-01   0.000000e+00  -4.273614e+00  -4.606014e+00   0.000000e+00
0     1.353993e+02   0.000000e+00   0.000000e+00   0.000000e+00   0.000000e+00   0.000000e+00   0.000000e+00
1     1.353993e+02  -9.928211e-01   1.194903e-01   0.000000e+00  -7.508115e-01  -6.238209e+00   0.000000e+00
0     1.354993e+02   0.000000e+00   0.000000e+00   0.000000e+00   0.000000e+00   0.000000e+00   0.000000e+00
1     1.354993e+02  -8.735035e-01  -4.867904e-01   0.000000e+00   3.058654e+00  -5.488491e+00   0.000000e+00
0     1.355993e+02   0.000000e+00   0.000000e+00   0.000000e+00   0.000000e+00   0.000000e+00   0.000000e+00
1     1.355993e+02  -4.206605e-01  -9.072024e-01   0.000000e+00   5.700249e+00  -2.643129e+00   0.000000e+00
0     1.356993e+02   0.000000e+00   0.000000e+00   0.000000e+00   0.000000e+00   0.000000e+00   0.000000e+00
1     1.356993e+02   1.928014e-01  -9.812210e-01   0.000000e+00   6.165347e+00   1.211464e+00   0.000000e+00
0     1.357993e+02   0.000000e+00   0.000000e+00   0.000000e+00   0.000000e+00   0.000000e+00   0.000000e+00
1     1.357993e+02   7.326459e-01  -6.805817e-01   0.000000e+00   4.276335e+00   4.603512e+00   0.000000e+00
0     1.358992e+02   0.000000e+00   0.000000e+00   0.000000e+00   0.000000e+00   0.000000e+00   0.000000e+00
1     1.358992e+02   9.927432e-01  -1.200753e-01   0.000000e+00   7.544660e-01   6.237814e+00   0.000000e+00
0     1.359992e+02   0.000000e+00   0.000000e+00   0.000000e+00   0.000000e+00   0.000000e+00   0.000000e+00
1     1.359992e+02   8.737777e-01   4.862797e-01   0.000000e+00  -3.055500e+00   5.490312e+00   0.000000e+00
0     1.360992e+02   0.000000e+00   0.000000e+00   0.000000e+00   0.000000e+00   0.000000e+00   0.000000e+00
1     1.360992e+02   4.211737e-01   9.069563e-01   0.000000e+00  -5.698771e+00   2.646422e+00   0.000000e+00
0     1.361992e+02   0.000000e+00   0.000000e+00   0.000000e+00   0.000000e+00   0.000000e+00   0.000000e+00
1     1.361992e+02  -1.922487e-01   9.813266e-01   0.000000e+00  -6.166055e+00  -1.207946e+00   0.000000e+00
0     1.362992e+02   0.000000e+00   0.000000e+00   0.000000e+00   0.000000e+00   0.000000e+00   0.000000e+00
1     1.362992e+02  -7.322649e-01   6.809957e-01   0.000000e+00  -4.278952e+00  -4.601056e+00   0.000000e+00
0     1.363991e+02   0.000000e+00   0.000000e+00   0.000000e+00   0.000000e+00   0.000000e+00   0.000000e+00
1     1.363991e+02  -9.926818e-01   1.206411e-01   0.000000e+00  -7.580428e-01  -6.237335e+00   0.000000e+00
0     1.364991e+02   0.000000e+00   0.000000e+00   0.000000e+00   0.000000e+00   0.000000e+00   0.000000e+00
1     1.364991e+02  -8.740671e-01  -4.857775e-01   0.000000e+00   3.052291e+00  -5.492033e+00   0.000000e+00
0     1.365991e+02   0.000000e+00   0.000000e+00   0.000000e+00   0.000000e+00   0.000000e+00   0.000000e+00
1     1.365991e+02  -4.217117e-01  -9.067141e-01   0.000000e+00   5.697182e+00  -2.649734e+00   0.000000e+00
0     1.366991e+02   0.000000e+00   0.000000e+00   0.000000e+00   0.000000e+00   0.000000e+00   0.000000e+00
1     1.366991e+02   1.916640e-01  -9.814437e-01   0.000000e+00   6.166747e+00   1.204318e+00   0.000000e+00
0     1.367991e+02   0.000000e+00   0.000000e+00   0.000000e+00   0.000000e+00   0.000000e+00   0.000000e+00
1     1.367991e+02   7.318567e-01  -6.814302e-01   0.000000e+00   4.281667e+00   4.598554e+00   0.000000e+00
0     1.368990e+02   0.000000e+00   0.000000e+00   0.000000e+00   0.000000e+00   0.000000e+00   0.000000e+00
1     1.368990e+02   9.926032e-01  -1.212255e-01   0.000000e+00   7.616932e-01   6.236936e+00   0.000000e+00
0     1.369990e+02   0.000000e+00   0.000000e+00   0.000000e+00   0.000000e+00   0.000000e+00   0.000000e+00
1     1.369990e+02   8.743403e-01   4.852670e-01   0.000000e+00  -3.049137e+00   5.493849e+00   0.000000e+00
0     1.370990e+02   0.000000e+00   0.000000e+00   0.000000e+00   0.000000e+00   0.000000e+00   0.000000e+00
1     1.370990e+02   4.222240e-01   9.064677e-01   0.000000e+00  -5.695702e+00   2.653022e+00   0.000000e+00
0     1.371990e+02   0.000000e+00   0.000000e+00   0.000000e+00   0.000000e+00   0.000000e+00   0.000000e+00
1     1.371990e+02  -1.911119e-01   9.815485e-01   0.000000e+00  -6.167450e+00  -1.200803e+00   0.000000e+00
0     1.372989e+02   0.000000e+00   0.000000e+00   0.000000e+00   0.000000e+00   0.000000e+00   0.000000e+00
1     1.372989e+02  -7.314755e-01   6.818433e-01   0.000000e+00  -4.284278e+00  -4.596098e+00   0.000000e+00
0     1.373989e+02   0.000000e+00   0.000000e+00   0.000000e+00   0.000000e+00   0.000000e+00   0.000000e+00
1     1.373989e+02  -9.925413e-01   1.217906e-01   0.000000e+00  -7.652656e-01  -6.236453e+00   0.000000e+00
0     1.374989e+02   0.000000e+00   0.000000e+00   0.000000e+00   0.000000e+00   0.000000e+00   0.000000e+00
1     1.374989e+02  -8.746289e-01  -4.847650e-01   0.000000e+00   3.045929e+00  -5.495564e+00   0.000000e+00
0     1.375989e+02   0.000000e+00   0.000000e+00   0.000000e+00   0.000000e+00   0.000000e+00   0.000000e+00
1     1.375989e+02  -4.227611e-01  -9.062251e-01   0.000000e+00   5.694111e+00  -2.656329e+00   0.000000e+00
0     1.376989e+02   0.000000e+00   0.000000e+00   0.000000e+00   0.000000e+00   0.000000e+00   0.000000e+00
1     1.376989e+02   1.905277e-01  -9.816648e-01   0.000000e+00   6.168138e+00   1.197178e+00   0.000000e+00
0     1.377988e+02   0.000000e+00   0.000000e+00   0.000000e+00   0.000000e+00   0.000000e+00   0.000000e+00
1     1.377988e+02   7.310673e-01  -6.822768e-01   0.000000e+00   4.286988e+00   4.593595e+00   0.000000e+00
0     1.378988e+02   0.000000e+00   0.000000e+00   0.000000e+00   0.000000e+00   0.000000e+00   0.000000e+00
1     1.378988e+02   9.924621e-01  -1.223742e-01   0.000000e+00   7.689115e-01   6.236050e+00   0.000000e+00
0     1.379988e+02   0.000000e+00   0.000000e+00   0.000000e+00   0.000000e+00   0.000000e+00   0.000000e+00
1     1.379988e+02   8.749012e-01   4.842547e-01   0.000000e+00  -3.042777e+00   5.497374e+00   0.000000e+00
0     1.380988e+02   0.000000e+00   0.000000e+00   0.000000e+00   0.000000e+00   0.000000e+00   0.000000e+00
1     1.380988e+02   4.232726e-01   9.059784e-01   0.000000e+00  -5.692628e+00   2.659611e+00   0.000000e+00
0     1.381988e+02   0.000000e+00   0.000000e+00   0.000000e+00   0.000000e+00   0.000000e+00   0.000000e+00
1     1.381988e+02  -1.899760e-01   9.817688e-01   0.000000e+00  -6.168836e+00  -1.193666e+00   0.000000e+00
0     1.382987e+02   0.000000e+00   0.000000e+00   0.000000e+00   0.000000e+00   0.000000e+00   0.000000e+00
1     1.382987e+02  -7.306861e-01   6.826890e-01   0.000000e+00  -4.289593e+00  -4.591138e+00   0.000000e+00
0     1.383987e+02   0.000000e+00   0.000000e+00   0.000000e+00   0.000000e+00   0.000000e+00   0.000000e+00
1     1.383987e+02  -9.923996e-01   1.229387e-01   0.000000e+00  -7.724795e-01  -6.235564e+00   0.000000e+00
0     1.384987e+02   0.000000e+00   0.000000e+00   0.000000e+00   0.000000e+00   0.000000e+00   0.000000e+00
1     1.384987e+02  -8.751889e-01  -4.837530e-01   0.000000e+00   3.039571e+00  -5.499084e+00   0.000000e+00
0     1.385987e+02   0.000000e+00   0.000000e+00   0.000000e+00   0.000000e+00   0.000000e+00   0.000000e+00
1     1.385987e+02  -4.238089e-01  -9.057355e-01   0.000000e+00   5.691035e+00  -2.662913e+00   0.000000e+00
0     1.386986e+02   0.000000e+00   0.000000e+00   0.000000e+00   0.000000e+00   0.000000e+00   0.000000e+00
1     1.386986e+02   1.893923e-01  -9.818843e-01   0.000000e+00   6.169518e+00   1.190045e+00   0.000000e+00
0     1.387986e+02   0.000000e+00   0.000000e+00   0.000000e+00   0.000000e+00   0.000000e+00   0.000000e+00
1     1.387986e+02   7.302778e-01  -6.831216e-01   0.000000e+00   4.292297e+00   4.588635e+00   0.000000e+00
0     1.388986e+02   0.000000e+00   0.000000e+00   0.000000e+00   0.000000e+00   0.000000e+00   0.000000e+00
1     1.388986e+02   9.923198e-01  -1.235216e-01   0.000000e+00   7.761211e-01   6.235158e+00   0.000000e+00
0     1.389986e+02   0.000000e+00   0.000000e+00   0.000000e+00   0.000000e+00   0.000000e+00   0.000000e+00
1     1.389986e+02   8.754604e-01   4.832429e-01   0.000000e+00  -3.036420e+00   5.500889e+00   0.000000e+00
0     1.390986e+02   0.000000e+00   0.000000e+00   0.000000e+00   0.000000e+00   0.000000e+00   0.000000e+00
1     1.390986e+02   4.243195e-01   9.054884e-01   0.000000e+00  -5.689551e+00   2.666190e+00   0.000000e+00
0     1.391985e+02   0.000000e+00   0.000000e+00   0.000000e+00   0.000000e+00   0.000000e+00   0.000000e+00
1     1.391985e+02  -1.888411e-01   9.819876e-01   0.000000e+00  -6.170212e+00  -1.186536e+00   0.000000e+00
0     1.392985e+02   0.000000e+00   0.000000e+00   0.000000e+00   0.000000e+00   0.000000e+00   0.000000e+00
1     1.392985e+02  -7.298966e-01   6.835329e-01   0.000000e+00  -4.294896e+00  -4.586178e+00   0.000000e+00
0     1.393985e+02   0.000000e+00   0.000000e+00   0.000000e+00   0.000000e+00   0.000000e+00   0.000000e+00
1     1.393985e+02  -9.922567e-01   1.240854e-01   0.000000e+00  -7.796845e-01  -6.234668e+00   0.000000e+00
0     1.394985e+02   0.000000e+00   0.000000e+00   0.000000e+00   0.000000e+00   0.000000e+00   0.000000e+00
1     1.394985e+02  -8.757471e-01  -4.827414e-01   0.000000e+00   3.033215e+00  -5.502593e+00   0.000000e+00
0     1.395985e+02   0.000000e+00   0.000000e+00   0.000000e+00   0.000000e+00   0.000000e+00   0.000000e+00
1     1.395985e+02  -4.248549e-01  -9.052452e-01   0.000000e+00   5.687955e+00  -2.669486e+00   0.000000e+00
0     1.396984e+02   0.000000e+00   0.000000e+00   0.000000e+00   0.000000e+00   0.000000e+00   0.000000e+00
1     1.396984e+02   1.882580e-01  -9.821023e-01   0.000000e+00   6.170889e+00   1.182917e+00   0.000000e+00
0     1.397984e+02   0.000000e+00   0.000000e+00   0.000000e+00   0.000000e+00   0.000000e+00   0.000000e+00
1     1.397984e+02   7.294882e-01  -6.839645e-01   0.000000e+00   4.297594e+00   4.583674e+00   0.000000e+00
0     1.398984e+02   0.000000e+00   0.000000e+00   0.000000e+00   0.000000e+00   0.000000e+00   0.000000e+00
1     1.398984e+02   9.921764e-01  -1.246676e-01   0.000000e+00   7.833217e-01   6.234258e+00   0.000000e+00
0     1.399984e+02   0.000000e+00   0.000000e+00   0.000000e+00   0.000000e+00   0.000000e+00   0.000000e+00
1     1.399984e+02   8.760177e-01   4.822315e-01   0.000000e+00  -3.030066e+00   5.504392e+00   0.000000e+00
0     1.400983e+02   0.000000e+00   0.000000e+00   0.000000e+00   0.000000e+00   0.000000e+00   0.000000e+00
1     1.400983e+02   4.253647e-01   9.049977e-01   0.000000e+00  -5.686469e+00   2.672758e+00   0.000000e+00
0     1.401983e+02   0.000000e+00   0.000000e+00   0.000000e+00   0.000000e+00   0.000000e+00   0.000000e+00
1     1.401983e+02  -1.877072e-01   9.822049e-01   0.000000e+00  -6.171578e+00  -1.179411e+00   0.000000e+00
0     1.402983e+02   0.000000e+00   0.000000e+00   0.000000e+00   0.000000e+00   0.000000e+00   0.000000e+00
1     1.402983e+02  -7.291069e-01   6.843749e-01   0.000000e+00  -4.300188e+00  -4.581217e+00   0.000000e+00
0     1.403983e+02   0.000000e+00   0.000000e+00   0.000000e+00   0.000000e+00   0.000000e+00   0.000000e+00
1     1.403983e+02  -9.921127e-01   1.252306e-01   0.000000e+00  -7.868807e-01  -6.233764e+00   0.000000e+00
0     1.404983e+02   0.000000e+00   0.000000e+00   0.000000e+00   0.000000e+00   0.000000e+00   0.000000e+00
1     1.404983e+02  -8.763036e-01  -4.817302e-01   0.000000e+00   3.026862e+00  -5.506090e+00   0.000000e+00
0     1.406000e+02   0.000000e+00   0.000000e+00   0.000000e+00   0.000000e+00   0.000000e+00   0.000000e+00
1     1.406000e+02  -4.159023e-01  -9.093929e-01   0.000000e+00   5.714018e+00  -2.613234e+00   0.000000e+00
0     1.407000e+02   0.000000e+00   0.000000e+00   0.000000e+00   0.000000e+00   0.000000e+00   0.000000e+00
1     1.407000e+02   1.979391e-01  -9.801968e-01   0.000000e+00   6.158918e+00   1.243748e+00   0.000000e+00
0     1.408000e+02   0.000000e+00   0.000000e+00   0.000000e+00   0.000000e+00   0.000000e+00   0.000000e+00
1     1.408000e+02   7.362013e-01  -6.767331e-01   0.000000e+00   4.252157e+00   4.625857e+00   0.000000e+00
0     1.408999e+02   0.000000e+00   0.000000e+00   0.000000e+00   0.000000e+00   0.000000e+00   0.000000e+00
1     1.408999e+02   9.933581e-01  -1.148713e-01   0.000000e+00   7.217683e-01   6.241684e+00   0.000000e+00
0     1.409999e+02   0.000000e+00   0.000000e+00   0.000000e+00   0.000000e+00   0.000000e+00   0.000000e+00
1     1.409999e+02   8.712165e-01   4.908521e-01   0.000000e+00  -3.084233e+00   5.474225e+00   0.000000e+00
0     1.410999e+02   0.000000e+00   0.000000e+00   0.000000e+00   0.000000e+00   0.000000e+00   0.000000e+00
1     1.410999e+02   4.164138e-01   9.091509e-01   0.000000e+00  -5.712566e+00   2.616516e+00   0.000000e+00
0     1.411999e+02   0.000000e+00   0.000000e+00   0.000000e+00   0.000000e+00   0.000000e+00   0.000000e+00
1     1.411999e+02  -1.973902e-01   9.803047e-01   0.000000e+00  -6.159640e+00  -1.240253e+00   0.000000e+00
0     1.412998e+02   0.000000e+00   0.000000e+00   0.000000e+00   0.000000e+00   0.000000e+00   0.000000e+00
1     1.412998e+02  -7.358246e-01   6.771469e-01   0.000000e+00  -4.254772e+00  -4.623428e+00   0.000000e+00
0     1.413998e+02   0.000000e+00   0.000000e+00   0.000000e+00   0.000000e+00   0.000000e+00   0.000000e+00
1     1.413998e+02  -9.933000e-01   1.154345e-01   0.000000e+00  -7.253283e-01  -6.241226e+00   0.000000e+00
0     1.414998e+02   0.000000e+00   0.000000e+00   0.000000e+00   0.000000e+00   0.000000e+00   0.000000e+00
1     1.414998e+02  -8.715071e-01  -4.903540e-01   0.000000e+00   3.081049e+00  -5.475954e+00   0.000000e+00
0     1.415998e+02   0.000000e+00   0.000000e+00   0.000000e+00   0.000000e+00   0.000000e+00   0.000000e+00
1     1.415998e+02  -4.169503e-01  -9.089127e-01   0.000000e+00   5.711003e+00  -2.619819e+00   0.000000e+00
0     1.416998e+02   0.000000e+00   0.000000e+00   0.000000e+00   0.000000e+00   0.000000e+00   0.000000e+00
1     1.416998e+02   1.968091e-01  -9.804242e-01   0.000000e+00   6.160348e+00   1.236648e+00   0.000000e+00
0     1.417997e+02   0.000000e+00   0.000000e+00   0.000000e+00   0.000000e+00   0.000000e+00   0.000000e+00
1     1.417997e+02   7.354208e-01  -6.775811e-01   0.000000e+00   4.257486e+00   4.620953e+00   0.000000e+00
0     1.418997e+02   0.000000e+00   0.000000e+00   0.000000e+00   0.000000e+00   0.000000e+00   0.000000e+00
1     1.418997e+02   9.932249e-01  -1.160160e-01   0.000000e+00   7.289609e-01   6.240848e+00   0.000000e+00
0     1.419997e+02   0.000000e+00   0.000000e+00   0.000000e+00   0.000000e+00   0.000000e+00   0.000000e+00
1     1.419997e+02   8.717815e-01   4.898478e-01   0.000000e+00  -3.077923e+00   5.477776e+00   0.000000e+00
0     1.420997e+02   0.000000e+00   0.000000e+00   0.000000e+00   0.000000e+00   0.000000e+00   0.000000e+00
1     1.420997e+02   4.174610e-01   9.086704e-01   0.000000e+00  -5.709548e+00   2.623096e+00   0.000000e+00
0     1.421997e+02   0.000000e+00   0.000000e+00   0.000000e+00   0.000000e+00   0.000000e+00   0.000000e+00
1     1.421997e+02  -1.962607e-01   9.805313e-01   0.000000e+00  -6.161065e+00  -1.233156e+00   0.000000e+00
0     1.422996e+02   0.000000e+00   0.000000e+00   0.000000e+00   0.000000e+00   0.000000e+00   0.000000e+00
1     1.422996e+02  -7.350440e-01   6.779939e-01   0.000000e+00  -4.260096e+00  -4.618524e+00   0.000000e+00
0     1.423996e+02   0.000000e+00   0.000000e+00   0.000000e+00   0.000000e+00   0.000000e+00   0.000000e+00
1     1.423996e+02  -9.931663e-01   1.165785e-01   0.000000e+00  -7.325166e-01  -6.240386e+00   0.000000e+00
0     1.424996e+02   0.000000e+00   0.000000e+00   0.000000e+00   0.000000e+00   0.000000e+00   0.000000e+00
1     1.424996e+02  -8.720711e-01  -4.893500e-01   0.000000e+00   3.074741e+00  -5.479499e+00   0.000000e+00
0     1.425996e+02   0.000000e+00   0.000000e+00   0.000000e+00   0.000000e+00   0.000000e+00   0.000000e+00
1     1.425996e+02  -4.179966e-01  -9.084319e-01   0.000000e+00   5.707982e+00  -2.626394e+00   0.000000e+00
0     1.426995e+02   0.000000e+00   0.000000e+00   0.000000e+00   0.000000e+00   0.000000e+00   0.000000e+00
1     1.426995e+02   1.956801e-01  -9.806500e-01   0.000000e+00   6.161768e+00   1.229554e+00   0.000000e+00
0     1.427995e+02   0.000000e+00   0.000000e+00   0.000000e+00   0.000000e+00   0.000000e+00   0.000000e+00
1     1.427995e+02   7.346401e-01  -6.784272e-01   0.000000e+00   4.262804e+00   4.616049e+00   0.000000e+00
0     1.428995e+02   0.000000e+00   0.000000e+00   0.000000e+00   0.000000e+00   0.000000e+00   0.000000e+00
1     1.428995e+02   9.930906e-01  -1.171593e-01   0.000000e+00   7.361446e-01   6.240005e+00   0.000000e+00
0     1.429995e+02   0.000000e+00   0.000000e+00   0.000000e+00   0.000000e+00   0.000000e+00   0.000000e+00
1     1.429995e+02   8.723446e-01   4.888439e-01   0.000000e+00  -3.071616e+00   5.481315e+00   0.000000e+00
0     1.430995e+02   0.000000e+00   0.000000e+00   0.000000e+00   0.000000e+00   0.000000e+00   0.000000e+00
1     1.430995e+02   4.185065e-01   9.081892e-01   0.000000e+00  -5.706525e+00   2.629666e+00   0.000000e+00
0     1.431994e+02   0.000000e+00   0.000000e+00   0.000000e+00   0.000000e+00   0.000000e+00   0.000000e+00
1     1.431994e+02  -1.951321e-01   9.807564e-01   0.000000e+00  -6.162480e+00  -1.226065e+00   0.000000e+00
0     1.432994e+02   0.000000e+00   0.000000e+00   0.000000e+00   0.000000e+00   0.000000e+00   0.000000e+00
1     1.432994e+02  -7.342632e-01   6.788392e-01   0.000000e+00  -4.265407e+00  -4.613619e+00   0.000000e+00
0     1.433994e+02   0.000000e+00   0.000000e+00   0.000000e+00   0.000000e+00   0.000000e+00   0.000000e+00
1     1.433994e+02  -9.930314e-01   1.177210e-01   0.000000e+00  -7.396958e-01  -6.239540e+00   0.000000e+00
0     1.434994e+02   0.000000e+00   0.000000e+00   0.000000e+00   0.000000e+00   0.000000e+00   0.000000e+00
1     1.434994e+02  -8.726334e-01  -4.883463e-01   0.000000e+00   3.068436e+00  -5.483033e+00   0.000000e+00
0     1.435994e+02   0.000000e+00   0.000000e+00   0.000000e+00   0.000000e+00   0.000000e+00   0.000000e+00
1     1.435994e+02  -4.190412e-01  -9.079504e-01   0.000000e+00   5.704958e+00  -2.632958e+00   0.000000e+00
0     1.436993e+02   0.000000e+00   0.000000e+00   0.000000e+00   0.000000e+00   0.000000e+00   0.000000e+00
1     1.436993e+02   1.945521e-01  -9.808743e-01   0.000000e+00   6.163178e+00   1.222466e+00   0.000000e+00
0     1.437993e+02   0.000000e+00   0.000000e+00   0.000000e+00   0.000000e+00   0.000000e+00   0.000000e+00
1     1.437993e+02   7.338593e-01  -6.792716e-01   0.000000e+00   4.268110e+00   4.611144e+00   0.000000e+00
0     1.438993e+02   0.000000e+00   0.000000e+00   0.000000e+00   0.000000e+00   0.000000e+00   0.000000e+00
1     1.438993e+02   9.929551e-01  -1.183012e-01   0.000000e+00   7.433198e-01   6.239155e+00   0.000000e+00
0     1.439993e+02   0.000000e+00   0.000000e+00   0.000000e+00   0.000000e+00   0.000000e+00   0.000000e+00
1     1.439993e+02   8.729060e-01   4.878405e-01   0.000000e+00  -3.065312e+00   5.484844e+00   0.000000e+00
0     1.440993e+02   0.000000e+00   0.000000e+00   0.000000e+00   0.000000e+00   0.000000e+00   0.000000e+00
1     1.440993e+02   4.195502e-01   9.077073e-01   0.000000e+00  -5.703499e+00   2.636225e+00   0.000000e+00
0     1.441992e+02   0.000000e+00   0.000000e+00   0.000000e+00   0.000000e+00   0.000000e+00   0.000000e+00
1     1.441992e+02  -1.940045e-01   9.809799e-01   0.000000e+00  -6.163886e+00  -1.218980e+00   0.000000e+00
0     1.442992e+02   0.000000e+00   0.000000e+00   0.000000e+00   0.000000e+00   0.000000e+00   0.000000e+00
1     1.442992e+02  -7.334824e-01   6.796826e-01   0.000000e+00  -4.270708e+00  -4.608714e+00   0.000000e+00
0     1.443992e+02   0.000000e+00   0.000000e+00   0.000000e+00   0.000000e+00   0.000000e+00   0.000000e+00
1     1.443992e+02  -9.928953e-01   1.188622e-01   0.000000e+00  -7.468663e-01  -6.238686e+00   0.000000e+00
0     1.444992e+02   0.000000e+00   0.000000e+00   0.000000e+00   0.000000e+00   0.000000e+00   0.000000e+00
1     1.444992e+02  -8.731938e-01  -4.873432e-01   0.000000e+00   3.062133e+00  -5.486555e+00   0.000000e+00
0     1.445991e+02   0.000000e+00   0.000000e+00   0.000000e+00   0.000000e+00   0.000000e+00   0.000000e+00
1     1.445991e+02  -4.200841e-01  -9.074682e-01   0.000000e+00   5.701929e+00  -2.639512e+00   0.000000e+00
0     1.446991e+02   0.000000e+00   0.000000e+00   0.000000e+00   0.000000e+00   0.000000e+00   0.000000e+00
1     1.446991e+02   1.934250e-01  -9.810970e-01   0.000000e+00   6.164579e+00   1.215385e+00   0.000000e+00
0     1.447991e+02   0.000000e+00   0.000000e+00   0.000000e+00   0.000000e+00   0.000000e+00   0.000000e+00
1     1.447991e+02   7.330784e-01  -6.801141e-01   0.000000e+00   4.273405e+00   4.606238e+00   0.000000e+00
0     1.448991e+02   0.000000e+00   0.000000e+00   0.000000e+00   0.000000e+00   0.000000e+00   0.000000e+00
1     1.448991e+02   9.928184e-01  -1.194417e-01   0.000000e+00   7.504859e-01   6.238298e+00   0.000000e+00
0     1.449991e+02   0.000000e+00   0.000000e+00   0.000000e+00   0.000000e+00   0.000000e+00   0.000000e+00
1     1.449991e+02   8.734656e-01   4.868376e-01   0.000000e+00  -3.059010e+00   5.488361e+00   0.000000e+00
0     1.450990e+02   0.000000e+00   0.000000e+00   0.000000e+00   0.000000e+00   0.000000e+00   0.000000e+00
1     1.450990e+02   4.205923e-01   9.072248e-01   0.000000e+00  -5.700468e+00   2.642773e+00   0.000000e+00
0     1.451990e+02   0.000000e+00   0.000000e+00   0.000000e+00   0.000000e+00   0.000000e+00   0.000000e+00
1     1.451990e+02  -1.928779e-01   9.812019e-01   0.000000e+00  -6.165282e+00  -1.211902e+00   0.000000e+00
0     1.452990e+02   0.000000e+00   0.000000e+00   0.000000e+00   0.000000e+00   0.000000e+00   0.000000e+00
1     1.452990e+02  -7.327014e-01   6.805242e-01   0.000000e+00  -4.275997e+00  -4.603808e+00   0.000000e+00
0     1.453990e+02   0.000000e+00   0.000000e+00   0.000000e+00   0.000000e+00   0.000000e+00   0.000000e+00
1     1.453990e+02  -9.927580e-01   1.200020e-01   0.000000e+00  -7.540282e-01  -6.237825e+00   0.000000e+00
0     1.454990e+02   0.000000e+00   0.000000e+00   0.000000e+00   0.000000e+00   0.000000e+00   0.000000e+00
1     1.454990e+02  -8.737526e-01  -4.863404e-01   0.000000e+00   3.055833e+00  -5.490067e+00   0.000000e+00
0     1.455989e+02   0.000000e+00   0.000000e+00   0.000000e+00   0.000000e+00   0.000000e+00   0.000000e+00
1     1.455989e+02  -4.211254e-01  -9.069853e-01   0.000000e+00   5.698896e+00  -2.646055e+00   0.000000e+00
0     1.456989e+02   0.000000e+00   0.000000e+00   0.000000e+00   0.000000e+00   0.000000e+00   0.000000e+00
1     1.456989e+02   1.922989e-01  -9.813183e-01   0.000000e+00   6.165970e+00   1.208309e+00   0.000000e+00
0     1.457989e+02   0.000000e+00   0.000000e+00   0.000000e+00   0.000000e+00   0.000000e+00   0.000000e+00
1     1.457989e+02   7.322974e-01  -6.809548e-01   0.000000e+00   4.278688e+00   4.601331e+00   0.000000e+00
0     1.458989e+02   0.000000e+00   0.000000e+00   0.000000e+00   0.000000e+00   0.000000e+00   0.000000e+00
1     1.458989e+02   9.926806e-01  -1.205807e-01   0.000000e+00   7.576434e-01   6.237433e+00   0.000000e+00
0     1.459988e+02   0.000000e+00   0.000000e+00   0.000000e+00   0.000000e+00   0.000000e+00   0.000000e+00
1     1.459988e+02   8.740234e-01   4.858351e-01   0.000000e+00  -3.052712e+00   5.491867e+00   0.000000e+00
0     1.460988e+02   0.000000e+00   0.000000e+00   0.000000e+00   0.000000e+00   0.000000e+00   0.000000e+00
1     1.460988e+02   4.216327e-01   9.067416e-01   0.000000e+00  -5.697433e+00   2.649311e+00   0.000000e+00
0     1.461988e+02   0.000000e+00   0.000000e+00   0.000000e+00   0.000000e+00   0.000000e+00   0.000000e+00
1     1.461988e+02  -1.917523e-01   9.814224e-01   0.000000e+00  -6.166669e+00  -1.204829e+00   0.000000e+00
0     1.462988e+02   0.000000e+00   0.000000e+00   0.000000e+00   0.000000e+00   0.000000e+00   0.000000e+00
1     1.462988e+02  -7.319204e-01   6.813640e-01   0.000000e+00  -4.281274e+00  -4.598901e+00   0.000000e+00
0     1.463988e+02   0.000000e+00   0.000000e+00   0.000000e+00   0.000000e+00   0.000000e+00   0.000000e+00
1     1.463988e+02  -9.926196e-01   1.211404e-01   0.000000e+00  -7.611811e-01  -6.236957e+00   0.000000e+00
0     1.464987e+02   0.000000e+00   0.000000e+00   0.000000e+00   0.000000e+00   0.000000e+00   0.000000e+00
1     1.464987e+02  -8.743096e-01  -4.853382e-01   0.000000e+00   3.049536e+00  -5.493568e+00   0.000000e+00
0     1.465987e+02   0.000000e+00   0.000000e+00   0.000000e+00   0.000000e+00   0.000000e+00   0.000000e+00
1     1.465987e+02  -4.221649e-01  -9.065017e-01   0.000000e+00   5.695859e+00  -2.652587e+00   0.000000e+00
0     1.466987e+02   0.000000e+00   0.000000e+00   0.000000e+00   0.000000e+00   0.000000e+00   0.000000e+00
1     1.466987e+02   1.911737e-01  -9.815379e-01   0.000000e+00   6.167352e+00   1.201240e+00   0.000000e+00
0     1.467987e+02   0.000000e+00   0.000000e+00   0.000000e+00   0.000000e+00   0.000000e+00   0.000000e+00
1     1.467987e+02   7.315162e-01  -6.817937e-01   0.000000e+00   4.283960e+00   4.596424e+00   0.000000e+00
0     1.468987e+02   0.000000e+00   0.000000e+00   0.000000e+00   0.000000e+00   0.000000e+00   0.000000e+00
1     1.468987e+02   9.925416e-01  -1.217184e-01   0.000000e+00   7.647922e-01   6.236561e+00   0.000000e+00
0     1.469986e+02   0.000000e+00   0.000000e+00   0.000000e+00   0.000000e+00   0.000000e+00   0.000000e+00
1     1.469986e+02   8.745796e-01   4.848330e-01   0.000000e+00  -3.046416e+00   5.495363e+00   0.000000e+00
0     1.470986e+02   0.000000e+00   0.000000e+00   0.000000e+00   0.000000e+00   0.000000e+00   0.000000e+00
1     1.470986e+02   4.226715e-01   9.062577e-01   0.000000e+00  -5.694394e+00   2.655839e+00   0.000000e+00
0     1.471986e+02   0.000000e+00   0.000000e+00   0.000000e+00   0.000000e+00   0.000000e+00   0.000000e+00
1     1.471986e+02  -1.906276e-01   9.816413e-01   0.000000e+00  -6.168045e+00  -1.197763e+00   0.000000e+00
0     1.472986e+02   0.000000e+00   0.000000e+00   0.000000e+00   0.000000e+00   0.000000e+00   0.000000e+00
1     1.472986e+02  -7.311392e-01   6.822020e-01   0.000000e+00  -4.286541e+00  -4.593993e+00   0.000000e+00
0     1.473985e+02   0.000000e+00   0.000000e+00   0.000000e+00   0.000000e+00   0.000000e+00   0.000000e+00
1     1.473985e+02  -9.924801e-01   1.222773e-01   0.000000e+00  -7.683253e-01  -6.236081e+00   0.000000e+00
0     1.474985e+02   0.000000e+00   0.000000e+00   0.000000e+00   0.000000e+00   0.000000e+00   0.000000e+00
1     1.474985e+02  -8.748648e-01  -4.843364e-01   0.000000e+00   3.043242e+00  -5.497058e+00   0.000000e+00
0     1.475985e+02   0.000000e+00   0.000000e+00   0.000000e+00   0.000000e+00   0.000000e+00   0.000000e+00
1     1.475985e+02  -4.232028e-01  -9.060175e-01   0.000000e+00   5.692818e+00  -2.659109e+00   0.000000e+00
0     1.476985e+02   0.000000e+00   0.000000e+00   0.000000e+00   0.000000e+00   0.000000e+00   0.000000e+00
1     1.476985e+02   1.900496e-01  -9.817561e-01   0.000000e+00   6.168724e+00   1.194176e+00   0.000000e+00
0     1.477985e+02   0.000000e+00   0.000000e+00   0.000000e+00   0.000000e+00   0.000000e+00   0.000000e+00
1     1.477985e+02   7.307350e-01  -6.826308e-01   0.000000e+00   4.289220e+00   4.591516e+00   0.000000e+00
0     1.478984e+02   0.000000e+00   0.000000e+00   0.000000e+00   0.000000e+00   0.000000e+00   0.000000e+00
1     1.478984e+02   9.924014e-01  -1.228547e-01   0.000000e+00   7.719320e-01   6.235681e+00   0.000000e+00
0     1.479984e+02   0.000000e+00   0.000000e+00   0.000000e+00   0.000000e+00   0.000000e+00   0.000000e+00
1     1.479984e+02   8.751339e-01   4.838314e-01   0.000000e+00  -3.040123e+00   5.498847e+00   0.000000e+00
0     1.480984e+02   0.000000e+00   0.000000e+00   0.000000e+00   0.000000e+00   0.000000e+00   0.000000e+00
1     1.480984e+02   4.237085e-01   9.057731e-01   0.000000e+00  -5.691350e+00   2.662355e+00   0.000000e+00
0     1.481984e+02   0.000000e+00   0.000000e+00   0.000000e+00   0.000000e+00   0.000000e+00   0.000000e+00
1     1.481984e+02  -1.895040e-01   9.818587e-01   0.000000e+00  -6.169413e+00  -1.190703e+00   0.000000e+00
0     1.482984e+02   0.000000e+00   0.000000e+00   0.000000e+00   0.000000e+00   0.000000e+00   0.000000e+00
1     1.482984e+02  -7.303579e-01   6.830382e-01   0.000000e+00  -4.291796e+00  -4.589085e+00   0.000000e+00
0     1.483983e+02   0.000000e+00   0.000000e+00   0.000000e+00   0.000000e+00   0.000000e+00   0.000000e+00
1     1.483983e+02  -9.923394e-01   1.234129e-01   0.000000e+00  -7.754608e-01  -6.235198e+00   0.000000e+00
0     1.484983e+02   0.000000e+00   0.000000e+00   0.000000e+00   0.000000e+00   0.000000e+00   0.000000e+00
1     1.484983e+02  -8.754182e-01  -4.833350e-01   0.000000e+00   3.036951e+00  -5.500536e+00   0.000000e+00
0     1.485983e+02   0.000000e+00   0.000000e+00   0.000000e+00   0.000000e+00   0.000000e+00   0.000000e+00
1     1.485983e+02  -4.242390e-01  -9.055326e-01   0.000000e+00   5.689772e+00  -2.665620e+00   0.000000e+00
0     1.486983e+02   0.000000e+00   0.000000e+00   0.000000e+00   0.000000e+00   0.000000e+00   0.000000e+00
1     1.486983e+02   1.889263e-01  -9.819727e-01   0.000000e+00   6.170086e+00   1.187119e+00   0.000000e+00
0     1.487982e+02   0.000000e+00   0.000000e+00   0.000000e+00   0.000000e+00   0.000000e+00   0.000000e+00
1     1.487982e+02   7.299536e-01  -6.834661e-01   0.000000e+00   4.294470e+00   4.586607e+00   0.000000e+00
0     1.489000e+02   0.000000e+00   0.000000e+00   0.000000e+00   0.000000e+00   0.000000e+00   0.000000e+00
1     1.489000e+02   9.935663e-01  -1.130464e-01   0.000000e+00   7.103025e-01   6.243002e+00   0.000000e+00
0     1.490000e+02   0.000000e+00   0.000000e+00   0.000000e+00   0.000000e+00   0.000000e+00   0.000000e+00
1     1.490000e+02   8.703120e-01   4.924519e-01   0.000000e+00  -3.094290e+00   5.468550e+00   0.000000e+00
0     1.490999e+02   0.000000e+00   0.000000e+00   0.000000e+00   0.000000e+00   0.000000e+00   0.000000e+00
1     1.490999e+02   4.147409e-01   9.099141e-01   0.000000e+00  -5.717370e+00   2.606008e+00   0.000000e+00
0     1.491999e+02   0.000000e+00   0.000000e+00   0.000000e+00   0.000000e+00   0.000000e+00   0.000000e+00
1     1.491999e+02  -1.991932e-01   9.799389e-01   0.000000e+00  -6.157350e+00  -1.251584e+00   0.000000e+00
0     1.492999e+02   0.000000e+00   0.000000e+00   0.000000e+00   0.000000e+00   0.000000e+00   0.000000e+00
1     1.492999e+02  -7.370691e-01   6.757905e-01   0.000000e+00  -4.246256e+00  -4.631255e+00   0.000000e+00
0     1.493999e+02   0.000000e+00   0.000000e+00   0.000000e+00   0.000000e+00   0.000000e+00   0.000000e+00
1     1.493999e+02  -9.935099e-01   1.136047e-01   0.000000e+00  -7.138322e-01  -6.242554e+00   0.000000e+00
0     1.494999e+02   0.000000e+00   0.000000e+00   0.000000e+00   0.000000e+00   0.000000e+00   0.000000e+00
1     1.494999e+02  -8.706010e-01  -4.919587e-01   0.000000e+00   3.091137e+00  -5.470269e+00   0.000000e+00
0     1.495998e+02   0.000000e+00   0.000000e+00   0.000000e+00   0.000000e+00   0.000000e+00   0.000000e+00
1     1.495998e+02  -4.152732e-01  -9.096790e-01   0.000000e+00   5.715826e+00  -2.609286e+00   0.000000e+00
0     1.496998e+02   0.000000e+00   0.000000e+00   0.000000e+00   0.000000e+00   0.000000e+00   0.000000e+00
1     1.496998e+02   1.986173e-01  -9.800584e-01   0.000000e+00   6.158059e+00   1.248011e+00   0.000000e+00
0     1.497998e+02   0.000000e+00   0.000000e+00   0.000000e+00   0.000000e+00   0.000000e+00   0.000000e+00
1     1.497998e+02   7.366694e-01  -6.762218e-01   0.000000e+00   4.248952e+00   4.628806e+00   0.000000e+00
0     1.498998e+02   0.000000e+00   0.000000e+00   0.000000e+00   0.000000e+00   0.000000e+00   0.000000e+00
1     1.498998e+02   9.934364e-01  -1.141814e-01   0.000000e+00   7.174342e-01   6.242187e+00   0.000000e+00
0     1.499997e+02   0.000000e+00   0.000000e+00   0.000000e+00   0.000000e+00   0.000000e+00   0.000000e+00
1     1.499997e+02   8.708739e-01   4.914574e-01   0.000000e+00  -3.088041e+00   5.472082e+00   0.000000e+00
0     1.500997e+02   0.000000e+00   0.000000e+00   0.000000e+00   0.000000e+00   0.000000e+00   0.000000e+00
1     1.500997e+02   4.157798e-01   9.094397e-01   0.000000e+00  -5.714391e+00   2.612537e+00   0.000000e+00
0     1.501997e+02   0.000000e+00   0.000000e+00   0.000000e+00   0.000000e+00   0.000000e+00   0.000000e+00
1     1.501997e+02  -1.980739e-01   9.801656e-01   0.000000e+00  -6.158776e+00  -1.244552e+00   0.000000e+00
0     1.502997e+02   0.000000e+00   0.000000e+00   0.000000e+00   0.000000e+00   0.000000e+00   0.000000e+00
1     1.502997e+02  -7.362968e-01   6.766316e-01   0.000000e+00  -4.251542e+00  -4.626403e+00   0.000000e+00
0     1.503997e+02   0.000000e+00   0.000000e+00   0.000000e+00   0.000000e+00   0.000000e+00   0.000000e+00
1     1.503997e+02  -9.933794e-01   1.147390e-01   0.000000e+00  -7.209596e-01  -6.241735e+00   0.000000e+00
0     1.504996e+02   0.000000e+00   0.000000e+00   0.000000e+00   0.000000e+00   0.000000e+00   0.000000e+00
1     1.504996e+02  -8.711620e-01  -4.909644e-01   0.000000e+00   3.084890e+00  -5.473795e+00   0.000000e+00
0     1.505996e+02   0.000000e+00   0.000000e+00   0.000000e+00   0.000000e+00   0.000000e+00   0.000000e+00
1     1.505996e+02  -4.163113e-01  -9.092042e-01   0.000000e+00   5.712844e+00  -2.615809e+00   0.000000e+00
0     1.506996e+02   0.000000e+00   0.000000e+00   0.000000e+00   0.000000e+00   0.000000e+00   0.000000e+00
1     1.506996e+02   1.974985e-01  -9.802843e-01   0.000000e+00   6.159480e+00   1.240982e+00   0.000000e+00
0     1.507996e+02   0.000000e+00   0.000000e+00   0.000000e+00   0.000000e+00   0.000000e+00   0.000000e+00
1     1.507996e+02   7.358971e-01  -6.770620e-01   0.000000e+00   4.254232e+00   4.623955e+00   0.000000e+00
0     1.508996e+02   0.000000e+00   0.000000e+00   0.000000e+00   0.000000e+00   0.000000e+00   0.000000e+00
1     1.508996e+02   9.933053e-01  -1.153149e-01   0.000000e+00   7.245569e-01   6.241365e+00   0.000000e+00
0     1.509995e+02   0.000000e+00   0.000000e+00   0.000000e+00   0.000000e+00   0.000000e+00   0.000000e+00
1     1.509995e+02   8.714340e-01   4.904633e-01   0.000000e+00  -3.081796e+00   5.475602e+00   0.000000e+00
0     1.510995e+02   0.000000e+00   0.000000e+00   0.000000e+00   0.000000e+00   0.000000e+00   0.000000e+00
1     1.510995e+02   4.168171e-01   9.089646e-01   0.000000e+00  -5.711407e+00   2.619055e+00   0.000000e+00
0     1.511995e+02   0.000000e+00   0.000000e+00   0.000000e+00   0.000000e+00   0.000000e+00   0.000000e+00
1     1.511995e+02  -1.969556e-01   9.803908e-01   0.000000e+00  -6.160192e+00  -1.237525e+00   0.000000e+00
0     1.512995e+02   0.000000e+00   0.000000e+00   0.000000e+00   0.000000e+00   0.000000e+00   0.000000e+00
1     1.512995e+02  -7.355244e-01   6.774709e-01   0.000000e+00  -4.256817e+00  -4.621551e+00   0.000000e+00
0     1.513995e+02   0.000000e+00   0.000000e+00   0.000000e+00   0.000000e+00   0.000000e+00   0.000000e+00
1     1.513995e+02  -9.932478e-01   1.158718e-01   0.000000e+00  -7.280779e-01  -6.240910e+00   0.000000e+00
0     1.514994e+02   0.000000e+00   0.000000e+00   0.000000e+00   0.000000e+00   0.000000e+00   0.000000e+00
1     1.514994e+02  -8.717212e-01  -4.899705e-01   0.000000e+00   3.078646e+00  -5.477310e+00   0.000000e+00
0     1.515994e+02   0.000000e+00   0.000000e+00   0.000000e+00   0.000000e+00   0.000000e+00   0.000000e+00
1     1.515994e+02  -4.173477e-01  -9.087288e-01   0.000000e+00   5.709858e+00  -2.622322e+00   0.000000e+00
0     1.516994e+02   0.000000e+00   0.000000e+00   0.000000e+00   0.000000e+00   0.000000e+00   0.000000e+00
1     1.516994e+02   1.963807e-01  -9.805087e-01   0.000000e+00   6.160891e+00   1.233958e+00   0.000000e+00
0     1.517994e+02   0.000000e+00   0.000000e+00   0.000000e+00   0.000000e+00   0.000000e+00   0.000000e+00
1     1.517994e+02   7.351247e-01  -6.779004e-01   0.000000e+00   4.259501e+00   4.619102e+00   0.000000e+00
0     1.518993e+02   0.000000e+00   0.000000e+00   0.000000e+00   0.000000e+00   0.000000e+00   0.000000e+00
1     1.518993e+02   9.931731e-01  -1.164471e-01   0.000000e+00   7.316713e-01   6.240535e+00   0.000000e+00
0     1.519993e+02   0.000000e+00   0.000000e+00   0.000000e+00   0.000000e+00   0.000000e+00   0.000000e+00
1     1.519993e+02   8.719923e-01   4.894696e-01   0.000000e+00  -3.075553e+00   5.479112e+00   0.000000e+00
0     1.520993e+02   0.000000e+00   0.000000e+00   0.000000e+00   0.000000e+00   0.000000e+00   0.000000e+00
1     1.520993e+02   4.178527e-01   9.084888e-01   0.000000e+00  -5.708418e+00   2.625563e+00   0.000000e+00
0     1.521993e+02   0.000000e+00   0.000000e+00   0.000000e+00   0.000000e+00   0.000000e+00   0.000000e+00
1     1.521993e+02  -1.958383e-01   9.806144e-01   0.000000e+00  -6.161599e+00  -1.230505e+00   0.000000e+00
0     1.522993e+02   0.000000e+00   0.000000e+00   0.000000e+00   0.000000e+00   0.000000e+00   0.000000e+00
1     1.522993e+02  -7.347519e-01   6.783085e-01   0.000000e+00  -4.262080e+00  -4.616698e+00   0.000000e+00
0     1.523992e+02   0.000000e+00   0.000000e+00   0.000000e+00   0.000000e+00   0.000000e+00   0.000000e+00
1     1.523992e+02  -9.931150e-01   1.170033e-01   0.000000e+00  -7.351875e-01  -6.240076e+00   0.000000e+00
0     1.524992e+02   0.000000e+00   0.000000e+00   0.000000e+00   0.000000e+00   0.000000e+00   0.000000e+00
1     1.524992e+02  -8.722787e-01  -4.889772e-01   0.000000e+00   3.072405e+00  -5.480814e+00   0.000000e+00
0     1.525992e+02   0.000000e+00   0.000000e+00   0.000000e+00   0.000000e+00   0.000000e+00   0.000000e+00
1     1.525992e+02  -4.183825e-01  -9.082528e-01   0.000000e+00   5.706868e+00  -2.628824e+00   0.000000e+00
0     1.526992e+02   0.000000e+00   0.000000e+00   0.000000e+00   0.000000e+00   0.000000e+00   0.000000e+00
1     1.526992e+02   1.952638e-01  -9.807316e-01   0.000000e+00   6.162293e+00   1.226941e+00   0.000000e+00
0     1.527992e+02   0.000000e+00   0.000000e+00   0.000000e+00   0.000000e+00   0.000000e+00   0.000000e+00
1     1.527992e+02   7.343521e-01  -6.787370e-01   0.000000e+00   4.264759e+00   4.614248e+00   0.000000e+00
0     1.528991e+02   0.000000e+00   0.000000e+00   0.000000e+00   0.000000e+00   0.000000e+00   0.000000e+00
1     1.528991e+02   9.930397e-01  -1.175779e-01   0.000000e+00   7.387766e-01   6.239699e+00   0.000000e+00
0     1.529991e+02   0.000000e+00   0.000000e+00   0.000000e+00   0.000000e+00   0.000000e+00   0.000000e+00
1     1.529991e+02   8.725489e-01   4.884765e-01   0.000000e+00  -3.069313e+00   5.482610e+00   0.000000e+00
0     1.530991e+02   0.000000e+00   0.000000e+00   0.000000e+00   0.000000e+00   0.000000e+00   0.000000e+00
1     1.530991e+02   4.188866e-01   9.080124e-01   0.000000e+00  -5.705426e+00   2.632060e+00   0.000000e+00
0     1.531991e+02   0.000000e+00   0.000000e+00   0.000000e+00   0.000000e+00   0.000000e+00   0.000000e+00
1     1.531991e+02  -1.947219e-01   9.808366e-01   0.000000e+00  -6.162996e+00  -1.223490e+00   0.000000e+00
0     1.532990e+02   0.000000e+00   0.000000e+00   0.000000e+00   0.000000e+00   0.000000e+00   0.000000e+00
1     1.532990e+02  -7.339793e-01   6.791442e-01   0.000000e+00  -4.267332e+00  -4.611844e+00   0.000000e+00
0     1.533990e+02   0.000000e+00   0.000000e+00   0.000000e+00   0.000000e+00   0.000000e+00   0.000000e+00
1     1.533990e+02  -9.929810e-01   1.181334e-01   0.000000e+00  -7.422885e-01  -6.239236e+00   0.000000e+00
0     1.534990e+02   0.000000e+00   0.000000e+00   0.000000e+00   0.000000e+00   0.000000e+00   0.000000e+00
1     1.534990e+02  -8.728344e-01  -4.879842e-01   0.000000e+00   3.066166e+00  -5.484307e+00   0.000000e+00
0     1.535990e+02   0.000000e+00   0.000000e+00   0.000000e+00   0.000000e+00   0.000000e+00   0.000000e+00
1     1.535990e+02  -4.194156e-01  -9.077760e-01   0.000000e+00   5.703874e+00  -2.635316e+00   0.000000e+00
0     1.536990e+02   0.000000e+00   0.000000e+00   0.000000e+00   0.000000e+00   0.000000e+00   0.000000e+00
1     1.536990e+02   1.941479e-01  -9.809530e-01   0.000000e+00   6.163685e+00   1.219930e+00   0.000000e+00
0     1.537989e+02   0.000000e+00   0.000000e+00   0.000000e+00   0.000000e+00   0.000000e+00   0.000000e+00
1     1.537989e+02   7.335795e-01  -6.795718e-01   0.000000e+00   4.270005e+00   4.609394e+00   0.000000e+00
0     1.538989e+02   0.000000e+00   0.000000e+00   0.000000e+00   0.000000e+00   0.000000e+00   0.000000e+00
1     1.538989e+02   9.929052e-01  -1.187073e-01   0.000000e+00   7.458732e-01   6.238855e+00   0.000000e+00
0     1.539989e+02   0.000000e+00   0.000000e+00   0.000000e+00   0.000000e+00   0.000000e+00   0.000000e+00
1     1.539989e+02   8.731038e-01   4.874838e-01   0.000000e+00  -3.063076e+00   5.486097e+00   0.000000e+00
0     1.540989e+02   0.000000e+00   0.000000e+00   0.000000e+00   0.000000e+00   0.000000e+00   0.000000e+00
1     1.540989e+02   4.199188e-01   9.075354e-01   0.000000e+00  -5.702430e+00   2.638546e+00   0.000000e+00
0     1.541989e+02   0.000000e+00   0.000000e+00   0.000000e+00   0.000000e+00   0.000000e+00   0.000000e+00
1     1.541989e+02  -1.936065e-01   9.810572e-01   0.000000e+00  -6.164384e+00  -1.216482e+00   0.000000e+00
0     1.542988e+02   0.000000e+00   0.000000e+00   0.000000e+00   0.000000e+00   0.000000e+00   0.000000e+00
1     1.542988e+02  -7.332066e-01   6.799781e-01   0.000000e+00  -4.272573e+00  -4.606990e+00   0.000000e+00
0     1.543988e+02   0.000000e+00   0.000000e+00   0.000000e+00   0.000000e+00   0.000000e+00   0.000000e+00
1     1.543988e+02  -9.928460e-01   1.192621e-01   0.000000e+00  -7.493806e-01  -6.238389e+00   0.000000e+00
0     1.544988e+02   0.000000e+00   0.000000e+00   0.000000e+00   0.000000e+00   0.000000e+00   0.000000e+00
1     1.544988e+02  -8.733884e-01  -4.869917e-01   0.000000e+00   3.059931e+00  -5.487789e+00   0.000000e+00
0     1.545988e+02   0.000000e+00   0.000000e+00   0.000000e+00   0.000000e+00   0.000000e+00   0.000000e+00
1     1.545988e+02  -4.204469e-01  -9.072986e-01   0.000000e+00   5.700875e+00  -2.641797e+00   0.000000e+00
0     1.546987e+02   0.000000e+00   0.000000e+00   0.000000e+00   0.000000e+00   0.000000e+00   0.000000e+00
1     1.546987e+02   1.930331e-01  -9.811729e-01   0.000000e+00   6.165068e+00   1.212925e+00   0.000000e+00
0     1.547987e+02   0.000000e+00   0.000000e+00   0.000000e+00   0.000000e+00   0.000000e+00   0.000000e+00
1     1.547987e+02   7.328067e-01  -6.804049e-01   0.000000e+00   4.275240e+00   4.604540e+00   0.000000e+00
0     1.548987e+02   0.000000e+00   0.000000e+00   0.000000e+00   0.000000e+00   0.000000e+00   0.000000e+00
1     1.548987e+02   9.927696e-01  -1.198353e-01   0.000000e+00   7.529611e-01   6.238004e+00   0.000000e+00
0     1.549987e+02   0.000000e+00   0.000000e+00   0.000000e+00   0.000000e+00   0.000000e+00   0.000000e+00
1     1.549987e+02   8.736569e-01   4.864915e-01   0.000000e+00  -3.056842e+00   5.489574e+00   0.000000e+00
0     1.550987e+02   0.000000e+00   0.000000e+00   0.000000e+00   0.000000e+00   0.000000e+00   0.000000e+00
1     1.550987e+02   4.209494e-01   9.070577e-01   0.000000e+00  -5.699429e+00   2.645022e+00   0.000000e+00
0     1.551986e+02   0.000000e+00   0.000000e+00   0.000000e+00   0.000000e+00   0.000000e+00   0.000000e+00
1     1.551986e+02  -1.924921e-01   9.812763e-01   0.000000e+00  -6.165762e+00  -1.209480e+00   0.000000e+00
0     1.552986e+02   0.000000e+00   0.000000e+00   0.000000e+00   0.000000e+00   0.000000e+00   0.000000e+00
1     1.552986e+02  -7.324338e-01   6.808103e-01   0.000000e+00  -4.277803e+00  -4.602135e+00   0.000000e+00
0     1.553986e+02   0.000000e+00   0.000000e+00   0.000000e+00   0.000000e+00   0.000000e+00   0.000000e+00
1     1.553986e+02  -9.927098e-01   1.203894e-01   0.000000e+00  -7.564641e-01  -6.237534e+00   0.000000e+00
0     1.554986e+02   0.000000e+00   0.000000e+00   0.000000e+00   0.000000e+00   0.000000e+00   0.000000e+00
1     1.554986e+02  -8.739406e-01  -4.859997e-01   0.000000e+00   3.053698e+00  -5.491260e+00   0.000000e+00
0     1.555986e+02   0.000000e+00   0.000000e+00   0.000000e+00   0.000000e+00   0.000000e+00   0.000000e+00
1     1.555986e+02  -4.214766e-01  -9.068206e-01   0.000000e+00   5.697873e+00  -2.648267e+00   0.000000e+00
0     1.556985e+02   0.000000e+00   0.000000e+00   0.000000e+00   0.000000e+00   0.000000e+00   0.000000e+00
1     1.556985e+02   1.919192e-01  -9.813912e-01   0.000000e+00   6.166441e+00   1.205926e+00   0.000000e+00
0     1.557985e+02   0.000000e+00   0.000000e+00   0.000000e+00   0.000000e+00   0.000000e+00   0.000000e+00
1     1.557985e+02   7.320339e-01  -6.812361e-01   0.000000e+00   4.280464e+00   4.599685e+00   0.000000e+00
0     1.558985e+02   0.000000e+00   0.000000e+00   0.000000e+00   0.000000e+00   0.000000e+00   0.000000e+00
1     1.558985e+02   9.926328e-01  -1.209619e-01   0.000000e+00   7.600402e-01   6.237145e+00   0.000000e+00
0     1.559985e+02   0.000000e+00   0.000000e+00   0.000000e+00   0.000000e+00   0.000000e+00   0.000000e+00
1     1.559985e+02   8.742083e-01   4.854997e-01   0.000000e+00  -3.050611e+00   5.493040e+00   0.000000e+00
0     1.560984e+02   0.000000e+00   0.000000e+00   0.000000e+00   0.000000e+00   0.000000e+00   0.000000e+00
1     1.560984e+02   4.219782e-01   9.065793e-01   0.000000e+00  -5.696425e+00   2.651487e+00   0.000000e+00
0     1.561984e+02   0.000000e+00   0.000000e+00   0.000000e+00   0.000000e+00   0.000000e+00   0.000000e+00
1     1.561984e+02  -1.913787e-01   9.814940e-01   0.000000e+00  -6.167131e+00  -1.202484e+00   0.000000e+00
0     1.562984e+02   0.000000e+00   0.000000e+00   0.000000e+00   0.000000e+00   0.000000e+00   0.000000e+00
1     1.562984e+02  -7.316610e-01   6.816406e-01   0.000000e+00  -4.283021e+00  -4.597280e+00   0.000000e+00
0     1.563984e+02   0.000000e+00   0.000000e+00   0.000000e+00   0.000000e+00   0.000000e+00   0.000000e+00
1     1.563984e+02  -9.925724e-01   1.215153e-01   0.000000e+00  -7.635387e-01  -6.236673e+00   0.000000e+00
0     1.564984e+02   0.000000e+00   0.000000e+00   0.000000e+00   0.000000e+00   0.000000e+00   0.000000e+00
1     1.564984e+02  -8.744911e-01  -4.850082e-01   0.000000e+00   3.047469e+00  -5.494720e+00   0.000000e+00
0     1.565983e+02   0.000000e+00   0.000000e+00   0.000000e+00   0.000000e+00   0.000000e+00   0.000000e+00
1     1.565983e+02  -4.225046e-01  -9.063420e-01   0.000000e+00   5.694866e+00  -2.654727e+00   0.000000e+00
0     1.566983e+02   0.000000e+00   0.000000e+00   0.000000e+00   0.000000e+00   0.000000e+00   0.000000e+00
1     1.566983e+02   1.908062e-01  -9.816081e-01   0.000000e+00   6.167805e+00   1.198933e+00   0.000000e+00
0     1.567983e+02   0.000000e+00   0.000000e+00   0.000000e+00   0.000000e+00   0.000000e+00   0.000000e+00
1     1.567983e+02   7.312609e-01  -6.820655e-01   0.000000e+00   4.285676e+00   4.594829e+00   0.000000e+00
0     1.568983e+02   0.000000e+00   0.000000e+00   0.000000e+00   0.000000e+00   0.000000e+00   0.000000e+00
1     1.568983e+02   9.924949e-01  -1.220872e-01   0.000000e+00   7.671106e-01   6.236280e+00   0.000000e+00
0     1.569983e+02   0.000000e+00   0.000000e+00   0.000000e+00   0.000000e+00   0.000000e+00   0.000000e+00
1     1.569983e+02   8.747579e-01   4.845084e-01   0.000000e+00  -3.044382e+00   5.496495e+00   0.000000e+00
0     1.571000e+02   0.000000e+00   0.000000e+00   0.000000e+00   0.000000e+00   0.000000e+00   0.000000e+00
1     1.571000e+02   4.129936e-01   9.107073e-01   0.000000e+00  -5.722364e+00   2.595034e+00   0.000000e+00
0     1.572000e+02   0.000000e+00   0.000000e+00   0.000000e+00   0.000000e+00   0.000000e+00   0.000000e+00
1     1.572000e+02  -2.010741e-01   9.795536e-01   0.000000e+00  -6.154939e+00  -1.263404e+00   0.000000e+00
0     1.572999e+02   0.000000e+00   0.000000e+00   0.000000e+00   0.000000e+00   0.000000e+00   0.000000e+00
1     1.572999e+02  -7.383651e-01   6.743726e-01   0.000000e+00  -4.237354e+00  -4.639405e+00   0.000000e+00
0     1.573999e+02   0.000000e+00   0.000000e+00   0.000000e+00   0.000000e+00   0.000000e+00   0.000000e+00
1     1.573999e+02  -9.937254e-01   1.116949e-01   0.000000e+00  -7.018334e-01  -6.243918e+00   0.000000e+00
0     1.574999e+02   0.000000e+00   0.000000e+00   0.000000e+00   0.000000e+00   0.000000e+00   0.000000e+00
1     1.574999e+02  -8.696525e-01  -4.936314e-01   0.000000e+00   3.101652e+00  -5.464318e+00   0.000000e+00
0     1.575999e+02   0.000000e+00   0.000000e+00   0.000000e+00   0.000000e+00   0.000000e+00   0.000000e+00
1     1.575999e+02  -4.135219e-01  -9.104753e-01   0.000000e+00   5.720839e+00  -2.598286e+00   0.000000e+00
0     1.576999e+02   0.000000e+00   0.000000e+00   0.000000e+00   0.000000e+00   0.000000e+00   0.000000e+00
1     1.576999e+02   2.005033e-01  -9.796732e-01   0.000000e+00   6.155649e+00   1.259864e+00   0.000000e+00
0     1.577998e+02   0.000000e+00   0.000000e+00   0.000000e+00   0.000000e+00   0.000000e+00   0.000000e+00
1     1.577998e+02   7.379697e-01  -6.748010e-01   0.000000e+00   4.240031e+00   4.636984e+00   0.000000e+00
0     1.578998e+02   0.000000e+00   0.000000e+00   0.000000e+00   0.000000e+00   0.000000e+00   0.000000e+00
1     1.578998e+02   9.936535e-01  -1.122667e-01   0.000000e+00   7.054048e-01   6.243562e+00   0.000000e+00
0     1.579998e+02   0.000000e+00   0.000000e+00   0.000000e+00   0.000000e+00   0.000000e+00   0.000000e+00
1     1.579998e+02   8.699238e-01   4.931349e-01   0.000000e+00  -3.098587e+00   5.466121e+00   0.000000e+00
0     1.580998e+02   0.000000e+00   0.000000e+00   0.000000e+00   0.000000e+00   0.000000e+00   0.000000e+00
1     1.580998e+02   4.140243e-01   9.102390e-01   0.000000e+00  -5.719422e+00   2.601511e+00   0.000000e+00
0     1.581998e+02   0.000000e+00   0.000000e+00   0.000000e+00   0.000000e+00   0.000000e+00   0.000000e+00
1     1.581998e+02  -1.999650e-01   9.797804e-01   0.000000e+00  -6.156366e+00  -1.256436e+00   0.000000e+00
0     1.582997e+02   0.000000e+00   0.000000e+00   0.000000e+00   0.000000e+00   0.000000e+00   0.000000e+00
1     1.582997e+02  -7.376012e-01   6.752079e-01   0.000000e+00  -4.242603e+00  -4.634606e+00   0.000000e+00
0     1.583997e+02   0.000000e+00   0.000000e+00   0.000000e+00   0.000000e+00   0.000000e+00   0.000000e+00
1     1.583997e+02  -9.935982e-01   1.128195e-01   0.000000e+00  -7.088998e-01  -6.243120e+00   0.000000e+00
0     1.584997e+02   0.000000e+00   0.000000e+00   0.000000e+00   0.000000e+00   0.000000e+00   0.000000e+00
1     1.584997e+02  -8.702104e-01  -4.926469e-01   0.000000e+00   3.095467e+00  -5.467825e+00   0.000000e+00
0     1.585997e+02   0.000000e+00   0.000000e+00   0.000000e+00   0.000000e+00   0.000000e+00   0.000000e+00
1     1.585997e+02  -4.145518e-01  -9.100067e-01   0.000000e+00   5.717896e+00  -2.604758e+00   0.000000e+00
0     1.586996e+02   0.000000e+00   0.000000e+00   0.000000e+00   0.000000e+00   0.000000e+00   0.000000e+00
1     1.586996e+02   1.993947e-01  -9.798993e-01   0.000000e+00   6.157070e+00   1.252898e+00   0.000000e+00
0     1.587996e+02   0.000000e+00   0.000000e+00   0.000000e+00   0.000000e+00   0.000000e+00   0.000000e+00
1     1.587996e+02   7.372057e-01  -6.756353e-01   0.000000e+00   4.245275e+00   4.632184e+00   0.000000e+00
0     1.588996e+02   0.000000e+00   0.000000e+00   0.000000e+00   0.000000e+00   0.000000e+00   0.000000e+00
1     1.588996e+02   9.935258e-01  -1.133906e-01   0.000000e+00   7.124666e-01   6.242760e+00   0.000000e+00
0     1.589996e+02   0.000000e+00   0.000000e+00   0.000000e+00   0.000000e+00   0.000000e+00   0.000000e+00
1     1.589996e+02   8.704809e-01   4.921507e-01   0.000000e+00  -3.092403e+00   5.469622e+00   0.000000e+00
0     1.590996e+02   0.000000e+00   0.000000e+00   0.000000e+00   0.000000e+00   0.000000e+00   0.000000e+00
1     1.590996e+02   4.150534e-01   9.097701e-01   0.000000e+00  -5.716477e+00   2.607977e+00   0.000000e+00
0     1.591995e+02   0.000000e+00   0.000000e+00   0.000000e+00   0.000000e+00   0.000000e+00   0.000000e+00
1     1.591995e+02  -1.988570e-01   9.800058e-01   0.000000e+00  -6.157783e+00  -1.249474e+00   0.000000e+00
0     1.592995e+02   0.000000e+00   0.000000e+00   0.000000e+00   0.000000e+00   0.000000e+00   0.000000e+00
1     1.592995e+02  -7.368372e-01   6.760413e-01   0.000000e+00  -4.247841e+00  -4.629807e+00   0.000000e+00
0     1.593995e+02   0.000000e+00   0.000000e+00   0.000000e+00   0.000000e+00   0.000000e+00   0.000000e+00
1     1.593995e+02  -9.934699e-01   1.139427e-01   0.000000e+00  -7.159573e-01  -6.242315e+00   0.000000e+00
0     1.594995e+02   0.000000e+00   0.000000e+00   0.000000e+00   0.000000e+00   0.000000e+00   0.000000e+00
1     1.594995e+02  -8.707666e-01  -4.916628e-01   0.000000e+00   3.089284e+00  -5.471321e+00   0.000000e+00
0     1.595995e+02   0.000000e+00   0.000000e+00   0.000000e+00   0.000000e+00   0.000000e+00   0.000000e+00
1     1.595995e+02  -4.155800e-01  -9.095374e-01   0.000000e+00   5.714948e+00  -2.611219e+00   0.000000e+00
0     1.596994e+02   0.000000e+00   0.000000e+00   0.000000e+00   0.000000e+00   0.000000e+00   0.000000e+00
1     1.596994e+02   1.982872e-01  -9.801239e-01   0.000000e+00   6.158483e+00   1.245939e+00   0.000000e+00
0     1.597994e+02   0.000000e+00   0.000000e+00   0.000000e+00   0.000000e+00   0.000000e+00   0.000000e+00
1     1.597994e+02   7.364417e-01  -6.764678e-01   0.000000e+00   4.250507e+00   4.627384e+00   0.000000e+00
0     1.598994e+02   0.000000e+00   0.000000e+00   0.000000e+00   0.000000e+00   0.000000e+00   0.000000e+00
1     1.598994e+02   9.933969e-01  -1.145131e-01   0.000000e+00   7.195200e-01   6.241951e+00   0.000000e+00
0     1.599994e+02   0.000000e+00   0.000000e+00   0.000000e+00   0.000000e+00   0.000000e+00   0.000000e+00
1     1.599994e+02   8.710362e-01   4.911668e-01   0.000000e+00  -3.086222e+00   5.473113e+00   0.000000e+00
0     1.600994e+02   0.000000e+00   0.000000e+00   0.000000e+00   0.000000e+00   0.000000e+00   0.000000e+00
1     1.600994e+02   4.160808e-01   9.093005e-01   0.000000e+00  -5.713528e+00   2.614434e+00   0.000000e+00
0     1.601993e+02   0.000000e+00   0.000000e+00   0.000000e+00   0.000000e+00   0.000000e+00   0.000000e+00
1     1.601993e+02  -1.977499e-01   9.802296e-01   0.000000e+00  -6.159191e+00  -1.242518e+00   0.000000e+00
0     1.602993e+02   0.000000e+00   0.000000e+00   0.000000e+00   0.000000e+00   0.000000e+00   0.000000e+00
1     1.602993e+02  -7.360731e-01   6.768730e-01   0.000000e+00  -4.253067e+00  -4.625007e+00   0.000000e+00
0     1.603993e+02   0.000000e+00   0.000000e+00   0.000000e+00   0.000000e+00   0.000000e+00   0.000000e+00
1     1.603993e+02  -9.933404e-01   1.150645e-01   0.000000e+00  -7.230061e-01  -6.241503e+00   0.000000e+00
0     1.604993e+02   0.000000e+00   0.000000e+00   0.000000e+00   0.000000e+00   0.000000e+00   0.000000e+00
1     1.604993e+02  -8.713211e-01  -4.906792e-01   0.000000e+00   3.083105e+00  -5.474806e+00   0.000000e+00
0     1.605992e+02   0.000000e+00   0.000000e+00   0.000000e+00   0.000000e+00   0.000000e+00   0.000000e+00
1     1.605992e+02  -4.166065e-01  -9.090676e-01   0.000000e+00   5.711997e+00  -2.617669e+00   0.000000e+00
0     1.606992e+02   0.000000e+00   0.000000e+00   0.000000e+00   0.000000e+00   0.000000e+00   0.000000e+00
1     1.606992e+02   1.971806e-01  -9.803470e-01   0.000000e+00   6.159886e+00   1.238986e+00   0.000000e+00
0     1.607992e+02   0.000000e+00   0.000000e+00   0.000000e+00   0.000000e+00   0.000000e+00   0.000000e+00
1     1.607992e+02   7.356775e-01  -6.772986e-01   0.000000e+00   4.255727e+00   4.622584e+00   0.000000e+00
0     1.608992e+02   0.000000e+00   0.000000e+00   0.000000e+00   0.000000e+00   0.000000e+00   0.000000e+00
1     1.608992e+02   9.932669e-01  -1.156342e-01   0.000000e+00   7.265645e-01   6.241136e+00   0.000000e+00
0     1.609992e+02   0.000000e+00   0.000000e+00   0.000000e+00   0.000000e+00   0.000000e+00   0.000000e+00
1     1.609992e+02   8.715899e-01   4.901834e-01   0.000000e+00  -3.080044e+00   5.476593e+00   0.000000e+00
0     1.610991e+02   0.000000e+00   0.000000e+00   0.000000e+00   0.000000e+00   0.000000e+00   0.000000e+00
1     1.610991e+02   4.171065e-01   9.088303e-01   0.000000e+00  -5.710574e+00   2.620879e+00   0.000000e+00
0     1.611991e+02   0.000000e+00   0.000000e+00   0.000000e+00   0.000000e+00   0.000000e+00   0.000000e+00
1     1.611991e+02  -1.966438e-01   9.804520e-01   0.000000e+00  -6.160590e+00  -1.235568e+00   0.000000e+00
0     1.612991e+02   0.000000e+00   0.000000e+00   0.000000e+00   0.000000e+00   0.000000e+00   0.000000e+00
1     1.612991e+02  -7.353089e-01   6.777028e-01   0.000000e+00  -4.258283e+00  -4.620206e+00   0.000000e+00
0     1.613991e+02   0.000000e+00   0.000000e+00   0.000000e+00   0.000000e+00   0.000000e+00   0.000000e+00
1     1.613991e+02  -9.932099e-01   1.161849e-01   0.000000e+00  -7.300462e-01  -6.240684e+00   0.000000e+00
0     1.614991e+02   0.000000e+00   0.000000e+00   0.000000e+00   0.000000e+00   0.000000e+00   0.000000e+00
1     1.614991e+02  -8.718739e-01  -4.896961e-01   0.000000e+00   3.076928e+00  -5.478280e+00   0.000000e+00
0     1.615990e+02   0.000000e+00   0.000000e+00   0.000000e+00   0.000000e+00   0.000000e+00   0.000000e+00
1     1.615990e+02  -4.176314e-01  -9.085970e-01   0.000000e+00   5.709042e+00  -2.624110e+00   0.000000e+00
0     1.616990e+02   0.000000e+00   0.000000e+00   0.000000e+00   0.000000e+00   0.000000e+00   0.000000e+00
1     1.616990e+02   1.960749e-01  -9.805686e-01   0.000000e+00   6.161279e+00   1.232039e+00   0.000000e+00
0     1.617990e+02   0.000000e+00   0.000000e+00   0.000000e+00   0.000000e+00   0.000000e+00   0.000000e+00
1     1.617990e+02   7.349133e-01  -6.781276e-01   0.000000e+00   4.260937e+00   4.617783e+00   0.000000e+00
0     1.618990e+02   0.000000e+00   0.000000e+00   0.000000e+00   0.000000e+00   0.000000e+00   0.000000e+00
1     1.618990e+02   9.931358e-01  -1.167539e-01   0.000000e+00   7.336003e-01   6.240313e+00   0.000000e+00
0     1.619989e+02   0.000000e+00   0.000000e+00   0.000000e+00   0.000000e+00   0.000000e+00   0.000000e+00
1     1.619989e+02   8.721418e-01   4.892006e-01   0.000000e+00  -3.073868e+00   5.480062e+00   0.000000e+00
0     1.620989e+02   0.000000e+00   0.000000e+00   0.000000e+00   0.000000e+00   0.000000e+00   0.000000e+00
1     1.620989e+02   4.181306e-01   9.083595e-01   0.000000e+00  -5.707617e+00   2.627314e+00   0.000000e+00
0     1.621989e+02   0.000000e+00   0.000000e+00   0.000000e+00   0.000000e+00   0.000000e+00   0.000000e+00
1     1.621989e+02  -1.955387e-01   9.806729e-01   0.000000e+00  -6.161979e+00  -1.228624e+00   0.000000e+00
0     1.622989e+02   0.000000e+00   0.000000e+00   0.000000e+00   0.000000e+00   0.000000e+00   0.000000e+00
1     1.622989e+02  -7.345447e-01   6.785309e-01   0.000000e+00  -4.263486e+00  -4.615405e+00   0.000000e+00
0     1.623989e+02   0.000000e+00   0.000000e+00   0.000000e+00   0.000000e+00   0.000000e+00   0.000000e+00
1     1.623989e+02  -9.930782e-01   1.173039e-01   0.000000e+00  -7.370774e-01  -6.239858e+00   0.000000e+00
0     1.624988e+02   0.000000e+00   0.000000e+00   0.000000e+00   0.000000e+00   0.000000e+00   0.000000e+00
1     1.624988e+02  -8.724249e-01  -4.887135e-01   0.000000e+00   3.070754e+00  -5.481744e+00   0.000000e+00
0     1.625988e+02   0.000000e+00   0.000000e+00   0.000000e+00   0.000000e+00   0.000000e+00   0.000000e+00
1     1.625988e+02  -4.186546e-01  -9.081259e-01   0.000000e+00   5.706082e+00  -2.630540e+00   0.000000e+00
0     1.626988e+02   0.000000e+00   0.000000e+00   0.000000e+00   0.000000e+00   0.000000e+00   0.000000e+00
1     1.626988e+02   1.949703e-01  -9.807887e-01   0.000000e+00   6.162664e+00   1.225099e+00   0.000000e+00
0     1.627988e+02   0.000000e+00   0.000000e+00   0.000000e+00   0.000000e+00   0.000000e+00   0.000000e+00
1     1.627988e+02   7.341490e-01  -6.789548e-01   0.000000e+00   4.266135e+00   4.612981e+00   0.000000e+00
0     1.628988e+02   0.000000e+00   0.000000e+00   0.000000e+00   0.000000e+00   0.000000e+00   0.000000e+00
1     1.628988e+02   9.930035e-01  -1.178722e-01   0.000000e+00   7.406274e-01   6.239483e+00   0.000000e+00
0     1.629987e+02   0.000000e+00   0.000000e+00   0.000000e+00   0.000000e+00   0.000000e+00   0.000000e+00
1     1.629987e+02   8.726919e-01   4.882181e-01   0.000000e+00  -3.067696e+00   5.483520e+00   0.000000e+00
0     1.630987e+02   0.000000e+00   0.000000e+00   0.000000e+00   0.000000e+00   0.000000e+00   0.000000e+00
1     1.630987e+02   4.191530e-01   9.078880e-01   0.000000e+00  -5.704656e+00   2.633739e+00   0.000000e+00
0     1.631987e+02   0.000000e+00   0.000000e+00   0.000000e+00   0.000000e+00   0.000000e+00   0.000000e+00
1     1.631987e+02  -1.944345e-01   9.808922e-01   0.000000e+00  -6.163358e+00  -1.221687e+00   0.000000e+00
0     1.632987e+02   0.000000e+00   0.000000e+00   0.000000e+00   0.000000e+00   0.000000e+00   0.000000e+00
1     1.632987e+02  -7.337803e-01   6.793572e-01   0.000000e+00  -4.268679e+00  -4.610603e+00   0.000000e+00
0     1.633986e+02   0.000000e+00   0.000000e+00   0.000000e+00   0.000000e+00   0.000000e+00   0.000000e+00
1     1.633986e+02  -9.929454e-01   1.184215e-01   0.000000e+00  -7.441001e-01  -6.239025e+00   0.000000e+00
0     1.634986e+02   0.000000e+00   0.000000e+00   0.000000e+00   0.000000e+00   0.000000e+00   0.000000e+00
1     1.634986e+02  -8.729742e-01  -4.877313e-01   0.000000e+00   3.064583e+00  -5.485196e+00   0.000000e+00
0     1.635986e+02   0.000000e+00   0.000000e+00   0.000000e+00   0.000000e+00   0.000000e+00   0.000000e+00
1     1.635986e+02  -4.196762e-01  -9.076541e-01   0.000000e+00   5.703119e+00  -2.636959e+00   0.000000e+00
0     1.636986e+02   0.000000e+00   0.000000e+00   0.000000e+00   0.000000e+00   0.000000e+00   0.000000e+00
1     1.636986e+02   1.938667e-01  -9.810073e-01   0.000000e+00   6.164038e+00   1.218165e+00   0.000000e+00
0     1.637986e+02   0.000000e+00   0.000000e+00   0.000000e+00   0.000000e+00   0.000000e+00   0.000000e+00
1     1.637986e+02   7.333846e-01  -6.797801e-01   0.000000e+00   4.271322e+00   4.608179e+00   0.000000e+00
0     1.638985e+02   0.000000e+00   0.000000e+00   0.000000e+00   0.000000e+00   0.000000e+00   0.000000e+00
1     1.638985e+02   9.928702e-01  -1.189892e-01   0.000000e+00   7.476455e-01   6.238647e+00   0.000000e+00
0     1.639985e+02   0.000000e+00   0.000000e+00   0.000000e+00   0.000000e+00   0.000000e+00   0.000000e+00
1     1.639985e+02   8.732404e-01   4.872362e-01   0.000000e+00  -3.061527e+00   5.486967e+00   0.000000e+00
0     1.640985e+02   0.000000e+00   0.000000e+00   0.000000e+00   0.000000e+00   0.000000e+00   0.000000e+00
1     1.640985e+02   4.201737e-01   9.074159e-01   0.000000e+00  -5.701691e+00   2.640153e+00   0.000000e+00
0     1.641985e+02   0.000000e+00   0.000000e+00   0.000000e+00   0.000000e+00   0.000000e+00   0.000000e+00
1     1.641985e+02  -1.933313e-01   9.811101e-01   0.000000e+00  -6.164729e+00  -1.214755e+00   0.000000e+00
0     1.642985e+02   0.000000e+00   0.000000e+00   0.000000e+00   0.000000e+00   0.000000e+00   0.000000e+00
1     1.642985e+02  -7.330159e-01   6.801817e-01   0.000000e+00  -4.273861e+00  -4.605801e+00   0.000000e+00
0     1.643984e+02   0.000000e+00   0.000000e+00   0.000000e+00   0.000000e+00   0.000000e+00   0.000000e+00
1     1.643984e+02  -9.928115e-01   1.195377e-01   0.000000e+00  -7.511139e-01  -6.238185e+00   0.000000e+00
0     1.644984e+02   0.000000e+00   0.000000e+00   0.000000e+00   0.000000e+00   0.000000e+00   0.000000e+00
1     1.644984e+02  -8.735218e-01  -4.867496e-01   0.000000e+00   3.058415e+00  -5.488638e+00   0.000000e+00
0     1.645984e+02   0.000000e+00   0.000000e+00   0.000000e+00   0.000000e+00   0.000000e+00   0.000000e+00
1     1.645984e+02  -4.206961e-01  -9.071817e-01   0.000000e+00   5.700152e+00  -2.643368e+00   0.000000e+00
0     1.646984e+02   0.000000e+00   0.000000e+00   0.000000e+00   0.000000e+00   0.000000e+00   0.000000e+00
1     1.646984e+02   1.927639e-01  -9.812244e-01   0.000000e+00   6.165404e+00   1.211236e+00   0.000000e+00
0     1.647984e+02   0.000000e+00   0.000000e+00   0.000000e+00   0.000000e+00   0.000000e+00   0.000000e+00
1     1.647984e+02   7.326201e-01  -6.806038e-01   0.000000e+00   4.276499e+00   4.603377e+00   0.000000e+00
0     1.648983e+02   0.000000e+00   0.000000e+00   0.000000e+00   0.000000e+00   0.000000e+00   0.000000e+00
1     1.648983e+02   9.927357e-01  -1.201047e-01   0.000000e+00   7.546553e-01   6.237803e+00   0.000000e+00
0     1.649983e+02   0.000000e+00   0.000000e+00   0.000000e+00   0.000000e+00   0.000000e+00   0.000000e+00
1     1.649983e+02   8.737872e-01   4.862547e-01   0.000000e+00  -3.055360e+00   5.490404e+00   0.000000e+00
0     1.650983e+02   0.000000e+00   0.000000e+00   0.000000e+00   0.000000e+00   0.000000e+00   0.000000e+00
1     1.650983e+02   4.211928e-01   9.069432e-01   0.000000e+00  -5.698722e+00   2.646557e+00   0.000000e+00
0     1.651983e+02   0.000000e+00   0.000000e+00   0.000000e+00   0.000000e+00   0.000000e+00   0.000000e+00
1     1.651983e+02  -1.922291e-01   9.813265e-01   0.000000e+00  -6.166090e+00  -1.207830e+00   0.000000e+00
0     1.653000e+02   0.000000e+00   0.000000e+00   0.000000e+00   0.000000e+00   0.000000e+00   0.000000e+00
1     1.653000e+02  -7.397123e-01   6.728931e-01   0.000000e+00  -4.228064e+00  -4.647878e+00   0.000000e+00
0     1.654000e+02   0.000000e+00   0.000000e+00   0.000000e+00   0.000000e+00   0.000000e+00   0.000000e+00
1     1.654000e+02  -9.939459e-01   1.097051e-01   0.000000e+00  -6.893316e-01  -6.245314e+00   0.000000e+00
0     1.655000e+02   0.000000e+00   0.000000e+00   0.000000e+00   0.000000e+00   0.000000e+00   0.000000e+00
1     1.655000e+02  -8.686610e-01  -4.953718e-01   0.000000e+00   3.112593e+00  -5.458097e+00   0.000000e+00
0     1.655999e+02   0.000000e+00   0.000000e+00   0.000000e+00   0.000000e+00   0.000000e+00   0.000000e+00
1     1.655999e+02  -4.116959e-01  -9.113012e-01   0.000000e+00   5.726038e+00  -2.586817e+00   0.000000e+00
0     1.656999e+02   0.000000e+00   0.000000e+00   0.000000e+00   0.000000e+00   0.000000e+00   0.000000e+00
1     1.656999e+02   2.024670e-01  -9.792681e-01   0.000000e+00   6.153113e+00   1.272204e+00   0.000000e+00
0     1.657999e+02   0.000000e+00   0.000000e+00   0.000000e+00   0.000000e+00   0.000000e+00   0.000000e+00
1     1.657999e+02   7.393211e-01  -6.733185e-01   0.000000e+00   4.230723e+00   4.645483e+00   0.000000e+00
0     1.658999e+02   0.000000e+00   0.000000e+00   0.000000e+00   0.000000e+00   0.000000e+00   0.000000e+00
1     1.658999e+02   9.938758e-01  -1.102720e-01   0.000000e+00   6.928722e-01   6.244968e+00   0.000000e+00
0     1.659998e+02   0.000000e+00   0.000000e+00   0.000000e+00   0.000000e+00   0.000000e+00   0.000000e+00
1     1.659998e+02   8.689309e-01   4.948803e-01   0.000000e+00  -3.109559e+00   5.459891e+00   0.000000e+00
0     1.660998e+02   0.000000e+00   0.000000e+00   0.000000e+00   0.000000e+00   0.000000e+00   0.000000e+00
1     1.660998e+02   4.121943e-01   9.110681e-01   0.000000e+00  -5.724641e+00   2.590016e+00   0.000000e+00
0     1.661998e+02   0.000000e+00   0.000000e+00   0.000000e+00   0.000000e+00   0.000000e+00   0.000000e+00
1     1.661998e+02  -2.019339e-01   9.793755e-01   0.000000e+00  -6.153831e+00  -1.268809e+00   0.000000e+00
0     1.662998e+02   0.000000e+00   0.000000e+00   0.000000e+00   0.000000e+00   0.000000e+00   0.000000e+00
1     1.662998e+02  -7.389568e-01   6.737224e-01   0.000000e+00  -4.233276e+00  -4.643132e+00   0.000000e+00
0     1.663998e+02   0.000000e+00   0.000000e+00   0.000000e+00   0.000000e+00   0.000000e+00   0.000000e+00
1     1.663998e+02  -9.938221e-01   1.108199e-01   0.000000e+00  -6.963369e-01  -6.244537e+00   0.000000e+00
0     1.664997e+02   0.000000e+00   0.000000e+00   0.000000e+00   0.000000e+00   0.000000e+00   0.000000e+00
1     1.664997e+02  -8.692160e-01  -4.943971e-01   0.000000e+00   3.106469e+00  -5.461585e+00   0.000000e+00
0     1.665997e+02   0.000000e+00   0.000000e+00   0.000000e+00   0.000000e+00   0.000000e+00   0.000000e+00
1     1.665997e+02  -4.127176e-01  -9.108388e-01   0.000000e+00   5.723133e+00  -2.593237e+00   0.000000e+00
0     1.666997e+02   0.000000e+00   0.000000e+00   0.000000e+00   0.000000e+00   0.000000e+00   0.000000e+00
1     1.666997e+02   2.013687e-01  -9.794944e-01   0.000000e+00   6.154537e+00   1.265304e+00   0.000000e+00
0     1.667997e+02   0.000000e+00   0.000000e+00   0.000000e+00   0.000000e+00   0.000000e+00   0.000000e+00
1     1.667997e+02   7.385656e-01  -6.741469e-01   0.000000e+00   4.235929e+00   4.640736e+00   0.000000e+00
0     1.668997e+02   0.000000e+00   0.000000e+00   0.000000e+00   0.000000e+00   0.000000e+00   0.000000e+00
1     1.668997e+02   9.937514e-01  -1.113862e-01   0.000000e+00   6.998732e-01   6.244188e+00   0.000000e+00
0     1.669996e+02   0.000000e+00   0.000000e+00   0.000000e+00   0.000000e+00   0.000000e+00   0.000000e+00
1     1.669996e+02   8.694850e-01   4.939059e-01   0.000000e+00  -3.103437e+00   5.463373e+00   0.000000e+00
0     1.670996e+02   0.000000e+00   0.000000e+00   0.000000e+00   0.000000e+00   0.000000e+00   0.000000e+00
1     1.670996e+02   4.132151e-01   9.106054e-01   0.000000e+00  -5.721734e+00   2.596431e+00   0.000000e+00
0     1.671996e+02   0.000000e+00   0.000000e+00   0.000000e+00   0.000000e+00   0.000000e+00   0.000000e+00
1     1.671996e+02  -2.008361e-01   9.796010e-01   0.000000e+00  -6.155250e+00  -1.261912e+00   0.000000e+00
0     1.672996e+02   0.000000e+00   0.000000e+00   0.000000e+00   0.000000e+00   0.000000e+00   0.000000e+00
1     1.672996e+02  -7.382013e-01   6.745500e-01   0.000000e+00  -4.238477e+00  -4.638385e+00   0.000000e+00
0     1.673996e+02   0.000000e+00   0.000000e+00   0.000000e+00   0.000000e+00   0.000000e+00   0.000000e+00
1     1.673996e+02  -9.936972e-01   1.119334e-01   0.000000e+00  -7.033335e-01  -6.243753e+00   0.000000e+00
0     1.674995e+02   0.000000e+00   0.000000e+00   0.000000e+00   0.000000e+00   0.000000e+00   0.000000e+00
1     1.674995e+02  -8.697693e-01  -4.934229e-01   0.000000e+00   3.100348e+00  -5.465063e+00   0.000000e+00
0     1.675995e+02   0.000000e+00   0.000000e+00   0.000000e+00   0.000000e+00   0.000000e+00   0.000000e+00
1     1.675995e+02  -4.137377e-01  -9.103758e-01   0.000000e+00   5.720225e+00  -2.599647e+00   0.000000e+00
0     1.676995e+02   0.000000e+00   0.000000e+00   0.000000e+00   0.000000e+00   0.000000e+00   0.000000e+00
1     1.676995e+02   2.002714e-01  -9.797192e-01   0.000000e+00   6.155950e+00   1.258409e+00   0.000000e+00
0     1.677995e+02   0.000000e+00   0.000000e+00   0.000000e+00   0.000000e+00   0.000000e+00   0.000000e+00
1     1.677995e+02   7.378100e-01  -6.749736e-01   0.000000e+00   4.241125e+00   4.635989e+00   0.000000e+00
0     1.678994e+02   0.000000e+00   0.000000e+00   0.000000e+00   0.000000e+00   0.000000e+00   0.000000e+00
1     1.678994e+02   9.936259e-01  -1.124990e-01   0.000000e+00   7.068656e-01   6.243401e+00   0.000000e+00
0     1.679994e+02   0.000000e+00   0.000000e+00   0.000000e+00   0.000000e+00   0.000000e+00   0.000000e+00
1     1.679994e+02   8.700374e-01   4.929319e-01   0.000000e+00  -3.097318e+00   5.466845e+00   0.000000e+00
0     1.680994e+02   0.000000e+00   0.000000e+00   0.000000e+00   0.000000e+00   0.000000e+00   0.000000e+00
1     1.680994e+02   4.142344e-01   9.101420e-01   0.000000e+00  -5.718824e+00   2.602836e+00   0.000000e+00
0     1.681994e+02   0.000000e+00   0.000000e+00   0.000000e+00   0.000000e+00   0.000000e+00   0.000000e+00
1     1.681994e+02  -1.997393e-01   9.798251e-01   0.000000e+00  -6.156659e+00  -1.255020e+00   0.000000e+00
0     1.682994e+02   0.000000e+00   0.000000e+00   0.000000e+00   0.000000e+00   0.000000e+00   0.000000e+00
1     1.682994e+02  -7.374456e-01   6.753758e-01   0.000000e+00  -4.243667e+00  -4.633638e+00   0.000000e+00
0     1.683993e+02   0.000000e+00   0.000000e+00   0.000000e+00   0.000000e+00   0.000000e+00   0.000000e+00
1     1.683993e+02  -9.935711e-01   1.130455e-01   0.000000e+00  -7.103215e-01  -6.242963e+00   0.000000e+00
0     1.684993e+02   0.000000e+00   0.000000e+00   0.000000e+00   0.000000e+00   0.000000e+00   0.000000e+00
1     1.684993e+02  -8.703208e-01  -4.924492e-01   0.000000e+00   3.094231e+00  -5.468529e+00   0.000000e+00
0     1.685993e+02   0.000000e+00   0.000000e+00   0.000000e+00   0.000000e+00   0.000000e+00   0.000000e+00
1     1.685993e+02  -4.147561e-01  -9.099121e-01   0.000000e+00   5.717313e+00  -2.606046e+00   0.000000e+00
0     1.686993e+02   0.000000e+00   0.000000e+00   0.000000e+00   0.000000e+00   0.000000e+00   0.000000e+00
1     1.686993e+02   1.991751e-01  -9.799426e-01   0.000000e+00   6.157355e+00   1.251521e+00   0.000000e+00
0     1.687993e+02   0.000000e+00   0.000000e+00   0.000000e+00   0.000000e+00   0.000000e+00   0.000000e+00
1     1.687993e+02   7.370543e-01  -6.757985e-01   0.000000e+00   4.246309e+00   4.631242e+00   0.000000e+00
0     1.688992e+02   0.000000e+00   0.000000e+00   0.000000e+00   0.000000e+00   0.000000e+00   0.000000e+00
1     1.688992e+02   9.934993e-01  -1.136104e-01   0.000000e+00   7.138492e-01   6.242606e+00   0.000000e+00
0     1.689992e+02   0.000000e+00   0.000000e+00   0.000000e+00   0.000000e+00   0.000000e+00   0.000000e+00
1     1.689992e+02   8.705880e-01   4.919584e-01   0.000000e+00  -3.091201e+00   5.470307e+00   0.000000e+00
0     1.690992e+02   0.000000e+00   0.000000e+00   0.000000e+00   0.000000e+00   0.000000e+00   0.000000e+00
1     1.690992e+02   4.152520e-01   9.096780e-01   0.000000e+00  -5.715910e+00   2.609230e+00   0.000000e+00
0     1.691992e+02   0.000000e+00   0.000000e+00   0.000000e+00   0.000000e+00   0.000000e+00   0.000000e+00
1     1.691992e+02  -1.986434e-01   9.800477e-01   0.000000e+00  -6.158059e+00  -1.248135e+00   0.000000e+00
0     1.692991e+02   0.000000e+00   0.000000e+00   0.000000e+00   0.000000e+00   0.000000e+00   0.000000e+00
1     1.692991e+02  -7.366899e-01   6.761998e-01   0.000000e+00  -4.248845e+00  -4.628891e+00   0.000000e+00
0     1.693991e+02   0.000000e+00   0.000000e+00   0.000000e+00   0.000000e+00   0.000000e+00   0.000000e+00
1     1.693991e+02  -9.934440e-01   1.141562e-01   0.000000e+00  -7.173007e-01  -6.242165e+00   0.000000e+00
0     1.694991e+02   0.000000e+00   0.000000e+00   0.000000e+00   0.000000e+00   0.000000e+00   0.000000e+00
1     1.694991e+02  -8.708706e-01  -4.914759e-01   0.000000e+00   3.088116e+00  -5.471985e+00   0.000000e+00
0     1.695991e+02   0.000000e+00   0.000000e+00   0.000000e+00   0.000000e+00   0.000000e+00   0.000000e+00
1     1.695991e+02  -4.157728e-01  -9.094478e-01   0.000000e+00   5.714397e+00  -2.612436e+00   0.000000e+00
0     1.696991e+02   0.000000e+00   0.000000e+00   0.000000e+00   0.000000e+00   0.000000e+00   0.000000e+00
1     1.696991e+02   1.980797e-01  -9.801644e-01   0.000000e+00   6.158750e+00   1.244638e+00   0.000000e+00
0     1.697990e+02   0.000000e+00   0.000000e+00   0.000000e+00   0.000000e+00   0.000000e+00   0.000000e+00
1     1.697990e+02   7.362985e-01  -6.766217e-01   0.000000e+00   4.251482e+00   4.626494e+00   0.000000e+00
0     1.698990e+02   0.000000e+00   0.000000e+00   0.000000e+00   0.000000e+00   0.000000e+00   0.000000e+00
1     1.698990e+02   9.933716e-01  -1.147204e-01   0.000000e+00   7.208243e-01   6.241805e+00   0.000000e+00
0     1.699990e+02   0.000000e+00   0.000000e+00   0.000000e+00   0.000000e+00   0.000000e+00   0.000000e+00
1     1.699990e+02   8.711370e-01   4.909853e-01   0.000000e+00  -3.085088e+00   5.473757e+00   0.000000e+00
0     1.700990e+02   0.000000e+00   0.000000e+00   0.000000e+00   0.000000e+00   0.000000e+00   0.000000e+00
1     1.700990e+02   4.162679e-01   9.092134e-01   0.000000e+00  -5.712992e+00   2.615614e+00   0.000000e+00
0     1.701990e+02   0.000000e+00   0.000000e+00   0.000000e+00   0.000000e+00   0.000000e+00   0.000000e+00
1     1.701990e+02  -1.975486e-01   9.802689e-01   0.000000e+00  -6.159450e+00  -1.241255e+00   0.000000e+00
0     1.702989e+02   0.000000e+00   0.000000e+00   0.000000e+00   0.000000e+00   0.000000e+00   0.000000e+00
1     1.702989e+02  -7.359341e-01   6.770221e-01   0.000000e+00  -4.254013e+00  -4.624143e+00   0.000000e+00
0     1.703989e+02   0.000000e+00   0.000000e+00   0.000000e+00   0.000000e+00   0.000000e+00   0.000000e+00
1     1.703989e+02  -9.933158e-01   1.152655e-01   0.000000e+00  -7.242710e-01  -6.241361e+00   0.000000e+00
0     1.704989e+02   0.000000e+00   0.000000e+00   0.000000e+00   0.000000e+00   0.000000e+00   0.000000e+00
1     1.704989e+02  -8.714187e-01  -4.905031e-01   0.000000e+00   3.082004e+00  -5.475430e+00   0.000000e+00
0     1.705989e+02   0.000000e+00   0.000000e+00   0.000000e+00   0.000000e+00   0.000000e+00   0.000000e+00
1     1.705989e+02  -4.167879e-01  -9.089830e-01   0.000000e+00   5.711477e+00  -2.618814e+00   0.000000e+00
0     1.706988e+02   0.000000e+00   0.000000e+00   0.000000e+00   0.000000e+00   0.000000e+00   0.000000e+00
1     1.706988e+02   1.969854e-01  -9.803848e-01   0.000000e+00   6.160136e+00   1.237762e+00   0.000000e+00
0     1.707988e+02   0.000000e+00   0.000000e+00   0.000000e+00   0.000000e+00   0.000000e+00   0.000000e+00
1     1.707988e+02   7.355427e-01  -6.774431e-01   0.000000e+00   4.256644e+00   4.621746e+00   0.000000e+00
0     1.708988e+02   0.000000e+00   0.000000e+00   0.000000e+00   0.000000e+00   0.000000e+00   0.000000e+00
1     1.708988e+02   9.932428e-01  -1.158291e-01   0.000000e+00   7.277905e-01   6.240997e+00   0.000000e+00
0     1.709988e+02   0.000000e+00   0.000000e+00   0.000000e+00   0.000000e+00   0.000000e+00   0.000000e+00
1     1.709988e+02   8.716843e-01   4.900127e-01   0.000000e+00  -3.078977e+00   5.477197e+00   0.000000e+00
0     1.710988e+02   0.000000e+00   0.000000e+00   0.000000e+00   0.000000e+00   0.000000e+00   0.000000e+00
1     1.710988e+02   4.172821e-01   9.087483e-01   0.000000e+00  -5.710070e+00   2.621988e+00   0.000000e+00
0     1.711987e+02   0.000000e+00   0.000000e+00   0.000000e+00   0.000000e+00   0.000000e+00   0.000000e+00
1     1.711987e+02  -1.964547e-01   9.804885e-01   0.000000e+00  -6.160832e+00  -1.234382e+00   0.000000e+00
0     1.712987e+02   0.000000e+00   0.000000e+00   0.000000e+00   0.000000e+00   0.000000e+00   0.000000e+00
1     1.712987e+02  -7.351783e-01   6.778426e-01   0.000000e+00  -4.259169e+00  -4.619394e+00   0.000000e+00
0     1.713987e+02   0.000000e+00   0.000000e+00   0.000000e+00   0.000000e+00   0.000000e+00   0.000000e+00
1     1.713987e+02  -9.931864e-01   1.163735e-01   0.000000e+00  -7.312329e-01  -6.240549e+00   0.000000e+00
0     1.714987e+02   0.000000e+00   0.000000e+00   0.000000e+00   0.000000e+00   0.000000e+00   0.000000e+00
1     1.714987e+02  -8.719652e-01  -4.895308e-01   0.000000e+00   3.075895e+00  -5.478865e+00   0.000000e+00
0     1.715987e+02   0.000000e+00   0.000000e+00   0.000000e+00   0.000000e+00   0.000000e+00   0.000000e+00
1     1.715987e+02  -4.178013e-01  -9.085175e-01   0.000000e+00   5.708553e+00  -2.625182e+00   0.000000e+00
0     1.716986e+02   0.000000e+00   0.000000e+00   0.000000e+00   0.000000e+00   0.000000e+00   0.000000e+00
1     1.716986e+02   1.958920e-01  -9.806038e-01   0.000000e+00   6.161513e+00   1.230892e+00   0.000000e+00
0     1.717986e+02   0.000000e+00   0.000000e+00   0.000000e+00   0.000000e+00   0.000000e+00   0.000000e+00
1     1.717986e+02   7.347868e-01  -6.782627e-01   0.000000e+00   4.261794e+00   4.616997e+00   0.000000e+00
0     1.718986e+02   0.000000e+00   0.000000e+00   0.000000e+00   0.000000e+00   0.000000e+00   0.000000e+00
1     1.718986e+02   9.931130e-01  -1.169363e-01   0.000000e+00   7.347478e-01   6.240182e+00   0.000000e+00
0     1.719986e+02   0.000000e+00   0.000000e+00   0.000000e+00   0.000000e+00   0.000000e+00   0.000000e+00
1     1.719986e+02   8.722299e-01   4.890407e-01   0.000000e+00  -3.072870e+00   5.480626e+00   0.000000e+00
0     1.720985e+02   0.000000e+00   0.000000e+00   0.000000e+00   0.000000e+00   0.000000e+00   0.000000e+00
1     1.720985e+02   4.182947e-01   9.082825e-01   0.000000e+00  -5.707145e+00   2.628351e+00   0.000000e+00
0     1.721985e+02   0.000000e+00   0.000000e+00   0.000000e+00   0.000000e+00   0.000000e+00   0.000000e+00
1     1.721985e+02  -1.953618e-01   9.807067e-01   0.000000e+00  -6.162204e+00  -1.227516e+00   0.000000e+00
0     1.722985e+02   0.000000e+00   0.000000e+00   0.000000e+00   0.000000e+00   0.000000e+00   0.000000e+00
1     1.722985e+02  -7.344224e-01   6.786613e-01   0.000000e+00  -4.264315e+00  -4.614646e+00   0.000000e+00
0     1.723985e+02   0.000000e+00   0.000000e+00   0.000000e+00   0.000000e+00   0.000000e+00   0.000000e+00
1     1.723985e+02  -9.930560e-01   1.174800e-01   0.000000e+00  -7.381859e-01  -6.239731e+00   0.000000e+00
0     1.724985e+02   0.000000e+00   0.000000e+00   0.000000e+00   0.000000e+00   0.000000e+00   0.000000e+00
1     1.724985e+02  -8.725099e-01  -4.885590e-01   0.000000e+00   3.069790e+00  -5.482289e+00   0.000000e+00
0     1.725984e+02   0.000000e+00   0.000000e+00   0.000000e+00   0.000000e+00   0.000000e+00   0.000000e+00
1     1.725984e+02  -4.188131e-01  -9.080514e-01   0.000000e+00   5.705625e+00  -2.631540e+00   0.000000e+00
0     1.726984e+02   0.000000e+00   0.000000e+00   0.000000e+00   0.000000e+00   0.000000e+00   0.000000e+00
1     1.726984e+02   1.947996e-01  -9.808212e-01   0.000000e+00   6.162881e+00   1.224029e+00   0.000000e+00
0     1.727984e+02   0.000000e+00   0.000000e+00   0.000000e+00   0.000000e+00   0.000000e+00   0.000000e+00
1     1.727984e+02   7.340308e-01  -6.790805e-01   0.000000e+00   4.266934e+00   4.612248e+00   0.000000e+00
0     1.728984e+02   0.000000e+00   0.000000e+00   0.000000e+00   0.000000e+00   0.000000e+00   0.000000e+00
1     1.728984e+02   9.929820e-01  -1.180422e-01   0.000000e+00   7.416967e-01   6.239361e+00   0.000000e+00
0     1.729984e+02   0.000000e+00   0.000000e+00   0.000000e+00   0.000000e+00   0.000000e+00   0.000000e+00
1     1.729984e+02   8.727738e-01   4.880691e-01   0.000000e+00  -3.066766e+00   5.484045e+00   0.000000e+00
0     1.730983e+02   0.000000e+00   0.000000e+00   0.000000e+00   0.000000e+00   0.000000e+00   0.000000e+00
1     1.730983e+02   4.193057e-01   9.078160e-01   0.000000e+00  -5.704215e+00   2.634704e+00   0.000000e+00
0     1.731983e+02   0.000000e+00   0.000000e+00   0.000000e+00   0.000000e+00   0.000000e+00   0.000000e+00
1     1.731983e+02  -1.942699e-01   9.809235e-01   0.000000e+00  -6.163567e+00  -1.220655e+00   0.000000e+00
0     1.732983e+02   0.000000e+00   0.000000e+00   0.000000e+00   0.000000e+00   0.000000e+00   0.000000e+00
1     1.732983e+02  -7.336664e-01   6.794783e-01   0.000000e+00  -4.269449e+00  -4.609896e+00   0.000000e+00
0     1.733983e+02   0.000000e+00   0.000000e+00   0.000000e+00   0.000000e+00   0.000000e+00   0.000000e+00
1     1.733983e+02  -9.929245e-01   1.185852e-01   0.000000e+00  -7.451302e-01  -6.238906e+00   0.000000e+00
0     1.734983e+02   0.000000e+00   0.000000e+00   0.000000e+00   0.000000e+00   0.000000e+00   0.000000e+00
1     1.734983e+02  -8.730529e-01  -4.875876e-01   0.000000e+00   3.063687e+00  -5.485702e+00   0.000000e+00
0     1.736000e+02   0.000000e+00   0.000000e+00   0.000000e+00   0.000000e+00   0.000000e+00   0.000000e+00
1     1.736000e+02  -4.097952e-01  -9.121563e-01   0.000000e+00   5.731420e+00  -2.574878e+00   0.000000e+00
0     1.737000e+02   0.000000e+00   0.000000e+00   0.000000e+00   0.000000e+00   0.000000e+00   0.000000e+00
1     1.737000e+02   2.045084e-01  -9.788427e-01   0.000000e+00   6.150450e+00   1.285033e+00   0.000000e+00
0     1.737999e+02   0.000000e+00   0.000000e+00   0.000000e+00   0.000000e+00   0.000000e+00   0.000000e+00
1     1.737999e+02   7.407234e-01  -6.717739e-01   0.000000e+00   4.221024e+00   4.654301e+00   0.000000e+00
0     1.738999e+02   0.000000e+00   0.000000e+00   0.000000e+00   0.000000e+00   0.000000e+00   0.000000e+00
1     1.738999e+02   9.941027e-01  -1.081972e-01   0.000000e+00   6.798362e-01   6.246404e+00   0.000000e+00
0     1.739999e+02   0.000000e+00   0.000000e+00   0.000000e+00   0.000000e+00   0.000000e+00   0.000000e+00
1     1.739999e+02   8.678946e-01   4.966933e-01   0.000000e+00  -3.120956e+00   5.453388e+00   0.000000e+00
0     1.740999e+02   0.000000e+00   0.000000e+00   0.000000e+00   0.000000e+00   0.000000e+00   0.000000e+00
1     1.740999e+02   4.102895e-01   9.119263e-01   0.000000e+00  -5.730042e+00   2.578052e+00   0.000000e+00
0     1.741999e+02   0.000000e+00   0.000000e+00   0.000000e+00   0.000000e+00   0.000000e+00   0.000000e+00
1     1.741999e+02  -2.039804e-01   9.789502e-01   0.000000e+00  -6.151169e+00  -1.281670e+00   0.000000e+00
0     1.742998e+02   0.000000e+00   0.000000e+00   0.000000e+00   0.000000e+00   0.000000e+00   0.000000e+00
1     1.742998e+02  -7.403633e-01   6.721749e-01   0.000000e+00  -4.223559e+00  -4.651977e+00   0.000000e+00
0     1.743998e+02   0.000000e+00   0.000000e+00   0.000000e+00   0.000000e+00   0.000000e+00   0.000000e+00
1     1.743998e+02  -9.940507e-01   1.087403e-01   0.000000e+00  -6.832707e-01  -6.245984e+00   0.000000e+00
0     1.744998e+02   0.000000e+00   0.000000e+00   0.000000e+00   0.000000e+00   0.000000e+00   0.000000e+00
1     1.744998e+02  -8.681783e-01  -4.962150e-01   0.000000e+00   3.117897e+00  -5.455074e+00   0.000000e+00
0     1.745998e+02   0.000000e+00   0.000000e+00   0.000000e+00   0.000000e+00   0.000000e+00   0.000000e+00
1     1.745998e+02  -4.108088e-01  -9.117002e-01   0.000000e+00   5.728555e+00  -2.581247e+00   0.000000e+00
0     1.746997e+02   0.000000e+00   0.000000e+00   0.000000e+00   0.000000e+00   0.000000e+00   0.000000e+00
1     1.746997e+02   2.034203e-01  -9.790693e-01   0.000000e+00   6.151875e+00   1.278197e+00   0.000000e+00
0     1.747997e+02   0.000000e+00   0.000000e+00   0.000000e+00   0.000000e+00   0.000000e+00   0.000000e+00
1     1.747997e+02   7.399763e-01  -6.725965e-01   0.000000e+00   4.226194e+00   4.649608e+00   0.000000e+00
0     1.748997e+02   0.000000e+00   0.000000e+00   0.000000e+00   0.000000e+00   0.000000e+00   0.000000e+00
1     1.748997e+02   9.939818e-01  -1.093017e-01   0.000000e+00   6.867765e-01   6.245645e+00   0.000000e+00
0     1.749997e+02   0.000000e+00   0.000000e+00   0.000000e+00   0.000000e+00   0.000000e+00   0.000000e+00
1     1.749997e+02   8.684458e-01   4.957287e-01   0.000000e+00  -3.114895e+00   5.456852e+00   0.000000e+00
0     1.750997e+02   0.000000e+00   0.000000e+00   0.000000e+00   0.000000e+00   0.000000e+00   0.000000e+00
1     1.750997e+02   4.113022e-01   9.114698e-01   0.000000e+00  -5.727175e+00   2.584415e+00   0.000000e+00
0     1.751996e+02   0.000000e+00   0.000000e+00   0.000000e+00   0.000000e+00   0.000000e+00   0.000000e+00
1     1.751996e+02  -2.028929e-01   9.791760e-01   0.000000e+00  -6.152589e+00  -1.274837e+00   0.000000e+00
0     1.752996e+02   0.000000e+00   0.000000e+00   0.000000e+00   0.000000e+00   0.000000e+00   0.000000e+00
1     1.752996e+02  -7.396163e-01   6.729966e-01   0.000000e+00  -4.228723e+00  -4.647284e+00   0.000000e+00
0     1.753996e+02   0.000000e+00   0.000000e+00   0.000000e+00   0.000000e+00   0.000000e+00   0.000000e+00
1     1.753996e+02  -9.939292e-01   1.098440e-01   0.000000e+00  -6.902062e-01  -6.245221e+00   0.000000e+00
0     1.754996e+02   0.000000e+00   0.000000e+00   0.000000e+00   0.000000e+00   0.000000e+00   0.000000e+00
1     1.754996e+02  -8.687286e-01  -4.952507e-01   0.000000e+00   3.111838e+00  -5.458533e+00   0.000000e+00
0     1.755996e+02   0.000000e+00   0.000000e+00   0.000000e+00   0.000000e+00   0.000000e+00   0.000000e+00
1     1.755996e+02  -4.118207e-01  -9.112434e-01   0.000000e+00   5.725686e+00  -2.587606e+00   0.000000e+00
0     1.756995e+02   0.000000e+00   0.000000e+00   0.000000e+00   0.000000e+00   0.000000e+00   0.000000e+00
1     1.756995e+02   2.023333e-01  -9.792944e-01   0.000000e+00   6.153291e+00   1.271367e+00   0.000000e+00
0     1.757995e+02   0.000000e+00   0.000000e+00   0.000000e+00   0.000000e+00   0.000000e+00   0.000000e+00
1     1.757995e+02   7.392292e-01  -6.734173e-01   0.000000e+00   4.231353e+00   4.644915e+00   0.000000e+00
0     1.758995e+02   0.000000e+00   0.000000e+00   0.000000e+00   0.000000e+00   0.000000e+00   0.000000e+00
1     1.758995e+02   9.938597e-01  -1.104048e-01   0.000000e+00   6.937078e-01   6.244880e+00   0.000000e+00
0     1.759995e+02   0.000000e+00   0.000000e+00   0.000000e+00   0.000000e+00   0.000000e+00   0.000000e+00
1     1.759995e+02   8.689953e-01   4.947645e-01   0.000000e+00  -3.108838e+00   5.460306e+00   0.000000e+00
0     1.760995e+02   0.000000e+00   0.000000e+00   0.000000e+00   0.000000e+00   0.000000e+00   0.000000e+00
1     1.760995e+02   4.123133e-01   9.110127e-01   0.000000e+00  -5.724305e+00   2.590769e+00   0.000000e+00
0     1.761994e+02   0.000000e+00   0.000000e+00   0.000000e+00   0.000000e+00   0.000000e+00   0.000000e+00
1     1.761994e+02  -2.018063e-01   9.794004e-01   0.000000e+00  -6.154000e+00  -1.268010e+00   0.000000e+00
0     1.762994e+02   0.000000e+00   0.000000e+00   0.000000e+00   0.000000e+00   0.000000e+00   0.000000e+00
1     1.762994e+02  -7.388691e-01   6.738166e-01   0.000000e+00  -4.233877e+00  -4.642590e+00   0.000000e+00
0     1.763994e+02   0.000000e+00   0.000000e+00   0.000000e+00   0.000000e+00   0.000000e+00   0.000000e+00
1     1.763994e+02  -9.938066e-01   1.109465e-01   0.000000e+00  -6.971334e-01  -6.244452e+00   0.000000e+00
0     1.764994e+02   0.000000e+00   0.000000e+00   0.000000e+00   0.000000e+00   0.000000e+00   0.000000e+00
1     1.764994e+02  -8.692773e-01  -4.942868e-01   0.000000e+00   3.105782e+00  -5.461981e+00   0.000000e+00
0     1.765993e+02   0.000000e+00   0.000000e+00   0.000000e+00   0.000000e+00   0.000000e+00   0.000000e+00
1     1.765993e+02  -4.128309e-01  -9.107860e-01   0.000000e+00   5.722813e+00  -2.593954e+00   0.000000e+00
0     1.766993e+02   0.000000e+00   0.000000e+00   0.000000e+00   0.000000e+00   0.000000e+00   0.000000e+00
1     1.766993e+02   2.012473e-01  -9.795180e-01   0.000000e+00   6.154697e+00   1.264543e+00   0.000000e+00
0     1.767993e+02   0.000000e+00   0.000000e+00   0.000000e+00   0.000000e+00   0.000000e+00   0.000000e+00
1     1.767993e+02   7.384820e-01  -6.742364e-01   0.000000e+00   4.236500e+00   4.640221e+00   0.000000e+00
0     1.768993e+02   0.000000e+00   0.000000e+00   0.000000e+00   0.000000e+00   0.000000e+00   0.000000e+00
1     1.768993e+02   9.937366e-01  -1.115065e-01   0.000000e+00   7.006305e-01   6.244107e+00   0.000000e+00
0     1.769993e+02   0.000000e+00   0.000000e+00   0.000000e+00   0.000000e+00   0.000000e+00   0.000000e+00
1     1.769993e+02   8.695430e-01   4.938009e-01   0.000000e+00  -3.102784e+00   5.463749e+00   0.000000e+00
0     1.770992e+02   0.000000e+00   0.000000e+00   0.000000e+00   0.000000e+00   0.000000e+00   0.000000e+00
1     1.770992e+02   4.133227e-01   9.105551e-01   0.000000e+00  -5.721430e+00   2.597112e+00   0.000000e+00
0     1.771992e+02   0.000000e+00   0.000000e+00   0.000000e+00   0.000000e+00   0.000000e+00   0.000000e+00
1     1.771992e+02  -2.007208e-01   9.796233e-01   0.000000e+00  -6.155402e+00  -1.261189e+00   0.000000e+00
0     1.772992e+02   0.000000e+00   0.000000e+00   0.000000e+00   0.000000e+00   0.000000e+00   0.000000e+00
1     1.772992e+02  -7.381219e-01   6.746349e-01   0.000000e+00  -4.239019e+00  -4.637896e+00   0.000000e+00
0     1.773992e+02   0.000000e+00   0.000000e+00   0.000000e+00   0.000000e+00   0.000000e+00   0.000000e+00
1     1.773992e+02  -9.936830e-01   1.120475e-01   0.000000e+00  -7.040517e-01  -6.243677e+00   0.000000e+00
0     1.774992e+02   0.000000e+00   0.000000e+00   0.000000e+00   0.000000e+00   0.000000e+00   0.000000e+00
1     1.774992e+02  -8.698242e-01  -4.933234e-01   0.000000e+00   3.099729e+00  -5.465419e+00   0.000000e+00
0     1.775991e+02   0.000000e+00   0.000000e+00   0.000000e+00   0.000000e+00   0.000000e+00   0.000000e+00
1     1.775991e+02  -4.138395e-01  -9.103281e-01   0.000000e+00   5.719937e+00  -2.600292e+00   0.000000e+00
0     1.776991e+02   0.000000e+00   0.000000e+00   0.000000e+00   0.000000e+00   0.000000e+00   0.000000e+00
1     1.776991e+02   2.001622e-01  -9.797402e-01   0.000000e+00   6.156094e+00   1.257726e+00   0.000000e+00
0     1.777991e+02   0.000000e+00   0.000000e+00   0.000000e+00   0.000000e+00   0.000000e+00   0.000000e+00
1     1.777991e+02   7.377348e-01  -6.750538e-01   0.000000e+00   4.241637e+00   4.635526e+00   0.000000e+00
0     1.778991e+02   0.000000e+00   0.000000e+00   0.000000e+00   0.000000e+00   0.000000e+00   0.000000e+00
1     1.778991e+02   9.936124e-01  -1.126068e-01   0.000000e+00   7.075446e-01   6.243328e+00   0.000000e+00
0     1.779990e+02   0.000000e+00   0.000000e+00   0.000000e+00   0.000000e+00   0.000000e+00   0.000000e+00
1     1.779990e+02   8.700892e-01   4.928377e-01   0.000000e+00  -3.096732e+00   5.467182e+00   0.000000e+00
0     1.780990e+02   0.000000e+00   0.000000e+00   0.000000e+00   0.000000e+00   0.000000e+00   0.000000e+00
1     1.780990e+02   4.143305e-01   9.100968e-01   0.000000e+00  -5.718552e+00   2.603445e+00   0.000000e+00
0     1.781990e+02   0.000000e+00   0.000000e+00   0.000000e+00   0.000000e+00   0.000000e+00   0.000000e+00
1     1.781990e+02  -1.996362e-01   9.798448e-01   0.000000e+00  -6.156795e+00  -1.254375e+00   0.000000e+00
0     1.782990e+02   0.000000e+00   0.000000e+00   0.000000e+00   0.000000e+00   0.000000e+00   0.000000e+00
1     1.782990e+02  -7.373746e-01   6.754513e-01   0.000000e+00  -4.244150e+00  -4.633201e+00   0.000000e+00
0     1.783990e+02   0.000000e+00   0.000000e+00   0.000000e+00   0.000000e+00   0.000000e+00   0.000000e+00
1     1.783990e+02  -9.935582e-01   1.131471e-01   0.000000e+00  -7.109612e-01  -6.242894e+00   0.000000e+00
0     1.784989e+02   0.000000e+00   0.000000e+00   0.000000e+00   0.000000e+00   0.000000e+00   0.000000e+00
1     1.784989e+02  -8.703694e-01  -4.923605e-01   0.000000e+00   3.093680e+00  -5.468846e+00   0.000000e+00
0     1.785989e+02   0.000000e+00   0.000000e+00   0.000000e+00   0.000000e+00   0.000000e+00   0.000000e+00
1     1.785989e+02  -4.148464e-01  -9.098695e-01   0.000000e+00   5.717056e+00  -2.606619e+00   0.000000e+00
0     1.786989e+02   0.000000e+00   0.000000e+00   0.000000e+00   0.000000e+00   0.000000e+00   0.000000e+00
1     1.786989e+02   1.990782e-01  -9.799609e-01   0.000000e+00   6.157482e+00   1.250914e+00   0.000000e+00
0     1.787989e+02   0.000000e+00   0.000000e+00   0.000000e+00   0.000000e+00   0.000000e+00   0.000000e+00
1     1.787989e+02   7.369875e-01  -6.758694e-01   0.000000e+00   4.246763e+00   4.630832e+00   0.000000e+00
0     1.788989e+02   0.000000e+00   0.000000e+00   0.000000e+00   0.000000e+00   0.000000e+00   0.000000e+00
1     1.788989e+02   9.934871e-01  -1.137058e-01   0.000000e+00   7.144499e-01   6.242542e+00   0.000000e+00
0     1.789988e+02   0.000000e+00   0.000000e+00   0.000000e+00   0.000000e+00   0.000000e+00   0.000000e+00
1     1.789988e+02   8.706336e-01   4.918751e-01   0.000000e+00  -3.090684e+00   5.470604e+00   0.000000e+00
0     1.790988e+02   0.000000e+00   0.000000e+00   0.000000e+00   0.000000e+00   0.000000e+00   0.000000e+00
1     1.790988e+02   4.153366e-01   9.096379e-01   0.000000e+00  -5.715669e+00   2.609767e+00   0.000000e+00
0     1.791988e+02   0.000000e+00   0.000000e+00   0.000000e+00   0.000000e+00   0.000000e+00   0.000000e+00
1     1.791988e+02  -1.985526e-01   9.800648e-01   0.000000e+00  -6.158179e+00  -1.247566e+00   0.000000e+00
0     1.792988e+02   0.000000e+00   0.000000e+00   0.000000e+00   0.000000e+00   0.000000e+00   0.000000e+00
1     1.792988e+02  -7.366273e-01   6.762661e-01   0.000000e+00  -4.249270e+00  -4.628507e+00   0.000000e+00
0     1.793987e+02   0.000000e+00   0.000000e+00   0.000000e+00   0.000000e+00   0.000000e+00   0.000000e+00
1     1.793987e+02  -9.934324e-01   1.142454e-01   0.000000e+00  -7.178622e-01  -6.242105e+00   0.000000e+00
0     1.794987e+02   0.000000e+00   0.000000e+00   0.000000e+00   0.000000e+00   0.000000e+00   0.000000e+00
1     1.794987e+02  -8.709130e-01  -4.913981e-01   0.000000e+00   3.087633e+00  -5.472262e+00   0.000000e+00
0     1.795987e+02   0.000000e+00   0.000000e+00   0.000000e+00   0.000000e+00   0.000000e+00   0.000000e+00
1     1.795987e+02  -4.158517e-01  -9.094103e-01   0.000000e+00   5.714172e+00  -2.612937e+00   0.000000e+00
0     1.796987e+02   0.000000e+00   0.000000e+00   0.000000e+00   0.000000e+00   0.000000e+00   0.000000e+00
1     1.796987e+02   1.979950e-01  -9.801802e-01   0.000000e+00   6.158861e+00   1.244109e+00   0.000000e+00
0     1.797987e+02   0.000000e+00   0.000000e+00   0.000000e+00   0.000000e+00   0.000000e+00   0.000000e+00
1     1.797987e+02   7.362401e-01  -6.766833e-01   0.000000e+00   4.251877e+00   4.626136e+00   0.000000e+00
0     1.798986e+02   0.000000e+00   0.000000e+00   0.000000e+00   0.000000e+00   0.000000e+00   0.000000e+00
1     1.798986e+02   9.933607e-01  -1.148034e-01   0.000000e+00   7.213467e-01   6.241749e+00   0.000000e+00
0     1.799986e+02   0.000000e+00   0.000000e+00   0.000000e+00   0.000000e+00   0.000000e+00   0.000000e+00
1     1.799986e+02   8.711763e-01   4.909129e-01   0.000000e+00  -3.084639e+00   5.474015e+00   0.000000e+00
0     1.800986e+02   0.000000e+00   0.000000e+00   0.000000e+00   0.000000e+00   0.000000e+00   0.000000e+00
1     1.800986e+02   4.163411e-01   9.091785e-01   0.000000e+00  -5.712784e+00   2.616079e+00   0.000000e+00
0     1.801986e+02   0.000000e+00   0.000000e+00   0.000000e+00   0.000000e+00   0.000000e+00   0.000000e+00
1     1.801986e+02  -1.974700e-01   9.802833e-01   0.000000e+00  -6.159553e+00  -1.240764e+00   0.000000e+00
0     1.802986e+02   0.000000e+00   0.000000e+00   0.000000e+00   0.000000e+00   0.000000e+00   0.000000e+00
1     1.802986e+02  -7.358799e-01   6.770790e-01   0.000000e+00  -4.254379e+00  -4.623812e+00   0.000000e+00
0     1.803985e+02   0.000000e+00   0.000000e+00   0.000000e+00   0.000000e+00   0.000000e+00   0.000000e+00
1     1.803985e+02  -9.933055e-01   1.153422e-01   0.000000e+00  -7.247543e-01  -6.241309e+00   0.000000e+00
0     1.804985e+02   0.000000e+00   0.000000e+00   0.000000e+00   0.000000e+00   0.000000e+00   0.000000e+00
1     1.804985e+02  -8.714549e-01  -4.904362e-01   0.000000e+00   3.081589e+00  -5.475668e+00   0.000000e+00
0     1.805985e+02   0.000000e+00   0.000000e+00   0.000000e+00   0.000000e+00   0.000000e+00   0.000000e+00
1     1.805985e+02  -4.168554e-01  -9.089506e-01   0.000000e+00   5.711285e+00  -2.619243e+00   0.000000e+00
0     1.806985e+02   0.000000e+00   0.000000e+00   0.000000e+00   0.000000e+00   0.000000e+00   0.000000e+00
1     1.806985e+02   1.969129e-01  -9.803980e-01   0.000000e+00   6.160231e+00   1.237310e+00   0.000000e+00
0     1.807985e+02   0.000000e+00   0.000000e+00   0.000000e+00   0.000000e+00   0.000000e+00   0.000000e+00
1     1.807985e+02   7.354927e-01  -6.774954e-01   0.000000e+00   4.256981e+00   4.621441e+00   0.000000e+00
0     1.808984e+02   0.000000e+00   0.000000e+00   0.000000e+00   0.000000e+00   0.000000e+00   0.000000e+00
1     1.808984e+02   9.932333e-01  -1.158995e-01   0.000000e+00   7.282346e-01   6.240950e+00   0.000000e+00
0     1.809984e+02   0.000000e+00   0.000000e+00   0.000000e+00   0.000000e+00   0.000000e+00   0.000000e+00
1     1.809984e+02   8.717174e-01   4.899512e-01   0.000000e+00  -3.078597e+00   5.477416e+00   0.000000e+00
0     1.810984e+02   0.000000e+00   0.000000e+00   0.000000e+00   0.000000e+00   0.000000e+00   0.000000e+00
1     1.810984e+02   4.173439e-01   9.087184e-01   0.000000e+00  -5.709894e+00   2.622381e+00   0.000000e+00
0     1.811984e+02   0.000000e+00   0.000000e+00   0.000000e+00   0.000000e+00   0.000000e+00   0.000000e+00
1     1.811984e+02  -1.963884e-01   9.805005e-01   0.000000e+00  -6.160919e+00  -1.233968e+00   0.000000e+00
0     1.812983e+02   0.000000e+00   0.000000e+00   0.000000e+00   0.000000e+00   0.000000e+00   0.000000e+00
1     1.812983e+02  -7.351325e-01   6.778903e-01   0.000000e+00  -4.259477e+00  -4.619116e+00   0.000000e+00
0     1.813983e+02   0.000000e+00   0.000000e+00   0.000000e+00   0.000000e+00   0.000000e+00   0.000000e+00
1     1.813983e+02  -9.931776e-01   1.164377e-01   0.000000e+00  -7.316380e-01  -6.240506e+00   0.000000e+00
0     1.814983e+02   0.000000e+00   0.000000e+00   0.000000e+00   0.000000e+00   0.000000e+00   0.000000e+00
1     1.814983e+02  -8.719951e-01  -4.894747e-01   0.000000e+00   3.075549e+00  -5.479064e+00   0.000000e+00
0     1.815983e+02   0.000000e+00   0.000000e+00   0.000000e+00   0.000000e+00   0.000000e+00   0.000000e+00
1     1.815983e+02  -4.178574e-01  -9.084902e-01   0.000000e+00   5.708393e+00  -2.625540e+00   0.000000e+00
0     1.816983e+02   0.000000e+00   0.000000e+00   0.000000e+00   0.000000e+00   0.000000e+00   0.000000e+00
1     1.816983e+02   1.958318e-01  -9.806144e-01   0.000000e+00   6.161592e+00   1.230517e+00   0.000000e+00
0     1.818000e+02   0.000000e+00   0.000000e+00   0.000000e+00   0.000000e+00   0.000000e+00   0.000000e+00
1     1.818000e+02   7.421762e-01  -6.701669e-01   0.000000e+00   4.210934e+00   4.663437e+00   0.000000e+00
0     1.819000e+02   0.000000e+00   0.000000e+00   0.000000e+00   0.000000e+00   0.000000e+00   0.000000e+00
1     1.819000e+02   9.943338e-01  -1.060421e-01   0.000000e+00   6.662964e-01   6.247866e+00   0.000000e+00
0     1.819999e+02   0.000000e+00   0.000000e+00   0.000000e+00   0.000000e+00   0.000000e+00   0.000000e+00
1     1.819999e+02   8.668146e-01   4.985736e-01   0.000000e+00  -3.132776e+00   5.446610e+00   0.000000e+00
0     1.820999e+02   0.000000e+00   0.000000e+00   0.000000e+00   0.000000e+00   0.000000e+00   0.000000e+00
1     1.820999e+02   4.083097e-01   9.128133e-01   0.000000e+00  -5.735625e+00   2.565616e+00   0.000000e+00
0     1.821999e+02   0.000000e+00   0.000000e+00   0.000000e+00   0.000000e+00   0.000000e+00   0.000000e+00
1     1.821999e+02  -2.061044e-01   9.785041e-01   0.000000e+00  -6.148376e+00  -1.295018e+00   0.000000e+00
0     1.822999e+02   0.000000e+00   0.000000e+00   0.000000e+00   0.000000e+00   0.000000e+00   0.000000e+00
1     1.822999e+02  -7.418204e-01   6.705650e-01   0.000000e+00  -4.213450e+00  -4.661140e+00   0.000000e+00
0     1.823999e+02   0.000000e+00   0.000000e+00   0.000000e+00   0.000000e+00   0.000000e+00   0.000000e+00
1     1.823999e+02  -9.942836e-01   1.065804e-01   0.000000e+00  -6.697006e-01  -6.247456e+00   0.000000e+00
0     1.824998e+02   0.000000e+00   0.000000e+00   0.000000e+00   0.000000e+00   0.000000e+00   0.000000e+00
1     1.824998e+02  -8.670968e-01  -4.981002e-01   0.000000e+00   3.129747e+00  -5.448287e+00   0.000000e+00
0     1.825998e+02   0.000000e+00   0.000000e+00   0.000000e+00   0.000000e+00   0.000000e+00   0.000000e+00
1     1.825998e+02  -4.088250e-01  -9.125903e-01   0.000000e+00   5.734157e+00  -2.568786e+00   0.000000e+00
0     1.826998e+02   0.000000e+00   0.000000e+00   0.000000e+00   0.000000e+00   0.000000e+00   0.000000e+00
1     1.826998e+02   2.055495e-01  -9.786234e-01   0.000000e+00   6.149083e+00   1.291578e+00   0.000000e+00
0     1.827998e+02   0.000000e+00   0.000000e+00   0.000000e+00   0.000000e+00   0.000000e+00   0.000000e+00
1     1.827998e+02   7.414377e-01  -6.709837e-01   0.000000e+00   4.216067e+00   4.658798e+00   0.000000e+00
0     1.828998e+02   0.000000e+00   0.000000e+00   0.000000e+00   0.000000e+00   0.000000e+00   0.000000e+00
1     1.828998e+02   9.942163e-01  -1.071369e-01   0.000000e+00   6.731756e-01   6.247129e+00   0.000000e+00
0     1.829997e+02   0.000000e+00   0.000000e+00   0.000000e+00   0.000000e+00   0.000000e+00   0.000000e+00
1     1.829997e+02   8.673629e-01   4.976188e-01   0.000000e+00  -3.126777e+00   5.450057e+00   0.000000e+00
0     1.830997e+02   0.000000e+00   0.000000e+00   0.000000e+00   0.000000e+00   0.000000e+00   0.000000e+00
1     1.830997e+02   4.093143e-01   9.123631e-01   0.000000e+00  -5.732797e+00   2.571929e+00   0.000000e+00
0     1.831997e+02   0.000000e+00   0.000000e+00   0.000000e+00   0.000000e+00   0.000000e+00   0.000000e+00
1     1.831997e+02  -2.050272e-01   9.787303e-01   0.000000e+00  -6.149798e+00  -1.288250e+00   0.000000e+00
0     1.832997e+02   0.000000e+00   0.000000e+00   0.000000e+00   0.000000e+00   0.000000e+00   0.000000e+00
1     1.832997e+02  -7.410818e-01   6.713809e-01   0.000000e+00  -4.218578e+00  -4.656500e+00   0.000000e+00
0     1.833997e+02   0.000000e+00   0.000000e+00   0.000000e+00   0.000000e+00   0.000000e+00   0.000000e+00
1     1.833997e+02  -9.941655e-01   1.076745e-01   0.000000e+00  -6.765753e-01  -6.246716e+00   0.000000e+00
0     1.834996e+02   0.000000e+00   0.000000e+00   0.000000e+00   0.000000e+00   0.000000e+00   0.000000e+00
1     1.834996e+02  -8.676443e-01  -4.971458e-01   0.000000e+00   3.123750e+00  -5.451728e+00   0.000000e+00
0     1.835996e+02   0.000000e+00   0.000000e+00   0.000000e+00   0.000000e+00   0.000000e+00   0.000000e+00
1     1.835996e+02  -4.098287e-01  -9.121399e-01   0.000000e+00   5.731328e+00  -2.575094e+00   0.000000e+00
0     1.836996e+02   0.000000e+00   0.000000e+00   0.000000e+00   0.000000e+00   0.000000e+00   0.000000e+00
1     1.836996e+02   2.044728e-01  -9.788488e-01   0.000000e+00   6.150501e+00   1.284813e+00   0.000000e+00
0     1.837996e+02   0.000000e+00   0.000000e+00   0.000000e+00   0.000000e+00   0.000000e+00   0.000000e+00
1     1.837996e+02   7.406991e-01  -6.717987e-01   0.000000e+00   4.221189e+00   4.654158e+00   0.000000e+00
0     1.838995e+02   0.000000e+00   0.000000e+00   0.000000e+00   0.000000e+00   0.000000e+00   0.000000e+00
1     1.838995e+02   9.940978e-01  -1.082303e-01   0.000000e+00   6.800460e-01   6.246386e+00   0.000000e+00
0     1.839995e+02   0.000000e+00   0.000000e+00   0.000000e+00   0.000000e+00   0.000000e+00   0.000000e+00
1     1.839995e+02   8.679095e-01   4.966646e-01   0.000000e+00  -3.120782e+00   5.453492e+00   0.000000e+00
0     1.840995e+02   0.000000e+00   0.000000e+00   0.000000e+00   0.000000e+00   0.000000e+00   0.000000e+00
1     1.840995e+02   4.103172e-01   9.119123e-01   0.000000e+00  -5.729966e+00   2.578231e+00   0.000000e+00
0     1.841995e+02   0.000000e+00   0.000000e+00   0.000000e+00   0.000000e+00   0.000000e+00   0.000000e+00
1     1.841995e+02  -2.039510e-01   9.789550e-01   0.000000e+00  -6.151211e+00  -1.281488e+00   0.000000e+00
0     1.842995e+02   0.000000e+00   0.000000e+00   0.000000e+00   0.000000e+00   0.000000e+00   0.000000e+00
1     1.842995e+02  -7.403432e-01   6.721951e-01   0.000000e+00  -4.223695e+00  -4.651860e+00   0.000000e+00
0     1.843994e+02   0.000000e+00   0.000000e+00   0.000000e+00   0.000000e+00   0.000000e+00   0.000000e+00
1     1.843994e+02  -9.940465e-01   1.087672e-01   0.000000e+00  -6.834413e-01  -6.245969e+00   0.000000e+00
0     1.844994e+02   0.000000e+00   0.000000e+00   0.000000e+00   0.000000e+00   0.000000e+00   0.000000e+00
1     1.844994e+02  -8.681900e-01  -4.961918e-01   0.000000e+00   3.117757e+00  -5.455158e+00   0.000000e+00
0     1.845994e+02   0.000000e+00   0.000000e+00   0.000000e+00   0.000000e+00   0.000000e+00   0.000000e+00
1     1.845994e+02  -4.108308e-01  -9.116888e-01   0.000000e+00   5.728495e+00  -2.581391e+00   0.000000e+00
0     1.846994e+02   0.000000e+00   0.000000e+00   0.000000e+00   0.000000e+00   0.000000e+00   0.000000e+00
1     1.846994e+02   2.033971e-01  -9.790728e-01   0.000000e+00   6.151909e+00   1.278053e+00   0.000000e+00
0     1.847994e+02   0.000000e+00   0.000000e+00   0.000000e+00   0.000000e+00   0.000000e+00   0.000000e+00
1     1.847994e+02   7.399604e-01  -6.726120e-01   0.000000e+00   4.226300e+00   4.649517e+00   0.000000e+00
0     1.848993e+02   0.000000e+00   0.000000e+00   0.000000e+00   0.000000e+00   0.000000e+00   0.000000e+00
1     1.848993e+02   9.939782e-01  -1.093224e-01   0.000000e+00   6.869079e-01   6.245635e+00   0.000000e+00
0     1.849993e+02   0.000000e+00   0.000000e+00   0.000000e+00   0.000000e+00   0.000000e+00   0.000000e+00
1     1.849993e+02   8.684544e-01   4.957109e-01   0.000000e+00  -3.114790e+00   5.456917e+00   0.000000e+00
0     1.850993e+02   0.000000e+00   0.000000e+00   0.000000e+00   0.000000e+00   0.000000e+00   0.000000e+00
1     1.850993e+02   4.113185e-01   9.114610e-01   0.000000e+00  -5.727131e+00   2.584523e+00   0.000000e+00
0     1.851993e+02   0.000000e+00   0.000000e+00   0.000000e+00   0.000000e+00   0.000000e+00   0.000000e+00
1     1.851993e+02  -2.028758e-01   9.791782e-01   0.000000e+00  -6.152615e+00  -1.274732e+00   0.000000e+00
0     1.852992e+02   0.000000e+00   0.000000e+00   0.000000e+00   0.000000e+00   0.000000e+00   0.000000e+00
1     1.852992e+02  -7.396045e-01   6.730075e-01   0.000000e+00  -4.228800e+00  -4.647219e+00   0.000000e+00
0     1.853992e+02   0.000000e+00   0.000000e+00   0.000000e+00   0.000000e+00   0.000000e+00   0.000000e+00
1     1.853992e+02  -9.939263e-01   1.098585e-01   0.000000e+00  -6.902986e-01  -6.245215e+00   0.000000e+00
0     1.854992e+02   0.000000e+00   0.000000e+00   0.000000e+00   0.000000e+00   0.000000e+00   0.000000e+00
1     1.854992e+02  -8.687341e-01  -4.952383e-01   0.000000e+00   3.111766e+00  -5.458578e+00   0.000000e+00
0     1.855992e+02   0.000000e+00   0.000000e+00   0.000000e+00   0.000000e+00   0.000000e+00   0.000000e+00
1     1.855992e+02  -4.118312e-01  -9.112372e-01   0.000000e+00   5.725658e+00  -2.587677e+00   0.000000e+00
0     1.856992e+02   0.000000e+00   0.000000e+00   0.000000e+00   0.000000e+00   0.000000e+00   0.000000e+00
1     1.856992e+02   2.023223e-01  -9.792953e-01   0.000000e+00   6.153309e+00   1.271300e+00   0.000000e+00
0     1.857991e+02   0.000000e+00   0.000000e+00   0.000000e+00   0.000000e+00   0.000000e+00   0.000000e+00
1     1.857991e+02   7.392217e-01  -6.734236e-01   0.000000e+00   4.231401e+00   4.644877e+00   0.000000e+00
0     1.858991e+02   0.000000e+00   0.000000e+00   0.000000e+00   0.000000e+00   0.000000e+00   0.000000e+00
1     1.858991e+02   9.938575e-01  -1.104130e-01   0.000000e+00   6.937610e-01   6.244878e+00   0.000000e+00
0     1.859991e+02   0.000000e+00   0.000000e+00   0.000000e+00   0.000000e+00   0.000000e+00   0.000000e+00
1     1.859991e+02   8.689977e-01   4.947576e-01   0.000000e+00  -3.108801e+00   5.460332e+00   0.000000e+00
0     1.860991e+02   0.000000e+00   0.000000e+00   0.000000e+00   0.000000e+00   0.000000e+00   0.000000e+00
1     1.860991e+02   4.123182e-01   9.110091e-01   0.000000e+00  -5.724293e+00   2.590805e+00   0.000000e+00
0     1.861991e+02   0.000000e+00   0.000000e+00   0.000000e+00   0.000000e+00   0.000000e+00   0.000000e+00
1     1.861991e+02  -2.018015e-01   9.794000e-01   0.000000e+00  -6.154010e+00  -1.267982e+00   0.000000e+00
0     1.862990e+02   0.000000e+00   0.000000e+00   0.000000e+00   0.000000e+00   0.000000e+00   0.000000e+00
1     1.862990e+02  -7.388658e-01   6.738183e-01   0.000000e+00  -4.233895e+00  -4.642579e+00   0.000000e+00
0     1.863990e+02   0.000000e+00   0.000000e+00   0.000000e+00   0.000000e+00   0.000000e+00   0.000000e+00
1     1.863990e+02  -9.938051e-01   1.109485e-01   0.000000e+00  -6.971475e-01  -6.244455e+00   0.000000e+00
0     1.864990e+02   0.000000e+00   0.000000e+00   0.000000e+00   0.000000e+00   0.000000e+00   0.000000e+00
1     1.864990e+02  -8.692766e-01  -4.942853e-01   0.000000e+00   3.105779e+00  -5.461987e+00   0.000000e+00
0     1.865990e+02   0.000000e+00   0.000000e+00   0.000000e+00   0.000000e+00   0.000000e+00   0.000000e+00
1     1.865990e+02  -4.128301e-01  -9.107849e-01   0.000000e+00   5.722818e+00  -2.593954e+00   0.000000e+00
0     1.866989e+02   0.000000e+00   0.000000e+00   0.000000e+00   0.000000e+00   0.000000e+00   0.000000e+00
1     1.866989e+02   2.012486e-01  -9.795164e-01   0.000000e+00   6.154699e+00   1.264554e+00   0.000000e+00
0     1.867989e+02   0.000000e+00   0.000000e+00   0.000000e+00   0.000000e+00   0.000000e+00   0.000000e+00
1     1.867989e+02   7.384830e-01  -6.742335e-01   0.000000e+00   4.236490e+00   4.640236e+00   0.000000e+00
0     1.868989e+02   0.000000e+00   0.000000e+00   0.000000e+00   0.000000e+00   0.000000e+00   0.000000e+00
1     1.868989e+02   9.937357e-01  -1.115023e-01   0.000000e+00   7.006054e-01   6.244114e+00   0.000000e+00
0     1.869989e+02   0.000000e+00   0.000000e+00   0.000000e+00   0.000000e+00   0.000000e+00   0.000000e+00
1     1.869989e+02   8.695392e-01   4.938049e-01   0.000000e+00  -3.102815e+00   5.463736e+00   0.000000e+00
0     1.870989e+02   0.000000e+00   0.000000e+00   0.000000e+00   0.000000e+00   0.000000e+00   0.000000e+00
1     1.870989e+02   4.133161e-01   9.105566e-01   0.000000e+00  -5.721451e+00   2.597076e+00   0.000000e+00
0     1.871988e+02   0.000000e+00   0.000000e+00   0.000000e+00   0.000000e+00   0.000000e+00   0.000000e+00
1     1.871988e+02  -2.007282e-01   9.796204e-01   0.000000e+00  -6.155396e+00  -1.261239e+00   0.000000e+00
0     1.872988e+02   0.000000e+00   0.000000e+00   0.000000e+00   0.000000e+00   0.000000e+00   0.000000e+00
1     1.872988e+02  -7.381271e-01   6.746272e-01   0.000000e+00  -4.238979e+00  -4.637938e+00   0.000000e+00
0     1.873988e+02   0.000000e+00   0.000000e+00   0.000000e+00   0.000000e+00   0.000000e+00   0.000000e+00
1     1.873988e+02  -9.936828e-01   1.120370e-01   0.000000e+00  -7.039875e-01  -6.243688e+00   0.000000e+00
0     1.874988e+02   0.000000e+00   0.000000e+00   0.000000e+00   0.000000e+00   0.000000e+00   0.000000e+00
1     1.874988e+02  -8.698173e-01  -4.933328e-01   0.000000e+00   3.099795e+00  -5.465386e+00   0.000000e+00
0     1.875988e+02   0.000000e+00   0.000000e+00   0.000000e+00   0.000000e+00   0.000000e+00   0.000000e+00
1     1.875988e+02  -4.138272e-01  -9.103322e-01   0.000000e+00   5.719974e+00  -2.600220e+00   0.000000e+00
0     1.876987e+02   0.000000e+00   0.000000e+00   0.000000e+00   0.000000e+00   0.000000e+00   0.000000e+00
1     1.876987e+02   2.001758e-01  -9.797361e-01   0.000000e+00   6.156081e+00   1.257813e+00   0.000000e+00
0     1.877987e+02   0.000000e+00   0.000000e+00   0.000000e+00   0.000000e+00   0.000000e+00   0.000000e+00
1     1.877987e+02   7.377442e-01  -6.750416e-01   0.000000e+00   4.241569e+00   4.635595e+00   0.000000e+00
0     1.878987e+02   0.000000e+00   0.000000e+00   0.000000e+00   0.000000e+00   0.000000e+00   0.000000e+00
1     1.878987e+02   9.936129e-01  -1.125902e-01   0.000000e+00   7.074414e-01   6.243344e+00   0.000000e+00
0     1.879987e+02   0.000000e+00   0.000000e+00   0.000000e+00   0.000000e+00   0.000000e+00   0.000000e+00
1     1.879987e+02   8.700792e-01   4.928526e-01   0.000000e+00  -3.096832e+00   5.467130e+00   0.000000e+00
0     1.880986e+02   0.000000e+00   0.000000e+00   0.000000e+00   0.000000e+00   0.000000e+00   0.000000e+00
1     1.880986e+02   4.143125e-01   9.101035e-01   0.000000e+00  -5.718605e+00   2.603337e+00   0.000000e+00
0     1.881986e+02   0.000000e+00   0.000000e+00   0.000000e+00   0.000000e+00   0.000000e+00   0.000000e+00
1     1.881986e+02  -1.996559e-01   9.798394e-01   0.000000e+00  -6.156774e+00  -1.254501e+00   0.000000e+00
0     1.882986e+02   0.000000e+00   0.000000e+00   0.000000e+00   0.000000e+00   0.000000e+00   0.000000e+00
1     1.882986e+02  -7.373882e-01   6.754345e-01   0.000000e+00  -4.244053e+00  -4.633296e+00   0.000000e+00
0     1.883986e+02   0.000000e+00   0.000000e+00   0.000000e+00   0.000000e+00   0.000000e+00   0.000000e+00
1     1.883986e+02  -9.935595e-01   1.131242e-01   0.000000e+00  -7.108189e-01  -6.242914e+00   0.000000e+00
0     1.884986e+02   0.000000e+00   0.000000e+00   0.000000e+00   0.000000e+00   0.000000e+00   0.000000e+00
1     1.884986e+02  -8.703564e-01  -4.923808e-01   0.000000e+00   3.093814e+00  -5.468775e+00   0.000000e+00
0     1.885985e+02   0.000000e+00   0.000000e+00   0.000000e+00   0.000000e+00   0.000000e+00   0.000000e+00
1     1.885985e+02  -4.148228e-01  -9.098788e-01   0.000000e+00   5.717126e+00  -2.606476e+00   0.000000e+00
0     1.886985e+02   0.000000e+00   0.000000e+00   0.000000e+00   0.000000e+00   0.000000e+00   0.000000e+00
1     1.886985e+02   1.991040e-01  -9.799543e-01   0.000000e+00   6.157453e+00   1.251079e+00   0.000000e+00
0     1.887985e+02   0.000000e+00   0.000000e+00   0.000000e+00   0.000000e+00   0.000000e+00   0.000000e+00
1     1.887985e+02   7.370053e-01  -6.758479e-01   0.000000e+00   4.246636e+00   4.630953e+00   0.000000e+00
0     1.888985e+02   0.000000e+00   0.000000e+00   0.000000e+00   0.000000e+00   0.000000e+00   0.000000e+00
1     1.888985e+02   9.934891e-01  -1.136767e-01   0.000000e+00   7.142685e-01   6.242567e+00   0.000000e+00
0     1.889985e+02   0.000000e+00   0.000000e+00   0.000000e+00   0.000000e+00   0.000000e+00   0.000000e+00
1     1.889985e+02   8.706175e-01   4.919009e-01   0.000000e+00  -3.090852e+00   5.470513e+00   0.000000e+00
0     1.890984e+02   0.000000e+00   0.000000e+00   0.000000e+00   0.000000e+00   0.000000e+00   0.000000e+00
1     1.890984e+02   4.153073e-01   9.096499e-01   0.000000e+00  -5.715756e+00   2.609588e+00   0.000000e+00
0     1.891984e+02   0.000000e+00   0.000000e+00   0.000000e+00   0.000000e+00   0.000000e+00   0.000000e+00
1     1.891984e+02  -1.985846e-01   9.800569e-01   0.000000e+00  -6.158142e+00  -1.247770e+00   0.000000e+00
0     1.892984e+02   0.000000e+00   0.000000e+00   0.000000e+00   0.000000e+00   0.000000e+00   0.000000e+00
1     1.892984e+02  -7.366494e-01   6.762400e-01   0.000000e+00  -4.249115e+00  -4.628655e+00   0.000000e+00
0     1.893984e+02   0.000000e+00   0.000000e+00   0.000000e+00   0.000000e+00   0.000000e+00   0.000000e+00
1     1.893984e+02  -9.934351e-01   1.142100e-01   0.000000e+00  -7.176417e-01  -6.242134e+00   0.000000e+00
0     1.894984e+02   0.000000e+00   0.000000e+00   0.000000e+00   0.000000e+00   0.000000e+00   0.000000e+00
1     1.894984e+02  -8.708938e-01  -4.914293e-01   0.000000e+00   3.087836e+00  -5.472153e+00   0.000000e+00
0     1.895983e+02   0.000000e+00   0.000000e+00   0.000000e+00   0.000000e+00   0.000000e+00   0.000000e+00
1     1.895983e+02  -4.158167e-01  -9.094249e-01   0.000000e+00   5.714275e+00  -2.612722e+00   0.000000e+00
0     1.896983e+02   0.000000e+00   0.000000e+00   0.000000e+00   0.000000e+00   0.000000e+00   0.000000e+00
1     1.896983e+02   1.980332e-01  -9.801711e-01   0.000000e+00   6.158817e+00   1.244351e+00   0.000000e+00
0     1.897983e+02   0.000000e+00   0.000000e+00   0.000000e+00   0.000000e+00   0.000000e+00   0.000000e+00
1     1.897983e+02   7.362665e-01  -6.766526e-01   0.000000e+00   4.251693e+00   4.626311e+00   0.000000e+00
0     1.898983e+02   0.000000e+00   0.000000e+00   0.000000e+00   0.000000e+00   0.000000e+00   0.000000e+00
1     1.898983e+02   9.933642e-01  -1.147618e-01   0.000000e+00   7.210871e-01   6.241783e+00   0.000000e+00
0     1.900000e+02   0.000000e+00   0.000000e+00   0.000000e+00   0.000000e+00   0.000000e+00   0.000000e+00
1     1.900000e+02   8.656904e-01   5.005209e-01   0.000000e+00  -3.145016e+00   5.439555e+00   0.000000e+00
0     1.901000e+02   0.000000e+00   0.000000e+00   0.000000e+00   0.000000e+00   0.000000e+00   0.000000e+00
1     1.901000e+02   4.062548e-01   9.137285e-01   0.000000e+00  -5.741385e+00   2.552708e+00   0.000000e+00
0     1.902000e+02   0.000000e+00   0.000000e+00   0.000000e+00   0.000000e+00   0.000000e+00   0.000000e+00
1     1.902000e+02  -2.083059e-01   9.780368e-01   0.000000e+00  -6.145449e+00  -1.308853e+00   0.000000e+00
0     1.902999e+02   0.000000e+00   0.000000e+00   0.000000e+00   0.000000e+00   0.000000e+00   0.000000e+00
1     1.902999e+02  -7.433276e-01   6.688923e-01   0.000000e+00  -4.202946e+00  -4.670617e+00   0.000000e+00
0     1.903999e+02   0.000000e+00   0.000000e+00   0.000000e+00   0.000000e+00   0.000000e+00   0.000000e+00
1     1.903999e+02  -9.945201e-01   1.043403e-01   0.000000e+00  -6.556260e-01  -6.248952e+00   0.000000e+00
0     1.904999e+02   0.000000e+00   0.000000e+00   0.000000e+00   0.000000e+00   0.000000e+00   0.000000e+00
1     1.904999e+02  -8.659712e-01  -5.000525e-01   0.000000e+00   3.142019e+00  -5.441223e+00   0.000000e+00
0     1.905999e+02   0.000000e+00   0.000000e+00   0.000000e+00   0.000000e+00   0.000000e+00   0.000000e+00
1     1.905999e+02  -4.067659e-01  -9.135088e-01   0.000000e+00   5.739937e+00  -2.555853e+00   0.000000e+00
0     1.906999e+02   0.000000e+00   0.000000e+00   0.000000e+00   0.000000e+00   0.000000e+00   0.000000e+00
1     1.906999e+02   2.077562e-01  -9.781562e-01   0.000000e+00   6.146158e+00   1.305445e+00   0.000000e+00
0     1.907998e+02   0.000000e+00   0.000000e+00   0.000000e+00   0.000000e+00   0.000000e+00   0.000000e+00
1     1.907998e+02   7.429491e-01  -6.693081e-01   0.000000e+00   4.205545e+00   4.668303e+00   0.000000e+00
0     1.908998e+02   0.000000e+00   0.000000e+00   0.000000e+00   0.000000e+00   0.000000e+00   0.000000e+00
1     1.908998e+02   9.944546e-01  -1.048919e-01   0.000000e+00   6.590704e-01   6.248637e+00   0.000000e+00
0     1.909998e+02   0.000000e+00   0.000000e+00   0.000000e+00   0.000000e+00   0.000000e+00   0.000000e+00
1     1.909998e+02   8.662358e-01   4.995761e-01   0.000000e+00  -3.139081e+00   5.442983e+00   0.000000e+00
0     1.910998e+02   0.000000e+00   0.000000e+00   0.000000e+00   0.000000e+00   0.000000e+00   0.000000e+00
1     1.910998e+02   4.072512e-01   9.132847e-01   0.000000e+00  -5.738597e+00   2.558969e+00   0.000000e+00
0     1.911997e+02   0.000000e+00   0.000000e+00   0.000000e+00   0.000000e+00   0.000000e+00   0.000000e+00
1     1.911997e+02  -2.072390e-01   9.782632e-01   0.000000e+00  -6.146873e+00  -1.302150e+00   0.000000e+00
0     1.912997e+02   0.000000e+00   0.000000e+00   0.000000e+00   0.000000e+00   0.000000e+00   0.000000e+00
1     1.912997e+02  -7.425976e-01   6.697024e-01   0.000000e+00  -4.208038e+00  -4.666031e+00   0.000000e+00
0     1.913997e+02   0.000000e+00   0.000000e+00   0.000000e+00   0.000000e+00   0.000000e+00   0.000000e+00
1     1.913997e+02  -9.944056e-01   1.054247e-01   0.000000e+00  -6.624398e-01  -6.248234e+00   0.000000e+00
0     1.914997e+02   0.000000e+00   0.000000e+00   0.000000e+00   0.000000e+00   0.000000e+00   0.000000e+00
1     1.914997e+02  -8.665158e-01  -4.991080e-01   0.000000e+00   3.136085e+00  -5.444646e+00   0.000000e+00
0     1.915997e+02   0.000000e+00   0.000000e+00   0.000000e+00   0.000000e+00   0.000000e+00   0.000000e+00
1     1.915997e+02  -4.077615e-01  -9.130646e-01   0.000000e+00   5.737148e+00  -2.562109e+00   0.000000e+00
0     1.916996e+02   0.000000e+00   0.000000e+00   0.000000e+00   0.000000e+00   0.000000e+00   0.000000e+00
1     1.916996e+02   2.066898e-01  -9.783820e-01   0.000000e+00   6.147577e+00   1.298745e+00   0.000000e+00
0     1.917996e+02   0.000000e+00   0.000000e+00   0.000000e+00   0.000000e+00   0.000000e+00   0.000000e+00
1     1.917996e+02   7.422191e-01  -6.701173e-01   0.000000e+00   4.210631e+00   4.663716e+00   0.000000e+00
0     1.918996e+02   0.000000e+00   0.000000e+00   0.000000e+00   0.000000e+00   0.000000e+00   0.000000e+00
1     1.918996e+02   9.943396e-01  -1.059756e-01   0.000000e+00   6.658798e-01   6.247915e+00   0.000000e+00
0     1.919996e+02   0.000000e+00   0.000000e+00   0.000000e+00   0.000000e+00   0.000000e+00   0.000000e+00
1     1.919996e+02   8.667795e-01   4.986318e-01   0.000000e+00  -3.133148e+00   5.446401e+00   0.000000e+00
0     1.920996e+02   0.000000e+00   0.000000e+00   0.000000e+00   0.000000e+00   0.000000e+00   0.000000e+00
1     1.920996e+02   4.082460e-01   9.128403e-01   0.000000e+00  -5.735806e+00   2.565220e+00   0.000000e+00
0     1.921995e+02   0.000000e+00   0.000000e+00   0.000000e+00   0.000000e+00   0.000000e+00   0.000000e+00
1     1.921995e+02  -2.061731e-01   9.784883e-01   0.000000e+00  -6.148289e+00  -1.295453e+00   0.000000e+00
0     1.922995e+02   0.000000e+00   0.000000e+00   0.000000e+00   0.000000e+00   0.000000e+00   0.000000e+00
1     1.922995e+02  -7.418675e-01   6.705108e-01   0.000000e+00  -4.213118e+00  -4.661445e+00   0.000000e+00
0     1.923995e+02   0.000000e+00   0.000000e+00   0.000000e+00   0.000000e+00   0.000000e+00   0.000000e+00
1     1.923995e+02  -9.942900e-01   1.065077e-01   0.000000e+00  -6.692448e-01  -6.247509e+00   0.000000e+00
0     1.924995e+02   0.000000e+00   0.000000e+00   0.000000e+00   0.000000e+00   0.000000e+00   0.000000e+00
1     1.924995e+02  -8.670587e-01  -4.981640e-01   0.000000e+00   3.130154e+00  -5.448058e+00   0.000000e+00
0     1.925994e+02   0.000000e+00   0.000000e+00   0.000000e+00   0.000000e+00   0.000000e+00   0.000000e+00
1     1.925994e+02  -4.087555e-01  -9.126200e-01   0.000000e+00   5.734355e+00  -2.568355e+00   0.000000e+00
0     1.926994e+02   0.000000e+00   0.000000e+00   0.000000e+00   0.000000e+00   0.000000e+00   0.000000e+00
1     1.926994e+02   2.056244e-01  -9.786063e-01   0.000000e+00   6.148988e+00   1.292051e+00   0.000000e+00
0     1.927994e+02   0.000000e+00   0.000000e+00   0.000000e+00   0.000000e+00   0.000000e+00   0.000000e+00
1     1.927994e+02   7.414890e-01  -6.709249e-01   0.000000e+00   4.215706e+00   4.659130e+00   0.000000e+00
0     1.928994e+02   0.000000e+00   0.000000e+00   0.000000e+00   0.000000e+00   0.000000e+00   0.000000e+00
1     1.928994e+02   9.942235e-01  -1.070580e-01   0.000000e+00   6.726807e-01   6.247187e+00   0.000000e+00
0     1.929994e+02   0.000000e+00   0.000000e+00   0.000000e+00   0.000000e+00   0.000000e+00   0.000000e+00
1     1.929994e+02   8.673216e-01   4.976880e-01   0.000000e+00  -3.127218e+00   5.449808e+00   0.000000e+00
0     1.930993e+02   0.000000e+00   0.000000e+00   0.000000e+00   0.000000e+00   0.000000e+00   0.000000e+00
1     1.930993e+02   4.092391e-01   9.123954e-01   0.000000e+00  -5.733012e+00   2.571461e+00   0.000000e+00
0     1.931993e+02   0.000000e+00   0.000000e+00   0.000000e+00   0.000000e+00   0.000000e+00   0.000000e+00
1     1.931993e+02  -2.051082e-01   9.787119e-01   0.000000e+00  -6.149695e+00  -1.288762e+00   0.000000e+00
0     1.932993e+02   0.000000e+00   0.000000e+00   0.000000e+00   0.000000e+00   0.000000e+00   0.000000e+00
1     1.932993e+02  -7.411374e-01   6.713175e-01   0.000000e+00  -4.218188e+00  -4.656858e+00   0.000000e+00
0     1.933993e+02   0.000000e+00   0.000000e+00   0.000000e+00   0.000000e+00   0.000000e+00   0.000000e+00
1     1.933993e+02  -9.941734e-01   1.075893e-01   0.000000e+00  -6.760413e-01  -6.246778e+00   0.000000e+00
0     1.934993e+02   0.000000e+00   0.000000e+00   0.000000e+00   0.000000e+00   0.000000e+00   0.000000e+00
1     1.934993e+02  -8.676000e-01  -4.972204e-01   0.000000e+00   3.124226e+00  -5.451460e+00   0.000000e+00
0     1.935992e+02   0.000000e+00   0.000000e+00   0.000000e+00   0.000000e+00   0.000000e+00   0.000000e+00
1     1.935992e+02  -4.097478e-01  -9.121747e-01   0.000000e+00   5.731558e+00  -2.574591e+00   0.000000e+00
0     1.936992e+02   0.000000e+00   0.000000e+00   0.000000e+00   0.000000e+00   0.000000e+00   0.000000e+00
1     1.936992e+02   2.045600e-01  -9.788292e-01   0.000000e+00   6.150390e+00   1.285363e+00   0.000000e+00
0     1.937992e+02   0.000000e+00   0.000000e+00   0.000000e+00   0.000000e+00   0.000000e+00   0.000000e+00
1     1.937992e+02   7.407589e-01  -6.717307e-01   0.000000e+00   4.220770e+00   4.654543e+00   0.000000e+00
0     1.938992e+02   0.000000e+00   0.000000e+00   0.000000e+00   0.000000e+00   0.000000e+00   0.000000e+00
1     1.938992e+02   9.941064e-01  -1.081389e-01   0.000000e+00   6.794728e-01   6.246452e+00   0.000000e+00
0     1.939991e+02   0.000000e+00   0.000000e+00   0.000000e+00   0.000000e+00   0.000000e+00   0.000000e+00
1     1.939991e+02   8.678621e-01   4.967447e-01   0.000000e+00  -3.121292e+00   5.453205e+00   0.000000e+00
0     1.940991e+02   0.000000e+00   0.000000e+00   0.000000e+00   0.000000e+00   0.000000e+00   0.000000e+00
1     1.940991e+02   4.102306e-01   9.119498e-01   0.000000e+00  -5.730213e+00   2.577692e+00   0.000000e+00
0     1.941991e+02   0.000000e+00   0.000000e+00   0.000000e+00   0.000000e+00   0.000000e+00   0.000000e+00
1     1.941991e+02  -2.040443e-01   9.789342e-01   0.000000e+00  -6.151093e+00  -1.282077e+00   0.000000e+00
0     1.942991e+02   0.000000e+00   0.000000e+00   0.000000e+00   0.000000e+00   0.000000e+00   0.000000e+00
1     1.942991e+02  -7.404073e-01   6.721225e-01   0.000000e+00  -4.223247e+00  -4.652272e+00   0.000000e+00
0     1.943991e+02   0.000000e+00   0.000000e+00   0.000000e+00   0.000000e+00   0.000000e+00   0.000000e+00
1     1.943991e+02  -9.940558e-01   1.086695e-01   0.000000e+00  -6.828290e-01  -6.246040e+00   0.000000e+00
0     1.944990e+02   0.000000e+00   0.000000e+00   0.000000e+00   0.000000e+00   0.000000e+00   0.000000e+00
1     1.944990e+02  -8.681396e-01  -4.962774e-01   0.000000e+00   3.118301e+00  -5.454852e+00   0.000000e+00
0     1.945990e+02   0.000000e+00   0.000000e+00   0.000000e+00   0.000000e+00   0.000000e+00   0.000000e+00
1     1.945990e+02  -4.107385e-01  -9.117289e-01   0.000000e+00   5.728758e+00  -2.580816e+00   0.000000e+00
0     1.946990e+02   0.000000e+00   0.000000e+00   0.000000e+00   0.000000e+00   0.000000e+00   0.000000e+00
1     1.946990e+02   2.034965e-01  -9.790508e-01   0.000000e+00   6.151783e+00   1.278681e+00   0.000000e+00
0     1.947990e+02   0.000000e+00   0.000000e+00   0.000000e+00   0.000000e+00   0.000000e+00   0.000000e+00
1     1.947990e+02   7.400288e-01  -6.725348e-01   0.000000e+00   4.225824e+00   4.649956e+00   0.000000e+00
0     1.948990e+02   0.000000e+00   0.000000e+00   0.000000e+00   0.000000e+00   0.000000e+00   0.000000e+00
1     1.948990e+02   9.939882e-01  -1.092185e-01   0.000000e+00   6.862566e-01   6.245711e+00   0.000000e+00
0     1.949989e+02   0.000000e+00   0.000000e+00   0.000000e+00   0.000000e+00   0.000000e+00   0.000000e+00
1     1.949989e+02   8.684009e-01   4.958019e-01   0.000000e+00  -3.115368e+00   5.456592e+00   0.000000e+00
0     1.950989e+02   0.000000e+00   0.000000e+00   0.000000e+00   0.000000e+00   0.000000e+00   0.000000e+00
1     1.950989e+02   4.112206e-01   9.115037e-01   0.000000e+00  -5.727411e+00   2.583913e+00   0.000000e+00
0     1.951989e+02   0.000000e+00   0.000000e+00   0.000000e+00   0.000000e+00   0.000000e+00   0.000000e+00
1     1.951989e+02  -2.029813e-01   9.791550e-01   0.000000e+00  -6.152482e+00  -1.275398e+00   0.000000e+00
0     1.952989e+02   0.000000e+00   0.000000e+00   0.000000e+00   0.000000e+00   0.000000e+00   0.000000e+00
1     1.952989e+02  -7.396772e-01   6.729257e-01   0.000000e+00  -4.228295e+00  -4.647685e+00   0.000000e+00
0     1.953988e+02   0.000000e+00   0.000000e+00   0.000000e+00   0.000000e+00   0.000000e+00   0.000000e+00
1     1.953988e+02  -9.939371e-01   1.097484e-01   0.000000e+00  -6.896081e-01  -6.245296e+00   0.000000e+00
0     1.954988e+02   0.000000e+00   0.000000e+00   0.000000e+00   0.000000e+00   0.000000e+00   0.000000e+00
1     1.954988e+02  -8.686775e-01  -4.953348e-01   0.000000e+00   3.112379e+00  -5.458234e+00   0.000000e+00
0     1.955988e+02   0.000000e+00   0.000000e+00   0.000000e+00   0.000000e+00   0.000000e+00   0.000000e+00
1     1.955988e+02  -4.117276e-01  -9.112825e-01   0.000000e+00   5.725955e+00  -2.587031e+00   0.000000e+00
0     1.956988e+02   0.000000e+00   0.000000e+00   0.000000e+00   0.000000e+00   0.000000e+00   0.000000e+00
1     1.956988e+02   2.024341e-01  -9.792708e-01   0.000000e+00   6.153167e+00   1.272005e+00   0.000000e+00
0     1.957988e+02   0.000000e+00   0.000000e+00   0.000000e+00   0.000000e+00   0.000000e+00   0.000000e+00
1     1.957988e+02   7.392986e-01  -6.733372e-01   0.000000e+00   4.230866e+00   4.645369e+00   0.000000e+00
0     1.958987e+02   0.000000e+00   0.000000e+00   0.000000e+00   0.000000e+00   0.000000e+00   0.000000e+00
1     1.958987e+02   9.938690e-01  -1.102967e-01   0.000000e+00   6.930315e-01   6.244963e+00   0.000000e+00
0     1.959987e+02   0.000000e+00   0.000000e+00   0.000000e+00   0.000000e+00   0.000000e+00   0.000000e+00
1     1.959987e+02   8.689380e-01   4.948596e-01   0.000000e+00  -3.109448e+00   5.459968e+00   0.000000e+00
0     1.960987e+02   0.000000e+00   0.000000e+00   0.000000e+00   0.000000e+00   0.000000e+00   0.000000e+00
1     1.960987e+02   4.122088e-01   9.110571e-01   0.000000e+00  -5.724606e+00   2.590123e+00   0.000000e+00
0     1.961987e+02   0.000000e+00   0.000000e+00   0.000000e+00   0.000000e+00   0.000000e+00   0.000000e+00
1     1.961987e+02  -2.019194e-01   9.793744e-01   0.000000e+00  -6.153861e+00  -1.268725e+00   0.000000e+00
0     1.962987e+02   0.000000e+00   0.000000e+00   0.000000e+00   0.000000e+00   0.000000e+00   0.000000e+00
1     1.962987e+02  -7.389470e-01   6.737273e-01   0.000000e+00  -4.233332e+00  -4.643098e+00   0.000000e+00
0     1.963986e+02   0.000000e+00   0.000000e+00   0.000000e+00   0.000000e+00   0.000000e+00   0.000000e+00
1     1.963986e+02  -9.938174e-01   1.108259e-01   0.000000e+00  -6.963789e-01  -6.244545e+00   0.000000e+00
0     1.964986e+02   0.000000e+00   0.000000e+00   0.000000e+00   0.000000e+00   0.000000e+00   0.000000e+00
1     1.964986e+02  -8.692139e-01  -4.943928e-01   0.000000e+00   3.106460e+00  -5.461605e+00   0.000000e+00
0     1.965986e+02   0.000000e+00   0.000000e+00   0.000000e+00   0.000000e+00   0.000000e+00   0.000000e+00
1     1.965986e+02  -4.127151e-01  -9.108356e-01   0.000000e+00   5.723147e+00  -2.593237e+00   0.000000e+00
0     1.966986e+02   0.000000e+00   0.000000e+00   0.000000e+00   0.000000e+00   0.000000e+00   0.000000e+00
1     1.966986e+02   2.013726e-01  -9.794895e-01   0.000000e+00   6.154543e+00   1.265336e+00   0.000000e+00
0     1.967986e+02   0.000000e+00   0.000000e+00   0.000000e+00   0.000000e+00   0.000000e+00   0.000000e+00
1     1.967986e+02   7.385684e-01  -6.741379e-01   0.000000e+00   4.235898e+00   4.640782e+00   0.000000e+00
0     1.968985e+02   0.000000e+00   0.000000e+00   0.000000e+00   0.000000e+00   0.000000e+00   0.000000e+00
1     1.968985e+02   9.937488e-01  -1.113735e-01   0.000000e+00   6.997979e-01   6.244209e+00   0.000000e+00
0     1.969985e+02   0.000000e+00   0.000000e+00   0.000000e+00   0.000000e+00   0.000000e+00   0.000000e+00
1     1.969985e+02   8.694735e-01   4.939179e-01   0.000000e+00  -3.103531e+00   5.463334e+00   0.000000e+00
0     1.970985e+02   0.000000e+00   0.000000e+00   0.000000e+00   0.000000e+00   0.000000e+00   0.000000e+00
1     1.970985e+02   4.131955e-01   9.106099e-01   0.000000e+00  -5.721797e+00   2.596323e+00   0.000000e+00
0     1.971985e+02   0.000000e+00   0.000000e+00   0.000000e+00   0.000000e+00   0.000000e+00   0.000000e+00
1     1.971985e+02  -2.008584e-01   9.795924e-01   0.000000e+00  -6.155232e+00  -1.262059e+00   0.000000e+00
0     1.972984e+02   0.000000e+00   0.000000e+00   0.000000e+00   0.000000e+00   0.000000e+00   0.000000e+00
1     1.972984e+02  -7.382168e-01   6.745271e-01   0.000000e+00  -4.238359e+00  -4.638511e+00   0.000000e+00
0     1.973984e+02   0.000000e+00   0.000000e+00   0.000000e+00   0.000000e+00   0.000000e+00   0.000000e+00
1     1.973984e+02  -9.936967e-01   1.119021e-01   0.000000e+00  -7.031408e-01  -6.243788e+00   0.000000e+00
0     1.974984e+02   0.000000e+00   0.000000e+00   0.000000e+00   0.000000e+00   0.000000e+00   0.000000e+00
1     1.974984e+02  -8.697486e-01  -4.934513e-01   0.000000e+00   3.100545e+00  -5.464965e+00   0.000000e+00
0     1.975984e+02   0.000000e+00   0.000000e+00   0.000000e+00   0.000000e+00   0.000000e+00   0.000000e+00
1     1.975984e+02  -4.137009e-01  -9.103881e-01   0.000000e+00   5.720337e+00  -2.599431e+00   0.000000e+00
0     1.976984e+02   0.000000e+00   0.000000e+00   0.000000e+00   0.000000e+00   0.000000e+00   0.000000e+00
1     1.976984e+02   2.003121e-01  -9.797068e-01   0.000000e+00   6.155909e+00   1.258672e+00   0.000000e+00
0     1.977983e+02   0.000000e+00   0.000000e+00   0.000000e+00   0.000000e+00   0.000000e+00   0.000000e+00
1     1.977983e+02   7.378382e-01  -6.749369e-01   0.000000e+00   4.240919e+00   4.636194e+00   0.000000e+00
0     1.978983e+02   0.000000e+00   0.000000e+00   0.000000e+00   0.000000e+00   0.000000e+00   0.000000e+00
1     1.978983e+02   9.936276e-01  -1.124490e-01   0.000000e+00   7.065556e-01   6.243448e+00   0.000000e+00
0     1.979983e+02   0.000000e+00   0.000000e+00   0.000000e+00   0.000000e+00   0.000000e+00   0.000000e+00
1     1.979983e+02   8.700074e-01   4.929766e-01   0.000000e+00  -3.097617e+00   5.466690e+00   0.000000e+00
0     1.980983e+02   0.000000e+00   0.000000e+00   0.000000e+00   0.000000e+00   0.000000e+00   0.000000e+00
1     1.980983e+02   4.141805e-01   9.101621e-01   0.000000e+00  -5.718985e+00   2.602513e+00   0.000000e+00
0     1.981983e+02   0.000000e+00   0.000000e+00   0.000000e+00   0.000000e+00   0.000000e+00   0.000000e+00
1     1.981983e+02  -1.997984e-01   9.798090e-01   0.000000e+00  -6.156595e+00  -1.255399e+00   0.000000e+00
0     1.983000e+02   0.000000e+00   0.000000e+00   0.000000e+00   0.000000e+00   0.000000e+00   0.000000e+00
1     1.983000e+02  -7.448845e-01   6.671564e-01   0.000000e+00  -4.192046e+00  -4.680408e+00   0.000000e+00
0     1.984000e+02   0.000000e+00   0.000000e+00   0.000000e+00   0.000000e+00   0.000000e+00   0.000000e+00
1     1.984000e+02  -9.947597e-01   1.020199e-01   0.000000e+00  -6.410469e-01  -6.250468e+00   0.000000e+00
0     1.984999e+02   0.000000e+00   0.000000e+00   0.000000e+00   0.000000e+00   0.000000e+00   0.000000e+00
1     1.984999e+02  -8.648009e-01  -5.020716e-01   0.000000e+00   3.154711e+00  -5.433878e+00   0.000000e+00
0     1.985999e+02   0.000000e+00   0.000000e+00   0.000000e+00   0.000000e+00   0.000000e+00   0.000000e+00
1     1.985999e+02  -4.046315e-01  -9.144550e-01   0.000000e+00   5.745892e+00  -2.542445e+00   0.000000e+00
0     1.986999e+02   0.000000e+00   0.000000e+00   0.000000e+00   0.000000e+00   0.000000e+00   0.000000e+00
1     1.986999e+02   2.100403e-01  -9.776672e-01   0.000000e+00   6.143095e+00   1.319799e+00   0.000000e+00
0     1.987999e+02   0.000000e+00   0.000000e+00   0.000000e+00   0.000000e+00   0.000000e+00   0.000000e+00
1     1.987999e+02   7.445104e-01  -6.675693e-01   0.000000e+00   4.194627e+00   4.678120e+00   0.000000e+00
0     1.988999e+02   0.000000e+00   0.000000e+00   0.000000e+00   0.000000e+00   0.000000e+00   0.000000e+00
1     1.988999e+02   9.946961e-01  -1.025666e-01   0.000000e+00   6.444603e-01   6.250164e+00   0.000000e+00
0     1.989998e+02   0.000000e+00   0.000000e+00   0.000000e+00   0.000000e+00   0.000000e+00   0.000000e+00
1     1.989998e+02   8.650640e-01   5.016002e-01   0.000000e+00  -3.151804e+00   5.435629e+00   0.000000e+00
0     1.990998e+02   0.000000e+00   0.000000e+00   0.000000e+00   0.000000e+00   0.000000e+00   0.000000e+00
1     1.990998e+02   4.051127e-01   9.142342e-01   0.000000e+00  -5.744572e+00   2.545536e+00   0.000000e+00
0     1.991998e+02   0.000000e+00   0.000000e+00   0.000000e+00   0.000000e+00   0.000000e+00   0.000000e+00
1     1.991998e+02  -2.095282e-01   9.777744e-01   0.000000e+00  -6.143812e+00  -1.316536e+00   0.000000e+00
0     1.992998e+02   0.000000e+00   0.000000e+00   0.000000e+00   0.000000e+00   0.000000e+00   0.000000e+00
1     1.992998e+02  -7.441631e-01   6.679608e-01   0.000000e+00  -4.197101e+00  -4.675876e+00   0.000000e+00
0     1.993998e+02   0.000000e+00   0.000000e+00   0.000000e+00   0.000000e+00   0.000000e+00   0.000000e+00
1     1.993998e+02  -9.946488e-01   1.030945e-01   0.000000e+00  -6.477995e-01  -6.249772e+00   0.000000e+00
0     1.994997e+02   0.000000e+00   0.000000e+00   0.000000e+00   0.000000e+00   0.000000e+00   0.000000e+00
1     1.994997e+02  -8.653426e-01  -5.011371e-01   0.000000e+00   3.148839e+00  -5.437283e+00   0.000000e+00
0     1.995997e+02   0.000000e+00   0.000000e+00   0.000000e+00   0.000000e+00   0.000000e+00   0.000000e+00
1     1.995997e+02  -4.056190e-01  -9.140173e-01   0.000000e+00   5.743143e+00  -2.548650e+00   0.000000e+00
0     1.996997e+02   0.000000e+00   0.000000e+00   0.000000e+00   0.000000e+00   0.000000e+00   0.000000e+00
1     1.996997e+02   2.089842e-01  -9.778934e-01   0.000000e+00   6.144517e+00   1.313163e+00   0.000000e+00
0     1.997997e+02   0.000000e+00   0.000000e+00   0.000000e+00   0.000000e+00   0.000000e+00   0.000000e+00
1     1.997997e+02   7.437890e-01  -6.683729e-01   0.000000e+00   4.199676e+00   4.673588e+00   0.000000e+00
0     1.998996e+02   0.000000e+00   0.000000e+00   0.000000e+00   0.000000e+00   0.000000e+00   0.000000e+00
1     1.998996e+02   9.945846e-01  -1.036406e-01   0.000000e+00   6.512090e-01   6.249465e+00   0.000000e+00
0     1.999996e+02   0.000000e+00   0.000000e+00   0.000000e+00   0.000000e+00   0.000000e+00   0.000000e+00
1     1.999996e+02   8.656050e-01   5.006659e-01   0.000000e+00  -3.145934e+00   5.439030e+00   0.000000e+00
0     2.000000e+02   0.000000e+00   0.000000e+00   0.000000e+00   0.000000e+00   0.000000e+00   0.000000e+00
1     2.000000e+02   8.644175e-01   5.027133e-01   0.000000e+00  -3.158799e+00   5.431568e+00   0.000000e+00
