# id = 0: COM of central object
# id = 1: COM of all objects
# Time in code units
# comX in code units
# comY in code units
# comZ in code units
# comVelX in code units
# comVelY in code units
# comVelZ in code units
#id   t              x              y              z              vx             vy             vz          
0     0.000000e+00   0.000000e+00   0.000000e+00   0.000000e+00   0.000000e+00   0.000000e+00   0.000000e+00
1     0.000000e+00   2.922340e-06   1.596482e-06   0.000000e+00  -1.003101e-05   1.836164e-05   0.000000e+00
0     9.957533e-02   0.000000e+00   0.000000e+00   0.000000e+00   0.000000e+00   0.000000e+00   0.000000e+00
1     9.957533e-02   3.358776e-08   7.040257e-08   0.000000e+00  -4.423521e-07   2.110391e-07   0.000000e+00
0     1.996179e-01   0.000000e+00   0.000000e+00   0.000000e+00   0.000000e+00   0.000000e+00   0.000000e+00
1     1.996179e-01  -5.681200e-08   3.062218e-07   0.000000e+00  -1.924044e-06  -3.569535e-07   0.000000e+00
0     2.996441e-01   0.000000e+00   0.000000e+00   0.000000e+00   0.000000e+00   0.000000e+00   0.000000e+00
1     2.996441e-01  -4.915496e-07   4.661436e-07   0.000000e+00  -2.928856e-06  -3.088468e-06   0.000000e+00
0     3.996678e-01   0.000000e+00   0.000000e+00   0.000000e+00   0.000000e+00   0.000000e+00   0.000000e+00
1     3.996678e-01  -1.130439e-06   1.482664e-07   0.000000e+00  -9.315853e-07  -7.102688e-06   0.000000e+00
0     4.996939e-01   0.000000e+00   0.000000e+00   0.000000e+00   0.000000e+00   0.000000e+00   0.000000e+00
1     4.996939e-01  -1.453254e-06  -7.902643e-07   0.000000e+00   4.965340e-06  -9.130972e-06   0.000000e+00
0     5.997193e-01   0.000000e+00   0.000000e+00   0.000000e+00   0.000000e+00   0.000000e+00   0.000000e+00
1     5.997193e-01  -9.323791e-07  -1.958797e-06   0.000000e+00   1.230742e-05  -5.858231e-06   0.000000e+00
0     6.997399e-01   0.000000e+00   0.000000e+00   0.000000e+00   0.000000e+00   0.000000e+00   0.000000e+00
1     6.997399e-01   4.826080e-07  -2.590543e-06   0.000000e+00   1.627683e-05   3.032386e-06   0.000000e+00
0     7.997536e-01   0.000000e+00   0.000000e+00   0.000000e+00   0.000000e+00   0.000000e+00   0.000000e+00
1     7.997536e-01   2.182439e-06  -2.066863e-06   0.000000e+00   1.298648e-05   1.371278e-05   0.000000e+00
0     8.997612e-01   0.000000e+00   0.000000e+00   0.000000e+00   0.000000e+00   0.000000e+00   0.000000e+00
1     8.997612e-01   3.217919e-06  -4.201643e-07   0.000000e+00   2.639940e-06   2.021897e-05   0.000000e+00
0     9.997651e-01   0.000000e+00   0.000000e+00   0.000000e+00   0.000000e+00   0.000000e+00   0.000000e+00
1     9.997651e-01   2.924668e-06   1.592114e-06   0.000000e+00  -1.000365e-05   1.837643e-05   0.000000e+00
0     1.099767e+00   0.000000e+00   0.000000e+00   0.000000e+00   0.000000e+00   0.000000e+00   0.000000e+00
1     1.099767e+00   1.430240e-06   3.007185e-06   0.000000e+00  -1.889484e-05   8.986593e-06   0.000000e+00
0     1.199767e+00   0.000000e+00   0.000000e+00   0.000000e+00   0.000000e+00   0.000000e+00   0.000000e+00
1     1.199767e+00  -6.104918e-07   3.273545e-06   0.000000e+00  -2.056840e-05  -3.835764e-06   0.000000e+00
0     1.299763e+00   0.000000e+00   0.000000e+00   0.000000e+00   0.000000e+00   0.000000e+00   0.000000e+00
1     1.299763e+00  -2.417994e-06   2.289576e-06   0.000000e+00  -1.438588e-05  -1.519263e-05   0.000000e+00
0     1.399755e+00   0.000000e+00   0.000000e+00   0.000000e+00   0.000000e+00   0.000000e+00   0.000000e+00
1     1.399755e+00  -3.301963e-06   4.312124e-07   0.000000e+00  -2.709427e-06  -2.074673e-05   0.000000e+00
0     1.499743e+00   0.000000e+00   0.000000e+00   0.000000e+00   0.000000e+00   0.000000e+00   0.000000e+00
1     1.499743e+00  -2.924938e-06  -1.591748e-06   0.000000e+00   1.000118e-05  -1.837779e-05   0.000000e+00
0     1.599727e+00   0.000000e+00   0.000000e+00   0.000000e+00   0.000000e+00   0.000000e+00   0.000000e+00
1     1.599727e+00  -1.431034e-06  -3.006833e-06   0.000000e+00   1.889241e-05  -8.991351e-06   0.000000e+00
0     1.699706e+00   0.000000e+00   0.000000e+00   0.000000e+00   0.000000e+00   0.000000e+00   0.000000e+00
1     1.699706e+00   6.092104e-07  -3.273793e-06   0.000000e+00   2.056981e-05   3.827865e-06   0.000000e+00
0     1.799683e+00   0.000000e+00   0.000000e+00   0.000000e+00   0.000000e+00   0.000000e+00   0.000000e+00
1     1.799683e+00   2.416813e-06  -2.290810e-06   0.000000e+00   1.439358e-05   1.518541e-05   0.000000e+00
0     1.899663e+00   0.000000e+00   0.000000e+00   0.000000e+00   0.000000e+00   0.000000e+00   0.000000e+00
1     1.899663e+00   3.301687e-06  -4.331387e-07   0.000000e+00   2.721461e-06   2.074530e-05   0.000000e+00
0     1.999646e+00   0.000000e+00   0.000000e+00   0.000000e+00   0.000000e+00   0.000000e+00   0.000000e+00
1     1.999646e+00   2.925875e-06   1.589963e-06   0.000000e+00  -9.990141e-06   1.838401e-05   0.000000e+00
0     2.099628e+00   0.000000e+00   0.000000e+00   0.000000e+00   0.000000e+00   0.000000e+00   0.000000e+00
1     2.099628e+00   1.432829e-06   3.005951e-06   0.000000e+00  -1.888710e-05   9.002863e-06   0.000000e+00
0     2.199610e+00   0.000000e+00   0.000000e+00   0.000000e+00   0.000000e+00   0.000000e+00   0.000000e+00
1     2.199610e+00  -6.073150e-07   3.274135e-06   0.000000e+00  -2.057211e-05  -3.815804e-06   0.000000e+00
0     2.299591e+00   0.000000e+00   0.000000e+00   0.000000e+00   0.000000e+00   0.000000e+00   0.000000e+00
1     2.299591e+00  -2.415553e-06   2.292151e-06   0.000000e+00  -1.440206e-05  -1.517729e-05   0.000000e+00
0     2.399572e+00   0.000000e+00   0.000000e+00   0.000000e+00   0.000000e+00   0.000000e+00   0.000000e+00
1     2.399572e+00  -3.301469e-06   4.349734e-07   0.000000e+00  -2.733058e-06  -2.074363e-05   0.000000e+00
0     2.499553e+00   0.000000e+00   0.000000e+00   0.000000e+00   0.000000e+00   0.000000e+00   0.000000e+00
1     2.499553e+00  -2.926817e-06  -1.588289e-06   0.000000e+00   9.979448e-06  -1.838961e-05   0.000000e+00
0     2.599534e+00   0.000000e+00   0.000000e+00   0.000000e+00   0.000000e+00   0.000000e+00   0.000000e+00
1     2.599534e+00  -1.434641e-06  -3.005114e-06   0.000000e+00   1.888161e-05  -9.014016e-06   0.000000e+00
0     2.699515e+00   0.000000e+00   0.000000e+00   0.000000e+00   0.000000e+00   0.000000e+00   0.000000e+00
1     2.699515e+00   6.053153e-07  -3.274515e-06   0.000000e+00   2.057435e-05   3.803392e-06   0.000000e+00
0     2.799496e+00   0.000000e+00   0.000000e+00   0.000000e+00   0.000000e+00   0.000000e+00   0.000000e+00
1     2.799496e+00   2.414139e-06  -2.293626e-06   0.000000e+00   1.441128e-05   1.516862e-05   0.000000e+00
0     2.899476e+00   0.000000e+00   0.000000e+00   0.000000e+00   0.000000e+00   0.000000e+00   0.000000e+00
1     2.899476e+00   3.301180e-06  -4.369830e-07   0.000000e+00   2.745616e-06   2.074212e-05   0.000000e+00
0     2.999456e+00   0.000000e+00   0.000000e+00   0.000000e+00   0.000000e+00   0.000000e+00   0.000000e+00
1     2.999456e+00   2.927750e-06   1.586506e-06   0.000000e+00  -9.968421e-06   1.839580e-05   0.000000e+00
0     3.099435e+00   0.000000e+00   0.000000e+00   0.000000e+00   0.000000e+00   0.000000e+00   0.000000e+00
1     3.099435e+00   1.436442e-06   3.004226e-06   0.000000e+00  -1.887626e-05   9.025563e-06   0.000000e+00
0     3.199415e+00   0.000000e+00   0.000000e+00   0.000000e+00   0.000000e+00   0.000000e+00   0.000000e+00
1     3.199415e+00  -6.033397e-07   3.274869e-06   0.000000e+00  -2.057673e-05  -3.790828e-06   0.000000e+00
0     3.299395e+00   0.000000e+00   0.000000e+00   0.000000e+00   0.000000e+00   0.000000e+00   0.000000e+00
1     3.299395e+00  -2.412755e-06   2.295096e-06   0.000000e+00  -1.442057e-05  -1.515972e-05   0.000000e+00
0     3.399374e+00   0.000000e+00   0.000000e+00   0.000000e+00   0.000000e+00   0.000000e+00   0.000000e+00
1     3.399374e+00  -3.300932e-06   4.390292e-07   0.000000e+00  -2.758542e-06  -2.074026e-05   0.000000e+00
0     3.499355e+00   0.000000e+00   0.000000e+00   0.000000e+00   0.000000e+00   0.000000e+00   0.000000e+00
1     3.499355e+00  -2.928771e-06  -1.584682e-06   0.000000e+00   9.956786e-06  -1.840189e-05   0.000000e+00
0     3.599336e+00   0.000000e+00   0.000000e+00   0.000000e+00   0.000000e+00   0.000000e+00   0.000000e+00
1     3.599336e+00  -1.438339e-06  -3.003345e-06   0.000000e+00   1.887050e-05  -9.037256e-06   0.000000e+00
0     3.699315e+00   0.000000e+00   0.000000e+00   0.000000e+00   0.000000e+00   0.000000e+00   0.000000e+00
1     3.699315e+00   6.012547e-07  -3.275262e-06   0.000000e+00   2.057905e-05   3.777880e-06   0.000000e+00
0     3.799293e+00   0.000000e+00   0.000000e+00   0.000000e+00   0.000000e+00   0.000000e+00   0.000000e+00
1     3.799293e+00   2.411248e-06  -2.296665e-06   0.000000e+00   1.443038e-05   1.515045e-05   0.000000e+00
0     3.899271e+00   0.000000e+00   0.000000e+00   0.000000e+00   0.000000e+00   0.000000e+00   0.000000e+00
1     3.899271e+00   3.300619e-06  -4.411910e-07   0.000000e+00   2.772056e-06   2.073861e-05   0.000000e+00
0     3.999250e+00   0.000000e+00   0.000000e+00   0.000000e+00   0.000000e+00   0.000000e+00   0.000000e+00
1     3.999250e+00   2.929776e-06   1.582760e-06   0.000000e+00  -9.944889e-06   1.840853e-05   0.000000e+00
0     4.099231e+00   0.000000e+00   0.000000e+00   0.000000e+00   0.000000e+00   0.000000e+00   0.000000e+00
1     4.099231e+00   1.440256e-06   3.002399e-06   0.000000e+00  -1.886479e-05   9.049530e-06   0.000000e+00
0     4.199212e+00   0.000000e+00   0.000000e+00   0.000000e+00   0.000000e+00   0.000000e+00   0.000000e+00
1     4.199212e+00  -5.992140e-07   3.275626e-06   0.000000e+00  -2.058149e-05  -3.764906e-06   0.000000e+00
0     4.299193e+00   0.000000e+00   0.000000e+00   0.000000e+00   0.000000e+00   0.000000e+00   0.000000e+00
1     4.299193e+00  -2.409862e-06   2.298132e-06   0.000000e+00  -1.443965e-05  -1.514154e-05   0.000000e+00
0     4.399170e+00   0.000000e+00   0.000000e+00   0.000000e+00   0.000000e+00   0.000000e+00   0.000000e+00
1     4.399170e+00  -3.300372e-06   4.432133e-07   0.000000e+00  -2.784832e-06  -2.073674e-05   0.000000e+00
0     4.499147e+00   0.000000e+00   0.000000e+00   0.000000e+00   0.000000e+00   0.000000e+00   0.000000e+00
1     4.499147e+00  -2.930811e-06  -1.580905e-06   0.000000e+00   9.933052e-06  -1.841471e-05   0.000000e+00
0     4.599124e+00   0.000000e+00   0.000000e+00   0.000000e+00   0.000000e+00   0.000000e+00   0.000000e+00
1     4.599124e+00  -1.442287e-06  -3.001450e-06   0.000000e+00   1.885860e-05  -9.062063e-06   0.000000e+00
0     4.699103e+00   0.000000e+00   0.000000e+00   0.000000e+00   0.000000e+00   0.000000e+00   0.000000e+00
1     4.699103e+00   5.969326e-07  -3.276052e-06   0.000000e+00   2.058402e-05   3.750723e-06   0.000000e+00
0     4.799084e+00   0.000000e+00   0.000000e+00   0.000000e+00   0.000000e+00   0.000000e+00   0.000000e+00
1     4.799084e+00   2.408259e-06  -2.299798e-06   0.000000e+00   1.445007e-05   1.513168e-05   0.000000e+00
0     4.899065e+00   0.000000e+00   0.000000e+00   0.000000e+00   0.000000e+00   0.000000e+00   0.000000e+00
1     4.899065e+00   3.300052e-06  -4.454154e-07   0.000000e+00   2.798599e-06   2.073504e-05   0.000000e+00
0     4.999045e+00   0.000000e+00   0.000000e+00   0.000000e+00   0.000000e+00   0.000000e+00   0.000000e+00
1     4.999045e+00   2.931791e-06   1.579024e-06   0.000000e+00  -9.921413e-06   1.842120e-05   0.000000e+00
0     5.099023e+00   0.000000e+00   0.000000e+00   0.000000e+00   0.000000e+00   0.000000e+00   0.000000e+00
1     5.099023e+00   1.444122e-06   3.000541e-06   0.000000e+00  -1.885311e-05   9.073824e-06   0.000000e+00
0     5.199001e+00   0.000000e+00   0.000000e+00   0.000000e+00   0.000000e+00   0.000000e+00   0.000000e+00
1     5.199001e+00  -5.949168e-07   3.276409e-06   0.000000e+00  -2.058641e-05  -3.737906e-06   0.000000e+00
0     5.298979e+00   0.000000e+00   0.000000e+00   0.000000e+00   0.000000e+00   0.000000e+00   0.000000e+00
1     5.298979e+00  -2.406811e-06   2.301326e-06   0.000000e+00  -1.445972e-05  -1.512238e-05   0.000000e+00
0     5.398957e+00   0.000000e+00   0.000000e+00   0.000000e+00   0.000000e+00   0.000000e+00   0.000000e+00
1     5.398957e+00  -3.299782e-06   4.475809e-07   0.000000e+00  -2.812275e-06  -2.073304e-05   0.000000e+00
0     5.498936e+00   0.000000e+00   0.000000e+00   0.000000e+00   0.000000e+00   0.000000e+00   0.000000e+00
1     5.498936e+00  -2.932877e-06  -1.577069e-06   0.000000e+00   9.908953e-06  -1.842769e-05   0.000000e+00
0     5.598916e+00   0.000000e+00   0.000000e+00   0.000000e+00   0.000000e+00   0.000000e+00   0.000000e+00
1     5.598916e+00  -1.446160e-06  -2.999586e-06   0.000000e+00   1.884689e-05  -9.086399e-06   0.000000e+00
0     5.698896e+00   0.000000e+00   0.000000e+00   0.000000e+00   0.000000e+00   0.000000e+00   0.000000e+00
1     5.698896e+00   5.927219e-07  -3.276816e-06   0.000000e+00   2.058882e-05   3.724268e-06   0.000000e+00
0     5.798875e+00   0.000000e+00   0.000000e+00   0.000000e+00   0.000000e+00   0.000000e+00   0.000000e+00
1     5.798875e+00   2.405284e-06  -2.302910e-06   0.000000e+00   1.446962e-05   1.511298e-05   0.000000e+00
0     5.898854e+00   0.000000e+00   0.000000e+00   0.000000e+00   0.000000e+00   0.000000e+00   0.000000e+00
1     5.898854e+00   3.299466e-06  -4.497304e-07   0.000000e+00   2.825712e-06   2.073137e-05   0.000000e+00
0     5.998832e+00   0.000000e+00   0.000000e+00   0.000000e+00   0.000000e+00   0.000000e+00   0.000000e+00
1     5.998832e+00   2.933872e-06   1.575154e-06   0.000000e+00  -9.897100e-06   1.843427e-05   0.000000e+00
0     6.098810e+00   0.000000e+00   0.000000e+00   0.000000e+00   0.000000e+00   0.000000e+00   0.000000e+00
1     6.098810e+00   1.448090e-06   2.998627e-06   0.000000e+00  -1.884109e-05   9.098758e-06   0.000000e+00
0     6.198789e+00   0.000000e+00   0.000000e+00   0.000000e+00   0.000000e+00   0.000000e+00   0.000000e+00
1     6.198789e+00  -5.905965e-07   3.277190e-06   0.000000e+00  -2.059132e-05  -3.710761e-06   0.000000e+00
0     6.298768e+00   0.000000e+00   0.000000e+00   0.000000e+00   0.000000e+00   0.000000e+00   0.000000e+00
1     6.298768e+00  -2.403793e-06   2.304478e-06   0.000000e+00  -1.447953e-05  -1.510342e-05   0.000000e+00
0     6.398747e+00   0.000000e+00   0.000000e+00   0.000000e+00   0.000000e+00   0.000000e+00   0.000000e+00
1     6.398747e+00  -3.299195e-06   4.518876e-07   0.000000e+00  -2.839335e-06  -2.072935e-05   0.000000e+00
0     6.498726e+00   0.000000e+00   0.000000e+00   0.000000e+00   0.000000e+00   0.000000e+00   0.000000e+00
1     6.498726e+00  -2.934934e-06  -1.573236e-06   0.000000e+00   9.884875e-06  -1.844062e-05   0.000000e+00
0     6.598705e+00   0.000000e+00   0.000000e+00   0.000000e+00   0.000000e+00   0.000000e+00   0.000000e+00
1     6.598705e+00  -1.450096e-06  -2.997684e-06   0.000000e+00   1.883495e-05  -9.111131e-06   0.000000e+00
0     6.698683e+00   0.000000e+00   0.000000e+00   0.000000e+00   0.000000e+00   0.000000e+00   0.000000e+00
1     6.698683e+00   5.883954e-07  -3.277595e-06   0.000000e+00   2.059372e-05   3.697084e-06   0.000000e+00
0     6.798662e+00   0.000000e+00   0.000000e+00   0.000000e+00   0.000000e+00   0.000000e+00   0.000000e+00
1     6.798662e+00   2.402233e-06  -2.306092e-06   0.000000e+00   1.448962e-05   1.509382e-05   0.000000e+00
0     6.898641e+00   0.000000e+00   0.000000e+00   0.000000e+00   0.000000e+00   0.000000e+00   0.000000e+00
1     6.898641e+00   3.298868e-06  -4.540927e-07   0.000000e+00   2.853122e-06   2.072761e-05   0.000000e+00
0     6.998619e+00   0.000000e+00   0.000000e+00   0.000000e+00   0.000000e+00   0.000000e+00   0.000000e+00
1     6.998619e+00   2.935945e-06   1.571285e-06   0.000000e+00  -9.872791e-06   1.844730e-05   0.000000e+00
0     7.098598e+00   0.000000e+00   0.000000e+00   0.000000e+00   0.000000e+00   0.000000e+00   0.000000e+00
1     7.098598e+00   1.452032e-06   2.996720e-06   0.000000e+00  -1.882911e-05   9.123526e-06   0.000000e+00
0     7.198577e+00   0.000000e+00   0.000000e+00   0.000000e+00   0.000000e+00   0.000000e+00   0.000000e+00
1     7.198577e+00  -5.862896e-07   3.277963e-06   0.000000e+00  -2.059618e-05  -3.683701e-06   0.000000e+00
0     7.298556e+00   0.000000e+00   0.000000e+00   0.000000e+00   0.000000e+00   0.000000e+00   0.000000e+00
1     7.298556e+00  -2.400758e-06   2.307639e-06   0.000000e+00  -1.449939e-05  -1.508435e-05   0.000000e+00
0     7.398534e+00   0.000000e+00   0.000000e+00   0.000000e+00   0.000000e+00   0.000000e+00   0.000000e+00
1     7.398534e+00  -3.298596e-06   4.562376e-07   0.000000e+00  -2.866668e-06  -2.072559e-05   0.000000e+00
0     7.498513e+00   0.000000e+00   0.000000e+00   0.000000e+00   0.000000e+00   0.000000e+00   0.000000e+00
1     7.498513e+00  -2.937009e-06  -1.569358e-06   0.000000e+00   9.860510e-06  -1.845366e-05   0.000000e+00
0     7.598491e+00   0.000000e+00   0.000000e+00   0.000000e+00   0.000000e+00   0.000000e+00   0.000000e+00
1     7.598491e+00  -1.454055e-06  -2.995766e-06   0.000000e+00   1.882289e-05  -9.136007e-06   0.000000e+00
0     7.698470e+00   0.000000e+00   0.000000e+00   0.000000e+00   0.000000e+00   0.000000e+00   0.000000e+00
1     7.698470e+00   5.840701e-07  -3.278369e-06   0.000000e+00   2.059858e-05   3.669908e-06   0.000000e+00
0     7.798449e+00   0.000000e+00   0.000000e+00   0.000000e+00   0.000000e+00   0.000000e+00   0.000000e+00
1     7.798449e+00   2.399190e-06  -2.309256e-06   0.000000e+00   1.450950e-05   1.507470e-05   0.000000e+00
0     7.898428e+00   0.000000e+00   0.000000e+00   0.000000e+00   0.000000e+00   0.000000e+00   0.000000e+00
1     7.898428e+00   3.298266e-06  -4.584406e-07   0.000000e+00   2.880441e-06   2.072384e-05   0.000000e+00
0     7.998407e+00   0.000000e+00   0.000000e+00   0.000000e+00   0.000000e+00   0.000000e+00   0.000000e+00
1     7.998407e+00   2.938015e-06   1.567411e-06   0.000000e+00  -9.848451e-06   1.846031e-05   0.000000e+00
0     8.098385e+00   0.000000e+00   0.000000e+00   0.000000e+00   0.000000e+00   0.000000e+00   0.000000e+00
1     8.098385e+00   1.455987e-06   2.994800e-06   0.000000e+00  -1.881706e-05   9.148376e-06   0.000000e+00
0     8.198364e+00   0.000000e+00   0.000000e+00   0.000000e+00   0.000000e+00   0.000000e+00   0.000000e+00
1     8.198364e+00  -5.819597e-07   3.278734e-06   0.000000e+00  -2.060103e-05  -3.656496e-06   0.000000e+00
0     8.298343e+00   0.000000e+00   0.000000e+00   0.000000e+00   0.000000e+00   0.000000e+00   0.000000e+00
1     8.298343e+00  -2.397711e-06   2.310805e-06   0.000000e+00  -1.451928e-05  -1.506520e-05   0.000000e+00
0     8.398322e+00   0.000000e+00   0.000000e+00   0.000000e+00   0.000000e+00   0.000000e+00   0.000000e+00
1     8.398322e+00  -3.297991e-06   4.605827e-07   0.000000e+00  -2.893969e-06  -2.072180e-05   0.000000e+00
0     8.498300e+00   0.000000e+00   0.000000e+00   0.000000e+00   0.000000e+00   0.000000e+00   0.000000e+00
1     8.498300e+00  -2.939070e-06  -1.565493e-06   0.000000e+00   9.836225e-06  -1.846662e-05   0.000000e+00
0     8.598279e+00   0.000000e+00   0.000000e+00   0.000000e+00   0.000000e+00   0.000000e+00   0.000000e+00
1     8.598279e+00  -1.457995e-06  -2.993850e-06   0.000000e+00   1.881086e-05  -9.160764e-06   0.000000e+00
0     8.698257e+00   0.000000e+00   0.000000e+00   0.000000e+00   0.000000e+00   0.000000e+00   0.000000e+00
1     8.698257e+00   5.797479e-07  -3.279135e-06   0.000000e+00   2.060341e-05   3.642752e-06   0.000000e+00
0     8.799990e+00   0.000000e+00   0.000000e+00   0.000000e+00   0.000000e+00   0.000000e+00   0.000000e+00
1     8.799990e+00   2.421477e-06  -2.285875e-06   0.000000e+00   1.436259e-05   1.521474e-05   0.000000e+00
0     8.899969e+00   0.000000e+00   0.000000e+00   0.000000e+00   0.000000e+00   0.000000e+00   0.000000e+00
1     8.899969e+00   3.302557e-06  -4.264269e-07   0.000000e+00   2.679292e-06   2.075080e-05   0.000000e+00
0     8.999948e+00   0.000000e+00   0.000000e+00   0.000000e+00   0.000000e+00   0.000000e+00   0.000000e+00
1     8.999948e+00   2.922669e-06   1.595841e-06   0.000000e+00  -1.002709e-05   1.836390e-05   0.000000e+00
0     9.099927e+00   0.000000e+00   0.000000e+00   0.000000e+00   0.000000e+00   0.000000e+00   0.000000e+00
1     9.099927e+00   1.426853e-06   3.008789e-06   0.000000e+00  -1.890495e-05   8.965326e-06   0.000000e+00
0     9.199905e+00   0.000000e+00   0.000000e+00   0.000000e+00   0.000000e+00   0.000000e+00   0.000000e+00
1     9.199905e+00  -6.137588e-07   3.272930e-06   0.000000e+00  -2.056457e-05  -3.856297e-06   0.000000e+00
0     9.299884e+00   0.000000e+00   0.000000e+00   0.000000e+00   0.000000e+00   0.000000e+00   0.000000e+00
1     9.299884e+00  -2.420027e-06   2.287423e-06   0.000000e+00  -1.437237e-05  -1.520542e-05   0.000000e+00
0     9.399863e+00   0.000000e+00   0.000000e+00   0.000000e+00   0.000000e+00   0.000000e+00   0.000000e+00
1     9.399863e+00  -3.302305e-06   4.285596e-07   0.000000e+00  -2.692763e-06  -2.074891e-05   0.000000e+00
0     9.499841e+00   0.000000e+00   0.000000e+00   0.000000e+00   0.000000e+00   0.000000e+00   0.000000e+00
1     9.499841e+00  -2.923746e-06  -1.593930e-06   0.000000e+00   1.001490e-05  -1.837033e-05   0.000000e+00
0     9.599820e+00   0.000000e+00   0.000000e+00   0.000000e+00   0.000000e+00   0.000000e+00   0.000000e+00
1     9.599820e+00  -1.428886e-06  -3.007851e-06   0.000000e+00   1.889884e-05  -8.977869e-06   0.000000e+00
0     9.699798e+00   0.000000e+00   0.000000e+00   0.000000e+00   0.000000e+00   0.000000e+00   0.000000e+00
1     9.699798e+00   6.115358e-07  -3.273355e-06   0.000000e+00   2.056709e-05   3.842482e-06   0.000000e+00
0     9.799777e+00   0.000000e+00   0.000000e+00   0.000000e+00   0.000000e+00   0.000000e+00   0.000000e+00
1     9.799777e+00   2.418469e-06  -2.289057e-06   0.000000e+00   1.438259e-05   1.519584e-05   0.000000e+00
0     9.899756e+00   0.000000e+00   0.000000e+00   0.000000e+00   0.000000e+00   0.000000e+00   0.000000e+00
1     9.899756e+00   3.301994e-06  -4.307624e-07   0.000000e+00   2.706534e-06   2.074727e-05   0.000000e+00
0     9.999735e+00   0.000000e+00   0.000000e+00   0.000000e+00   0.000000e+00   0.000000e+00   0.000000e+00
1     9.999735e+00   2.924762e-06   1.592002e-06   0.000000e+00  -1.000296e-05   1.837705e-05   0.000000e+00
0     1.009971e+01   0.000000e+00   0.000000e+00   0.000000e+00   0.000000e+00   0.000000e+00   0.000000e+00
1     1.009971e+01   1.430809e-06   3.006910e-06   0.000000e+00  -1.889315e-05   8.990180e-06   0.000000e+00
0     1.019969e+01   0.000000e+00   0.000000e+00   0.000000e+00   0.000000e+00   0.000000e+00   0.000000e+00
1     1.019969e+01  -6.094464e-07   3.273735e-06   0.000000e+00  -2.056963e-05  -3.829202e-06   0.000000e+00
0     1.029967e+01   0.000000e+00   0.000000e+00   0.000000e+00   0.000000e+00   0.000000e+00   0.000000e+00
1     1.029967e+01  -2.417008e-06   2.290611e-06   0.000000e+00  -1.439241e-05  -1.518646e-05   0.000000e+00
0     1.039965e+01   0.000000e+00   0.000000e+00   0.000000e+00   0.000000e+00   0.000000e+00   0.000000e+00
1     1.039965e+01  -3.301737e-06   4.329099e-07   0.000000e+00  -2.720097e-06  -2.074534e-05   0.000000e+00
0     1.049963e+01   0.000000e+00   0.000000e+00   0.000000e+00   0.000000e+00   0.000000e+00   0.000000e+00
1     1.049963e+01  -2.925839e-06  -1.590083e-06   0.000000e+00   9.990731e-06  -1.838349e-05   0.000000e+00
0     1.059961e+01   0.000000e+00   0.000000e+00   0.000000e+00   0.000000e+00   0.000000e+00   0.000000e+00
1     1.059961e+01  -1.432834e-06  -3.005972e-06   0.000000e+00   1.888703e-05  -9.002678e-06   0.000000e+00
0     1.069959e+01   0.000000e+00   0.000000e+00   0.000000e+00   0.000000e+00   0.000000e+00   0.000000e+00
1     1.069959e+01   6.072394e-07  -3.274155e-06   0.000000e+00   2.057212e-05   3.815488e-06   0.000000e+00
0     1.079956e+01   0.000000e+00   0.000000e+00   0.000000e+00   0.000000e+00   0.000000e+00   0.000000e+00
1     1.079956e+01   2.415460e-06  -2.292230e-06   0.000000e+00   1.440254e-05   1.517694e-05   0.000000e+00
0     1.089954e+01   0.000000e+00   0.000000e+00   0.000000e+00   0.000000e+00   0.000000e+00   0.000000e+00
1     1.089954e+01   3.301424e-06  -4.351038e-07   0.000000e+00   2.733812e-06   2.074369e-05   0.000000e+00
0     1.099952e+01   0.000000e+00   0.000000e+00   0.000000e+00   0.000000e+00   0.000000e+00   0.000000e+00
1     1.099952e+01   2.926854e-06   1.588151e-06   0.000000e+00  -9.978770e-06   1.839020e-05   0.000000e+00
0     1.109950e+01   0.000000e+00   0.000000e+00   0.000000e+00   0.000000e+00   0.000000e+00   0.000000e+00
1     1.109950e+01   1.434765e-06   3.005024e-06   0.000000e+00  -1.888130e-05   9.015041e-06   0.000000e+00
0     1.119948e+01   0.000000e+00   0.000000e+00   0.000000e+00   0.000000e+00   0.000000e+00   0.000000e+00
1     1.119948e+01  -6.051401e-07   3.274534e-06   0.000000e+00  -2.057465e-05  -3.802145e-06   0.000000e+00
0     1.129946e+01   0.000000e+00   0.000000e+00   0.000000e+00   0.000000e+00   0.000000e+00   0.000000e+00
1     1.129946e+01  -2.413997e-06   2.293784e-06   0.000000e+00  -1.441235e-05  -1.516754e-05   0.000000e+00
0     1.139944e+01   0.000000e+00   0.000000e+00   0.000000e+00   0.000000e+00   0.000000e+00   0.000000e+00
1     1.139944e+01  -3.301166e-06   4.372436e-07   0.000000e+00  -2.747327e-06  -2.074176e-05   0.000000e+00
0     1.149942e+01   0.000000e+00   0.000000e+00   0.000000e+00   0.000000e+00   0.000000e+00   0.000000e+00
1     1.149942e+01  -2.927923e-06  -1.586241e-06   0.000000e+00   9.966594e-06  -1.839659e-05   0.000000e+00
0     1.159939e+01   0.000000e+00   0.000000e+00   0.000000e+00   0.000000e+00   0.000000e+00   0.000000e+00
1     1.159939e+01  -1.436779e-06  -3.004087e-06   0.000000e+00   1.887520e-05  -9.027470e-06   0.000000e+00
0     1.169937e+01   0.000000e+00   0.000000e+00   0.000000e+00   0.000000e+00   0.000000e+00   0.000000e+00
1     1.169937e+01   6.029371e-07  -3.274949e-06   0.000000e+00   2.057712e-05   3.788456e-06   0.000000e+00
0     1.179935e+01   0.000000e+00   0.000000e+00   0.000000e+00   0.000000e+00   0.000000e+00   0.000000e+00
1     1.179935e+01   2.412445e-06  -2.295403e-06   0.000000e+00   1.442247e-05   1.515800e-05   0.000000e+00
0     1.189933e+01   0.000000e+00   0.000000e+00   0.000000e+00   0.000000e+00   0.000000e+00   0.000000e+00
1     1.189933e+01   3.300849e-06  -4.394423e-07   0.000000e+00   2.761073e-06   2.074008e-05   0.000000e+00
0     1.199931e+01   0.000000e+00   0.000000e+00   0.000000e+00   0.000000e+00   0.000000e+00   0.000000e+00
1     1.199931e+01   2.928938e-06   1.584304e-06   0.000000e+00  -9.954602e-06   1.840329e-05   0.000000e+00
0     1.209929e+01   0.000000e+00   0.000000e+00   0.000000e+00   0.000000e+00   0.000000e+00   0.000000e+00
1     1.209929e+01   1.438710e-06   3.003137e-06   0.000000e+00  -1.886945e-05   9.039827e-06   0.000000e+00
0     1.219927e+01   0.000000e+00   0.000000e+00   0.000000e+00   0.000000e+00   0.000000e+00   0.000000e+00
1     1.219927e+01  -6.008409e-07   3.275325e-06   0.000000e+00  -2.057963e-05  -3.775133e-06   0.000000e+00
0     1.229925e+01   0.000000e+00   0.000000e+00   0.000000e+00   0.000000e+00   0.000000e+00   0.000000e+00
1     1.229925e+01  -2.410983e-06   2.296951e-06   0.000000e+00  -1.443225e-05  -1.514861e-05   0.000000e+00
0     1.239922e+01   0.000000e+00   0.000000e+00   0.000000e+00   0.000000e+00   0.000000e+00   0.000000e+00
1     1.239922e+01  -3.300588e-06   4.415772e-07   0.000000e+00  -2.774556e-06  -2.073813e-05   0.000000e+00
0     1.249920e+01   0.000000e+00   0.000000e+00   0.000000e+00   0.000000e+00   0.000000e+00   0.000000e+00
1     1.249920e+01  -2.930003e-06  -1.582395e-06   0.000000e+00   9.942432e-06  -1.840966e-05   0.000000e+00
0     1.259918e+01   0.000000e+00   0.000000e+00   0.000000e+00   0.000000e+00   0.000000e+00   0.000000e+00
1     1.259918e+01  -1.440722e-06  -3.002198e-06   0.000000e+00   1.886333e-05  -9.052242e-06   0.000000e+00
0     1.269916e+01   0.000000e+00   0.000000e+00   0.000000e+00   0.000000e+00   0.000000e+00   0.000000e+00
1     1.269916e+01   5.986380e-07  -3.275738e-06   0.000000e+00   2.058207e-05   3.761445e-06   0.000000e+00
0     1.279914e+01   0.000000e+00   0.000000e+00   0.000000e+00   0.000000e+00   0.000000e+00   0.000000e+00
1     1.279914e+01   2.409430e-06  -2.298567e-06   0.000000e+00   1.444235e-05   1.513906e-05   0.000000e+00
0     1.289912e+01   0.000000e+00   0.000000e+00   0.000000e+00   0.000000e+00   0.000000e+00   0.000000e+00
1     1.289912e+01   3.300269e-06  -4.437738e-07   0.000000e+00   2.788289e-06   2.073644e-05   0.000000e+00
0     1.299910e+01   0.000000e+00   0.000000e+00   0.000000e+00   0.000000e+00   0.000000e+00   0.000000e+00
1     1.299910e+01   2.931014e-06   1.580458e-06   0.000000e+00  -9.930439e-06   1.841634e-05   0.000000e+00
0     1.309908e+01   0.000000e+00   0.000000e+00   0.000000e+00   0.000000e+00   0.000000e+00   0.000000e+00
1     1.309908e+01   1.442650e-06   3.001245e-06   0.000000e+00  -1.885757e-05   9.064587e-06   0.000000e+00
0     1.319905e+01   0.000000e+00   0.000000e+00   0.000000e+00   0.000000e+00   0.000000e+00   0.000000e+00
1     1.319905e+01  -5.965421e-07   3.276110e-06   0.000000e+00  -2.058456e-05  -3.748124e-06   0.000000e+00
0     1.329903e+01   0.000000e+00   0.000000e+00   0.000000e+00   0.000000e+00   0.000000e+00   0.000000e+00
1     1.329903e+01  -2.407968e-06   2.300112e-06   0.000000e+00  -1.445211e-05  -1.512967e-05   0.000000e+00
0     1.339901e+01   0.000000e+00   0.000000e+00   0.000000e+00   0.000000e+00   0.000000e+00   0.000000e+00
1     1.339901e+01  -3.300006e-06   4.459052e-07   0.000000e+00  -2.801750e-06  -2.073448e-05   0.000000e+00
0     1.349899e+01   0.000000e+00   0.000000e+00   0.000000e+00   0.000000e+00   0.000000e+00   0.000000e+00
1     1.349899e+01  -2.932075e-06  -1.578552e-06   0.000000e+00   9.918284e-06  -1.842268e-05   0.000000e+00
0     1.359897e+01   0.000000e+00   0.000000e+00   0.000000e+00   0.000000e+00   0.000000e+00   0.000000e+00
1     1.359897e+01  -1.444658e-06  -3.000306e-06   0.000000e+00   1.885144e-05  -9.076975e-06   0.000000e+00
0     1.369895e+01   0.000000e+00   0.000000e+00   0.000000e+00   0.000000e+00   0.000000e+00   0.000000e+00
1     1.369895e+01   5.943400e-07  -3.276520e-06   0.000000e+00   2.058699e-05   3.734441e-06   0.000000e+00
0     1.379893e+01   0.000000e+00   0.000000e+00   0.000000e+00   0.000000e+00   0.000000e+00   0.000000e+00
1     1.379893e+01   2.406412e-06  -2.301726e-06   0.000000e+00   1.446220e-05   1.512010e-05   0.000000e+00
0     1.389891e+01   0.000000e+00   0.000000e+00   0.000000e+00   0.000000e+00   0.000000e+00   0.000000e+00
1     1.389891e+01   3.299684e-06  -4.481025e-07   0.000000e+00   2.815487e-06   2.073277e-05   0.000000e+00
0     1.399888e+01   0.000000e+00   0.000000e+00   0.000000e+00   0.000000e+00   0.000000e+00   0.000000e+00
1     1.399888e+01   2.933084e-06   1.576613e-06   0.000000e+00  -9.906284e-06   1.842935e-05   0.000000e+00
0     1.409886e+01   0.000000e+00   0.000000e+00   0.000000e+00   0.000000e+00   0.000000e+00   0.000000e+00
1     1.409886e+01   1.446582e-06   2.999351e-06   0.000000e+00  -1.884567e-05   9.089297e-06   0.000000e+00
0     1.419884e+01   0.000000e+00   0.000000e+00   0.000000e+00   0.000000e+00   0.000000e+00   0.000000e+00
1     1.419884e+01  -5.922481e-07   3.276889e-06   0.000000e+00  -2.058946e-05  -3.721144e-06   0.000000e+00
0     1.429882e+01   0.000000e+00   0.000000e+00   0.000000e+00   0.000000e+00   0.000000e+00   0.000000e+00
1     1.429882e+01  -2.404950e-06   2.303265e-06   0.000000e+00  -1.447193e-05  -1.511071e-05   0.000000e+00
0     1.439880e+01   0.000000e+00   0.000000e+00   0.000000e+00   0.000000e+00   0.000000e+00   0.000000e+00
1     1.439880e+01  -3.299418e-06   4.502310e-07   0.000000e+00  -2.828931e-06  -2.073079e-05   0.000000e+00
0     1.449878e+01   0.000000e+00   0.000000e+00   0.000000e+00   0.000000e+00   0.000000e+00   0.000000e+00
1     1.449878e+01  -2.934142e-06  -1.574706e-06   0.000000e+00   9.894121e-06  -1.843567e-05   0.000000e+00
0     1.459876e+01   0.000000e+00   0.000000e+00   0.000000e+00   0.000000e+00   0.000000e+00   0.000000e+00
1     1.459876e+01  -1.448590e-06  -2.998409e-06   0.000000e+00   1.883953e-05  -9.101683e-06   0.000000e+00
0     1.469873e+01   0.000000e+00   0.000000e+00   0.000000e+00   0.000000e+00   0.000000e+00   0.000000e+00
1     1.469873e+01   5.900452e-07  -3.277295e-06   0.000000e+00   2.059187e-05   3.707456e-06   0.000000e+00
0     1.479871e+01   0.000000e+00   0.000000e+00   0.000000e+00   0.000000e+00   0.000000e+00   0.000000e+00
1     1.479871e+01   2.403394e-06  -2.304876e-06   0.000000e+00   1.448200e-05   1.510114e-05   0.000000e+00
0     1.489869e+01   0.000000e+00   0.000000e+00   0.000000e+00   0.000000e+00   0.000000e+00   0.000000e+00
1     1.489869e+01   3.299094e-06  -4.524240e-07   0.000000e+00   2.842641e-06   2.072906e-05   0.000000e+00
0     1.499867e+01   0.000000e+00   0.000000e+00   0.000000e+00   0.000000e+00   0.000000e+00   0.000000e+00
1     1.499867e+01   2.935146e-06   1.572770e-06   0.000000e+00  -9.882137e-06   1.844231e-05   0.000000e+00
0     1.509865e+01   0.000000e+00   0.000000e+00   0.000000e+00   0.000000e+00   0.000000e+00   0.000000e+00
1     1.509865e+01   1.450510e-06   2.997453e-06   0.000000e+00  -1.883375e-05   9.113978e-06   0.000000e+00
0     1.519863e+01   0.000000e+00   0.000000e+00   0.000000e+00   0.000000e+00   0.000000e+00   0.000000e+00
1     1.519863e+01  -5.879540e-07   3.277661e-06   0.000000e+00  -2.059432e-05  -3.694164e-06   0.000000e+00
0     1.529861e+01   0.000000e+00   0.000000e+00   0.000000e+00   0.000000e+00   0.000000e+00   0.000000e+00
1     1.529861e+01  -2.401930e-06   2.306414e-06   0.000000e+00  -1.449172e-05  -1.509174e-05   0.000000e+00
0     1.539859e+01   0.000000e+00   0.000000e+00   0.000000e+00   0.000000e+00   0.000000e+00   0.000000e+00
1     1.539859e+01  -3.298825e-06   4.545527e-07   0.000000e+00  -2.856085e-06  -2.072707e-05   0.000000e+00
0     1.549856e+01   0.000000e+00   0.000000e+00   0.000000e+00   0.000000e+00   0.000000e+00   0.000000e+00
1     1.549856e+01  -2.936201e-06  -1.570862e-06   0.000000e+00   9.869970e-06  -1.844861e-05   0.000000e+00
0     1.559854e+01   0.000000e+00   0.000000e+00   0.000000e+00   0.000000e+00   0.000000e+00   0.000000e+00
1     1.559854e+01  -1.452514e-06  -2.996509e-06   0.000000e+00   1.882760e-05  -9.126340e-06   0.000000e+00
0     1.569852e+01   0.000000e+00   0.000000e+00   0.000000e+00   0.000000e+00   0.000000e+00   0.000000e+00
1     1.569852e+01   5.857548e-07  -3.278064e-06   0.000000e+00   2.059671e-05   3.680500e-06   0.000000e+00
0     1.579850e+01   0.000000e+00   0.000000e+00   0.000000e+00   0.000000e+00   0.000000e+00   0.000000e+00
1     1.579850e+01   2.400375e-06  -2.308020e-06   0.000000e+00   1.450176e-05   1.508217e-05   0.000000e+00
0     1.589848e+01   0.000000e+00   0.000000e+00   0.000000e+00   0.000000e+00   0.000000e+00   0.000000e+00
1     1.589848e+01   3.298498e-06  -4.567423e-07   0.000000e+00   2.869775e-06   2.072533e-05   0.000000e+00
0     1.599846e+01   0.000000e+00   0.000000e+00   0.000000e+00   0.000000e+00   0.000000e+00   0.000000e+00
1     1.599846e+01   2.937202e-06   1.568926e-06   0.000000e+00  -9.857985e-06   1.845523e-05   0.000000e+00
0     1.609844e+01   0.000000e+00   0.000000e+00   0.000000e+00   0.000000e+00   0.000000e+00   0.000000e+00
1     1.609844e+01   1.454433e-06   2.995551e-06   0.000000e+00  -1.882180e-05   9.138626e-06   0.000000e+00
0     1.619842e+01   0.000000e+00   0.000000e+00   0.000000e+00   0.000000e+00   0.000000e+00   0.000000e+00
1     1.619842e+01  -5.836635e-07   3.278428e-06   0.000000e+00  -2.059914e-05  -3.667207e-06   0.000000e+00
0     1.629839e+01   0.000000e+00   0.000000e+00   0.000000e+00   0.000000e+00   0.000000e+00   0.000000e+00
1     1.629839e+01  -2.398910e-06   2.309555e-06   0.000000e+00  -1.451145e-05  -1.507276e-05   0.000000e+00
0     1.639837e+01   0.000000e+00   0.000000e+00   0.000000e+00   0.000000e+00   0.000000e+00   0.000000e+00
1     1.639837e+01  -3.298227e-06   4.588679e-07   0.000000e+00  -2.883199e-06  -2.072331e-05   0.000000e+00
0     1.649835e+01   0.000000e+00   0.000000e+00   0.000000e+00   0.000000e+00   0.000000e+00   0.000000e+00
1     1.649835e+01  -2.938253e-06  -1.567019e-06   0.000000e+00   9.845830e-06  -1.846151e-05   0.000000e+00
0     1.659833e+01   0.000000e+00   0.000000e+00   0.000000e+00   0.000000e+00   0.000000e+00   0.000000e+00
1     1.659833e+01  -1.456432e-06  -2.994606e-06   0.000000e+00   1.881564e-05  -9.150960e-06   0.000000e+00
0     1.669831e+01   0.000000e+00   0.000000e+00   0.000000e+00   0.000000e+00   0.000000e+00   0.000000e+00
1     1.669831e+01   5.814664e-07  -3.278827e-06   0.000000e+00   2.060150e-05   3.653555e-06   0.000000e+00
0     1.679829e+01   0.000000e+00   0.000000e+00   0.000000e+00   0.000000e+00   0.000000e+00   0.000000e+00
1     1.679829e+01   2.397354e-06  -2.311157e-06   0.000000e+00   1.452147e-05   1.506319e-05   0.000000e+00
0     1.689827e+01   0.000000e+00   0.000000e+00   0.000000e+00   0.000000e+00   0.000000e+00   0.000000e+00
1     1.689827e+01   3.297898e-06  -4.610560e-07   0.000000e+00   2.896880e-06   2.072156e-05   0.000000e+00
0     1.700000e+01   0.000000e+00   0.000000e+00   0.000000e+00   0.000000e+00   0.000000e+00   0.000000e+00
1     1.700000e+01   2.921824e-06   1.597381e-06   0.000000e+00  -1.003678e-05   1.835861e-05   0.000000e+00
0     1.709998e+01   0.000000e+00   0.000000e+00   0.000000e+00   0.000000e+00   0.000000e+00   0.000000e+00
1     1.709998e+01   1.425267e-06   3.009537e-06   0.000000e+00  -1.890968e-05   8.955375e-06   0.000000e+00
0     1.719996e+01   0.000000e+00   0.000000e+00   0.000000e+00   0.000000e+00   0.000000e+00   0.000000e+00
1     1.719996e+01  -6.154804e-07   3.272603e-06   0.000000e+00  -2.056255e-05  -3.867120e-06   0.000000e+00
0     1.729994e+01   0.000000e+00   0.000000e+00   0.000000e+00   0.000000e+00   0.000000e+00   0.000000e+00
1     1.729994e+01  -2.421230e-06   2.286144e-06   0.000000e+00  -1.436436e-05  -1.521301e-05   0.000000e+00
0     1.739991e+01   0.000000e+00   0.000000e+00   0.000000e+00   0.000000e+00   0.000000e+00   0.000000e+00
1     1.739991e+01  -3.302528e-06   4.268089e-07   0.000000e+00  -2.681767e-06  -2.075034e-05   0.000000e+00
0     1.749989e+01   0.000000e+00   0.000000e+00   0.000000e+00   0.000000e+00   0.000000e+00   0.000000e+00
1     1.749989e+01  -2.922893e-06  -1.595486e-06   0.000000e+00   1.002469e-05  -1.836500e-05   0.000000e+00
0     1.759987e+01   0.000000e+00   0.000000e+00   0.000000e+00   0.000000e+00   0.000000e+00   0.000000e+00
1     1.759987e+01  -1.427274e-06  -3.008612e-06   0.000000e+00   1.890365e-05  -8.967758e-06   0.000000e+00
0     1.769985e+01   0.000000e+00   0.000000e+00   0.000000e+00   0.000000e+00   0.000000e+00   0.000000e+00
1     1.769985e+01   6.132890e-07  -3.273024e-06   0.000000e+00   2.056504e-05   3.853504e-06   0.000000e+00
0     1.779983e+01   0.000000e+00   0.000000e+00   0.000000e+00   0.000000e+00   0.000000e+00   0.000000e+00
1     1.779983e+01   2.419691e-06  -2.287760e-06   0.000000e+00   1.437446e-05   1.520354e-05   0.000000e+00
0     1.789981e+01   0.000000e+00   0.000000e+00   0.000000e+00   0.000000e+00   0.000000e+00   0.000000e+00
1     1.789981e+01   3.302220e-06  -4.289978e-07   0.000000e+00   2.695451e-06   2.074872e-05   0.000000e+00
0     1.799979e+01   0.000000e+00   0.000000e+00   0.000000e+00   0.000000e+00   0.000000e+00   0.000000e+00
1     1.799979e+01   2.923908e-06   1.593562e-06   0.000000e+00  -1.001278e-05   1.837171e-05   0.000000e+00
0     1.809977e+01   0.000000e+00   0.000000e+00   0.000000e+00   0.000000e+00   0.000000e+00   0.000000e+00
1     1.809977e+01   1.429197e-06   3.007672e-06   0.000000e+00  -1.889797e-05   8.980070e-06   0.000000e+00
0     1.819974e+01   0.000000e+00   0.000000e+00   0.000000e+00   0.000000e+00   0.000000e+00   0.000000e+00
1     1.819974e+01  -6.112053e-07   3.273404e-06   0.000000e+00  -2.056758e-05  -3.840260e-06   0.000000e+00
0     1.829972e+01   0.000000e+00   0.000000e+00   0.000000e+00   0.000000e+00   0.000000e+00   0.000000e+00
1     1.829972e+01  -2.418242e-06   2.289304e-06   0.000000e+00  -1.438422e-05  -1.519424e-05   0.000000e+00
0     1.839970e+01   0.000000e+00   0.000000e+00   0.000000e+00   0.000000e+00   0.000000e+00   0.000000e+00
1     1.839970e+01  -3.301968e-06   4.311211e-07   0.000000e+00  -2.708862e-06  -2.074682e-05   0.000000e+00
0     1.849968e+01   0.000000e+00   0.000000e+00   0.000000e+00   0.000000e+00   0.000000e+00   0.000000e+00
1     1.849968e+01  -2.924973e-06  -1.591668e-06   0.000000e+00   1.000071e-05  -1.837808e-05   0.000000e+00
0     1.859966e+01   0.000000e+00   0.000000e+00   0.000000e+00   0.000000e+00   0.000000e+00   0.000000e+00
1     1.859966e+01  -1.431201e-06  -3.006745e-06   0.000000e+00   1.889192e-05  -8.992434e-06   0.000000e+00
0     1.869964e+01   0.000000e+00   0.000000e+00   0.000000e+00   0.000000e+00   0.000000e+00   0.000000e+00
1     1.869964e+01   6.090150e-07  -3.273821e-06   0.000000e+00   2.057006e-05   3.826650e-06   0.000000e+00
0     1.879962e+01   0.000000e+00   0.000000e+00   0.000000e+00   0.000000e+00   0.000000e+00   0.000000e+00
1     1.879962e+01   2.416702e-06  -2.290916e-06   0.000000e+00   1.439430e-05   1.518476e-05   0.000000e+00
0     1.889960e+01   0.000000e+00   0.000000e+00   0.000000e+00   0.000000e+00   0.000000e+00   0.000000e+00
1     1.889960e+01   3.301657e-06  -4.333079e-07   0.000000e+00   2.722533e-06   2.074519e-05   0.000000e+00
0     1.899957e+01   0.000000e+00   0.000000e+00   0.000000e+00   0.000000e+00   0.000000e+00   0.000000e+00
1     1.899957e+01   2.925985e-06   1.589744e-06   0.000000e+00  -9.988799e-06   1.838477e-05   0.000000e+00
0     1.909955e+01   0.000000e+00   0.000000e+00   0.000000e+00   0.000000e+00   0.000000e+00   0.000000e+00
1     1.909955e+01   1.433121e-06   3.005804e-06   0.000000e+00  -1.888624e-05   9.004725e-06   0.000000e+00
0     1.919953e+01   0.000000e+00   0.000000e+00   0.000000e+00   0.000000e+00   0.000000e+00   0.000000e+00
1     1.919953e+01  -6.069333e-07   3.274198e-06   0.000000e+00  -2.057258e-05  -3.813418e-06   0.000000e+00
0     1.929951e+01   0.000000e+00   0.000000e+00   0.000000e+00   0.000000e+00   0.000000e+00   0.000000e+00
1     1.929951e+01  -2.415253e-06   2.292457e-06   0.000000e+00  -1.440403e-05  -1.517546e-05   0.000000e+00
0     1.939949e+01   0.000000e+00   0.000000e+00   0.000000e+00   0.000000e+00   0.000000e+00   0.000000e+00
1     1.939949e+01  -3.301402e-06   4.354290e-07   0.000000e+00  -2.735930e-06  -2.074327e-05   0.000000e+00
0     1.949947e+01   0.000000e+00   0.000000e+00   0.000000e+00   0.000000e+00   0.000000e+00   0.000000e+00
1     1.949947e+01  -2.927047e-06  -1.587850e-06   0.000000e+00   9.976720e-06  -1.839111e-05   0.000000e+00
0     1.959945e+01   0.000000e+00   0.000000e+00   0.000000e+00   0.000000e+00   0.000000e+00   0.000000e+00
1     1.959945e+01  -1.435122e-06  -3.004875e-06   0.000000e+00   1.888018e-05  -9.017072e-06   0.000000e+00
0     1.969942e+01   0.000000e+00   0.000000e+00   0.000000e+00   0.000000e+00   0.000000e+00   0.000000e+00
1     1.969942e+01   6.047442e-07  -3.274613e-06   0.000000e+00   2.057503e-05   3.799817e-06   0.000000e+00
0     1.979940e+01   0.000000e+00   0.000000e+00   0.000000e+00   0.000000e+00   0.000000e+00   0.000000e+00
1     1.979940e+01   2.413712e-06  -2.294066e-06   0.000000e+00   1.441409e-05   1.516598e-05   0.000000e+00
0     1.989938e+01   0.000000e+00   0.000000e+00   0.000000e+00   0.000000e+00   0.000000e+00   0.000000e+00
1     1.989938e+01   3.301089e-06  -4.376129e-07   0.000000e+00   2.749582e-06   2.074162e-05   0.000000e+00
0     1.999936e+01   0.000000e+00   0.000000e+00   0.000000e+00   0.000000e+00   0.000000e+00   0.000000e+00
1     1.999936e+01   2.928055e-06   1.585927e-06   0.000000e+00  -9.964819e-06   1.839778e-05   0.000000e+00
0     2.009934e+01   0.000000e+00   0.000000e+00   0.000000e+00   0.000000e+00   0.000000e+00   0.000000e+00
1     2.009934e+01   1.437038e-06   3.003933e-06   0.000000e+00  -1.887448e-05   9.029342e-06   0.000000e+00
0     2.019932e+01   0.000000e+00   0.000000e+00   0.000000e+00   0.000000e+00   0.000000e+00   0.000000e+00
1     2.019932e+01  -6.026640e-07   3.274986e-06   0.000000e+00  -2.057753e-05  -3.786594e-06   0.000000e+00
0     2.029930e+01   0.000000e+00   0.000000e+00   0.000000e+00   0.000000e+00   0.000000e+00   0.000000e+00
1     2.029930e+01  -2.412262e-06   2.295603e-06   0.000000e+00  -1.442380e-05  -1.515667e-05   0.000000e+00
0     2.039928e+01   0.000000e+00   0.000000e+00   0.000000e+00   0.000000e+00   0.000000e+00   0.000000e+00
1     2.039928e+01  -3.300831e-06   4.397319e-07   0.000000e+00  -2.762966e-06  -2.073969e-05   0.000000e+00
0     2.049925e+01   0.000000e+00   0.000000e+00   0.000000e+00   0.000000e+00   0.000000e+00   0.000000e+00
1     2.049925e+01  -2.929114e-06  -1.584034e-06   0.000000e+00   9.952743e-06  -1.840410e-05   0.000000e+00
0     2.059923e+01   0.000000e+00   0.000000e+00   0.000000e+00   0.000000e+00   0.000000e+00   0.000000e+00
1     2.059923e+01  -1.439037e-06  -3.003002e-06   0.000000e+00   1.886841e-05  -9.041670e-06   0.000000e+00
0     2.069921e+01   0.000000e+00   0.000000e+00   0.000000e+00   0.000000e+00   0.000000e+00   0.000000e+00
1     2.069921e+01   6.004767e-07  -3.275397e-06   0.000000e+00   2.057997e-05   3.773004e-06   0.000000e+00
0     2.079919e+01   0.000000e+00   0.000000e+00   0.000000e+00   0.000000e+00   0.000000e+00   0.000000e+00
1     2.079919e+01   2.410720e-06  -2.297209e-06   0.000000e+00   1.443384e-05   1.514719e-05   0.000000e+00
0     2.089917e+01   0.000000e+00   0.000000e+00   0.000000e+00   0.000000e+00   0.000000e+00   0.000000e+00
1     2.089917e+01   3.300515e-06  -4.419133e-07   0.000000e+00   2.776603e-06   2.073802e-05   0.000000e+00
0     2.099915e+01   0.000000e+00   0.000000e+00   0.000000e+00   0.000000e+00   0.000000e+00   0.000000e+00
1     2.099915e+01   2.930118e-06   1.582111e-06   0.000000e+00  -9.940843e-06   1.841074e-05   0.000000e+00
0     2.109913e+01   0.000000e+00   0.000000e+00   0.000000e+00   0.000000e+00   0.000000e+00   0.000000e+00
1     2.109913e+01   1.440950e-06   3.002058e-06   0.000000e+00  -1.886270e-05   9.053921e-06   0.000000e+00
0     2.119911e+01   0.000000e+00   0.000000e+00   0.000000e+00   0.000000e+00   0.000000e+00   0.000000e+00
1     2.119911e+01  -5.983977e-07   3.275768e-06   0.000000e+00  -2.058245e-05  -3.759789e-06   0.000000e+00
0     2.129908e+01   0.000000e+00   0.000000e+00   0.000000e+00   0.000000e+00   0.000000e+00   0.000000e+00
1     2.129908e+01  -2.409270e-06   2.298743e-06   0.000000e+00  -1.444353e-05  -1.513787e-05   0.000000e+00
0     2.139906e+01   0.000000e+00   0.000000e+00   0.000000e+00   0.000000e+00   0.000000e+00   0.000000e+00
1     2.139906e+01  -3.300255e-06   4.440298e-07   0.000000e+00  -2.789971e-06  -2.073608e-05   0.000000e+00
0     2.149904e+01   0.000000e+00   0.000000e+00   0.000000e+00   0.000000e+00   0.000000e+00   0.000000e+00
1     2.149904e+01  -2.931173e-06  -1.580218e-06   0.000000e+00   9.928772e-06  -1.841704e-05   0.000000e+00
0     2.159902e+01   0.000000e+00   0.000000e+00   0.000000e+00   0.000000e+00   0.000000e+00   0.000000e+00
1     2.159902e+01  -1.442945e-06  -3.001126e-06   0.000000e+00   1.885662e-05  -9.066228e-06   0.000000e+00
0     2.169900e+01   0.000000e+00   0.000000e+00   0.000000e+00   0.000000e+00   0.000000e+00   0.000000e+00
1     2.169900e+01   5.962120e-07  -3.276176e-06   0.000000e+00   2.058486e-05   3.746209e-06   0.000000e+00
0     2.179898e+01   0.000000e+00   0.000000e+00   0.000000e+00   0.000000e+00   0.000000e+00   0.000000e+00
1     2.179898e+01   2.407728e-06  -2.300344e-06   0.000000e+00   1.445355e-05   1.512839e-05   0.000000e+00
0     2.189896e+01   0.000000e+00   0.000000e+00   0.000000e+00   0.000000e+00   0.000000e+00   0.000000e+00
1     2.189896e+01   3.299937e-06  -4.462088e-07   0.000000e+00   2.803594e-06   2.073439e-05   0.000000e+00
0     2.199894e+01   0.000000e+00   0.000000e+00   0.000000e+00   0.000000e+00   0.000000e+00   0.000000e+00
1     2.199894e+01   2.932175e-06   1.578296e-06   0.000000e+00  -9.916875e-06   1.842367e-05   0.000000e+00
0     2.209891e+01   0.000000e+00   0.000000e+00   0.000000e+00   0.000000e+00   0.000000e+00   0.000000e+00
1     2.209891e+01   1.444855e-06   3.000180e-06   0.000000e+00  -1.885091e-05   9.078461e-06   0.000000e+00
0     2.219889e+01   0.000000e+00   0.000000e+00   0.000000e+00   0.000000e+00   0.000000e+00   0.000000e+00
1     2.219889e+01  -5.941346e-07   3.276544e-06   0.000000e+00  -2.058732e-05  -3.733004e-06   0.000000e+00
0     2.229887e+01   0.000000e+00   0.000000e+00   0.000000e+00   0.000000e+00   0.000000e+00   0.000000e+00
1     2.229887e+01  -2.406276e-06   2.301875e-06   0.000000e+00  -1.446322e-05  -1.511907e-05   0.000000e+00
0     2.239885e+01   0.000000e+00   0.000000e+00   0.000000e+00   0.000000e+00   0.000000e+00   0.000000e+00
1     2.239885e+01  -3.299674e-06   4.483230e-07   0.000000e+00  -2.816947e-06  -2.073243e-05   0.000000e+00
0     2.249883e+01   0.000000e+00   0.000000e+00   0.000000e+00   0.000000e+00   0.000000e+00   0.000000e+00
1     2.249883e+01  -2.933226e-06  -1.576404e-06   0.000000e+00   9.904805e-06  -1.842995e-05   0.000000e+00
0     2.259881e+01   0.000000e+00   0.000000e+00   0.000000e+00   0.000000e+00   0.000000e+00   0.000000e+00
1     2.259881e+01  -1.446847e-06  -2.999246e-06   0.000000e+00   1.884482e-05  -9.090749e-06   0.000000e+00
0     2.269879e+01   0.000000e+00   0.000000e+00   0.000000e+00   0.000000e+00   0.000000e+00   0.000000e+00
1     2.269879e+01   5.919503e-07  -3.276948e-06   0.000000e+00   2.058972e-05   3.719432e-06   0.000000e+00
0     2.279877e+01   0.000000e+00   0.000000e+00   0.000000e+00   0.000000e+00   0.000000e+00   0.000000e+00
1     2.279877e+01   2.404734e-06  -2.303474e-06   0.000000e+00   1.447321e-05   1.510958e-05   0.000000e+00
0     2.289874e+01   0.000000e+00   0.000000e+00   0.000000e+00   0.000000e+00   0.000000e+00   0.000000e+00
1     2.289874e+01   3.299354e-06  -4.504996e-07   0.000000e+00   2.830554e-06   2.073073e-05   0.000000e+00
0     2.299872e+01   0.000000e+00   0.000000e+00   0.000000e+00   0.000000e+00   0.000000e+00   0.000000e+00
1     2.299872e+01   2.934224e-06   1.574482e-06   0.000000e+00  -9.892911e-06   1.843655e-05   0.000000e+00
0     2.309870e+01   0.000000e+00   0.000000e+00   0.000000e+00   0.000000e+00   0.000000e+00   0.000000e+00
1     2.309870e+01   1.448755e-06   2.998298e-06   0.000000e+00  -1.883909e-05   9.102963e-06   0.000000e+00
0     2.319868e+01   0.000000e+00   0.000000e+00   0.000000e+00   0.000000e+00   0.000000e+00   0.000000e+00
1     2.319868e+01  -5.898745e-07   3.277313e-06   0.000000e+00  -2.059216e-05  -3.706237e-06   0.000000e+00
0     2.329866e+01   0.000000e+00   0.000000e+00   0.000000e+00   0.000000e+00   0.000000e+00   0.000000e+00
1     2.329866e+01  -2.403282e-06   2.305001e-06   0.000000e+00  -1.448286e-05  -1.510025e-05   0.000000e+00
0     2.339864e+01   0.000000e+00   0.000000e+00   0.000000e+00   0.000000e+00   0.000000e+00   0.000000e+00
1     2.339864e+01  -3.299088e-06   4.526114e-07   0.000000e+00  -2.843892e-06  -2.072875e-05   0.000000e+00
0     2.349862e+01   0.000000e+00   0.000000e+00   0.000000e+00   0.000000e+00   0.000000e+00   0.000000e+00
1     2.349862e+01  -2.935272e-06  -1.572590e-06   0.000000e+00   9.880845e-06  -1.844281e-05   0.000000e+00
0     2.359860e+01   0.000000e+00   0.000000e+00   0.000000e+00   0.000000e+00   0.000000e+00   0.000000e+00
1     2.359860e+01  -1.450744e-06  -2.997363e-06   0.000000e+00   1.883299e-05  -9.115232e-06   0.000000e+00
0     2.369857e+01   0.000000e+00   0.000000e+00   0.000000e+00   0.000000e+00   0.000000e+00   0.000000e+00
1     2.369857e+01   5.876916e-07  -3.277714e-06   0.000000e+00   2.059454e-05   3.692675e-06   0.000000e+00
0     2.379855e+01   0.000000e+00   0.000000e+00   0.000000e+00   0.000000e+00   0.000000e+00   0.000000e+00
1     2.379855e+01   2.401738e-06  -2.306596e-06   0.000000e+00   1.449283e-05   1.509076e-05   0.000000e+00
0     2.389853e+01   0.000000e+00   0.000000e+00   0.000000e+00   0.000000e+00   0.000000e+00   0.000000e+00
1     2.389853e+01   3.298765e-06  -4.547856e-07   0.000000e+00   2.857485e-06   2.072704e-05   0.000000e+00
0     2.399851e+01   0.000000e+00   0.000000e+00   0.000000e+00   0.000000e+00   0.000000e+00   0.000000e+00
1     2.399851e+01   2.936266e-06   1.570669e-06   0.000000e+00  -9.868954e-06   1.844938e-05   0.000000e+00
0     2.409849e+01   0.000000e+00   0.000000e+00   0.000000e+00   0.000000e+00   0.000000e+00   0.000000e+00
1     2.409849e+01   1.452648e-06   2.996413e-06   0.000000e+00  -1.882725e-05   9.127426e-06   0.000000e+00
0     2.419847e+01   0.000000e+00   0.000000e+00   0.000000e+00   0.000000e+00   0.000000e+00   0.000000e+00
1     2.419847e+01  -5.856174e-07   3.278076e-06   0.000000e+00  -2.059696e-05  -3.679490e-06   0.000000e+00
0     2.429845e+01   0.000000e+00   0.000000e+00   0.000000e+00   0.000000e+00   0.000000e+00   0.000000e+00
1     2.429845e+01  -2.400286e-06   2.308119e-06   0.000000e+00  -1.450246e-05  -1.508143e-05   0.000000e+00
0     2.439842e+01   0.000000e+00   0.000000e+00   0.000000e+00   0.000000e+00   0.000000e+00   0.000000e+00
1     2.439842e+01  -3.298497e-06   4.568949e-07   0.000000e+00  -2.870807e-06  -2.072504e-05   0.000000e+00
0     2.449840e+01   0.000000e+00   0.000000e+00   0.000000e+00   0.000000e+00   0.000000e+00   0.000000e+00
1     2.449840e+01  -2.937311e-06  -1.568777e-06   0.000000e+00   9.856891e-06  -1.845562e-05   0.000000e+00
0     2.459838e+01   0.000000e+00   0.000000e+00   0.000000e+00   0.000000e+00   0.000000e+00   0.000000e+00
1     2.459838e+01  -1.454634e-06  -2.995476e-06   0.000000e+00   1.882114e-05  -9.139675e-06   0.000000e+00
0     2.469836e+01   0.000000e+00   0.000000e+00   0.000000e+00   0.000000e+00   0.000000e+00   0.000000e+00
1     2.469836e+01   5.834361e-07  -3.278474e-06   0.000000e+00   2.059932e-05   3.665937e-06   0.000000e+00
0     2.479834e+01   0.000000e+00   0.000000e+00   0.000000e+00   0.000000e+00   0.000000e+00   0.000000e+00
1     2.479834e+01   2.398742e-06  -2.309711e-06   0.000000e+00   1.451241e-05   1.507194e-05   0.000000e+00
0     2.489832e+01   0.000000e+00   0.000000e+00   0.000000e+00   0.000000e+00   0.000000e+00   0.000000e+00
1     2.489832e+01   3.298172e-06  -4.590666e-07   0.000000e+00   2.884384e-06   2.072331e-05   0.000000e+00
0     2.499830e+01   0.000000e+00   0.000000e+00   0.000000e+00   0.000000e+00   0.000000e+00   0.000000e+00
1     2.499830e+01   2.938302e-06   1.566857e-06   0.000000e+00  -9.845003e-06   1.846218e-05   0.000000e+00
0     2.509828e+01   0.000000e+00   0.000000e+00   0.000000e+00   0.000000e+00   0.000000e+00   0.000000e+00
1     2.509828e+01   1.456535e-06   2.994525e-06   0.000000e+00  -1.881539e-05   9.151850e-06   0.000000e+00
0     2.519825e+01   0.000000e+00   0.000000e+00   0.000000e+00   0.000000e+00   0.000000e+00   0.000000e+00
1     2.519825e+01  -5.813633e-07   3.278832e-06   0.000000e+00  -2.060172e-05  -3.652761e-06   0.000000e+00
0     2.529999e+01   0.000000e+00   0.000000e+00   0.000000e+00   0.000000e+00   0.000000e+00   0.000000e+00
1     2.529999e+01  -2.422615e-06   2.284672e-06   0.000000e+00  -1.435513e-05  -1.522173e-05   0.000000e+00
0     2.539997e+01   0.000000e+00   0.000000e+00   0.000000e+00   0.000000e+00   0.000000e+00   0.000000e+00
1     2.539997e+01  -3.302784e-06   4.248010e-07   0.000000e+00  -2.669155e-06  -2.075198e-05   0.000000e+00
0     2.549994e+01   0.000000e+00   0.000000e+00   0.000000e+00   0.000000e+00   0.000000e+00   0.000000e+00
1     2.549994e+01  -2.921918e-06  -1.597263e-06   0.000000e+00   1.003588e-05  -1.835891e-05   0.000000e+00
0     2.559992e+01   0.000000e+00   0.000000e+00   0.000000e+00   0.000000e+00   0.000000e+00   0.000000e+00
1     2.559992e+01  -1.425438e-06  -3.009479e-06   0.000000e+00   1.890912e-05  -8.956235e-06   0.000000e+00
0     2.569990e+01   0.000000e+00   0.000000e+00   0.000000e+00   0.000000e+00   0.000000e+00   0.000000e+00
1     2.569990e+01   6.152875e-07  -3.272645e-06   0.000000e+00   2.056270e-05   3.866067e-06   0.000000e+00
0     2.579988e+01   0.000000e+00   0.000000e+00   0.000000e+00   0.000000e+00   0.000000e+00   0.000000e+00
1     2.579988e+01   2.421088e-06  -2.286276e-06   0.000000e+00   1.436517e-05   1.521234e-05   0.000000e+00
0     2.589986e+01   0.000000e+00   0.000000e+00   0.000000e+00   0.000000e+00   0.000000e+00   0.000000e+00
1     2.589986e+01   3.302479e-06  -4.269731e-07   0.000000e+00   2.682733e-06   2.075038e-05   0.000000e+00
0     2.599984e+01   0.000000e+00   0.000000e+00   0.000000e+00   0.000000e+00   0.000000e+00   0.000000e+00
1     2.599984e+01   2.922926e-06   1.595355e-06   0.000000e+00  -1.002407e-05   1.836557e-05   0.000000e+00
0     2.609982e+01   0.000000e+00   0.000000e+00   0.000000e+00   0.000000e+00   0.000000e+00   0.000000e+00
1     2.609982e+01   1.427346e-06   3.008547e-06   0.000000e+00  -1.890350e-05   8.968452e-06   0.000000e+00
0     2.619980e+01   0.000000e+00   0.000000e+00   0.000000e+00   0.000000e+00   0.000000e+00   0.000000e+00
1     2.619980e+01  -6.132204e-07   3.273024e-06   0.000000e+00  -2.056522e-05  -3.852927e-06   0.000000e+00
0     2.629977e+01   0.000000e+00   0.000000e+00   0.000000e+00   0.000000e+00   0.000000e+00   0.000000e+00
1     2.629977e+01  -2.419651e-06   2.287810e-06   0.000000e+00  -1.437485e-05  -1.520311e-05   0.000000e+00
0     2.639975e+01   0.000000e+00   0.000000e+00   0.000000e+00   0.000000e+00   0.000000e+00   0.000000e+00
1     2.639975e+01  -3.302230e-06   4.290812e-07   0.000000e+00  -2.696049e-06  -2.074850e-05   0.000000e+00
0     2.649973e+01   0.000000e+00   0.000000e+00   0.000000e+00   0.000000e+00   0.000000e+00   0.000000e+00
1     2.649973e+01  -2.923985e-06  -1.593475e-06   0.000000e+00   1.001208e-05  -1.837190e-05   0.000000e+00
0     2.659971e+01   0.000000e+00   0.000000e+00   0.000000e+00   0.000000e+00   0.000000e+00   0.000000e+00
1     2.659971e+01  -1.429336e-06  -3.007629e-06   0.000000e+00   1.889750e-05  -8.980730e-06   0.000000e+00
0     2.669969e+01   0.000000e+00   0.000000e+00   0.000000e+00   0.000000e+00   0.000000e+00   0.000000e+00
1     2.669969e+01   6.110465e-07  -3.273439e-06   0.000000e+00   2.056769e-05   3.839421e-06   0.000000e+00
0     2.679967e+01   0.000000e+00   0.000000e+00   0.000000e+00   0.000000e+00   0.000000e+00   0.000000e+00
1     2.679967e+01   2.418123e-06  -2.289411e-06   0.000000e+00   1.438486e-05   1.519372e-05   0.000000e+00
0     2.689965e+01   0.000000e+00   0.000000e+00   0.000000e+00   0.000000e+00   0.000000e+00   0.000000e+00
1     2.689965e+01   3.301923e-06  -4.312509e-07   0.000000e+00   2.709612e-06   2.074689e-05   0.000000e+00
0     2.699963e+01   0.000000e+00   0.000000e+00   0.000000e+00   0.000000e+00   0.000000e+00   0.000000e+00
1     2.699963e+01   2.924990e-06   1.591567e-06   0.000000e+00  -1.000027e-05   1.837854e-05   0.000000e+00
0     2.709960e+01   0.000000e+00   0.000000e+00   0.000000e+00   0.000000e+00   0.000000e+00   0.000000e+00
1     2.709960e+01   1.431241e-06   3.006696e-06   0.000000e+00  -1.889187e-05   8.992929e-06   0.000000e+00
0     2.719958e+01   0.000000e+00   0.000000e+00   0.000000e+00   0.000000e+00   0.000000e+00   0.000000e+00
1     2.719958e+01  -6.089811e-07   3.273815e-06   0.000000e+00  -2.057020e-05  -3.826291e-06   0.000000e+00
0     2.729956e+01   0.000000e+00   0.000000e+00   0.000000e+00   0.000000e+00   0.000000e+00   0.000000e+00
1     2.729956e+01  -2.416686e-06   2.290941e-06   0.000000e+00  -1.439453e-05  -1.518449e-05   0.000000e+00
0     2.739954e+01   0.000000e+00   0.000000e+00   0.000000e+00   0.000000e+00   0.000000e+00   0.000000e+00
1     2.739954e+01  -3.301671e-06   4.333565e-07   0.000000e+00  -2.722912e-06  -2.074500e-05   0.000000e+00
0     2.749952e+01   0.000000e+00   0.000000e+00   0.000000e+00   0.000000e+00   0.000000e+00   0.000000e+00
1     2.749952e+01  -2.926045e-06  -1.589688e-06   0.000000e+00   9.988285e-06  -1.838485e-05   0.000000e+00
0     2.759950e+01   0.000000e+00   0.000000e+00   0.000000e+00   0.000000e+00   0.000000e+00   0.000000e+00
1     2.759950e+01  -1.433228e-06  -3.005775e-06   0.000000e+00   1.888586e-05  -9.005187e-06   0.000000e+00
0     2.769948e+01   0.000000e+00   0.000000e+00   0.000000e+00   0.000000e+00   0.000000e+00   0.000000e+00
1     2.769948e+01   6.068086e-07  -3.274227e-06   0.000000e+00   2.057264e-05   3.812794e-06   0.000000e+00
0     2.779946e+01   0.000000e+00   0.000000e+00   0.000000e+00   0.000000e+00   0.000000e+00   0.000000e+00
1     2.779946e+01   2.415158e-06  -2.292538e-06   0.000000e+00   1.440452e-05   1.517509e-05   0.000000e+00
0     2.789943e+01   0.000000e+00   0.000000e+00   0.000000e+00   0.000000e+00   0.000000e+00   0.000000e+00
1     2.789943e+01   3.301362e-06  -4.355239e-07   0.000000e+00   2.736461e-06   2.074337e-05   0.000000e+00
0     2.799941e+01   0.000000e+00   0.000000e+00   0.000000e+00   0.000000e+00   0.000000e+00   0.000000e+00
1     2.799941e+01   2.927047e-06   1.587781e-06   0.000000e+00  -9.976479e-06   1.839147e-05   0.000000e+00
0     2.809939e+01   0.000000e+00   0.000000e+00   0.000000e+00   0.000000e+00   0.000000e+00   0.000000e+00
1     2.809939e+01   1.435131e-06   3.004841e-06   0.000000e+00  -1.888022e-05   9.017368e-06   0.000000e+00
0     2.819937e+01   0.000000e+00   0.000000e+00   0.000000e+00   0.000000e+00   0.000000e+00   0.000000e+00
1     2.819937e+01  -6.047445e-07   3.274599e-06   0.000000e+00  -2.057513e-05  -3.799673e-06   0.000000e+00
0     2.829935e+01   0.000000e+00   0.000000e+00   0.000000e+00   0.000000e+00   0.000000e+00   0.000000e+00
1     2.829935e+01  -2.413720e-06   2.294065e-06   0.000000e+00  -1.441416e-05  -1.516585e-05   0.000000e+00
0     2.839933e+01   0.000000e+00   0.000000e+00   0.000000e+00   0.000000e+00   0.000000e+00   0.000000e+00
1     2.839933e+01  -3.301107e-06   4.376271e-07   0.000000e+00  -2.749746e-06  -2.074146e-05   0.000000e+00
0     2.849931e+01   0.000000e+00   0.000000e+00   0.000000e+00   0.000000e+00   0.000000e+00   0.000000e+00
1     2.849931e+01  -2.928098e-06  -1.585902e-06   0.000000e+00   9.964497e-06  -1.839775e-05   0.000000e+00
0     2.859929e+01   0.000000e+00   0.000000e+00   0.000000e+00   0.000000e+00   0.000000e+00   0.000000e+00
1     2.859929e+01  -1.437114e-06  -3.003919e-06   0.000000e+00   1.887420e-05  -9.029606e-06   0.000000e+00
0     2.869926e+01   0.000000e+00   0.000000e+00   0.000000e+00   0.000000e+00   0.000000e+00   0.000000e+00
1     2.869926e+01   6.025738e-07  -3.275009e-06   0.000000e+00   2.057756e-05   3.786186e-06   0.000000e+00
0     2.879924e+01   0.000000e+00   0.000000e+00   0.000000e+00   0.000000e+00   0.000000e+00   0.000000e+00
1     2.879924e+01   2.412191e-06  -2.295659e-06   0.000000e+00   1.442413e-05   1.515645e-05   0.000000e+00
0     2.889922e+01   0.000000e+00   0.000000e+00   0.000000e+00   0.000000e+00   0.000000e+00   0.000000e+00
1     2.889922e+01   3.300795e-06  -4.397921e-07   0.000000e+00   2.763280e-06   2.073981e-05   0.000000e+00
0     2.899920e+01   0.000000e+00   0.000000e+00   0.000000e+00   0.000000e+00   0.000000e+00   0.000000e+00
1     2.899920e+01   2.929097e-06   1.583995e-06   0.000000e+00  -9.952694e-06   1.840435e-05   0.000000e+00
0     2.909918e+01   0.000000e+00   0.000000e+00   0.000000e+00   0.000000e+00   0.000000e+00   0.000000e+00
1     2.909918e+01   1.439014e-06   3.002983e-06   0.000000e+00  -1.886854e-05   9.041768e-06   0.000000e+00
0     2.919916e+01   0.000000e+00   0.000000e+00   0.000000e+00   0.000000e+00   0.000000e+00   0.000000e+00
1     2.919916e+01  -6.005111e-07   3.275378e-06   0.000000e+00  -2.058003e-05  -3.773074e-06   0.000000e+00
0     2.929914e+01   0.000000e+00   0.000000e+00   0.000000e+00   0.000000e+00   0.000000e+00   0.000000e+00
1     2.929914e+01  -2.410752e-06   2.297182e-06   0.000000e+00  -1.443375e-05  -1.514721e-05   0.000000e+00
0     2.939911e+01   0.000000e+00   0.000000e+00   0.000000e+00   0.000000e+00   0.000000e+00   0.000000e+00
1     2.939911e+01  -3.300538e-06   4.418930e-07   0.000000e+00  -2.776550e-06  -2.073789e-05   0.000000e+00
0     2.949909e+01   0.000000e+00   0.000000e+00   0.000000e+00   0.000000e+00   0.000000e+00   0.000000e+00
1     2.949909e+01  -2.930145e-06  -1.582116e-06   0.000000e+00   9.940714e-06  -1.841061e-05   0.000000e+00
0     2.959907e+01   0.000000e+00   0.000000e+00   0.000000e+00   0.000000e+00   0.000000e+00   0.000000e+00
1     2.959907e+01  -1.440995e-06  -3.002059e-06   0.000000e+00   1.886252e-05  -9.053987e-06   0.000000e+00
0     2.969905e+01   0.000000e+00   0.000000e+00   0.000000e+00   0.000000e+00   0.000000e+00   0.000000e+00
1     2.969905e+01   5.983418e-07  -3.275784e-06   0.000000e+00   2.058243e-05   3.759597e-06   0.000000e+00
0     2.979903e+01   0.000000e+00   0.000000e+00   0.000000e+00   0.000000e+00   0.000000e+00   0.000000e+00
1     2.979903e+01   2.409223e-06  -2.298773e-06   0.000000e+00   1.444370e-05   1.513781e-05   0.000000e+00
0     2.989901e+01   0.000000e+00   0.000000e+00   0.000000e+00   0.000000e+00   0.000000e+00   0.000000e+00
1     2.989901e+01   3.300224e-06  -4.440555e-07   0.000000e+00   2.790068e-06   2.073623e-05   0.000000e+00
0     2.999899e+01   0.000000e+00   0.000000e+00   0.000000e+00   0.000000e+00   0.000000e+00   0.000000e+00
1     2.999899e+01   2.931140e-06   1.580210e-06   0.000000e+00  -9.928914e-06   1.841719e-05   0.000000e+00
0     3.009897e+01   0.000000e+00   0.000000e+00   0.000000e+00   0.000000e+00   0.000000e+00   0.000000e+00
1     3.009897e+01   1.442891e-06   3.001121e-06   0.000000e+00  -1.885685e-05   9.066130e-06   0.000000e+00
0     3.019894e+01   0.000000e+00   0.000000e+00   0.000000e+00   0.000000e+00   0.000000e+00   0.000000e+00
1     3.019894e+01  -5.962808e-07   3.276150e-06   0.000000e+00  -2.058488e-05  -3.746494e-06   0.000000e+00
0     3.029892e+01   0.000000e+00   0.000000e+00   0.000000e+00   0.000000e+00   0.000000e+00   0.000000e+00
1     3.029892e+01  -2.407784e-06   2.300293e-06   0.000000e+00  -1.445330e-05  -1.512856e-05   0.000000e+00
0     3.039890e+01   0.000000e+00   0.000000e+00   0.000000e+00   0.000000e+00   0.000000e+00   0.000000e+00
1     3.039890e+01  -3.299965e-06   4.461540e-07   0.000000e+00  -2.803323e-06  -2.073429e-05   0.000000e+00
0     3.049888e+01   0.000000e+00   0.000000e+00   0.000000e+00   0.000000e+00   0.000000e+00   0.000000e+00
1     3.049888e+01  -2.932185e-06  -1.578332e-06   0.000000e+00   9.916939e-06  -1.842343e-05   0.000000e+00
0     3.059886e+01   0.000000e+00   0.000000e+00   0.000000e+00   0.000000e+00   0.000000e+00   0.000000e+00
1     3.059886e+01  -1.444869e-06  -3.000196e-06   0.000000e+00   1.885082e-05  -9.078330e-06   0.000000e+00
0     3.069884e+01   0.000000e+00   0.000000e+00   0.000000e+00   0.000000e+00   0.000000e+00   0.000000e+00
1     3.069884e+01   5.941130e-07  -3.276553e-06   0.000000e+00   2.058727e-05   3.733027e-06   0.000000e+00
0     3.079882e+01   0.000000e+00   0.000000e+00   0.000000e+00   0.000000e+00   0.000000e+00   0.000000e+00
1     3.079882e+01   2.406254e-06  -2.301881e-06   0.000000e+00   1.446322e-05   1.511915e-05   0.000000e+00
0     3.089880e+01   0.000000e+00   0.000000e+00   0.000000e+00   0.000000e+00   0.000000e+00   0.000000e+00
1     3.089880e+01   3.299648e-06  -4.483142e-07   0.000000e+00   2.816827e-06   2.073261e-05   0.000000e+00
0     3.099877e+01   0.000000e+00   0.000000e+00   0.000000e+00   0.000000e+00   0.000000e+00   0.000000e+00
1     3.099877e+01   2.933176e-06   1.576426e-06   0.000000e+00  -9.905140e-06   1.842999e-05   0.000000e+00
0     3.109875e+01   0.000000e+00   0.000000e+00   0.000000e+00   0.000000e+00   0.000000e+00   0.000000e+00
1     3.109875e+01   1.446762e-06   2.999256e-06   0.000000e+00  -1.884514e-05   9.090454e-06   0.000000e+00
0     3.119873e+01   0.000000e+00   0.000000e+00   0.000000e+00   0.000000e+00   0.000000e+00   0.000000e+00
1     3.119873e+01  -5.920534e-07   3.276916e-06   0.000000e+00  -2.058970e-05  -3.719933e-06   0.000000e+00
0     3.129871e+01   0.000000e+00   0.000000e+00   0.000000e+00   0.000000e+00   0.000000e+00   0.000000e+00
1     3.129871e+01  -2.404814e-06   2.303397e-06   0.000000e+00  -1.447281e-05  -1.510991e-05   0.000000e+00
0     3.139869e+01   0.000000e+00   0.000000e+00   0.000000e+00   0.000000e+00   0.000000e+00   0.000000e+00
1     3.139869e+01  -3.299386e-06   4.504101e-07   0.000000e+00  -2.830066e-06  -2.073066e-05   0.000000e+00
0     3.149867e+01   0.000000e+00   0.000000e+00   0.000000e+00   0.000000e+00   0.000000e+00   0.000000e+00
1     3.149867e+01  -2.934218e-06  -1.574549e-06   0.000000e+00   9.893169e-06  -1.843621e-05   0.000000e+00
0     3.159865e+01   0.000000e+00   0.000000e+00   0.000000e+00   0.000000e+00   0.000000e+00   0.000000e+00
1     3.159865e+01  -1.448736e-06  -2.998330e-06   0.000000e+00   1.883909e-05  -9.102634e-06   0.000000e+00
0     3.169863e+01   0.000000e+00   0.000000e+00   0.000000e+00   0.000000e+00   0.000000e+00   0.000000e+00
1     3.169863e+01   5.898872e-07  -3.277316e-06   0.000000e+00   2.059207e-05   3.706476e-06   0.000000e+00
0     3.179860e+01   0.000000e+00   0.000000e+00   0.000000e+00   0.000000e+00   0.000000e+00   0.000000e+00
1     3.179860e+01   2.403283e-06  -2.304981e-06   0.000000e+00   1.448271e-05   1.510049e-05   0.000000e+00
0     3.189858e+01   0.000000e+00   0.000000e+00   0.000000e+00   0.000000e+00   0.000000e+00   0.000000e+00
1     3.189858e+01   3.299066e-06  -4.525680e-07   0.000000e+00   2.843556e-06   2.072896e-05   0.000000e+00
0     3.199856e+01   0.000000e+00   0.000000e+00   0.000000e+00   0.000000e+00   0.000000e+00   0.000000e+00
1     3.199856e+01   2.935206e-06   1.572643e-06   0.000000e+00  -9.881373e-06   1.844275e-05   0.000000e+00
0     3.209854e+01   0.000000e+00   0.000000e+00   0.000000e+00   0.000000e+00   0.000000e+00   0.000000e+00
1     3.209854e+01   1.450626e-06   2.997389e-06   0.000000e+00  -1.883341e-05   9.114740e-06   0.000000e+00
0     3.219852e+01   0.000000e+00   0.000000e+00   0.000000e+00   0.000000e+00   0.000000e+00   0.000000e+00
1     3.219852e+01  -5.878291e-07   3.277676e-06   0.000000e+00  -2.059448e-05  -3.693392e-06   0.000000e+00
0     3.229850e+01   0.000000e+00   0.000000e+00   0.000000e+00   0.000000e+00   0.000000e+00   0.000000e+00
1     3.229850e+01  -2.401843e-06   2.306494e-06   0.000000e+00  -1.449227e-05  -1.509124e-05   0.000000e+00
0     3.239848e+01   0.000000e+00   0.000000e+00   0.000000e+00   0.000000e+00   0.000000e+00   0.000000e+00
1     3.239848e+01  -3.298802e-06   4.546616e-07   0.000000e+00  -2.856779e-06  -2.072699e-05   0.000000e+00
0     3.249846e+01   0.000000e+00   0.000000e+00   0.000000e+00   0.000000e+00   0.000000e+00   0.000000e+00
1     3.249846e+01  -2.936244e-06  -1.570766e-06   0.000000e+00   9.869405e-06  -1.844894e-05   0.000000e+00
0     3.259843e+01   0.000000e+00   0.000000e+00   0.000000e+00   0.000000e+00   0.000000e+00   0.000000e+00
1     3.259843e+01  -1.452598e-06  -2.996460e-06   0.000000e+00   1.882735e-05  -9.126900e-06   0.000000e+00
0     3.269841e+01   0.000000e+00   0.000000e+00   0.000000e+00   0.000000e+00   0.000000e+00   0.000000e+00
1     3.269841e+01   5.856645e-07  -3.278073e-06   0.000000e+00   2.059683e-05   3.679944e-06   0.000000e+00
0     3.279839e+01   0.000000e+00   0.000000e+00   0.000000e+00   0.000000e+00   0.000000e+00   0.000000e+00
1     3.279839e+01   2.400312e-06  -2.308075e-06   0.000000e+00   1.450215e-05   1.508182e-05   0.000000e+00
0     3.289837e+01   0.000000e+00   0.000000e+00   0.000000e+00   0.000000e+00   0.000000e+00   0.000000e+00
1     3.289837e+01   3.298480e-06  -4.568170e-07   0.000000e+00   2.870254e-06   2.072528e-05   0.000000e+00
0     3.299835e+01   0.000000e+00   0.000000e+00   0.000000e+00   0.000000e+00   0.000000e+00   0.000000e+00
1     3.299835e+01   2.937228e-06   1.568861e-06   0.000000e+00  -9.857613e-06   1.845546e-05   0.000000e+00
0     3.309833e+01   0.000000e+00   0.000000e+00   0.000000e+00   0.000000e+00   0.000000e+00   0.000000e+00
1     3.309833e+01   1.454485e-06   2.995518e-06   0.000000e+00  -1.882165e-05   9.138987e-06   0.000000e+00
0     3.319831e+01   0.000000e+00   0.000000e+00   0.000000e+00   0.000000e+00   0.000000e+00   0.000000e+00
1     3.319831e+01  -5.836079e-07   3.278430e-06   0.000000e+00  -2.059922e-05  -3.666870e-06   0.000000e+00
0     3.329828e+01   0.000000e+00   0.000000e+00   0.000000e+00   0.000000e+00   0.000000e+00   0.000000e+00
1     3.329828e+01  -2.398871e-06   2.309584e-06   0.000000e+00  -1.451169e-05  -1.507257e-05   0.000000e+00
0     3.339826e+01   0.000000e+00   0.000000e+00   0.000000e+00   0.000000e+00   0.000000e+00   0.000000e+00
1     3.339826e+01  -3.298214e-06   4.589081e-07   0.000000e+00  -2.883462e-06  -2.072330e-05   0.000000e+00
0     3.350000e+01   0.000000e+00   0.000000e+00   0.000000e+00   0.000000e+00   0.000000e+00   0.000000e+00
1     3.350000e+01  -2.920815e-06  -1.599271e-06   0.000000e+00   1.004851e-05  -1.835201e-05   0.000000e+00
0     3.359997e+01   0.000000e+00   0.000000e+00   0.000000e+00   0.000000e+00   0.000000e+00   0.000000e+00
1     3.359997e+01  -1.423363e-06  -3.010457e-06   0.000000e+00   1.891530e-05  -8.943212e-06   0.000000e+00
0     3.369995e+01   0.000000e+00   0.000000e+00   0.000000e+00   0.000000e+00   0.000000e+00   0.000000e+00
1     3.369995e+01   6.175441e-07  -3.272217e-06   0.000000e+00   2.056004e-05   3.880252e-06   0.000000e+00
0     3.379993e+01   0.000000e+00   0.000000e+00   0.000000e+00   0.000000e+00   0.000000e+00   0.000000e+00
1     3.379993e+01   2.422664e-06  -2.284601e-06   0.000000e+00   1.435466e-05   1.522227e-05   0.000000e+00
0     3.389991e+01   0.000000e+00   0.000000e+00   0.000000e+00   0.000000e+00   0.000000e+00   0.000000e+00
1     3.389991e+01   3.302770e-06  -4.246881e-07   0.000000e+00   2.668380e-06   2.075224e-05   0.000000e+00
0     3.399989e+01   0.000000e+00   0.000000e+00   0.000000e+00   0.000000e+00   0.000000e+00   0.000000e+00
1     3.399989e+01   2.921817e-06   1.597378e-06   0.000000e+00  -1.003679e-05   1.835863e-05   0.000000e+00
0     3.409987e+01   0.000000e+00   0.000000e+00   0.000000e+00   0.000000e+00   0.000000e+00   0.000000e+00
1     3.409987e+01   1.425257e-06   3.009534e-06   0.000000e+00  -1.890972e-05   8.955341e-06   0.000000e+00
0     3.419985e+01   0.000000e+00   0.000000e+00   0.000000e+00   0.000000e+00   0.000000e+00   0.000000e+00
1     3.419985e+01  -6.154933e-07   3.272593e-06   0.000000e+00  -2.056255e-05  -3.867215e-06   0.000000e+00
0     3.429983e+01   0.000000e+00   0.000000e+00   0.000000e+00   0.000000e+00   0.000000e+00   0.000000e+00
1     3.429983e+01  -2.421239e-06   2.286123e-06   0.000000e+00  -1.436428e-05  -1.521312e-05   0.000000e+00
0     3.439980e+01   0.000000e+00   0.000000e+00   0.000000e+00   0.000000e+00   0.000000e+00   0.000000e+00
1     3.439980e+01  -3.302524e-06   4.267800e-07   0.000000e+00  -2.681595e-06  -2.075039e-05   0.000000e+00
0     3.449978e+01   0.000000e+00   0.000000e+00   0.000000e+00   0.000000e+00   0.000000e+00   0.000000e+00
1     3.449978e+01  -2.922869e-06  -1.595513e-06   0.000000e+00   1.002490e-05  -1.836492e-05   0.000000e+00
0     3.459976e+01   0.000000e+00   0.000000e+00   0.000000e+00   0.000000e+00   0.000000e+00   0.000000e+00
1     3.459976e+01  -1.427233e-06  -3.008623e-06   0.000000e+00   1.890378e-05  -8.967530e-06   0.000000e+00
0     3.469974e+01   0.000000e+00   0.000000e+00   0.000000e+00   0.000000e+00   0.000000e+00   0.000000e+00
1     3.469974e+01   6.133360e-07  -3.273007e-06   0.000000e+00   2.056501e-05   3.853812e-06   0.000000e+00
0     3.479972e+01   0.000000e+00   0.000000e+00   0.000000e+00   0.000000e+00   0.000000e+00   0.000000e+00
1     3.479972e+01   2.419724e-06  -2.287714e-06   0.000000e+00   1.437422e-05   1.520380e-05   0.000000e+00
0     3.489970e+01   0.000000e+00   0.000000e+00   0.000000e+00   0.000000e+00   0.000000e+00   0.000000e+00
1     3.489970e+01   3.302221e-06  -4.289337e-07   0.000000e+00   2.695057e-06   2.074880e-05   0.000000e+00
0     3.499968e+01   0.000000e+00   0.000000e+00   0.000000e+00   0.000000e+00   0.000000e+00   0.000000e+00
1     3.499968e+01   2.923868e-06   1.593620e-06   0.000000e+00  -1.001319e-05   1.837152e-05   0.000000e+00
0     3.509966e+01   0.000000e+00   0.000000e+00   0.000000e+00   0.000000e+00   0.000000e+00   0.000000e+00
1     3.509966e+01   1.429124e-06   3.007699e-06   0.000000e+00  -1.889820e-05   8.979640e-06   0.000000e+00
0     3.519963e+01   0.000000e+00   0.000000e+00   0.000000e+00   0.000000e+00   0.000000e+00   0.000000e+00
1     3.519963e+01  -6.112867e-07   3.273381e-06   0.000000e+00  -2.056751e-05  -3.840784e-06   0.000000e+00
0     3.529961e+01   0.000000e+00   0.000000e+00   0.000000e+00   0.000000e+00   0.000000e+00   0.000000e+00
1     3.529961e+01  -2.418299e-06   2.289233e-06   0.000000e+00  -1.438382e-05  -1.519465e-05   0.000000e+00
0     3.539959e+01   0.000000e+00   0.000000e+00   0.000000e+00   0.000000e+00   0.000000e+00   0.000000e+00
1     3.539959e+01  -3.301973e-06   4.310233e-07   0.000000e+00  -2.708257e-06  -2.074693e-05   0.000000e+00
0     3.549957e+01   0.000000e+00   0.000000e+00   0.000000e+00   0.000000e+00   0.000000e+00   0.000000e+00
1     3.549957e+01  -2.924917e-06  -1.591756e-06   0.000000e+00   1.000129e-05  -1.837778e-05   0.000000e+00
0     3.559955e+01   0.000000e+00   0.000000e+00   0.000000e+00   0.000000e+00   0.000000e+00   0.000000e+00
1     3.559955e+01  -1.431097e-06  -3.006787e-06   0.000000e+00   1.889225e-05  -8.991809e-06   0.000000e+00
0     3.569953e+01   0.000000e+00   0.000000e+00   0.000000e+00   0.000000e+00   0.000000e+00   0.000000e+00
1     3.569953e+01   6.091309e-07  -3.273792e-06   0.000000e+00   2.056994e-05   3.827391e-06   0.000000e+00
0     3.579951e+01   0.000000e+00   0.000000e+00   0.000000e+00   0.000000e+00   0.000000e+00   0.000000e+00
1     3.579951e+01   2.416783e-06  -2.290819e-06   0.000000e+00   1.439374e-05   1.518533e-05   0.000000e+00
0     3.589949e+01   0.000000e+00   0.000000e+00   0.000000e+00   0.000000e+00   0.000000e+00   0.000000e+00
1     3.589949e+01   3.301667e-06  -4.331746e-07   0.000000e+00   2.721704e-06   2.074532e-05   0.000000e+00
0     3.599946e+01   0.000000e+00   0.000000e+00   0.000000e+00   0.000000e+00   0.000000e+00   0.000000e+00
1     3.599946e+01   2.925912e-06   1.589864e-06   0.000000e+00  -9.989584e-06   1.838437e-05   0.000000e+00
0     3.609944e+01   0.000000e+00   0.000000e+00   0.000000e+00   0.000000e+00   0.000000e+00   0.000000e+00
1     3.609944e+01   1.432985e-06   3.005861e-06   0.000000e+00  -1.888665e-05   9.003901e-06   0.000000e+00
0     3.619942e+01   0.000000e+00   0.000000e+00   0.000000e+00   0.000000e+00   0.000000e+00   0.000000e+00
1     3.619942e+01  -6.070831e-07   3.274163e-06   0.000000e+00  -2.057242e-05  -3.814372e-06   0.000000e+00
0     3.629940e+01   0.000000e+00   0.000000e+00   0.000000e+00   0.000000e+00   0.000000e+00   0.000000e+00
1     3.629940e+01  -2.415358e-06   2.292335e-06   0.000000e+00  -1.440332e-05  -1.517617e-05   0.000000e+00
0     3.639938e+01   0.000000e+00   0.000000e+00   0.000000e+00   0.000000e+00   0.000000e+00   0.000000e+00
1     3.639938e+01  -3.301416e-06   4.352617e-07   0.000000e+00  -2.734888e-06  -2.074343e-05   0.000000e+00
0     3.649936e+01   0.000000e+00   0.000000e+00   0.000000e+00   0.000000e+00   0.000000e+00   0.000000e+00
1     3.649936e+01  -2.926957e-06  -1.588000e-06   0.000000e+00   9.977697e-06  -1.839061e-05   0.000000e+00
0     3.659934e+01   0.000000e+00   0.000000e+00   0.000000e+00   0.000000e+00   0.000000e+00   0.000000e+00
1     3.659934e+01  -1.434955e-06  -3.004947e-06   0.000000e+00   1.888069e-05  -9.016051e-06   0.000000e+00
0     3.669932e+01   0.000000e+00   0.000000e+00   0.000000e+00   0.000000e+00   0.000000e+00   0.000000e+00
1     3.669932e+01   6.049287e-07  -3.274571e-06   0.000000e+00   2.057484e-05   3.800989e-06   0.000000e+00
0     3.679929e+01   0.000000e+00   0.000000e+00   0.000000e+00   0.000000e+00   0.000000e+00   0.000000e+00
1     3.679929e+01   2.413841e-06  -2.293919e-06   0.000000e+00   1.441322e-05   1.516685e-05   0.000000e+00
0     3.689927e+01   0.000000e+00   0.000000e+00   0.000000e+00   0.000000e+00   0.000000e+00   0.000000e+00
1     3.689927e+01   3.301108e-06  -4.374108e-07   0.000000e+00   2.748322e-06   2.074181e-05   0.000000e+00
0     3.699925e+01   0.000000e+00   0.000000e+00   0.000000e+00   0.000000e+00   0.000000e+00   0.000000e+00
1     3.699925e+01   2.927949e-06   1.586108e-06   0.000000e+00  -9.965989e-06   1.839717e-05   0.000000e+00
0     3.709923e+01   0.000000e+00   0.000000e+00   0.000000e+00   0.000000e+00   0.000000e+00   0.000000e+00
1     3.709923e+01   1.436840e-06   3.004019e-06   0.000000e+00  -1.887509e-05   9.028123e-06   0.000000e+00
0     3.719921e+01   0.000000e+00   0.000000e+00   0.000000e+00   0.000000e+00   0.000000e+00   0.000000e+00
1     3.719921e+01  -6.028826e-07   3.274939e-06   0.000000e+00  -2.057730e-05  -3.787981e-06   0.000000e+00
0     3.729919e+01   0.000000e+00   0.000000e+00   0.000000e+00   0.000000e+00   0.000000e+00   0.000000e+00
1     3.729919e+01  -2.412415e-06   2.295431e-06   0.000000e+00  -1.442277e-05  -1.515768e-05   0.000000e+00
0     3.739917e+01   0.000000e+00   0.000000e+00   0.000000e+00   0.000000e+00   0.000000e+00   0.000000e+00
1     3.739917e+01  -3.300855e-06   4.394954e-07   0.000000e+00  -2.761490e-06  -2.073991e-05   0.000000e+00
0     3.749914e+01   0.000000e+00   0.000000e+00   0.000000e+00   0.000000e+00   0.000000e+00   0.000000e+00
1     3.749914e+01  -2.928991e-06  -1.584245e-06   0.000000e+00   9.954106e-06  -1.840339e-05   0.000000e+00
0     3.759912e+01   0.000000e+00   0.000000e+00   0.000000e+00   0.000000e+00   0.000000e+00   0.000000e+00
1     3.759912e+01  -1.438807e-06  -3.003104e-06   0.000000e+00   1.886912e-05  -9.040254e-06   0.000000e+00
0     3.769910e+01   0.000000e+00   0.000000e+00   0.000000e+00   0.000000e+00   0.000000e+00   0.000000e+00
1     3.769910e+01   6.007297e-07  -3.275343e-06   0.000000e+00   2.057970e-05   3.774606e-06   0.000000e+00
0     3.779908e+01   0.000000e+00   0.000000e+00   0.000000e+00   0.000000e+00   0.000000e+00   0.000000e+00
1     3.779908e+01   2.410898e-06  -2.297011e-06   0.000000e+00   1.443265e-05   1.514836e-05   0.000000e+00
0     3.789906e+01   0.000000e+00   0.000000e+00   0.000000e+00   0.000000e+00   0.000000e+00   0.000000e+00
1     3.789906e+01   3.300544e-06  -4.416420e-07   0.000000e+00   2.774908e-06   2.073827e-05   0.000000e+00
0     3.799904e+01   0.000000e+00   0.000000e+00   0.000000e+00   0.000000e+00   0.000000e+00   0.000000e+00
1     3.799904e+01   2.929979e-06   1.582354e-06   0.000000e+00  -9.942400e-06   1.840993e-05   0.000000e+00
0     3.809902e+01   0.000000e+00   0.000000e+00   0.000000e+00   0.000000e+00   0.000000e+00   0.000000e+00
1     3.809902e+01   1.440689e-06   3.002175e-06   0.000000e+00  -1.886350e-05   9.052308e-06   0.000000e+00
0     3.819900e+01   0.000000e+00   0.000000e+00   0.000000e+00   0.000000e+00   0.000000e+00   0.000000e+00
1     3.819900e+01  -5.986850e-07   3.275708e-06   0.000000e+00  -2.058214e-05  -3.761607e-06   0.000000e+00
0     3.829897e+01   0.000000e+00   0.000000e+00   0.000000e+00   0.000000e+00   0.000000e+00   0.000000e+00
1     3.829897e+01  -2.409472e-06   2.298520e-06   0.000000e+00  -1.444218e-05  -1.513919e-05   0.000000e+00
0     3.839895e+01   0.000000e+00   0.000000e+00   0.000000e+00   0.000000e+00   0.000000e+00   0.000000e+00
1     3.839895e+01  -3.300289e-06   4.437243e-07   0.000000e+00  -2.788061e-06  -2.073636e-05   0.000000e+00
0     3.849893e+01   0.000000e+00   0.000000e+00   0.000000e+00   0.000000e+00   0.000000e+00   0.000000e+00
1     3.849893e+01  -2.931017e-06  -1.580491e-06   0.000000e+00   9.930521e-06  -1.841613e-05   0.000000e+00
0     3.859891e+01   0.000000e+00   0.000000e+00   0.000000e+00   0.000000e+00   0.000000e+00   0.000000e+00
1     3.859891e+01  -1.442652e-06  -3.001258e-06   0.000000e+00   1.885752e-05  -9.064418e-06   0.000000e+00
0     3.869889e+01   0.000000e+00   0.000000e+00   0.000000e+00   0.000000e+00   0.000000e+00   0.000000e+00
1     3.869889e+01   5.965338e-07  -3.276110e-06   0.000000e+00   2.058452e-05   3.748243e-06   0.000000e+00
0     3.879887e+01   0.000000e+00   0.000000e+00   0.000000e+00   0.000000e+00   0.000000e+00   0.000000e+00
1     3.879887e+01   2.407954e-06  -2.300097e-06   0.000000e+00   1.445204e-05   1.512986e-05   0.000000e+00
0     3.889885e+01   0.000000e+00   0.000000e+00   0.000000e+00   0.000000e+00   0.000000e+00   0.000000e+00
1     3.889885e+01   3.299975e-06  -4.458685e-07   0.000000e+00   2.801465e-06   2.073470e-05   0.000000e+00
0     3.899883e+01   0.000000e+00   0.000000e+00   0.000000e+00   0.000000e+00   0.000000e+00   0.000000e+00
1     3.899883e+01   2.932002e-06   1.578600e-06   0.000000e+00  -9.918818e-06   1.842265e-05   0.000000e+00
0     3.909880e+01   0.000000e+00   0.000000e+00   0.000000e+00   0.000000e+00   0.000000e+00   0.000000e+00
1     3.909880e+01   1.444531e-06   3.000327e-06   0.000000e+00  -1.885190e-05   9.076455e-06   0.000000e+00
0     3.919878e+01   0.000000e+00   0.000000e+00   0.000000e+00   0.000000e+00   0.000000e+00   0.000000e+00
1     3.919878e+01  -5.944906e-07   3.276471e-06   0.000000e+00  -2.058694e-05  -3.735253e-06   0.000000e+00
0     3.929876e+01   0.000000e+00   0.000000e+00   0.000000e+00   0.000000e+00   0.000000e+00   0.000000e+00
1     3.929876e+01  -2.406527e-06   2.301602e-06   0.000000e+00  -1.446155e-05  -1.512069e-05   0.000000e+00
0     3.939874e+01   0.000000e+00   0.000000e+00   0.000000e+00   0.000000e+00   0.000000e+00   0.000000e+00
1     3.939874e+01  -3.299718e-06   4.479484e-07   0.000000e+00  -2.814603e-06  -2.073277e-05   0.000000e+00
0     3.949872e+01   0.000000e+00   0.000000e+00   0.000000e+00   0.000000e+00   0.000000e+00   0.000000e+00
1     3.949872e+01  -2.933038e-06  -1.576738e-06   0.000000e+00   9.906942e-06  -1.842882e-05   0.000000e+00
0     3.959870e+01   0.000000e+00   0.000000e+00   0.000000e+00   0.000000e+00   0.000000e+00   0.000000e+00
1     3.959870e+01  -1.446492e-06  -2.999409e-06   0.000000e+00   1.884591e-05  -9.088546e-06   0.000000e+00
0     3.969868e+01   0.000000e+00   0.000000e+00   0.000000e+00   0.000000e+00   0.000000e+00   0.000000e+00
1     3.969868e+01   5.923408e-07  -3.276870e-06   0.000000e+00   2.058930e-05   3.721898e-06   0.000000e+00
0     3.979866e+01   0.000000e+00   0.000000e+00   0.000000e+00   0.000000e+00   0.000000e+00   0.000000e+00
1     3.979866e+01   2.405008e-06  -2.303176e-06   0.000000e+00   1.447139e-05   1.511136e-05   0.000000e+00
0     3.989863e+01   0.000000e+00   0.000000e+00   0.000000e+00   0.000000e+00   0.000000e+00   0.000000e+00
1     3.989863e+01   3.299402e-06  -4.500902e-07   0.000000e+00   2.827992e-06   2.073110e-05   0.000000e+00
0     3.999861e+01   0.000000e+00   0.000000e+00   0.000000e+00   0.000000e+00   0.000000e+00   0.000000e+00
1     3.999861e+01   2.934019e-06   1.574848e-06   0.000000e+00  -9.895243e-06   1.843532e-05   0.000000e+00
0     4.009859e+01   0.000000e+00   0.000000e+00   0.000000e+00   0.000000e+00   0.000000e+00   0.000000e+00
1     4.009859e+01   1.448368e-06   2.998477e-06   0.000000e+00  -1.884027e-05   9.100563e-06   0.000000e+00
0     4.019857e+01   0.000000e+00   0.000000e+00   0.000000e+00   0.000000e+00   0.000000e+00   0.000000e+00
1     4.019857e+01  -5.902992e-07   3.277229e-06   0.000000e+00  -2.059170e-05  -3.708918e-06   0.000000e+00
0     4.029855e+01   0.000000e+00   0.000000e+00   0.000000e+00   0.000000e+00   0.000000e+00   0.000000e+00
1     4.029855e+01  -2.403581e-06   2.304678e-06   0.000000e+00  -1.448088e-05  -1.510218e-05   0.000000e+00
0     4.039853e+01   0.000000e+00   0.000000e+00   0.000000e+00   0.000000e+00   0.000000e+00   0.000000e+00
1     4.039853e+01  -3.299142e-06   4.521676e-07   0.000000e+00  -2.841114e-06  -2.072916e-05   0.000000e+00
0     4.049851e+01   0.000000e+00   0.000000e+00   0.000000e+00   0.000000e+00   0.000000e+00   0.000000e+00
1     4.049851e+01  -2.935051e-06  -1.572986e-06   0.000000e+00   9.883370e-06  -1.844148e-05   0.000000e+00
0     4.059849e+01   0.000000e+00   0.000000e+00   0.000000e+00   0.000000e+00   0.000000e+00   0.000000e+00
1     4.059849e+01  -1.450325e-06  -2.997557e-06   0.000000e+00   1.883427e-05  -9.112635e-06   0.000000e+00
0     4.069846e+01   0.000000e+00   0.000000e+00   0.000000e+00   0.000000e+00   0.000000e+00   0.000000e+00
1     4.069846e+01   5.881509e-07  -3.277624e-06   0.000000e+00   2.059404e-05   3.695573e-06   0.000000e+00
0     4.079844e+01   0.000000e+00   0.000000e+00   0.000000e+00   0.000000e+00   0.000000e+00   0.000000e+00
1     4.079844e+01   2.402062e-06  -2.306248e-06   0.000000e+00   1.449070e-05   1.509285e-05   0.000000e+00
0     4.089842e+01   0.000000e+00   0.000000e+00   0.000000e+00   0.000000e+00   0.000000e+00   0.000000e+00
1     4.089842e+01   3.298823e-06  -4.543072e-07   0.000000e+00   2.854488e-06   2.072747e-05   0.000000e+00
0     4.099840e+01   0.000000e+00   0.000000e+00   0.000000e+00   0.000000e+00   0.000000e+00   0.000000e+00
1     4.099840e+01   2.936029e-06   1.571096e-06   0.000000e+00  -9.871673e-06   1.844795e-05   0.000000e+00
0     4.109838e+01   0.000000e+00   0.000000e+00   0.000000e+00   0.000000e+00   0.000000e+00   0.000000e+00
1     4.109838e+01   1.452198e-06   2.996623e-06   0.000000e+00  -1.882863e-05   9.124634e-06   0.000000e+00
0     4.119836e+01   0.000000e+00   0.000000e+00   0.000000e+00   0.000000e+00   0.000000e+00   0.000000e+00
1     4.119836e+01  -5.861109e-07   3.277980e-06   0.000000e+00  -2.059643e-05  -3.682602e-06   0.000000e+00
0     4.129834e+01   0.000000e+00   0.000000e+00   0.000000e+00   0.000000e+00   0.000000e+00   0.000000e+00
1     4.129834e+01  -2.400634e-06   2.307747e-06   0.000000e+00  -1.450017e-05  -1.508367e-05   0.000000e+00
0     4.139831e+01   0.000000e+00   0.000000e+00   0.000000e+00   0.000000e+00   0.000000e+00   0.000000e+00
1     4.139831e+01  -3.298561e-06   4.563820e-07   0.000000e+00  -2.867594e-06  -2.072551e-05   0.000000e+00
0     4.149829e+01   0.000000e+00   0.000000e+00   0.000000e+00   0.000000e+00   0.000000e+00   0.000000e+00
1     4.149829e+01  -2.937057e-06  -1.569236e-06   0.000000e+00   9.859805e-06  -1.845409e-05   0.000000e+00
0     4.159827e+01   0.000000e+00   0.000000e+00   0.000000e+00   0.000000e+00   0.000000e+00   0.000000e+00
1     4.159827e+01  -1.454153e-06  -2.995702e-06   0.000000e+00   1.882262e-05  -9.136685e-06   0.000000e+00
0     4.169825e+01   0.000000e+00   0.000000e+00   0.000000e+00   0.000000e+00   0.000000e+00   0.000000e+00
1     4.169825e+01   5.839642e-07  -3.278372e-06   0.000000e+00   2.059875e-05   3.669267e-06   0.000000e+00
0     4.179998e+01   0.000000e+00   0.000000e+00   0.000000e+00   0.000000e+00   0.000000e+00   0.000000e+00
1     4.179998e+01   2.424419e-06  -2.282733e-06   0.000000e+00   1.434295e-05   1.523332e-05   0.000000e+00
0     4.189996e+01   0.000000e+00   0.000000e+00   0.000000e+00   0.000000e+00   0.000000e+00   0.000000e+00
1     4.189996e+01   3.303093e-06  -4.221423e-07   0.000000e+00   2.652389e-06   2.075430e-05   0.000000e+00
0     4.199994e+01   0.000000e+00   0.000000e+00   0.000000e+00   0.000000e+00   0.000000e+00   0.000000e+00
1     4.199994e+01   2.920581e-06   1.599630e-06   0.000000e+00  -1.005096e-05   1.835089e-05   0.000000e+00
0     4.209992e+01   0.000000e+00   0.000000e+00   0.000000e+00   0.000000e+00   0.000000e+00   0.000000e+00
1     4.209992e+01   1.422930e-06   3.010631e-06   0.000000e+00  -1.891665e-05   8.940733e-06   0.000000e+00
0     4.219990e+01   0.000000e+00   0.000000e+00   0.000000e+00   0.000000e+00   0.000000e+00   0.000000e+00
1     4.219990e+01  -6.180242e-07   3.272113e-06   0.000000e+00  -2.055956e-05  -3.883123e-06   0.000000e+00
0     4.229988e+01   0.000000e+00   0.000000e+00   0.000000e+00   0.000000e+00   0.000000e+00   0.000000e+00
1     4.229988e+01  -2.423007e-06   2.284245e-06   0.000000e+00  -1.435250e-05  -1.522425e-05   0.000000e+00
0     4.239986e+01   0.000000e+00   0.000000e+00   0.000000e+00   0.000000e+00   0.000000e+00   0.000000e+00
1     4.239986e+01  -3.302851e-06   4.242182e-07   0.000000e+00  -2.665502e-06  -2.075247e-05   0.000000e+00
0     4.249983e+01   0.000000e+00   0.000000e+00   0.000000e+00   0.000000e+00   0.000000e+00   0.000000e+00
1     4.249983e+01  -2.921626e-06  -1.597781e-06   0.000000e+00   1.003916e-05  -1.835714e-05   0.000000e+00
0     4.259981e+01   0.000000e+00   0.000000e+00   0.000000e+00   0.000000e+00   0.000000e+00   0.000000e+00
1     4.259981e+01  -1.424892e-06  -3.009729e-06   0.000000e+00   1.891076e-05  -8.952834e-06   0.000000e+00
0     4.269979e+01   0.000000e+00   0.000000e+00   0.000000e+00   0.000000e+00   0.000000e+00   0.000000e+00
1     4.269979e+01   6.158832e-07  -3.272526e-06   0.000000e+00   2.056201e-05   3.869823e-06   0.000000e+00
0     4.279977e+01   0.000000e+00   0.000000e+00   0.000000e+00   0.000000e+00   0.000000e+00   0.000000e+00
1     4.279977e+01   2.421504e-06  -2.285824e-06   0.000000e+00   1.436237e-05   1.521501e-05   0.000000e+00
0     4.289975e+01   0.000000e+00   0.000000e+00   0.000000e+00   0.000000e+00   0.000000e+00   0.000000e+00
1     4.289975e+01   3.302551e-06  -4.263557e-07   0.000000e+00   2.678863e-06   2.075090e-05   0.000000e+00
0     4.299973e+01   0.000000e+00   0.000000e+00   0.000000e+00   0.000000e+00   0.000000e+00   0.000000e+00
1     4.299973e+01   2.922618e-06   1.595903e-06   0.000000e+00  -1.002754e-05   1.836370e-05   0.000000e+00
0     4.309971e+01   0.000000e+00   0.000000e+00   0.000000e+00   0.000000e+00   0.000000e+00   0.000000e+00
1     4.309971e+01   1.426769e-06   3.008813e-06   0.000000e+00  -1.890523e-05   8.964854e-06   0.000000e+00
0     4.319969e+01   0.000000e+00   0.000000e+00   0.000000e+00   0.000000e+00   0.000000e+00   0.000000e+00
1     4.319969e+01  -6.138505e-07   3.272898e-06   0.000000e+00  -2.056450e-05  -3.856899e-06   0.000000e+00
0     4.329966e+01   0.000000e+00   0.000000e+00   0.000000e+00   0.000000e+00   0.000000e+00   0.000000e+00
1     4.329966e+01  -2.420092e-06   2.287333e-06   0.000000e+00  -1.437190e-05  -1.520593e-05   0.000000e+00
0     4.339964e+01   0.000000e+00   0.000000e+00   0.000000e+00   0.000000e+00   0.000000e+00   0.000000e+00
1     4.339964e+01  -3.302307e-06   4.284292e-07   0.000000e+00  -2.691962e-06  -2.074906e-05   0.000000e+00
0     4.349962e+01   0.000000e+00   0.000000e+00   0.000000e+00   0.000000e+00   0.000000e+00   0.000000e+00
1     4.349962e+01  -2.923661e-06  -1.594054e-06   0.000000e+00   1.001575e-05  -1.836992e-05   0.000000e+00
0     4.359960e+01   0.000000e+00   0.000000e+00   0.000000e+00   0.000000e+00   0.000000e+00   0.000000e+00
1     4.359960e+01  -1.428728e-06  -3.007910e-06   0.000000e+00   1.889933e-05  -8.976936e-06   0.000000e+00
0     4.369958e+01   0.000000e+00   0.000000e+00   0.000000e+00   0.000000e+00   0.000000e+00   0.000000e+00
1     4.369958e+01   6.117110e-07  -3.273308e-06   0.000000e+00   2.056693e-05   3.843609e-06   0.000000e+00
0     4.379956e+01   0.000000e+00   0.000000e+00   0.000000e+00   0.000000e+00   0.000000e+00   0.000000e+00
1     4.379956e+01   2.418588e-06  -2.288909e-06   0.000000e+00   1.438176e-05   1.519669e-05   0.000000e+00
0     4.389954e+01   0.000000e+00   0.000000e+00   0.000000e+00   0.000000e+00   0.000000e+00   0.000000e+00
1     4.389954e+01   3.302005e-06  -4.305645e-07   0.000000e+00   2.705309e-06   2.074747e-05   0.000000e+00
0     4.399952e+01   0.000000e+00   0.000000e+00   0.000000e+00   0.000000e+00   0.000000e+00   0.000000e+00
1     4.399952e+01   2.924649e-06   1.592177e-06   0.000000e+00  -1.000413e-05   1.837646e-05   0.000000e+00
0     4.409949e+01   0.000000e+00   0.000000e+00   0.000000e+00   0.000000e+00   0.000000e+00   0.000000e+00
1     4.409949e+01   1.430601e-06   3.006992e-06   0.000000e+00  -1.889379e-05   8.988938e-06   0.000000e+00
0     4.419947e+01   0.000000e+00   0.000000e+00   0.000000e+00   0.000000e+00   0.000000e+00   0.000000e+00
1     4.419947e+01  -6.096798e-07   3.273677e-06   0.000000e+00  -2.056940e-05  -3.830694e-06   0.000000e+00
0     4.429945e+01   0.000000e+00   0.000000e+00   0.000000e+00   0.000000e+00   0.000000e+00   0.000000e+00
1     4.429945e+01  -2.417175e-06   2.290413e-06   0.000000e+00  -1.439126e-05  -1.518761e-05   0.000000e+00
0     4.439943e+01   0.000000e+00   0.000000e+00   0.000000e+00   0.000000e+00   0.000000e+00   0.000000e+00
1     4.439943e+01  -3.301758e-06   4.326354e-07   0.000000e+00  -2.718391e-06  -2.074561e-05   0.000000e+00
0     4.449941e+01   0.000000e+00   0.000000e+00   0.000000e+00   0.000000e+00   0.000000e+00   0.000000e+00
1     4.449941e+01  -2.925688e-06  -1.590329e-06   0.000000e+00   9.992344e-06  -1.838267e-05   0.000000e+00
0     4.459939e+01   0.000000e+00   0.000000e+00   0.000000e+00   0.000000e+00   0.000000e+00   0.000000e+00
1     4.459939e+01  -1.432557e-06  -3.006087e-06   0.000000e+00   1.888788e-05  -9.000999e-06   0.000000e+00
0     4.469937e+01   0.000000e+00   0.000000e+00   0.000000e+00   0.000000e+00   0.000000e+00   0.000000e+00
1     4.469937e+01   6.075419e-07  -3.274083e-06   0.000000e+00   2.057181e-05   3.817414e-06   0.000000e+00
0     4.479935e+01   0.000000e+00   0.000000e+00   0.000000e+00   0.000000e+00   0.000000e+00   0.000000e+00
1     4.479935e+01   2.415671e-06  -2.291986e-06   0.000000e+00   1.440110e-05   1.517837e-05   0.000000e+00
0     4.489932e+01   0.000000e+00   0.000000e+00   0.000000e+00   0.000000e+00   0.000000e+00   0.000000e+00
1     4.489932e+01   3.301454e-06  -4.347683e-07   0.000000e+00   2.731723e-06   2.074401e-05   0.000000e+00
0     4.499930e+01   0.000000e+00   0.000000e+00   0.000000e+00   0.000000e+00   0.000000e+00   0.000000e+00
1     4.499930e+01   2.926674e-06   1.588452e-06   0.000000e+00  -9.980732e-06   1.838919e-05   0.000000e+00
0     4.509928e+01   0.000000e+00   0.000000e+00   0.000000e+00   0.000000e+00   0.000000e+00   0.000000e+00
1     4.509928e+01   1.434428e-06   3.005168e-06   0.000000e+00  -1.888234e-05   9.012983e-06   0.000000e+00
0     4.519926e+01   0.000000e+00   0.000000e+00   0.000000e+00   0.000000e+00   0.000000e+00   0.000000e+00
1     4.519926e+01  -6.055122e-07   3.274450e-06   0.000000e+00  -2.057426e-05  -3.804509e-06   0.000000e+00
0     4.529924e+01   0.000000e+00   0.000000e+00   0.000000e+00   0.000000e+00   0.000000e+00   0.000000e+00
1     4.529924e+01  -2.414258e-06   2.293488e-06   0.000000e+00  -1.441058e-05  -1.516929e-05   0.000000e+00
0     4.539922e+01   0.000000e+00   0.000000e+00   0.000000e+00   0.000000e+00   0.000000e+00   0.000000e+00
1     4.539922e+01  -3.301204e-06   4.368371e-07   0.000000e+00  -2.744791e-06  -2.074214e-05   0.000000e+00
0     4.549920e+01   0.000000e+00   0.000000e+00   0.000000e+00   0.000000e+00   0.000000e+00   0.000000e+00
1     4.549920e+01  -2.927709e-06  -1.586604e-06   0.000000e+00   9.968944e-06  -1.839537e-05   0.000000e+00
0     4.559917e+01   0.000000e+00   0.000000e+00   0.000000e+00   0.000000e+00   0.000000e+00   0.000000e+00
1     4.559917e+01  -1.436381e-06  -3.004262e-06   0.000000e+00   1.887642e-05  -9.025025e-06   0.000000e+00
0     4.569915e+01   0.000000e+00   0.000000e+00   0.000000e+00   0.000000e+00   0.000000e+00   0.000000e+00
1     4.569915e+01   6.033759e-07  -3.274853e-06   0.000000e+00   2.057665e-05   3.791239e-06   0.000000e+00
0     4.579913e+01   0.000000e+00   0.000000e+00   0.000000e+00   0.000000e+00   0.000000e+00   0.000000e+00
1     4.579913e+01   2.412753e-06  -2.295057e-06   0.000000e+00   1.442039e-05   1.516004e-05   0.000000e+00
0     4.589911e+01   0.000000e+00   0.000000e+00   0.000000e+00   0.000000e+00   0.000000e+00   0.000000e+00
1     4.589911e+01   3.300897e-06  -4.389675e-07   0.000000e+00   2.758108e-06   2.074052e-05   0.000000e+00
0     4.599909e+01   0.000000e+00   0.000000e+00   0.000000e+00   0.000000e+00   0.000000e+00   0.000000e+00
1     4.599909e+01   2.928691e-06   1.584728e-06   0.000000e+00  -9.957335e-06   1.840187e-05   0.000000e+00
0     4.609907e+01   0.000000e+00   0.000000e+00   0.000000e+00   0.000000e+00   0.000000e+00   0.000000e+00
1     4.609907e+01   1.438248e-06   3.003341e-06   0.000000e+00  -1.887086e-05   9.036990e-06   0.000000e+00
0     4.619905e+01   0.000000e+00   0.000000e+00   0.000000e+00   0.000000e+00   0.000000e+00   0.000000e+00
1     4.619905e+01  -6.013477e-07   3.275217e-06   0.000000e+00  -2.057908e-05  -3.778343e-06   0.000000e+00
0     4.629903e+01   0.000000e+00   0.000000e+00   0.000000e+00   0.000000e+00   0.000000e+00   0.000000e+00
1     4.629903e+01  -2.411339e-06   2.296555e-06   0.000000e+00  -1.442986e-05  -1.515095e-05   0.000000e+00
0     4.639900e+01   0.000000e+00   0.000000e+00   0.000000e+00   0.000000e+00   0.000000e+00   0.000000e+00
1     4.639900e+01  -3.300646e-06   4.410337e-07   0.000000e+00  -2.771160e-06  -2.073863e-05   0.000000e+00
0     4.649898e+01   0.000000e+00   0.000000e+00   0.000000e+00   0.000000e+00   0.000000e+00   0.000000e+00
1     4.649898e+01  -2.929724e-06  -1.582881e-06   0.000000e+00   9.945551e-06  -1.840803e-05   0.000000e+00
0     4.659896e+01   0.000000e+00   0.000000e+00   0.000000e+00   0.000000e+00   0.000000e+00   0.000000e+00
1     4.659896e+01  -1.440198e-06  -3.002433e-06   0.000000e+00   1.886493e-05  -9.049013e-06   0.000000e+00
0     4.669894e+01   0.000000e+00   0.000000e+00   0.000000e+00   0.000000e+00   0.000000e+00   0.000000e+00
1     4.669894e+01   5.992128e-07  -3.275617e-06   0.000000e+00   2.058146e-05   3.765082e-06   0.000000e+00
0     4.679892e+01   0.000000e+00   0.000000e+00   0.000000e+00   0.000000e+00   0.000000e+00   0.000000e+00
1     4.679892e+01   2.409834e-06  -2.298121e-06   0.000000e+00   1.443965e-05   1.514170e-05   0.000000e+00
0     4.689890e+01   0.000000e+00   0.000000e+00   0.000000e+00   0.000000e+00   0.000000e+00   0.000000e+00
1     4.689890e+01   3.300336e-06  -4.431619e-07   0.000000e+00   2.784463e-06   2.073700e-05   0.000000e+00
0     4.699888e+01   0.000000e+00   0.000000e+00   0.000000e+00   0.000000e+00   0.000000e+00   0.000000e+00
1     4.699888e+01   2.930702e-06   1.581005e-06   0.000000e+00  -9.933945e-06   1.841451e-05   0.000000e+00
0     4.709886e+01   0.000000e+00   0.000000e+00   0.000000e+00   0.000000e+00   0.000000e+00   0.000000e+00
1     4.709886e+01   1.442063e-06   3.001511e-06   0.000000e+00  -1.885936e-05   9.060960e-06   0.000000e+00
0     4.719883e+01   0.000000e+00   0.000000e+00   0.000000e+00   0.000000e+00   0.000000e+00   0.000000e+00
1     4.719883e+01  -5.971863e-07   3.275978e-06   0.000000e+00  -2.058387e-05  -3.752196e-06   0.000000e+00
0     4.729881e+01   0.000000e+00   0.000000e+00   0.000000e+00   0.000000e+00   0.000000e+00   0.000000e+00
1     4.729881e+01  -2.408420e-06   2.299616e-06   0.000000e+00  -1.444910e-05  -1.513261e-05   0.000000e+00
0     4.739879e+01   0.000000e+00   0.000000e+00   0.000000e+00   0.000000e+00   0.000000e+00   0.000000e+00
1     4.739879e+01  -3.300083e-06   4.452256e-07   0.000000e+00  -2.797500e-06  -2.073510e-05   0.000000e+00
0     4.749877e+01   0.000000e+00   0.000000e+00   0.000000e+00   0.000000e+00   0.000000e+00   0.000000e+00
1     4.749877e+01  -2.931731e-06  -1.579159e-06   0.000000e+00   9.922165e-06  -1.842065e-05   0.000000e+00
0     4.759875e+01   0.000000e+00   0.000000e+00   0.000000e+00   0.000000e+00   0.000000e+00   0.000000e+00
1     4.759875e+01  -1.444010e-06  -3.000601e-06   0.000000e+00   1.885342e-05  -9.072964e-06   0.000000e+00
0     4.769873e+01   0.000000e+00   0.000000e+00   0.000000e+00   0.000000e+00   0.000000e+00   0.000000e+00
1     4.769873e+01   5.950529e-07  -3.276375e-06   0.000000e+00   2.058622e-05   3.738945e-06   0.000000e+00
0     4.779871e+01   0.000000e+00   0.000000e+00   0.000000e+00   0.000000e+00   0.000000e+00   0.000000e+00
1     4.779871e+01   2.406914e-06  -2.301179e-06   0.000000e+00   1.445887e-05   1.512335e-05   0.000000e+00
0     4.789869e+01   0.000000e+00   0.000000e+00   0.000000e+00   0.000000e+00   0.000000e+00   0.000000e+00
1     4.789869e+01   3.299771e-06  -4.473514e-07   0.000000e+00   2.810787e-06   2.073345e-05   0.000000e+00
0     4.799866e+01   0.000000e+00   0.000000e+00   0.000000e+00   0.000000e+00   0.000000e+00   0.000000e+00
1     4.799866e+01   2.932707e-06   1.577284e-06   0.000000e+00  -9.910562e-06   1.842710e-05   0.000000e+00
0     4.809864e+01   0.000000e+00   0.000000e+00   0.000000e+00   0.000000e+00   0.000000e+00   0.000000e+00
1     4.809864e+01   1.445872e-06   2.999677e-06   0.000000e+00  -1.884785e-05   9.084892e-06   0.000000e+00
0     4.819862e+01   0.000000e+00   0.000000e+00   0.000000e+00   0.000000e+00   0.000000e+00   0.000000e+00
1     4.819862e+01  -5.930278e-07   3.276732e-06   0.000000e+00  -2.058862e-05  -3.726068e-06   0.000000e+00
0     4.829860e+01   0.000000e+00   0.000000e+00   0.000000e+00   0.000000e+00   0.000000e+00   0.000000e+00
1     4.829860e+01  -2.405499e-06   2.302671e-06   0.000000e+00  -1.446829e-05  -1.511426e-05   0.000000e+00
0     4.839858e+01   0.000000e+00   0.000000e+00   0.000000e+00   0.000000e+00   0.000000e+00   0.000000e+00
1     4.839858e+01  -3.299514e-06   4.494128e-07   0.000000e+00  -2.823809e-06  -2.073153e-05   0.000000e+00
0     4.849856e+01   0.000000e+00   0.000000e+00   0.000000e+00   0.000000e+00   0.000000e+00   0.000000e+00
1     4.849856e+01  -2.933732e-06  -1.575437e-06   0.000000e+00   9.898785e-06  -1.843322e-05   0.000000e+00
0     4.859854e+01   0.000000e+00   0.000000e+00   0.000000e+00   0.000000e+00   0.000000e+00   0.000000e+00
1     4.859854e+01  -1.447815e-06  -2.998766e-06   0.000000e+00   1.884190e-05  -9.096875e-06   0.000000e+00
0     4.869852e+01   0.000000e+00   0.000000e+00   0.000000e+00   0.000000e+00   0.000000e+00   0.000000e+00
1     4.869852e+01   5.908962e-07  -3.277127e-06   0.000000e+00   2.059095e-05   3.712828e-06   0.000000e+00
0     4.879849e+01   0.000000e+00   0.000000e+00   0.000000e+00   0.000000e+00   0.000000e+00   0.000000e+00
1     4.879849e+01   2.403993e-06  -2.304230e-06   0.000000e+00   1.447804e-05   1.510500e-05   0.000000e+00
0     4.889847e+01   0.000000e+00   0.000000e+00   0.000000e+00   0.000000e+00   0.000000e+00   0.000000e+00
1     4.889847e+01   3.299200e-06  -4.515362e-07   0.000000e+00   2.837082e-06   2.072987e-05   0.000000e+00
0     4.899845e+01   0.000000e+00   0.000000e+00   0.000000e+00   0.000000e+00   0.000000e+00   0.000000e+00
1     4.899845e+01   2.934704e-06   1.573563e-06   0.000000e+00  -9.887185e-06   1.843966e-05   0.000000e+00
0     4.909843e+01   0.000000e+00   0.000000e+00   0.000000e+00   0.000000e+00   0.000000e+00   0.000000e+00
1     4.909843e+01   1.449674e-06   2.997841e-06   0.000000e+00  -1.883631e-05   9.108786e-06   0.000000e+00
0     4.919841e+01   0.000000e+00   0.000000e+00   0.000000e+00   0.000000e+00   0.000000e+00   0.000000e+00
1     4.919841e+01  -5.888725e-07   3.277481e-06   0.000000e+00  -2.059333e-05  -3.699961e-06   0.000000e+00
0     4.929839e+01   0.000000e+00   0.000000e+00   0.000000e+00   0.000000e+00   0.000000e+00   0.000000e+00
1     4.929839e+01  -2.402578e-06   2.305718e-06   0.000000e+00  -1.448744e-05  -1.509591e-05   0.000000e+00
0     4.939837e+01   0.000000e+00   0.000000e+00   0.000000e+00   0.000000e+00   0.000000e+00   0.000000e+00
1     4.939837e+01  -3.298942e-06   4.535951e-07   0.000000e+00  -2.850088e-06  -2.072794e-05   0.000000e+00
0     4.949834e+01   0.000000e+00   0.000000e+00   0.000000e+00   0.000000e+00   0.000000e+00   0.000000e+00
1     4.949834e+01  -2.935726e-06  -1.571717e-06   0.000000e+00   9.875413e-06  -1.844576e-05   0.000000e+00
0     4.959832e+01   0.000000e+00   0.000000e+00   0.000000e+00   0.000000e+00   0.000000e+00   0.000000e+00
1     4.959832e+01  -1.451614e-06  -2.996928e-06   0.000000e+00   1.883036e-05  -9.120750e-06   0.000000e+00
0     4.969830e+01   0.000000e+00   0.000000e+00   0.000000e+00   0.000000e+00   0.000000e+00   0.000000e+00
1     4.969830e+01   5.867423e-07  -3.277873e-06   0.000000e+00   2.059564e-05   3.686729e-06   0.000000e+00
0     4.979828e+01   0.000000e+00   0.000000e+00   0.000000e+00   0.000000e+00   0.000000e+00   0.000000e+00
1     4.979828e+01   2.401071e-06  -2.307274e-06   0.000000e+00   1.449717e-05   1.508664e-05   0.000000e+00
0     4.989826e+01   0.000000e+00   0.000000e+00   0.000000e+00   0.000000e+00   0.000000e+00   0.000000e+00
1     4.989826e+01   3.298625e-06  -4.557161e-07   0.000000e+00   2.863346e-06   2.072626e-05   0.000000e+00
0     4.999999e+01   0.000000e+00   0.000000e+00   0.000000e+00   0.000000e+00   0.000000e+00   0.000000e+00
1     4.999999e+01   2.919216e-06   1.602112e-06   0.000000e+00  -1.006657e-05   1.834234e-05   0.000000e+00
0     5.009997e+01   0.000000e+00   0.000000e+00   0.000000e+00   0.000000e+00   0.000000e+00   0.000000e+00
1     5.009997e+01   1.420364e-06   3.011838e-06   0.000000e+00  -1.892427e-05   8.924624e-06   0.000000e+00
0     5.019995e+01   0.000000e+00   0.000000e+00   0.000000e+00   0.000000e+00   0.000000e+00   0.000000e+00
1     5.019995e+01  -6.208133e-07   3.271581e-06   0.000000e+00  -2.055626e-05  -3.900653e-06   0.000000e+00
0     5.029993e+01   0.000000e+00   0.000000e+00   0.000000e+00   0.000000e+00   0.000000e+00   0.000000e+00
1     5.029993e+01  -2.424953e-06   2.282173e-06   0.000000e+00  -1.433950e-05  -1.523650e-05   0.000000e+00
0     5.039991e+01   0.000000e+00   0.000000e+00   0.000000e+00   0.000000e+00   0.000000e+00   0.000000e+00
1     5.039991e+01  -3.303209e-06   4.213949e-07   0.000000e+00  -2.647767e-06  -2.075475e-05   0.000000e+00
0     5.049989e+01   0.000000e+00   0.000000e+00   0.000000e+00   0.000000e+00   0.000000e+00   0.000000e+00
1     5.049989e+01  -2.920255e-06  -1.600278e-06   0.000000e+00   1.005487e-05  -1.834855e-05   0.000000e+00
0     5.059986e+01   0.000000e+00   0.000000e+00   0.000000e+00   0.000000e+00   0.000000e+00   0.000000e+00
1     5.059986e+01  -1.422312e-06  -3.010945e-06   0.000000e+00   1.891843e-05  -8.936636e-06   0.000000e+00
0     5.069984e+01   0.000000e+00   0.000000e+00   0.000000e+00   0.000000e+00   0.000000e+00   0.000000e+00
1     5.069984e+01   6.186888e-07  -3.271993e-06   0.000000e+00   2.055870e-05   3.887458e-06   0.000000e+00
0     5.079982e+01   0.000000e+00   0.000000e+00   0.000000e+00   0.000000e+00   0.000000e+00   0.000000e+00
1     5.079982e+01   2.423463e-06  -2.283742e-06   0.000000e+00   1.434931e-05   1.522735e-05   0.000000e+00
0     5.089980e+01   0.000000e+00   0.000000e+00   0.000000e+00   0.000000e+00   0.000000e+00   0.000000e+00
1     5.089980e+01   3.302913e-06  -4.235164e-07   0.000000e+00   2.661027e-06   2.075321e-05   0.000000e+00
0     5.099978e+01   0.000000e+00   0.000000e+00   0.000000e+00   0.000000e+00   0.000000e+00   0.000000e+00
1     5.099978e+01   2.921241e-06   1.598416e-06   0.000000e+00  -1.004335e-05   1.835507e-05   0.000000e+00
0     5.109976e+01   0.000000e+00   0.000000e+00   0.000000e+00   0.000000e+00   0.000000e+00   0.000000e+00
1     5.109976e+01   1.424174e-06   3.010038e-06   0.000000e+00  -1.891296e-05   8.948568e-06   0.000000e+00
0     5.119974e+01   0.000000e+00   0.000000e+00   0.000000e+00   0.000000e+00   0.000000e+00   0.000000e+00
1     5.119974e+01  -6.166725e-07   3.272364e-06   0.000000e+00  -2.056118e-05  -3.874637e-06   0.000000e+00
0     5.129972e+01   0.000000e+00   0.000000e+00   0.000000e+00   0.000000e+00   0.000000e+00   0.000000e+00
1     5.129972e+01  -2.422063e-06   2.285239e-06   0.000000e+00  -1.435877e-05  -1.521835e-05   0.000000e+00
0     5.139969e+01   0.000000e+00   0.000000e+00   0.000000e+00   0.000000e+00   0.000000e+00   0.000000e+00
1     5.139969e+01  -3.302673e-06   4.255738e-07   0.000000e+00  -2.674024e-06  -2.075139e-05   0.000000e+00
0     5.149967e+01   0.000000e+00   0.000000e+00   0.000000e+00   0.000000e+00   0.000000e+00   0.000000e+00
1     5.149967e+01  -2.922277e-06  -1.596582e-06   0.000000e+00   1.003165e-05  -1.836126e-05   0.000000e+00
0     5.159965e+01   0.000000e+00   0.000000e+00   0.000000e+00   0.000000e+00   0.000000e+00   0.000000e+00
1     5.159965e+01  -1.426119e-06  -3.009143e-06   0.000000e+00   1.890711e-05  -8.960561e-06   0.000000e+00
0     5.169963e+01   0.000000e+00   0.000000e+00   0.000000e+00   0.000000e+00   0.000000e+00   0.000000e+00
1     5.169963e+01   6.145497e-07  -3.272772e-06   0.000000e+00   2.056360e-05   3.861451e-06   0.000000e+00
0     5.179961e+01   0.000000e+00   0.000000e+00   0.000000e+00   0.000000e+00   0.000000e+00   0.000000e+00
1     5.179961e+01   2.420573e-06  -2.286805e-06   0.000000e+00   1.436856e-05   1.520919e-05   0.000000e+00
0     5.189959e+01   0.000000e+00   0.000000e+00   0.000000e+00   0.000000e+00   0.000000e+00   0.000000e+00
1     5.189959e+01   3.302374e-06  -4.276929e-07   0.000000e+00   2.687270e-06   2.074983e-05   0.000000e+00
0     5.199957e+01   0.000000e+00   0.000000e+00   0.000000e+00   0.000000e+00   0.000000e+00   0.000000e+00
1     5.199957e+01   2.923259e-06   1.594721e-06   0.000000e+00  -1.002013e-05   1.836776e-05   0.000000e+00
0     5.209955e+01   0.000000e+00   0.000000e+00   0.000000e+00   0.000000e+00   0.000000e+00   0.000000e+00
1     5.209955e+01   1.427979e-06   3.008234e-06   0.000000e+00  -1.890163e-05   8.972475e-06   0.000000e+00
0     5.219952e+01   0.000000e+00   0.000000e+00   0.000000e+00   0.000000e+00   0.000000e+00   0.000000e+00
1     5.219952e+01  -6.125349e-07   3.273140e-06   0.000000e+00  -2.056606e-05  -3.848640e-06   0.000000e+00
0     5.229950e+01   0.000000e+00   0.000000e+00   0.000000e+00   0.000000e+00   0.000000e+00   0.000000e+00
1     5.229950e+01  -2.419172e-06   2.288299e-06   0.000000e+00  -1.437800e-05  -1.520018e-05   0.000000e+00
0     5.239948e+01   0.000000e+00   0.000000e+00   0.000000e+00   0.000000e+00   0.000000e+00   0.000000e+00
1     5.239948e+01  -3.302132e-06   4.297479e-07   0.000000e+00  -2.700252e-06  -2.074799e-05   0.000000e+00
0     5.249946e+01   0.000000e+00   0.000000e+00   0.000000e+00   0.000000e+00   0.000000e+00   0.000000e+00
1     5.249946e+01  -2.924292e-06  -1.592887e-06   0.000000e+00   1.000844e-05  -1.837392e-05   0.000000e+00
0     5.259944e+01   0.000000e+00   0.000000e+00   0.000000e+00   0.000000e+00   0.000000e+00   0.000000e+00
1     5.259944e+01  -1.429921e-06  -3.007338e-06   0.000000e+00   1.889577e-05  -8.984448e-06   0.000000e+00
0     5.269942e+01   0.000000e+00   0.000000e+00   0.000000e+00   0.000000e+00   0.000000e+00   0.000000e+00
1     5.269942e+01   6.104135e-07  -3.273546e-06   0.000000e+00   2.056847e-05   3.835463e-06   0.000000e+00
0     5.279940e+01   0.000000e+00   0.000000e+00   0.000000e+00   0.000000e+00   0.000000e+00   0.000000e+00
1     5.279940e+01   2.417681e-06  -2.289861e-06   0.000000e+00   1.438777e-05   1.519102e-05   0.000000e+00
0     5.289938e+01   0.000000e+00   0.000000e+00   0.000000e+00   0.000000e+00   0.000000e+00   0.000000e+00
1     5.289938e+01   3.301831e-06  -4.318646e-07   0.000000e+00   2.713482e-06   2.074642e-05   0.000000e+00
0     5.299935e+01   0.000000e+00   0.000000e+00   0.000000e+00   0.000000e+00   0.000000e+00   0.000000e+00
1     5.299935e+01   2.925271e-06   1.591026e-06   0.000000e+00  -9.996922e-06   1.838040e-05   0.000000e+00
0     5.309933e+01   0.000000e+00   0.000000e+00   0.000000e+00   0.000000e+00   0.000000e+00   0.000000e+00
1     5.309933e+01   1.431777e-06   3.006428e-06   0.000000e+00  -1.889028e-05   8.996343e-06   0.000000e+00
0     5.319931e+01   0.000000e+00   0.000000e+00   0.000000e+00   0.000000e+00   0.000000e+00   0.000000e+00
1     5.319931e+01  -6.084004e-07   3.273911e-06   0.000000e+00  -2.057091e-05  -3.822662e-06   0.000000e+00
0     5.329929e+01   0.000000e+00   0.000000e+00   0.000000e+00   0.000000e+00   0.000000e+00   0.000000e+00
1     5.329929e+01  -2.416280e-06   2.291352e-06   0.000000e+00  -1.439719e-05  -1.518202e-05   0.000000e+00
0     5.339927e+01   0.000000e+00   0.000000e+00   0.000000e+00   0.000000e+00   0.000000e+00   0.000000e+00
1     5.339927e+01  -3.301586e-06   4.339172e-07   0.000000e+00  -2.726449e-06  -2.074457e-05   0.000000e+00
0     5.349925e+01   0.000000e+00   0.000000e+00   0.000000e+00   0.000000e+00   0.000000e+00   0.000000e+00
1     5.349925e+01  -2.926301e-06  -1.589194e-06   0.000000e+00   9.985231e-06  -1.838655e-05   0.000000e+00
0     5.359923e+01   0.000000e+00   0.000000e+00   0.000000e+00   0.000000e+00   0.000000e+00   0.000000e+00
1     5.359923e+01  -1.433716e-06  -3.005530e-06   0.000000e+00   1.888442e-05  -9.008297e-06   0.000000e+00
0     5.369920e+01   0.000000e+00   0.000000e+00   0.000000e+00   0.000000e+00   0.000000e+00   0.000000e+00
1     5.369920e+01   6.062806e-07  -3.274313e-06   0.000000e+00   2.057329e-05   3.809496e-06   0.000000e+00
0     5.379918e+01   0.000000e+00   0.000000e+00   0.000000e+00   0.000000e+00   0.000000e+00   0.000000e+00
1     5.379918e+01   2.414788e-06  -2.292911e-06   0.000000e+00   1.440693e-05   1.517285e-05   0.000000e+00
0     5.389916e+01   0.000000e+00   0.000000e+00   0.000000e+00   0.000000e+00   0.000000e+00   0.000000e+00
1     5.389916e+01   3.301283e-06  -4.360316e-07   0.000000e+00   2.739665e-06   2.074298e-05   0.000000e+00
0     5.399914e+01   0.000000e+00   0.000000e+00   0.000000e+00   0.000000e+00   0.000000e+00   0.000000e+00
1     5.399914e+01   2.927276e-06   1.587333e-06   0.000000e+00  -9.973718e-06   1.839301e-05   0.000000e+00
0     5.409912e+01   0.000000e+00   0.000000e+00   0.000000e+00   0.000000e+00   0.000000e+00   0.000000e+00
1     5.409912e+01   1.435570e-06   3.004618e-06   0.000000e+00  -1.887892e-05   9.020174e-06   0.000000e+00
0     5.419910e+01   0.000000e+00   0.000000e+00   0.000000e+00   0.000000e+00   0.000000e+00   0.000000e+00
1     5.419910e+01  -6.042689e-07   3.274675e-06   0.000000e+00  -2.057572e-05  -3.796704e-06   0.000000e+00
0     5.429908e+01   0.000000e+00   0.000000e+00   0.000000e+00   0.000000e+00   0.000000e+00   0.000000e+00
1     5.429908e+01  -2.413387e-06   2.294398e-06   0.000000e+00  -1.441633e-05  -1.516384e-05   0.000000e+00
0     5.439906e+01   0.000000e+00   0.000000e+00   0.000000e+00   0.000000e+00   0.000000e+00   0.000000e+00
1     5.439906e+01  -3.301035e-06   4.380817e-07   0.000000e+00  -2.752616e-06  -2.074111e-05   0.000000e+00
0     5.449903e+01   0.000000e+00   0.000000e+00   0.000000e+00   0.000000e+00   0.000000e+00   0.000000e+00
1     5.449903e+01  -2.928302e-06  -1.585501e-06   0.000000e+00   9.962031e-06  -1.839913e-05   0.000000e+00
0     5.459901e+01   0.000000e+00   0.000000e+00   0.000000e+00   0.000000e+00   0.000000e+00   0.000000e+00
1     5.459901e+01  -1.437505e-06  -3.003719e-06   0.000000e+00   1.887304e-05  -9.032108e-06   0.000000e+00
0     5.469899e+01   0.000000e+00   0.000000e+00   0.000000e+00   0.000000e+00   0.000000e+00   0.000000e+00
1     5.469899e+01   6.021507e-07  -3.275075e-06   0.000000e+00   2.057808e-05   3.783548e-06   0.000000e+00
0     5.479897e+01   0.000000e+00   0.000000e+00   0.000000e+00   0.000000e+00   0.000000e+00   0.000000e+00
1     5.479897e+01   2.411895e-06  -2.295954e-06   0.000000e+00   1.442605e-05   1.515467e-05   0.000000e+00
0     5.489895e+01   0.000000e+00   0.000000e+00   0.000000e+00   0.000000e+00   0.000000e+00   0.000000e+00
1     5.489895e+01   3.300730e-06  -4.401938e-07   0.000000e+00   2.765818e-06   2.073951e-05   0.000000e+00
0     5.499893e+01   0.000000e+00   0.000000e+00   0.000000e+00   0.000000e+00   0.000000e+00   0.000000e+00
1     5.499893e+01   2.929275e-06   1.583641e-06   0.000000e+00  -9.950522e-06   1.840557e-05   0.000000e+00
0     5.509891e+01   0.000000e+00   0.000000e+00   0.000000e+00   0.000000e+00   0.000000e+00   0.000000e+00
1     5.509891e+01   1.439356e-06   3.002806e-06   0.000000e+00  -1.886753e-05   9.043967e-06   0.000000e+00
0     5.519889e+01   0.000000e+00   0.000000e+00   0.000000e+00   0.000000e+00   0.000000e+00   0.000000e+00
1     5.519889e+01  -6.001406e-07   3.275434e-06   0.000000e+00  -2.058049e-05  -3.770765e-06   0.000000e+00
0     5.529886e+01   0.000000e+00   0.000000e+00   0.000000e+00   0.000000e+00   0.000000e+00   0.000000e+00
1     5.529886e+01  -2.410493e-06   2.297438e-06   0.000000e+00  -1.443543e-05  -1.514566e-05   0.000000e+00
0     5.539884e+01   0.000000e+00   0.000000e+00   0.000000e+00   0.000000e+00   0.000000e+00   0.000000e+00
1     5.539884e+01  -3.300480e-06   4.422415e-07   0.000000e+00  -2.778754e-06  -2.073763e-05   0.000000e+00
0     5.549882e+01   0.000000e+00   0.000000e+00   0.000000e+00   0.000000e+00   0.000000e+00   0.000000e+00
1     5.549882e+01  -2.930298e-06  -1.581810e-06   0.000000e+00   9.938838e-06  -1.841167e-05   0.000000e+00
0     5.559880e+01   0.000000e+00   0.000000e+00   0.000000e+00   0.000000e+00   0.000000e+00   0.000000e+00
1     5.559880e+01  -1.441289e-06  -3.001905e-06   0.000000e+00   1.886165e-05  -9.055882e-06   0.000000e+00
0     5.569878e+01   0.000000e+00   0.000000e+00   0.000000e+00   0.000000e+00   0.000000e+00   0.000000e+00
1     5.569878e+01   5.980239e-07  -3.275830e-06   0.000000e+00   2.058283e-05   3.757618e-06   0.000000e+00
0     5.579876e+01   0.000000e+00   0.000000e+00   0.000000e+00   0.000000e+00   0.000000e+00   0.000000e+00
1     5.579876e+01   2.409000e-06  -2.298990e-06   0.000000e+00   1.444513e-05   1.513649e-05   0.000000e+00
0     5.589874e+01   0.000000e+00   0.000000e+00   0.000000e+00   0.000000e+00   0.000000e+00   0.000000e+00
1     5.589874e+01   3.300173e-06  -4.443511e-07   0.000000e+00   2.791940e-06   2.073601e-05   0.000000e+00
0     5.599872e+01   0.000000e+00   0.000000e+00   0.000000e+00   0.000000e+00   0.000000e+00   0.000000e+00
1     5.599872e+01   2.931267e-06   1.579950e-06   0.000000e+00  -9.927333e-06   1.841809e-05   0.000000e+00
0     5.609869e+01   0.000000e+00   0.000000e+00   0.000000e+00   0.000000e+00   0.000000e+00   0.000000e+00
1     5.609869e+01   1.443137e-06   3.000990e-06   0.000000e+00  -1.885613e-05   9.067722e-06   0.000000e+00
0     5.619867e+01   0.000000e+00   0.000000e+00   0.000000e+00   0.000000e+00   0.000000e+00   0.000000e+00
1     5.619867e+01  -5.960154e-07   3.276187e-06   0.000000e+00  -2.058522e-05  -3.744846e-06   0.000000e+00
0     5.629865e+01   0.000000e+00   0.000000e+00   0.000000e+00   0.000000e+00   0.000000e+00   0.000000e+00
1     5.629865e+01  -2.407598e-06   2.300471e-06   0.000000e+00  -1.445449e-05  -1.512747e-05   0.000000e+00
0     5.639863e+01   0.000000e+00   0.000000e+00   0.000000e+00   0.000000e+00   0.000000e+00   0.000000e+00
1     5.639863e+01  -3.299920e-06   4.463964e-07   0.000000e+00  -2.804861e-06  -2.073412e-05   0.000000e+00
0     5.649861e+01   0.000000e+00   0.000000e+00   0.000000e+00   0.000000e+00   0.000000e+00   0.000000e+00
1     5.649861e+01  -2.932286e-06  -1.578119e-06   0.000000e+00   9.915653e-06  -1.842417e-05   0.000000e+00
0     5.659859e+01   0.000000e+00   0.000000e+00   0.000000e+00   0.000000e+00   0.000000e+00   0.000000e+00
1     5.659859e+01  -1.445066e-06  -3.000088e-06   0.000000e+00   1.885023e-05  -9.079618e-06   0.000000e+00
0     5.669857e+01   0.000000e+00   0.000000e+00   0.000000e+00   0.000000e+00   0.000000e+00   0.000000e+00
1     5.669857e+01   5.939002e-07  -3.276580e-06   0.000000e+00   2.058755e-05   3.731709e-06   0.000000e+00
0     5.679854e+01   0.000000e+00   0.000000e+00   0.000000e+00   0.000000e+00   0.000000e+00   0.000000e+00
1     5.679854e+01   2.406105e-06  -2.302020e-06   0.000000e+00   1.446417e-05   1.511829e-05   0.000000e+00
0     5.689852e+01   0.000000e+00   0.000000e+00   0.000000e+00   0.000000e+00   0.000000e+00   0.000000e+00
1     5.689852e+01   3.299610e-06  -4.485037e-07   0.000000e+00   2.818033e-06   2.073248e-05   0.000000e+00
0     5.699850e+01   0.000000e+00   0.000000e+00   0.000000e+00   0.000000e+00   0.000000e+00   0.000000e+00
1     5.699850e+01   2.933252e-06   1.576260e-06   0.000000e+00  -9.904150e-06   1.843056e-05   0.000000e+00
0     5.709848e+01   0.000000e+00   0.000000e+00   0.000000e+00   0.000000e+00   0.000000e+00   0.000000e+00
1     5.709848e+01   1.446911e-06   2.999172e-06   0.000000e+00  -1.884470e-05   9.091440e-06   0.000000e+00
0     5.719846e+01   0.000000e+00   0.000000e+00   0.000000e+00   0.000000e+00   0.000000e+00   0.000000e+00
1     5.719846e+01  -5.918933e-07   3.276934e-06   0.000000e+00  -2.058992e-05  -3.718946e-06   0.000000e+00
0     5.729844e+01   0.000000e+00   0.000000e+00   0.000000e+00   0.000000e+00   0.000000e+00   0.000000e+00
1     5.729844e+01  -2.404702e-06   2.303497e-06   0.000000e+00  -1.447351e-05  -1.510928e-05   0.000000e+00
0     5.739842e+01   0.000000e+00   0.000000e+00   0.000000e+00   0.000000e+00   0.000000e+00   0.000000e+00
1     5.739842e+01  -3.299356e-06   4.505465e-07   0.000000e+00  -2.830937e-06  -2.073057e-05   0.000000e+00
0     5.749840e+01   0.000000e+00   0.000000e+00   0.000000e+00   0.000000e+00   0.000000e+00   0.000000e+00
1     5.749840e+01  -2.934268e-06  -1.574430e-06   0.000000e+00   9.892474e-06  -1.843662e-05   0.000000e+00
0     5.759837e+01   0.000000e+00   0.000000e+00   0.000000e+00   0.000000e+00   0.000000e+00   0.000000e+00
1     5.759837e+01  -1.448837e-06  -2.998268e-06   0.000000e+00   1.883880e-05  -9.103316e-06   0.000000e+00
0     5.769835e+01   0.000000e+00   0.000000e+00   0.000000e+00   0.000000e+00   0.000000e+00   0.000000e+00
1     5.769835e+01   5.897797e-07  -3.277324e-06   0.000000e+00   2.059222e-05   3.705819e-06   0.000000e+00
0     5.779833e+01   0.000000e+00   0.000000e+00   0.000000e+00   0.000000e+00   0.000000e+00   0.000000e+00
1     5.779833e+01   2.403208e-06  -2.305043e-06   0.000000e+00   1.448317e-05   1.510010e-05   0.000000e+00
0     5.789831e+01   0.000000e+00   0.000000e+00   0.000000e+00   0.000000e+00   0.000000e+00   0.000000e+00
1     5.789831e+01   3.299043e-06  -4.526515e-07   0.000000e+00   2.844095e-06   2.072892e-05   0.000000e+00
0     5.799829e+01   0.000000e+00   0.000000e+00   0.000000e+00   0.000000e+00   0.000000e+00   0.000000e+00
1     5.799829e+01   2.935231e-06   1.572571e-06   0.000000e+00  -9.880974e-06   1.844300e-05   0.000000e+00
0     5.809827e+01   0.000000e+00   0.000000e+00   0.000000e+00   0.000000e+00   0.000000e+00   0.000000e+00
1     5.809827e+01   1.450679e-06   2.997350e-06   0.000000e+00  -1.883326e-05   9.115120e-06   0.000000e+00
0     5.819825e+01   0.000000e+00   0.000000e+00   0.000000e+00   0.000000e+00   0.000000e+00   0.000000e+00
1     5.819825e+01  -5.877742e-07   3.277674e-06   0.000000e+00  -2.059458e-05  -3.693066e-06   0.000000e+00
0     5.829998e+01   0.000000e+00   0.000000e+00   0.000000e+00   0.000000e+00   0.000000e+00   0.000000e+00
1     5.829998e+01  -2.427079e-06   2.279908e-06   0.000000e+00  -1.432529e-05  -1.524988e-05   0.000000e+00
0     5.839996e+01   0.000000e+00   0.000000e+00   0.000000e+00   0.000000e+00   0.000000e+00   0.000000e+00
1     5.839996e+01  -3.303597e-06   4.183097e-07   0.000000e+00  -2.628386e-06  -2.075723e-05   0.000000e+00
0     5.849994e+01   0.000000e+00   0.000000e+00   0.000000e+00   0.000000e+00   0.000000e+00   0.000000e+00
1     5.849994e+01  -2.918755e-06  -1.603006e-06   0.000000e+00   1.007202e-05  -1.833915e-05   0.000000e+00
0     5.859992e+01   0.000000e+00   0.000000e+00   0.000000e+00   0.000000e+00   0.000000e+00   0.000000e+00
1     5.859992e+01  -1.419492e-06  -3.012272e-06   0.000000e+00   1.892680e-05  -8.918933e-06   0.000000e+00
0     5.869989e+01   0.000000e+00   0.000000e+00   0.000000e+00   0.000000e+00   0.000000e+00   0.000000e+00
1     5.869989e+01   6.217531e-07  -3.271408e-06   0.000000e+00   2.055506e-05   3.906717e-06   0.000000e+00
0     5.879987e+01   0.000000e+00   0.000000e+00   0.000000e+00   0.000000e+00   0.000000e+00   0.000000e+00
1     5.879987e+01   2.425601e-06  -2.281466e-06   0.000000e+00   1.433503e-05   1.524080e-05   0.000000e+00
0     5.889985e+01   0.000000e+00   0.000000e+00   0.000000e+00   0.000000e+00   0.000000e+00   0.000000e+00
1     5.889985e+01   3.303306e-06  -4.204149e-07   0.000000e+00   2.641544e-06   2.075571e-05   0.000000e+00
0     5.899983e+01   0.000000e+00   0.000000e+00   0.000000e+00   0.000000e+00   0.000000e+00   0.000000e+00
1     5.899983e+01   2.919734e-06   1.601159e-06   0.000000e+00  -1.006060e-05   1.834564e-05   0.000000e+00
0     5.909981e+01   0.000000e+00   0.000000e+00   0.000000e+00   0.000000e+00   0.000000e+00   0.000000e+00
1     5.909981e+01   1.421340e-06   3.011373e-06   0.000000e+00  -1.892138e-05   8.930776e-06   0.000000e+00
0     5.919979e+01   0.000000e+00   0.000000e+00   0.000000e+00   0.000000e+00   0.000000e+00   0.000000e+00
1     5.919979e+01  -6.197535e-07   3.271778e-06   0.000000e+00  -2.055753e-05  -3.894001e-06   0.000000e+00
0     5.929977e+01   0.000000e+00   0.000000e+00   0.000000e+00   0.000000e+00   0.000000e+00   0.000000e+00
1     5.929977e+01  -2.424214e-06   2.282953e-06   0.000000e+00  -1.434443e-05  -1.523188e-05   0.000000e+00
0     5.939975e+01   0.000000e+00   0.000000e+00   0.000000e+00   0.000000e+00   0.000000e+00   0.000000e+00
1     5.939975e+01  -3.303069e-06   4.224563e-07   0.000000e+00  -2.654441e-06  -2.075391e-05   0.000000e+00
0     5.949972e+01   0.000000e+00   0.000000e+00   0.000000e+00   0.000000e+00   0.000000e+00   0.000000e+00
1     5.949972e+01  -2.920764e-06  -1.599341e-06   0.000000e+00   1.004900e-05  -1.835178e-05   0.000000e+00
0     5.959970e+01   0.000000e+00   0.000000e+00   0.000000e+00   0.000000e+00   0.000000e+00   0.000000e+00
1     5.959970e+01  -1.423271e-06  -3.010487e-06   0.000000e+00   1.891559e-05  -8.942681e-06   0.000000e+00
0     5.969968e+01   0.000000e+00   0.000000e+00   0.000000e+00   0.000000e+00   0.000000e+00   0.000000e+00
1     5.969968e+01   6.176471e-07  -3.272185e-06   0.000000e+00   2.055995e-05   3.880919e-06   0.000000e+00
0     5.979966e+01   0.000000e+00   0.000000e+00   0.000000e+00   0.000000e+00   0.000000e+00   0.000000e+00
1     5.979966e+01   2.422736e-06  -2.284507e-06   0.000000e+00   1.435415e-05   1.522280e-05   0.000000e+00
0     5.989964e+01   0.000000e+00   0.000000e+00   0.000000e+00   0.000000e+00   0.000000e+00   0.000000e+00
1     5.989964e+01   3.302775e-06  -4.245593e-07   0.000000e+00   2.667585e-06   2.075238e-05   0.000000e+00
0     5.999962e+01   0.000000e+00   0.000000e+00   0.000000e+00   0.000000e+00   0.000000e+00   0.000000e+00
1     5.999962e+01   2.921740e-06   1.597494e-06   0.000000e+00  -1.003758e-05   1.835824e-05   0.000000e+00
0     6.009960e+01   0.000000e+00   0.000000e+00   0.000000e+00   0.000000e+00   0.000000e+00   0.000000e+00
1     6.009960e+01   1.425117e-06   3.009587e-06   0.000000e+00  -1.891016e-05   8.954506e-06   0.000000e+00
0     6.019958e+01   0.000000e+00   0.000000e+00   0.000000e+00   0.000000e+00   0.000000e+00   0.000000e+00
1     6.019958e+01  -6.156490e-07   3.272552e-06   0.000000e+00  -2.056240e-05  -3.868213e-06   0.000000e+00
0     6.029955e+01   0.000000e+00   0.000000e+00   0.000000e+00   0.000000e+00   0.000000e+00   0.000000e+00
1     6.029955e+01  -2.421349e-06   2.285991e-06   0.000000e+00  -1.436352e-05  -1.521388e-05   0.000000e+00
0     6.039953e+01   0.000000e+00   0.000000e+00   0.000000e+00   0.000000e+00   0.000000e+00   0.000000e+00
1     6.039953e+01  -3.302536e-06   4.265981e-07   0.000000e+00  -2.680465e-06  -2.075057e-05   0.000000e+00
0     6.049951e+01   0.000000e+00   0.000000e+00   0.000000e+00   0.000000e+00   0.000000e+00   0.000000e+00
1     6.049951e+01  -2.922767e-06  -1.595677e-06   0.000000e+00   1.002598e-05  -1.836437e-05   0.000000e+00
0     6.059949e+01   0.000000e+00   0.000000e+00   0.000000e+00   0.000000e+00   0.000000e+00   0.000000e+00
1     6.059949e+01  -1.427044e-06  -3.008700e-06   0.000000e+00   1.890436e-05  -8.966391e-06   0.000000e+00
0     6.069947e+01   0.000000e+00   0.000000e+00   0.000000e+00   0.000000e+00   0.000000e+00   0.000000e+00
1     6.069947e+01   6.135442e-07  -3.272957e-06   0.000000e+00   2.056480e-05   3.855141e-06   0.000000e+00
0     6.079945e+01   0.000000e+00   0.000000e+00   0.000000e+00   0.000000e+00   0.000000e+00   0.000000e+00
1     6.079945e+01   2.419870e-06  -2.287542e-06   0.000000e+00   1.437322e-05   1.520480e-05   0.000000e+00
0     6.089943e+01   0.000000e+00   0.000000e+00   0.000000e+00   0.000000e+00   0.000000e+00   0.000000e+00
1     6.089943e+01   3.302240e-06  -4.286987e-07   0.000000e+00   2.693595e-06   2.074902e-05   0.000000e+00
0     6.099940e+01   0.000000e+00   0.000000e+00   0.000000e+00   0.000000e+00   0.000000e+00   0.000000e+00
1     6.099940e+01   2.923740e-06   1.593831e-06   0.000000e+00  -1.001456e-05   1.837081e-05   0.000000e+00
0     6.109938e+01   0.000000e+00   0.000000e+00   0.000000e+00   0.000000e+00   0.000000e+00   0.000000e+00
1     6.109938e+01   1.428887e-06   3.007799e-06   0.000000e+00  -1.889892e-05   8.978197e-06   0.000000e+00
0     6.119936e+01   0.000000e+00   0.000000e+00   0.000000e+00   0.000000e+00   0.000000e+00   0.000000e+00
1     6.119936e+01  -6.115477e-07   3.273321e-06   0.000000e+00  -2.056723e-05  -3.842444e-06   0.000000e+00
0     6.129934e+01   0.000000e+00   0.000000e+00   0.000000e+00   0.000000e+00   0.000000e+00   0.000000e+00
1     6.129934e+01  -2.418482e-06   2.289023e-06   0.000000e+00  -1.438257e-05  -1.519588e-05   0.000000e+00
0     6.139932e+01   0.000000e+00   0.000000e+00   0.000000e+00   0.000000e+00   0.000000e+00   0.000000e+00
1     6.139932e+01  -3.301999e-06   4.307352e-07   0.000000e+00  -2.706460e-06  -2.074720e-05   0.000000e+00
0     6.149930e+01   0.000000e+00   0.000000e+00   0.000000e+00   0.000000e+00   0.000000e+00   0.000000e+00
1     6.149930e+01  -2.924763e-06  -1.592014e-06   0.000000e+00   1.000297e-05  -1.837692e-05   0.000000e+00
0     6.159928e+01   0.000000e+00   0.000000e+00   0.000000e+00   0.000000e+00   0.000000e+00   0.000000e+00
1     6.159928e+01  -1.430812e-06  -3.006910e-06   0.000000e+00   1.889312e-05  -8.990063e-06   0.000000e+00
0     6.169926e+01   0.000000e+00   0.000000e+00   0.000000e+00   0.000000e+00   0.000000e+00   0.000000e+00
1     6.169926e+01   6.094445e-07  -3.273722e-06   0.000000e+00   2.056961e-05   3.829382e-06   0.000000e+00
0     6.179923e+01   0.000000e+00   0.000000e+00   0.000000e+00   0.000000e+00   0.000000e+00   0.000000e+00
1     6.179923e+01   2.417003e-06  -2.290571e-06   0.000000e+00   1.439225e-05   1.518679e-05   0.000000e+00
0     6.189921e+01   0.000000e+00   0.000000e+00   0.000000e+00   0.000000e+00   0.000000e+00   0.000000e+00
1     6.189921e+01   3.301700e-06  -4.328334e-07   0.000000e+00   2.719574e-06   2.074563e-05   0.000000e+00
0     6.199919e+01   0.000000e+00   0.000000e+00   0.000000e+00   0.000000e+00   0.000000e+00   0.000000e+00
1     6.199919e+01   2.925733e-06   1.590169e-06   0.000000e+00  -9.991552e-06   1.838334e-05   0.000000e+00
0     6.209917e+01   0.000000e+00   0.000000e+00   0.000000e+00   0.000000e+00   0.000000e+00   0.000000e+00
1     6.209917e+01   1.432651e-06   3.006007e-06   0.000000e+00  -1.888767e-05   9.001851e-06   0.000000e+00
0     6.219915e+01   0.000000e+00   0.000000e+00   0.000000e+00   0.000000e+00   0.000000e+00   0.000000e+00
1     6.219915e+01  -6.074495e-07   3.274083e-06   0.000000e+00  -2.057203e-05  -3.816694e-06   0.000000e+00
0     6.229913e+01   0.000000e+00   0.000000e+00   0.000000e+00   0.000000e+00   0.000000e+00   0.000000e+00
1     6.229913e+01  -2.415615e-06   2.292048e-06   0.000000e+00  -1.440158e-05  -1.517786e-05   0.000000e+00
0     6.239911e+01   0.000000e+00   0.000000e+00   0.000000e+00   0.000000e+00   0.000000e+00   0.000000e+00
1     6.239911e+01  -3.301457e-06   4.348675e-07   0.000000e+00  -2.732425e-06  -2.074379e-05   0.000000e+00
0     6.249909e+01   0.000000e+00   0.000000e+00   0.000000e+00   0.000000e+00   0.000000e+00   0.000000e+00
1     6.249909e+01  -2.926753e-06  -1.588352e-06   0.000000e+00   9.979961e-06  -1.838942e-05   0.000000e+00
0     6.259906e+01   0.000000e+00   0.000000e+00   0.000000e+00   0.000000e+00   0.000000e+00   0.000000e+00
1     6.259906e+01  -1.434573e-06  -3.005117e-06   0.000000e+00   1.888185e-05  -9.013699e-06   0.000000e+00
0     6.269904e+01   0.000000e+00   0.000000e+00   0.000000e+00   0.000000e+00   0.000000e+00   0.000000e+00
1     6.269904e+01   6.053478e-07  -3.274482e-06   0.000000e+00   2.057439e-05   3.803642e-06   0.000000e+00
0     6.279902e+01   0.000000e+00   0.000000e+00   0.000000e+00   0.000000e+00   0.000000e+00   0.000000e+00
1     6.279902e+01   2.414135e-06  -2.293593e-06   0.000000e+00   1.441124e-05   1.516877e-05   0.000000e+00
0     6.289900e+01   0.000000e+00   0.000000e+00   0.000000e+00   0.000000e+00   0.000000e+00   0.000000e+00
1     6.289900e+01   3.301156e-06  -4.369634e-07   0.000000e+00   2.745525e-06   2.074222e-05   0.000000e+00
0     6.299898e+01   0.000000e+00   0.000000e+00   0.000000e+00   0.000000e+00   0.000000e+00   0.000000e+00
1     6.299898e+01   2.927719e-06   1.586508e-06   0.000000e+00  -9.968550e-06   1.839582e-05   0.000000e+00
0     6.309896e+01   0.000000e+00   0.000000e+00   0.000000e+00   0.000000e+00   0.000000e+00   0.000000e+00
1     6.309896e+01   1.436410e-06   3.004212e-06   0.000000e+00  -1.887640e-05   9.025468e-06   0.000000e+00
0     6.319894e+01   0.000000e+00   0.000000e+00   0.000000e+00   0.000000e+00   0.000000e+00   0.000000e+00
1     6.319894e+01  -6.033544e-07   3.274840e-06   0.000000e+00  -2.057679e-05  -3.790965e-06   0.000000e+00
0     6.329892e+01   0.000000e+00   0.000000e+00   0.000000e+00   0.000000e+00   0.000000e+00   0.000000e+00
1     6.329892e+01  -2.412746e-06   2.295066e-06   0.000000e+00  -1.442055e-05  -1.515984e-05   0.000000e+00
0     6.339889e+01   0.000000e+00   0.000000e+00   0.000000e+00   0.000000e+00   0.000000e+00   0.000000e+00
1     6.339889e+01  -3.300910e-06   4.389949e-07   0.000000e+00  -2.758359e-06  -2.074036e-05   0.000000e+00
0     6.349887e+01   0.000000e+00   0.000000e+00   0.000000e+00   0.000000e+00   0.000000e+00   0.000000e+00
1     6.349887e+01  -2.928736e-06  -1.584692e-06   0.000000e+00   9.956964e-06  -1.840188e-05   0.000000e+00
0     6.359885e+01   0.000000e+00   0.000000e+00   0.000000e+00   0.000000e+00   0.000000e+00   0.000000e+00
1     6.359885e+01  -1.438328e-06  -3.003321e-06   0.000000e+00   1.887057e-05  -9.037296e-06   0.000000e+00
0     6.369883e+01   0.000000e+00   0.000000e+00   0.000000e+00   0.000000e+00   0.000000e+00   0.000000e+00
1     6.369883e+01   6.012543e-07  -3.275235e-06   0.000000e+00   2.057913e-05   3.777922e-06   0.000000e+00
0     6.379881e+01   0.000000e+00   0.000000e+00   0.000000e+00   0.000000e+00   0.000000e+00   0.000000e+00
1     6.379881e+01   2.411266e-06  -2.296608e-06   0.000000e+00   1.443019e-05   1.515075e-05   0.000000e+00
0     6.389879e+01   0.000000e+00   0.000000e+00   0.000000e+00   0.000000e+00   0.000000e+00   0.000000e+00
1     6.389879e+01   3.300607e-06  -4.410885e-07   0.000000e+00   2.771445e-06   2.073877e-05   0.000000e+00
0     6.399877e+01   0.000000e+00   0.000000e+00   0.000000e+00   0.000000e+00   0.000000e+00   0.000000e+00
1     6.399877e+01   2.929699e-06   1.582848e-06   0.000000e+00  -9.945556e-06   1.840826e-05   0.000000e+00
0     6.409874e+01   0.000000e+00   0.000000e+00   0.000000e+00   0.000000e+00   0.000000e+00   0.000000e+00
1     6.409874e+01   1.440162e-06   3.002415e-06   0.000000e+00  -1.886511e-05   9.049048e-06   0.000000e+00
0     6.419872e+01   0.000000e+00   0.000000e+00   0.000000e+00   0.000000e+00   0.000000e+00   0.000000e+00
1     6.419872e+01  -5.992624e-07   3.275591e-06   0.000000e+00  -2.058151e-05  -3.765254e-06   0.000000e+00
0     6.429870e+01   0.000000e+00   0.000000e+00   0.000000e+00   0.000000e+00   0.000000e+00   0.000000e+00
1     6.429870e+01  -2.409877e-06   2.298078e-06   0.000000e+00  -1.443948e-05  -1.514182e-05   0.000000e+00
0     6.439868e+01   0.000000e+00   0.000000e+00   0.000000e+00   0.000000e+00   0.000000e+00   0.000000e+00
1     6.439868e+01  -3.300359e-06   4.431178e-07   0.000000e+00  -2.784265e-06  -2.073690e-05   0.000000e+00
0     6.449866e+01   0.000000e+00   0.000000e+00   0.000000e+00   0.000000e+00   0.000000e+00   0.000000e+00
1     6.449866e+01  -2.930712e-06  -1.581033e-06   0.000000e+00   9.933973e-06  -1.841431e-05   0.000000e+00
0     6.459864e+01   0.000000e+00   0.000000e+00   0.000000e+00   0.000000e+00   0.000000e+00   0.000000e+00
1     6.459864e+01  -1.442078e-06  -3.001522e-06   0.000000e+00   1.885927e-05  -9.060856e-06   0.000000e+00
0     6.469862e+01   0.000000e+00   0.000000e+00   0.000000e+00   0.000000e+00   0.000000e+00   0.000000e+00
1     6.469862e+01   5.971639e-07  -3.275983e-06   0.000000e+00   2.058383e-05   3.752222e-06   0.000000e+00
0     6.479860e+01   0.000000e+00   0.000000e+00   0.000000e+00   0.000000e+00   0.000000e+00   0.000000e+00
1     6.479860e+01   2.408397e-06  -2.299616e-06   0.000000e+00   1.444910e-05   1.513272e-05   0.000000e+00
0     6.489857e+01   0.000000e+00   0.000000e+00   0.000000e+00   0.000000e+00   0.000000e+00   0.000000e+00
1     6.489857e+01   3.300053e-06  -4.452089e-07   0.000000e+00   2.797335e-06   2.073530e-05   0.000000e+00
0     6.499855e+01   0.000000e+00   0.000000e+00   0.000000e+00   0.000000e+00   0.000000e+00   0.000000e+00
1     6.499855e+01   2.931672e-06   1.579189e-06   0.000000e+00  -9.922568e-06   1.842067e-05   0.000000e+00
0     6.509853e+01   0.000000e+00   0.000000e+00   0.000000e+00   0.000000e+00   0.000000e+00   0.000000e+00
1     6.509853e+01   1.443909e-06   3.000614e-06   0.000000e+00  -1.885380e-05   9.072589e-06   0.000000e+00
0     6.519851e+01   0.000000e+00   0.000000e+00   0.000000e+00   0.000000e+00   0.000000e+00   0.000000e+00
1     6.519851e+01  -5.951736e-07   3.276336e-06   0.000000e+00  -2.058619e-05  -3.739563e-06   0.000000e+00
0     6.529849e+01   0.000000e+00   0.000000e+00   0.000000e+00   0.000000e+00   0.000000e+00   0.000000e+00
1     6.529849e+01  -2.407007e-06   2.301084e-06   0.000000e+00  -1.445837e-05  -1.512379e-05   0.000000e+00
0     6.539847e+01   0.000000e+00   0.000000e+00   0.000000e+00   0.000000e+00   0.000000e+00   0.000000e+00
1     6.539847e+01  -3.299803e-06   4.472357e-07   0.000000e+00  -2.810139e-06  -2.073341e-05   0.000000e+00
0     6.549845e+01   0.000000e+00   0.000000e+00   0.000000e+00   0.000000e+00   0.000000e+00   0.000000e+00
1     6.549845e+01  -2.932682e-06  -1.577374e-06   0.000000e+00   9.910990e-06  -1.842669e-05   0.000000e+00
0     6.559843e+01   0.000000e+00   0.000000e+00   0.000000e+00   0.000000e+00   0.000000e+00   0.000000e+00
1     6.559843e+01  -1.445821e-06  -2.999720e-06   0.000000e+00   1.884795e-05  -9.084378e-06   0.000000e+00
0     6.569840e+01   0.000000e+00   0.000000e+00   0.000000e+00   0.000000e+00   0.000000e+00   0.000000e+00
1     6.569840e+01   5.930766e-07  -3.276725e-06   0.000000e+00   2.058850e-05   3.726540e-06   0.000000e+00
0     6.579838e+01   0.000000e+00   0.000000e+00   0.000000e+00   0.000000e+00   0.000000e+00   0.000000e+00
1     6.579838e+01   2.405526e-06  -2.302618e-06   0.000000e+00   1.446796e-05   1.511469e-05   0.000000e+00
0     6.589836e+01   0.000000e+00   0.000000e+00   0.000000e+00   0.000000e+00   0.000000e+00   0.000000e+00
1     6.589836e+01   3.299495e-06  -4.493245e-07   0.000000e+00   2.823195e-06   2.073179e-05   0.000000e+00
0     6.599834e+01   0.000000e+00   0.000000e+00   0.000000e+00   0.000000e+00   0.000000e+00   0.000000e+00
1     6.599834e+01   2.933639e-06   1.575531e-06   0.000000e+00  -9.899588e-06   1.843303e-05   0.000000e+00
0     6.609832e+01   0.000000e+00   0.000000e+00   0.000000e+00   0.000000e+00   0.000000e+00   0.000000e+00
1     6.609832e+01   1.447649e-06   2.998811e-06   0.000000e+00  -1.884247e-05   9.096093e-06   0.000000e+00
0     6.619830e+01   0.000000e+00   0.000000e+00   0.000000e+00   0.000000e+00   0.000000e+00   0.000000e+00
1     6.619830e+01  -5.910879e-07   3.277075e-06   0.000000e+00  -2.059084e-05  -3.713893e-06   0.000000e+00
0     6.629828e+01   0.000000e+00   0.000000e+00   0.000000e+00   0.000000e+00   0.000000e+00   0.000000e+00
1     6.629828e+01  -2.404136e-06   2.304082e-06   0.000000e+00  -1.447721e-05  -1.510575e-05   0.000000e+00
0     6.639826e+01   0.000000e+00   0.000000e+00   0.000000e+00   0.000000e+00   0.000000e+00   0.000000e+00
1     6.639826e+01  -3.299242e-06   4.513488e-07   0.000000e+00  -2.835984e-06  -2.072990e-05   0.000000e+00
0     6.649999e+01   0.000000e+00   0.000000e+00   0.000000e+00   0.000000e+00   0.000000e+00   0.000000e+00
1     6.649999e+01  -2.917124e-06  -1.605963e-06   0.000000e+00   1.009062e-05  -1.832894e-05   0.000000e+00
0     6.659997e+01   0.000000e+00   0.000000e+00   0.000000e+00   0.000000e+00   0.000000e+00   0.000000e+00
1     6.659997e+01  -1.416432e-06  -3.013708e-06   0.000000e+00   1.893585e-05  -8.899718e-06   0.000000e+00
0     6.669995e+01   0.000000e+00   0.000000e+00   0.000000e+00   0.000000e+00   0.000000e+00   0.000000e+00
1     6.669995e+01   6.250765e-07  -3.270771e-06   0.000000e+00   2.055109e-05   3.927606e-06   0.000000e+00
0     6.679992e+01   0.000000e+00   0.000000e+00   0.000000e+00   0.000000e+00   0.000000e+00   0.000000e+00
1     6.679992e+01   2.427918e-06  -2.278995e-06   0.000000e+00   1.431953e-05   1.525539e-05   0.000000e+00
0     6.689990e+01   0.000000e+00   0.000000e+00   0.000000e+00   0.000000e+00   0.000000e+00   0.000000e+00
1     6.689990e+01   3.303729e-06  -4.170509e-07   0.000000e+00   2.620411e-06   2.075840e-05   0.000000e+00
0     6.699988e+01   0.000000e+00   0.000000e+00   0.000000e+00   0.000000e+00   0.000000e+00   0.000000e+00
1     6.699988e+01   2.918098e-06   1.604132e-06   0.000000e+00  -1.007930e-05   1.833538e-05   0.000000e+00
0     6.709986e+01   0.000000e+00   0.000000e+00   0.000000e+00   0.000000e+00   0.000000e+00   0.000000e+00
1     6.709986e+01   1.418266e-06   3.012818e-06   0.000000e+00  -1.893049e-05   8.911473e-06   0.000000e+00
0     6.719984e+01   0.000000e+00   0.000000e+00   0.000000e+00   0.000000e+00   0.000000e+00   0.000000e+00
1     6.719984e+01  -6.230935e-07   3.271140e-06   0.000000e+00  -2.055355e-05  -3.914994e-06   0.000000e+00
0     6.729982e+01   0.000000e+00   0.000000e+00   0.000000e+00   0.000000e+00   0.000000e+00   0.000000e+00
1     6.729982e+01  -2.426544e-06   2.280471e-06   0.000000e+00  -1.432886e-05  -1.524655e-05   0.000000e+00
0     6.739980e+01   0.000000e+00   0.000000e+00   0.000000e+00   0.000000e+00   0.000000e+00   0.000000e+00
1     6.739980e+01  -3.303496e-06   4.190760e-07   0.000000e+00  -2.633206e-06  -2.075663e-05   0.000000e+00
0     6.749978e+01   0.000000e+00   0.000000e+00   0.000000e+00   0.000000e+00   0.000000e+00   0.000000e+00
1     6.749978e+01  -2.919122e-06  -1.602329e-06   0.000000e+00   1.006779e-05  -1.834149e-05   0.000000e+00
0     6.759975e+01   0.000000e+00   0.000000e+00   0.000000e+00   0.000000e+00   0.000000e+00   0.000000e+00
1     6.759975e+01  -1.420183e-06  -3.011942e-06   0.000000e+00   1.892476e-05  -8.923289e-06   0.000000e+00
0     6.769973e+01   0.000000e+00   0.000000e+00   0.000000e+00   0.000000e+00   0.000000e+00   0.000000e+00
1     6.769973e+01   6.210039e-07  -3.271546e-06   0.000000e+00   2.055596e-05   3.902017e-06   0.000000e+00
0     6.779971e+01   0.000000e+00   0.000000e+00   0.000000e+00   0.000000e+00   0.000000e+00   0.000000e+00
1     6.779971e+01   2.425079e-06  -2.282015e-06   0.000000e+00   1.433851e-05   1.523755e-05   0.000000e+00
0     6.789969e+01   0.000000e+00   0.000000e+00   0.000000e+00   0.000000e+00   0.000000e+00   0.000000e+00
1     6.789969e+01   3.303206e-06  -4.211628e-07   0.000000e+00   2.646248e-06   2.075512e-05   0.000000e+00
0     6.799967e+01   0.000000e+00   0.000000e+00   0.000000e+00   0.000000e+00   0.000000e+00   0.000000e+00
1     6.799967e+01   2.920092e-06   1.600499e-06   0.000000e+00  -1.005647e-05   1.834791e-05   0.000000e+00
0     6.809965e+01   0.000000e+00   0.000000e+00   0.000000e+00   0.000000e+00   0.000000e+00   0.000000e+00
1     6.809965e+01   1.422014e-06   3.011051e-06   0.000000e+00  -1.891938e-05   8.935026e-06   0.000000e+00
0     6.819963e+01   0.000000e+00   0.000000e+00   0.000000e+00   0.000000e+00   0.000000e+00   0.000000e+00
1     6.819963e+01  -6.190224e-07   3.271912e-06   0.000000e+00  -2.055841e-05  -3.889415e-06   0.000000e+00
0     6.829960e+01   0.000000e+00   0.000000e+00   0.000000e+00   0.000000e+00   0.000000e+00   0.000000e+00
1     6.829960e+01  -2.423704e-06   2.283488e-06   0.000000e+00  -1.434782e-05  -1.522871e-05   0.000000e+00
0     6.839958e+01   0.000000e+00   0.000000e+00   0.000000e+00   0.000000e+00   0.000000e+00   0.000000e+00
1     6.839958e+01  -3.302972e-06   4.231856e-07   0.000000e+00  -2.659028e-06  -2.075334e-05   0.000000e+00
0     6.849956e+01   0.000000e+00   0.000000e+00   0.000000e+00   0.000000e+00   0.000000e+00   0.000000e+00
1     6.849956e+01  -2.921112e-06  -1.598697e-06   0.000000e+00   1.004497e-05  -1.835400e-05   0.000000e+00
0     6.859954e+01   0.000000e+00   0.000000e+00   0.000000e+00   0.000000e+00   0.000000e+00   0.000000e+00
1     6.859954e+01  -1.423928e-06  -3.010172e-06   0.000000e+00   1.891364e-05  -8.946823e-06   0.000000e+00
0     6.869952e+01   0.000000e+00   0.000000e+00   0.000000e+00   0.000000e+00   0.000000e+00   0.000000e+00
1     6.869952e+01   6.169343e-07  -3.272316e-06   0.000000e+00   2.056080e-05   3.876447e-06   0.000000e+00
0     6.879950e+01   0.000000e+00   0.000000e+00   0.000000e+00   0.000000e+00   0.000000e+00   0.000000e+00
1     6.879950e+01   2.422239e-06  -2.285029e-06   0.000000e+00   1.435745e-05   1.521971e-05   0.000000e+00
0     6.889948e+01   0.000000e+00   0.000000e+00   0.000000e+00   0.000000e+00   0.000000e+00   0.000000e+00
1     6.889948e+01   3.302680e-06  -4.252701e-07   0.000000e+00   2.672055e-06   2.075182e-05   0.000000e+00
0     6.899946e+01   0.000000e+00   0.000000e+00   0.000000e+00   0.000000e+00   0.000000e+00   0.000000e+00
1     6.899946e+01   2.922079e-06   1.596867e-06   0.000000e+00  -1.003365e-05   1.836040e-05   0.000000e+00
0     6.909943e+01   0.000000e+00   0.000000e+00   0.000000e+00   0.000000e+00   0.000000e+00   0.000000e+00
1     6.909943e+01   1.425756e-06   3.009280e-06   0.000000e+00  -1.890826e-05   8.958541e-06   0.000000e+00
0     6.919941e+01   0.000000e+00   0.000000e+00   0.000000e+00   0.000000e+00   0.000000e+00   0.000000e+00
1     6.919941e+01  -6.149545e-07   3.272679e-06   0.000000e+00  -2.056323e-05  -3.863856e-06   0.000000e+00
0     6.929939e+01   0.000000e+00   0.000000e+00   0.000000e+00   0.000000e+00   0.000000e+00   0.000000e+00
1     6.929939e+01  -2.420864e-06   2.286499e-06   0.000000e+00  -1.436674e-05  -1.521086e-05   0.000000e+00
0     6.939937e+01   0.000000e+00   0.000000e+00   0.000000e+00   0.000000e+00   0.000000e+00   0.000000e+00
1     6.939937e+01  -3.302443e-06   4.272904e-07   0.000000e+00  -2.684820e-06  -2.075002e-05   0.000000e+00
0     6.949935e+01   0.000000e+00   0.000000e+00   0.000000e+00   0.000000e+00   0.000000e+00   0.000000e+00
1     6.949935e+01  -2.923096e-06  -1.595065e-06   0.000000e+00   1.002215e-05  -1.836647e-05   0.000000e+00
0     6.959933e+01   0.000000e+00   0.000000e+00   0.000000e+00   0.000000e+00   0.000000e+00   0.000000e+00
1     6.959933e+01  -1.427667e-06  -3.008400e-06   0.000000e+00   1.890251e-05  -8.970320e-06   0.000000e+00
0     6.969931e+01   0.000000e+00   0.000000e+00   0.000000e+00   0.000000e+00   0.000000e+00   0.000000e+00
1     6.969931e+01   6.128678e-07  -3.273079e-06   0.000000e+00   2.056561e-05   3.850898e-06   0.000000e+00
0     6.979929e+01   0.000000e+00   0.000000e+00   0.000000e+00   0.000000e+00   0.000000e+00   0.000000e+00
1     6.979929e+01   2.419398e-06  -2.288036e-06   0.000000e+00   1.437635e-05   1.520186e-05   0.000000e+00
0     6.989926e+01   0.000000e+00   0.000000e+00   0.000000e+00   0.000000e+00   0.000000e+00   0.000000e+00
1     6.989926e+01   3.302148e-06  -4.293725e-07   0.000000e+00   2.697833e-06   2.074848e-05   0.000000e+00
0     6.999924e+01   0.000000e+00   0.000000e+00   0.000000e+00   0.000000e+00   0.000000e+00   0.000000e+00
1     6.999924e+01   2.924060e-06   1.593235e-06   0.000000e+00  -1.001084e-05   1.837286e-05   0.000000e+00
0     7.009922e+01   0.000000e+00   0.000000e+00   0.000000e+00   0.000000e+00   0.000000e+00   0.000000e+00
1     7.009922e+01   1.429493e-06   3.007506e-06   0.000000e+00  -1.889712e-05   8.982020e-06   0.000000e+00
0     7.019920e+01   0.000000e+00   0.000000e+00   0.000000e+00   0.000000e+00   0.000000e+00   0.000000e+00
1     7.019920e+01  -6.108895e-07   3.273440e-06   0.000000e+00  -2.056802e-05  -3.838315e-06   0.000000e+00
0     7.029918e+01   0.000000e+00   0.000000e+00   0.000000e+00   0.000000e+00   0.000000e+00   0.000000e+00
1     7.029918e+01  -2.418022e-06   2.289503e-06   0.000000e+00  -1.438562e-05  -1.519301e-05   0.000000e+00
0     7.039916e+01   0.000000e+00   0.000000e+00   0.000000e+00   0.000000e+00   0.000000e+00   0.000000e+00
1     7.039916e+01  -3.301909e-06   4.313905e-07   0.000000e+00  -2.710582e-06  -2.074667e-05   0.000000e+00
0     7.049914e+01   0.000000e+00   0.000000e+00   0.000000e+00   0.000000e+00   0.000000e+00   0.000000e+00
1     7.049914e+01  -2.925074e-06  -1.591434e-06   0.000000e+00   9.999343e-06  -1.837890e-05   0.000000e+00
0     7.059912e+01   0.000000e+00   0.000000e+00   0.000000e+00   0.000000e+00   0.000000e+00   0.000000e+00
1     7.059912e+01  -1.431400e-06  -3.006625e-06   0.000000e+00   1.889136e-05  -8.993778e-06   0.000000e+00
0     7.069909e+01   0.000000e+00   0.000000e+00   0.000000e+00   0.000000e+00   0.000000e+00   0.000000e+00
1     7.069909e+01   6.088046e-07  -3.273837e-06   0.000000e+00   2.057037e-05   3.825368e-06   0.000000e+00
0     7.079907e+01   0.000000e+00   0.000000e+00   0.000000e+00   0.000000e+00   0.000000e+00   0.000000e+00
1     7.079907e+01   2.416556e-06  -2.291037e-06   0.000000e+00   1.439521e-05   1.518400e-05   0.000000e+00
0     7.089905e+01   0.000000e+00   0.000000e+00   0.000000e+00   0.000000e+00   0.000000e+00   0.000000e+00
1     7.089905e+01   3.301613e-06  -4.334702e-07   0.000000e+00   2.723580e-06   2.074512e-05   0.000000e+00
0     7.099903e+01   0.000000e+00   0.000000e+00   0.000000e+00   0.000000e+00   0.000000e+00   0.000000e+00
1     7.099903e+01   2.926034e-06   1.589605e-06   0.000000e+00  -9.988030e-06   1.838526e-05   0.000000e+00
0     7.109901e+01   0.000000e+00   0.000000e+00   0.000000e+00   0.000000e+00   0.000000e+00   0.000000e+00
1     7.109901e+01   1.433223e-06   3.005730e-06   0.000000e+00  -1.888596e-05   9.005460e-06   0.000000e+00
0     7.119899e+01   0.000000e+00   0.000000e+00   0.000000e+00   0.000000e+00   0.000000e+00   0.000000e+00
1     7.119899e+01  -6.068278e-07   3.274195e-06   0.000000e+00  -2.057276e-05  -3.812795e-06   0.000000e+00
0     7.129897e+01   0.000000e+00   0.000000e+00   0.000000e+00   0.000000e+00   0.000000e+00   0.000000e+00
1     7.129897e+01  -2.415180e-06   2.292500e-06   0.000000e+00  -1.440445e-05  -1.517516e-05   0.000000e+00
0     7.139894e+01   0.000000e+00   0.000000e+00   0.000000e+00   0.000000e+00   0.000000e+00   0.000000e+00
1     7.139894e+01  -3.301371e-06   4.354857e-07   0.000000e+00  -2.736315e-06  -2.074329e-05   0.000000e+00
0     7.149892e+01   0.000000e+00   0.000000e+00   0.000000e+00   0.000000e+00   0.000000e+00   0.000000e+00
1     7.149892e+01  -2.927045e-06  -1.587805e-06   0.000000e+00   9.976541e-06  -1.839129e-05   0.000000e+00
0     7.159890e+01   0.000000e+00   0.000000e+00   0.000000e+00   0.000000e+00   0.000000e+00   0.000000e+00
1     7.159890e+01  -1.435128e-06  -3.004847e-06   0.000000e+00   1.888020e-05  -9.017201e-06   0.000000e+00
0     7.169888e+01   0.000000e+00   0.000000e+00   0.000000e+00   0.000000e+00   0.000000e+00   0.000000e+00
1     7.169888e+01   6.047443e-07  -3.274589e-06   0.000000e+00   2.057510e-05   3.799857e-06   0.000000e+00
0     7.179886e+01   0.000000e+00   0.000000e+00   0.000000e+00   0.000000e+00   0.000000e+00   0.000000e+00
1     7.179886e+01   2.413713e-06  -2.294031e-06   0.000000e+00   1.441402e-05   1.516614e-05   0.000000e+00
0     7.189884e+01   0.000000e+00   0.000000e+00   0.000000e+00   0.000000e+00   0.000000e+00   0.000000e+00
1     7.189884e+01   3.301072e-06  -4.375631e-07   0.000000e+00   2.749298e-06   2.074173e-05   0.000000e+00
0     7.199882e+01   0.000000e+00   0.000000e+00   0.000000e+00   0.000000e+00   0.000000e+00   0.000000e+00
1     7.199882e+01   2.928002e-06   1.585977e-06   0.000000e+00  -9.965231e-06   1.839763e-05   0.000000e+00
0     7.209880e+01   0.000000e+00   0.000000e+00   0.000000e+00   0.000000e+00   0.000000e+00   0.000000e+00
1     7.209880e+01   1.436948e-06   3.003951e-06   0.000000e+00  -1.887479e-05   9.028864e-06   0.000000e+00
0     7.219877e+01   0.000000e+00   0.000000e+00   0.000000e+00   0.000000e+00   0.000000e+00   0.000000e+00
1     7.219877e+01  -6.027692e-07   3.274944e-06   0.000000e+00  -2.057748e-05  -3.787294e-06   0.000000e+00
0     7.229875e+01   0.000000e+00   0.000000e+00   0.000000e+00   0.000000e+00   0.000000e+00   0.000000e+00
1     7.229875e+01  -2.412336e-06   2.295491e-06   0.000000e+00  -1.442325e-05  -1.515729e-05   0.000000e+00
0     7.239873e+01   0.000000e+00   0.000000e+00   0.000000e+00   0.000000e+00   0.000000e+00   0.000000e+00
1     7.239873e+01  -3.300829e-06   4.395762e-07   0.000000e+00  -2.762017e-06  -2.073989e-05   0.000000e+00
0     7.249871e+01   0.000000e+00   0.000000e+00   0.000000e+00   0.000000e+00   0.000000e+00   0.000000e+00
1     7.249871e+01  -2.929010e-06  -1.584177e-06   0.000000e+00   9.953747e-06  -1.840364e-05   0.000000e+00
0     7.259869e+01   0.000000e+00   0.000000e+00   0.000000e+00   0.000000e+00   0.000000e+00   0.000000e+00
1     7.259869e+01  -1.438849e-06  -3.003067e-06   0.000000e+00   1.886901e-05  -9.040585e-06   0.000000e+00
0     7.269867e+01   0.000000e+00   0.000000e+00   0.000000e+00   0.000000e+00   0.000000e+00   0.000000e+00
1     7.269867e+01   6.006873e-07  -3.275335e-06   0.000000e+00   2.057979e-05   3.774366e-06   0.000000e+00
0     7.279865e+01   0.000000e+00   0.000000e+00   0.000000e+00   0.000000e+00   0.000000e+00   0.000000e+00
1     7.279865e+01   2.410869e-06  -2.297019e-06   0.000000e+00   1.443280e-05   1.514828e-05   0.000000e+00
0     7.289863e+01   0.000000e+00   0.000000e+00   0.000000e+00   0.000000e+00   0.000000e+00   0.000000e+00
1     7.289863e+01   3.300527e-06  -4.416513e-07   0.000000e+00   2.774986e-06   2.073831e-05   0.000000e+00
0     7.299860e+01   0.000000e+00   0.000000e+00   0.000000e+00   0.000000e+00   0.000000e+00   0.000000e+00
1     7.299860e+01   2.929964e-06   1.582349e-06   0.000000e+00  -9.942440e-06   1.840996e-05   0.000000e+00
0     7.309858e+01   0.000000e+00   0.000000e+00   0.000000e+00   0.000000e+00   0.000000e+00   0.000000e+00
1     7.309858e+01   1.440666e-06   3.002169e-06   0.000000e+00  -1.886359e-05   9.052230e-06   0.000000e+00
0     7.319856e+01   0.000000e+00   0.000000e+00   0.000000e+00   0.000000e+00   0.000000e+00   0.000000e+00
1     7.319856e+01  -5.987136e-07   3.275687e-06   0.000000e+00  -2.058215e-05  -3.761813e-06   0.000000e+00
0     7.329854e+01   0.000000e+00   0.000000e+00   0.000000e+00   0.000000e+00   0.000000e+00   0.000000e+00
1     7.329854e+01  -2.409492e-06   2.298476e-06   0.000000e+00  -1.444201e-05  -1.513943e-05   0.000000e+00
0     7.339852e+01   0.000000e+00   0.000000e+00   0.000000e+00   0.000000e+00   0.000000e+00   0.000000e+00
1     7.339852e+01  -3.300282e-06   4.436620e-07   0.000000e+00  -2.787689e-06  -2.073646e-05   0.000000e+00
0     7.349850e+01   0.000000e+00   0.000000e+00   0.000000e+00   0.000000e+00   0.000000e+00   0.000000e+00
1     7.349850e+01  -2.930968e-06  -1.580550e-06   0.000000e+00   9.930960e-06  -1.841595e-05   0.000000e+00
0     7.359848e+01   0.000000e+00   0.000000e+00   0.000000e+00   0.000000e+00   0.000000e+00   0.000000e+00
1     7.359848e+01  -1.442565e-06  -3.001283e-06   0.000000e+00   1.885781e-05  -9.063932e-06   0.000000e+00
0     7.369846e+01   0.000000e+00   0.000000e+00   0.000000e+00   0.000000e+00   0.000000e+00   0.000000e+00
1     7.369846e+01   5.966334e-07  -3.276076e-06   0.000000e+00   2.058445e-05   3.748895e-06   0.000000e+00
0     7.379843e+01   0.000000e+00   0.000000e+00   0.000000e+00   0.000000e+00   0.000000e+00   0.000000e+00
1     7.379843e+01   2.408024e-06  -2.300000e-06   0.000000e+00   1.445153e-05   1.513041e-05   0.000000e+00
0     7.389841e+01   0.000000e+00   0.000000e+00   0.000000e+00   0.000000e+00   0.000000e+00   0.000000e+00
1     7.389841e+01   3.299978e-06  -4.457346e-07   0.000000e+00   2.800643e-06   2.073486e-05   0.000000e+00
0     7.399839e+01   0.000000e+00   0.000000e+00   0.000000e+00   0.000000e+00   0.000000e+00   0.000000e+00
1     7.399839e+01   2.931919e-06   1.578723e-06   0.000000e+00  -9.919657e-06   1.842225e-05   0.000000e+00
0     7.409837e+01   0.000000e+00   0.000000e+00   0.000000e+00   0.000000e+00   0.000000e+00   0.000000e+00
1     7.409837e+01   1.444379e-06   3.000384e-06   0.000000e+00  -1.885238e-05   9.075559e-06   0.000000e+00
0     7.419835e+01   0.000000e+00   0.000000e+00   0.000000e+00   0.000000e+00   0.000000e+00   0.000000e+00
1     7.419835e+01  -5.946613e-07   3.276425e-06   0.000000e+00  -2.058679e-05  -3.736352e-06   0.000000e+00
0     7.429833e+01   0.000000e+00   0.000000e+00   0.000000e+00   0.000000e+00   0.000000e+00   0.000000e+00
1     7.429833e+01  -2.406647e-06   2.301454e-06   0.000000e+00  -1.446072e-05  -1.512155e-05   0.000000e+00
0     7.439831e+01   0.000000e+00   0.000000e+00   0.000000e+00   0.000000e+00   0.000000e+00   0.000000e+00
1     7.439831e+01  -3.299730e-06   4.477429e-07   0.000000e+00  -2.813331e-06  -2.073299e-05   0.000000e+00
0     7.449828e+01   0.000000e+00   0.000000e+00   0.000000e+00   0.000000e+00   0.000000e+00   0.000000e+00
1     7.449828e+01  -2.932920e-06  -1.576924e-06   0.000000e+00   9.908181e-06  -1.842821e-05   0.000000e+00
0     7.459826e+01   0.000000e+00   0.000000e+00   0.000000e+00   0.000000e+00   0.000000e+00   0.000000e+00
1     7.459826e+01  -1.446274e-06  -2.999497e-06   0.000000e+00   1.884659e-05  -9.087242e-06   0.000000e+00
0     7.470000e+01   0.000000e+00   0.000000e+00   0.000000e+00   0.000000e+00   0.000000e+00   0.000000e+00
1     7.470000e+01   6.286594e-07  -3.270081e-06   0.000000e+00   2.054678e-05   3.950124e-06   0.000000e+00
0     7.479998e+01   0.000000e+00   0.000000e+00   0.000000e+00   0.000000e+00   0.000000e+00   0.000000e+00
1     7.479998e+01   2.430413e-06  -2.276328e-06   0.000000e+00   1.430280e-05   1.527109e-05   0.000000e+00
0     7.489995e+01   0.000000e+00   0.000000e+00   0.000000e+00   0.000000e+00   0.000000e+00   0.000000e+00
1     7.489995e+01   3.304181e-06  -4.134235e-07   0.000000e+00   2.597623e-06   2.076128e-05   0.000000e+00
0     7.499993e+01   0.000000e+00   0.000000e+00   0.000000e+00   0.000000e+00   0.000000e+00   0.000000e+00
1     7.499993e+01   2.916330e-06   1.607336e-06   0.000000e+00  -1.009944e-05   1.832431e-05   0.000000e+00
0     7.509991e+01   0.000000e+00   0.000000e+00   0.000000e+00   0.000000e+00   0.000000e+00   0.000000e+00
1     7.509991e+01   1.414950e-06   3.014373e-06   0.000000e+00  -1.894029e-05   8.890653e-06   0.000000e+00
0     7.519989e+01   0.000000e+00   0.000000e+00   0.000000e+00   0.000000e+00   0.000000e+00   0.000000e+00
1     7.519989e+01  -6.266932e-07   3.270449e-06   0.000000e+00  -2.054924e-05  -3.937618e-06   0.000000e+00
0     7.529987e+01   0.000000e+00   0.000000e+00   0.000000e+00   0.000000e+00   0.000000e+00   0.000000e+00
1     7.529987e+01  -2.429052e-06   2.277794e-06   0.000000e+00  -1.431206e-05  -1.526233e-05   0.000000e+00
0     7.539985e+01   0.000000e+00   0.000000e+00   0.000000e+00   0.000000e+00   0.000000e+00   0.000000e+00
1     7.539985e+01  -3.303953e-06   4.154326e-07   0.000000e+00  -2.610317e-06  -2.075953e-05   0.000000e+00
0     7.549983e+01   0.000000e+00   0.000000e+00   0.000000e+00   0.000000e+00   0.000000e+00   0.000000e+00
1     7.549983e+01  -2.917348e-06  -1.605549e-06   0.000000e+00   1.008804e-05  -1.833038e-05   0.000000e+00
0     7.559980e+01   0.000000e+00   0.000000e+00   0.000000e+00   0.000000e+00   0.000000e+00   0.000000e+00
1     7.559980e+01  -1.416853e-06  -3.013505e-06   0.000000e+00   1.893461e-05  -8.902383e-06   0.000000e+00
0     7.569978e+01   0.000000e+00   0.000000e+00   0.000000e+00   0.000000e+00   0.000000e+00   0.000000e+00
1     7.569978e+01   6.246201e-07  -3.270854e-06   0.000000e+00   2.055165e-05   3.924745e-06   0.000000e+00
0     7.579976e+01   0.000000e+00   0.000000e+00   0.000000e+00   0.000000e+00   0.000000e+00   0.000000e+00
1     7.579976e+01   2.427600e-06  -2.279328e-06   0.000000e+00   1.432165e-05   1.525342e-05   0.000000e+00
0     7.589974e+01   0.000000e+00   0.000000e+00   0.000000e+00   0.000000e+00   0.000000e+00   0.000000e+00
1     7.589974e+01   3.303667e-06  -4.175032e-07   0.000000e+00   2.623258e-06   2.075805e-05   0.000000e+00
0     7.599972e+01   0.000000e+00   0.000000e+00   0.000000e+00   0.000000e+00   0.000000e+00   0.000000e+00
1     7.599972e+01   2.918312e-06   1.603734e-06   0.000000e+00  -1.007681e-05   1.833676e-05   0.000000e+00
0     7.609970e+01   0.000000e+00   0.000000e+00   0.000000e+00   0.000000e+00   0.000000e+00   0.000000e+00
1     7.609970e+01   1.418671e-06   3.012624e-06   0.000000e+00  -1.892930e-05   8.914031e-06   0.000000e+00
0     7.619968e+01   0.000000e+00   0.000000e+00   0.000000e+00   0.000000e+00   0.000000e+00   0.000000e+00
1     7.619968e+01  -6.226554e-07   3.271219e-06   0.000000e+00  -2.055409e-05  -3.912248e-06   0.000000e+00
0     7.629966e+01   0.000000e+00   0.000000e+00   0.000000e+00   0.000000e+00   0.000000e+00   0.000000e+00
1     7.629966e+01  -2.426239e-06   2.280790e-06   0.000000e+00  -1.433089e-05  -1.524466e-05   0.000000e+00
0     7.639963e+01   0.000000e+00   0.000000e+00   0.000000e+00   0.000000e+00   0.000000e+00   0.000000e+00
1     7.639963e+01  -3.303437e-06   4.195098e-07   0.000000e+00  -2.635936e-06  -2.075630e-05   0.000000e+00
0     7.649961e+01   0.000000e+00   0.000000e+00   0.000000e+00   0.000000e+00   0.000000e+00   0.000000e+00
1     7.649961e+01  -2.919327e-06  -1.601947e-06   0.000000e+00   1.006541e-05  -1.834281e-05   0.000000e+00
0     7.659959e+01   0.000000e+00   0.000000e+00   0.000000e+00   0.000000e+00   0.000000e+00   0.000000e+00
1     7.659959e+01  -1.420570e-06  -3.011755e-06   0.000000e+00   1.892361e-05  -8.925740e-06   0.000000e+00
0     7.669957e+01   0.000000e+00   0.000000e+00   0.000000e+00   0.000000e+00   0.000000e+00   0.000000e+00
1     7.669957e+01   6.205840e-07  -3.271622e-06   0.000000e+00   2.055648e-05   3.899386e-06   0.000000e+00
0     7.679955e+01   0.000000e+00   0.000000e+00   0.000000e+00   0.000000e+00   0.000000e+00   0.000000e+00
1     7.679955e+01   2.424786e-06  -2.282320e-06   0.000000e+00   1.434046e-05   1.523574e-05   0.000000e+00
0     7.689953e+01   0.000000e+00   0.000000e+00   0.000000e+00   0.000000e+00   0.000000e+00   0.000000e+00
1     7.689953e+01   3.303149e-06  -4.215781e-07   0.000000e+00   2.648862e-06   2.075480e-05   0.000000e+00
0     7.699951e+01   0.000000e+00   0.000000e+00   0.000000e+00   0.000000e+00   0.000000e+00   0.000000e+00
1     7.699951e+01   2.920288e-06   1.600133e-06   0.000000e+00  -1.005419e-05   1.834918e-05   0.000000e+00
0     7.709949e+01   0.000000e+00   0.000000e+00   0.000000e+00   0.000000e+00   0.000000e+00   0.000000e+00
1     7.709949e+01   1.422385e-06   3.010871e-06   0.000000e+00  -1.891829e-05   8.937370e-06   0.000000e+00
0     7.719946e+01   0.000000e+00   0.000000e+00   0.000000e+00   0.000000e+00   0.000000e+00   0.000000e+00
1     7.719946e+01  -6.186208e-07   3.271984e-06   0.000000e+00  -2.055890e-05  -3.886898e-06   0.000000e+00
0     7.729944e+01   0.000000e+00   0.000000e+00   0.000000e+00   0.000000e+00   0.000000e+00   0.000000e+00
1     7.729944e+01  -2.423424e-06   2.283780e-06   0.000000e+00  -1.434968e-05  -1.522697e-05   0.000000e+00
0     7.739942e+01   0.000000e+00   0.000000e+00   0.000000e+00   0.000000e+00   0.000000e+00   0.000000e+00
1     7.739942e+01  -3.302917e-06   4.235824e-07   0.000000e+00  -2.661526e-06  -2.075303e-05   0.000000e+00
0     7.749940e+01   0.000000e+00   0.000000e+00   0.000000e+00   0.000000e+00   0.000000e+00   0.000000e+00
1     7.749940e+01  -2.921299e-06  -1.598347e-06   0.000000e+00   1.004279e-05  -1.835521e-05   0.000000e+00
0     7.759938e+01   0.000000e+00   0.000000e+00   0.000000e+00   0.000000e+00   0.000000e+00   0.000000e+00
1     7.759938e+01  -1.424282e-06  -3.010001e-06   0.000000e+00   1.891260e-05  -8.949061e-06   0.000000e+00
0     7.769936e+01   0.000000e+00   0.000000e+00   0.000000e+00   0.000000e+00   0.000000e+00   0.000000e+00
1     7.769936e+01   6.165509e-07  -3.272384e-06   0.000000e+00   2.056127e-05   3.874045e-06   0.000000e+00
0     7.779934e+01   0.000000e+00   0.000000e+00   0.000000e+00   0.000000e+00   0.000000e+00   0.000000e+00
1     7.779934e+01   2.421971e-06  -2.285307e-06   0.000000e+00   1.435922e-05   1.521805e-05   0.000000e+00
0     7.789932e+01   0.000000e+00   0.000000e+00   0.000000e+00   0.000000e+00   0.000000e+00   0.000000e+00
1     7.789932e+01   3.302627e-06  -4.256483e-07   0.000000e+00   2.674437e-06   2.075152e-05   0.000000e+00
0     7.799929e+01   0.000000e+00   0.000000e+00   0.000000e+00   0.000000e+00   0.000000e+00   0.000000e+00
1     7.799929e+01   2.922257e-06   1.596533e-06   0.000000e+00  -1.003157e-05   1.836155e-05   0.000000e+00
0     7.809927e+01   0.000000e+00   0.000000e+00   0.000000e+00   0.000000e+00   0.000000e+00   0.000000e+00
1     7.809927e+01   1.426093e-06   3.009116e-06   0.000000e+00  -1.890727e-05   8.960672e-06   0.000000e+00
0     7.819925e+01   0.000000e+00   0.000000e+00   0.000000e+00   0.000000e+00   0.000000e+00   0.000000e+00
1     7.819925e+01  -6.145894e-07   3.272743e-06   0.000000e+00  -2.056367e-05  -3.861569e-06   0.000000e+00
0     7.829923e+01   0.000000e+00   0.000000e+00   0.000000e+00   0.000000e+00   0.000000e+00   0.000000e+00
1     7.829923e+01  -2.420609e-06   2.286763e-06   0.000000e+00  -1.436842e-05  -1.520929e-05   0.000000e+00
0     7.839921e+01   0.000000e+00   0.000000e+00   0.000000e+00   0.000000e+00   0.000000e+00   0.000000e+00
1     7.839921e+01  -3.302392e-06   4.276501e-07   0.000000e+00  -2.687085e-06  -2.074974e-05   0.000000e+00
0     7.849919e+01   0.000000e+00   0.000000e+00   0.000000e+00   0.000000e+00   0.000000e+00   0.000000e+00
1     7.849919e+01  -2.923265e-06  -1.594747e-06   0.000000e+00   1.002018e-05  -1.836756e-05   0.000000e+00
0     7.859917e+01   0.000000e+00   0.000000e+00   0.000000e+00   0.000000e+00   0.000000e+00   0.000000e+00
1     7.859917e+01  -1.427987e-06  -3.008244e-06   0.000000e+00   1.890156e-05  -8.972344e-06   0.000000e+00
0     7.869914e+01   0.000000e+00   0.000000e+00   0.000000e+00   0.000000e+00   0.000000e+00   0.000000e+00
1     7.869914e+01   6.125211e-07  -3.273140e-06   0.000000e+00   2.056602e-05   3.848726e-06   0.000000e+00
0     7.879912e+01   0.000000e+00   0.000000e+00   0.000000e+00   0.000000e+00   0.000000e+00   0.000000e+00
1     7.879912e+01   2.419155e-06  -2.288287e-06   0.000000e+00   1.437795e-05   1.520036e-05   0.000000e+00
0     7.889910e+01   0.000000e+00   0.000000e+00   0.000000e+00   0.000000e+00   0.000000e+00   0.000000e+00
1     7.889910e+01   3.302100e-06  -4.297137e-07   0.000000e+00   2.699982e-06   2.074822e-05   0.000000e+00
0     7.899908e+01   0.000000e+00   0.000000e+00   0.000000e+00   0.000000e+00   0.000000e+00   0.000000e+00
1     7.899908e+01   2.924220e-06   1.592934e-06   0.000000e+00  -1.000896e-05   1.837389e-05   0.000000e+00
0     7.909906e+01   0.000000e+00   0.000000e+00   0.000000e+00   0.000000e+00   0.000000e+00   0.000000e+00
1     7.909906e+01   1.429796e-06   3.007358e-06   0.000000e+00  -1.889622e-05   8.983938e-06   0.000000e+00
0     7.919904e+01   0.000000e+00   0.000000e+00   0.000000e+00   0.000000e+00   0.000000e+00   0.000000e+00
1     7.919904e+01  -6.105610e-07   3.273497e-06   0.000000e+00  -2.056841e-05  -3.836258e-06   0.000000e+00
0     7.929902e+01   0.000000e+00   0.000000e+00   0.000000e+00   0.000000e+00   0.000000e+00   0.000000e+00
1     7.929902e+01  -2.417792e-06   2.289740e-06   0.000000e+00  -1.438713e-05  -1.519160e-05   0.000000e+00
0     7.939900e+01   0.000000e+00   0.000000e+00   0.000000e+00   0.000000e+00   0.000000e+00   0.000000e+00
1     7.939900e+01  -3.301863e-06   4.317131e-07   0.000000e+00  -2.712615e-06  -2.074642e-05   0.000000e+00
0     7.949897e+01   0.000000e+00   0.000000e+00   0.000000e+00   0.000000e+00   0.000000e+00   0.000000e+00
1     7.949897e+01  -2.925224e-06  -1.591150e-06   0.000000e+00   9.997571e-06  -1.837988e-05   0.000000e+00
0     7.959895e+01   0.000000e+00   0.000000e+00   0.000000e+00   0.000000e+00   0.000000e+00   0.000000e+00
1     7.959895e+01  -1.431686e-06  -3.006485e-06   0.000000e+00   1.889051e-05  -8.995590e-06   0.000000e+00
0     7.969893e+01   0.000000e+00   0.000000e+00   0.000000e+00   0.000000e+00   0.000000e+00   0.000000e+00
1     7.969893e+01   6.084944e-07  -3.273891e-06   0.000000e+00   2.057074e-05   3.823426e-06   0.000000e+00
0     7.979891e+01   0.000000e+00   0.000000e+00   0.000000e+00   0.000000e+00   0.000000e+00   0.000000e+00
1     7.979891e+01   2.416339e-06  -2.291260e-06   0.000000e+00   1.439663e-05   1.518267e-05   0.000000e+00
0     7.989889e+01   0.000000e+00   0.000000e+00   0.000000e+00   0.000000e+00   0.000000e+00   0.000000e+00
1     7.989889e+01   3.301569e-06  -4.337744e-07   0.000000e+00   2.725496e-06   2.074488e-05   0.000000e+00
0     7.999887e+01   0.000000e+00   0.000000e+00   0.000000e+00   0.000000e+00   0.000000e+00   0.000000e+00
1     7.999887e+01   2.926176e-06   1.589337e-06   0.000000e+00  -9.986360e-06   1.838619e-05   0.000000e+00
0     8.009885e+01   0.000000e+00   0.000000e+00   0.000000e+00   0.000000e+00   0.000000e+00   0.000000e+00
1     8.009885e+01   1.433492e-06   3.005597e-06   0.000000e+00  -1.888516e-05   9.007166e-06   0.000000e+00
0     8.019883e+01   0.000000e+00   0.000000e+00   0.000000e+00   0.000000e+00   0.000000e+00   0.000000e+00
1     8.019883e+01  -6.065359e-07   3.274245e-06   0.000000e+00  -2.057312e-05  -3.810968e-06   0.000000e+00
0     8.029880e+01   0.000000e+00   0.000000e+00   0.000000e+00   0.000000e+00   0.000000e+00   0.000000e+00
1     8.029880e+01  -2.414975e-06   2.292710e-06   0.000000e+00  -1.440579e-05  -1.517390e-05   0.000000e+00
0     8.039878e+01   0.000000e+00   0.000000e+00   0.000000e+00   0.000000e+00   0.000000e+00   0.000000e+00
1     8.039878e+01  -3.301330e-06   4.357714e-07   0.000000e+00  -2.738115e-06  -2.074307e-05   0.000000e+00
0     8.049876e+01   0.000000e+00   0.000000e+00   0.000000e+00   0.000000e+00   0.000000e+00   0.000000e+00
1     8.049876e+01  -2.927178e-06  -1.587553e-06   0.000000e+00   9.974973e-06  -1.839216e-05   0.000000e+00
0     8.059874e+01   0.000000e+00   0.000000e+00   0.000000e+00   0.000000e+00   0.000000e+00   0.000000e+00
1     8.059874e+01  -1.435380e-06  -3.004723e-06   0.000000e+00   1.887945e-05  -9.018801e-06   0.000000e+00
0     8.069872e+01   0.000000e+00   0.000000e+00   0.000000e+00   0.000000e+00   0.000000e+00   0.000000e+00
1     8.069872e+01   6.044707e-07  -3.274636e-06   0.000000e+00   2.057543e-05   3.798144e-06   0.000000e+00
0     8.079870e+01   0.000000e+00   0.000000e+00   0.000000e+00   0.000000e+00   0.000000e+00   0.000000e+00
1     8.079870e+01   2.413521e-06  -2.294227e-06   0.000000e+00   1.441528e-05   1.516497e-05   0.000000e+00
0     8.089868e+01   0.000000e+00   0.000000e+00   0.000000e+00   0.000000e+00   0.000000e+00   0.000000e+00
1     8.089868e+01   3.301033e-06  -4.378303e-07   0.000000e+00   2.750982e-06   2.074152e-05   0.000000e+00
0     8.099866e+01   0.000000e+00   0.000000e+00   0.000000e+00   0.000000e+00   0.000000e+00   0.000000e+00
1     8.099866e+01   2.928126e-06   1.585741e-06   0.000000e+00  -9.963766e-06   1.839844e-05   0.000000e+00
0     8.109863e+01   0.000000e+00   0.000000e+00   0.000000e+00   0.000000e+00   0.000000e+00   0.000000e+00
1     8.109863e+01   1.437183e-06   3.003834e-06   0.000000e+00  -1.887409e-05   9.030357e-06   0.000000e+00
0     8.119861e+01   0.000000e+00   0.000000e+00   0.000000e+00   0.000000e+00   0.000000e+00   0.000000e+00
1     8.119861e+01  -6.025139e-07   3.274987e-06   0.000000e+00  -2.057778e-05  -3.785697e-06   0.000000e+00
0     8.129859e+01   0.000000e+00   0.000000e+00   0.000000e+00   0.000000e+00   0.000000e+00   0.000000e+00
1     8.129859e+01  -2.412158e-06   2.295673e-06   0.000000e+00  -1.442442e-05  -1.515620e-05   0.000000e+00
0     8.139857e+01   0.000000e+00   0.000000e+00   0.000000e+00   0.000000e+00   0.000000e+00   0.000000e+00
1     8.139857e+01  -3.300792e-06   4.398249e-07   0.000000e+00  -2.763584e-06  -2.073969e-05   0.000000e+00
0     8.149855e+01   0.000000e+00   0.000000e+00   0.000000e+00   0.000000e+00   0.000000e+00   0.000000e+00
1     8.149855e+01  -2.929124e-06  -1.583957e-06   0.000000e+00   9.952384e-06  -1.840439e-05   0.000000e+00
0     8.159853e+01   0.000000e+00   0.000000e+00   0.000000e+00   0.000000e+00   0.000000e+00   0.000000e+00
1     8.159853e+01  -1.439068e-06  -3.002958e-06   0.000000e+00   1.886836e-05  -9.041972e-06   0.000000e+00
0     8.169851e+01   0.000000e+00   0.000000e+00   0.000000e+00   0.000000e+00   0.000000e+00   0.000000e+00
1     8.169851e+01   6.004503e-07  -3.275375e-06   0.000000e+00   2.058008e-05   3.772884e-06   0.000000e+00
0     8.179848e+01   0.000000e+00   0.000000e+00   0.000000e+00   0.000000e+00   0.000000e+00   0.000000e+00
1     8.179848e+01   2.410703e-06  -2.297188e-06   0.000000e+00   1.443388e-05   1.514726e-05   0.000000e+00
0     8.189846e+01   0.000000e+00   0.000000e+00   0.000000e+00   0.000000e+00   0.000000e+00   0.000000e+00
1     8.189846e+01   3.300493e-06  -4.418814e-07   0.000000e+00   2.776437e-06   2.073813e-05   0.000000e+00
0     8.199844e+01   0.000000e+00   0.000000e+00   0.000000e+00   0.000000e+00   0.000000e+00   0.000000e+00
1     8.199844e+01   2.930069e-06   1.582146e-06   0.000000e+00  -9.941180e-06   1.841066e-05   0.000000e+00
0     8.209842e+01   0.000000e+00   0.000000e+00   0.000000e+00   0.000000e+00   0.000000e+00   0.000000e+00
1     8.209842e+01   1.440868e-06   3.002068e-06   0.000000e+00  -1.886299e-05   9.053512e-06   0.000000e+00
0     8.219840e+01   0.000000e+00   0.000000e+00   0.000000e+00   0.000000e+00   0.000000e+00   0.000000e+00
1     8.219840e+01  -5.984950e-07   3.275723e-06   0.000000e+00  -2.058241e-05  -3.760446e-06   0.000000e+00
0     8.229838e+01   0.000000e+00   0.000000e+00   0.000000e+00   0.000000e+00   0.000000e+00   0.000000e+00
1     8.229838e+01  -2.409339e-06   2.298631e-06   0.000000e+00  -1.444300e-05  -1.513849e-05   0.000000e+00
0     8.239836e+01   0.000000e+00   0.000000e+00   0.000000e+00   0.000000e+00   0.000000e+00   0.000000e+00
1     8.239836e+01  -3.300249e-06   4.438736e-07   0.000000e+00  -2.789024e-06  -2.073629e-05   0.000000e+00
0     8.249834e+01   0.000000e+00   0.000000e+00   0.000000e+00   0.000000e+00   0.000000e+00   0.000000e+00
1     8.249834e+01  -2.931064e-06  -1.580363e-06   0.000000e+00   9.929803e-06  -1.841658e-05   0.000000e+00
0     8.259831e+01   0.000000e+00   0.000000e+00   0.000000e+00   0.000000e+00   0.000000e+00   0.000000e+00
1     8.259831e+01  -1.442749e-06  -3.001190e-06   0.000000e+00   1.885726e-05  -9.065107e-06   0.000000e+00
0     8.269829e+01   0.000000e+00   0.000000e+00   0.000000e+00   0.000000e+00   0.000000e+00   0.000000e+00
1     8.269829e+01   5.964331e-07  -3.276108e-06   0.000000e+00   2.058469e-05   3.747643e-06   0.000000e+00
0     8.279827e+01   0.000000e+00   0.000000e+00   0.000000e+00   0.000000e+00   0.000000e+00   0.000000e+00
1     8.279827e+01   2.407884e-06  -2.300142e-06   0.000000e+00   1.445245e-05   1.512955e-05   0.000000e+00
0     8.289825e+01   0.000000e+00   0.000000e+00   0.000000e+00   0.000000e+00   0.000000e+00   0.000000e+00
1     8.289825e+01   3.299948e-06  -4.459278e-07   0.000000e+00   2.801862e-06   2.073471e-05   0.000000e+00
0     8.299998e+01   0.000000e+00   0.000000e+00   0.000000e+00   0.000000e+00   0.000000e+00   0.000000e+00
1     8.299998e+01   2.914431e-06   1.610770e-06   0.000000e+00  -1.012103e-05   1.831240e-05   0.000000e+00
0     8.309996e+01   0.000000e+00   0.000000e+00   0.000000e+00   0.000000e+00   0.000000e+00   0.000000e+00
1     8.309996e+01   1.411393e-06   3.016037e-06   0.000000e+00  -1.895077e-05   8.868314e-06   0.000000e+00
0     8.319994e+01   0.000000e+00   0.000000e+00   0.000000e+00   0.000000e+00   0.000000e+00   0.000000e+00
1     8.319994e+01  -6.305524e-07   3.269703e-06   0.000000e+00  -2.054459e-05  -3.961873e-06   0.000000e+00
0     8.329992e+01   0.000000e+00   0.000000e+00   0.000000e+00   0.000000e+00   0.000000e+00   0.000000e+00
1     8.329992e+01  -2.431739e-06   2.274920e-06   0.000000e+00  -1.429403e-05  -1.527924e-05   0.000000e+00
0     8.339990e+01   0.000000e+00   0.000000e+00   0.000000e+00   0.000000e+00   0.000000e+00   0.000000e+00
1     8.339990e+01  -3.304438e-06   4.115254e-07   0.000000e+00  -2.585772e-06  -2.076261e-05   0.000000e+00
0     8.349988e+01   0.000000e+00   0.000000e+00   0.000000e+00   0.000000e+00   0.000000e+00   0.000000e+00
1     8.349988e+01  -2.915443e-06  -1.608998e-06   0.000000e+00   1.010973e-05  -1.831844e-05   0.000000e+00
0     8.359986e+01   0.000000e+00   0.000000e+00   0.000000e+00   0.000000e+00   0.000000e+00   0.000000e+00
1     8.359986e+01  -1.413282e-06  -3.015178e-06   0.000000e+00   1.894515e-05  -8.879956e-06   0.000000e+00
0     8.369983e+01   0.000000e+00   0.000000e+00   0.000000e+00   0.000000e+00   0.000000e+00   0.000000e+00
1     8.369983e+01   6.284961e-07  -3.270108e-06   0.000000e+00   2.054699e-05   3.949105e-06   0.000000e+00
0     8.379981e+01   0.000000e+00   0.000000e+00   0.000000e+00   0.000000e+00   0.000000e+00   0.000000e+00
1     8.379981e+01   2.430300e-06  -2.276444e-06   0.000000e+00   1.430355e-05   1.527040e-05   0.000000e+00
0     8.389979e+01   0.000000e+00   0.000000e+00   0.000000e+00   0.000000e+00   0.000000e+00   0.000000e+00
1     8.389979e+01   3.304157e-06  -4.135799e-07   0.000000e+00   2.598610e-06   2.076116e-05   0.000000e+00
0     8.399977e+01   0.000000e+00   0.000000e+00   0.000000e+00   0.000000e+00   0.000000e+00   0.000000e+00
1     8.399977e+01   2.916401e-06   1.607199e-06   0.000000e+00  -1.009860e-05   1.832478e-05   0.000000e+00
0     8.409975e+01   0.000000e+00   0.000000e+00   0.000000e+00   0.000000e+00   0.000000e+00   0.000000e+00
1     8.409975e+01   1.415085e-06   3.014306e-06   0.000000e+00  -1.893990e-05   8.891515e-06   0.000000e+00
0     8.419973e+01   0.000000e+00   0.000000e+00   0.000000e+00   0.000000e+00   0.000000e+00   0.000000e+00
1     8.419973e+01  -6.265482e-07   3.270472e-06   0.000000e+00  -2.054943e-05  -3.936714e-06   0.000000e+00
0     8.429971e+01   0.000000e+00   0.000000e+00   0.000000e+00   0.000000e+00   0.000000e+00   0.000000e+00
1     8.429971e+01  -2.428951e-06   2.277896e-06   0.000000e+00  -1.431272e-05  -1.526173e-05   0.000000e+00
0     8.439969e+01   0.000000e+00   0.000000e+00   0.000000e+00   0.000000e+00   0.000000e+00   0.000000e+00
1     8.439969e+01  -3.303932e-06   4.155704e-07   0.000000e+00  -2.611188e-06  -2.075943e-05   0.000000e+00
0     8.449966e+01   0.000000e+00   0.000000e+00   0.000000e+00   0.000000e+00   0.000000e+00   0.000000e+00
1     8.449966e+01  -2.917410e-06  -1.605428e-06   0.000000e+00   1.008730e-05  -1.833080e-05   0.000000e+00
0     8.459964e+01   0.000000e+00   0.000000e+00   0.000000e+00   0.000000e+00   0.000000e+00   0.000000e+00
1     8.459964e+01  -1.416971e-06  -3.013446e-06   0.000000e+00   1.893427e-05  -8.903138e-06   0.000000e+00
0     8.469962e+01   0.000000e+00   0.000000e+00   0.000000e+00   0.000000e+00   0.000000e+00   0.000000e+00
1     8.469962e+01   6.244935e-07  -3.270874e-06   0.000000e+00   2.055181e-05   3.923956e-06   0.000000e+00
0     8.479960e+01   0.000000e+00   0.000000e+00   0.000000e+00   0.000000e+00   0.000000e+00   0.000000e+00
1     8.479960e+01   2.427512e-06  -2.279416e-06   0.000000e+00   1.432223e-05   1.525289e-05   0.000000e+00
0     8.489958e+01   0.000000e+00   0.000000e+00   0.000000e+00   0.000000e+00   0.000000e+00   0.000000e+00
1     8.489958e+01   3.303648e-06  -4.176225e-07   0.000000e+00   2.624012e-06   2.075797e-05   0.000000e+00
0     8.499956e+01   0.000000e+00   0.000000e+00   0.000000e+00   0.000000e+00   0.000000e+00   0.000000e+00
1     8.499956e+01   2.918365e-06   1.603629e-06   0.000000e+00  -1.007617e-05   1.833713e-05   0.000000e+00
0     8.509954e+01   0.000000e+00   0.000000e+00   0.000000e+00   0.000000e+00   0.000000e+00   0.000000e+00
1     8.509954e+01   1.418771e-06   3.012572e-06   0.000000e+00  -1.892901e-05   8.914680e-06   0.000000e+00
0     8.519951e+01   0.000000e+00   0.000000e+00   0.000000e+00   0.000000e+00   0.000000e+00   0.000000e+00
1     8.519951e+01  -6.225470e-07   3.271236e-06   0.000000e+00  -2.055423e-05  -3.911574e-06   0.000000e+00
0     8.529949e+01   0.000000e+00   0.000000e+00   0.000000e+00   0.000000e+00   0.000000e+00   0.000000e+00
1     8.529949e+01  -2.426163e-06   2.280864e-06   0.000000e+00  -1.433138e-05  -1.524421e-05   0.000000e+00
0     8.539947e+01   0.000000e+00   0.000000e+00   0.000000e+00   0.000000e+00   0.000000e+00   0.000000e+00
1     8.539947e+01  -3.303420e-06   4.196106e-07   0.000000e+00  -2.636574e-06  -2.075623e-05   0.000000e+00
0     8.549945e+01   0.000000e+00   0.000000e+00   0.000000e+00   0.000000e+00   0.000000e+00   0.000000e+00
1     8.549945e+01  -2.919371e-06  -1.601859e-06   0.000000e+00   1.006487e-05  -1.834312e-05   0.000000e+00
0     8.559943e+01   0.000000e+00   0.000000e+00   0.000000e+00   0.000000e+00   0.000000e+00   0.000000e+00
1     8.559943e+01  -1.420654e-06  -3.011711e-06   0.000000e+00   1.892337e-05  -8.926283e-06   0.000000e+00
0     8.569941e+01   0.000000e+00   0.000000e+00   0.000000e+00   0.000000e+00   0.000000e+00   0.000000e+00
1     8.569941e+01   6.204939e-07  -3.271635e-06   0.000000e+00   2.055660e-05   3.898827e-06   0.000000e+00
0     8.579939e+01   0.000000e+00   0.000000e+00   0.000000e+00   0.000000e+00   0.000000e+00   0.000000e+00
1     8.579939e+01   2.424723e-06  -2.282381e-06   0.000000e+00   1.434086e-05   1.523537e-05   0.000000e+00
0     8.589937e+01   0.000000e+00   0.000000e+00   0.000000e+00   0.000000e+00   0.000000e+00   0.000000e+00
1     8.589937e+01   3.303135e-06  -4.216604e-07   0.000000e+00   2.649384e-06   2.075475e-05   0.000000e+00
0     8.599934e+01   0.000000e+00   0.000000e+00   0.000000e+00   0.000000e+00   0.000000e+00   0.000000e+00
1     8.599934e+01   2.920323e-06   1.600061e-06   0.000000e+00  -1.005375e-05   1.834943e-05   0.000000e+00
0     8.609932e+01   0.000000e+00   0.000000e+00   0.000000e+00   0.000000e+00   0.000000e+00   0.000000e+00
1     8.609932e+01   1.422452e-06   3.010835e-06   0.000000e+00  -1.891810e-05   8.937807e-06   0.000000e+00
0     8.619930e+01   0.000000e+00   0.000000e+00   0.000000e+00   0.000000e+00   0.000000e+00   0.000000e+00
1     8.619930e+01  -6.185490e-07   3.271994e-06   0.000000e+00  -2.055900e-05  -3.886454e-06   0.000000e+00
0     8.629928e+01   0.000000e+00   0.000000e+00   0.000000e+00   0.000000e+00   0.000000e+00   0.000000e+00
1     8.629928e+01  -2.423374e-06   2.283827e-06   0.000000e+00  -1.435000e-05  -1.522669e-05   0.000000e+00
0     8.639926e+01   0.000000e+00   0.000000e+00   0.000000e+00   0.000000e+00   0.000000e+00   0.000000e+00
1     8.639926e+01  -3.302905e-06   4.236462e-07   0.000000e+00  -2.661931e-06  -2.075299e-05   0.000000e+00
0     8.649924e+01   0.000000e+00   0.000000e+00   0.000000e+00   0.000000e+00   0.000000e+00   0.000000e+00
1     8.649924e+01  -2.921325e-06  -1.598291e-06   0.000000e+00   1.004246e-05  -1.835540e-05   0.000000e+00
0     8.659922e+01   0.000000e+00   0.000000e+00   0.000000e+00   0.000000e+00   0.000000e+00   0.000000e+00
1     8.659922e+01  -1.424332e-06  -3.009973e-06   0.000000e+00   1.891245e-05  -8.949393e-06   0.000000e+00
0     8.669920e+01   0.000000e+00   0.000000e+00   0.000000e+00   0.000000e+00   0.000000e+00   0.000000e+00
1     8.669920e+01   6.164975e-07  -3.272390e-06   0.000000e+00   2.056134e-05   3.873717e-06   0.000000e+00
0     8.679917e+01   0.000000e+00   0.000000e+00   0.000000e+00   0.000000e+00   0.000000e+00   0.000000e+00
1     8.679917e+01   2.421934e-06  -2.285340e-06   0.000000e+00   1.435946e-05   1.521785e-05   0.000000e+00
0     8.689915e+01   0.000000e+00   0.000000e+00   0.000000e+00   0.000000e+00   0.000000e+00   0.000000e+00
1     8.689915e+01   3.302617e-06  -4.256936e-07   0.000000e+00   2.674726e-06   2.075150e-05   0.000000e+00
0     8.699913e+01   0.000000e+00   0.000000e+00   0.000000e+00   0.000000e+00   0.000000e+00   0.000000e+00
1     8.699913e+01   2.922274e-06   1.596494e-06   0.000000e+00  -1.003134e-05   1.836169e-05   0.000000e+00
0     8.709911e+01   0.000000e+00   0.000000e+00   0.000000e+00   0.000000e+00   0.000000e+00   0.000000e+00
1     8.709911e+01   1.426126e-06   3.009096e-06   0.000000e+00  -1.890717e-05   8.960897e-06   0.000000e+00
0     8.719909e+01   0.000000e+00   0.000000e+00   0.000000e+00   0.000000e+00   0.000000e+00   0.000000e+00
1     8.719909e+01  -6.145543e-07   3.272746e-06   0.000000e+00  -2.056373e-05  -3.861355e-06   0.000000e+00
0     8.729907e+01   0.000000e+00   0.000000e+00   0.000000e+00   0.000000e+00   0.000000e+00   0.000000e+00
1     8.729907e+01  -2.420584e-06   2.286783e-06   0.000000e+00  -1.436857e-05  -1.520916e-05   0.000000e+00
0     8.739905e+01   0.000000e+00   0.000000e+00   0.000000e+00   0.000000e+00   0.000000e+00   0.000000e+00
1     8.739905e+01  -3.302385e-06   4.276769e-07   0.000000e+00  -2.687258e-06  -2.074973e-05   0.000000e+00
0     8.749903e+01   0.000000e+00   0.000000e+00   0.000000e+00   0.000000e+00   0.000000e+00   0.000000e+00
1     8.749903e+01  -2.923273e-06  -1.594725e-06   0.000000e+00   1.002005e-05  -1.836765e-05   0.000000e+00
0     8.759900e+01   0.000000e+00   0.000000e+00   0.000000e+00   0.000000e+00   0.000000e+00   0.000000e+00
1     8.759900e+01  -1.428003e-06  -3.008232e-06   0.000000e+00   1.890152e-05  -8.972464e-06   0.000000e+00
0     8.769898e+01   0.000000e+00   0.000000e+00   0.000000e+00   0.000000e+00   0.000000e+00   0.000000e+00
1     8.769898e+01   6.125043e-07  -3.273139e-06   0.000000e+00   2.056606e-05   3.848627e-06   0.000000e+00
0     8.779896e+01   0.000000e+00   0.000000e+00   0.000000e+00   0.000000e+00   0.000000e+00   0.000000e+00
1     8.779896e+01   2.419144e-06  -2.288293e-06   0.000000e+00   1.437802e-05   1.520032e-05   0.000000e+00
0     8.789894e+01   0.000000e+00   0.000000e+00   0.000000e+00   0.000000e+00   0.000000e+00   0.000000e+00
1     8.789894e+01   3.302095e-06  -4.297220e-07   0.000000e+00   2.700038e-06   2.074822e-05   0.000000e+00
0     8.799892e+01   0.000000e+00   0.000000e+00   0.000000e+00   0.000000e+00   0.000000e+00   0.000000e+00
1     8.799892e+01   2.924219e-06   1.592928e-06   0.000000e+00  -1.000894e-05   1.837392e-05   0.000000e+00
0     8.809890e+01   0.000000e+00   0.000000e+00   0.000000e+00   0.000000e+00   0.000000e+00   0.000000e+00
1     8.809890e+01   1.429795e-06   3.007354e-06   0.000000e+00  -1.889623e-05   8.983951e-06   0.000000e+00
0     8.819888e+01   0.000000e+00   0.000000e+00   0.000000e+00   0.000000e+00   0.000000e+00   0.000000e+00
1     8.819888e+01  -6.105626e-07   3.273493e-06   0.000000e+00  -2.056842e-05  -3.836275e-06   0.000000e+00
0     8.829885e+01   0.000000e+00   0.000000e+00   0.000000e+00   0.000000e+00   0.000000e+00   0.000000e+00
1     8.829885e+01  -2.417794e-06   2.289732e-06   0.000000e+00  -1.438711e-05  -1.519163e-05   0.000000e+00
0     8.839883e+01   0.000000e+00   0.000000e+00   0.000000e+00   0.000000e+00   0.000000e+00   0.000000e+00
1     8.839883e+01  -3.301860e-06   4.317029e-07   0.000000e+00  -2.712555e-06  -2.074644e-05   0.000000e+00
0     8.849881e+01   0.000000e+00   0.000000e+00   0.000000e+00   0.000000e+00   0.000000e+00   0.000000e+00
1     8.849881e+01  -2.925214e-06  -1.591160e-06   0.000000e+00   9.997652e-06  -1.837985e-05   0.000000e+00
0     8.859879e+01   0.000000e+00   0.000000e+00   0.000000e+00   0.000000e+00   0.000000e+00   0.000000e+00
1     8.859879e+01  -1.431669e-06  -3.006489e-06   0.000000e+00   1.889057e-05  -8.995498e-06   0.000000e+00
0     8.869877e+01   0.000000e+00   0.000000e+00   0.000000e+00   0.000000e+00   0.000000e+00   0.000000e+00
1     8.869877e+01   6.085143e-07  -3.273883e-06   0.000000e+00   2.057073e-05   3.823558e-06   0.000000e+00
0     8.879875e+01   0.000000e+00   0.000000e+00   0.000000e+00   0.000000e+00   0.000000e+00   0.000000e+00
1     8.879875e+01   2.416353e-06  -2.291239e-06   0.000000e+00   1.439653e-05   1.518278e-05   0.000000e+00
0     8.889873e+01   0.000000e+00   0.000000e+00   0.000000e+00   0.000000e+00   0.000000e+00   0.000000e+00
1     8.889873e+01   3.301568e-06  -4.337456e-07   0.000000e+00   2.725321e-06   2.074492e-05   0.000000e+00
0     8.899871e+01   0.000000e+00   0.000000e+00   0.000000e+00   0.000000e+00   0.000000e+00   0.000000e+00
1     8.899871e+01   2.926157e-06   1.589363e-06   0.000000e+00  -9.986543e-06   1.838610e-05   0.000000e+00
0     8.909868e+01   0.000000e+00   0.000000e+00   0.000000e+00   0.000000e+00   0.000000e+00   0.000000e+00
1     8.909868e+01   1.433458e-06   3.005609e-06   0.000000e+00  -1.888527e-05   9.006968e-06   0.000000e+00
0     8.919866e+01   0.000000e+00   0.000000e+00   0.000000e+00   0.000000e+00   0.000000e+00   0.000000e+00
1     8.919866e+01  -6.065741e-07   3.274234e-06   0.000000e+00  -2.057308e-05  -3.811215e-06   0.000000e+00
0     8.929864e+01   0.000000e+00   0.000000e+00   0.000000e+00   0.000000e+00   0.000000e+00   0.000000e+00
1     8.929864e+01  -2.415002e-06   2.292675e-06   0.000000e+00  -1.440561e-05  -1.517410e-05   0.000000e+00
0     8.939862e+01   0.000000e+00   0.000000e+00   0.000000e+00   0.000000e+00   0.000000e+00   0.000000e+00
1     8.939862e+01  -3.301332e-06   4.357242e-07   0.000000e+00  -2.737823e-06  -2.074312e-05   0.000000e+00
0     8.949860e+01   0.000000e+00   0.000000e+00   0.000000e+00   0.000000e+00   0.000000e+00   0.000000e+00
1     8.949860e+01  -2.927150e-06  -1.587596e-06   0.000000e+00   9.975260e-06  -1.839201e-05   0.000000e+00
0     8.959858e+01   0.000000e+00   0.000000e+00   0.000000e+00   0.000000e+00   0.000000e+00   0.000000e+00
1     8.959858e+01  -1.435329e-06  -3.004743e-06   0.000000e+00   1.887960e-05  -9.018496e-06   0.000000e+00
0     8.969856e+01   0.000000e+00   0.000000e+00   0.000000e+00   0.000000e+00   0.000000e+00   0.000000e+00
1     8.969856e+01   6.045274e-07  -3.274621e-06   0.000000e+00   2.057537e-05   3.798507e-06   0.000000e+00
0     8.979854e+01   0.000000e+00   0.000000e+00   0.000000e+00   0.000000e+00   0.000000e+00   0.000000e+00
1     8.979854e+01   2.413561e-06  -2.294179e-06   0.000000e+00   1.441501e-05   1.516525e-05   0.000000e+00
0     8.989851e+01   0.000000e+00   0.000000e+00   0.000000e+00   0.000000e+00   0.000000e+00   0.000000e+00
1     8.989851e+01   3.301038e-06  -4.377645e-07   0.000000e+00   2.750573e-06   2.074159e-05   0.000000e+00
0     8.999849e+01   0.000000e+00   0.000000e+00   0.000000e+00   0.000000e+00   0.000000e+00   0.000000e+00
1     8.999849e+01   2.928089e-06   1.585800e-06   0.000000e+00  -9.964157e-06   1.839824e-05   0.000000e+00
0     9.009847e+01   0.000000e+00   0.000000e+00   0.000000e+00   0.000000e+00   0.000000e+00   0.000000e+00
1     9.009847e+01   1.437115e-06   3.003862e-06   0.000000e+00  -1.887430e-05   9.029947e-06   0.000000e+00
0     9.019845e+01   0.000000e+00   0.000000e+00   0.000000e+00   0.000000e+00   0.000000e+00   0.000000e+00
1     9.019845e+01  -6.025889e-07   3.274969e-06   0.000000e+00  -2.057771e-05  -3.786175e-06   0.000000e+00
0     9.029843e+01   0.000000e+00   0.000000e+00   0.000000e+00   0.000000e+00   0.000000e+00   0.000000e+00
1     9.029843e+01  -2.412210e-06   2.295612e-06   0.000000e+00  -1.442406e-05  -1.515656e-05   0.000000e+00
0     9.039841e+01   0.000000e+00   0.000000e+00   0.000000e+00   0.000000e+00   0.000000e+00   0.000000e+00
1     9.039841e+01  -3.300799e-06   4.397406e-07   0.000000e+00  -2.763059e-06  -2.073978e-05   0.000000e+00
0     9.049839e+01   0.000000e+00   0.000000e+00   0.000000e+00   0.000000e+00   0.000000e+00   0.000000e+00
1     9.049839e+01  -2.929079e-06  -1.584033e-06   0.000000e+00   9.952878e-06  -1.840414e-05   0.000000e+00
0     9.059837e+01   0.000000e+00   0.000000e+00   0.000000e+00   0.000000e+00   0.000000e+00   0.000000e+00
1     9.059837e+01  -1.438983e-06  -3.002994e-06   0.000000e+00   1.886862e-05  -9.041457e-06   0.000000e+00
0     9.069834e+01   0.000000e+00   0.000000e+00   0.000000e+00   0.000000e+00   0.000000e+00   0.000000e+00
1     9.069834e+01   6.005437e-07  -3.275354e-06   0.000000e+00   2.057998e-05   3.773478e-06   0.000000e+00
0     9.079832e+01   0.000000e+00   0.000000e+00   0.000000e+00   0.000000e+00   0.000000e+00   0.000000e+00
1     9.079832e+01   2.410769e-06  -2.297113e-06   0.000000e+00   1.443344e-05   1.514770e-05   0.000000e+00
0     9.089830e+01   0.000000e+00   0.000000e+00   0.000000e+00   0.000000e+00   0.000000e+00   0.000000e+00
1     9.089830e+01   3.300502e-06  -4.417786e-07   0.000000e+00   2.775796e-06   2.073823e-05   0.000000e+00
0     9.099828e+01   0.000000e+00   0.000000e+00   0.000000e+00   0.000000e+00   0.000000e+00   0.000000e+00
1     9.099828e+01   2.930015e-06   1.582238e-06   0.000000e+00  -9.941777e-06   1.841035e-05   0.000000e+00
0     9.109826e+01   0.000000e+00   0.000000e+00   0.000000e+00   0.000000e+00   0.000000e+00   0.000000e+00
1     9.109826e+01   1.440766e-06   3.002112e-06   0.000000e+00  -1.886331e-05   9.052890e-06   0.000000e+00
0     9.119999e+01   0.000000e+00   0.000000e+00   0.000000e+00   0.000000e+00   0.000000e+00   0.000000e+00
1     9.119999e+01  -6.346713e-07   3.268903e-06   0.000000e+00  -2.053959e-05  -3.987759e-06   0.000000e+00
0     9.129997e+01   0.000000e+00   0.000000e+00   0.000000e+00   0.000000e+00   0.000000e+00   0.000000e+00
1     9.129997e+01  -2.434603e-06   2.271849e-06   0.000000e+00  -1.427475e-05  -1.529726e-05   0.000000e+00
0     9.139995e+01   0.000000e+00   0.000000e+00   0.000000e+00   0.000000e+00   0.000000e+00   0.000000e+00
1     9.139995e+01  -3.304951e-06   4.073542e-07   0.000000e+00  -2.559567e-06  -2.076587e-05   0.000000e+00
0     9.149993e+01   0.000000e+00   0.000000e+00   0.000000e+00   0.000000e+00   0.000000e+00   0.000000e+00
1     9.149993e+01  -2.913405e-06  -1.612677e-06   0.000000e+00   1.013286e-05  -1.830566e-05   0.000000e+00
0     9.159991e+01   0.000000e+00   0.000000e+00   0.000000e+00   0.000000e+00   0.000000e+00   0.000000e+00
1     9.159991e+01  -1.409467e-06  -3.016959e-06   0.000000e+00   1.895637e-05  -8.856005e-06   0.000000e+00
0     9.169989e+01   0.000000e+00   0.000000e+00   0.000000e+00   0.000000e+00   0.000000e+00   0.000000e+00
1     9.169989e+01   6.326319e-07  -3.269307e-06   0.000000e+00   2.054199e-05   3.975098e-06   0.000000e+00
0     9.179986e+01   0.000000e+00   0.000000e+00   0.000000e+00   0.000000e+00   0.000000e+00   0.000000e+00
1     9.179986e+01   2.433178e-06  -2.273362e-06   0.000000e+00   1.428421e-05   1.528851e-05   0.000000e+00
0     9.189984e+01   0.000000e+00   0.000000e+00   0.000000e+00   0.000000e+00   0.000000e+00   0.000000e+00
1     9.189984e+01   3.304675e-06  -4.093925e-07   0.000000e+00   2.572303e-06   2.076445e-05   0.000000e+00
0     9.199982e+01   0.000000e+00   0.000000e+00   0.000000e+00   0.000000e+00   0.000000e+00   0.000000e+00
1     9.199982e+01   2.914358e-06   1.610894e-06   0.000000e+00  -1.012183e-05   1.831197e-05   0.000000e+00
0     9.209980e+01   0.000000e+00   0.000000e+00   0.000000e+00   0.000000e+00   0.000000e+00   0.000000e+00
1     9.209980e+01   1.411257e-06   3.016096e-06   0.000000e+00  -1.895117e-05   8.867477e-06   0.000000e+00
0     9.219978e+01   0.000000e+00   0.000000e+00   0.000000e+00   0.000000e+00   0.000000e+00   0.000000e+00
1     9.219978e+01  -6.307007e-07   3.269671e-06   0.000000e+00  -2.054442e-05  -3.962811e-06   0.000000e+00
0     9.229976e+01   0.000000e+00   0.000000e+00   0.000000e+00   0.000000e+00   0.000000e+00   0.000000e+00
1     9.229976e+01  -2.431842e-06   2.274804e-06   0.000000e+00  -1.429332e-05  -1.527991e-05   0.000000e+00
0     9.239974e+01   0.000000e+00   0.000000e+00   0.000000e+00   0.000000e+00   0.000000e+00   0.000000e+00
1     9.239974e+01  -3.304454e-06   4.113669e-07   0.000000e+00  -2.584780e-06  -2.076275e-05   0.000000e+00
0     9.249971e+01   0.000000e+00   0.000000e+00   0.000000e+00   0.000000e+00   0.000000e+00   0.000000e+00
1     9.249971e+01  -2.915361e-06  -1.609139e-06   0.000000e+00   1.011063e-05  -1.831795e-05   0.000000e+00
0     9.259969e+01   0.000000e+00   0.000000e+00   0.000000e+00   0.000000e+00   0.000000e+00   0.000000e+00
1     9.259969e+01  -1.413129e-06  -3.015245e-06   0.000000e+00   1.894561e-05  -8.879013e-06   0.000000e+00
0     9.269967e+01   0.000000e+00   0.000000e+00   0.000000e+00   0.000000e+00   0.000000e+00   0.000000e+00
1     9.269967e+01   6.286627e-07  -3.270072e-06   0.000000e+00   2.054680e-05   3.950159e-06   0.000000e+00
0     9.279965e+01   0.000000e+00   0.000000e+00   0.000000e+00   0.000000e+00   0.000000e+00   0.000000e+00
1     9.279965e+01   2.430416e-06  -2.276314e-06   0.000000e+00   1.430276e-05   1.527116e-05   0.000000e+00
0     9.289963e+01   0.000000e+00   0.000000e+00   0.000000e+00   0.000000e+00   0.000000e+00   0.000000e+00
1     9.289963e+01   3.304175e-06  -4.134028e-07   0.000000e+00   2.597502e-06   2.076132e-05   0.000000e+00
0     9.299961e+01   0.000000e+00   0.000000e+00   0.000000e+00   0.000000e+00   0.000000e+00   0.000000e+00
1     9.299961e+01   2.916310e-06   1.607356e-06   0.000000e+00  -1.009961e-05   1.832424e-05   0.000000e+00
0     9.309959e+01   0.000000e+00   0.000000e+00   0.000000e+00   0.000000e+00   0.000000e+00   0.000000e+00
1     9.309959e+01   1.414915e-06   3.014381e-06   0.000000e+00  -1.894040e-05   8.890466e-06   0.000000e+00
0     9.319957e+01   0.000000e+00   0.000000e+00   0.000000e+00   0.000000e+00   0.000000e+00   0.000000e+00
1     9.319957e+01  -6.267332e-07   3.270433e-06   0.000000e+00  -2.054922e-05  -3.937883e-06   0.000000e+00
0     9.329954e+01   0.000000e+00   0.000000e+00   0.000000e+00   0.000000e+00   0.000000e+00   0.000000e+00
1     9.329954e+01  -2.429080e-06   2.277752e-06   0.000000e+00  -1.431185e-05  -1.526256e-05   0.000000e+00
0     9.339952e+01   0.000000e+00   0.000000e+00   0.000000e+00   0.000000e+00   0.000000e+00   0.000000e+00
1     9.339952e+01  -3.303952e-06   4.153748e-07   0.000000e+00  -2.609964e-06  -2.075960e-05   0.000000e+00
0     9.349950e+01   0.000000e+00   0.000000e+00   0.000000e+00   0.000000e+00   0.000000e+00   0.000000e+00
1     9.349950e+01  -2.917310e-06  -1.605601e-06   0.000000e+00   1.008840e-05  -1.833020e-05   0.000000e+00
0     9.359948e+01   0.000000e+00   0.000000e+00   0.000000e+00   0.000000e+00   0.000000e+00   0.000000e+00
1     9.359948e+01  -1.416784e-06  -3.013529e-06   0.000000e+00   1.893483e-05  -8.901983e-06   0.000000e+00
0     9.369946e+01   0.000000e+00   0.000000e+00   0.000000e+00   0.000000e+00   0.000000e+00   0.000000e+00
1     9.369946e+01   6.246968e-07  -3.270832e-06   0.000000e+00   2.055158e-05   3.925241e-06   0.000000e+00
0     9.379944e+01   0.000000e+00   0.000000e+00   0.000000e+00   0.000000e+00   0.000000e+00   0.000000e+00
1     9.379944e+01   2.427654e-06  -2.279259e-06   0.000000e+00   1.432127e-05   1.525381e-05   0.000000e+00
0     9.389942e+01   0.000000e+00   0.000000e+00   0.000000e+00   0.000000e+00   0.000000e+00   0.000000e+00
1     9.389942e+01   3.303671e-06  -4.174084e-07   0.000000e+00   2.622671e-06   2.075815e-05   0.000000e+00
0     9.399940e+01   0.000000e+00   0.000000e+00   0.000000e+00   0.000000e+00   0.000000e+00   0.000000e+00
1     9.399940e+01   2.918256e-06   1.603819e-06   0.000000e+00  -1.007739e-05   1.833648e-05   0.000000e+00
0     9.409937e+01   0.000000e+00   0.000000e+00   0.000000e+00   0.000000e+00   0.000000e+00   0.000000e+00
1     9.409937e+01   1.418568e-06   3.012663e-06   0.000000e+00  -1.892961e-05   8.913419e-06   0.000000e+00
0     9.419935e+01   0.000000e+00   0.000000e+00   0.000000e+00   0.000000e+00   0.000000e+00   0.000000e+00
1     9.419935e+01  -6.227687e-07   3.271190e-06   0.000000e+00  -2.055398e-05  -3.912974e-06   0.000000e+00
0     9.429933e+01   0.000000e+00   0.000000e+00   0.000000e+00   0.000000e+00   0.000000e+00   0.000000e+00
1     9.429933e+01  -2.426318e-06   2.280694e-06   0.000000e+00  -1.433034e-05  -1.524521e-05   0.000000e+00
0     9.439931e+01   0.000000e+00   0.000000e+00   0.000000e+00   0.000000e+00   0.000000e+00   0.000000e+00
1     9.439931e+01  -3.303446e-06   4.193780e-07   0.000000e+00  -2.635118e-06  -2.075642e-05   0.000000e+00
0     9.449929e+01   0.000000e+00   0.000000e+00   0.000000e+00   0.000000e+00   0.000000e+00   0.000000e+00
1     9.449929e+01  -2.919253e-06  -1.602065e-06   0.000000e+00   1.006619e-05  -1.834241e-05   0.000000e+00
0     9.459927e+01   0.000000e+00   0.000000e+00   0.000000e+00   0.000000e+00   0.000000e+00   0.000000e+00
1     9.459927e+01  -1.420434e-06  -3.011810e-06   0.000000e+00   1.892403e-05  -8.924916e-06   0.000000e+00
0     9.469925e+01   0.000000e+00   0.000000e+00   0.000000e+00   0.000000e+00   0.000000e+00   0.000000e+00
1     9.469925e+01   6.207341e-07  -3.271585e-06   0.000000e+00   2.055632e-05   3.900343e-06   0.000000e+00
0     9.479922e+01   0.000000e+00   0.000000e+00   0.000000e+00   0.000000e+00   0.000000e+00   0.000000e+00
1     9.479922e+01   2.424891e-06  -2.282197e-06   0.000000e+00   1.433973e-05   1.523645e-05   0.000000e+00
0     9.489920e+01   0.000000e+00   0.000000e+00   0.000000e+00   0.000000e+00   0.000000e+00   0.000000e+00
1     9.489920e+01   3.303163e-06  -4.214093e-07   0.000000e+00   2.647811e-06   2.075496e-05   0.000000e+00
0     9.499918e+01   0.000000e+00   0.000000e+00   0.000000e+00   0.000000e+00   0.000000e+00   0.000000e+00
1     9.499918e+01   2.920196e-06   1.600284e-06   0.000000e+00  -1.005517e-05   1.834867e-05   0.000000e+00
0     9.509916e+01   0.000000e+00   0.000000e+00   0.000000e+00   0.000000e+00   0.000000e+00   0.000000e+00
1     9.509916e+01   1.422215e-06   3.010943e-06   0.000000e+00  -1.891881e-05   8.936335e-06   0.000000e+00
0     9.519914e+01   0.000000e+00   0.000000e+00   0.000000e+00   0.000000e+00   0.000000e+00   0.000000e+00
1     9.519914e+01  -6.188076e-07   3.271941e-06   0.000000e+00  -2.055870e-05  -3.888086e-06   0.000000e+00
0     9.529912e+01   0.000000e+00   0.000000e+00   0.000000e+00   0.000000e+00   0.000000e+00   0.000000e+00
1     9.529912e+01  -2.423555e-06   2.283629e-06   0.000000e+00  -1.434878e-05  -1.522785e-05   0.000000e+00
0     9.539910e+01   0.000000e+00   0.000000e+00   0.000000e+00   0.000000e+00   0.000000e+00   0.000000e+00
1     9.539910e+01  -3.302935e-06   4.233765e-07   0.000000e+00  -2.660242e-06  -2.075322e-05   0.000000e+00
0     9.549908e+01   0.000000e+00   0.000000e+00   0.000000e+00   0.000000e+00   0.000000e+00   0.000000e+00
1     9.549908e+01  -2.921189e-06  -1.598531e-06   0.000000e+00   1.004398e-05  -1.835459e-05   0.000000e+00
0     9.559905e+01   0.000000e+00   0.000000e+00   0.000000e+00   0.000000e+00   0.000000e+00   0.000000e+00
1     9.559905e+01  -1.424078e-06  -3.010088e-06   0.000000e+00   1.891322e-05  -8.947814e-06   0.000000e+00
0     9.569903e+01   0.000000e+00   0.000000e+00   0.000000e+00   0.000000e+00   0.000000e+00   0.000000e+00
1     9.569903e+01   6.167744e-07  -3.272334e-06   0.000000e+00   2.056103e-05   3.875464e-06   0.000000e+00
0     9.579901e+01   0.000000e+00   0.000000e+00   0.000000e+00   0.000000e+00   0.000000e+00   0.000000e+00
1     9.579901e+01   2.422128e-06  -2.285129e-06   0.000000e+00   1.435816e-05   1.521909e-05   0.000000e+00
0     9.589899e+01   0.000000e+00   0.000000e+00   0.000000e+00   0.000000e+00   0.000000e+00   0.000000e+00
1     9.589899e+01   3.302650e-06  -4.254054e-07   0.000000e+00   2.672920e-06   2.075174e-05   0.000000e+00
0     9.599897e+01   0.000000e+00   0.000000e+00   0.000000e+00   0.000000e+00   0.000000e+00   0.000000e+00
1     9.599897e+01   2.922129e-06   1.596749e-06   0.000000e+00  -1.003297e-05   1.836082e-05   0.000000e+00
0     9.609895e+01   0.000000e+00   0.000000e+00   0.000000e+00   0.000000e+00   0.000000e+00   0.000000e+00
1     9.609895e+01   1.425856e-06   3.009220e-06   0.000000e+00  -1.890799e-05   8.959214e-06   0.000000e+00
0     9.619893e+01   0.000000e+00   0.000000e+00   0.000000e+00   0.000000e+00   0.000000e+00   0.000000e+00
1     9.619893e+01  -6.148496e-07   3.272686e-06   0.000000e+00  -2.056339e-05  -3.863217e-06   0.000000e+00
0     9.629891e+01   0.000000e+00   0.000000e+00   0.000000e+00   0.000000e+00   0.000000e+00   0.000000e+00
1     9.629891e+01  -2.420791e-06   2.286558e-06   0.000000e+00  -1.436719e-05  -1.521049e-05   0.000000e+00
0     9.639888e+01   0.000000e+00   0.000000e+00   0.000000e+00   0.000000e+00   0.000000e+00   0.000000e+00
1     9.639888e+01  -3.302420e-06   4.273703e-07   0.000000e+00  -2.685336e-06  -2.074999e-05   0.000000e+00
0     9.649886e+01   0.000000e+00   0.000000e+00   0.000000e+00   0.000000e+00   0.000000e+00   0.000000e+00
1     9.649886e+01  -2.923120e-06  -1.594997e-06   0.000000e+00   1.002178e-05  -1.836672e-05   0.000000e+00
0     9.659884e+01   0.000000e+00   0.000000e+00   0.000000e+00   0.000000e+00   0.000000e+00   0.000000e+00
1     9.659884e+01  -1.427716e-06  -3.008364e-06   0.000000e+00   1.890238e-05  -8.970674e-06   0.000000e+00
0     9.669882e+01   0.000000e+00   0.000000e+00   0.000000e+00   0.000000e+00   0.000000e+00   0.000000e+00
1     9.669882e+01   6.128180e-07  -3.273077e-06   0.000000e+00   2.056570e-05   3.850605e-06   0.000000e+00
0     9.679880e+01   0.000000e+00   0.000000e+00   0.000000e+00   0.000000e+00   0.000000e+00   0.000000e+00
1     9.679880e+01   2.419363e-06  -2.288055e-06   0.000000e+00   1.437655e-05   1.520172e-05   0.000000e+00
0     9.689878e+01   0.000000e+00   0.000000e+00   0.000000e+00   0.000000e+00   0.000000e+00   0.000000e+00
1     9.689878e+01   3.302133e-06  -4.293969e-07   0.000000e+00   2.698000e-06   2.074850e-05   0.000000e+00
0     9.699876e+01   0.000000e+00   0.000000e+00   0.000000e+00   0.000000e+00   0.000000e+00   0.000000e+00
1     9.699876e+01   2.924057e-06   1.593217e-06   0.000000e+00  -1.001077e-05   1.837293e-05   0.000000e+00
0     9.709874e+01   0.000000e+00   0.000000e+00   0.000000e+00   0.000000e+00   0.000000e+00   0.000000e+00
1     9.709874e+01   1.429491e-06   3.007494e-06   0.000000e+00  -1.889715e-05   8.982057e-06   0.000000e+00
0     9.719871e+01   0.000000e+00   0.000000e+00   0.000000e+00   0.000000e+00   0.000000e+00   0.000000e+00
1     9.719871e+01  -6.108947e-07   3.273427e-06   0.000000e+00  -2.056804e-05  -3.838368e-06   0.000000e+00
0     9.729869e+01   0.000000e+00   0.000000e+00   0.000000e+00   0.000000e+00   0.000000e+00   0.000000e+00
1     9.729869e+01  -2.418026e-06   2.289481e-06   0.000000e+00  -1.438556e-05  -1.519312e-05   0.000000e+00
0     9.739867e+01   0.000000e+00   0.000000e+00   0.000000e+00   0.000000e+00   0.000000e+00   0.000000e+00
1     9.739867e+01  -3.301901e-06   4.313593e-07   0.000000e+00  -2.710401e-06  -2.074673e-05   0.000000e+00
0     9.749865e+01   0.000000e+00   0.000000e+00   0.000000e+00   0.000000e+00   0.000000e+00   0.000000e+00
1     9.749865e+01  -2.925044e-06  -1.591465e-06   0.000000e+00   9.999588e-06  -1.837881e-05   0.000000e+00
0     9.759863e+01   0.000000e+00   0.000000e+00   0.000000e+00   0.000000e+00   0.000000e+00   0.000000e+00
1     9.759863e+01  -1.431348e-06  -3.006637e-06   0.000000e+00   1.889154e-05  -8.993498e-06   0.000000e+00
0     9.769861e+01   0.000000e+00   0.000000e+00   0.000000e+00   0.000000e+00   0.000000e+00   0.000000e+00
1     9.769861e+01   6.088648e-07  -3.273814e-06   0.000000e+00   2.057033e-05   3.825767e-06   0.000000e+00
0     9.779859e+01   0.000000e+00   0.000000e+00   0.000000e+00   0.000000e+00   0.000000e+00   0.000000e+00
1     9.779859e+01   2.416598e-06  -2.290975e-06   0.000000e+00   1.439489e-05   1.518435e-05   0.000000e+00
0     9.789856e+01   0.000000e+00   0.000000e+00   0.000000e+00   0.000000e+00   0.000000e+00   0.000000e+00
1     9.789856e+01   3.301612e-06  -4.333835e-07   0.000000e+00   2.723050e-06   2.074523e-05   0.000000e+00
0     9.799854e+01   0.000000e+00   0.000000e+00   0.000000e+00   0.000000e+00   0.000000e+00   0.000000e+00
1     9.799854e+01   2.925978e-06   1.589685e-06   0.000000e+00  -9.988584e-06   1.838501e-05   0.000000e+00
0     9.809852e+01   0.000000e+00   0.000000e+00   0.000000e+00   0.000000e+00   0.000000e+00   0.000000e+00
1     9.809852e+01   1.433120e-06   3.005766e-06   0.000000e+00  -1.888629e-05   9.004862e-06   0.000000e+00
0     9.819850e+01   0.000000e+00   0.000000e+00   0.000000e+00   0.000000e+00   0.000000e+00   0.000000e+00
1     9.819850e+01  -6.069431e-07   3.274161e-06   0.000000e+00  -2.057266e-05  -3.813540e-06   0.000000e+00
0     9.829848e+01   0.000000e+00   0.000000e+00   0.000000e+00   0.000000e+00   0.000000e+00   0.000000e+00
1     9.829848e+01  -2.415261e-06   2.292397e-06   0.000000e+00  -1.440388e-05  -1.517575e-05   0.000000e+00
0     9.839846e+01   0.000000e+00   0.000000e+00   0.000000e+00   0.000000e+00   0.000000e+00   0.000000e+00
1     9.839846e+01  -3.301378e-06   4.353435e-07   0.000000e+00  -2.735436e-06  -2.074345e-05   0.000000e+00
0     9.849844e+01   0.000000e+00   0.000000e+00   0.000000e+00   0.000000e+00   0.000000e+00   0.000000e+00
1     9.849844e+01  -2.926962e-06  -1.587934e-06   0.000000e+00   9.977404e-06  -1.839087e-05   0.000000e+00
0     9.859842e+01   0.000000e+00   0.000000e+00   0.000000e+00   0.000000e+00   0.000000e+00   0.000000e+00
1     9.859842e+01  -1.434974e-06  -3.004907e-06   0.000000e+00   1.888067e-05  -9.016285e-06   0.000000e+00
0     9.869839e+01   0.000000e+00   0.000000e+00   0.000000e+00   0.000000e+00   0.000000e+00   0.000000e+00
1     9.869839e+01   6.049147e-07  -3.274546e-06   0.000000e+00   2.057494e-05   3.800948e-06   0.000000e+00
0     9.879837e+01   0.000000e+00   0.000000e+00   0.000000e+00   0.000000e+00   0.000000e+00   0.000000e+00
1     9.879837e+01   2.413833e-06  -2.293888e-06   0.000000e+00   1.441320e-05   1.516698e-05   0.000000e+00
0     9.889835e+01   0.000000e+00   0.000000e+00   0.000000e+00   0.000000e+00   0.000000e+00   0.000000e+00
1     9.889835e+01   3.301086e-06  -4.373654e-07   0.000000e+00   2.748071e-06   2.074193e-05   0.000000e+00
0     9.899833e+01   0.000000e+00   0.000000e+00   0.000000e+00   0.000000e+00   0.000000e+00   0.000000e+00
1     9.899833e+01   2.927892e-06   1.586155e-06   0.000000e+00  -9.966404e-06   1.839704e-05   0.000000e+00
0     9.909831e+01   0.000000e+00   0.000000e+00   0.000000e+00   0.000000e+00   0.000000e+00   0.000000e+00
1     9.909831e+01   1.436744e-06   3.004035e-06   0.000000e+00  -1.887542e-05   9.027631e-06   0.000000e+00
0     9.919829e+01   0.000000e+00   0.000000e+00   0.000000e+00   0.000000e+00   0.000000e+00   0.000000e+00
1     9.919829e+01  -6.029947e-07   3.274890e-06   0.000000e+00  -2.057725e-05  -3.788732e-06   0.000000e+00
0     9.929827e+01   0.000000e+00   0.000000e+00   0.000000e+00   0.000000e+00   0.000000e+00   0.000000e+00
1     9.929827e+01  -2.412495e-06   2.295307e-06   0.000000e+00  -1.442217e-05  -1.515837e-05   0.000000e+00
0     9.940000e+01   0.000000e+00   0.000000e+00   0.000000e+00   0.000000e+00   0.000000e+00   0.000000e+00
1     9.940000e+01  -3.305492e-06   4.029186e-07   0.000000e+00  -2.531701e-06  -2.076930e-05   0.000000e+00
0     9.949998e+01   0.000000e+00   0.000000e+00   0.000000e+00   0.000000e+00   0.000000e+00   0.000000e+00
1     9.949998e+01  -2.911234e-06  -1.616587e-06   0.000000e+00   1.015744e-05  -1.829205e-05   0.000000e+00
0     9.959996e+01   0.000000e+00   0.000000e+00   0.000000e+00   0.000000e+00   0.000000e+00   0.000000e+00
1     9.959996e+01  -1.405410e-06  -3.018847e-06   0.000000e+00   1.896827e-05  -8.830527e-06   0.000000e+00
0     9.969994e+01   0.000000e+00   0.000000e+00   0.000000e+00   0.000000e+00   0.000000e+00   0.000000e+00
1     9.969994e+01   6.370274e-07  -3.268450e-06   0.000000e+00   2.053664e-05   4.002723e-06   0.000000e+00
0     9.979991e+01   0.000000e+00   0.000000e+00   0.000000e+00   0.000000e+00   0.000000e+00   0.000000e+00
1     9.979991e+01   2.436232e-06  -2.270083e-06   0.000000e+00   1.426363e-05   1.530773e-05   0.000000e+00
0     9.989989e+01   0.000000e+00   0.000000e+00   0.000000e+00   0.000000e+00   0.000000e+00   0.000000e+00
1     9.989989e+01   3.305220e-06  -4.049407e-07   0.000000e+00   2.544335e-06   2.076791e-05   0.000000e+00
0     9.999987e+01   0.000000e+00   0.000000e+00   0.000000e+00   0.000000e+00   0.000000e+00   0.000000e+00
1     9.999987e+01   2.912181e-06   1.614819e-06   0.000000e+00  -1.014651e-05   1.829832e-05   0.000000e+00
0     1.000999e+02   0.000000e+00   0.000000e+00   0.000000e+00   0.000000e+00   0.000000e+00   0.000000e+00
1     1.000999e+02   1.407186e-06   3.017993e-06   0.000000e+00  -1.896313e-05   8.841911e-06   0.000000e+00
0     1.001998e+02   0.000000e+00   0.000000e+00   0.000000e+00   0.000000e+00   0.000000e+00   0.000000e+00
1     1.001998e+02  -6.351130e-07   3.268813e-06   0.000000e+00  -2.053907e-05  -3.990542e-06   0.000000e+00
0     1.002998e+02   0.000000e+00   0.000000e+00   0.000000e+00   0.000000e+00   0.000000e+00   0.000000e+00
1     1.002998e+02  -2.434910e-06   2.271514e-06   0.000000e+00  -1.427268e-05  -1.529922e-05   0.000000e+00
0     1.003998e+02   0.000000e+00   0.000000e+00   0.000000e+00   0.000000e+00   0.000000e+00   0.000000e+00
1     1.003998e+02  -3.305004e-06   4.068989e-07   0.000000e+00  -2.556711e-06  -2.076624e-05   0.000000e+00
0     1.004998e+02   0.000000e+00   0.000000e+00   0.000000e+00   0.000000e+00   0.000000e+00   0.000000e+00
1     1.004998e+02  -2.913178e-06  -1.613080e-06   0.000000e+00   1.013541e-05  -1.830427e-05   0.000000e+00
0     1.005997e+02   0.000000e+00   0.000000e+00   0.000000e+00   0.000000e+00   0.000000e+00   0.000000e+00
1     1.005997e+02  -1.409044e-06  -3.017153e-06   0.000000e+00   1.895762e-05  -8.853360e-06   0.000000e+00
0     1.006997e+02   0.000000e+00   0.000000e+00   0.000000e+00   0.000000e+00   0.000000e+00   0.000000e+00
1     1.006997e+02   6.330921e-07  -3.269214e-06   0.000000e+00   2.054144e-05   3.977997e-06   0.000000e+00
0     1.007997e+02   0.000000e+00   0.000000e+00   0.000000e+00   0.000000e+00   0.000000e+00   0.000000e+00
1     1.007997e+02   2.433498e-06  -2.273014e-06   0.000000e+00   1.428205e-05   1.529055e-05   0.000000e+00
0     1.008997e+02   0.000000e+00   0.000000e+00   0.000000e+00   0.000000e+00   0.000000e+00   0.000000e+00
1     1.008997e+02   3.304730e-06  -4.089186e-07   0.000000e+00   2.569331e-06   2.076483e-05   0.000000e+00
0     1.009997e+02   0.000000e+00   0.000000e+00   0.000000e+00   0.000000e+00   0.000000e+00   0.000000e+00
1     1.009997e+02   2.914122e-06   1.611313e-06   0.000000e+00  -1.012448e-05   1.831052e-05   0.000000e+00
0     1.010996e+02   0.000000e+00   0.000000e+00   0.000000e+00   0.000000e+00   0.000000e+00   0.000000e+00
1     1.010996e+02   1.410817e-06   3.016297e-06   0.000000e+00  -1.895248e-05   8.864725e-06   0.000000e+00
0     1.011996e+02   0.000000e+00   0.000000e+00   0.000000e+00   0.000000e+00   0.000000e+00   0.000000e+00
1     1.011996e+02  -6.311792e-07   3.269574e-06   0.000000e+00  -2.054386e-05  -3.965826e-06   0.000000e+00
0     1.012996e+02   0.000000e+00   0.000000e+00   0.000000e+00   0.000000e+00   0.000000e+00   0.000000e+00
1     1.012996e+02  -2.432175e-06   2.274442e-06   0.000000e+00  -1.429107e-05  -1.528203e-05   0.000000e+00
0     1.013996e+02   0.000000e+00   0.000000e+00   0.000000e+00   0.000000e+00   0.000000e+00   0.000000e+00
1     1.013996e+02  -3.304511e-06   4.108745e-07   0.000000e+00  -2.581691e-06  -2.076315e-05   0.000000e+00
0     1.014996e+02   0.000000e+00   0.000000e+00   0.000000e+00   0.000000e+00   0.000000e+00   0.000000e+00
1     1.014996e+02  -2.915116e-06  -1.609574e-06   0.000000e+00   1.011338e-05  -1.831645e-05   0.000000e+00
0     1.015995e+02   0.000000e+00   0.000000e+00   0.000000e+00   0.000000e+00   0.000000e+00   0.000000e+00
1     1.015995e+02  -1.412672e-06  -3.015455e-06   0.000000e+00   1.894696e-05  -8.876155e-06   0.000000e+00
0     1.016995e+02   0.000000e+00   0.000000e+00   0.000000e+00   0.000000e+00   0.000000e+00   0.000000e+00
1     1.016995e+02   6.291597e-07  -3.269972e-06   0.000000e+00   2.054621e-05   3.953289e-06   0.000000e+00
0     1.017995e+02   0.000000e+00   0.000000e+00   0.000000e+00   0.000000e+00   0.000000e+00   0.000000e+00
1     1.017995e+02   2.430762e-06  -2.275938e-06   0.000000e+00   1.430043e-05   1.527336e-05   0.000000e+00
0     1.018995e+02   0.000000e+00   0.000000e+00   0.000000e+00   0.000000e+00   0.000000e+00   0.000000e+00
1     1.018995e+02   3.304235e-06  -4.128920e-07   0.000000e+00   2.594297e-06   2.076173e-05   0.000000e+00
0     1.019994e+02   0.000000e+00   0.000000e+00   0.000000e+00   0.000000e+00   0.000000e+00   0.000000e+00
1     1.019994e+02   2.916057e-06   1.607808e-06   0.000000e+00  -1.010246e-05   1.832268e-05   0.000000e+00
0     1.020994e+02   0.000000e+00   0.000000e+00   0.000000e+00   0.000000e+00   0.000000e+00   0.000000e+00
1     1.020994e+02   1.414441e-06   3.014599e-06   0.000000e+00  -1.894181e-05   8.887503e-06   0.000000e+00
0     1.021994e+02   0.000000e+00   0.000000e+00   0.000000e+00   0.000000e+00   0.000000e+00   0.000000e+00
1     1.021994e+02  -6.272486e-07   3.270330e-06   0.000000e+00  -2.054861e-05  -3.941129e-06   0.000000e+00
0     1.022994e+02   0.000000e+00   0.000000e+00   0.000000e+00   0.000000e+00   0.000000e+00   0.000000e+00
1     1.022994e+02  -2.429440e-06   2.277363e-06   0.000000e+00  -1.430943e-05  -1.526485e-05   0.000000e+00
0     1.023994e+02   0.000000e+00   0.000000e+00   0.000000e+00   0.000000e+00   0.000000e+00   0.000000e+00
1     1.023994e+02  -3.304015e-06   4.148454e-07   0.000000e+00  -2.606642e-06  -2.076003e-05   0.000000e+00
0     1.024993e+02   0.000000e+00   0.000000e+00   0.000000e+00   0.000000e+00   0.000000e+00   0.000000e+00
1     1.024993e+02  -2.917048e-06  -1.606070e-06   0.000000e+00   1.009136e-05  -1.832859e-05   0.000000e+00
0     1.025993e+02   0.000000e+00   0.000000e+00   0.000000e+00   0.000000e+00   0.000000e+00   0.000000e+00
1     1.025993e+02  -1.416294e-06  -3.013755e-06   0.000000e+00   1.893628e-05  -8.898915e-06   0.000000e+00
0     1.026993e+02   0.000000e+00   0.000000e+00   0.000000e+00   0.000000e+00   0.000000e+00   0.000000e+00
1     1.026993e+02   6.252307e-07  -3.270725e-06   0.000000e+00   2.055095e-05   3.928603e-06   0.000000e+00
0     1.027993e+02   0.000000e+00   0.000000e+00   0.000000e+00   0.000000e+00   0.000000e+00   0.000000e+00
1     1.027993e+02   2.428026e-06  -2.278856e-06   0.000000e+00   1.431876e-05   1.525617e-05   0.000000e+00
0     1.028993e+02   0.000000e+00   0.000000e+00   0.000000e+00   0.000000e+00   0.000000e+00   0.000000e+00
1     1.028993e+02   3.303737e-06  -4.168605e-07   0.000000e+00   2.619233e-06   2.075860e-05   0.000000e+00
0     1.029992e+02   0.000000e+00   0.000000e+00   0.000000e+00   0.000000e+00   0.000000e+00   0.000000e+00
1     1.029992e+02   2.917985e-06   1.604304e-06   0.000000e+00  -1.008045e-05   1.833481e-05   0.000000e+00
0     1.030992e+02   0.000000e+00   0.000000e+00   0.000000e+00   0.000000e+00   0.000000e+00   0.000000e+00
1     1.030992e+02   1.418060e-06   3.012898e-06   0.000000e+00  -1.893112e-05   8.910245e-06   0.000000e+00
0     1.031992e+02   0.000000e+00   0.000000e+00   0.000000e+00   0.000000e+00   0.000000e+00   0.000000e+00
1     1.031992e+02  -6.233210e-07   3.271080e-06   0.000000e+00  -2.055333e-05  -3.916452e-06   0.000000e+00
0     1.032992e+02   0.000000e+00   0.000000e+00   0.000000e+00   0.000000e+00   0.000000e+00   0.000000e+00
1     1.032992e+02  -2.426703e-06   2.280278e-06   0.000000e+00  -1.432775e-05  -1.524766e-05   0.000000e+00
0     1.033991e+02   0.000000e+00   0.000000e+00   0.000000e+00   0.000000e+00   0.000000e+00   0.000000e+00
1     1.033991e+02  -3.303514e-06   4.188116e-07   0.000000e+00  -2.631564e-06  -2.075689e-05   0.000000e+00
0     1.034991e+02   0.000000e+00   0.000000e+00   0.000000e+00   0.000000e+00   0.000000e+00   0.000000e+00
1     1.034991e+02  -2.918973e-06  -1.602567e-06   0.000000e+00   1.006936e-05  -1.834069e-05   0.000000e+00
0     1.035991e+02   0.000000e+00   0.000000e+00   0.000000e+00   0.000000e+00   0.000000e+00   0.000000e+00
1     1.035991e+02  -1.419910e-06  -3.012053e-06   0.000000e+00   1.892559e-05  -8.921638e-06   0.000000e+00
0     1.036991e+02   0.000000e+00   0.000000e+00   0.000000e+00   0.000000e+00   0.000000e+00   0.000000e+00
1     1.036991e+02   6.213048e-07  -3.271473e-06   0.000000e+00   2.055565e-05   3.903936e-06   0.000000e+00
0     1.037991e+02   0.000000e+00   0.000000e+00   0.000000e+00   0.000000e+00   0.000000e+00   0.000000e+00
1     1.037991e+02   2.425289e-06  -2.281768e-06   0.000000e+00   1.433706e-05   1.523898e-05   0.000000e+00
0     1.038990e+02   0.000000e+00   0.000000e+00   0.000000e+00   0.000000e+00   0.000000e+00   0.000000e+00
1     1.038990e+02   3.303234e-06  -4.208243e-07   0.000000e+00   2.644140e-06   2.075544e-05   0.000000e+00
0     1.039990e+02   0.000000e+00   0.000000e+00   0.000000e+00   0.000000e+00   0.000000e+00   0.000000e+00
1     1.039990e+02   2.919907e-06   1.600802e-06   0.000000e+00  -1.005845e-05   1.834689e-05   0.000000e+00
0     1.040990e+02   0.000000e+00   0.000000e+00   0.000000e+00   0.000000e+00   0.000000e+00   0.000000e+00
1     1.040990e+02   1.421674e-06   3.011194e-06   0.000000e+00  -1.892042e-05   8.932950e-06   0.000000e+00
0     1.041990e+02   0.000000e+00   0.000000e+00   0.000000e+00   0.000000e+00   0.000000e+00   0.000000e+00
1     1.041990e+02  -6.193968e-07   3.271825e-06   0.000000e+00  -2.055801e-05  -3.891795e-06   0.000000e+00
0     1.042990e+02   0.000000e+00   0.000000e+00   0.000000e+00   0.000000e+00   0.000000e+00   0.000000e+00
1     1.042990e+02  -2.423966e-06   2.283187e-06   0.000000e+00  -1.434603e-05  -1.523046e-05   0.000000e+00
0     1.043989e+02   0.000000e+00   0.000000e+00   0.000000e+00   0.000000e+00   0.000000e+00   0.000000e+00
1     1.043989e+02  -3.303009e-06   4.227730e-07   0.000000e+00  -2.656455e-06  -2.075372e-05   0.000000e+00
0     1.044989e+02   0.000000e+00   0.000000e+00   0.000000e+00   0.000000e+00   0.000000e+00   0.000000e+00
1     1.044989e+02  -2.920892e-06  -1.599065e-06   0.000000e+00   1.004736e-05  -1.835275e-05   0.000000e+00
0     1.045989e+02   0.000000e+00   0.000000e+00   0.000000e+00   0.000000e+00   0.000000e+00   0.000000e+00
1     1.045989e+02  -1.423520e-06  -3.010348e-06   0.000000e+00   1.891488e-05  -8.944324e-06   0.000000e+00
0     1.046989e+02   0.000000e+00   0.000000e+00   0.000000e+00   0.000000e+00   0.000000e+00   0.000000e+00
1     1.046989e+02   6.173821e-07  -3.272215e-06   0.000000e+00   2.056032e-05   3.879289e-06   0.000000e+00
0     1.047988e+02   0.000000e+00   0.000000e+00   0.000000e+00   0.000000e+00   0.000000e+00   0.000000e+00
1     1.047988e+02   2.422552e-06  -2.284674e-06   0.000000e+00   1.435532e-05   1.522178e-05   0.000000e+00
0     1.048988e+02   0.000000e+00   0.000000e+00   0.000000e+00   0.000000e+00   0.000000e+00   0.000000e+00
1     1.048988e+02   3.302726e-06  -4.247835e-07   0.000000e+00   2.669017e-06   2.075226e-05   0.000000e+00
0     1.049988e+02   0.000000e+00   0.000000e+00   0.000000e+00   0.000000e+00   0.000000e+00   0.000000e+00
1     1.049988e+02   2.921824e-06   1.597301e-06   0.000000e+00  -1.003645e-05   1.835893e-05   0.000000e+00
0     1.050988e+02   0.000000e+00   0.000000e+00   0.000000e+00   0.000000e+00   0.000000e+00   0.000000e+00
1     1.050988e+02   1.425281e-06   3.009487e-06   0.000000e+00  -1.890970e-05   8.955619e-06   0.000000e+00
0     1.051988e+02   0.000000e+00   0.000000e+00   0.000000e+00   0.000000e+00   0.000000e+00   0.000000e+00
1     1.051988e+02  -6.154757e-07   3.272565e-06   0.000000e+00  -2.056266e-05  -3.867158e-06   0.000000e+00
0     1.052987e+02   0.000000e+00   0.000000e+00   0.000000e+00   0.000000e+00   0.000000e+00   0.000000e+00
1     1.052987e+02  -2.421228e-06   2.286089e-06   0.000000e+00  -1.436427e-05  -1.521326e-05   0.000000e+00
0     1.053987e+02   0.000000e+00   0.000000e+00   0.000000e+00   0.000000e+00   0.000000e+00   0.000000e+00
1     1.053987e+02  -3.302499e-06   4.267297e-07   0.000000e+00  -2.681316e-06  -2.075052e-05   0.000000e+00
0     1.054987e+02   0.000000e+00   0.000000e+00   0.000000e+00   0.000000e+00   0.000000e+00   0.000000e+00
1     1.054987e+02  -2.922805e-06  -1.595565e-06   0.000000e+00   1.002537e-05  -1.836478e-05   0.000000e+00
0     1.055987e+02   0.000000e+00   0.000000e+00   0.000000e+00   0.000000e+00   0.000000e+00   0.000000e+00
1     1.055987e+02  -1.427124e-06  -3.008640e-06   0.000000e+00   1.890415e-05  -8.966974e-06   0.000000e+00
0     1.056987e+02   0.000000e+00   0.000000e+00   0.000000e+00   0.000000e+00   0.000000e+00   0.000000e+00
1     1.056987e+02   6.134626e-07  -3.272952e-06   0.000000e+00   2.056495e-05   3.854662e-06   0.000000e+00
0     1.057986e+02   0.000000e+00   0.000000e+00   0.000000e+00   0.000000e+00   0.000000e+00   0.000000e+00
1     1.057986e+02   2.419814e-06  -2.287573e-06   0.000000e+00   1.437354e-05   1.520458e-05   0.000000e+00
0     1.058986e+02   0.000000e+00   0.000000e+00   0.000000e+00   0.000000e+00   0.000000e+00   0.000000e+00
1     1.058986e+02   3.302215e-06  -4.287379e-07   0.000000e+00   2.693865e-06   2.074905e-05   0.000000e+00
0     1.059986e+02   0.000000e+00   0.000000e+00   0.000000e+00   0.000000e+00   0.000000e+00   0.000000e+00
1     1.059986e+02   2.923734e-06   1.593801e-06   0.000000e+00  -1.001446e-05   1.837094e-05   0.000000e+00
0     1.060986e+02   0.000000e+00   0.000000e+00   0.000000e+00   0.000000e+00   0.000000e+00   0.000000e+00
1     1.060986e+02   1.428883e-06   3.007779e-06   0.000000e+00  -1.889897e-05   8.978251e-06   0.000000e+00
0     1.061986e+02   0.000000e+00   0.000000e+00   0.000000e+00   0.000000e+00   0.000000e+00   0.000000e+00
1     1.061986e+02  -6.115578e-07   3.273299e-06   0.000000e+00  -2.056728e-05  -3.842541e-06   0.000000e+00
0     1.062985e+02   0.000000e+00   0.000000e+00   0.000000e+00   0.000000e+00   0.000000e+00   0.000000e+00
1     1.062985e+02  -2.418490e-06   2.288985e-06   0.000000e+00  -1.438247e-05  -1.519606e-05   0.000000e+00
0     1.063985e+02   0.000000e+00   0.000000e+00   0.000000e+00   0.000000e+00   0.000000e+00   0.000000e+00
1     1.063985e+02  -3.301986e-06   4.306818e-07   0.000000e+00  -2.706149e-06  -2.074730e-05   0.000000e+00
0     1.064985e+02   0.000000e+00   0.000000e+00   0.000000e+00   0.000000e+00   0.000000e+00   0.000000e+00
1     1.064985e+02  -2.924712e-06  -1.592066e-06   0.000000e+00   1.000338e-05  -1.837676e-05   0.000000e+00
0     1.065985e+02   0.000000e+00   0.000000e+00   0.000000e+00   0.000000e+00   0.000000e+00   0.000000e+00
1     1.065985e+02  -1.430723e-06  -3.006930e-06   0.000000e+00   1.889341e-05  -8.989588e-06   0.000000e+00
0     1.066984e+02   0.000000e+00   0.000000e+00   0.000000e+00   0.000000e+00   0.000000e+00   0.000000e+00
1     1.066984e+02   6.095463e-07  -3.273683e-06   0.000000e+00   2.056955e-05   3.830056e-06   0.000000e+00
0     1.067984e+02   0.000000e+00   0.000000e+00   0.000000e+00   0.000000e+00   0.000000e+00   0.000000e+00
1     1.067984e+02   2.417075e-06  -2.290466e-06   0.000000e+00   1.439172e-05   1.518738e-05   0.000000e+00
0     1.068984e+02   0.000000e+00   0.000000e+00   0.000000e+00   0.000000e+00   0.000000e+00   0.000000e+00
1     1.068984e+02   3.301699e-06  -4.326874e-07   0.000000e+00   2.718682e-06   2.074581e-05   0.000000e+00
0     1.069984e+02   0.000000e+00   0.000000e+00   0.000000e+00   0.000000e+00   0.000000e+00   0.000000e+00
1     1.069984e+02   2.925637e-06   1.590303e-06   0.000000e+00  -9.992483e-06   1.838290e-05   0.000000e+00
0     1.070984e+02   0.000000e+00   0.000000e+00   0.000000e+00   0.000000e+00   0.000000e+00   0.000000e+00
1     1.070984e+02   1.432479e-06   3.006067e-06   0.000000e+00  -1.888822e-05   9.000847e-06   0.000000e+00
0     1.071983e+02   0.000000e+00   0.000000e+00   0.000000e+00   0.000000e+00   0.000000e+00   0.000000e+00
1     1.071983e+02  -6.076431e-07   3.274027e-06   0.000000e+00  -2.057186e-05  -3.817945e-06   0.000000e+00
0     1.072983e+02   0.000000e+00   0.000000e+00   0.000000e+00   0.000000e+00   0.000000e+00   0.000000e+00
1     1.072983e+02  -2.415751e-06   2.291875e-06   0.000000e+00  -1.440063e-05  -1.517886e-05   0.000000e+00
0     1.073983e+02   0.000000e+00   0.000000e+00   0.000000e+00   0.000000e+00   0.000000e+00   0.000000e+00
1     1.073983e+02  -3.301468e-06   4.346290e-07   0.000000e+00  -2.730951e-06  -2.074405e-05   0.000000e+00
0     1.074983e+02   0.000000e+00   0.000000e+00   0.000000e+00   0.000000e+00   0.000000e+00   0.000000e+00
1     1.074983e+02  -2.926613e-06  -1.588568e-06   0.000000e+00   9.981408e-06  -1.838871e-05   0.000000e+00
0     1.075983e+02   0.000000e+00   0.000000e+00   0.000000e+00   0.000000e+00   0.000000e+00   0.000000e+00
1     1.075983e+02  -1.434316e-06  -3.005217e-06   0.000000e+00   1.888266e-05  -9.012165e-06   0.000000e+00
0     1.077000e+02   0.000000e+00   0.000000e+00   0.000000e+00   0.000000e+00   0.000000e+00   0.000000e+00
1     1.077000e+02   6.416829e-07  -3.267535e-06   0.000000e+00   2.053093e-05   4.031981e-06   0.000000e+00
0     1.078000e+02   0.000000e+00   0.000000e+00   0.000000e+00   0.000000e+00   0.000000e+00   0.000000e+00
1     1.078000e+02   2.439464e-06  -2.266605e-06   0.000000e+00   1.424180e-05   1.532806e-05   0.000000e+00
0     1.078999e+02   0.000000e+00   0.000000e+00   0.000000e+00   0.000000e+00   0.000000e+00   0.000000e+00
1     1.078999e+02   3.305791e-06  -4.002239e-07   0.000000e+00   2.514703e-06   2.077153e-05   0.000000e+00
0     1.079999e+02   0.000000e+00   0.000000e+00   0.000000e+00   0.000000e+00   0.000000e+00   0.000000e+00
1     1.079999e+02   2.909869e-06   1.618974e-06   0.000000e+00  -1.017263e-05   1.828383e-05   0.000000e+00
0     1.080999e+02   0.000000e+00   0.000000e+00   0.000000e+00   0.000000e+00   0.000000e+00   0.000000e+00
1     1.080999e+02   1.402871e-06   3.019998e-06   0.000000e+00  -1.897575e-05   8.814812e-06   0.000000e+00
0     1.081999e+02   0.000000e+00   0.000000e+00   0.000000e+00   0.000000e+00   0.000000e+00   0.000000e+00
1     1.081999e+02  -6.397855e-07   3.267898e-06   0.000000e+00  -2.053335e-05  -4.019907e-06   0.000000e+00
0     1.082999e+02   0.000000e+00   0.000000e+00   0.000000e+00   0.000000e+00   0.000000e+00   0.000000e+00
1     1.082999e+02  -2.438155e-06   2.268026e-06   0.000000e+00  -1.425078e-05  -1.531963e-05   0.000000e+00
0     1.083998e+02   0.000000e+00   0.000000e+00   0.000000e+00   0.000000e+00   0.000000e+00   0.000000e+00
1     1.083998e+02  -3.305579e-06   4.021660e-07   0.000000e+00  -2.526976e-06  -2.076989e-05   0.000000e+00
0     1.084998e+02   0.000000e+00   0.000000e+00   0.000000e+00   0.000000e+00   0.000000e+00   0.000000e+00
1     1.084998e+02  -2.910861e-06  -1.617250e-06   0.000000e+00   1.016163e-05  -1.828974e-05   0.000000e+00
0     1.085998e+02   0.000000e+00   0.000000e+00   0.000000e+00   0.000000e+00   0.000000e+00   0.000000e+00
1     1.085998e+02  -1.404715e-06  -3.019166e-06   0.000000e+00   1.897031e-05  -8.826174e-06   0.000000e+00
0     1.086998e+02   0.000000e+00   0.000000e+00   0.000000e+00   0.000000e+00   0.000000e+00   0.000000e+00
1     1.086998e+02   6.377812e-07  -3.268299e-06   0.000000e+00   2.053573e-05   4.007467e-06   0.000000e+00
0     1.087998e+02   0.000000e+00   0.000000e+00   0.000000e+00   0.000000e+00   0.000000e+00   0.000000e+00
1     1.087998e+02   2.436756e-06  -2.269515e-06   0.000000e+00   1.426009e-05   1.531105e-05   0.000000e+00
0     1.088997e+02   0.000000e+00   0.000000e+00   0.000000e+00   0.000000e+00   0.000000e+00   0.000000e+00
1     1.088997e+02   3.305310e-06  -4.041696e-07   0.000000e+00   2.539495e-06   2.076851e-05   0.000000e+00
0     1.089997e+02   0.000000e+00   0.000000e+00   0.000000e+00   0.000000e+00   0.000000e+00   0.000000e+00
1     1.089997e+02   2.911799e-06   1.615499e-06   0.000000e+00  -1.015080e-05   1.829596e-05   0.000000e+00
0     1.090997e+02   0.000000e+00   0.000000e+00   0.000000e+00   0.000000e+00   0.000000e+00   0.000000e+00
1     1.090997e+02   1.406474e-06   3.018321e-06   0.000000e+00  -1.896522e-05   8.837452e-06   0.000000e+00
0     1.091997e+02   0.000000e+00   0.000000e+00   0.000000e+00   0.000000e+00   0.000000e+00   0.000000e+00
1     1.091997e+02  -6.358853e-07   3.268659e-06   0.000000e+00  -2.053813e-05  -3.995402e-06   0.000000e+00
0     1.092996e+02   0.000000e+00   0.000000e+00   0.000000e+00   0.000000e+00   0.000000e+00   0.000000e+00
1     1.092996e+02  -2.435447e-06   2.270933e-06   0.000000e+00  -1.426905e-05  -1.530262e-05   0.000000e+00
0     1.093996e+02   0.000000e+00   0.000000e+00   0.000000e+00   0.000000e+00   0.000000e+00   0.000000e+00
1     1.093996e+02  -3.305097e-06   4.061094e-07   0.000000e+00  -2.551755e-06  -2.076686e-05   0.000000e+00
0     1.094996e+02   0.000000e+00   0.000000e+00   0.000000e+00   0.000000e+00   0.000000e+00   0.000000e+00
1     1.094996e+02  -2.912788e-06  -1.613776e-06   0.000000e+00   1.013980e-05  -1.830185e-05   0.000000e+00
0     1.095996e+02   0.000000e+00   0.000000e+00   0.000000e+00   0.000000e+00   0.000000e+00   0.000000e+00
1     1.095996e+02  -1.408315e-06  -3.017488e-06   0.000000e+00   1.895977e-05  -8.848796e-06   0.000000e+00
0     1.096996e+02   0.000000e+00   0.000000e+00   0.000000e+00   0.000000e+00   0.000000e+00   0.000000e+00
1     1.096996e+02   6.338827e-07  -3.269056e-06   0.000000e+00   2.054049e-05   3.982972e-06   0.000000e+00
0     1.097995e+02   0.000000e+00   0.000000e+00   0.000000e+00   0.000000e+00   0.000000e+00   0.000000e+00
1     1.097995e+02   2.434048e-06  -2.272419e-06   0.000000e+00   1.427834e-05   1.529403e-05   0.000000e+00
0     1.098995e+02   0.000000e+00   0.000000e+00   0.000000e+00   0.000000e+00   0.000000e+00   0.000000e+00
1     1.098995e+02   3.304826e-06  -4.081105e-07   0.000000e+00   2.564258e-06   2.076547e-05   0.000000e+00
0     1.099995e+02   0.000000e+00   0.000000e+00   0.000000e+00   0.000000e+00   0.000000e+00   0.000000e+00
1     1.099995e+02   2.913723e-06   1.612026e-06   0.000000e+00  -1.012898e-05   1.830805e-05   0.000000e+00
0     1.100995e+02   0.000000e+00   0.000000e+00   0.000000e+00   0.000000e+00   0.000000e+00   0.000000e+00
1     1.100995e+02   1.410071e-06   3.016642e-06   0.000000e+00  -1.895467e-05   8.860057e-06   0.000000e+00
0     1.101995e+02   0.000000e+00   0.000000e+00   0.000000e+00   0.000000e+00   0.000000e+00   0.000000e+00
1     1.101995e+02  -6.319884e-07   3.269414e-06   0.000000e+00  -2.054288e-05  -3.970917e-06   0.000000e+00
0     1.102994e+02   0.000000e+00   0.000000e+00   0.000000e+00   0.000000e+00   0.000000e+00   0.000000e+00
1     1.102994e+02  -2.432738e-06   2.273834e-06   0.000000e+00  -1.428728e-05  -1.528560e-05   0.000000e+00
0     1.103994e+02   0.000000e+00   0.000000e+00   0.000000e+00   0.000000e+00   0.000000e+00   0.000000e+00
1     1.103994e+02  -3.304610e-06   4.100480e-07   0.000000e+00  -2.576503e-06  -2.076380e-05   0.000000e+00
0     1.104994e+02   0.000000e+00   0.000000e+00   0.000000e+00   0.000000e+00   0.000000e+00   0.000000e+00
1     1.104994e+02  -2.914708e-06  -1.610304e-06   0.000000e+00   1.011799e-05  -1.831392e-05   0.000000e+00
0     1.105994e+02   0.000000e+00   0.000000e+00   0.000000e+00   0.000000e+00   0.000000e+00   0.000000e+00
1     1.105994e+02  -1.411909e-06  -3.015808e-06   0.000000e+00   1.894921e-05  -8.871382e-06   0.000000e+00
0     1.106993e+02   0.000000e+00   0.000000e+00   0.000000e+00   0.000000e+00   0.000000e+00   0.000000e+00
1     1.106993e+02   6.299874e-07  -3.269809e-06   0.000000e+00   2.054522e-05   3.958497e-06   0.000000e+00
0     1.107993e+02   0.000000e+00   0.000000e+00   0.000000e+00   0.000000e+00   0.000000e+00   0.000000e+00
1     1.107993e+02   2.431338e-06  -2.275317e-06   0.000000e+00   1.429655e-05   1.527701e-05   0.000000e+00
0     1.108993e+02   0.000000e+00   0.000000e+00   0.000000e+00   0.000000e+00   0.000000e+00   0.000000e+00
1     1.108993e+02   3.304337e-06  -4.120470e-07   0.000000e+00   2.588992e-06   2.076240e-05   0.000000e+00
0     1.109993e+02   0.000000e+00   0.000000e+00   0.000000e+00   0.000000e+00   0.000000e+00   0.000000e+00
1     1.109993e+02   2.915640e-06   1.608554e-06   0.000000e+00  -1.010717e-05   1.832010e-05   0.000000e+00
0     1.110993e+02   0.000000e+00   0.000000e+00   0.000000e+00   0.000000e+00   0.000000e+00   0.000000e+00
1     1.110993e+02   1.413662e-06   3.014960e-06   0.000000e+00  -1.894411e-05   8.882625e-06   0.000000e+00
0     1.111992e+02   0.000000e+00   0.000000e+00   0.000000e+00   0.000000e+00   0.000000e+00   0.000000e+00
1     1.111992e+02  -6.280946e-07   3.270164e-06   0.000000e+00  -2.054760e-05  -3.946452e-06   0.000000e+00
0     1.112992e+02   0.000000e+00   0.000000e+00   0.000000e+00   0.000000e+00   0.000000e+00   0.000000e+00
1     1.112992e+02  -2.430029e-06   2.276729e-06   0.000000e+00  -1.430547e-05  -1.526858e-05   0.000000e+00
0     1.113992e+02   0.000000e+00   0.000000e+00   0.000000e+00   0.000000e+00   0.000000e+00   0.000000e+00
1     1.113992e+02  -3.304119e-06   4.139819e-07   0.000000e+00  -2.601221e-06  -2.076072e-05   0.000000e+00
0     1.114992e+02   0.000000e+00   0.000000e+00   0.000000e+00   0.000000e+00   0.000000e+00   0.000000e+00
1     1.114992e+02  -2.916623e-06  -1.606833e-06   0.000000e+00   1.009618e-05  -1.832595e-05   0.000000e+00
0     1.115992e+02   0.000000e+00   0.000000e+00   0.000000e+00   0.000000e+00   0.000000e+00   0.000000e+00
1     1.115992e+02  -1.415498e-06  -3.014125e-06   0.000000e+00   1.893864e-05  -8.893931e-06   0.000000e+00
0     1.116991e+02   0.000000e+00   0.000000e+00   0.000000e+00   0.000000e+00   0.000000e+00   0.000000e+00
1     1.116991e+02   6.260952e-07  -3.270556e-06   0.000000e+00   2.054992e-05   3.934042e-06   0.000000e+00
0     1.117991e+02   0.000000e+00   0.000000e+00   0.000000e+00   0.000000e+00   0.000000e+00   0.000000e+00
1     1.117991e+02   2.428629e-06  -2.278208e-06   0.000000e+00   1.431472e-05   1.525999e-05   0.000000e+00
0     1.118991e+02   0.000000e+00   0.000000e+00   0.000000e+00   0.000000e+00   0.000000e+00   0.000000e+00
1     1.118991e+02   3.303844e-06  -4.159785e-07   0.000000e+00   2.613696e-06   2.075931e-05   0.000000e+00
0     1.119991e+02   0.000000e+00   0.000000e+00   0.000000e+00   0.000000e+00   0.000000e+00   0.000000e+00
1     1.119991e+02   2.917552e-06   1.605084e-06   0.000000e+00  -1.008537e-05   1.833211e-05   0.000000e+00
0     1.120990e+02   0.000000e+00   0.000000e+00   0.000000e+00   0.000000e+00   0.000000e+00   0.000000e+00
1     1.120990e+02   1.417248e-06   3.013275e-06   0.000000e+00  -1.893353e-05   8.905156e-06   0.000000e+00
0     1.121990e+02   0.000000e+00   0.000000e+00   0.000000e+00   0.000000e+00   0.000000e+00   0.000000e+00
1     1.121990e+02  -6.242041e-07   3.270908e-06   0.000000e+00  -2.055228e-05  -3.922007e-06   0.000000e+00
0     1.122990e+02   0.000000e+00   0.000000e+00   0.000000e+00   0.000000e+00   0.000000e+00   0.000000e+00
1     1.122990e+02  -2.427319e-06   2.279617e-06   0.000000e+00  -1.432362e-05  -1.525155e-05   0.000000e+00
0     1.123990e+02   0.000000e+00   0.000000e+00   0.000000e+00   0.000000e+00   0.000000e+00   0.000000e+00
1     1.123990e+02  -3.303624e-06   4.179111e-07   0.000000e+00  -2.625910e-06  -2.075762e-05   0.000000e+00
0     1.124990e+02   0.000000e+00   0.000000e+00   0.000000e+00   0.000000e+00   0.000000e+00   0.000000e+00
1     1.124990e+02  -2.918531e-06  -1.603363e-06   0.000000e+00   1.007438e-05  -1.833794e-05   0.000000e+00
0     1.125989e+02   0.000000e+00   0.000000e+00   0.000000e+00   0.000000e+00   0.000000e+00   0.000000e+00
1     1.125989e+02  -1.419081e-06  -3.012439e-06   0.000000e+00   1.892805e-05  -8.916445e-06   0.000000e+00
0     1.126989e+02   0.000000e+00   0.000000e+00   0.000000e+00   0.000000e+00   0.000000e+00   0.000000e+00
1     1.126989e+02   6.222063e-07  -3.271298e-06   0.000000e+00   2.055459e-05   3.909607e-06   0.000000e+00
0     1.127989e+02   0.000000e+00   0.000000e+00   0.000000e+00   0.000000e+00   0.000000e+00   0.000000e+00
1     1.127989e+02   2.425918e-06  -2.281094e-06   0.000000e+00   1.433285e-05   1.524296e-05   0.000000e+00
0     1.128989e+02   0.000000e+00   0.000000e+00   0.000000e+00   0.000000e+00   0.000000e+00   0.000000e+00
1     1.128989e+02   3.303346e-06  -4.199053e-07   0.000000e+00   2.638370e-06   2.075619e-05   0.000000e+00
0     1.129989e+02   0.000000e+00   0.000000e+00   0.000000e+00   0.000000e+00   0.000000e+00   0.000000e+00
1     1.129989e+02   2.919457e-06   1.601615e-06   0.000000e+00  -1.006357e-05   1.834409e-05   0.000000e+00
0     1.130988e+02   0.000000e+00   0.000000e+00   0.000000e+00   0.000000e+00   0.000000e+00   0.000000e+00
1     1.130988e+02   1.420828e-06   3.011589e-06   0.000000e+00  -1.892293e-05   8.927651e-06   0.000000e+00
0     1.131988e+02   0.000000e+00   0.000000e+00   0.000000e+00   0.000000e+00   0.000000e+00   0.000000e+00
1     1.131988e+02  -6.203168e-07   3.271647e-06   0.000000e+00  -2.055693e-05  -3.897583e-06   0.000000e+00
0     1.132988e+02   0.000000e+00   0.000000e+00   0.000000e+00   0.000000e+00   0.000000e+00   0.000000e+00
1     1.132988e+02  -2.424608e-06   2.282499e-06   0.000000e+00  -1.434173e-05  -1.523453e-05   0.000000e+00
0     1.133988e+02   0.000000e+00   0.000000e+00   0.000000e+00   0.000000e+00   0.000000e+00   0.000000e+00
1     1.133988e+02  -3.303124e-06   4.218356e-07   0.000000e+00  -2.650569e-06  -2.075448e-05   0.000000e+00
0     1.134988e+02   0.000000e+00   0.000000e+00   0.000000e+00   0.000000e+00   0.000000e+00   0.000000e+00
1     1.134988e+02  -2.920433e-06  -1.599895e-06   0.000000e+00   1.005259e-05  -1.834990e-05   0.000000e+00
0     1.135987e+02   0.000000e+00   0.000000e+00   0.000000e+00   0.000000e+00   0.000000e+00   0.000000e+00
1     1.135987e+02  -1.422658e-06  -3.010751e-06   0.000000e+00   1.891745e-05  -8.938921e-06   0.000000e+00
0     1.136987e+02   0.000000e+00   0.000000e+00   0.000000e+00   0.000000e+00   0.000000e+00   0.000000e+00
1     1.136987e+02   6.183205e-07  -3.272034e-06   0.000000e+00   2.055922e-05   3.885193e-06   0.000000e+00
0     1.137987e+02   0.000000e+00   0.000000e+00   0.000000e+00   0.000000e+00   0.000000e+00   0.000000e+00
1     1.137987e+02   2.423207e-06  -2.283973e-06   0.000000e+00   1.435094e-05   1.522593e-05   0.000000e+00
0     1.138987e+02   0.000000e+00   0.000000e+00   0.000000e+00   0.000000e+00   0.000000e+00   0.000000e+00
1     1.138987e+02   3.302845e-06  -4.238275e-07   0.000000e+00   2.663015e-06   2.075304e-05   0.000000e+00
0     1.139986e+02   0.000000e+00   0.000000e+00   0.000000e+00   0.000000e+00   0.000000e+00   0.000000e+00
1     1.139986e+02   2.921356e-06   1.598147e-06   0.000000e+00  -1.004179e-05   1.835603e-05   0.000000e+00
0     1.140986e+02   0.000000e+00   0.000000e+00   0.000000e+00   0.000000e+00   0.000000e+00   0.000000e+00
1     1.140986e+02   1.424402e-06   3.009899e-06   0.000000e+00  -1.891232e-05   8.950111e-06   0.000000e+00
0     1.141986e+02   0.000000e+00   0.000000e+00   0.000000e+00   0.000000e+00   0.000000e+00   0.000000e+00
1     1.141986e+02  -6.164326e-07   3.272381e-06   0.000000e+00  -2.056154e-05  -3.873178e-06   0.000000e+00
0     1.142986e+02   0.000000e+00   0.000000e+00   0.000000e+00   0.000000e+00   0.000000e+00   0.000000e+00
1     1.142986e+02  -2.421897e-06   2.285375e-06   0.000000e+00  -1.435981e-05  -1.521749e-05   0.000000e+00
0     1.143986e+02   0.000000e+00   0.000000e+00   0.000000e+00   0.000000e+00   0.000000e+00   0.000000e+00
1     1.143986e+02  -3.302621e-06   4.257553e-07   0.000000e+00  -2.675199e-06  -2.075133e-05   0.000000e+00
0     1.144985e+02   0.000000e+00   0.000000e+00   0.000000e+00   0.000000e+00   0.000000e+00   0.000000e+00
1     1.144985e+02  -2.922329e-06  -1.596428e-06   0.000000e+00   1.003081e-05  -1.836182e-05   0.000000e+00
0     1.145985e+02   0.000000e+00   0.000000e+00   0.000000e+00   0.000000e+00   0.000000e+00   0.000000e+00
1     1.145985e+02  -1.426229e-06  -3.009060e-06   0.000000e+00   1.890683e-05  -8.961362e-06   0.000000e+00
0     1.146985e+02   0.000000e+00   0.000000e+00   0.000000e+00   0.000000e+00   0.000000e+00   0.000000e+00
1     1.146985e+02   6.144380e-07  -3.272765e-06   0.000000e+00   2.056381e-05   3.860798e-06   0.000000e+00
0     1.147985e+02   0.000000e+00   0.000000e+00   0.000000e+00   0.000000e+00   0.000000e+00   0.000000e+00
1     1.147985e+02   2.420496e-06  -2.286845e-06   0.000000e+00   1.436900e-05   1.520890e-05   0.000000e+00
0     1.148985e+02   0.000000e+00   0.000000e+00   0.000000e+00   0.000000e+00   0.000000e+00   0.000000e+00
1     1.148985e+02   3.302340e-06  -4.277449e-07   0.000000e+00   2.687630e-06   2.074987e-05   0.000000e+00
0     1.149984e+02   0.000000e+00   0.000000e+00   0.000000e+00   0.000000e+00   0.000000e+00   0.000000e+00
1     1.149984e+02   2.923249e-06   1.594681e-06   0.000000e+00  -1.002001e-05   1.836793e-05   0.000000e+00
0     1.150984e+02   0.000000e+00   0.000000e+00   0.000000e+00   0.000000e+00   0.000000e+00   0.000000e+00
1     1.150984e+02   1.427970e-06   3.008207e-06   0.000000e+00  -1.890170e-05   8.972534e-06   0.000000e+00
0     1.151984e+02   0.000000e+00   0.000000e+00   0.000000e+00   0.000000e+00   0.000000e+00   0.000000e+00
1     1.151984e+02  -6.125517e-07   3.273109e-06   0.000000e+00  -2.056612e-05  -3.848794e-06   0.000000e+00
0     1.152984e+02   0.000000e+00   0.000000e+00   0.000000e+00   0.000000e+00   0.000000e+00   0.000000e+00
1     1.152984e+02  -2.419185e-06   2.288245e-06   0.000000e+00  -1.437784e-05  -1.520046e-05   0.000000e+00
0     1.153983e+02   0.000000e+00   0.000000e+00   0.000000e+00   0.000000e+00   0.000000e+00   0.000000e+00
1     1.153983e+02  -3.302114e-06   4.296704e-07   0.000000e+00  -2.699799e-06  -2.074814e-05   0.000000e+00
0     1.154983e+02   0.000000e+00   0.000000e+00   0.000000e+00   0.000000e+00   0.000000e+00   0.000000e+00
1     1.154983e+02  -2.924219e-06  -1.592963e-06   0.000000e+00   1.000903e-05  -1.837370e-05   0.000000e+00
0     1.155983e+02   0.000000e+00   0.000000e+00   0.000000e+00   0.000000e+00   0.000000e+00   0.000000e+00
1     1.155983e+02  -1.429794e-06  -3.007367e-06   0.000000e+00   1.889620e-05  -8.983767e-06   0.000000e+00
0     1.156983e+02   0.000000e+00   0.000000e+00   0.000000e+00   0.000000e+00   0.000000e+00   0.000000e+00
1     1.156983e+02   6.105587e-07  -3.273490e-06   0.000000e+00   2.056838e-05   3.836424e-06   0.000000e+00
0     1.157983e+02   0.000000e+00   0.000000e+00   0.000000e+00   0.000000e+00   0.000000e+00   0.000000e+00
1     1.157983e+02   2.417784e-06  -2.289712e-06   0.000000e+00   1.438701e-05   1.519186e-05   0.000000e+00
0     1.159000e+02   0.000000e+00   0.000000e+00   0.000000e+00   0.000000e+00   0.000000e+00   0.000000e+00
1     1.159000e+02   3.306387e-06  -3.952422e-07   0.000000e+00   2.483405e-06   2.077530e-05   0.000000e+00
0     1.160000e+02   0.000000e+00   0.000000e+00   0.000000e+00   0.000000e+00   0.000000e+00   0.000000e+00
1     1.160000e+02   2.907422e-06   1.623357e-06   0.000000e+00  -1.020019e-05   1.826848e-05   0.000000e+00
0     1.161000e+02   0.000000e+00   0.000000e+00   0.000000e+00   0.000000e+00   0.000000e+00   0.000000e+00
1     1.161000e+02   1.398311e-06   3.022108e-06   0.000000e+00  -1.898904e-05   8.786178e-06   0.000000e+00
0     1.161999e+02   0.000000e+00   0.000000e+00   0.000000e+00   0.000000e+00   0.000000e+00   0.000000e+00
1     1.161999e+02  -6.447176e-07   3.266925e-06   0.000000e+00  -2.052727e-05  -4.050904e-06   0.000000e+00
0     1.162999e+02   0.000000e+00   0.000000e+00   0.000000e+00   0.000000e+00   0.000000e+00   0.000000e+00
1     1.162999e+02  -2.441576e-06   2.264338e-06   0.000000e+00  -1.422763e-05  -1.534115e-05   0.000000e+00
0     1.163999e+02   0.000000e+00   0.000000e+00   0.000000e+00   0.000000e+00   0.000000e+00   0.000000e+00
1     1.163999e+02  -3.306180e-06   3.971682e-07   0.000000e+00  -2.495578e-06  -2.077369e-05   0.000000e+00
0     1.164999e+02   0.000000e+00   0.000000e+00   0.000000e+00   0.000000e+00   0.000000e+00   0.000000e+00
1     1.164999e+02  -2.908408e-06  -1.621650e-06   0.000000e+00   1.018929e-05  -1.827435e-05   0.000000e+00
0     1.165998e+02   0.000000e+00   0.000000e+00   0.000000e+00   0.000000e+00   0.000000e+00   0.000000e+00
1     1.165998e+02  -1.400142e-06  -3.021286e-06   0.000000e+00   1.898365e-05  -8.797454e-06   0.000000e+00
0     1.166998e+02   0.000000e+00   0.000000e+00   0.000000e+00   0.000000e+00   0.000000e+00   0.000000e+00
1     1.166998e+02   6.427302e-07  -3.267325e-06   0.000000e+00   2.052964e-05   4.038569e-06   0.000000e+00
0     1.167998e+02   0.000000e+00   0.000000e+00   0.000000e+00   0.000000e+00   0.000000e+00   0.000000e+00
1     1.167998e+02   2.440191e-06  -2.265817e-06   0.000000e+00   1.423687e-05   1.533265e-05   0.000000e+00
0     1.168998e+02   0.000000e+00   0.000000e+00   0.000000e+00   0.000000e+00   0.000000e+00   0.000000e+00
1     1.168998e+02   3.305916e-06  -3.991556e-07   0.000000e+00   2.507994e-06   2.077235e-05   0.000000e+00
0     1.169998e+02   0.000000e+00   0.000000e+00   0.000000e+00   0.000000e+00   0.000000e+00   0.000000e+00
1     1.169998e+02   2.909341e-06   1.619915e-06   0.000000e+00  -1.017857e-05   1.828054e-05   0.000000e+00
0     1.170997e+02   0.000000e+00   0.000000e+00   0.000000e+00   0.000000e+00   0.000000e+00   0.000000e+00
1     1.170997e+02   1.401887e-06   3.020450e-06   0.000000e+00  -1.897863e-05   8.808645e-06   0.000000e+00
0     1.171997e+02   0.000000e+00   0.000000e+00   0.000000e+00   0.000000e+00   0.000000e+00   0.000000e+00
1     1.171997e+02  -6.408512e-07   3.267685e-06   0.000000e+00  -2.053205e-05  -4.026611e-06   0.000000e+00
0     1.172997e+02   0.000000e+00   0.000000e+00   0.000000e+00   0.000000e+00   0.000000e+00   0.000000e+00
1     1.172997e+02  -2.438895e-06   2.267225e-06   0.000000e+00  -1.424577e-05  -1.532431e-05   0.000000e+00
0     1.173997e+02   0.000000e+00   0.000000e+00   0.000000e+00   0.000000e+00   0.000000e+00   0.000000e+00
1     1.173997e+02  -3.305707e-06   4.010792e-07   0.000000e+00  -2.520153e-06  -2.077073e-05   0.000000e+00
0     1.174997e+02   0.000000e+00   0.000000e+00   0.000000e+00   0.000000e+00   0.000000e+00   0.000000e+00
1     1.174997e+02  -2.910324e-06  -1.618208e-06   0.000000e+00   1.016766e-05  -1.828640e-05   0.000000e+00
0     1.175996e+02   0.000000e+00   0.000000e+00   0.000000e+00   0.000000e+00   0.000000e+00   0.000000e+00
1     1.175996e+02  -1.403714e-06  -3.019627e-06   0.000000e+00   1.897324e-05  -8.819902e-06   0.000000e+00
0     1.176996e+02   0.000000e+00   0.000000e+00   0.000000e+00   0.000000e+00   0.000000e+00   0.000000e+00
1     1.176996e+02   6.388656e-07  -3.268083e-06   0.000000e+00   2.053441e-05   4.014287e-06   0.000000e+00
0     1.177996e+02   0.000000e+00   0.000000e+00   0.000000e+00   0.000000e+00   0.000000e+00   0.000000e+00
1     1.177996e+02   2.437509e-06  -2.268700e-06   0.000000e+00   1.425499e-05   1.531581e-05   0.000000e+00
0     1.178996e+02   0.000000e+00   0.000000e+00   0.000000e+00   0.000000e+00   0.000000e+00   0.000000e+00
1     1.178996e+02   3.305441e-06  -4.030643e-07   0.000000e+00   2.532555e-06   2.076937e-05   0.000000e+00
0     1.179995e+02   0.000000e+00   0.000000e+00   0.000000e+00   0.000000e+00   0.000000e+00   0.000000e+00
1     1.179995e+02   2.911254e-06   1.616474e-06   0.000000e+00  -1.015695e-05   1.829256e-05   0.000000e+00
0     1.180995e+02   0.000000e+00   0.000000e+00   0.000000e+00   0.000000e+00   0.000000e+00   0.000000e+00
1     1.180995e+02   1.405456e-06   3.018790e-06   0.000000e+00  -1.896820e-05   8.831076e-06   0.000000e+00
0     1.181995e+02   0.000000e+00   0.000000e+00   0.000000e+00   0.000000e+00   0.000000e+00   0.000000e+00
1     1.181995e+02  -6.369881e-07   3.268440e-06   0.000000e+00  -2.053680e-05  -4.002338e-06   0.000000e+00
0     1.182995e+02   0.000000e+00   0.000000e+00   0.000000e+00   0.000000e+00   0.000000e+00   0.000000e+00
1     1.182995e+02  -2.436213e-06   2.270105e-06   0.000000e+00  -1.426387e-05  -1.530746e-05   0.000000e+00
0     1.183995e+02   0.000000e+00   0.000000e+00   0.000000e+00   0.000000e+00   0.000000e+00   0.000000e+00
1     1.183995e+02  -3.305230e-06   4.049856e-07   0.000000e+00  -2.544698e-06  -2.076774e-05   0.000000e+00
0     1.184994e+02   0.000000e+00   0.000000e+00   0.000000e+00   0.000000e+00   0.000000e+00   0.000000e+00
1     1.184994e+02  -2.912234e-06  -1.614768e-06   0.000000e+00   1.014605e-05  -1.829840e-05   0.000000e+00
0     1.185994e+02   0.000000e+00   0.000000e+00   0.000000e+00   0.000000e+00   0.000000e+00   0.000000e+00
1     1.185994e+02  -1.407281e-06  -3.017966e-06   0.000000e+00   1.896280e-05  -8.842315e-06   0.000000e+00
0     1.186994e+02   0.000000e+00   0.000000e+00   0.000000e+00   0.000000e+00   0.000000e+00   0.000000e+00
1     1.186994e+02   6.350039e-07  -3.268835e-06   0.000000e+00   2.053914e-05   3.990024e-06   0.000000e+00
0     1.187994e+02   0.000000e+00   0.000000e+00   0.000000e+00   0.000000e+00   0.000000e+00   0.000000e+00
1     1.187994e+02   2.434827e-06  -2.271578e-06   0.000000e+00   1.427308e-05   1.529896e-05   0.000000e+00
0     1.188994e+02   0.000000e+00   0.000000e+00   0.000000e+00   0.000000e+00   0.000000e+00   0.000000e+00
1     1.188994e+02   3.304962e-06  -4.069683e-07   0.000000e+00   2.557086e-06   2.076637e-05   0.000000e+00
0     1.189993e+02   0.000000e+00   0.000000e+00   0.000000e+00   0.000000e+00   0.000000e+00   0.000000e+00
1     1.189993e+02   2.913160e-06   1.613034e-06   0.000000e+00  -1.013534e-05   1.830455e-05   0.000000e+00
0     1.190993e+02   0.000000e+00   0.000000e+00   0.000000e+00   0.000000e+00   0.000000e+00   0.000000e+00
1     1.190993e+02   1.409020e-06   3.017128e-06   0.000000e+00  -1.895776e-05   8.853470e-06   0.000000e+00
0     1.191993e+02   0.000000e+00   0.000000e+00   0.000000e+00   0.000000e+00   0.000000e+00   0.000000e+00
1     1.191993e+02  -6.331283e-07   3.269189e-06   0.000000e+00  -2.054151e-05  -3.978086e-06   0.000000e+00
0     1.192993e+02   0.000000e+00   0.000000e+00   0.000000e+00   0.000000e+00   0.000000e+00   0.000000e+00
1     1.192993e+02  -2.433531e-06   2.272980e-06   0.000000e+00  -1.428194e-05  -1.529061e-05   0.000000e+00
0     1.193992e+02   0.000000e+00   0.000000e+00   0.000000e+00   0.000000e+00   0.000000e+00   0.000000e+00
1     1.193992e+02  -3.304750e-06   4.088872e-07   0.000000e+00  -2.569213e-06  -2.076472e-05   0.000000e+00
0     1.194992e+02   0.000000e+00   0.000000e+00   0.000000e+00   0.000000e+00   0.000000e+00   0.000000e+00
1     1.194992e+02  -2.914137e-06  -1.611329e-06   0.000000e+00   1.012444e-05  -1.831036e-05   0.000000e+00
0     1.195992e+02   0.000000e+00   0.000000e+00   0.000000e+00   0.000000e+00   0.000000e+00   0.000000e+00
1     1.195992e+02  -1.410842e-06  -3.016303e-06   0.000000e+00   1.895236e-05  -8.864690e-06   0.000000e+00
0     1.196992e+02   0.000000e+00   0.000000e+00   0.000000e+00   0.000000e+00   0.000000e+00   0.000000e+00
1     1.196992e+02   6.311457e-07  -3.269581e-06   0.000000e+00   2.054383e-05   3.965782e-06   0.000000e+00
0     1.197992e+02   0.000000e+00   0.000000e+00   0.000000e+00   0.000000e+00   0.000000e+00   0.000000e+00
1     1.197992e+02   2.432145e-06  -2.274449e-06   0.000000e+00   1.429112e-05   1.528210e-05   0.000000e+00
0     1.198991e+02   0.000000e+00   0.000000e+00   0.000000e+00   0.000000e+00   0.000000e+00   0.000000e+00
1     1.198991e+02   3.304480e-06  -4.108676e-07   0.000000e+00   2.581587e-06   2.076334e-05   0.000000e+00
0     1.199991e+02   0.000000e+00   0.000000e+00   0.000000e+00   0.000000e+00   0.000000e+00   0.000000e+00
1     1.199991e+02   2.915061e-06   1.609596e-06   0.000000e+00  -1.011373e-05   1.831649e-05   0.000000e+00
0     1.200991e+02   0.000000e+00   0.000000e+00   0.000000e+00   0.000000e+00   0.000000e+00   0.000000e+00
1     1.200991e+02   1.412578e-06   3.015463e-06   0.000000e+00  -1.894731e-05   8.875828e-06   0.000000e+00
0     1.201991e+02   0.000000e+00   0.000000e+00   0.000000e+00   0.000000e+00   0.000000e+00   0.000000e+00
1     1.201991e+02  -6.292715e-07   3.269933e-06   0.000000e+00  -2.054619e-05  -3.953854e-06   0.000000e+00
0     1.202991e+02   0.000000e+00   0.000000e+00   0.000000e+00   0.000000e+00   0.000000e+00   0.000000e+00
1     1.202991e+02  -2.430848e-06   2.275848e-06   0.000000e+00  -1.429996e-05  -1.527375e-05   0.000000e+00
0     1.203990e+02   0.000000e+00   0.000000e+00   0.000000e+00   0.000000e+00   0.000000e+00   0.000000e+00
1     1.203990e+02  -3.304265e-06   4.127841e-07   0.000000e+00  -2.593700e-06  -2.076168e-05   0.000000e+00
0     1.204990e+02   0.000000e+00   0.000000e+00   0.000000e+00   0.000000e+00   0.000000e+00   0.000000e+00
1     1.204990e+02  -2.916035e-06  -1.607891e-06   0.000000e+00   1.010284e-05  -1.832229e-05   0.000000e+00
0     1.205990e+02   0.000000e+00   0.000000e+00   0.000000e+00   0.000000e+00   0.000000e+00   0.000000e+00
1     1.205990e+02  -1.414397e-06  -3.014637e-06   0.000000e+00   1.894189e-05  -8.887030e-06   0.000000e+00
0     1.206990e+02   0.000000e+00   0.000000e+00   0.000000e+00   0.000000e+00   0.000000e+00   0.000000e+00
1     1.206990e+02   6.272907e-07  -3.270323e-06   0.000000e+00   2.054849e-05   3.941560e-06   0.000000e+00
0     1.207990e+02   0.000000e+00   0.000000e+00   0.000000e+00   0.000000e+00   0.000000e+00   0.000000e+00
1     1.207990e+02   2.429461e-06  -2.277314e-06   0.000000e+00   1.430913e-05   1.526525e-05   0.000000e+00
0     1.208989e+02   0.000000e+00   0.000000e+00   0.000000e+00   0.000000e+00   0.000000e+00   0.000000e+00
1     1.208989e+02   3.303993e-06  -4.147621e-07   0.000000e+00   2.606058e-06   2.076028e-05   0.000000e+00
0     1.209989e+02   0.000000e+00   0.000000e+00   0.000000e+00   0.000000e+00   0.000000e+00   0.000000e+00
1     1.209989e+02   2.916956e-06   1.606159e-06   0.000000e+00  -1.009214e-05   1.832840e-05   0.000000e+00
0     1.210989e+02   0.000000e+00   0.000000e+00   0.000000e+00   0.000000e+00   0.000000e+00   0.000000e+00
1     1.210989e+02   1.416131e-06   3.013796e-06   0.000000e+00  -1.893684e-05   8.898151e-06   0.000000e+00
0     1.211989e+02   0.000000e+00   0.000000e+00   0.000000e+00   0.000000e+00   0.000000e+00   0.000000e+00
1     1.211989e+02  -6.254180e-07   3.270672e-06   0.000000e+00  -2.055084e-05  -3.929642e-06   0.000000e+00
0     1.212988e+02   0.000000e+00   0.000000e+00   0.000000e+00   0.000000e+00   0.000000e+00   0.000000e+00
1     1.212988e+02  -2.428165e-06   2.278710e-06   0.000000e+00  -1.431795e-05  -1.525690e-05   0.000000e+00
0     1.213988e+02   0.000000e+00   0.000000e+00   0.000000e+00   0.000000e+00   0.000000e+00   0.000000e+00
1     1.213988e+02  -3.303776e-06   4.166763e-07   0.000000e+00  -2.618156e-06  -2.075861e-05   0.000000e+00
0     1.214988e+02   0.000000e+00   0.000000e+00   0.000000e+00   0.000000e+00   0.000000e+00   0.000000e+00
1     1.214988e+02  -2.917927e-06  -1.604455e-06   0.000000e+00   1.008126e-05  -1.833418e-05   0.000000e+00
0     1.215988e+02   0.000000e+00   0.000000e+00   0.000000e+00   0.000000e+00   0.000000e+00   0.000000e+00
1     1.215988e+02  -1.417947e-06  -3.012969e-06   0.000000e+00   1.893141e-05  -8.909335e-06   0.000000e+00
0     1.216988e+02   0.000000e+00   0.000000e+00   0.000000e+00   0.000000e+00   0.000000e+00   0.000000e+00
1     1.216988e+02   6.234387e-07  -3.271059e-06   0.000000e+00   2.055312e-05   3.917358e-06   0.000000e+00
0     1.217987e+02   0.000000e+00   0.000000e+00   0.000000e+00   0.000000e+00   0.000000e+00   0.000000e+00
1     1.217987e+02   2.426778e-06  -2.280174e-06   0.000000e+00   1.432710e-05   1.524839e-05   0.000000e+00
0     1.218987e+02   0.000000e+00   0.000000e+00   0.000000e+00   0.000000e+00   0.000000e+00   0.000000e+00
1     1.218987e+02   3.303501e-06  -4.186521e-07   0.000000e+00   2.630501e-06   2.075720e-05   0.000000e+00
0     1.219987e+02   0.000000e+00   0.000000e+00   0.000000e+00   0.000000e+00   0.000000e+00   0.000000e+00
1     1.219987e+02   2.918844e-06   1.602723e-06   0.000000e+00  -1.007056e-05   1.834027e-05   0.000000e+00
0     1.220987e+02   0.000000e+00   0.000000e+00   0.000000e+00   0.000000e+00   0.000000e+00   0.000000e+00
1     1.220987e+02   1.419677e-06   3.012127e-06   0.000000e+00  -1.892635e-05   8.920438e-06   0.000000e+00
0     1.221987e+02   0.000000e+00   0.000000e+00   0.000000e+00   0.000000e+00   0.000000e+00   0.000000e+00
1     1.221987e+02  -6.215677e-07   3.271405e-06   0.000000e+00  -2.055545e-05  -3.905450e-06   0.000000e+00
0     1.222986e+02   0.000000e+00   0.000000e+00   0.000000e+00   0.000000e+00   0.000000e+00   0.000000e+00
1     1.222986e+02  -2.425481e-06   2.281566e-06   0.000000e+00  -1.433589e-05  -1.524004e-05   0.000000e+00
0     1.223986e+02   0.000000e+00   0.000000e+00   0.000000e+00   0.000000e+00   0.000000e+00   0.000000e+00
1     1.223986e+02  -3.303283e-06   4.205638e-07   0.000000e+00  -2.642583e-06  -2.075552e-05   0.000000e+00
0     1.224986e+02   0.000000e+00   0.000000e+00   0.000000e+00   0.000000e+00   0.000000e+00   0.000000e+00
1     1.224986e+02  -2.919812e-06  -1.601020e-06   0.000000e+00   1.005968e-05  -1.834603e-05   0.000000e+00
0     1.225986e+02   0.000000e+00   0.000000e+00   0.000000e+00   0.000000e+00   0.000000e+00   0.000000e+00
1     1.225986e+02  -1.421490e-06  -3.011298e-06   0.000000e+00   1.892092e-05  -8.931603e-06   0.000000e+00
0     1.226985e+02   0.000000e+00   0.000000e+00   0.000000e+00   0.000000e+00   0.000000e+00   0.000000e+00
1     1.226985e+02   6.195900e-07  -3.271790e-06   0.000000e+00   2.055772e-05   3.893176e-06   0.000000e+00
0     1.227985e+02   0.000000e+00   0.000000e+00   0.000000e+00   0.000000e+00   0.000000e+00   0.000000e+00
1     1.227985e+02   2.424094e-06  -2.283026e-06   0.000000e+00   1.434502e-05   1.523153e-05   0.000000e+00
0     1.228985e+02   0.000000e+00   0.000000e+00   0.000000e+00   0.000000e+00   0.000000e+00   0.000000e+00
1     1.228985e+02   3.303006e-06  -4.225373e-07   0.000000e+00   2.654913e-06   2.075409e-05   0.000000e+00
0     1.229985e+02   0.000000e+00   0.000000e+00   0.000000e+00   0.000000e+00   0.000000e+00   0.000000e+00
1     1.229985e+02   2.920727e-06   1.599289e-06   0.000000e+00  -1.004898e-05   1.835210e-05   0.000000e+00
0     1.230985e+02   0.000000e+00   0.000000e+00   0.000000e+00   0.000000e+00   0.000000e+00   0.000000e+00
1     1.230985e+02   1.423218e-06   3.010455e-06   0.000000e+00  -1.891585e-05   8.942688e-06   0.000000e+00
0     1.231984e+02   0.000000e+00   0.000000e+00   0.000000e+00   0.000000e+00   0.000000e+00   0.000000e+00
1     1.231984e+02  -6.177206e-07   3.272134e-06   0.000000e+00  -2.056003e-05  -3.881278e-06   0.000000e+00
0     1.232984e+02   0.000000e+00   0.000000e+00   0.000000e+00   0.000000e+00   0.000000e+00   0.000000e+00
1     1.232984e+02  -2.422797e-06   2.284416e-06   0.000000e+00  -1.435380e-05  -1.522317e-05   0.000000e+00
0     1.233984e+02   0.000000e+00   0.000000e+00   0.000000e+00   0.000000e+00   0.000000e+00   0.000000e+00
1     1.233984e+02  -3.302785e-06   4.244467e-07   0.000000e+00  -2.666981e-06  -2.075240e-05   0.000000e+00
0     1.234984e+02   0.000000e+00   0.000000e+00   0.000000e+00   0.000000e+00   0.000000e+00   0.000000e+00
1     1.234984e+02  -2.921692e-06  -1.597587e-06   0.000000e+00   1.003811e-05  -1.835784e-05   0.000000e+00
0     1.235984e+02   0.000000e+00   0.000000e+00   0.000000e+00   0.000000e+00   0.000000e+00   0.000000e+00
1     1.235984e+02  -1.425028e-06  -3.009625e-06   0.000000e+00   1.891041e-05  -8.953835e-06   0.000000e+00
0     1.236983e+02   0.000000e+00   0.000000e+00   0.000000e+00   0.000000e+00   0.000000e+00   0.000000e+00
1     1.236983e+02   6.157446e-07  -3.272515e-06   0.000000e+00   2.056228e-05   3.869015e-06   0.000000e+00
0     1.237983e+02   0.000000e+00   0.000000e+00   0.000000e+00   0.000000e+00   0.000000e+00   0.000000e+00
1     1.237983e+02   2.421409e-06  -2.285873e-06   0.000000e+00   1.436291e-05   1.521466e-05   0.000000e+00
0     1.238983e+02   0.000000e+00   0.000000e+00   0.000000e+00   0.000000e+00   0.000000e+00   0.000000e+00
1     1.238983e+02   3.302507e-06  -4.264177e-07   0.000000e+00   2.679296e-06   2.075096e-05   0.000000e+00
0     1.239983e+02   0.000000e+00   0.000000e+00   0.000000e+00   0.000000e+00   0.000000e+00   0.000000e+00
1     1.239983e+02   2.922603e-06   1.595857e-06   0.000000e+00  -1.002741e-05   1.836390e-05   0.000000e+00
0     1.240982e+02   0.000000e+00   0.000000e+00   0.000000e+00   0.000000e+00   0.000000e+00   0.000000e+00
1     1.240982e+02   1.426753e-06   3.008781e-06   0.000000e+00  -1.890533e-05   8.964903e-06   0.000000e+00
0     1.242000e+02   0.000000e+00   0.000000e+00   0.000000e+00   0.000000e+00   0.000000e+00   0.000000e+00
1     1.242000e+02  -6.499094e-07   3.265892e-06   0.000000e+00  -2.052081e-05  -4.083532e-06   0.000000e+00
0     1.243000e+02   0.000000e+00   0.000000e+00   0.000000e+00   0.000000e+00   0.000000e+00   0.000000e+00
1     1.243000e+02  -2.445172e-06   2.260449e-06   0.000000e+00  -1.420321e-05  -1.536377e-05   0.000000e+00
0     1.243999e+02   0.000000e+00   0.000000e+00   0.000000e+00   0.000000e+00   0.000000e+00   0.000000e+00
1     1.243999e+02  -3.306804e-06   3.919050e-07   0.000000e+00  -2.462512e-06  -2.077765e-05   0.000000e+00
0     1.244999e+02   0.000000e+00   0.000000e+00   0.000000e+00   0.000000e+00   0.000000e+00   0.000000e+00
1     1.244999e+02  -2.905819e-06  -1.626278e-06   0.000000e+00   1.021838e-05  -1.825811e-05   0.000000e+00
0     1.245999e+02   0.000000e+00   0.000000e+00   0.000000e+00   0.000000e+00   0.000000e+00   0.000000e+00
1     1.245999e+02  -1.395324e-06  -3.023510e-06   0.000000e+00   1.899766e-05  -8.767194e-06   0.000000e+00
0     1.246999e+02   0.000000e+00   0.000000e+00   0.000000e+00   0.000000e+00   0.000000e+00   0.000000e+00
1     1.246999e+02   6.479389e-07  -3.266293e-06   0.000000e+00   2.052319e-05   4.071304e-06   0.000000e+00
0     1.247999e+02   0.000000e+00   0.000000e+00   0.000000e+00   0.000000e+00   0.000000e+00   0.000000e+00
1     1.247999e+02   2.443800e-06  -2.261918e-06   0.000000e+00   1.421240e-05   1.535536e-05   0.000000e+00
0     1.248998e+02   0.000000e+00   0.000000e+00   0.000000e+00   0.000000e+00   0.000000e+00   0.000000e+00
1     1.248998e+02   3.306546e-06  -3.938763e-07   0.000000e+00   2.474826e-06   2.077634e-05   0.000000e+00
0     1.249998e+02   0.000000e+00   0.000000e+00   0.000000e+00   0.000000e+00   0.000000e+00   0.000000e+00
1     1.249998e+02   2.906746e-06   1.624559e-06   0.000000e+00  -1.020776e-05   1.826427e-05   0.000000e+00
0     1.250998e+02   0.000000e+00   0.000000e+00   0.000000e+00   0.000000e+00   0.000000e+00   0.000000e+00
1     1.250998e+02   1.397055e-06   3.022684e-06   0.000000e+00  -1.899270e-05   8.778298e-06   0.000000e+00
0     1.251998e+02   0.000000e+00   0.000000e+00   0.000000e+00   0.000000e+00   0.000000e+00   0.000000e+00
1     1.251998e+02  -6.460769e-07   3.266652e-06   0.000000e+00  -2.052559e-05  -4.059452e-06   0.000000e+00
0     1.252997e+02   0.000000e+00   0.000000e+00   0.000000e+00   0.000000e+00   0.000000e+00   0.000000e+00
1     1.252997e+02  -2.442518e-06   2.263315e-06   0.000000e+00  -1.422123e-05  -1.534710e-05   0.000000e+00
0     1.253997e+02   0.000000e+00   0.000000e+00   0.000000e+00   0.000000e+00   0.000000e+00   0.000000e+00
1     1.253997e+02  -3.306342e-06   3.957837e-07   0.000000e+00  -2.486883e-06  -2.077475e-05   0.000000e+00
0     1.254997e+02   0.000000e+00   0.000000e+00   0.000000e+00   0.000000e+00   0.000000e+00   0.000000e+00
1     1.254997e+02  -2.907724e-06  -1.622868e-06   0.000000e+00   1.019696e-05  -1.827009e-05   0.000000e+00
0     1.255997e+02   0.000000e+00   0.000000e+00   0.000000e+00   0.000000e+00   0.000000e+00   0.000000e+00
1     1.255997e+02  -1.398869e-06  -3.021871e-06   0.000000e+00   1.898737e-05  -8.789469e-06   0.000000e+00
0     1.256997e+02   0.000000e+00   0.000000e+00   0.000000e+00   0.000000e+00   0.000000e+00   0.000000e+00
1     1.256997e+02   6.441082e-07  -3.267050e-06   0.000000e+00   2.052795e-05   4.047234e-06   0.000000e+00
0     1.257996e+02   0.000000e+00   0.000000e+00   0.000000e+00   0.000000e+00   0.000000e+00   0.000000e+00
1     1.257996e+02   2.441146e-06  -2.264781e-06   0.000000e+00   1.423039e-05   1.533868e-05   0.000000e+00
0     1.258996e+02   0.000000e+00   0.000000e+00   0.000000e+00   0.000000e+00   0.000000e+00   0.000000e+00
1     1.258996e+02   3.306081e-06  -3.977526e-07   0.000000e+00   2.499183e-06   2.077343e-05   0.000000e+00
0     1.259996e+02   0.000000e+00   0.000000e+00   0.000000e+00   0.000000e+00   0.000000e+00   0.000000e+00
1     1.259996e+02   2.908648e-06   1.621150e-06   0.000000e+00  -1.018635e-05   1.827622e-05   0.000000e+00
0     1.260996e+02   0.000000e+00   0.000000e+00   0.000000e+00   0.000000e+00   0.000000e+00   0.000000e+00
1     1.260996e+02   1.400597e-06   3.021044e-06   0.000000e+00  -1.898240e-05   8.800555e-06   0.000000e+00
0     1.261996e+02   0.000000e+00   0.000000e+00   0.000000e+00   0.000000e+00   0.000000e+00   0.000000e+00
1     1.261996e+02  -6.422477e-07   3.267407e-06   0.000000e+00  -2.053034e-05  -4.035392e-06   0.000000e+00
0     1.262995e+02   0.000000e+00   0.000000e+00   0.000000e+00   0.000000e+00   0.000000e+00   0.000000e+00
1     1.262995e+02  -2.439864e-06   2.266176e-06   0.000000e+00  -1.423921e-05  -1.533042e-05   0.000000e+00
0     1.263995e+02   0.000000e+00   0.000000e+00   0.000000e+00   0.000000e+00   0.000000e+00   0.000000e+00
1     1.263995e+02  -3.305875e-06   3.996578e-07   0.000000e+00  -2.511226e-06  -2.077182e-05   0.000000e+00
0     1.264995e+02   0.000000e+00   0.000000e+00   0.000000e+00   0.000000e+00   0.000000e+00   0.000000e+00
1     1.264995e+02  -2.909623e-06  -1.619460e-06   0.000000e+00   1.017555e-05  -1.828202e-05   0.000000e+00
0     1.265995e+02   0.000000e+00   0.000000e+00   0.000000e+00   0.000000e+00   0.000000e+00   0.000000e+00
1     1.265995e+02  -1.402408e-06  -3.020230e-06   0.000000e+00   1.897706e-05  -8.811709e-06   0.000000e+00
0     1.266994e+02   0.000000e+00   0.000000e+00   0.000000e+00   0.000000e+00   0.000000e+00   0.000000e+00
1     1.266994e+02   6.402805e-07  -3.267802e-06   0.000000e+00   2.053268e-05   4.023185e-06   0.000000e+00
0     1.267994e+02   0.000000e+00   0.000000e+00   0.000000e+00   0.000000e+00   0.000000e+00   0.000000e+00
1     1.267994e+02   2.438491e-06  -2.267639e-06   0.000000e+00   1.424835e-05   1.532200e-05   0.000000e+00
0     1.268994e+02   0.000000e+00   0.000000e+00   0.000000e+00   0.000000e+00   0.000000e+00   0.000000e+00
1     1.268994e+02   3.305613e-06  -4.016243e-07   0.000000e+00   2.523511e-06   2.077049e-05   0.000000e+00
0     1.269994e+02   0.000000e+00   0.000000e+00   0.000000e+00   0.000000e+00   0.000000e+00   0.000000e+00
1     1.269994e+02   2.910544e-06   1.617743e-06   0.000000e+00  -1.016494e-05   1.828814e-05   0.000000e+00
0     1.270994e+02   0.000000e+00   0.000000e+00   0.000000e+00   0.000000e+00   0.000000e+00   0.000000e+00
1     1.270994e+02   1.404133e-06   3.019402e-06   0.000000e+00  -1.897208e-05   8.822777e-06   0.000000e+00
0     1.271993e+02   0.000000e+00   0.000000e+00   0.000000e+00   0.000000e+00   0.000000e+00   0.000000e+00
1     1.271993e+02  -6.384217e-07   3.268156e-06   0.000000e+00  -2.053505e-05  -4.011353e-06   0.000000e+00
0     1.272993e+02   0.000000e+00   0.000000e+00   0.000000e+00   0.000000e+00   0.000000e+00   0.000000e+00
1     1.272993e+02  -2.437209e-06   2.269030e-06   0.000000e+00  -1.425714e-05  -1.531374e-05   0.000000e+00
0     1.273993e+02   0.000000e+00   0.000000e+00   0.000000e+00   0.000000e+00   0.000000e+00   0.000000e+00
1     1.273993e+02  -3.305405e-06   4.035271e-07   0.000000e+00  -2.535539e-06  -2.076887e-05   0.000000e+00
0     1.274993e+02   0.000000e+00   0.000000e+00   0.000000e+00   0.000000e+00   0.000000e+00   0.000000e+00
1     1.274993e+02  -2.911516e-06  -1.616053e-06   0.000000e+00   1.015415e-05  -1.829392e-05   0.000000e+00
0     1.275993e+02   0.000000e+00   0.000000e+00   0.000000e+00   0.000000e+00   0.000000e+00   0.000000e+00
1     1.275993e+02  -1.405941e-06  -3.018586e-06   0.000000e+00   1.896673e-05  -8.833912e-06   0.000000e+00
0     1.276992e+02   0.000000e+00   0.000000e+00   0.000000e+00   0.000000e+00   0.000000e+00   0.000000e+00
1     1.276992e+02   6.364561e-07  -3.268548e-06   0.000000e+00   2.053737e-05   3.999155e-06   0.000000e+00
0     1.277992e+02   0.000000e+00   0.000000e+00   0.000000e+00   0.000000e+00   0.000000e+00   0.000000e+00
1     1.277992e+02   2.435836e-06  -2.270490e-06   0.000000e+00   1.426627e-05   1.530532e-05   0.000000e+00
0     1.278992e+02   0.000000e+00   0.000000e+00   0.000000e+00   0.000000e+00   0.000000e+00   0.000000e+00
1     1.278992e+02   3.305140e-06  -4.054914e-07   0.000000e+00   2.547810e-06   2.076752e-05   0.000000e+00
0     1.279992e+02   0.000000e+00   0.000000e+00   0.000000e+00   0.000000e+00   0.000000e+00   0.000000e+00
1     1.279992e+02   2.912434e-06   1.614336e-06   0.000000e+00  -1.014354e-05   1.830002e-05   0.000000e+00
0     1.280992e+02   0.000000e+00   0.000000e+00   0.000000e+00   0.000000e+00   0.000000e+00   0.000000e+00
1     1.280992e+02   1.407664e-06   3.017757e-06   0.000000e+00  -1.896175e-05   8.844963e-06   0.000000e+00
0     1.281991e+02   0.000000e+00   0.000000e+00   0.000000e+00   0.000000e+00   0.000000e+00   0.000000e+00
1     1.281991e+02  -6.345988e-07   3.268900e-06   0.000000e+00  -2.053973e-05  -3.987333e-06   0.000000e+00
0     1.282991e+02   0.000000e+00   0.000000e+00   0.000000e+00   0.000000e+00   0.000000e+00   0.000000e+00
1     1.282991e+02  -2.434553e-06   2.271879e-06   0.000000e+00  -1.427504e-05  -1.529706e-05   0.000000e+00
0     1.283991e+02   0.000000e+00   0.000000e+00   0.000000e+00   0.000000e+00   0.000000e+00   0.000000e+00
1     1.283991e+02  -3.304930e-06   4.073918e-07   0.000000e+00  -2.559822e-06  -2.076589e-05   0.000000e+00
0     1.284991e+02   0.000000e+00   0.000000e+00   0.000000e+00   0.000000e+00   0.000000e+00   0.000000e+00
1     1.284991e+02  -2.913403e-06  -1.612648e-06   0.000000e+00   1.013275e-05  -1.830578e-05   0.000000e+00
0     1.285990e+02   0.000000e+00   0.000000e+00   0.000000e+00   0.000000e+00   0.000000e+00   0.000000e+00
1     1.285990e+02  -1.409469e-06  -3.016940e-06   0.000000e+00   1.895639e-05  -8.856079e-06   0.000000e+00
0     1.286990e+02   0.000000e+00   0.000000e+00   0.000000e+00   0.000000e+00   0.000000e+00   0.000000e+00
1     1.286990e+02   6.326349e-07  -3.269290e-06   0.000000e+00   2.054203e-05   3.975147e-06   0.000000e+00
0     1.287990e+02   0.000000e+00   0.000000e+00   0.000000e+00   0.000000e+00   0.000000e+00   0.000000e+00
1     1.287990e+02   2.433180e-06  -2.273335e-06   0.000000e+00   1.428415e-05   1.528864e-05   0.000000e+00
0     1.288990e+02   0.000000e+00   0.000000e+00   0.000000e+00   0.000000e+00   0.000000e+00   0.000000e+00
1     1.288990e+02   3.304663e-06  -4.093537e-07   0.000000e+00   2.572079e-06   2.076453e-05   0.000000e+00
0     1.289990e+02   0.000000e+00   0.000000e+00   0.000000e+00   0.000000e+00   0.000000e+00   0.000000e+00
1     1.289990e+02   2.914318e-06   1.610932e-06   0.000000e+00  -1.012215e-05   1.831186e-05   0.000000e+00
0     1.290989e+02   0.000000e+00   0.000000e+00   0.000000e+00   0.000000e+00   0.000000e+00   0.000000e+00
1     1.290989e+02   1.411189e-06   3.016110e-06   0.000000e+00  -1.895140e-05   8.867113e-06   0.000000e+00
0     1.291989e+02   0.000000e+00   0.000000e+00   0.000000e+00   0.000000e+00   0.000000e+00   0.000000e+00
1     1.291989e+02  -6.307793e-07   3.269639e-06   0.000000e+00  -2.054438e-05  -3.963335e-06   0.000000e+00
0     1.292989e+02   0.000000e+00   0.000000e+00   0.000000e+00   0.000000e+00   0.000000e+00   0.000000e+00
1     1.292989e+02  -2.431898e-06   2.274721e-06   0.000000e+00  -1.429290e-05  -1.528038e-05   0.000000e+00
0     1.293989e+02   0.000000e+00   0.000000e+00   0.000000e+00   0.000000e+00   0.000000e+00   0.000000e+00
1     1.293989e+02  -3.304452e-06   4.112517e-07   0.000000e+00  -2.584076e-06  -2.076289e-05   0.000000e+00
0     1.294989e+02   0.000000e+00   0.000000e+00   0.000000e+00   0.000000e+00   0.000000e+00   0.000000e+00
1     1.294989e+02  -2.915284e-06  -1.609244e-06   0.000000e+00   1.011136e-05  -1.831760e-05   0.000000e+00
0     1.295988e+02   0.000000e+00   0.000000e+00   0.000000e+00   0.000000e+00   0.000000e+00   0.000000e+00
1     1.295988e+02  -1.412991e-06  -3.015292e-06   0.000000e+00   1.894604e-05  -8.878211e-06   0.000000e+00
0     1.296988e+02   0.000000e+00   0.000000e+00   0.000000e+00   0.000000e+00   0.000000e+00   0.000000e+00
1     1.296988e+02   6.288169e-07  -3.270026e-06   0.000000e+00   2.054666e-05   3.951157e-06   0.000000e+00
0     1.297988e+02   0.000000e+00   0.000000e+00   0.000000e+00   0.000000e+00   0.000000e+00   0.000000e+00
1     1.297988e+02   2.430524e-06  -2.276174e-06   0.000000e+00   1.430199e-05   1.527195e-05   0.000000e+00
0     1.298988e+02   0.000000e+00   0.000000e+00   0.000000e+00   0.000000e+00   0.000000e+00   0.000000e+00
1     1.298988e+02   3.304183e-06  -4.132113e-07   0.000000e+00   2.596318e-06   2.076152e-05   0.000000e+00
0     1.299987e+02   0.000000e+00   0.000000e+00   0.000000e+00   0.000000e+00   0.000000e+00   0.000000e+00
1     1.299987e+02   2.916196e-06   1.607529e-06   0.000000e+00  -1.010077e-05   1.832366e-05   0.000000e+00
0     1.300987e+02   0.000000e+00   0.000000e+00   0.000000e+00   0.000000e+00   0.000000e+00   0.000000e+00
1     1.300987e+02   1.414708e-06   3.014460e-06   0.000000e+00  -1.894104e-05   8.889227e-06   0.000000e+00
0     1.301987e+02   0.000000e+00   0.000000e+00   0.000000e+00   0.000000e+00   0.000000e+00   0.000000e+00
1     1.301987e+02  -6.269630e-07   3.270372e-06   0.000000e+00  -2.054899e-05  -3.939357e-06   0.000000e+00
0     1.302987e+02   0.000000e+00   0.000000e+00   0.000000e+00   0.000000e+00   0.000000e+00   0.000000e+00
1     1.302987e+02  -2.429241e-06   2.277557e-06   0.000000e+00  -1.431073e-05  -1.526369e-05   0.000000e+00
0     1.303987e+02   0.000000e+00   0.000000e+00   0.000000e+00   0.000000e+00   0.000000e+00   0.000000e+00
1     1.303987e+02  -3.303969e-06   4.151070e-07   0.000000e+00  -2.608300e-06  -2.075986e-05   0.000000e+00
0     1.304986e+02   0.000000e+00   0.000000e+00   0.000000e+00   0.000000e+00   0.000000e+00   0.000000e+00
1     1.304986e+02  -2.917159e-06  -1.605842e-06   0.000000e+00   1.008999e-05  -1.832939e-05   0.000000e+00
0     1.305986e+02   0.000000e+00   0.000000e+00   0.000000e+00   0.000000e+00   0.000000e+00   0.000000e+00
1     1.305986e+02  -1.416507e-06  -3.013641e-06   0.000000e+00   1.893567e-05  -8.900307e-06   0.000000e+00
0     1.306986e+02   0.000000e+00   0.000000e+00   0.000000e+00   0.000000e+00   0.000000e+00   0.000000e+00
1     1.306986e+02   6.250022e-07  -3.270756e-06   0.000000e+00   2.055126e-05   3.927189e-06   0.000000e+00
0     1.307986e+02   0.000000e+00   0.000000e+00   0.000000e+00   0.000000e+00   0.000000e+00   0.000000e+00
1     1.307986e+02   2.427867e-06  -2.279007e-06   0.000000e+00   1.431979e-05   1.525526e-05   0.000000e+00
0     1.308986e+02   0.000000e+00   0.000000e+00   0.000000e+00   0.000000e+00   0.000000e+00   0.000000e+00
1     1.308986e+02   3.303698e-06  -4.170643e-07   0.000000e+00   2.620528e-06   2.075847e-05   0.000000e+00
0     1.309985e+02   0.000000e+00   0.000000e+00   0.000000e+00   0.000000e+00   0.000000e+00   0.000000e+00
1     1.309985e+02   2.918068e-06   1.604127e-06   0.000000e+00  -1.007939e-05   1.833543e-05   0.000000e+00
0     1.310985e+02   0.000000e+00   0.000000e+00   0.000000e+00   0.000000e+00   0.000000e+00   0.000000e+00
1     1.310985e+02   1.418221e-06   3.012808e-06   0.000000e+00  -1.893067e-05   8.911306e-06   0.000000e+00
0     1.311985e+02   0.000000e+00   0.000000e+00   0.000000e+00   0.000000e+00   0.000000e+00   0.000000e+00
1     1.311985e+02  -6.231497e-07   3.271100e-06   0.000000e+00  -2.055357e-05  -3.915397e-06   0.000000e+00
0     1.312985e+02   0.000000e+00   0.000000e+00   0.000000e+00   0.000000e+00   0.000000e+00   0.000000e+00
1     1.312985e+02  -2.426584e-06   2.280387e-06   0.000000e+00  -1.432851e-05  -1.524700e-05   0.000000e+00
0     1.313984e+02   0.000000e+00   0.000000e+00   0.000000e+00   0.000000e+00   0.000000e+00   0.000000e+00
1     1.313984e+02  -3.303483e-06   4.189576e-07   0.000000e+00  -2.632496e-06  -2.075681e-05   0.000000e+00
0     1.314984e+02   0.000000e+00   0.000000e+00   0.000000e+00   0.000000e+00   0.000000e+00   0.000000e+00
1     1.314984e+02  -2.919028e-06  -1.602441e-06   0.000000e+00   1.006862e-05  -1.834114e-05   0.000000e+00
0     1.315984e+02   0.000000e+00   0.000000e+00   0.000000e+00   0.000000e+00   0.000000e+00   0.000000e+00
1     1.315984e+02  -1.420018e-06  -3.011988e-06   0.000000e+00   1.892529e-05  -8.922367e-06   0.000000e+00
0     1.316984e+02   0.000000e+00   0.000000e+00   0.000000e+00   0.000000e+00   0.000000e+00   0.000000e+00
1     1.316984e+02   6.211907e-07  -3.271482e-06   0.000000e+00   2.055582e-05   3.903241e-06   0.000000e+00
0     1.317984e+02   0.000000e+00   0.000000e+00   0.000000e+00   0.000000e+00   0.000000e+00   0.000000e+00
1     1.317984e+02   2.425210e-06  -2.281834e-06   0.000000e+00   1.433756e-05   1.523857e-05   0.000000e+00
0     1.318983e+02   0.000000e+00   0.000000e+00   0.000000e+00   0.000000e+00   0.000000e+00   0.000000e+00
1     1.318983e+02   3.303210e-06  -4.209125e-07   0.000000e+00   2.644709e-06   2.075541e-05   0.000000e+00
0     1.319983e+02   0.000000e+00   0.000000e+00   0.000000e+00   0.000000e+00   0.000000e+00   0.000000e+00
1     1.319983e+02   2.919935e-06   1.600727e-06   0.000000e+00  -1.005803e-05   1.834716e-05   0.000000e+00
0     1.320983e+02   0.000000e+00   0.000000e+00   0.000000e+00   0.000000e+00   0.000000e+00   0.000000e+00
1     1.320983e+02   1.421729e-06   3.011154e-06   0.000000e+00  -1.892027e-05   8.933349e-06   0.000000e+00
0     1.321983e+02   0.000000e+00   0.000000e+00   0.000000e+00   0.000000e+00   0.000000e+00   0.000000e+00
1     1.321983e+02  -6.193399e-07   3.271823e-06   0.000000e+00  -2.055812e-05  -3.891459e-06   0.000000e+00
0     1.322983e+02   0.000000e+00   0.000000e+00   0.000000e+00   0.000000e+00   0.000000e+00   0.000000e+00
1     1.322983e+02  -2.423927e-06   2.283210e-06   0.000000e+00  -1.434626e-05  -1.523030e-05   0.000000e+00
0     1.324000e+02   0.000000e+00   0.000000e+00   0.000000e+00   0.000000e+00   0.000000e+00   0.000000e+00
1     1.324000e+02  -3.307451e-06   3.863762e-07   0.000000e+00  -2.427776e-06  -2.078175e-05   0.000000e+00
0     1.325000e+02   0.000000e+00   0.000000e+00   0.000000e+00   0.000000e+00   0.000000e+00   0.000000e+00
1     1.325000e+02  -2.903091e-06  -1.631134e-06   0.000000e+00   1.024891e-05  -1.824100e-05   0.000000e+00
0     1.325999e+02   0.000000e+00   0.000000e+00   0.000000e+00   0.000000e+00   0.000000e+00   0.000000e+00
1     1.325999e+02  -1.390260e-06  -3.025838e-06   0.000000e+00   1.901232e-05  -8.735391e-06   0.000000e+00
0     1.326999e+02   0.000000e+00   0.000000e+00   0.000000e+00   0.000000e+00   0.000000e+00   0.000000e+00
1     1.326999e+02   6.534073e-07  -3.265200e-06   0.000000e+00   2.051635e-05   4.105670e-06   0.000000e+00
0     1.327999e+02   0.000000e+00   0.000000e+00   0.000000e+00   0.000000e+00   0.000000e+00   0.000000e+00
1     1.327999e+02   2.447585e-06  -2.257817e-06   0.000000e+00   1.418665e-05   1.537916e-05   0.000000e+00
0     1.328999e+02   0.000000e+00   0.000000e+00   0.000000e+00   0.000000e+00   0.000000e+00   0.000000e+00
1     1.328999e+02   3.307198e-06  -3.883312e-07   0.000000e+00   2.439989e-06   2.078047e-05   0.000000e+00
0     1.329999e+02   0.000000e+00   0.000000e+00   0.000000e+00   0.000000e+00   0.000000e+00   0.000000e+00
1     1.329999e+02   2.904013e-06   1.629432e-06   0.000000e+00  -1.023840e-05   1.824712e-05   0.000000e+00
0     1.330998e+02   0.000000e+00   0.000000e+00   0.000000e+00   0.000000e+00   0.000000e+00   0.000000e+00
1     1.330998e+02   1.391977e-06   3.025022e-06   0.000000e+00  -1.900742e-05   8.746407e-06   0.000000e+00
0     1.331998e+02   0.000000e+00   0.000000e+00   0.000000e+00   0.000000e+00   0.000000e+00   0.000000e+00
1     1.331998e+02  -6.515623e-07   3.265559e-06   0.000000e+00  -2.051876e-05  -4.093925e-06   0.000000e+00
0     1.332998e+02   0.000000e+00   0.000000e+00   0.000000e+00   0.000000e+00   0.000000e+00   0.000000e+00
1     1.332998e+02  -2.446316e-06   2.259205e-06   0.000000e+00  -1.419542e-05  -1.537098e-05   0.000000e+00
0     1.333998e+02   0.000000e+00   0.000000e+00   0.000000e+00   0.000000e+00   0.000000e+00   0.000000e+00
1     1.333998e+02  -3.306999e-06   3.902225e-07   0.000000e+00  -2.451944e-06  -2.077891e-05   0.000000e+00
0     1.334998e+02   0.000000e+00   0.000000e+00   0.000000e+00   0.000000e+00   0.000000e+00   0.000000e+00
1     1.334998e+02  -2.904986e-06  -1.627757e-06   0.000000e+00   1.022770e-05  -1.825291e-05   0.000000e+00
0     1.335997e+02   0.000000e+00   0.000000e+00   0.000000e+00   0.000000e+00   0.000000e+00   0.000000e+00
1     1.335997e+02  -1.393777e-06  -3.024219e-06   0.000000e+00   1.900215e-05  -8.757493e-06   0.000000e+00
0     1.336997e+02   0.000000e+00   0.000000e+00   0.000000e+00   0.000000e+00   0.000000e+00   0.000000e+00
1     1.336997e+02   6.496105e-07  -3.265957e-06   0.000000e+00   2.052111e-05   4.081814e-06   0.000000e+00
0     1.337997e+02   0.000000e+00   0.000000e+00   0.000000e+00   0.000000e+00   0.000000e+00   0.000000e+00
1     1.337997e+02   2.444958e-06  -2.260661e-06   0.000000e+00   1.420452e-05   1.536266e-05   0.000000e+00
0     1.338997e+02   0.000000e+00   0.000000e+00   0.000000e+00   0.000000e+00   0.000000e+00   0.000000e+00
1     1.338997e+02   3.306744e-06  -3.921752e-07   0.000000e+00   2.464143e-06   2.077762e-05   0.000000e+00
0     1.339996e+02   0.000000e+00   0.000000e+00   0.000000e+00   0.000000e+00   0.000000e+00   0.000000e+00
1     1.339996e+02   2.905905e-06   1.626055e-06   0.000000e+00  -1.021718e-05   1.825901e-05   0.000000e+00
0     1.340996e+02   0.000000e+00   0.000000e+00   0.000000e+00   0.000000e+00   0.000000e+00   0.000000e+00
1     1.340996e+02   1.395492e-06   3.023402e-06   0.000000e+00  -1.899724e-05   8.768492e-06   0.000000e+00
0     1.341996e+02   0.000000e+00   0.000000e+00   0.000000e+00   0.000000e+00   0.000000e+00   0.000000e+00
1     1.341996e+02  -6.477670e-07   3.266313e-06   0.000000e+00  -2.052350e-05  -4.070079e-06   0.000000e+00
0     1.342996e+02   0.000000e+00   0.000000e+00   0.000000e+00   0.000000e+00   0.000000e+00   0.000000e+00
1     1.342996e+02  -2.443689e-06   2.262045e-06   0.000000e+00  -1.421327e-05  -1.535448e-05   0.000000e+00
0     1.343996e+02   0.000000e+00   0.000000e+00   0.000000e+00   0.000000e+00   0.000000e+00   0.000000e+00
1     1.343996e+02  -3.306543e-06   3.940643e-07   0.000000e+00  -2.476084e-06  -2.077605e-05   0.000000e+00
0     1.344995e+02   0.000000e+00   0.000000e+00   0.000000e+00   0.000000e+00   0.000000e+00   0.000000e+00
1     1.344995e+02  -2.906874e-06  -1.624381e-06   0.000000e+00   1.020649e-05  -1.826478e-05   0.000000e+00
0     1.345995e+02   0.000000e+00   0.000000e+00   0.000000e+00   0.000000e+00   0.000000e+00   0.000000e+00
1     1.345995e+02  -1.397289e-06  -3.022598e-06   0.000000e+00   1.899196e-05  -8.779559e-06   0.000000e+00
0     1.346995e+02   0.000000e+00   0.000000e+00   0.000000e+00   0.000000e+00   0.000000e+00   0.000000e+00
1     1.346995e+02   6.458168e-07  -3.266708e-06   0.000000e+00   2.052584e-05   4.057978e-06   0.000000e+00
0     1.347995e+02   0.000000e+00   0.000000e+00   0.000000e+00   0.000000e+00   0.000000e+00   0.000000e+00
1     1.347995e+02   2.442331e-06  -2.263498e-06   0.000000e+00   1.422235e-05   1.534615e-05   0.000000e+00
0     1.348995e+02   0.000000e+00   0.000000e+00   0.000000e+00   0.000000e+00   0.000000e+00   0.000000e+00
1     1.348995e+02   3.306286e-06  -3.960146e-07   0.000000e+00   2.488267e-06   2.077475e-05   0.000000e+00
0     1.349994e+02   0.000000e+00   0.000000e+00   0.000000e+00   0.000000e+00   0.000000e+00   0.000000e+00
1     1.349994e+02   2.907790e-06   1.622680e-06   0.000000e+00  -1.019598e-05   1.827086e-05   0.000000e+00
0     1.350994e+02   0.000000e+00   0.000000e+00   0.000000e+00   0.000000e+00   0.000000e+00   0.000000e+00
1     1.350994e+02   1.399001e-06   3.021779e-06   0.000000e+00  -1.898705e-05   8.790541e-06   0.000000e+00
0     1.351994e+02   0.000000e+00   0.000000e+00   0.000000e+00   0.000000e+00   0.000000e+00   0.000000e+00
1     1.351994e+02  -6.439750e-07   3.267063e-06   0.000000e+00  -2.052821e-05  -4.046253e-06   0.000000e+00
0     1.352994e+02   0.000000e+00   0.000000e+00   0.000000e+00   0.000000e+00   0.000000e+00   0.000000e+00
1     1.352994e+02  -2.441062e-06   2.264880e-06   0.000000e+00  -1.423109e-05  -1.533798e-05   0.000000e+00
0     1.353993e+02   0.000000e+00   0.000000e+00   0.000000e+00   0.000000e+00   0.000000e+00   0.000000e+00
1     1.353993e+02  -3.306083e-06   3.979014e-07   0.000000e+00  -2.500194e-06  -2.077317e-05   0.000000e+00
0     1.354993e+02   0.000000e+00   0.000000e+00   0.000000e+00   0.000000e+00   0.000000e+00   0.000000e+00
1     1.354993e+02  -2.908757e-06  -1.621007e-06   0.000000e+00   1.018529e-05  -1.827661e-05   0.000000e+00
0     1.355993e+02   0.000000e+00   0.000000e+00   0.000000e+00   0.000000e+00   0.000000e+00   0.000000e+00
1     1.355993e+02  -1.400795e-06  -3.020974e-06   0.000000e+00   1.898177e-05  -8.801590e-06   0.000000e+00
0     1.356993e+02   0.000000e+00   0.000000e+00   0.000000e+00   0.000000e+00   0.000000e+00   0.000000e+00
1     1.356993e+02   6.420264e-07  -3.267455e-06   0.000000e+00   2.053054e-05   4.034162e-06   0.000000e+00
0     1.357993e+02   0.000000e+00   0.000000e+00   0.000000e+00   0.000000e+00   0.000000e+00   0.000000e+00
1     1.357993e+02   2.439703e-06  -2.266330e-06   0.000000e+00   1.424015e-05   1.532964e-05   0.000000e+00
0     1.358992e+02   0.000000e+00   0.000000e+00   0.000000e+00   0.000000e+00   0.000000e+00   0.000000e+00
1     1.358992e+02   3.305824e-06  -3.998494e-07   0.000000e+00   2.512363e-06   2.077185e-05   0.000000e+00
0     1.359992e+02   0.000000e+00   0.000000e+00   0.000000e+00   0.000000e+00   0.000000e+00   0.000000e+00
1     1.359992e+02   2.909670e-06   1.619306e-06   0.000000e+00  -1.017478e-05   1.828268e-05   0.000000e+00
0     1.360992e+02   0.000000e+00   0.000000e+00   0.000000e+00   0.000000e+00   0.000000e+00   0.000000e+00
1     1.360992e+02   1.402504e-06   3.020155e-06   0.000000e+00  -1.897684e-05   8.812555e-06   0.000000e+00
0     1.361992e+02   0.000000e+00   0.000000e+00   0.000000e+00   0.000000e+00   0.000000e+00   0.000000e+00
1     1.361992e+02  -6.401861e-07   3.267807e-06   0.000000e+00  -2.053289e-05  -4.022447e-06   0.000000e+00
0     1.362992e+02   0.000000e+00   0.000000e+00   0.000000e+00   0.000000e+00   0.000000e+00   0.000000e+00
1     1.362992e+02  -2.438434e-06   2.267708e-06   0.000000e+00  -1.424886e-05  -1.532147e-05   0.000000e+00
0     1.363991e+02   0.000000e+00   0.000000e+00   0.000000e+00   0.000000e+00   0.000000e+00   0.000000e+00
1     1.363991e+02  -3.305619e-06   4.017337e-07   0.000000e+00  -2.524274e-06  -2.077026e-05   0.000000e+00
0     1.364991e+02   0.000000e+00   0.000000e+00   0.000000e+00   0.000000e+00   0.000000e+00   0.000000e+00
1     1.364991e+02  -2.910634e-06  -1.617634e-06   0.000000e+00   1.016409e-05  -1.828841e-05   0.000000e+00
0     1.365991e+02   0.000000e+00   0.000000e+00   0.000000e+00   0.000000e+00   0.000000e+00   0.000000e+00
1     1.365991e+02  -1.404295e-06  -3.019348e-06   0.000000e+00   1.897155e-05  -8.823585e-06   0.000000e+00
0     1.366991e+02   0.000000e+00   0.000000e+00   0.000000e+00   0.000000e+00   0.000000e+00   0.000000e+00
1     1.366991e+02   6.382391e-07  -3.268197e-06   0.000000e+00   2.053520e-05   4.010366e-06   0.000000e+00
0     1.367991e+02   0.000000e+00   0.000000e+00   0.000000e+00   0.000000e+00   0.000000e+00   0.000000e+00
1     1.367991e+02   2.437075e-06  -2.269155e-06   0.000000e+00   1.425790e-05   1.531313e-05   0.000000e+00
0     1.368990e+02   0.000000e+00   0.000000e+00   0.000000e+00   0.000000e+00   0.000000e+00   0.000000e+00
1     1.368990e+02   3.305358e-06  -4.036795e-07   0.000000e+00   2.536430e-06   2.076893e-05   0.000000e+00
0     1.369990e+02   0.000000e+00   0.000000e+00   0.000000e+00   0.000000e+00   0.000000e+00   0.000000e+00
1     1.369990e+02   2.911544e-06   1.615934e-06   0.000000e+00  -1.015359e-05   1.829446e-05   0.000000e+00
0     1.370990e+02   0.000000e+00   0.000000e+00   0.000000e+00   0.000000e+00   0.000000e+00   0.000000e+00
1     1.370990e+02   1.406001e-06   3.018527e-06   0.000000e+00  -1.896662e-05   8.834533e-06   0.000000e+00
0     1.371990e+02   0.000000e+00   0.000000e+00   0.000000e+00   0.000000e+00   0.000000e+00   0.000000e+00
1     1.371990e+02  -6.364005e-07   3.268546e-06   0.000000e+00  -2.053754e-05  -3.998661e-06   0.000000e+00
0     1.372989e+02   0.000000e+00   0.000000e+00   0.000000e+00   0.000000e+00   0.000000e+00   0.000000e+00
1     1.372989e+02  -2.435805e-06   2.270530e-06   0.000000e+00  -1.426660e-05  -1.530495e-05   0.000000e+00
0     1.373989e+02   0.000000e+00   0.000000e+00   0.000000e+00   0.000000e+00   0.000000e+00   0.000000e+00
1     1.373989e+02  -3.305151e-06   4.055615e-07   0.000000e+00  -2.548326e-06  -2.076732e-05   0.000000e+00
0     1.374989e+02   0.000000e+00   0.000000e+00   0.000000e+00   0.000000e+00   0.000000e+00   0.000000e+00
1     1.374989e+02  -2.912504e-06  -1.614262e-06   0.000000e+00   1.014291e-05  -1.830017e-05   0.000000e+00
0     1.375989e+02   0.000000e+00   0.000000e+00   0.000000e+00   0.000000e+00   0.000000e+00   0.000000e+00
1     1.375989e+02  -1.407790e-06  -3.017720e-06   0.000000e+00   1.896133e-05  -8.845546e-06   0.000000e+00
0     1.376989e+02   0.000000e+00   0.000000e+00   0.000000e+00   0.000000e+00   0.000000e+00   0.000000e+00
1     1.376989e+02   6.344551e-07  -3.268933e-06   0.000000e+00   2.053983e-05   3.986590e-06   0.000000e+00
0     1.377988e+02   0.000000e+00   0.000000e+00   0.000000e+00   0.000000e+00   0.000000e+00   0.000000e+00
1     1.377988e+02   2.434446e-06  -2.271974e-06   0.000000e+00   1.427562e-05   1.529662e-05   0.000000e+00
0     1.378988e+02   0.000000e+00   0.000000e+00   0.000000e+00   0.000000e+00   0.000000e+00   0.000000e+00
1     1.378988e+02   3.304888e-06  -4.075049e-07   0.000000e+00   2.560467e-06   2.076598e-05   0.000000e+00
0     1.379988e+02   0.000000e+00   0.000000e+00   0.000000e+00   0.000000e+00   0.000000e+00   0.000000e+00
1     1.379988e+02   2.913411e-06   1.612563e-06   0.000000e+00  -1.013241e-05   1.830620e-05   0.000000e+00
0     1.380988e+02   0.000000e+00   0.000000e+00   0.000000e+00   0.000000e+00   0.000000e+00   0.000000e+00
1     1.380988e+02   1.409493e-06   3.016898e-06   0.000000e+00  -1.895639e-05   8.856475e-06   0.000000e+00
0     1.381988e+02   0.000000e+00   0.000000e+00   0.000000e+00   0.000000e+00   0.000000e+00   0.000000e+00
1     1.381988e+02  -6.326181e-07   3.269279e-06   0.000000e+00  -2.054215e-05  -3.974896e-06   0.000000e+00
0     1.382987e+02   0.000000e+00   0.000000e+00   0.000000e+00   0.000000e+00   0.000000e+00   0.000000e+00
1     1.382987e+02  -2.433177e-06   2.273347e-06   0.000000e+00  -1.428430e-05  -1.528844e-05   0.000000e+00
0     1.383987e+02   0.000000e+00   0.000000e+00   0.000000e+00   0.000000e+00   0.000000e+00   0.000000e+00
1     1.383987e+02  -3.304680e-06   4.093845e-07   0.000000e+00  -2.572348e-06  -2.076436e-05   0.000000e+00
0     1.384987e+02   0.000000e+00   0.000000e+00   0.000000e+00   0.000000e+00   0.000000e+00   0.000000e+00
1     1.384987e+02  -2.914369e-06  -1.610892e-06   0.000000e+00   1.012174e-05  -1.831189e-05   0.000000e+00
0     1.385987e+02   0.000000e+00   0.000000e+00   0.000000e+00   0.000000e+00   0.000000e+00   0.000000e+00
1     1.385987e+02  -1.411279e-06  -3.016089e-06   0.000000e+00   1.895108e-05  -8.867470e-06   0.000000e+00
0     1.386986e+02   0.000000e+00   0.000000e+00   0.000000e+00   0.000000e+00   0.000000e+00   0.000000e+00
1     1.386986e+02   6.306743e-07  -3.269664e-06   0.000000e+00   2.054443e-05   3.962835e-06   0.000000e+00
0     1.387986e+02   0.000000e+00   0.000000e+00   0.000000e+00   0.000000e+00   0.000000e+00   0.000000e+00
1     1.387986e+02   2.431817e-06  -2.274787e-06   0.000000e+00   1.429330e-05   1.528010e-05   0.000000e+00
0     1.388986e+02   0.000000e+00   0.000000e+00   0.000000e+00   0.000000e+00   0.000000e+00   0.000000e+00
1     1.388986e+02   3.304414e-06  -4.113256e-07   0.000000e+00   2.584475e-06   2.076301e-05   0.000000e+00
0     1.389986e+02   0.000000e+00   0.000000e+00   0.000000e+00   0.000000e+00   0.000000e+00   0.000000e+00
1     1.389986e+02   2.915273e-06   1.609193e-06   0.000000e+00  -1.011124e-05   1.831790e-05   0.000000e+00
0     1.390986e+02   0.000000e+00   0.000000e+00   0.000000e+00   0.000000e+00   0.000000e+00   0.000000e+00
1     1.390986e+02   1.412979e-06   3.015266e-06   0.000000e+00  -1.894614e-05   8.878382e-06   0.000000e+00
0     1.391985e+02   0.000000e+00   0.000000e+00   0.000000e+00   0.000000e+00   0.000000e+00   0.000000e+00
1     1.391985e+02  -6.288389e-07   3.270008e-06   0.000000e+00  -2.054674e-05  -3.951150e-06   0.000000e+00
0     1.392985e+02   0.000000e+00   0.000000e+00   0.000000e+00   0.000000e+00   0.000000e+00   0.000000e+00
1     1.392985e+02  -2.430547e-06   2.276157e-06   0.000000e+00  -1.430196e-05  -1.527192e-05   0.000000e+00
0     1.393985e+02   0.000000e+00   0.000000e+00   0.000000e+00   0.000000e+00   0.000000e+00   0.000000e+00
1     1.393985e+02  -3.304204e-06   4.132029e-07   0.000000e+00  -2.596341e-06  -2.076137e-05   0.000000e+00
0     1.394985e+02   0.000000e+00   0.000000e+00   0.000000e+00   0.000000e+00   0.000000e+00   0.000000e+00
1     1.394985e+02  -2.916228e-06  -1.607523e-06   0.000000e+00   1.010057e-05  -1.832357e-05   0.000000e+00
0     1.395985e+02   0.000000e+00   0.000000e+00   0.000000e+00   0.000000e+00   0.000000e+00   0.000000e+00
1     1.395985e+02  -1.414762e-06  -3.014456e-06   0.000000e+00   1.894083e-05  -8.889358e-06   0.000000e+00
0     1.396984e+02   0.000000e+00   0.000000e+00   0.000000e+00   0.000000e+00   0.000000e+00   0.000000e+00
1     1.396984e+02   6.268969e-07  -3.270390e-06   0.000000e+00   2.054899e-05   3.939101e-06   0.000000e+00
0     1.397984e+02   0.000000e+00   0.000000e+00   0.000000e+00   0.000000e+00   0.000000e+00   0.000000e+00
1     1.397984e+02   2.429188e-06  -2.277594e-06   0.000000e+00   1.431094e-05   1.526358e-05   0.000000e+00
0     1.398984e+02   0.000000e+00   0.000000e+00   0.000000e+00   0.000000e+00   0.000000e+00   0.000000e+00
1     1.398984e+02   3.303936e-06  -4.151416e-07   0.000000e+00   2.608452e-06   2.076001e-05   0.000000e+00
0     1.399984e+02   0.000000e+00   0.000000e+00   0.000000e+00   0.000000e+00   0.000000e+00   0.000000e+00
1     1.399984e+02   2.917129e-06   1.605826e-06   0.000000e+00  -1.009009e-05   1.832956e-05   0.000000e+00
0     1.400983e+02   0.000000e+00   0.000000e+00   0.000000e+00   0.000000e+00   0.000000e+00   0.000000e+00
1     1.400983e+02   1.416460e-06   3.013632e-06   0.000000e+00  -1.893588e-05   8.900253e-06   0.000000e+00
0     1.401983e+02   0.000000e+00   0.000000e+00   0.000000e+00   0.000000e+00   0.000000e+00   0.000000e+00
1     1.401983e+02  -6.250630e-07   3.270731e-06   0.000000e+00  -2.055129e-05  -3.927426e-06   0.000000e+00
0     1.402983e+02   0.000000e+00   0.000000e+00   0.000000e+00   0.000000e+00   0.000000e+00   0.000000e+00
1     1.402983e+02  -2.427918e-06   2.278961e-06   0.000000e+00  -1.431958e-05  -1.525540e-05   0.000000e+00
0     1.403983e+02   0.000000e+00   0.000000e+00   0.000000e+00   0.000000e+00   0.000000e+00   0.000000e+00
1     1.403983e+02  -3.303724e-06   4.170165e-07   0.000000e+00  -2.620304e-06  -2.075836e-05   0.000000e+00
0     1.404983e+02   0.000000e+00   0.000000e+00   0.000000e+00   0.000000e+00   0.000000e+00   0.000000e+00
1     1.404983e+02  -2.918081e-06  -1.604156e-06   0.000000e+00   1.007942e-05  -1.833522e-05   0.000000e+00
0     1.406000e+02   0.000000e+00   0.000000e+00   0.000000e+00   0.000000e+00   0.000000e+00   0.000000e+00
1     1.406000e+02  -1.384950e-06  -3.028268e-06   0.000000e+00   1.902762e-05  -8.702040e-06   0.000000e+00
0     1.407000e+02   0.000000e+00   0.000000e+00   0.000000e+00   0.000000e+00   0.000000e+00   0.000000e+00
1     1.407000e+02   6.591351e-07  -3.264044e-06   0.000000e+00   2.050913e-05   4.141666e-06   0.000000e+00
0     1.408000e+02   0.000000e+00   0.000000e+00   0.000000e+00   0.000000e+00   0.000000e+00   0.000000e+00
1     1.408000e+02   2.451542e-06  -2.253514e-06   0.000000e+00   1.415964e-05   1.540405e-05   0.000000e+00
0     1.408999e+02   0.000000e+00   0.000000e+00   0.000000e+00   0.000000e+00   0.000000e+00   0.000000e+00
1     1.408999e+02   3.307871e-06  -3.825203e-07   0.000000e+00   2.403480e-06   2.078474e-05   0.000000e+00
0     1.409999e+02   0.000000e+00   0.000000e+00   0.000000e+00   0.000000e+00   0.000000e+00   0.000000e+00
1     1.409999e+02   2.901141e-06   1.634532e-06   0.000000e+00  -1.027046e-05   1.822911e-05   0.000000e+00
0     1.410999e+02   0.000000e+00   0.000000e+00   0.000000e+00   0.000000e+00   0.000000e+00   0.000000e+00
1     1.410999e+02   1.386653e-06   3.027462e-06   0.000000e+00  -1.902278e-05   8.712969e-06   0.000000e+00
0     1.411999e+02   0.000000e+00   0.000000e+00   0.000000e+00   0.000000e+00   0.000000e+00   0.000000e+00
1     1.411999e+02  -6.573071e-07   3.264404e-06   0.000000e+00  -2.051153e-05  -4.130029e-06   0.000000e+00
0     1.412998e+02   0.000000e+00   0.000000e+00   0.000000e+00   0.000000e+00   0.000000e+00   0.000000e+00
1     1.412998e+02  -2.450288e-06   2.254892e-06   0.000000e+00  -1.416834e-05  -1.539596e-05   0.000000e+00
0     1.413998e+02   0.000000e+00   0.000000e+00   0.000000e+00   0.000000e+00   0.000000e+00   0.000000e+00
1     1.413998e+02  -3.307678e-06   3.843955e-07   0.000000e+00  -2.415335e-06  -2.078321e-05   0.000000e+00
0     1.414998e+02   0.000000e+00   0.000000e+00   0.000000e+00   0.000000e+00   0.000000e+00   0.000000e+00
1     1.414998e+02  -2.902109e-06  -1.632874e-06   0.000000e+00   1.025986e-05  -1.823486e-05   0.000000e+00
0     1.415998e+02   0.000000e+00   0.000000e+00   0.000000e+00   0.000000e+00   0.000000e+00   0.000000e+00
1     1.415998e+02  -1.388440e-06  -3.026669e-06   0.000000e+00   1.901758e-05  -8.723969e-06   0.000000e+00
0     1.416998e+02   0.000000e+00   0.000000e+00   0.000000e+00   0.000000e+00   0.000000e+00   0.000000e+00
1     1.416998e+02   6.553723e-07  -3.264802e-06   0.000000e+00   2.051389e-05   4.118024e-06   0.000000e+00
0     1.417997e+02   0.000000e+00   0.000000e+00   0.000000e+00   0.000000e+00   0.000000e+00   0.000000e+00
1     1.417997e+02   2.448943e-06  -2.256338e-06   0.000000e+00   1.417738e-05   1.538772e-05   0.000000e+00
0     1.418997e+02   0.000000e+00   0.000000e+00   0.000000e+00   0.000000e+00   0.000000e+00   0.000000e+00
1     1.418997e+02   3.307428e-06  -3.863320e-07   0.000000e+00   2.427432e-06   2.078196e-05   0.000000e+00
0     1.419997e+02   0.000000e+00   0.000000e+00   0.000000e+00   0.000000e+00   0.000000e+00   0.000000e+00
1     1.419997e+02   2.903023e-06   1.631188e-06   0.000000e+00  -1.024945e-05   1.824093e-05   0.000000e+00
0     1.420997e+02   0.000000e+00   0.000000e+00   0.000000e+00   0.000000e+00   0.000000e+00   0.000000e+00
1     1.420997e+02   1.390140e-06   3.025862e-06   0.000000e+00  -1.901273e-05   8.734882e-06   0.000000e+00
0     1.421997e+02   0.000000e+00   0.000000e+00   0.000000e+00   0.000000e+00   0.000000e+00   0.000000e+00
1     1.421997e+02  -6.535458e-07   3.265158e-06   0.000000e+00  -2.051628e-05  -4.106396e-06   0.000000e+00
0     1.422996e+02   0.000000e+00   0.000000e+00   0.000000e+00   0.000000e+00   0.000000e+00   0.000000e+00
1     1.422996e+02  -2.447688e-06   2.257712e-06   0.000000e+00  -1.418607e-05  -1.537963e-05   0.000000e+00
0     1.423996e+02   0.000000e+00   0.000000e+00   0.000000e+00   0.000000e+00   0.000000e+00   0.000000e+00
1     1.423996e+02  -3.307233e-06   3.882050e-07   0.000000e+00  -2.439272e-06  -2.078042e-05   0.000000e+00
0     1.424996e+02   0.000000e+00   0.000000e+00   0.000000e+00   0.000000e+00   0.000000e+00   0.000000e+00
1     1.424996e+02  -2.903987e-06  -1.629530e-06   0.000000e+00   1.023885e-05  -1.824667e-05   0.000000e+00
0     1.425996e+02   0.000000e+00   0.000000e+00   0.000000e+00   0.000000e+00   0.000000e+00   0.000000e+00
1     1.425996e+02  -1.391924e-06  -3.025068e-06   0.000000e+00   1.900752e-05  -8.745864e-06   0.000000e+00
0     1.426995e+02   0.000000e+00   0.000000e+00   0.000000e+00   0.000000e+00   0.000000e+00   0.000000e+00
1     1.426995e+02   6.516127e-07  -3.265554e-06   0.000000e+00   2.051862e-05   4.094402e-06   0.000000e+00
0     1.427995e+02   0.000000e+00   0.000000e+00   0.000000e+00   0.000000e+00   0.000000e+00   0.000000e+00
1     1.427995e+02   2.446343e-06  -2.259155e-06   0.000000e+00   1.419509e-05   1.537139e-05   0.000000e+00
0     1.428995e+02   0.000000e+00   0.000000e+00   0.000000e+00   0.000000e+00   0.000000e+00   0.000000e+00
1     1.428995e+02   3.306981e-06  -3.901391e-07   0.000000e+00   2.451353e-06   2.077915e-05   0.000000e+00
0     1.429995e+02   0.000000e+00   0.000000e+00   0.000000e+00   0.000000e+00   0.000000e+00   0.000000e+00
1     1.429995e+02   2.904898e-06   1.627845e-06   0.000000e+00  -1.022845e-05   1.825272e-05   0.000000e+00
0     1.430995e+02   0.000000e+00   0.000000e+00   0.000000e+00   0.000000e+00   0.000000e+00   0.000000e+00
1     1.430995e+02   1.393622e-06   3.024260e-06   0.000000e+00  -1.900267e-05   8.756758e-06   0.000000e+00
0     1.431994e+02   0.000000e+00   0.000000e+00   0.000000e+00   0.000000e+00   0.000000e+00   0.000000e+00
1     1.431994e+02  -6.497878e-07   3.265908e-06   0.000000e+00  -2.052099e-05  -4.082783e-06   0.000000e+00
0     1.432994e+02   0.000000e+00   0.000000e+00   0.000000e+00   0.000000e+00   0.000000e+00   0.000000e+00
1     1.432994e+02  -2.445088e-06   2.260527e-06   0.000000e+00  -1.420376e-05  -1.536330e-05   0.000000e+00
0     1.433994e+02   0.000000e+00   0.000000e+00   0.000000e+00   0.000000e+00   0.000000e+00   0.000000e+00
1     1.433994e+02  -3.306783e-06   3.920097e-07   0.000000e+00  -2.463179e-06  -2.077760e-05   0.000000e+00
0     1.434994e+02   0.000000e+00   0.000000e+00   0.000000e+00   0.000000e+00   0.000000e+00   0.000000e+00
1     1.434994e+02  -2.905859e-06  -1.626188e-06   0.000000e+00   1.021786e-05  -1.825844e-05   0.000000e+00
0     1.435994e+02   0.000000e+00   0.000000e+00   0.000000e+00   0.000000e+00   0.000000e+00   0.000000e+00
1     1.435994e+02  -1.395403e-06  -3.023465e-06   0.000000e+00   1.899745e-05  -8.767722e-06   0.000000e+00
0     1.436993e+02   0.000000e+00   0.000000e+00   0.000000e+00   0.000000e+00   0.000000e+00   0.000000e+00
1     1.436993e+02   6.478562e-07  -3.266301e-06   0.000000e+00   2.052332e-05   4.070799e-06   0.000000e+00
0     1.437993e+02   0.000000e+00   0.000000e+00   0.000000e+00   0.000000e+00   0.000000e+00   0.000000e+00
1     1.437993e+02   2.443743e-06  -2.261967e-06   0.000000e+00   1.421276e-05   1.535506e-05   0.000000e+00
0     1.438993e+02   0.000000e+00   0.000000e+00   0.000000e+00   0.000000e+00   0.000000e+00   0.000000e+00
1     1.438993e+02   3.306529e-06  -3.939417e-07   0.000000e+00   2.475247e-06   2.077632e-05   0.000000e+00
0     1.439993e+02   0.000000e+00   0.000000e+00   0.000000e+00   0.000000e+00   0.000000e+00   0.000000e+00
1     1.439993e+02   2.906767e-06   1.624504e-06   0.000000e+00  -1.020745e-05   1.826447e-05   0.000000e+00
0     1.440993e+02   0.000000e+00   0.000000e+00   0.000000e+00   0.000000e+00   0.000000e+00   0.000000e+00
1     1.440993e+02   1.397098e-06   3.022655e-06   0.000000e+00  -1.899259e-05   8.778600e-06   0.000000e+00
0     1.441992e+02   0.000000e+00   0.000000e+00   0.000000e+00   0.000000e+00   0.000000e+00   0.000000e+00
1     1.441992e+02  -6.460330e-07   3.266652e-06   0.000000e+00  -2.052567e-05  -4.059191e-06   0.000000e+00
0     1.442992e+02   0.000000e+00   0.000000e+00   0.000000e+00   0.000000e+00   0.000000e+00   0.000000e+00
1     1.442992e+02  -2.442488e-06   2.263336e-06   0.000000e+00  -1.422141e-05  -1.534697e-05   0.000000e+00
0     1.443992e+02   0.000000e+00   0.000000e+00   0.000000e+00   0.000000e+00   0.000000e+00   0.000000e+00
1     1.443992e+02  -3.306330e-06   3.958098e-07   0.000000e+00  -2.487056e-06  -2.077476e-05   0.000000e+00
0     1.444992e+02   0.000000e+00   0.000000e+00   0.000000e+00   0.000000e+00   0.000000e+00   0.000000e+00
1     1.444992e+02  -2.907726e-06  -1.622847e-06   0.000000e+00   1.019687e-05  -1.827017e-05   0.000000e+00
0     1.445991e+02   0.000000e+00   0.000000e+00   0.000000e+00   0.000000e+00   0.000000e+00   0.000000e+00
1     1.445991e+02  -1.398875e-06  -3.021859e-06   0.000000e+00   1.898736e-05  -8.789546e-06   0.000000e+00
0     1.446991e+02   0.000000e+00   0.000000e+00   0.000000e+00   0.000000e+00   0.000000e+00   0.000000e+00
1     1.446991e+02   6.441030e-07  -3.267042e-06   0.000000e+00   2.052798e-05   4.047218e-06   0.000000e+00
0     1.447991e+02   0.000000e+00   0.000000e+00   0.000000e+00   0.000000e+00   0.000000e+00   0.000000e+00
1     1.447991e+02   2.441143e-06  -2.264772e-06   0.000000e+00   1.423039e-05   1.533872e-05   0.000000e+00
0     1.448991e+02   0.000000e+00   0.000000e+00   0.000000e+00   0.000000e+00   0.000000e+00   0.000000e+00
1     1.448991e+02   3.306074e-06  -3.977394e-07   0.000000e+00   2.499110e-06   2.077346e-05   0.000000e+00
0     1.449991e+02   0.000000e+00   0.000000e+00   0.000000e+00   0.000000e+00   0.000000e+00   0.000000e+00
1     1.449991e+02   2.908631e-06   1.621164e-06   0.000000e+00  -1.018647e-05   1.827618e-05   0.000000e+00
0     1.450990e+02   0.000000e+00   0.000000e+00   0.000000e+00   0.000000e+00   0.000000e+00   0.000000e+00
1     1.450990e+02   1.400568e-06   3.021048e-06   0.000000e+00  -1.898249e-05   8.800406e-06   0.000000e+00
0     1.451990e+02   0.000000e+00   0.000000e+00   0.000000e+00   0.000000e+00   0.000000e+00   0.000000e+00
1     1.451990e+02  -6.422814e-07   3.267392e-06   0.000000e+00  -2.053032e-05  -4.035620e-06   0.000000e+00
0     1.452990e+02   0.000000e+00   0.000000e+00   0.000000e+00   0.000000e+00   0.000000e+00   0.000000e+00
1     1.452990e+02  -2.439888e-06   2.266138e-06   0.000000e+00  -1.423902e-05  -1.533063e-05   0.000000e+00
0     1.453990e+02   0.000000e+00   0.000000e+00   0.000000e+00   0.000000e+00   0.000000e+00   0.000000e+00
1     1.453990e+02  -3.305873e-06   3.996053e-07   0.000000e+00  -2.510905e-06  -2.077189e-05   0.000000e+00
0     1.454990e+02   0.000000e+00   0.000000e+00   0.000000e+00   0.000000e+00   0.000000e+00   0.000000e+00
1     1.454990e+02  -2.909586e-06  -1.619508e-06   0.000000e+00   1.017589e-05  -1.828186e-05   0.000000e+00
0     1.455989e+02   0.000000e+00   0.000000e+00   0.000000e+00   0.000000e+00   0.000000e+00   0.000000e+00
1     1.455989e+02  -1.402343e-06  -3.020251e-06   0.000000e+00   1.897726e-05  -8.811334e-06   0.000000e+00
0     1.456989e+02   0.000000e+00   0.000000e+00   0.000000e+00   0.000000e+00   0.000000e+00   0.000000e+00
1     1.456989e+02   6.403530e-07  -3.267779e-06   0.000000e+00   2.053261e-05   4.023656e-06   0.000000e+00
0     1.457989e+02   0.000000e+00   0.000000e+00   0.000000e+00   0.000000e+00   0.000000e+00   0.000000e+00
1     1.457989e+02   2.438542e-06  -2.267572e-06   0.000000e+00   1.424798e-05   1.532238e-05   0.000000e+00
0     1.458989e+02   0.000000e+00   0.000000e+00   0.000000e+00   0.000000e+00   0.000000e+00   0.000000e+00
1     1.458989e+02   3.305615e-06  -4.015325e-07   0.000000e+00   2.522944e-06   2.077058e-05   0.000000e+00
0     1.459988e+02   0.000000e+00   0.000000e+00   0.000000e+00   0.000000e+00   0.000000e+00   0.000000e+00
1     1.459988e+02   2.910488e-06   1.617825e-06   0.000000e+00  -1.016550e-05   1.828786e-05   0.000000e+00
0     1.460988e+02   0.000000e+00   0.000000e+00   0.000000e+00   0.000000e+00   0.000000e+00   0.000000e+00
1     1.460988e+02   1.404032e-06   3.019439e-06   0.000000e+00  -1.897239e-05   8.822177e-06   0.000000e+00
0     1.461988e+02   0.000000e+00   0.000000e+00   0.000000e+00   0.000000e+00   0.000000e+00   0.000000e+00
1     1.461988e+02  -6.385331e-07   3.268126e-06   0.000000e+00  -2.053494e-05  -4.012068e-06   0.000000e+00
0     1.462988e+02   0.000000e+00   0.000000e+00   0.000000e+00   0.000000e+00   0.000000e+00   0.000000e+00
1     1.462988e+02  -2.437287e-06   2.268935e-06   0.000000e+00  -1.425660e-05  -1.531429e-05   0.000000e+00
0     1.463988e+02   0.000000e+00   0.000000e+00   0.000000e+00   0.000000e+00   0.000000e+00   0.000000e+00
1     1.463988e+02  -3.305412e-06   4.033961e-07   0.000000e+00  -2.534725e-06  -2.076900e-05   0.000000e+00
0     1.464987e+02   0.000000e+00   0.000000e+00   0.000000e+00   0.000000e+00   0.000000e+00   0.000000e+00
1     1.464987e+02  -2.911441e-06  -1.616171e-06   0.000000e+00   1.015492e-05  -1.829352e-05   0.000000e+00
0     1.465987e+02   0.000000e+00   0.000000e+00   0.000000e+00   0.000000e+00   0.000000e+00   0.000000e+00
1     1.465987e+02  -1.405804e-06  -3.018641e-06   0.000000e+00   1.896715e-05  -8.833087e-06   0.000000e+00
0     1.466987e+02   0.000000e+00   0.000000e+00   0.000000e+00   0.000000e+00   0.000000e+00   0.000000e+00
1     1.466987e+02   6.366063e-07  -3.268510e-06   0.000000e+00   2.053721e-05   4.000115e-06   0.000000e+00
0     1.467987e+02   0.000000e+00   0.000000e+00   0.000000e+00   0.000000e+00   0.000000e+00   0.000000e+00
1     1.467987e+02   2.435941e-06  -2.270365e-06   0.000000e+00   1.426554e-05   1.530604e-05   0.000000e+00
0     1.468987e+02   0.000000e+00   0.000000e+00   0.000000e+00   0.000000e+00   0.000000e+00   0.000000e+00
1     1.468987e+02   3.305152e-06  -4.053211e-07   0.000000e+00   2.546750e-06   2.076768e-05   0.000000e+00
0     1.469986e+02   0.000000e+00   0.000000e+00   0.000000e+00   0.000000e+00   0.000000e+00   0.000000e+00
1     1.469986e+02   2.912340e-06   1.614489e-06   0.000000e+00  -1.014453e-05   1.829950e-05   0.000000e+00
0     1.470986e+02   0.000000e+00   0.000000e+00   0.000000e+00   0.000000e+00   0.000000e+00   0.000000e+00
1     1.470986e+02   1.407491e-06   3.017828e-06   0.000000e+00  -1.896227e-05   8.843913e-06   0.000000e+00
0     1.471986e+02   0.000000e+00   0.000000e+00   0.000000e+00   0.000000e+00   0.000000e+00   0.000000e+00
1     1.471986e+02  -6.347879e-07   3.268855e-06   0.000000e+00  -2.053952e-05  -3.988537e-06   0.000000e+00
0     1.472986e+02   0.000000e+00   0.000000e+00   0.000000e+00   0.000000e+00   0.000000e+00   0.000000e+00
1     1.472986e+02  -2.434685e-06   2.271725e-06   0.000000e+00  -1.427413e-05  -1.529795e-05   0.000000e+00
0     1.473985e+02   0.000000e+00   0.000000e+00   0.000000e+00   0.000000e+00   0.000000e+00   0.000000e+00
1     1.473985e+02  -3.304948e-06   4.071822e-07   0.000000e+00  -2.558515e-06  -2.076608e-05   0.000000e+00
0     1.474985e+02   0.000000e+00   0.000000e+00   0.000000e+00   0.000000e+00   0.000000e+00   0.000000e+00
1     1.474985e+02  -2.913290e-06  -1.612835e-06   0.000000e+00   1.013396e-05  -1.830514e-05   0.000000e+00
0     1.475985e+02   0.000000e+00   0.000000e+00   0.000000e+00   0.000000e+00   0.000000e+00   0.000000e+00
1     1.475985e+02  -1.409260e-06  -3.017028e-06   0.000000e+00   1.895702e-05  -8.854804e-06   0.000000e+00
0     1.476985e+02   0.000000e+00   0.000000e+00   0.000000e+00   0.000000e+00   0.000000e+00   0.000000e+00
1     1.476985e+02   6.328629e-07  -3.269237e-06   0.000000e+00   2.054178e-05   3.976594e-06   0.000000e+00
0     1.477985e+02   0.000000e+00   0.000000e+00   0.000000e+00   0.000000e+00   0.000000e+00   0.000000e+00
1     1.477985e+02   2.433339e-06  -2.273153e-06   0.000000e+00   1.428306e-05   1.528970e-05   0.000000e+00
0     1.478984e+02   0.000000e+00   0.000000e+00   0.000000e+00   0.000000e+00   0.000000e+00   0.000000e+00
1     1.478984e+02   3.304686e-06  -4.091048e-07   0.000000e+00   2.570525e-06   2.076475e-05   0.000000e+00
0     1.479984e+02   0.000000e+00   0.000000e+00   0.000000e+00   0.000000e+00   0.000000e+00   0.000000e+00
1     1.479984e+02   2.914186e-06   1.611153e-06   0.000000e+00  -1.012358e-05   1.831110e-05   0.000000e+00
0     1.480984e+02   0.000000e+00   0.000000e+00   0.000000e+00   0.000000e+00   0.000000e+00   0.000000e+00
1     1.480984e+02   1.410945e-06   3.016214e-06   0.000000e+00  -1.895213e-05   8.865613e-06   0.000000e+00
0     1.481984e+02   0.000000e+00   0.000000e+00   0.000000e+00   0.000000e+00   0.000000e+00   0.000000e+00
1     1.481984e+02  -6.310461e-07   3.269579e-06   0.000000e+00  -2.054408e-05  -3.965026e-06   0.000000e+00
0     1.482984e+02   0.000000e+00   0.000000e+00   0.000000e+00   0.000000e+00   0.000000e+00   0.000000e+00
1     1.482984e+02  -2.432084e-06   2.274510e-06   0.000000e+00  -1.429163e-05  -1.528160e-05   0.000000e+00
0     1.483983e+02   0.000000e+00   0.000000e+00   0.000000e+00   0.000000e+00   0.000000e+00   0.000000e+00
1     1.483983e+02  -3.304479e-06   4.109637e-07   0.000000e+00  -2.582276e-06  -2.076314e-05   0.000000e+00
0     1.484983e+02   0.000000e+00   0.000000e+00   0.000000e+00   0.000000e+00   0.000000e+00   0.000000e+00
1     1.484983e+02  -2.915133e-06  -1.609500e-06   0.000000e+00   1.011301e-05  -1.831673e-05   0.000000e+00
0     1.485983e+02   0.000000e+00   0.000000e+00   0.000000e+00   0.000000e+00   0.000000e+00   0.000000e+00
1     1.485983e+02  -1.412711e-06  -3.015414e-06   0.000000e+00   1.894688e-05  -8.876487e-06   0.000000e+00
0     1.486983e+02   0.000000e+00   0.000000e+00   0.000000e+00   0.000000e+00   0.000000e+00   0.000000e+00
1     1.486983e+02   6.291226e-07  -3.269958e-06   0.000000e+00   2.054632e-05   3.953093e-06   0.000000e+00
0     1.487982e+02   0.000000e+00   0.000000e+00   0.000000e+00   0.000000e+00   0.000000e+00   0.000000e+00
1     1.487982e+02   2.430737e-06  -2.275934e-06   0.000000e+00   1.430054e-05   1.527335e-05   0.000000e+00
0     1.489000e+02   0.000000e+00   0.000000e+00   0.000000e+00   0.000000e+00   0.000000e+00   0.000000e+00
1     1.489000e+02   3.308565e-06  -3.764432e-07   0.000000e+00   2.365299e-06   2.078913e-05   0.000000e+00
0     1.490000e+02   0.000000e+00   0.000000e+00   0.000000e+00   0.000000e+00   0.000000e+00   0.000000e+00
1     1.490000e+02   2.898129e-06   1.639859e-06   0.000000e+00  -1.030395e-05   1.821021e-05   0.000000e+00
0     1.490999e+02   0.000000e+00   0.000000e+00   0.000000e+00   0.000000e+00   0.000000e+00   0.000000e+00
1     1.490999e+02   1.381083e-06   3.030004e-06   0.000000e+00  -1.903878e-05   8.677979e-06   0.000000e+00
0     1.491999e+02   0.000000e+00   0.000000e+00   0.000000e+00   0.000000e+00   0.000000e+00   0.000000e+00
1     1.491999e+02  -6.633113e-07   3.263186e-06   0.000000e+00  -2.050391e-05  -4.167762e-06   0.000000e+00
0     1.492999e+02   0.000000e+00   0.000000e+00   0.000000e+00   0.000000e+00   0.000000e+00   0.000000e+00
1     1.492999e+02  -2.454432e-06   2.250375e-06   0.000000e+00  -1.413999e-05  -1.542203e-05   0.000000e+00
0     1.493999e+02   0.000000e+00   0.000000e+00   0.000000e+00   0.000000e+00   0.000000e+00   0.000000e+00
1     1.493999e+02  -3.308377e-06   3.783023e-07   0.000000e+00  -2.377053e-06  -2.078764e-05   0.000000e+00
0     1.494999e+02   0.000000e+00   0.000000e+00   0.000000e+00   0.000000e+00   0.000000e+00   0.000000e+00
1     1.494999e+02  -2.899092e-06  -1.638217e-06   0.000000e+00   1.029345e-05  -1.821594e-05   0.000000e+00
0     1.495998e+02   0.000000e+00   0.000000e+00   0.000000e+00   0.000000e+00   0.000000e+00   0.000000e+00
1     1.495998e+02  -1.382855e-06  -3.029221e-06   0.000000e+00   1.903364e-05  -8.688894e-06   0.000000e+00
0     1.496998e+02   0.000000e+00   0.000000e+00   0.000000e+00   0.000000e+00   0.000000e+00   0.000000e+00
1     1.496998e+02   6.613934e-07  -3.263583e-06   0.000000e+00   2.050627e-05   4.155864e-06   0.000000e+00
0     1.497998e+02   0.000000e+00   0.000000e+00   0.000000e+00   0.000000e+00   0.000000e+00   0.000000e+00
1     1.497998e+02   2.453101e-06  -2.251811e-06   0.000000e+00   1.414896e-05   1.541387e-05   0.000000e+00
0     1.498998e+02   0.000000e+00   0.000000e+00   0.000000e+00   0.000000e+00   0.000000e+00   0.000000e+00
1     1.498998e+02   3.308132e-06  -3.802227e-07   0.000000e+00   2.389048e-06   2.078641e-05   0.000000e+00
0     1.499997e+02   0.000000e+00   0.000000e+00   0.000000e+00   0.000000e+00   0.000000e+00   0.000000e+00
1     1.499997e+02   2.900000e-06   1.636548e-06   0.000000e+00  -1.028314e-05   1.822197e-05   0.000000e+00
0     1.500997e+02   0.000000e+00   0.000000e+00   0.000000e+00   0.000000e+00   0.000000e+00   0.000000e+00
1     1.500997e+02   1.384542e-06   3.028424e-06   0.000000e+00  -1.902886e-05   8.699720e-06   0.000000e+00
0     1.501997e+02   0.000000e+00   0.000000e+00   0.000000e+00   0.000000e+00   0.000000e+00   0.000000e+00
1     1.501997e+02  -6.595840e-07   3.263940e-06   0.000000e+00  -2.050866e-05  -4.144343e-06   0.000000e+00
0     1.502997e+02   0.000000e+00   0.000000e+00   0.000000e+00   0.000000e+00   0.000000e+00   0.000000e+00
1     1.502997e+02  -2.451860e-06   2.253176e-06   0.000000e+00  -1.415759e-05  -1.540587e-05   0.000000e+00
0     1.503997e+02   0.000000e+00   0.000000e+00   0.000000e+00   0.000000e+00   0.000000e+00   0.000000e+00
1     1.503997e+02  -3.307942e-06   3.820795e-07   0.000000e+00  -2.400787e-06  -2.078491e-05   0.000000e+00
0     1.504996e+02   0.000000e+00   0.000000e+00   0.000000e+00   0.000000e+00   0.000000e+00   0.000000e+00
1     1.504996e+02  -2.900960e-06  -1.634906e-06   0.000000e+00   1.027265e-05  -1.822768e-05   0.000000e+00
0     1.505996e+02   0.000000e+00   0.000000e+00   0.000000e+00   0.000000e+00   0.000000e+00   0.000000e+00
1     1.505996e+02  -1.386312e-06  -3.027640e-06   0.000000e+00   1.902371e-05  -8.710616e-06   0.000000e+00
0     1.506996e+02   0.000000e+00   0.000000e+00   0.000000e+00   0.000000e+00   0.000000e+00   0.000000e+00
1     1.506996e+02   6.576679e-07  -3.264336e-06   0.000000e+00   2.051100e-05   4.132456e-06   0.000000e+00
0     1.507996e+02   0.000000e+00   0.000000e+00   0.000000e+00   0.000000e+00   0.000000e+00   0.000000e+00
1     1.507996e+02   2.450529e-06  -2.254609e-06   0.000000e+00   1.416655e-05   1.539772e-05   0.000000e+00
0     1.508996e+02   0.000000e+00   0.000000e+00   0.000000e+00   0.000000e+00   0.000000e+00   0.000000e+00
1     1.508996e+02   3.307696e-06  -3.839974e-07   0.000000e+00   2.412766e-06   2.078368e-05   0.000000e+00
0     1.509995e+02   0.000000e+00   0.000000e+00   0.000000e+00   0.000000e+00   0.000000e+00   0.000000e+00
1     1.509995e+02   2.901865e-06   1.633237e-06   0.000000e+00  -1.026235e-05   1.823369e-05   0.000000e+00
0     1.510995e+02   0.000000e+00   0.000000e+00   0.000000e+00   0.000000e+00   0.000000e+00   0.000000e+00
1     1.510995e+02   1.387996e-06   3.026842e-06   0.000000e+00  -1.901892e-05   8.721425e-06   0.000000e+00
0     1.511995e+02   0.000000e+00   0.000000e+00   0.000000e+00   0.000000e+00   0.000000e+00   0.000000e+00
1     1.511995e+02  -6.558601e-07   3.264690e-06   0.000000e+00  -2.051337e-05  -4.120945e-06   0.000000e+00
0     1.512995e+02   0.000000e+00   0.000000e+00   0.000000e+00   0.000000e+00   0.000000e+00   0.000000e+00
1     1.512995e+02  -2.449288e-06   2.255971e-06   0.000000e+00  -1.417515e-05  -1.538971e-05   0.000000e+00
0     1.513995e+02   0.000000e+00   0.000000e+00   0.000000e+00   0.000000e+00   0.000000e+00   0.000000e+00
1     1.513995e+02  -3.307504e-06   3.858520e-07   0.000000e+00  -2.424491e-06  -2.078216e-05   0.000000e+00
0     1.514994e+02   0.000000e+00   0.000000e+00   0.000000e+00   0.000000e+00   0.000000e+00   0.000000e+00
1     1.514994e+02  -2.902822e-06  -1.631596e-06   0.000000e+00   1.025186e-05  -1.823938e-05   0.000000e+00
0     1.515994e+02   0.000000e+00   0.000000e+00   0.000000e+00   0.000000e+00   0.000000e+00   0.000000e+00
1     1.515994e+02  -1.389763e-06  -3.026057e-06   0.000000e+00   1.901376e-05  -8.732304e-06   0.000000e+00
0     1.516994e+02   0.000000e+00   0.000000e+00   0.000000e+00   0.000000e+00   0.000000e+00   0.000000e+00
1     1.516994e+02   6.539455e-07  -3.265083e-06   0.000000e+00   2.051570e-05   4.109067e-06   0.000000e+00
0     1.517994e+02   0.000000e+00   0.000000e+00   0.000000e+00   0.000000e+00   0.000000e+00   0.000000e+00
1     1.517994e+02   2.447957e-06  -2.257401e-06   0.000000e+00   1.418409e-05   1.538156e-05   0.000000e+00
0     1.518993e+02   0.000000e+00   0.000000e+00   0.000000e+00   0.000000e+00   0.000000e+00   0.000000e+00
1     1.518993e+02   3.307255e-06  -3.877677e-07   0.000000e+00   2.436457e-06   2.078091e-05   0.000000e+00
0     1.519993e+02   0.000000e+00   0.000000e+00   0.000000e+00   0.000000e+00   0.000000e+00   0.000000e+00
1     1.519993e+02   2.903725e-06   1.629928e-06   0.000000e+00  -1.024156e-05   1.824538e-05   0.000000e+00
0     1.520993e+02   0.000000e+00   0.000000e+00   0.000000e+00   0.000000e+00   0.000000e+00   0.000000e+00
1     1.520993e+02   1.391445e-06   3.025258e-06   0.000000e+00  -1.900897e-05   8.743095e-06   0.000000e+00
0     1.521993e+02   0.000000e+00   0.000000e+00   0.000000e+00   0.000000e+00   0.000000e+00   0.000000e+00
1     1.521993e+02  -6.521393e-07   3.265435e-06   0.000000e+00  -2.051806e-05  -4.097567e-06   0.000000e+00
0     1.522993e+02   0.000000e+00   0.000000e+00   0.000000e+00   0.000000e+00   0.000000e+00   0.000000e+00
1     1.522993e+02  -2.446716e-06   2.258760e-06   0.000000e+00  -1.419268e-05  -1.537355e-05   0.000000e+00
0     1.523992e+02   0.000000e+00   0.000000e+00   0.000000e+00   0.000000e+00   0.000000e+00   0.000000e+00
1     1.523992e+02  -3.307062e-06   3.896198e-07   0.000000e+00  -2.448166e-06  -2.077939e-05   0.000000e+00
0     1.524992e+02   0.000000e+00   0.000000e+00   0.000000e+00   0.000000e+00   0.000000e+00   0.000000e+00
1     1.524992e+02  -2.904678e-06  -1.628289e-06   0.000000e+00   1.023107e-05  -1.825105e-05   0.000000e+00
0     1.525992e+02   0.000000e+00   0.000000e+00   0.000000e+00   0.000000e+00   0.000000e+00   0.000000e+00
1     1.525992e+02  -1.393209e-06  -3.024472e-06   0.000000e+00   1.900381e-05  -8.753955e-06   0.000000e+00
0     1.526992e+02   0.000000e+00   0.000000e+00   0.000000e+00   0.000000e+00   0.000000e+00   0.000000e+00
1     1.526992e+02   6.502264e-07  -3.265825e-06   0.000000e+00   2.052037e-05   4.085700e-06   0.000000e+00
0     1.527992e+02   0.000000e+00   0.000000e+00   0.000000e+00   0.000000e+00   0.000000e+00   0.000000e+00
1     1.527992e+02   2.445384e-06  -2.260187e-06   0.000000e+00   1.420160e-05   1.536540e-05   0.000000e+00
0     1.528991e+02   0.000000e+00   0.000000e+00   0.000000e+00   0.000000e+00   0.000000e+00   0.000000e+00
1     1.528991e+02   3.306811e-06  -3.915332e-07   0.000000e+00   2.460118e-06   2.077813e-05   0.000000e+00
0     1.529991e+02   0.000000e+00   0.000000e+00   0.000000e+00   0.000000e+00   0.000000e+00   0.000000e+00
1     1.529991e+02   2.905578e-06   1.626621e-06   0.000000e+00  -1.022078e-05   1.825703e-05   0.000000e+00
0     1.530991e+02   0.000000e+00   0.000000e+00   0.000000e+00   0.000000e+00   0.000000e+00   0.000000e+00
1     1.530991e+02   1.394888e-06   3.023671e-06   0.000000e+00  -1.899901e-05   8.764730e-06   0.000000e+00
0     1.531991e+02   0.000000e+00   0.000000e+00   0.000000e+00   0.000000e+00   0.000000e+00   0.000000e+00
1     1.531991e+02  -6.484219e-07   3.266175e-06   0.000000e+00  -2.052271e-05  -4.074209e-06   0.000000e+00
0     1.532990e+02   0.000000e+00   0.000000e+00   0.000000e+00   0.000000e+00   0.000000e+00   0.000000e+00
1     1.532990e+02  -2.444143e-06   2.261543e-06   0.000000e+00  -1.421017e-05  -1.535739e-05   0.000000e+00
0     1.533990e+02   0.000000e+00   0.000000e+00   0.000000e+00   0.000000e+00   0.000000e+00   0.000000e+00
1     1.533990e+02  -3.306616e-06   3.933830e-07   0.000000e+00  -2.471812e-06  -2.077659e-05   0.000000e+00
0     1.534990e+02   0.000000e+00   0.000000e+00   0.000000e+00   0.000000e+00   0.000000e+00   0.000000e+00
1     1.534990e+02  -2.906529e-06  -1.624982e-06   0.000000e+00   1.021030e-05  -1.826268e-05   0.000000e+00
0     1.535990e+02   0.000000e+00   0.000000e+00   0.000000e+00   0.000000e+00   0.000000e+00   0.000000e+00
1     1.535990e+02  -1.396649e-06  -3.022884e-06   0.000000e+00   1.899384e-05  -8.775573e-06   0.000000e+00
0     1.536990e+02   0.000000e+00   0.000000e+00   0.000000e+00   0.000000e+00   0.000000e+00   0.000000e+00
1     1.536990e+02   6.465105e-07  -3.266563e-06   0.000000e+00   2.052500e-05   4.062352e-06   0.000000e+00
0     1.537989e+02   0.000000e+00   0.000000e+00   0.000000e+00   0.000000e+00   0.000000e+00   0.000000e+00
1     1.537989e+02   2.442811e-06  -2.262967e-06   0.000000e+00   1.421907e-05   1.534923e-05   0.000000e+00
0     1.538989e+02   0.000000e+00   0.000000e+00   0.000000e+00   0.000000e+00   0.000000e+00   0.000000e+00
1     1.538989e+02   3.306363e-06  -3.952941e-07   0.000000e+00   2.483750e-06   2.077532e-05   0.000000e+00
0     1.539989e+02   0.000000e+00   0.000000e+00   0.000000e+00   0.000000e+00   0.000000e+00   0.000000e+00
1     1.539989e+02   2.907426e-06   1.623315e-06   0.000000e+00  -1.020001e-05   1.826864e-05   0.000000e+00
0     1.540989e+02   0.000000e+00   0.000000e+00   0.000000e+00   0.000000e+00   0.000000e+00   0.000000e+00
1     1.540989e+02   1.398325e-06   3.022083e-06   0.000000e+00  -1.898903e-05   8.786329e-06   0.000000e+00
0     1.541989e+02   0.000000e+00   0.000000e+00   0.000000e+00   0.000000e+00   0.000000e+00   0.000000e+00
1     1.541989e+02  -6.447076e-07   3.266910e-06   0.000000e+00  -2.052733e-05  -4.050872e-06   0.000000e+00
0     1.542988e+02   0.000000e+00   0.000000e+00   0.000000e+00   0.000000e+00   0.000000e+00   0.000000e+00
1     1.542988e+02  -2.441570e-06   2.264320e-06   0.000000e+00  -1.422762e-05  -1.534123e-05   0.000000e+00
0     1.543988e+02   0.000000e+00   0.000000e+00   0.000000e+00   0.000000e+00   0.000000e+00   0.000000e+00
1     1.543988e+02  -3.306166e-06   3.971415e-07   0.000000e+00  -2.495429e-06  -2.077377e-05   0.000000e+00
0     1.544988e+02   0.000000e+00   0.000000e+00   0.000000e+00   0.000000e+00   0.000000e+00   0.000000e+00
1     1.544988e+02  -2.908374e-06  -1.621677e-06   0.000000e+00   1.018954e-05  -1.827428e-05   0.000000e+00
0     1.545988e+02   0.000000e+00   0.000000e+00   0.000000e+00   0.000000e+00   0.000000e+00   0.000000e+00
1     1.545988e+02  -1.400084e-06  -3.021294e-06   0.000000e+00   1.898385e-05  -8.797155e-06   0.000000e+00
0     1.546987e+02   0.000000e+00   0.000000e+00   0.000000e+00   0.000000e+00   0.000000e+00   0.000000e+00
1     1.546987e+02   6.427979e-07  -3.267295e-06   0.000000e+00   2.052961e-05   4.039025e-06   0.000000e+00
0     1.547987e+02   0.000000e+00   0.000000e+00   0.000000e+00   0.000000e+00   0.000000e+00   0.000000e+00
1     1.547987e+02   2.440238e-06  -2.265741e-06   0.000000e+00   1.423650e-05   1.533307e-05   0.000000e+00
0     1.548987e+02   0.000000e+00   0.000000e+00   0.000000e+00   0.000000e+00   0.000000e+00   0.000000e+00
1     1.548987e+02   3.305912e-06  -3.990504e-07   0.000000e+00   2.507352e-06   2.077248e-05   0.000000e+00
0     1.549987e+02   0.000000e+00   0.000000e+00   0.000000e+00   0.000000e+00   0.000000e+00   0.000000e+00
1     1.549987e+02   2.909268e-06   1.620011e-06   0.000000e+00  -1.017925e-05   1.828022e-05   0.000000e+00
0     1.550987e+02   0.000000e+00   0.000000e+00   0.000000e+00   0.000000e+00   0.000000e+00   0.000000e+00
1     1.550987e+02   1.401757e-06   3.020492e-06   0.000000e+00  -1.897904e-05   8.807894e-06   0.000000e+00
0     1.551986e+02   0.000000e+00   0.000000e+00   0.000000e+00   0.000000e+00   0.000000e+00   0.000000e+00
1     1.551986e+02  -6.409965e-07   3.267639e-06   0.000000e+00  -2.053192e-05  -4.027554e-06   0.000000e+00
0     1.552986e+02   0.000000e+00   0.000000e+00   0.000000e+00   0.000000e+00   0.000000e+00   0.000000e+00
1     1.552986e+02  -2.438997e-06   2.267091e-06   0.000000e+00  -1.424504e-05  -1.532506e-05   0.000000e+00
0     1.553986e+02   0.000000e+00   0.000000e+00   0.000000e+00   0.000000e+00   0.000000e+00   0.000000e+00
1     1.553986e+02  -3.305713e-06   4.008955e-07   0.000000e+00  -2.519017e-06  -2.077092e-05   0.000000e+00
0     1.554986e+02   0.000000e+00   0.000000e+00   0.000000e+00   0.000000e+00   0.000000e+00   0.000000e+00
1     1.554986e+02  -2.910213e-06  -1.618374e-06   0.000000e+00   1.016878e-05  -1.828583e-05   0.000000e+00
0     1.555986e+02   0.000000e+00   0.000000e+00   0.000000e+00   0.000000e+00   0.000000e+00   0.000000e+00
1     1.555986e+02  -1.403512e-06  -3.019703e-06   0.000000e+00   1.897385e-05  -8.818701e-06   0.000000e+00
0     1.556985e+02   0.000000e+00   0.000000e+00   0.000000e+00   0.000000e+00   0.000000e+00   0.000000e+00
1     1.556985e+02   6.390887e-07  -3.268022e-06   0.000000e+00   2.053418e-05   4.015719e-06   0.000000e+00
0     1.557985e+02   0.000000e+00   0.000000e+00   0.000000e+00   0.000000e+00   0.000000e+00   0.000000e+00
1     1.557985e+02   2.437665e-06  -2.268509e-06   0.000000e+00   1.425390e-05   1.531690e-05   0.000000e+00
0     1.558985e+02   0.000000e+00   0.000000e+00   0.000000e+00   0.000000e+00   0.000000e+00   0.000000e+00
1     1.558985e+02   3.305456e-06  -4.028019e-07   0.000000e+00   2.530925e-06   2.076963e-05   0.000000e+00
0     1.559985e+02   0.000000e+00   0.000000e+00   0.000000e+00   0.000000e+00   0.000000e+00   0.000000e+00
1     1.559985e+02   2.911104e-06   1.616709e-06   0.000000e+00  -1.015850e-05   1.829176e-05   0.000000e+00
0     1.560984e+02   0.000000e+00   0.000000e+00   0.000000e+00   0.000000e+00   0.000000e+00   0.000000e+00
1     1.560984e+02   1.405183e-06   3.018899e-06   0.000000e+00  -1.896903e-05   8.829424e-06   0.000000e+00
0     1.561984e+02   0.000000e+00   0.000000e+00   0.000000e+00   0.000000e+00   0.000000e+00   0.000000e+00
1     1.561984e+02  -6.372889e-07   3.268364e-06   0.000000e+00  -2.053648e-05  -4.004259e-06   0.000000e+00
0     1.562984e+02   0.000000e+00   0.000000e+00   0.000000e+00   0.000000e+00   0.000000e+00   0.000000e+00
1     1.562984e+02  -2.436423e-06   2.269856e-06   0.000000e+00  -1.426241e-05  -1.530889e-05   0.000000e+00
0     1.563984e+02   0.000000e+00   0.000000e+00   0.000000e+00   0.000000e+00   0.000000e+00   0.000000e+00
1     1.563984e+02  -3.305255e-06   4.046447e-07   0.000000e+00  -2.542575e-06  -2.076805e-05   0.000000e+00
0     1.564984e+02   0.000000e+00   0.000000e+00   0.000000e+00   0.000000e+00   0.000000e+00   0.000000e+00
1     1.564984e+02  -2.912046e-06  -1.615072e-06   0.000000e+00   1.014804e-05  -1.829736e-05   0.000000e+00
0     1.565983e+02   0.000000e+00   0.000000e+00   0.000000e+00   0.000000e+00   0.000000e+00   0.000000e+00
1     1.565983e+02  -1.406936e-06  -3.018109e-06   0.000000e+00   1.896384e-05  -8.840213e-06   0.000000e+00
0     1.566983e+02   0.000000e+00   0.000000e+00   0.000000e+00   0.000000e+00   0.000000e+00   0.000000e+00
1     1.566983e+02   6.353824e-07  -3.268744e-06   0.000000e+00   2.053872e-05   3.992432e-06   0.000000e+00
0     1.567983e+02   0.000000e+00   0.000000e+00   0.000000e+00   0.000000e+00   0.000000e+00   0.000000e+00
1     1.567983e+02   2.435091e-06  -2.271271e-06   0.000000e+00   1.427126e-05   1.530073e-05   0.000000e+00
0     1.568983e+02   0.000000e+00   0.000000e+00   0.000000e+00   0.000000e+00   0.000000e+00   0.000000e+00
1     1.568983e+02   3.304997e-06  -4.065489e-07   0.000000e+00   2.554470e-06   2.076674e-05   0.000000e+00
0     1.569983e+02   0.000000e+00   0.000000e+00   0.000000e+00   0.000000e+00   0.000000e+00   0.000000e+00
1     1.569983e+02   2.912934e-06   1.613407e-06   0.000000e+00  -1.013776e-05   1.830327e-05   0.000000e+00
0     1.571000e+02   0.000000e+00   0.000000e+00   0.000000e+00   0.000000e+00   0.000000e+00   0.000000e+00
1     1.571000e+02   1.375264e-06   3.032645e-06   0.000000e+00  -1.905541e-05   8.641434e-06   0.000000e+00
0     1.572000e+02   0.000000e+00   0.000000e+00   0.000000e+00   0.000000e+00   0.000000e+00   0.000000e+00
1     1.572000e+02  -6.695745e-07   3.261903e-06   0.000000e+00  -2.049588e-05  -4.207123e-06   0.000000e+00
0     1.572999e+02   0.000000e+00   0.000000e+00   0.000000e+00   0.000000e+00   0.000000e+00   0.000000e+00
1     1.572999e+02  -2.458748e-06   2.245653e-06   0.000000e+00  -1.411034e-05  -1.544917e-05   0.000000e+00
0     1.573999e+02   0.000000e+00   0.000000e+00   0.000000e+00   0.000000e+00   0.000000e+00   0.000000e+00
1     1.573999e+02  -3.309094e-06   3.719427e-07   0.000000e+00  -2.337097e-06  -2.079218e-05   0.000000e+00
0     1.574999e+02   0.000000e+00   0.000000e+00   0.000000e+00   0.000000e+00   0.000000e+00   0.000000e+00
1     1.574999e+02  -2.895933e-06  -1.643787e-06   0.000000e+00   1.032847e-05  -1.819612e-05   0.000000e+00
0     1.575999e+02   0.000000e+00   0.000000e+00   0.000000e+00   0.000000e+00   0.000000e+00   0.000000e+00
1     1.575999e+02  -1.377023e-06  -3.031873e-06   0.000000e+00   1.905033e-05  -8.652263e-06   0.000000e+00
0     1.576999e+02   0.000000e+00   0.000000e+00   0.000000e+00   0.000000e+00   0.000000e+00   0.000000e+00
1     1.576999e+02   6.676737e-07  -3.262301e-06   0.000000e+00   2.049824e-05   4.195332e-06   0.000000e+00
0     1.577998e+02   0.000000e+00   0.000000e+00   0.000000e+00   0.000000e+00   0.000000e+00   0.000000e+00
1     1.577998e+02   2.457431e-06  -2.247080e-06   0.000000e+00   1.411926e-05   1.544110e-05   0.000000e+00
0     1.578998e+02   0.000000e+00   0.000000e+00   0.000000e+00   0.000000e+00   0.000000e+00   0.000000e+00
1     1.578998e+02   3.308855e-06  -3.738469e-07   0.000000e+00   2.348990e-06   2.079099e-05   0.000000e+00
0     1.579998e+02   0.000000e+00   0.000000e+00   0.000000e+00   0.000000e+00   0.000000e+00   0.000000e+00
1     1.579998e+02   2.896837e-06   1.642134e-06   0.000000e+00  -1.031826e-05   1.820212e-05   0.000000e+00
0     1.580998e+02   0.000000e+00   0.000000e+00   0.000000e+00   0.000000e+00   0.000000e+00   0.000000e+00
1     1.580998e+02   1.378696e-06   3.031086e-06   0.000000e+00  -1.904561e-05   8.663002e-06   0.000000e+00
0     1.581998e+02   0.000000e+00   0.000000e+00   0.000000e+00   0.000000e+00   0.000000e+00   0.000000e+00
1     1.581998e+02  -6.658814e-07   3.262658e-06   0.000000e+00  -2.050063e-05  -4.183918e-06   0.000000e+00
0     1.582997e+02   0.000000e+00   0.000000e+00   0.000000e+00   0.000000e+00   0.000000e+00   0.000000e+00
1     1.582997e+02  -2.456204e-06   2.248435e-06   0.000000e+00  -1.412782e-05  -1.543319e-05   0.000000e+00
0     1.583997e+02   0.000000e+00   0.000000e+00   0.000000e+00   0.000000e+00   0.000000e+00   0.000000e+00
1     1.583997e+02  -3.308671e-06   3.756877e-07   0.000000e+00  -2.360629e-06  -2.078952e-05   0.000000e+00
0     1.584997e+02   0.000000e+00   0.000000e+00   0.000000e+00   0.000000e+00   0.000000e+00   0.000000e+00
1     1.584997e+02  -2.897791e-06  -1.640509e-06   0.000000e+00   1.030787e-05  -1.820780e-05   0.000000e+00
0     1.585997e+02   0.000000e+00   0.000000e+00   0.000000e+00   0.000000e+00   0.000000e+00   0.000000e+00
1     1.585997e+02  -1.380453e-06  -3.030312e-06   0.000000e+00   1.904053e-05  -8.673814e-06   0.000000e+00
0     1.586996e+02   0.000000e+00   0.000000e+00   0.000000e+00   0.000000e+00   0.000000e+00   0.000000e+00
1     1.586996e+02   6.639823e-07  -3.263054e-06   0.000000e+00   2.050298e-05   4.172138e-06   0.000000e+00
0     1.587996e+02   0.000000e+00   0.000000e+00   0.000000e+00   0.000000e+00   0.000000e+00   0.000000e+00
1     1.587996e+02   2.454887e-06  -2.249858e-06   0.000000e+00   1.413672e-05   1.542512e-05   0.000000e+00
0     1.588996e+02   0.000000e+00   0.000000e+00   0.000000e+00   0.000000e+00   0.000000e+00   0.000000e+00
1     1.588996e+02   3.308430e-06  -3.775894e-07   0.000000e+00   2.372506e-06   2.078832e-05   0.000000e+00
0     1.589996e+02   0.000000e+00   0.000000e+00   0.000000e+00   0.000000e+00   0.000000e+00   0.000000e+00
1     1.589996e+02   2.898692e-06   1.638856e-06   0.000000e+00  -1.029767e-05   1.821378e-05   0.000000e+00
0     1.590996e+02   0.000000e+00   0.000000e+00   0.000000e+00   0.000000e+00   0.000000e+00   0.000000e+00
1     1.590996e+02   1.382123e-06   3.029524e-06   0.000000e+00  -1.903581e-05   8.684536e-06   0.000000e+00
0     1.591995e+02   0.000000e+00   0.000000e+00   0.000000e+00   0.000000e+00   0.000000e+00   0.000000e+00
1     1.591995e+02  -6.621916e-07   3.263408e-06   0.000000e+00  -2.050535e-05  -4.160735e-06   0.000000e+00
0     1.592995e+02   0.000000e+00   0.000000e+00   0.000000e+00   0.000000e+00   0.000000e+00   0.000000e+00
1     1.592995e+02  -2.453660e-06   2.251210e-06   0.000000e+00  -1.414526e-05  -1.541721e-05   0.000000e+00
0     1.593995e+02   0.000000e+00   0.000000e+00   0.000000e+00   0.000000e+00   0.000000e+00   0.000000e+00
1     1.593995e+02  -3.308244e-06   3.794278e-07   0.000000e+00  -2.384130e-06  -2.078684e-05   0.000000e+00
0     1.594995e+02   0.000000e+00   0.000000e+00   0.000000e+00   0.000000e+00   0.000000e+00   0.000000e+00
1     1.594995e+02  -2.899643e-06  -1.637232e-06   0.000000e+00   1.028728e-05  -1.821944e-05   0.000000e+00
0     1.595995e+02   0.000000e+00   0.000000e+00   0.000000e+00   0.000000e+00   0.000000e+00   0.000000e+00
1     1.595995e+02  -1.383877e-06  -3.028750e-06   0.000000e+00   1.903071e-05  -8.695330e-06   0.000000e+00
0     1.596994e+02   0.000000e+00   0.000000e+00   0.000000e+00   0.000000e+00   0.000000e+00   0.000000e+00
1     1.596994e+02   6.602941e-07  -3.263802e-06   0.000000e+00   2.050768e-05   4.148964e-06   0.000000e+00
0     1.597994e+02   0.000000e+00   0.000000e+00   0.000000e+00   0.000000e+00   0.000000e+00   0.000000e+00
1     1.597994e+02   2.452343e-06  -2.252630e-06   0.000000e+00   1.415414e-05   1.540914e-05   0.000000e+00
0     1.598994e+02   0.000000e+00   0.000000e+00   0.000000e+00   0.000000e+00   0.000000e+00   0.000000e+00
1     1.598994e+02   3.308001e-06  -3.813273e-07   0.000000e+00   2.395994e-06   2.078563e-05   0.000000e+00
0     1.599994e+02   0.000000e+00   0.000000e+00   0.000000e+00   0.000000e+00   0.000000e+00   0.000000e+00
1     1.599994e+02   2.900541e-06   1.635580e-06   0.000000e+00  -1.027709e-05   1.822541e-05   0.000000e+00
0     1.600994e+02   0.000000e+00   0.000000e+00   0.000000e+00   0.000000e+00   0.000000e+00   0.000000e+00
1     1.600994e+02   1.385545e-06   3.027961e-06   0.000000e+00  -1.902598e-05   8.706035e-06   0.000000e+00
0     1.601993e+02   0.000000e+00   0.000000e+00   0.000000e+00   0.000000e+00   0.000000e+00   0.000000e+00
1     1.601993e+02  -6.585049e-07   3.264154e-06   0.000000e+00  -2.051004e-05  -4.137571e-06   0.000000e+00
0     1.602993e+02   0.000000e+00   0.000000e+00   0.000000e+00   0.000000e+00   0.000000e+00   0.000000e+00
1     1.602993e+02  -2.451115e-06   2.253979e-06   0.000000e+00  -1.416267e-05  -1.540122e-05   0.000000e+00
0     1.603993e+02   0.000000e+00   0.000000e+00   0.000000e+00   0.000000e+00   0.000000e+00   0.000000e+00
1     1.603993e+02  -3.307813e-06   3.831634e-07   0.000000e+00  -2.407602e-06  -2.078414e-05   0.000000e+00
0     1.604993e+02   0.000000e+00   0.000000e+00   0.000000e+00   0.000000e+00   0.000000e+00   0.000000e+00
1     1.604993e+02  -2.901490e-06  -1.633956e-06   0.000000e+00   1.026670e-05  -1.823104e-05   0.000000e+00
0     1.605992e+02   0.000000e+00   0.000000e+00   0.000000e+00   0.000000e+00   0.000000e+00   0.000000e+00
1     1.605992e+02  -1.387295e-06  -3.027185e-06   0.000000e+00   1.902089e-05  -8.716810e-06   0.000000e+00
0     1.606992e+02   0.000000e+00   0.000000e+00   0.000000e+00   0.000000e+00   0.000000e+00   0.000000e+00
1     1.606992e+02   6.566091e-07  -3.264544e-06   0.000000e+00   2.051235e-05   4.125811e-06   0.000000e+00
0     1.607992e+02   0.000000e+00   0.000000e+00   0.000000e+00   0.000000e+00   0.000000e+00   0.000000e+00
1     1.607992e+02   2.449798e-06  -2.255397e-06   0.000000e+00   1.417153e-05   1.539315e-05   0.000000e+00
0     1.608992e+02   0.000000e+00   0.000000e+00   0.000000e+00   0.000000e+00   0.000000e+00   0.000000e+00
1     1.608992e+02   3.307568e-06  -3.850606e-07   0.000000e+00   2.419452e-06   2.078291e-05   0.000000e+00
0     1.609992e+02   0.000000e+00   0.000000e+00   0.000000e+00   0.000000e+00   0.000000e+00   0.000000e+00
1     1.609992e+02   2.902385e-06   1.632305e-06   0.000000e+00  -1.025651e-05   1.823699e-05   0.000000e+00
0     1.610991e+02   0.000000e+00   0.000000e+00   0.000000e+00   0.000000e+00   0.000000e+00   0.000000e+00
1     1.610991e+02   1.388960e-06   3.026395e-06   0.000000e+00  -1.901615e-05   8.727499e-06   0.000000e+00
0     1.611991e+02   0.000000e+00   0.000000e+00   0.000000e+00   0.000000e+00   0.000000e+00   0.000000e+00
1     1.611991e+02  -6.548216e-07   3.264894e-06   0.000000e+00  -2.051470e-05  -4.114428e-06   0.000000e+00
0     1.612991e+02   0.000000e+00   0.000000e+00   0.000000e+00   0.000000e+00   0.000000e+00   0.000000e+00
1     1.612991e+02  -2.448571e-06   2.256743e-06   0.000000e+00  -1.418003e-05  -1.538524e-05   0.000000e+00
0     1.613991e+02   0.000000e+00   0.000000e+00   0.000000e+00   0.000000e+00   0.000000e+00   0.000000e+00
1     1.613991e+02  -3.307378e-06   3.868943e-07   0.000000e+00  -2.431046e-06  -2.078141e-05   0.000000e+00
0     1.614991e+02   0.000000e+00   0.000000e+00   0.000000e+00   0.000000e+00   0.000000e+00   0.000000e+00
1     1.614991e+02  -2.903330e-06  -1.630683e-06   0.000000e+00   1.024614e-05  -1.824261e-05   0.000000e+00
0     1.615990e+02   0.000000e+00   0.000000e+00   0.000000e+00   0.000000e+00   0.000000e+00   0.000000e+00
1     1.615990e+02  -1.390708e-06  -3.025618e-06   0.000000e+00   1.901105e-05  -8.738257e-06   0.000000e+00
0     1.616990e+02   0.000000e+00   0.000000e+00   0.000000e+00   0.000000e+00   0.000000e+00   0.000000e+00
1     1.616990e+02   6.529273e-07  -3.265282e-06   0.000000e+00   2.051699e-05   4.102678e-06   0.000000e+00
0     1.617990e+02   0.000000e+00   0.000000e+00   0.000000e+00   0.000000e+00   0.000000e+00   0.000000e+00
1     1.617990e+02   2.447253e-06  -2.258157e-06   0.000000e+00   1.418887e-05   1.537717e-05   0.000000e+00
0     1.618990e+02   0.000000e+00   0.000000e+00   0.000000e+00   0.000000e+00   0.000000e+00   0.000000e+00
1     1.618990e+02   3.307131e-06  -3.887893e-07   0.000000e+00   2.442881e-06   2.078017e-05   0.000000e+00
0     1.619989e+02   0.000000e+00   0.000000e+00   0.000000e+00   0.000000e+00   0.000000e+00   0.000000e+00
1     1.619989e+02   2.904222e-06   1.629032e-06   0.000000e+00  -1.023595e-05   1.824854e-05   0.000000e+00
0     1.620989e+02   0.000000e+00   0.000000e+00   0.000000e+00   0.000000e+00   0.000000e+00   0.000000e+00
1     1.620989e+02   1.392370e-06   3.024827e-06   0.000000e+00  -1.900630e-05   8.748927e-06   0.000000e+00
0     1.621989e+02   0.000000e+00   0.000000e+00   0.000000e+00   0.000000e+00   0.000000e+00   0.000000e+00
1     1.621989e+02  -6.511416e-07   3.265630e-06   0.000000e+00  -2.051932e-05  -4.091306e-06   0.000000e+00
0     1.622989e+02   0.000000e+00   0.000000e+00   0.000000e+00   0.000000e+00   0.000000e+00   0.000000e+00
1     1.622989e+02  -2.446026e-06   2.259500e-06   0.000000e+00  -1.419736e-05  -1.536925e-05   0.000000e+00
0     1.623989e+02   0.000000e+00   0.000000e+00   0.000000e+00   0.000000e+00   0.000000e+00   0.000000e+00
1     1.623989e+02  -3.306939e-06   3.906206e-07   0.000000e+00  -2.454460e-06  -2.077866e-05   0.000000e+00
0     1.624988e+02   0.000000e+00   0.000000e+00   0.000000e+00   0.000000e+00   0.000000e+00   0.000000e+00
1     1.624988e+02  -2.905165e-06  -1.627410e-06   0.000000e+00   1.022558e-05  -1.825415e-05   0.000000e+00
0     1.625988e+02   0.000000e+00   0.000000e+00   0.000000e+00   0.000000e+00   0.000000e+00   0.000000e+00
1     1.625988e+02  -1.394115e-06  -3.024049e-06   0.000000e+00   1.900119e-05  -8.759668e-06   0.000000e+00
0     1.626988e+02   0.000000e+00   0.000000e+00   0.000000e+00   0.000000e+00   0.000000e+00   0.000000e+00
1     1.626988e+02   6.492489e-07  -3.266015e-06   0.000000e+00   2.052160e-05   4.079566e-06   0.000000e+00
0     1.627988e+02   0.000000e+00   0.000000e+00   0.000000e+00   0.000000e+00   0.000000e+00   0.000000e+00
1     1.627988e+02   2.444708e-06  -2.260912e-06   0.000000e+00   1.420618e-05   1.536118e-05   0.000000e+00
0     1.628988e+02   0.000000e+00   0.000000e+00   0.000000e+00   0.000000e+00   0.000000e+00   0.000000e+00
1     1.628988e+02   3.306691e-06  -3.925133e-07   0.000000e+00   2.466281e-06   2.077741e-05   0.000000e+00
0     1.629987e+02   0.000000e+00   0.000000e+00   0.000000e+00   0.000000e+00   0.000000e+00   0.000000e+00
1     1.629987e+02   2.906054e-06   1.625761e-06   0.000000e+00  -1.021539e-05   1.826006e-05   0.000000e+00
0     1.630987e+02   0.000000e+00   0.000000e+00   0.000000e+00   0.000000e+00   0.000000e+00   0.000000e+00
1     1.630987e+02   1.395775e-06   3.023257e-06   0.000000e+00  -1.899644e-05   8.770322e-06   0.000000e+00
0     1.631987e+02   0.000000e+00   0.000000e+00   0.000000e+00   0.000000e+00   0.000000e+00   0.000000e+00
1     1.631987e+02  -6.474647e-07   3.266360e-06   0.000000e+00  -2.052391e-05  -4.068203e-06   0.000000e+00
0     1.632987e+02   0.000000e+00   0.000000e+00   0.000000e+00   0.000000e+00   0.000000e+00   0.000000e+00
1     1.632987e+02  -2.443480e-06   2.262252e-06   0.000000e+00  -1.421466e-05  -1.535326e-05   0.000000e+00
0     1.633986e+02   0.000000e+00   0.000000e+00   0.000000e+00   0.000000e+00   0.000000e+00   0.000000e+00
1     1.633986e+02  -3.306497e-06   3.943423e-07   0.000000e+00  -2.477845e-06  -2.077588e-05   0.000000e+00
0     1.634986e+02   0.000000e+00   0.000000e+00   0.000000e+00   0.000000e+00   0.000000e+00   0.000000e+00
1     1.634986e+02  -2.906995e-06  -1.624140e-06   0.000000e+00   1.020503e-05  -1.826564e-05   0.000000e+00
0     1.635986e+02   0.000000e+00   0.000000e+00   0.000000e+00   0.000000e+00   0.000000e+00   0.000000e+00
1     1.635986e+02  -1.397517e-06  -3.022478e-06   0.000000e+00   1.899132e-05  -8.781044e-06   0.000000e+00
0     1.636986e+02   0.000000e+00   0.000000e+00   0.000000e+00   0.000000e+00   0.000000e+00   0.000000e+00
1     1.636986e+02   6.455738e-07  -3.266743e-06   0.000000e+00   2.052618e-05   4.056474e-06   0.000000e+00
0     1.637986e+02   0.000000e+00   0.000000e+00   0.000000e+00   0.000000e+00   0.000000e+00   0.000000e+00
1     1.637986e+02   2.442163e-06  -2.263660e-06   0.000000e+00   1.422346e-05   1.534519e-05   0.000000e+00
0     1.638985e+02   0.000000e+00   0.000000e+00   0.000000e+00   0.000000e+00   0.000000e+00   0.000000e+00
1     1.638985e+02   3.306247e-06  -3.962326e-07   0.000000e+00   2.489651e-06   2.077462e-05   0.000000e+00
0     1.639985e+02   0.000000e+00   0.000000e+00   0.000000e+00   0.000000e+00   0.000000e+00   0.000000e+00
1     1.639985e+02   2.907881e-06   1.622491e-06   0.000000e+00  -1.019485e-05   1.827154e-05   0.000000e+00
0     1.640985e+02   0.000000e+00   0.000000e+00   0.000000e+00   0.000000e+00   0.000000e+00   0.000000e+00
1     1.640985e+02   1.399174e-06   3.021685e-06   0.000000e+00  -1.898657e-05   8.791680e-06   0.000000e+00
0     1.641985e+02   0.000000e+00   0.000000e+00   0.000000e+00   0.000000e+00   0.000000e+00   0.000000e+00
1     1.641985e+02  -6.437911e-07   3.267086e-06   0.000000e+00  -2.052848e-05  -4.045121e-06   0.000000e+00
0     1.642985e+02   0.000000e+00   0.000000e+00   0.000000e+00   0.000000e+00   0.000000e+00   0.000000e+00
1     1.642985e+02  -2.440935e-06   2.264998e-06   0.000000e+00  -1.423191e-05  -1.533727e-05   0.000000e+00
0     1.643984e+02   0.000000e+00   0.000000e+00   0.000000e+00   0.000000e+00   0.000000e+00   0.000000e+00
1     1.643984e+02  -3.306051e-06   3.980593e-07   0.000000e+00  -2.501201e-06  -2.077309e-05   0.000000e+00
0     1.644984e+02   0.000000e+00   0.000000e+00   0.000000e+00   0.000000e+00   0.000000e+00   0.000000e+00
1     1.644984e+02  -2.908818e-06  -1.620871e-06   0.000000e+00   1.018449e-05  -1.827710e-05   0.000000e+00
0     1.645984e+02   0.000000e+00   0.000000e+00   0.000000e+00   0.000000e+00   0.000000e+00   0.000000e+00
1     1.645984e+02  -1.400913e-06  -3.020905e-06   0.000000e+00   1.898144e-05  -8.802385e-06   0.000000e+00
0     1.646984e+02   0.000000e+00   0.000000e+00   0.000000e+00   0.000000e+00   0.000000e+00   0.000000e+00
1     1.646984e+02   6.419018e-07  -3.267466e-06   0.000000e+00   2.053073e-05   4.033403e-06   0.000000e+00
0     1.647984e+02   0.000000e+00   0.000000e+00   0.000000e+00   0.000000e+00   0.000000e+00   0.000000e+00
1     1.647984e+02   2.439617e-06  -2.266403e-06   0.000000e+00   1.424069e-05   1.532919e-05   0.000000e+00
0     1.648983e+02   0.000000e+00   0.000000e+00   0.000000e+00   0.000000e+00   0.000000e+00   0.000000e+00
1     1.648983e+02   3.305799e-06  -3.999474e-07   0.000000e+00   2.512994e-06   2.077182e-05   0.000000e+00
0     1.649983e+02   0.000000e+00   0.000000e+00   0.000000e+00   0.000000e+00   0.000000e+00   0.000000e+00
1     1.649983e+02   2.909702e-06   1.619223e-06   0.000000e+00  -1.017432e-05   1.828298e-05   0.000000e+00
0     1.650983e+02   0.000000e+00   0.000000e+00   0.000000e+00   0.000000e+00   0.000000e+00   0.000000e+00
1     1.650983e+02   1.402567e-06   3.020111e-06   0.000000e+00  -1.897668e-05   8.813005e-06   0.000000e+00
0     1.651983e+02   0.000000e+00   0.000000e+00   0.000000e+00   0.000000e+00   0.000000e+00   0.000000e+00
1     1.651983e+02  -6.401209e-07   3.267806e-06   0.000000e+00  -2.053301e-05  -4.022060e-06   0.000000e+00
0     1.653000e+02   0.000000e+00   0.000000e+00   0.000000e+00   0.000000e+00   0.000000e+00   0.000000e+00
1     1.653000e+02  -2.463234e-06   2.240726e-06   0.000000e+00  -1.407941e-05  -1.547738e-05   0.000000e+00
0     1.654000e+02   0.000000e+00   0.000000e+00   0.000000e+00   0.000000e+00   0.000000e+00   0.000000e+00
1     1.654000e+02  -3.309829e-06   3.653166e-07   0.000000e+00  -2.295467e-06  -2.079683e-05   0.000000e+00
0     1.655000e+02   0.000000e+00   0.000000e+00   0.000000e+00   0.000000e+00   0.000000e+00   0.000000e+00
1     1.655000e+02  -2.892632e-06  -1.649583e-06   0.000000e+00   1.036490e-05  -1.817540e-05   0.000000e+00
0     1.655999e+02   0.000000e+00   0.000000e+00   0.000000e+00   0.000000e+00   0.000000e+00   0.000000e+00
1     1.655999e+02  -1.370943e-06  -3.034623e-06   0.000000e+00   1.906764e-05  -8.614072e-06   0.000000e+00
0     1.656999e+02   0.000000e+00   0.000000e+00   0.000000e+00   0.000000e+00   0.000000e+00   0.000000e+00
1     1.656999e+02   6.742129e-07  -3.260952e-06   0.000000e+00   2.048980e-05   4.236427e-06   0.000000e+00
0     1.657999e+02   0.000000e+00   0.000000e+00   0.000000e+00   0.000000e+00   0.000000e+00   0.000000e+00
1     1.657999e+02   2.461931e-06  -2.242143e-06   0.000000e+00   1.408826e-05   1.546941e-05   0.000000e+00
0     1.658999e+02   0.000000e+00   0.000000e+00   0.000000e+00   0.000000e+00   0.000000e+00   0.000000e+00
1     1.658999e+02   3.309595e-06  -3.672045e-07   0.000000e+00   2.307257e-06   2.079567e-05   0.000000e+00
0     1.659998e+02   0.000000e+00   0.000000e+00   0.000000e+00   0.000000e+00   0.000000e+00   0.000000e+00
1     1.659998e+02   2.893530e-06   1.647946e-06   0.000000e+00  -1.035480e-05   1.818137e-05   0.000000e+00
0     1.660998e+02   0.000000e+00   0.000000e+00   0.000000e+00   0.000000e+00   0.000000e+00   0.000000e+00
1     1.660998e+02   1.372602e-06   3.033847e-06   0.000000e+00  -1.906299e-05   8.624725e-06   0.000000e+00
0     1.661998e+02   0.000000e+00   0.000000e+00   0.000000e+00   0.000000e+00   0.000000e+00   0.000000e+00
1     1.661998e+02  -6.724376e-07   3.261309e-06   0.000000e+00  -2.049219e-05  -4.225120e-06   0.000000e+00
0     1.662998e+02   0.000000e+00   0.000000e+00   0.000000e+00   0.000000e+00   0.000000e+00   0.000000e+00
1     1.662998e+02  -2.460718e-06   2.243488e-06   0.000000e+00  -1.409676e-05  -1.546158e-05   0.000000e+00
0     1.663998e+02   0.000000e+00   0.000000e+00   0.000000e+00   0.000000e+00   0.000000e+00   0.000000e+00
1     1.663998e+02  -3.309417e-06   3.690291e-07   0.000000e+00  -2.318794e-06  -2.079424e-05   0.000000e+00
0     1.664997e+02   0.000000e+00   0.000000e+00   0.000000e+00   0.000000e+00   0.000000e+00   0.000000e+00
1     1.664997e+02  -2.894480e-06  -1.646337e-06   0.000000e+00   1.034451e-05  -1.818702e-05   0.000000e+00
0     1.665997e+02   0.000000e+00   0.000000e+00   0.000000e+00   0.000000e+00   0.000000e+00   0.000000e+00
1     1.665997e+02  -1.374345e-06  -3.033083e-06   0.000000e+00   1.905797e-05  -8.635452e-06   0.000000e+00
0     1.666997e+02   0.000000e+00   0.000000e+00   0.000000e+00   0.000000e+00   0.000000e+00   0.000000e+00
1     1.666997e+02   6.705556e-07  -3.261706e-06   0.000000e+00   2.049454e-05   4.213447e-06   0.000000e+00
0     1.667997e+02   0.000000e+00   0.000000e+00   0.000000e+00   0.000000e+00   0.000000e+00   0.000000e+00
1     1.667997e+02   2.459415e-06  -2.244902e-06   0.000000e+00   1.410560e-05   1.545360e-05   0.000000e+00
0     1.668997e+02   0.000000e+00   0.000000e+00   0.000000e+00   0.000000e+00   0.000000e+00   0.000000e+00
1     1.668997e+02   3.309181e-06  -3.709147e-07   0.000000e+00   2.330570e-06   2.079308e-05   0.000000e+00
0     1.669996e+02   0.000000e+00   0.000000e+00   0.000000e+00   0.000000e+00   0.000000e+00   0.000000e+00
1     1.669996e+02   2.895375e-06   1.644701e-06   0.000000e+00  -1.033441e-05   1.819297e-05   0.000000e+00
0     1.670996e+02   0.000000e+00   0.000000e+00   0.000000e+00   0.000000e+00   0.000000e+00   0.000000e+00
1     1.670996e+02   1.376002e-06   3.032306e-06   0.000000e+00  -1.905331e-05   8.646087e-06   0.000000e+00
0     1.671996e+02   0.000000e+00   0.000000e+00   0.000000e+00   0.000000e+00   0.000000e+00   0.000000e+00
1     1.671996e+02  -6.687820e-07   3.262061e-06   0.000000e+00  -2.049691e-05  -4.202152e-06   0.000000e+00
0     1.672996e+02   0.000000e+00   0.000000e+00   0.000000e+00   0.000000e+00   0.000000e+00   0.000000e+00
1     1.672996e+02  -2.458202e-06   2.246244e-06   0.000000e+00  -1.411408e-05  -1.544577e-05   0.000000e+00
0     1.673996e+02   0.000000e+00   0.000000e+00   0.000000e+00   0.000000e+00   0.000000e+00   0.000000e+00
1     1.673996e+02  -3.309001e-06   3.727370e-07   0.000000e+00  -2.342093e-06  -2.079163e-05   0.000000e+00
0     1.674995e+02   0.000000e+00   0.000000e+00   0.000000e+00   0.000000e+00   0.000000e+00   0.000000e+00
1     1.674995e+02  -2.896322e-06  -1.643093e-06   0.000000e+00   1.032413e-05  -1.819860e-05   0.000000e+00
0     1.675995e+02   0.000000e+00   0.000000e+00   0.000000e+00   0.000000e+00   0.000000e+00   0.000000e+00
1     1.675995e+02  -1.377742e-06  -3.031541e-06   0.000000e+00   1.904829e-05  -8.656796e-06   0.000000e+00
0     1.676995e+02   0.000000e+00   0.000000e+00   0.000000e+00   0.000000e+00   0.000000e+00   0.000000e+00
1     1.676995e+02   6.669016e-07  -3.262454e-06   0.000000e+00   2.049925e-05   4.190489e-06   0.000000e+00
0     1.677995e+02   0.000000e+00   0.000000e+00   0.000000e+00   0.000000e+00   0.000000e+00   0.000000e+00
1     1.677995e+02   2.456899e-06  -2.247655e-06   0.000000e+00   1.412290e-05   1.543779e-05   0.000000e+00
0     1.678994e+02   0.000000e+00   0.000000e+00   0.000000e+00   0.000000e+00   0.000000e+00   0.000000e+00
1     1.678994e+02   3.308763e-06  -3.746204e-07   0.000000e+00   2.353855e-06   2.079045e-05   0.000000e+00
0     1.679994e+02   0.000000e+00   0.000000e+00   0.000000e+00   0.000000e+00   0.000000e+00   0.000000e+00
1     1.679994e+02   2.897215e-06   1.641458e-06   0.000000e+00  -1.031403e-05   1.820453e-05   0.000000e+00
0     1.680994e+02   0.000000e+00   0.000000e+00   0.000000e+00   0.000000e+00   0.000000e+00   0.000000e+00
1     1.680994e+02   1.379396e-06   3.030763e-06   0.000000e+00  -1.904362e-05   8.667415e-06   0.000000e+00
0     1.681994e+02   0.000000e+00   0.000000e+00   0.000000e+00   0.000000e+00   0.000000e+00   0.000000e+00
1     1.681994e+02  -6.651295e-07   3.262807e-06   0.000000e+00  -2.050161e-05  -4.179202e-06   0.000000e+00
0     1.682994e+02   0.000000e+00   0.000000e+00   0.000000e+00   0.000000e+00   0.000000e+00   0.000000e+00
1     1.682994e+02  -2.455686e-06   2.248994e-06   0.000000e+00  -1.413136e-05  -1.542996e-05   0.000000e+00
0     1.683993e+02   0.000000e+00   0.000000e+00   0.000000e+00   0.000000e+00   0.000000e+00   0.000000e+00
1     1.683993e+02  -3.308581e-06   3.764403e-07   0.000000e+00  -2.365363e-06  -2.078900e-05   0.000000e+00
0     1.684993e+02   0.000000e+00   0.000000e+00   0.000000e+00   0.000000e+00   0.000000e+00   0.000000e+00
1     1.684993e+02  -2.898159e-06  -1.639850e-06   0.000000e+00   1.030375e-05  -1.821014e-05   0.000000e+00
0     1.685993e+02   0.000000e+00   0.000000e+00   0.000000e+00   0.000000e+00   0.000000e+00   0.000000e+00
1     1.685993e+02  -1.381133e-06  -3.029997e-06   0.000000e+00   1.903859e-05  -8.678106e-06   0.000000e+00
0     1.686993e+02   0.000000e+00   0.000000e+00   0.000000e+00   0.000000e+00   0.000000e+00   0.000000e+00
1     1.686993e+02   6.632509e-07  -3.263198e-06   0.000000e+00   2.050392e-05   4.167551e-06   0.000000e+00
0     1.687993e+02   0.000000e+00   0.000000e+00   0.000000e+00   0.000000e+00   0.000000e+00   0.000000e+00
1     1.687993e+02   2.454383e-06  -2.250402e-06   0.000000e+00   1.414016e-05   1.542199e-05   0.000000e+00
0     1.688992e+02   0.000000e+00   0.000000e+00   0.000000e+00   0.000000e+00   0.000000e+00   0.000000e+00
1     1.688992e+02   3.308342e-06  -3.783213e-07   0.000000e+00   2.377110e-06   2.078781e-05   0.000000e+00
0     1.689992e+02   0.000000e+00   0.000000e+00   0.000000e+00   0.000000e+00   0.000000e+00   0.000000e+00
1     1.689992e+02   2.899049e-06   1.638216e-06   0.000000e+00  -1.029367e-05   1.821606e-05   0.000000e+00
0     1.690992e+02   0.000000e+00   0.000000e+00   0.000000e+00   0.000000e+00   0.000000e+00   0.000000e+00
1     1.690992e+02   1.382784e-06   3.029218e-06   0.000000e+00  -1.903392e-05   8.688708e-06   0.000000e+00
0     1.691992e+02   0.000000e+00   0.000000e+00   0.000000e+00   0.000000e+00   0.000000e+00   0.000000e+00
1     1.691992e+02  -6.614804e-07   3.263548e-06   0.000000e+00  -2.050627e-05  -4.156274e-06   0.000000e+00
0     1.692991e+02   0.000000e+00   0.000000e+00   0.000000e+00   0.000000e+00   0.000000e+00   0.000000e+00
1     1.692991e+02  -2.453169e-06   2.251738e-06   0.000000e+00  -1.414861e-05  -1.541416e-05   0.000000e+00
0     1.693991e+02   0.000000e+00   0.000000e+00   0.000000e+00   0.000000e+00   0.000000e+00   0.000000e+00
1     1.693991e+02  -3.308157e-06   3.801390e-07   0.000000e+00  -2.388603e-06  -2.078634e-05   0.000000e+00
0     1.694991e+02   0.000000e+00   0.000000e+00   0.000000e+00   0.000000e+00   0.000000e+00   0.000000e+00
1     1.694991e+02  -2.899990e-06  -1.636609e-06   0.000000e+00   1.028339e-05  -1.822165e-05   0.000000e+00
0     1.695991e+02   0.000000e+00   0.000000e+00   0.000000e+00   0.000000e+00   0.000000e+00   0.000000e+00
1     1.695991e+02  -1.384519e-06  -3.028451e-06   0.000000e+00   1.902888e-05  -8.699382e-06   0.000000e+00
0     1.696991e+02   0.000000e+00   0.000000e+00   0.000000e+00   0.000000e+00   0.000000e+00   0.000000e+00
1     1.696991e+02   6.596033e-07  -3.263937e-06   0.000000e+00   2.050857e-05   4.144632e-06   0.000000e+00
0     1.697990e+02   0.000000e+00   0.000000e+00   0.000000e+00   0.000000e+00   0.000000e+00   0.000000e+00
1     1.697990e+02   2.451866e-06  -2.253143e-06   0.000000e+00   1.415739e-05   1.540617e-05   0.000000e+00
0     1.698990e+02   0.000000e+00   0.000000e+00   0.000000e+00   0.000000e+00   0.000000e+00   0.000000e+00
1     1.698990e+02   3.307916e-06  -3.820178e-07   0.000000e+00   2.400337e-06   2.078514e-05   0.000000e+00
0     1.699990e+02   0.000000e+00   0.000000e+00   0.000000e+00   0.000000e+00   0.000000e+00   0.000000e+00
1     1.699990e+02   2.900877e-06   1.634976e-06   0.000000e+00  -1.027331e-05   1.822755e-05   0.000000e+00
0     1.700990e+02   0.000000e+00   0.000000e+00   0.000000e+00   0.000000e+00   0.000000e+00   0.000000e+00
1     1.700990e+02   1.386167e-06   3.027671e-06   0.000000e+00  -1.902420e-05   8.709967e-06   0.000000e+00
0     1.701990e+02   0.000000e+00   0.000000e+00   0.000000e+00   0.000000e+00   0.000000e+00   0.000000e+00
1     1.701990e+02  -6.578346e-07   3.264284e-06   0.000000e+00  -2.051090e-05  -4.133367e-06   0.000000e+00
0     1.702989e+02   0.000000e+00   0.000000e+00   0.000000e+00   0.000000e+00   0.000000e+00   0.000000e+00
1     1.702989e+02  -2.450652e-06   2.254476e-06   0.000000e+00  -1.416582e-05  -1.539834e-05   0.000000e+00
0     1.703989e+02   0.000000e+00   0.000000e+00   0.000000e+00   0.000000e+00   0.000000e+00   0.000000e+00
1     1.703989e+02  -3.307730e-06   3.838330e-07   0.000000e+00  -2.411814e-06  -2.078366e-05   0.000000e+00
0     1.704989e+02   0.000000e+00   0.000000e+00   0.000000e+00   0.000000e+00   0.000000e+00   0.000000e+00
1     1.704989e+02  -2.901815e-06  -1.633370e-06   0.000000e+00   1.026304e-05  -1.823312e-05   0.000000e+00
0     1.705989e+02   0.000000e+00   0.000000e+00   0.000000e+00   0.000000e+00   0.000000e+00   0.000000e+00
1     1.705989e+02  -1.387899e-06  -3.026903e-06   0.000000e+00   1.901915e-05  -8.720622e-06   0.000000e+00
0     1.706988e+02   0.000000e+00   0.000000e+00   0.000000e+00   0.000000e+00   0.000000e+00   0.000000e+00
1     1.706988e+02   6.559591e-07  -3.264671e-06   0.000000e+00   2.051319e-05   4.121735e-06   0.000000e+00
0     1.707988e+02   0.000000e+00   0.000000e+00   0.000000e+00   0.000000e+00   0.000000e+00   0.000000e+00
1     1.707988e+02   2.449349e-06  -2.255878e-06   0.000000e+00   1.417458e-05   1.539036e-05   0.000000e+00
0     1.708988e+02   0.000000e+00   0.000000e+00   0.000000e+00   0.000000e+00   0.000000e+00   0.000000e+00
1     1.708988e+02   3.307488e-06  -3.857095e-07   0.000000e+00   2.423534e-06   2.078245e-05   0.000000e+00
0     1.709988e+02   0.000000e+00   0.000000e+00   0.000000e+00   0.000000e+00   0.000000e+00   0.000000e+00
1     1.709988e+02   2.902699e-06   1.631737e-06   0.000000e+00  -1.025296e-05   1.823901e-05   0.000000e+00
0     1.710988e+02   0.000000e+00   0.000000e+00   0.000000e+00   0.000000e+00   0.000000e+00   0.000000e+00
1     1.710988e+02   1.389545e-06   3.026122e-06   0.000000e+00  -1.901447e-05   8.731190e-06   0.000000e+00
0     1.711987e+02   0.000000e+00   0.000000e+00   0.000000e+00   0.000000e+00   0.000000e+00   0.000000e+00
1     1.711987e+02  -6.541919e-07   3.265016e-06   0.000000e+00  -2.051550e-05  -4.110479e-06   0.000000e+00
0     1.712987e+02   0.000000e+00   0.000000e+00   0.000000e+00   0.000000e+00   0.000000e+00   0.000000e+00
1     1.712987e+02  -2.448135e-06   2.257208e-06   0.000000e+00  -1.418299e-05  -1.538253e-05   0.000000e+00
0     1.713987e+02   0.000000e+00   0.000000e+00   0.000000e+00   0.000000e+00   0.000000e+00   0.000000e+00
1     1.713987e+02  -3.307300e-06   3.875225e-07   0.000000e+00  -2.434998e-06  -2.078096e-05   0.000000e+00
0     1.714987e+02   0.000000e+00   0.000000e+00   0.000000e+00   0.000000e+00   0.000000e+00   0.000000e+00
1     1.714987e+02  -2.903634e-06  -1.630132e-06   0.000000e+00   1.024270e-05  -1.824456e-05   0.000000e+00
0     1.715987e+02   0.000000e+00   0.000000e+00   0.000000e+00   0.000000e+00   0.000000e+00   0.000000e+00
1     1.715987e+02  -1.391274e-06  -3.025353e-06   0.000000e+00   1.900942e-05  -8.741829e-06   0.000000e+00
0     1.716986e+02   0.000000e+00   0.000000e+00   0.000000e+00   0.000000e+00   0.000000e+00   0.000000e+00
1     1.716986e+02   6.523181e-07  -3.265400e-06   0.000000e+00   2.051777e-05   4.098858e-06   0.000000e+00
0     1.717986e+02   0.000000e+00   0.000000e+00   0.000000e+00   0.000000e+00   0.000000e+00   0.000000e+00
1     1.717986e+02   2.446832e-06  -2.258607e-06   0.000000e+00   1.419173e-05   1.537455e-05   0.000000e+00
0     1.718986e+02   0.000000e+00   0.000000e+00   0.000000e+00   0.000000e+00   0.000000e+00   0.000000e+00
1     1.718986e+02   3.307055e-06  -3.893966e-07   0.000000e+00   2.446702e-06   2.077974e-05   0.000000e+00
0     1.719986e+02   0.000000e+00   0.000000e+00   0.000000e+00   0.000000e+00   0.000000e+00   0.000000e+00
1     1.719986e+02   2.904516e-06   1.628500e-06   0.000000e+00  -1.023262e-05   1.825042e-05   0.000000e+00
0     1.720985e+02   0.000000e+00   0.000000e+00   0.000000e+00   0.000000e+00   0.000000e+00   0.000000e+00
1     1.720985e+02   1.392917e-06   3.024571e-06   0.000000e+00  -1.900473e-05   8.752379e-06   0.000000e+00
0     1.721985e+02   0.000000e+00   0.000000e+00   0.000000e+00   0.000000e+00   0.000000e+00   0.000000e+00
1     1.721985e+02  -6.505526e-07   3.265743e-06   0.000000e+00  -2.052007e-05  -4.087613e-06   0.000000e+00
0     1.722985e+02   0.000000e+00   0.000000e+00   0.000000e+00   0.000000e+00   0.000000e+00   0.000000e+00
1     1.722985e+02  -2.445618e-06   2.259935e-06   0.000000e+00  -1.420012e-05  -1.536672e-05   0.000000e+00
0     1.723985e+02   0.000000e+00   0.000000e+00   0.000000e+00   0.000000e+00   0.000000e+00   0.000000e+00
1     1.723985e+02  -3.306866e-06   3.912072e-07   0.000000e+00  -2.458151e-06  -2.077823e-05   0.000000e+00
0     1.724985e+02   0.000000e+00   0.000000e+00   0.000000e+00   0.000000e+00   0.000000e+00   0.000000e+00
1     1.724985e+02  -2.905448e-06  -1.626896e-06   0.000000e+00   1.022237e-05  -1.825596e-05   0.000000e+00
0     1.725984e+02   0.000000e+00   0.000000e+00   0.000000e+00   0.000000e+00   0.000000e+00   0.000000e+00
1     1.725984e+02  -1.394643e-06  -3.023801e-06   0.000000e+00   1.899967e-05  -8.763000e-06   0.000000e+00
0     1.726984e+02   0.000000e+00   0.000000e+00   0.000000e+00   0.000000e+00   0.000000e+00   0.000000e+00
1     1.726984e+02   6.486804e-07  -3.266124e-06   0.000000e+00   2.052232e-05   4.076002e-06   0.000000e+00
0     1.727984e+02   0.000000e+00   0.000000e+00   0.000000e+00   0.000000e+00   0.000000e+00   0.000000e+00
1     1.727984e+02   2.444315e-06  -2.261331e-06   0.000000e+00   1.420884e-05   1.535874e-05   0.000000e+00
0     1.728984e+02   0.000000e+00   0.000000e+00   0.000000e+00   0.000000e+00   0.000000e+00   0.000000e+00
1     1.728984e+02   3.306619e-06  -3.930792e-07   0.000000e+00   2.469842e-06   2.077700e-05   0.000000e+00
0     1.729984e+02   0.000000e+00   0.000000e+00   0.000000e+00   0.000000e+00   0.000000e+00   0.000000e+00
1     1.729984e+02   2.906327e-06   1.625265e-06   0.000000e+00  -1.021230e-05   1.826181e-05   0.000000e+00
0     1.730983e+02   0.000000e+00   0.000000e+00   0.000000e+00   0.000000e+00   0.000000e+00   0.000000e+00
1     1.730983e+02   1.396283e-06   3.023017e-06   0.000000e+00  -1.899497e-05   8.773534e-06   0.000000e+00
0     1.731983e+02   0.000000e+00   0.000000e+00   0.000000e+00   0.000000e+00   0.000000e+00   0.000000e+00
1     1.731983e+02  -6.469165e-07   3.266464e-06   0.000000e+00  -2.052461e-05  -4.064767e-06   0.000000e+00
0     1.732983e+02   0.000000e+00   0.000000e+00   0.000000e+00   0.000000e+00   0.000000e+00   0.000000e+00
1     1.732983e+02  -2.443101e-06   2.262655e-06   0.000000e+00  -1.421722e-05  -1.535090e-05   0.000000e+00
0     1.733983e+02   0.000000e+00   0.000000e+00   0.000000e+00   0.000000e+00   0.000000e+00   0.000000e+00
1     1.733983e+02  -3.306428e-06   3.948874e-07   0.000000e+00  -2.481275e-06  -2.077549e-05   0.000000e+00
0     1.734983e+02   0.000000e+00   0.000000e+00   0.000000e+00   0.000000e+00   0.000000e+00   0.000000e+00
1     1.734983e+02  -2.907257e-06  -1.623661e-06   0.000000e+00   1.020204e-05  -1.826733e-05   0.000000e+00
0     1.736000e+02   0.000000e+00   0.000000e+00   0.000000e+00   0.000000e+00   0.000000e+00   0.000000e+00
1     1.736000e+02  -1.364614e-06  -3.037471e-06   0.000000e+00   1.908556e-05  -8.574316e-06   0.000000e+00
0     1.737000e+02   0.000000e+00   0.000000e+00   0.000000e+00   0.000000e+00   0.000000e+00   0.000000e+00
1     1.737000e+02   6.810106e-07  -3.259535e-06   0.000000e+00   2.048093e-05   4.279146e-06   0.000000e+00
0     1.737999e+02   0.000000e+00   0.000000e+00   0.000000e+00   0.000000e+00   0.000000e+00   0.000000e+00
1     1.737999e+02   2.466601e-06  -2.236999e-06   0.000000e+00   1.405596e-05   1.549877e-05   0.000000e+00
0     1.738999e+02   0.000000e+00   0.000000e+00   0.000000e+00   0.000000e+00   0.000000e+00   0.000000e+00
1     1.738999e+02   3.310351e-06  -3.602953e-07   0.000000e+00   2.263847e-06   2.080046e-05   0.000000e+00
0     1.739999e+02   0.000000e+00   0.000000e+00   0.000000e+00   0.000000e+00   0.000000e+00   0.000000e+00
1     1.739999e+02   2.890079e-06   1.653983e-06   0.000000e+00  -1.039275e-05   1.815972e-05   0.000000e+00
0     1.740999e+02   0.000000e+00   0.000000e+00   0.000000e+00   0.000000e+00   0.000000e+00   0.000000e+00
1     1.740999e+02   1.366259e-06   3.036704e-06   0.000000e+00  -1.908098e-05   8.584883e-06   0.000000e+00
0     1.741999e+02   0.000000e+00   0.000000e+00   0.000000e+00   0.000000e+00   0.000000e+00   0.000000e+00
1     1.741999e+02  -6.792524e-07   3.259893e-06   0.000000e+00  -2.048332e-05  -4.267947e-06   0.000000e+00
0     1.742998e+02   0.000000e+00   0.000000e+00   0.000000e+00   0.000000e+00   0.000000e+00   0.000000e+00
1     1.742998e+02  -2.465402e-06   2.238335e-06   0.000000e+00  -1.406441e-05  -1.549103e-05   0.000000e+00
0     1.743998e+02   0.000000e+00   0.000000e+00   0.000000e+00   0.000000e+00   0.000000e+00   0.000000e+00
1     1.743998e+02  -3.310178e-06   3.621039e-07   0.000000e+00  -2.275284e-06  -2.079906e-05   0.000000e+00
0     1.744998e+02   0.000000e+00   0.000000e+00   0.000000e+00   0.000000e+00   0.000000e+00   0.000000e+00
1     1.744998e+02  -2.891024e-06  -1.652390e-06   0.000000e+00   1.038256e-05  -1.816533e-05   0.000000e+00
0     1.745998e+02   0.000000e+00   0.000000e+00   0.000000e+00   0.000000e+00   0.000000e+00   0.000000e+00
1     1.745998e+02  -1.367989e-06  -3.035951e-06   0.000000e+00   1.907602e-05  -8.595525e-06   0.000000e+00
0     1.746997e+02   0.000000e+00   0.000000e+00   0.000000e+00   0.000000e+00   0.000000e+00   0.000000e+00
1     1.746997e+02   6.773875e-07  -3.260290e-06   0.000000e+00   2.048568e-05   4.256382e-06   0.000000e+00
0     1.747997e+02   0.000000e+00   0.000000e+00   0.000000e+00   0.000000e+00   0.000000e+00   0.000000e+00
1     1.747997e+02   2.464113e-06  -2.239739e-06   0.000000e+00   1.407318e-05   1.548314e-05   0.000000e+00
0     1.748997e+02   0.000000e+00   0.000000e+00   0.000000e+00   0.000000e+00   0.000000e+00   0.000000e+00
1     1.748997e+02   3.309948e-06  -3.639733e-07   0.000000e+00   2.286958e-06   2.079793e-05   0.000000e+00
0     1.749997e+02   0.000000e+00   0.000000e+00   0.000000e+00   0.000000e+00   0.000000e+00   0.000000e+00
1     1.749997e+02   2.891915e-06   1.650771e-06   0.000000e+00  -1.037257e-05   1.817126e-05   0.000000e+00
0     1.750997e+02   0.000000e+00   0.000000e+00   0.000000e+00   0.000000e+00   0.000000e+00   0.000000e+00
1     1.750997e+02   1.369632e-06   3.035184e-06   0.000000e+00  -1.907143e-05   8.606075e-06   0.000000e+00
0     1.751996e+02   0.000000e+00   0.000000e+00   0.000000e+00   0.000000e+00   0.000000e+00   0.000000e+00
1     1.751996e+02  -6.756310e-07   3.260645e-06   0.000000e+00  -2.048805e-05  -4.245193e-06   0.000000e+00
0     1.752996e+02   0.000000e+00   0.000000e+00   0.000000e+00   0.000000e+00   0.000000e+00   0.000000e+00
1     1.752996e+02  -2.462914e-06   2.241071e-06   0.000000e+00  -1.408160e-05  -1.547540e-05   0.000000e+00
0     1.753996e+02   0.000000e+00   0.000000e+00   0.000000e+00   0.000000e+00   0.000000e+00   0.000000e+00
1     1.753996e+02  -3.309773e-06   3.657794e-07   0.000000e+00  -2.298379e-06  -2.079652e-05   0.000000e+00
0     1.754996e+02   0.000000e+00   0.000000e+00   0.000000e+00   0.000000e+00   0.000000e+00   0.000000e+00
1     1.754996e+02  -2.892857e-06  -1.649179e-06   0.000000e+00   1.036239e-05  -1.817685e-05   0.000000e+00
0     1.755996e+02   0.000000e+00   0.000000e+00   0.000000e+00   0.000000e+00   0.000000e+00   0.000000e+00
1     1.755996e+02  -1.371358e-06  -3.034430e-06   0.000000e+00   1.906647e-05  -8.616699e-06   0.000000e+00
0     1.756995e+02   0.000000e+00   0.000000e+00   0.000000e+00   0.000000e+00   0.000000e+00   0.000000e+00
1     1.756995e+02   6.737677e-07  -3.261039e-06   0.000000e+00   2.049039e-05   4.233638e-06   0.000000e+00
0     1.757995e+02   0.000000e+00   0.000000e+00   0.000000e+00   0.000000e+00   0.000000e+00   0.000000e+00
1     1.757995e+02   2.461625e-06  -2.242472e-06   0.000000e+00   1.409036e-05   1.546751e-05   0.000000e+00
0     1.758995e+02   0.000000e+00   0.000000e+00   0.000000e+00   0.000000e+00   0.000000e+00   0.000000e+00
1     1.758995e+02   3.309542e-06  -3.676466e-07   0.000000e+00   2.310039e-06   2.079538e-05   0.000000e+00
0     1.759995e+02   0.000000e+00   0.000000e+00   0.000000e+00   0.000000e+00   0.000000e+00   0.000000e+00
1     1.759995e+02   2.893745e-06   1.647560e-06   0.000000e+00  -1.035240e-05   1.818276e-05   0.000000e+00
0     1.760995e+02   0.000000e+00   0.000000e+00   0.000000e+00   0.000000e+00   0.000000e+00   0.000000e+00
1     1.760995e+02   1.372999e-06   3.033662e-06   0.000000e+00  -1.906187e-05   8.627232e-06   0.000000e+00
0     1.761994e+02   0.000000e+00   0.000000e+00   0.000000e+00   0.000000e+00   0.000000e+00   0.000000e+00
1     1.761994e+02  -6.720128e-07   3.261392e-06   0.000000e+00  -2.049275e-05  -4.222460e-06   0.000000e+00
0     1.762994e+02   0.000000e+00   0.000000e+00   0.000000e+00   0.000000e+00   0.000000e+00   0.000000e+00
1     1.762994e+02  -2.460426e-06   2.243802e-06   0.000000e+00  -1.409876e-05  -1.545977e-05   0.000000e+00
0     1.763994e+02   0.000000e+00   0.000000e+00   0.000000e+00   0.000000e+00   0.000000e+00   0.000000e+00
1     1.763994e+02  -3.309365e-06   3.694505e-07   0.000000e+00  -2.321447e-06  -2.079396e-05   0.000000e+00
0     1.764994e+02   0.000000e+00   0.000000e+00   0.000000e+00   0.000000e+00   0.000000e+00   0.000000e+00
1     1.764994e+02  -2.894684e-06  -1.645969e-06   0.000000e+00   1.034222e-05  -1.818834e-05   0.000000e+00
0     1.765993e+02   0.000000e+00   0.000000e+00   0.000000e+00   0.000000e+00   0.000000e+00   0.000000e+00
1     1.765993e+02  -1.374722e-06  -3.032907e-06   0.000000e+00   1.905690e-05  -8.637839e-06   0.000000e+00
0     1.766993e+02   0.000000e+00   0.000000e+00   0.000000e+00   0.000000e+00   0.000000e+00   0.000000e+00
1     1.766993e+02   6.701512e-07  -3.261784e-06   0.000000e+00   2.049507e-05   4.210915e-06   0.000000e+00
0     1.767993e+02   0.000000e+00   0.000000e+00   0.000000e+00   0.000000e+00   0.000000e+00   0.000000e+00
1     1.767993e+02   2.459137e-06  -2.245200e-06   0.000000e+00   1.410750e-05   1.545188e-05   0.000000e+00
0     1.768993e+02   0.000000e+00   0.000000e+00   0.000000e+00   0.000000e+00   0.000000e+00   0.000000e+00
1     1.768993e+02   3.309132e-06  -3.713153e-07   0.000000e+00   2.333092e-06   2.079281e-05   0.000000e+00
0     1.769993e+02   0.000000e+00   0.000000e+00   0.000000e+00   0.000000e+00   0.000000e+00   0.000000e+00
1     1.769993e+02   2.895569e-06   1.644352e-06   0.000000e+00  -1.033224e-05   1.819422e-05   0.000000e+00
0     1.770992e+02   0.000000e+00   0.000000e+00   0.000000e+00   0.000000e+00   0.000000e+00   0.000000e+00
1     1.770992e+02   1.376360e-06   3.032138e-06   0.000000e+00  -1.905230e-05   8.648354e-06   0.000000e+00
0     1.771992e+02   0.000000e+00   0.000000e+00   0.000000e+00   0.000000e+00   0.000000e+00   0.000000e+00
1     1.771992e+02  -6.683980e-07   3.262135e-06   0.000000e+00  -2.049742e-05  -4.199747e-06   0.000000e+00
0     1.772992e+02   0.000000e+00   0.000000e+00   0.000000e+00   0.000000e+00   0.000000e+00   0.000000e+00
1     1.772992e+02  -2.457938e-06   2.246527e-06   0.000000e+00  -1.411589e-05  -1.544414e-05   0.000000e+00
0     1.773992e+02   0.000000e+00   0.000000e+00   0.000000e+00   0.000000e+00   0.000000e+00   0.000000e+00
1     1.773992e+02  -3.308953e-06   3.731169e-07   0.000000e+00  -2.344484e-06  -2.079137e-05   0.000000e+00
0     1.774992e+02   0.000000e+00   0.000000e+00   0.000000e+00   0.000000e+00   0.000000e+00   0.000000e+00
1     1.774992e+02  -2.896505e-06  -1.642761e-06   0.000000e+00   1.032206e-05  -1.819978e-05   0.000000e+00
0     1.775991e+02   0.000000e+00   0.000000e+00   0.000000e+00   0.000000e+00   0.000000e+00   0.000000e+00
1     1.775991e+02  -1.378081e-06  -3.031382e-06   0.000000e+00   1.904733e-05  -8.658943e-06   0.000000e+00
0     1.776991e+02   0.000000e+00   0.000000e+00   0.000000e+00   0.000000e+00   0.000000e+00   0.000000e+00
1     1.776991e+02   6.665380e-07  -3.262524e-06   0.000000e+00   2.049973e-05   4.188212e-06   0.000000e+00
0     1.777991e+02   0.000000e+00   0.000000e+00   0.000000e+00   0.000000e+00   0.000000e+00   0.000000e+00
1     1.777991e+02   2.456649e-06  -2.247922e-06   0.000000e+00   1.412460e-05   1.543625e-05   0.000000e+00
0     1.778991e+02   0.000000e+00   0.000000e+00   0.000000e+00   0.000000e+00   0.000000e+00   0.000000e+00
1     1.778991e+02   3.308718e-06  -3.749795e-07   0.000000e+00   2.356116e-06   2.079021e-05   0.000000e+00
0     1.779990e+02   0.000000e+00   0.000000e+00   0.000000e+00   0.000000e+00   0.000000e+00   0.000000e+00
1     1.779990e+02   2.897387e-06   1.641144e-06   0.000000e+00  -1.031208e-05   1.820565e-05   0.000000e+00
0     1.780990e+02   0.000000e+00   0.000000e+00   0.000000e+00   0.000000e+00   0.000000e+00   0.000000e+00
1     1.780990e+02   1.379716e-06   3.030612e-06   0.000000e+00  -1.904271e-05   8.669443e-06   0.000000e+00
0     1.781990e+02   0.000000e+00   0.000000e+00   0.000000e+00   0.000000e+00   0.000000e+00   0.000000e+00
1     1.781990e+02  -6.647863e-07   3.262872e-06   0.000000e+00  -2.050206e-05  -4.177054e-06   0.000000e+00
0     1.782990e+02   0.000000e+00   0.000000e+00   0.000000e+00   0.000000e+00   0.000000e+00   0.000000e+00
1     1.782990e+02  -2.455449e-06   2.249245e-06   0.000000e+00  -1.413297e-05  -1.542851e-05   0.000000e+00
0     1.783990e+02   0.000000e+00   0.000000e+00   0.000000e+00   0.000000e+00   0.000000e+00   0.000000e+00
1     1.783990e+02  -3.308538e-06   3.767786e-07   0.000000e+00  -2.367493e-06  -2.078877e-05   0.000000e+00
0     1.784989e+02   0.000000e+00   0.000000e+00   0.000000e+00   0.000000e+00   0.000000e+00   0.000000e+00
1     1.784989e+02  -2.898321e-06  -1.639555e-06   0.000000e+00   1.030192e-05  -1.821120e-05   0.000000e+00
0     1.785989e+02   0.000000e+00   0.000000e+00   0.000000e+00   0.000000e+00   0.000000e+00   0.000000e+00
1     1.785989e+02  -1.381434e-06  -3.029855e-06   0.000000e+00   1.903773e-05  -8.680014e-06   0.000000e+00
0     1.786989e+02   0.000000e+00   0.000000e+00   0.000000e+00   0.000000e+00   0.000000e+00   0.000000e+00
1     1.786989e+02   6.629280e-07  -3.263259e-06   0.000000e+00   2.050435e-05   4.165530e-06   0.000000e+00
0     1.787989e+02   0.000000e+00   0.000000e+00   0.000000e+00   0.000000e+00   0.000000e+00   0.000000e+00
1     1.787989e+02   2.454160e-06  -2.250638e-06   0.000000e+00   1.414167e-05   1.542062e-05   0.000000e+00
0     1.788989e+02   0.000000e+00   0.000000e+00   0.000000e+00   0.000000e+00   0.000000e+00   0.000000e+00
1     1.788989e+02   3.308301e-06  -3.786390e-07   0.000000e+00   2.379110e-06   2.078760e-05   0.000000e+00
0     1.789988e+02   0.000000e+00   0.000000e+00   0.000000e+00   0.000000e+00   0.000000e+00   0.000000e+00
1     1.789988e+02   2.899200e-06   1.637939e-06   0.000000e+00  -1.029194e-05   1.821705e-05   0.000000e+00
0     1.790988e+02   0.000000e+00   0.000000e+00   0.000000e+00   0.000000e+00   0.000000e+00   0.000000e+00
1     1.790988e+02   1.383066e-06   3.029084e-06   0.000000e+00  -1.903312e-05   8.690496e-06   0.000000e+00
0     1.791988e+02   0.000000e+00   0.000000e+00   0.000000e+00   0.000000e+00   0.000000e+00   0.000000e+00
1     1.791988e+02  -6.611780e-07   3.263605e-06   0.000000e+00  -2.050667e-05  -4.154382e-06   0.000000e+00
0     1.792988e+02   0.000000e+00   0.000000e+00   0.000000e+00   0.000000e+00   0.000000e+00   0.000000e+00
1     1.792988e+02  -2.452961e-06   2.251959e-06   0.000000e+00  -1.415002e-05  -1.541288e-05   0.000000e+00
0     1.793987e+02   0.000000e+00   0.000000e+00   0.000000e+00   0.000000e+00   0.000000e+00   0.000000e+00
1     1.793987e+02  -3.308119e-06   3.804359e-07   0.000000e+00  -2.390473e-06  -2.078614e-05   0.000000e+00
0     1.794987e+02   0.000000e+00   0.000000e+00   0.000000e+00   0.000000e+00   0.000000e+00   0.000000e+00
1     1.794987e+02  -2.900131e-06  -1.636350e-06   0.000000e+00   1.028178e-05  -1.822257e-05   0.000000e+00
0     1.795987e+02   0.000000e+00   0.000000e+00   0.000000e+00   0.000000e+00   0.000000e+00   0.000000e+00
1     1.795987e+02  -1.384782e-06  -3.028326e-06   0.000000e+00   1.902813e-05  -8.701050e-06   0.000000e+00
0     1.796987e+02   0.000000e+00   0.000000e+00   0.000000e+00   0.000000e+00   0.000000e+00   0.000000e+00
1     1.796987e+02   6.593212e-07  -3.263989e-06   0.000000e+00   2.050894e-05   4.142868e-06   0.000000e+00
0     1.797987e+02   0.000000e+00   0.000000e+00   0.000000e+00   0.000000e+00   0.000000e+00   0.000000e+00
1     1.797987e+02   2.451671e-06  -2.253348e-06   0.000000e+00   1.415870e-05   1.540498e-05   0.000000e+00
0     1.798986e+02   0.000000e+00   0.000000e+00   0.000000e+00   0.000000e+00   0.000000e+00   0.000000e+00
1     1.798986e+02   3.307880e-06  -3.822939e-07   0.000000e+00   2.402077e-06   2.078496e-05   0.000000e+00
0     1.799986e+02   0.000000e+00   0.000000e+00   0.000000e+00   0.000000e+00   0.000000e+00   0.000000e+00
1     1.799986e+02   2.901007e-06   1.634734e-06   0.000000e+00  -1.027181e-05   1.822841e-05   0.000000e+00
0     1.800986e+02   0.000000e+00   0.000000e+00   0.000000e+00   0.000000e+00   0.000000e+00   0.000000e+00
1     1.800986e+02   1.386411e-06   3.027554e-06   0.000000e+00  -1.902351e-05   8.711516e-06   0.000000e+00
0     1.801986e+02   0.000000e+00   0.000000e+00   0.000000e+00   0.000000e+00   0.000000e+00   0.000000e+00
1     1.801986e+02  -6.575730e-07   3.264333e-06   0.000000e+00  -2.051124e-05  -4.131732e-06   0.000000e+00
0     1.802986e+02   0.000000e+00   0.000000e+00   0.000000e+00   0.000000e+00   0.000000e+00   0.000000e+00
1     1.802986e+02  -2.450472e-06   2.254666e-06   0.000000e+00  -1.416704e-05  -1.539724e-05   0.000000e+00
0     1.803985e+02   0.000000e+00   0.000000e+00   0.000000e+00   0.000000e+00   0.000000e+00   0.000000e+00
1     1.803985e+02  -3.307696e-06   3.840883e-07   0.000000e+00  -2.413424e-06  -2.078349e-05   0.000000e+00
0     1.804985e+02   0.000000e+00   0.000000e+00   0.000000e+00   0.000000e+00   0.000000e+00   0.000000e+00
1     1.804985e+02  -2.901935e-06  -1.633147e-06   0.000000e+00   1.026166e-05  -1.823392e-05   0.000000e+00
0     1.805985e+02   0.000000e+00   0.000000e+00   0.000000e+00   0.000000e+00   0.000000e+00   0.000000e+00
1     1.805985e+02  -1.388124e-06  -3.026795e-06   0.000000e+00   1.901851e-05  -8.722052e-06   0.000000e+00
0     1.806985e+02   0.000000e+00   0.000000e+00   0.000000e+00   0.000000e+00   0.000000e+00   0.000000e+00
1     1.806985e+02   6.557179e-07  -3.264715e-06   0.000000e+00   2.051350e-05   4.120228e-06   0.000000e+00
0     1.807985e+02   0.000000e+00   0.000000e+00   0.000000e+00   0.000000e+00   0.000000e+00   0.000000e+00
1     1.807985e+02   2.449183e-06  -2.256052e-06   0.000000e+00   1.417570e-05   1.538935e-05   0.000000e+00
0     1.808984e+02   0.000000e+00   0.000000e+00   0.000000e+00   0.000000e+00   0.000000e+00   0.000000e+00
1     1.808984e+02   3.307456e-06  -3.859442e-07   0.000000e+00   2.425013e-06   2.078229e-05   0.000000e+00
0     1.809984e+02   0.000000e+00   0.000000e+00   0.000000e+00   0.000000e+00   0.000000e+00   0.000000e+00
1     1.809984e+02   2.902809e-06   1.631532e-06   0.000000e+00  -1.025169e-05   1.823973e-05   0.000000e+00
0     1.810984e+02   0.000000e+00   0.000000e+00   0.000000e+00   0.000000e+00   0.000000e+00   0.000000e+00
1     1.810984e+02   1.389751e-06   3.026022e-06   0.000000e+00  -1.901388e-05   8.732500e-06   0.000000e+00
0     1.811984e+02   0.000000e+00   0.000000e+00   0.000000e+00   0.000000e+00   0.000000e+00   0.000000e+00
1     1.811984e+02  -6.539712e-07   3.265056e-06   0.000000e+00  -2.051579e-05  -4.109101e-06   0.000000e+00
0     1.812983e+02   0.000000e+00   0.000000e+00   0.000000e+00   0.000000e+00   0.000000e+00   0.000000e+00
1     1.812983e+02  -2.447983e-06   2.257367e-06   0.000000e+00  -1.418401e-05  -1.538161e-05   0.000000e+00
0     1.813983e+02   0.000000e+00   0.000000e+00   0.000000e+00   0.000000e+00   0.000000e+00   0.000000e+00
1     1.813983e+02  -3.307270e-06   3.877364e-07   0.000000e+00  -2.436347e-06  -2.078082e-05   0.000000e+00
0     1.814983e+02   0.000000e+00   0.000000e+00   0.000000e+00   0.000000e+00   0.000000e+00   0.000000e+00
1     1.814983e+02  -2.903734e-06  -1.629945e-06   0.000000e+00   1.024154e-05  -1.824522e-05   0.000000e+00
0     1.815983e+02   0.000000e+00   0.000000e+00   0.000000e+00   0.000000e+00   0.000000e+00   0.000000e+00
1     1.815983e+02  -1.391460e-06  -3.025262e-06   0.000000e+00   1.900889e-05  -8.743019e-06   0.000000e+00
0     1.816983e+02   0.000000e+00   0.000000e+00   0.000000e+00   0.000000e+00   0.000000e+00   0.000000e+00
1     1.816983e+02   6.521178e-07  -3.265435e-06   0.000000e+00   2.051803e-05   4.097608e-06   0.000000e+00
0     1.818000e+02   0.000000e+00   0.000000e+00   0.000000e+00   0.000000e+00   0.000000e+00   0.000000e+00
1     1.818000e+02   2.471439e-06  -2.231648e-06   0.000000e+00   1.402236e-05   1.552920e-05   0.000000e+00
0     1.819000e+02   0.000000e+00   0.000000e+00   0.000000e+00   0.000000e+00   0.000000e+00   0.000000e+00
1     1.819000e+02   3.311121e-06  -3.531192e-07   0.000000e+00   2.218760e-06   2.080533e-05   0.000000e+00
0     1.819999e+02   0.000000e+00   0.000000e+00   0.000000e+00   0.000000e+00   0.000000e+00   0.000000e+00
1     1.819999e+02   2.886483e-06   1.660244e-06   0.000000e+00  -1.043211e-05   1.813715e-05   0.000000e+00
0     1.820999e+02   0.000000e+00   0.000000e+00   0.000000e+00   0.000000e+00   0.000000e+00   0.000000e+00
1     1.820999e+02   1.359667e-06   3.039658e-06   0.000000e+00  -1.909957e-05   8.543472e-06   0.000000e+00
0     1.821999e+02   0.000000e+00   0.000000e+00   0.000000e+00   0.000000e+00   0.000000e+00   0.000000e+00
1     1.821999e+02  -6.863254e-07   3.258408e-06   0.000000e+00  -2.047402e-05  -4.312397e-06   0.000000e+00
0     1.822999e+02   0.000000e+00   0.000000e+00   0.000000e+00   0.000000e+00   0.000000e+00   0.000000e+00
1     1.822999e+02  -2.470254e-06   2.232974e-06   0.000000e+00  -1.403074e-05  -1.552154e-05   0.000000e+00
0     1.823999e+02   0.000000e+00   0.000000e+00   0.000000e+00   0.000000e+00   0.000000e+00   0.000000e+00
1     1.823999e+02  -3.310953e-06   3.549116e-07   0.000000e+00  -2.230096e-06  -2.080396e-05   0.000000e+00
0     1.824998e+02   0.000000e+00   0.000000e+00   0.000000e+00   0.000000e+00   0.000000e+00   0.000000e+00
1     1.824998e+02  -2.887423e-06  -1.658668e-06   0.000000e+00   1.042202e-05  -1.814274e-05   0.000000e+00
0     1.825998e+02   0.000000e+00   0.000000e+00   0.000000e+00   0.000000e+00   0.000000e+00   0.000000e+00
1     1.825998e+02  -1.361383e-06  -3.038916e-06   0.000000e+00   1.909468e-05  -8.554030e-06   0.000000e+00
0     1.826998e+02   0.000000e+00   0.000000e+00   0.000000e+00   0.000000e+00   0.000000e+00   0.000000e+00
1     1.826998e+02   6.844777e-07  -3.258805e-06   0.000000e+00   2.047638e-05   4.300939e-06   0.000000e+00
0     1.827998e+02   0.000000e+00   0.000000e+00   0.000000e+00   0.000000e+00   0.000000e+00   0.000000e+00
1     1.827998e+02   2.468979e-06  -2.234368e-06   0.000000e+00   1.403946e-05   1.551375e-05   0.000000e+00
0     1.828998e+02   0.000000e+00   0.000000e+00   0.000000e+00   0.000000e+00   0.000000e+00   0.000000e+00
1     1.828998e+02   3.310729e-06  -3.567648e-07   0.000000e+00   2.241667e-06   2.080287e-05   0.000000e+00
0     1.829997e+02   0.000000e+00   0.000000e+00   0.000000e+00   0.000000e+00   0.000000e+00   0.000000e+00
1     1.829997e+02   2.888309e-06   1.657065e-06   0.000000e+00  -1.041213e-05   1.814863e-05   0.000000e+00
0     1.830997e+02   0.000000e+00   0.000000e+00   0.000000e+00   0.000000e+00   0.000000e+00   0.000000e+00
1     1.830997e+02   1.363012e-06   3.038159e-06   0.000000e+00  -1.909015e-05   8.564494e-06   0.000000e+00
0     1.831997e+02   0.000000e+00   0.000000e+00   0.000000e+00   0.000000e+00   0.000000e+00   0.000000e+00
1     1.831997e+02  -6.827383e-07   3.259161e-06   0.000000e+00  -2.047876e-05  -4.289858e-06   0.000000e+00
0     1.832997e+02   0.000000e+00   0.000000e+00   0.000000e+00   0.000000e+00   0.000000e+00   0.000000e+00
1     1.832997e+02  -2.467794e-06   2.235691e-06   0.000000e+00  -1.404782e-05  -1.550609e-05   0.000000e+00
0     1.833997e+02   0.000000e+00   0.000000e+00   0.000000e+00   0.000000e+00   0.000000e+00   0.000000e+00
1     1.833997e+02  -3.310560e-06   3.585549e-07   0.000000e+00  -2.252988e-06  -2.080150e-05   0.000000e+00
0     1.834996e+02   0.000000e+00   0.000000e+00   0.000000e+00   0.000000e+00   0.000000e+00   0.000000e+00
1     1.834996e+02  -2.889246e-06  -1.655490e-06   0.000000e+00   1.040205e-05  -1.815419e-05   0.000000e+00
0     1.835996e+02   0.000000e+00   0.000000e+00   0.000000e+00   0.000000e+00   0.000000e+00   0.000000e+00
1     1.835996e+02  -1.364725e-06  -3.037416e-06   0.000000e+00   1.908526e-05  -8.575033e-06   0.000000e+00
0     1.836996e+02   0.000000e+00   0.000000e+00   0.000000e+00   0.000000e+00   0.000000e+00   0.000000e+00
1     1.836996e+02   6.808923e-07  -3.259556e-06   0.000000e+00   2.048110e-05   4.278412e-06   0.000000e+00
0     1.837996e+02   0.000000e+00   0.000000e+00   0.000000e+00   0.000000e+00   0.000000e+00   0.000000e+00
1     1.837996e+02   2.466520e-06  -2.237082e-06   0.000000e+00   1.405651e-05   1.549829e-05   0.000000e+00
0     1.838995e+02   0.000000e+00   0.000000e+00   0.000000e+00   0.000000e+00   0.000000e+00   0.000000e+00
1     1.838995e+02   3.310335e-06  -3.604058e-07   0.000000e+00   2.264546e-06   2.080039e-05   0.000000e+00
0     1.839995e+02   0.000000e+00   0.000000e+00   0.000000e+00   0.000000e+00   0.000000e+00   0.000000e+00
1     1.839995e+02   2.890129e-06   1.653888e-06   0.000000e+00  -1.039217e-05   1.816007e-05   0.000000e+00
0     1.840995e+02   0.000000e+00   0.000000e+00   0.000000e+00   0.000000e+00   0.000000e+00   0.000000e+00
1     1.840995e+02   1.366352e-06   3.036658e-06   0.000000e+00  -1.908072e-05   8.585480e-06   0.000000e+00
0     1.841995e+02   0.000000e+00   0.000000e+00   0.000000e+00   0.000000e+00   0.000000e+00   0.000000e+00
1     1.841995e+02  -6.791545e-07   3.259909e-06   0.000000e+00  -2.048347e-05  -4.267341e-06   0.000000e+00
0     1.842995e+02   0.000000e+00   0.000000e+00   0.000000e+00   0.000000e+00   0.000000e+00   0.000000e+00
1     1.842995e+02  -2.465335e-06   2.238402e-06   0.000000e+00  -1.406486e-05  -1.549064e-05   0.000000e+00
0     1.843994e+02   0.000000e+00   0.000000e+00   0.000000e+00   0.000000e+00   0.000000e+00   0.000000e+00
1     1.843994e+02  -3.310164e-06   3.621935e-07   0.000000e+00  -2.275852e-06  -2.079901e-05   0.000000e+00
0     1.844994e+02   0.000000e+00   0.000000e+00   0.000000e+00   0.000000e+00   0.000000e+00   0.000000e+00
1     1.844994e+02  -2.891063e-06  -1.652313e-06   0.000000e+00   1.038210e-05  -1.816562e-05   0.000000e+00
0     1.845994e+02   0.000000e+00   0.000000e+00   0.000000e+00   0.000000e+00   0.000000e+00   0.000000e+00
1     1.845994e+02  -1.368062e-06  -3.035914e-06   0.000000e+00   1.907582e-05  -8.596002e-06   0.000000e+00
0     1.846994e+02   0.000000e+00   0.000000e+00   0.000000e+00   0.000000e+00   0.000000e+00   0.000000e+00
1     1.846994e+02   6.773100e-07  -3.260301e-06   0.000000e+00   2.048579e-05   4.255903e-06   0.000000e+00
0     1.847994e+02   0.000000e+00   0.000000e+00   0.000000e+00   0.000000e+00   0.000000e+00   0.000000e+00
1     1.847994e+02   2.464060e-06  -2.239791e-06   0.000000e+00   1.407353e-05   1.548284e-05   0.000000e+00
0     1.848993e+02   0.000000e+00   0.000000e+00   0.000000e+00   0.000000e+00   0.000000e+00   0.000000e+00
1     1.848993e+02   3.309936e-06  -3.640423e-07   0.000000e+00   2.287396e-06   2.079790e-05   0.000000e+00
0     1.849993e+02   0.000000e+00   0.000000e+00   0.000000e+00   0.000000e+00   0.000000e+00   0.000000e+00
1     1.849993e+02   2.891944e-06   1.650712e-06   0.000000e+00  -1.037222e-05   1.817147e-05   0.000000e+00
0     1.850993e+02   0.000000e+00   0.000000e+00   0.000000e+00   0.000000e+00   0.000000e+00   0.000000e+00
1     1.850993e+02   1.369686e-06   3.035155e-06   0.000000e+00  -1.907128e-05   8.606433e-06   0.000000e+00
0     1.851993e+02   0.000000e+00   0.000000e+00   0.000000e+00   0.000000e+00   0.000000e+00   0.000000e+00
1     1.851993e+02  -6.755740e-07   3.260653e-06   0.000000e+00  -2.048814e-05  -4.244844e-06   0.000000e+00
0     1.852992e+02   0.000000e+00   0.000000e+00   0.000000e+00   0.000000e+00   0.000000e+00   0.000000e+00
1     1.852992e+02  -2.462875e-06   2.241108e-06   0.000000e+00  -1.408186e-05  -1.547519e-05   0.000000e+00
0     1.853992e+02   0.000000e+00   0.000000e+00   0.000000e+00   0.000000e+00   0.000000e+00   0.000000e+00
1     1.853992e+02  -3.309764e-06   3.658276e-07   0.000000e+00  -2.298687e-06  -2.079650e-05   0.000000e+00
0     1.854992e+02   0.000000e+00   0.000000e+00   0.000000e+00   0.000000e+00   0.000000e+00   0.000000e+00
1     1.854992e+02  -2.892875e-06  -1.649138e-06   0.000000e+00   1.036215e-05  -1.817700e-05   0.000000e+00
0     1.855992e+02   0.000000e+00   0.000000e+00   0.000000e+00   0.000000e+00   0.000000e+00   0.000000e+00
1     1.855992e+02  -1.371393e-06  -3.034410e-06   0.000000e+00   1.906638e-05  -8.616937e-06   0.000000e+00
0     1.856992e+02   0.000000e+00   0.000000e+00   0.000000e+00   0.000000e+00   0.000000e+00   0.000000e+00
1     1.856992e+02   6.737311e-07  -3.261043e-06   0.000000e+00   2.049045e-05   4.233416e-06   0.000000e+00
0     1.857991e+02   0.000000e+00   0.000000e+00   0.000000e+00   0.000000e+00   0.000000e+00   0.000000e+00
1     1.857991e+02   2.461600e-06  -2.242493e-06   0.000000e+00   1.409052e-05   1.546739e-05   0.000000e+00
0     1.858991e+02   0.000000e+00   0.000000e+00   0.000000e+00   0.000000e+00   0.000000e+00   0.000000e+00
1     1.858991e+02   3.309534e-06  -3.676741e-07   0.000000e+00   2.310217e-06   2.079537e-05   0.000000e+00
0     1.859991e+02   0.000000e+00   0.000000e+00   0.000000e+00   0.000000e+00   0.000000e+00   0.000000e+00
1     1.859991e+02   2.893753e-06   1.647537e-06   0.000000e+00  -1.035227e-05   1.818285e-05   0.000000e+00
0     1.860991e+02   0.000000e+00   0.000000e+00   0.000000e+00   0.000000e+00   0.000000e+00   0.000000e+00
1     1.860991e+02   1.373015e-06   3.033650e-06   0.000000e+00  -1.906183e-05   8.627351e-06   0.000000e+00
0     1.861991e+02   0.000000e+00   0.000000e+00   0.000000e+00   0.000000e+00   0.000000e+00   0.000000e+00
1     1.861991e+02  -6.719966e-07   3.261391e-06   0.000000e+00  -2.049279e-05  -4.222366e-06   0.000000e+00
0     1.862990e+02   0.000000e+00   0.000000e+00   0.000000e+00   0.000000e+00   0.000000e+00   0.000000e+00
1     1.862990e+02  -2.460415e-06   2.243807e-06   0.000000e+00  -1.409882e-05  -1.545974e-05   0.000000e+00
0     1.863990e+02   0.000000e+00   0.000000e+00   0.000000e+00   0.000000e+00   0.000000e+00   0.000000e+00
1     1.863990e+02  -3.309360e-06   3.694572e-07   0.000000e+00  -2.321493e-06  -2.079397e-05   0.000000e+00
0     1.864990e+02   0.000000e+00   0.000000e+00   0.000000e+00   0.000000e+00   0.000000e+00   0.000000e+00
1     1.864990e+02  -2.894681e-06  -1.645965e-06   0.000000e+00   1.034221e-05  -1.818836e-05   0.000000e+00
0     1.865990e+02   0.000000e+00   0.000000e+00   0.000000e+00   0.000000e+00   0.000000e+00   0.000000e+00
1     1.865990e+02  -1.374720e-06  -3.032904e-06   0.000000e+00   1.905692e-05  -8.637838e-06   0.000000e+00
0     1.866989e+02   0.000000e+00   0.000000e+00   0.000000e+00   0.000000e+00   0.000000e+00   0.000000e+00
1     1.866989e+02   6.701555e-07  -3.261779e-06   0.000000e+00   2.049508e-05   4.210950e-06   0.000000e+00
0     1.867989e+02   0.000000e+00   0.000000e+00   0.000000e+00   0.000000e+00   0.000000e+00   0.000000e+00
1     1.867989e+02   2.459140e-06  -2.245190e-06   0.000000e+00   1.410746e-05   1.545193e-05   0.000000e+00
0     1.868989e+02   0.000000e+00   0.000000e+00   0.000000e+00   0.000000e+00   0.000000e+00   0.000000e+00
1     1.868989e+02   3.309129e-06  -3.713013e-07   0.000000e+00   2.333008e-06   2.079283e-05   0.000000e+00
0     1.869989e+02   0.000000e+00   0.000000e+00   0.000000e+00   0.000000e+00   0.000000e+00   0.000000e+00
1     1.869989e+02   2.895556e-06   1.644365e-06   0.000000e+00  -1.033234e-05   1.819418e-05   0.000000e+00
0     1.870989e+02   0.000000e+00   0.000000e+00   0.000000e+00   0.000000e+00   0.000000e+00   0.000000e+00
1     1.870989e+02   1.376338e-06   3.032143e-06   0.000000e+00  -1.905237e-05   8.648234e-06   0.000000e+00
0     1.871988e+02   0.000000e+00   0.000000e+00   0.000000e+00   0.000000e+00   0.000000e+00   0.000000e+00
1     1.871988e+02  -6.684227e-07   3.262125e-06   0.000000e+00  -2.049740e-05  -4.199911e-06   0.000000e+00
0     1.872988e+02   0.000000e+00   0.000000e+00   0.000000e+00   0.000000e+00   0.000000e+00   0.000000e+00
1     1.872988e+02  -2.457955e-06   2.246501e-06   0.000000e+00  -1.411575e-05  -1.544428e-05   0.000000e+00
0     1.873988e+02   0.000000e+00   0.000000e+00   0.000000e+00   0.000000e+00   0.000000e+00   0.000000e+00
1     1.873988e+02  -3.308953e-06   3.730821e-07   0.000000e+00  -2.344271e-06  -2.079141e-05   0.000000e+00
0     1.874988e+02   0.000000e+00   0.000000e+00   0.000000e+00   0.000000e+00   0.000000e+00   0.000000e+00
1     1.874988e+02  -2.896482e-06  -1.642793e-06   0.000000e+00   1.032228e-05  -1.819968e-05   0.000000e+00
0     1.875988e+02   0.000000e+00   0.000000e+00   0.000000e+00   0.000000e+00   0.000000e+00   0.000000e+00
1     1.875988e+02  -1.378040e-06  -3.031396e-06   0.000000e+00   1.904745e-05  -8.658704e-06   0.000000e+00
0     1.876987e+02   0.000000e+00   0.000000e+00   0.000000e+00   0.000000e+00   0.000000e+00   0.000000e+00
1     1.876987e+02   6.665831e-07  -3.262510e-06   0.000000e+00   2.049968e-05   4.188504e-06   0.000000e+00
0     1.877987e+02   0.000000e+00   0.000000e+00   0.000000e+00   0.000000e+00   0.000000e+00   0.000000e+00
1     1.877987e+02   2.456680e-06  -2.247881e-06   0.000000e+00   1.412438e-05   1.543648e-05   0.000000e+00
0     1.878987e+02   0.000000e+00   0.000000e+00   0.000000e+00   0.000000e+00   0.000000e+00   0.000000e+00
1     1.878987e+02   3.308720e-06  -3.749240e-07   0.000000e+00   2.355772e-06   2.079027e-05   0.000000e+00
0     1.879987e+02   0.000000e+00   0.000000e+00   0.000000e+00   0.000000e+00   0.000000e+00   0.000000e+00
1     1.879987e+02   2.897354e-06   1.641194e-06   0.000000e+00  -1.031242e-05   1.820548e-05   0.000000e+00
0     1.880986e+02   0.000000e+00   0.000000e+00   0.000000e+00   0.000000e+00   0.000000e+00   0.000000e+00
1     1.880986e+02   1.379656e-06   3.030635e-06   0.000000e+00  -1.904289e-05   8.669085e-06   0.000000e+00
0     1.881986e+02   0.000000e+00   0.000000e+00   0.000000e+00   0.000000e+00   0.000000e+00   0.000000e+00
1     1.881986e+02  -6.648519e-07   3.262854e-06   0.000000e+00  -2.050199e-05  -4.177474e-06   0.000000e+00
0     1.882986e+02   0.000000e+00   0.000000e+00   0.000000e+00   0.000000e+00   0.000000e+00   0.000000e+00
1     1.882986e+02  -2.455495e-06   2.249189e-06   0.000000e+00  -1.413265e-05  -1.542883e-05   0.000000e+00
0     1.883986e+02   0.000000e+00   0.000000e+00   0.000000e+00   0.000000e+00   0.000000e+00   0.000000e+00
1     1.883986e+02  -3.308542e-06   3.767024e-07   0.000000e+00  -2.367019e-06  -2.078884e-05   0.000000e+00
0     1.884986e+02   0.000000e+00   0.000000e+00   0.000000e+00   0.000000e+00   0.000000e+00   0.000000e+00
1     1.884986e+02  -2.898277e-06  -1.639623e-06   0.000000e+00   1.030237e-05  -1.821096e-05   0.000000e+00
0     1.885985e+02   0.000000e+00   0.000000e+00   0.000000e+00   0.000000e+00   0.000000e+00   0.000000e+00
1     1.885985e+02  -1.381355e-06  -3.029886e-06   0.000000e+00   1.903797e-05  -8.679536e-06   0.000000e+00
0     1.886985e+02   0.000000e+00   0.000000e+00   0.000000e+00   0.000000e+00   0.000000e+00   0.000000e+00
1     1.886985e+02   6.630141e-07  -3.263237e-06   0.000000e+00   2.050425e-05   4.166080e-06   0.000000e+00
0     1.887985e+02   0.000000e+00   0.000000e+00   0.000000e+00   0.000000e+00   0.000000e+00   0.000000e+00
1     1.887985e+02   2.454220e-06  -2.250566e-06   0.000000e+00   1.414125e-05   1.542102e-05   0.000000e+00
0     1.888985e+02   0.000000e+00   0.000000e+00   0.000000e+00   0.000000e+00   0.000000e+00   0.000000e+00
1     1.888985e+02   3.308308e-06  -3.785420e-07   0.000000e+00   2.378506e-06   2.078768e-05   0.000000e+00
0     1.889985e+02   0.000000e+00   0.000000e+00   0.000000e+00   0.000000e+00   0.000000e+00   0.000000e+00
1     1.889985e+02   2.899146e-06   1.638025e-06   0.000000e+00  -1.029250e-05   1.821675e-05   0.000000e+00
0     1.890984e+02   0.000000e+00   0.000000e+00   0.000000e+00   0.000000e+00   0.000000e+00   0.000000e+00
1     1.890984e+02   1.382969e-06   3.029124e-06   0.000000e+00  -1.903340e-05   8.689900e-06   0.000000e+00
0     1.891984e+02   0.000000e+00   0.000000e+00   0.000000e+00   0.000000e+00   0.000000e+00   0.000000e+00
1     1.891984e+02  -6.612845e-07   3.263579e-06   0.000000e+00  -2.050654e-05  -4.155060e-06   0.000000e+00
0     1.892984e+02   0.000000e+00   0.000000e+00   0.000000e+00   0.000000e+00   0.000000e+00   0.000000e+00
1     1.892984e+02  -2.453034e-06   2.251872e-06   0.000000e+00  -1.414951e-05  -1.541337e-05   0.000000e+00
0     1.893984e+02   0.000000e+00   0.000000e+00   0.000000e+00   0.000000e+00   0.000000e+00   0.000000e+00
1     1.893984e+02  -3.308128e-06   3.803182e-07   0.000000e+00  -2.389739e-06  -2.078624e-05   0.000000e+00
0     1.894984e+02   0.000000e+00   0.000000e+00   0.000000e+00   0.000000e+00   0.000000e+00   0.000000e+00
1     1.894984e+02  -2.900067e-06  -1.636454e-06   0.000000e+00   1.028246e-05  -1.822221e-05   0.000000e+00
0     1.895983e+02   0.000000e+00   0.000000e+00   0.000000e+00   0.000000e+00   0.000000e+00   0.000000e+00
1     1.895983e+02  -1.384665e-06  -3.028375e-06   0.000000e+00   1.902847e-05  -8.700334e-06   0.000000e+00
0     1.896983e+02   0.000000e+00   0.000000e+00   0.000000e+00   0.000000e+00   0.000000e+00   0.000000e+00
1     1.896983e+02   6.594482e-07  -3.263959e-06   0.000000e+00   2.050879e-05   4.143674e-06   0.000000e+00
0     1.897983e+02   0.000000e+00   0.000000e+00   0.000000e+00   0.000000e+00   0.000000e+00   0.000000e+00
1     1.897983e+02   2.451759e-06  -2.253246e-06   0.000000e+00   1.415809e-05   1.540557e-05   0.000000e+00
0     1.898983e+02   0.000000e+00   0.000000e+00   0.000000e+00   0.000000e+00   0.000000e+00   0.000000e+00
1     1.898983e+02   3.307892e-06  -3.821556e-07   0.000000e+00   2.401212e-06   2.078507e-05   0.000000e+00
0     1.900000e+02   0.000000e+00   0.000000e+00   0.000000e+00   0.000000e+00   0.000000e+00   0.000000e+00
1     1.900000e+02   2.882739e-06   1.666729e-06   0.000000e+00  -1.047287e-05   1.811366e-05   0.000000e+00
0     1.901000e+02   0.000000e+00   0.000000e+00   0.000000e+00   0.000000e+00   0.000000e+00   0.000000e+00
1     1.901000e+02   1.352824e-06   3.042706e-06   0.000000e+00  -1.911875e-05   8.500489e-06   0.000000e+00
0     1.902000e+02   0.000000e+00   0.000000e+00   0.000000e+00   0.000000e+00   0.000000e+00   0.000000e+00
1     1.902000e+02  -6.936564e-07   3.256852e-06   0.000000e+00  -2.046428e-05  -4.358467e-06   0.000000e+00
0     1.902999e+02   0.000000e+00   0.000000e+00   0.000000e+00   0.000000e+00   0.000000e+00   0.000000e+00
1     1.902999e+02  -2.475273e-06   2.227404e-06   0.000000e+00  -1.399576e-05  -1.555310e-05   0.000000e+00
0     1.903999e+02   0.000000e+00   0.000000e+00   0.000000e+00   0.000000e+00   0.000000e+00   0.000000e+00
1     1.903999e+02  -3.311741e-06   3.474520e-07   0.000000e+00  -2.183227e-06  -2.080894e-05   0.000000e+00
0     1.904999e+02   0.000000e+00   0.000000e+00   0.000000e+00   0.000000e+00   0.000000e+00   0.000000e+00
1     1.904999e+02  -2.883674e-06  -1.665169e-06   0.000000e+00   1.046289e-05  -1.811921e-05   0.000000e+00
0     1.905999e+02   0.000000e+00   0.000000e+00   0.000000e+00   0.000000e+00   0.000000e+00   0.000000e+00
1     1.905999e+02  -1.354526e-06  -3.041974e-06   0.000000e+00   1.911393e-05  -8.510961e-06   0.000000e+00
0     1.906999e+02   0.000000e+00   0.000000e+00   0.000000e+00   0.000000e+00   0.000000e+00   0.000000e+00
1     1.906999e+02   6.918258e-07  -3.257249e-06   0.000000e+00   2.046664e-05   4.347118e-06   0.000000e+00
0     1.907998e+02   0.000000e+00   0.000000e+00   0.000000e+00   0.000000e+00   0.000000e+00   0.000000e+00
1     1.907998e+02   2.474012e-06  -2.228788e-06   0.000000e+00   1.400442e-05   1.554540e-05   0.000000e+00
0     1.908998e+02   0.000000e+00   0.000000e+00   0.000000e+00   0.000000e+00   0.000000e+00   0.000000e+00
1     1.908998e+02   3.311523e-06  -3.492890e-07   0.000000e+00   2.194697e-06   2.080789e-05   0.000000e+00
0     1.909998e+02   0.000000e+00   0.000000e+00   0.000000e+00   0.000000e+00   0.000000e+00   0.000000e+00
1     1.909998e+02   2.884556e-06   1.663583e-06   0.000000e+00  -1.045310e-05   1.812507e-05   0.000000e+00
0     1.910998e+02   0.000000e+00   0.000000e+00   0.000000e+00   0.000000e+00   0.000000e+00   0.000000e+00
1     1.910998e+02   1.356142e-06   3.041228e-06   0.000000e+00  -1.910947e-05   8.521339e-06   0.000000e+00
0     1.911997e+02   0.000000e+00   0.000000e+00   0.000000e+00   0.000000e+00   0.000000e+00   0.000000e+00
1     1.911997e+02  -6.901037e-07   3.257606e-06   0.000000e+00  -2.046902e-05  -4.336145e-06   0.000000e+00
0     1.912997e+02   0.000000e+00   0.000000e+00   0.000000e+00   0.000000e+00   0.000000e+00   0.000000e+00
1     1.912997e+02  -2.472842e-06   2.230102e-06   0.000000e+00  -1.401272e-05  -1.553783e-05   0.000000e+00
0     1.913997e+02   0.000000e+00   0.000000e+00   0.000000e+00   0.000000e+00   0.000000e+00   0.000000e+00
1     1.913997e+02  -3.311360e-06   3.510630e-07   0.000000e+00  -2.205917e-06  -2.080655e-05   0.000000e+00
0     1.914997e+02   0.000000e+00   0.000000e+00   0.000000e+00   0.000000e+00   0.000000e+00   0.000000e+00
1     1.914997e+02  -2.885488e-06  -1.662024e-06   0.000000e+00   1.044313e-05  -1.813061e-05   0.000000e+00
0     1.915997e+02   0.000000e+00   0.000000e+00   0.000000e+00   0.000000e+00   0.000000e+00   0.000000e+00
1     1.915997e+02  -1.357841e-06  -3.040495e-06   0.000000e+00   1.910464e-05  -8.531795e-06   0.000000e+00
0     1.916996e+02   0.000000e+00   0.000000e+00   0.000000e+00   0.000000e+00   0.000000e+00   0.000000e+00
1     1.916996e+02   6.882747e-07  -3.258001e-06   0.000000e+00   2.047136e-05   4.324805e-06   0.000000e+00
0     1.917996e+02   0.000000e+00   0.000000e+00   0.000000e+00   0.000000e+00   0.000000e+00   0.000000e+00
1     1.917996e+02   2.471581e-06  -2.231483e-06   0.000000e+00   1.402135e-05   1.553012e-05   0.000000e+00
0     1.918996e+02   0.000000e+00   0.000000e+00   0.000000e+00   0.000000e+00   0.000000e+00   0.000000e+00
1     1.918996e+02   3.311140e-06  -3.528977e-07   0.000000e+00   2.217372e-06   2.080549e-05   0.000000e+00
0     1.919996e+02   0.000000e+00   0.000000e+00   0.000000e+00   0.000000e+00   0.000000e+00   0.000000e+00
1     1.919996e+02   2.886366e-06   1.660439e-06   0.000000e+00  -1.043335e-05   1.813645e-05   0.000000e+00
0     1.920996e+02   0.000000e+00   0.000000e+00   0.000000e+00   0.000000e+00   0.000000e+00   0.000000e+00
1     1.920996e+02   1.359454e-06   3.039748e-06   0.000000e+00  -1.910017e-05   8.542155e-06   0.000000e+00
0     1.921995e+02   0.000000e+00   0.000000e+00   0.000000e+00   0.000000e+00   0.000000e+00   0.000000e+00
1     1.921995e+02  -6.865543e-07   3.258355e-06   0.000000e+00  -2.047373e-05  -4.313844e-06   0.000000e+00
0     1.922995e+02   0.000000e+00   0.000000e+00   0.000000e+00   0.000000e+00   0.000000e+00   0.000000e+00
1     1.922995e+02  -2.470411e-06   2.232794e-06   0.000000e+00  -1.402964e-05  -1.552256e-05   0.000000e+00
0     1.923995e+02   0.000000e+00   0.000000e+00   0.000000e+00   0.000000e+00   0.000000e+00   0.000000e+00
1     1.923995e+02  -3.310975e-06   3.546693e-07   0.000000e+00  -2.228578e-06  -2.080414e-05   0.000000e+00
0     1.924995e+02   0.000000e+00   0.000000e+00   0.000000e+00   0.000000e+00   0.000000e+00   0.000000e+00
1     1.924995e+02  -2.887296e-06  -1.658880e-06   0.000000e+00   1.042338e-05  -1.814197e-05   0.000000e+00
0     1.925994e+02   0.000000e+00   0.000000e+00   0.000000e+00   0.000000e+00   0.000000e+00   0.000000e+00
1     1.925994e+02  -1.361151e-06  -3.039014e-06   0.000000e+00   1.909534e-05  -8.552594e-06   0.000000e+00
0     1.926994e+02   0.000000e+00   0.000000e+00   0.000000e+00   0.000000e+00   0.000000e+00   0.000000e+00
1     1.926994e+02   6.847270e-07  -3.258748e-06   0.000000e+00   2.047606e-05   4.302514e-06   0.000000e+00
0     1.927994e+02   0.000000e+00   0.000000e+00   0.000000e+00   0.000000e+00   0.000000e+00   0.000000e+00
1     1.927994e+02   2.469150e-06  -2.234172e-06   0.000000e+00   1.403825e-05   1.551485e-05   0.000000e+00
0     1.928994e+02   0.000000e+00   0.000000e+00   0.000000e+00   0.000000e+00   0.000000e+00   0.000000e+00
1     1.928994e+02   3.310753e-06  -3.565018e-07   0.000000e+00   2.240019e-06   2.080306e-05   0.000000e+00
0     1.929994e+02   0.000000e+00   0.000000e+00   0.000000e+00   0.000000e+00   0.000000e+00   0.000000e+00
1     1.929994e+02   2.888171e-06   1.657296e-06   0.000000e+00  -1.041360e-05   1.814780e-05   0.000000e+00
0     1.930993e+02   0.000000e+00   0.000000e+00   0.000000e+00   0.000000e+00   0.000000e+00   0.000000e+00
1     1.930993e+02   1.362762e-06   3.038266e-06   0.000000e+00  -1.909086e-05   8.562938e-06   0.000000e+00
0     1.931993e+02   0.000000e+00   0.000000e+00   0.000000e+00   0.000000e+00   0.000000e+00   0.000000e+00
1     1.931993e+02  -6.830080e-07   3.259100e-06   0.000000e+00  -2.047842e-05  -4.291562e-06   0.000000e+00
0     1.932993e+02   0.000000e+00   0.000000e+00   0.000000e+00   0.000000e+00   0.000000e+00   0.000000e+00
1     1.932993e+02  -2.467979e-06   2.235480e-06   0.000000e+00  -1.404652e-05  -1.550729e-05   0.000000e+00
0     1.933993e+02   0.000000e+00   0.000000e+00   0.000000e+00   0.000000e+00   0.000000e+00   0.000000e+00
1     1.933993e+02  -3.310586e-06   3.582711e-07   0.000000e+00  -2.251210e-06  -2.080170e-05   0.000000e+00
0     1.934993e+02   0.000000e+00   0.000000e+00   0.000000e+00   0.000000e+00   0.000000e+00   0.000000e+00
1     1.934993e+02  -2.889098e-06  -1.655738e-06   0.000000e+00   1.040364e-05  -1.815330e-05   0.000000e+00
0     1.935992e+02   0.000000e+00   0.000000e+00   0.000000e+00   0.000000e+00   0.000000e+00   0.000000e+00
1     1.935992e+02  -1.364456e-06  -3.037532e-06   0.000000e+00   1.908603e-05  -8.573358e-06   0.000000e+00
0     1.936992e+02   0.000000e+00   0.000000e+00   0.000000e+00   0.000000e+00   0.000000e+00   0.000000e+00
1     1.936992e+02   6.811825e-07  -3.259490e-06   0.000000e+00   2.048073e-05   4.280244e-06   0.000000e+00
0     1.937992e+02   0.000000e+00   0.000000e+00   0.000000e+00   0.000000e+00   0.000000e+00   0.000000e+00
1     1.937992e+02   2.466719e-06  -2.236856e-06   0.000000e+00   1.405512e-05   1.549958e-05   0.000000e+00
0     1.938992e+02   0.000000e+00   0.000000e+00   0.000000e+00   0.000000e+00   0.000000e+00   0.000000e+00
1     1.938992e+02   3.310363e-06  -3.601013e-07   0.000000e+00   2.262637e-06   2.080062e-05   0.000000e+00
0     1.939991e+02   0.000000e+00   0.000000e+00   0.000000e+00   0.000000e+00   0.000000e+00   0.000000e+00
1     1.939991e+02   2.889971e-06   1.654154e-06   0.000000e+00  -1.039387e-05   1.815911e-05   0.000000e+00
0     1.940991e+02   0.000000e+00   0.000000e+00   0.000000e+00   0.000000e+00   0.000000e+00   0.000000e+00
1     1.940991e+02   1.366064e-06   3.036783e-06   0.000000e+00  -1.908155e-05   8.583686e-06   0.000000e+00
0     1.941991e+02   0.000000e+00   0.000000e+00   0.000000e+00   0.000000e+00   0.000000e+00   0.000000e+00
1     1.941991e+02  -6.794652e-07   3.259840e-06   0.000000e+00  -2.048307e-05  -4.269301e-06   0.000000e+00
0     1.942991e+02   0.000000e+00   0.000000e+00   0.000000e+00   0.000000e+00   0.000000e+00   0.000000e+00
1     1.942991e+02  -2.465548e-06   2.238160e-06   0.000000e+00  -1.406337e-05  -1.549201e-05   0.000000e+00
0     1.943991e+02   0.000000e+00   0.000000e+00   0.000000e+00   0.000000e+00   0.000000e+00   0.000000e+00
1     1.943991e+02  -3.310195e-06   3.618683e-07   0.000000e+00  -2.273813e-06  -2.079924e-05   0.000000e+00
0     1.944990e+02   0.000000e+00   0.000000e+00   0.000000e+00   0.000000e+00   0.000000e+00   0.000000e+00
1     1.944990e+02  -2.890895e-06  -1.652598e-06   0.000000e+00   1.038391e-05  -1.816460e-05   0.000000e+00
0     1.945990e+02   0.000000e+00   0.000000e+00   0.000000e+00   0.000000e+00   0.000000e+00   0.000000e+00
1     1.945990e+02  -1.367755e-06  -3.036047e-06   0.000000e+00   1.907670e-05  -8.594089e-06   0.000000e+00
0     1.946990e+02   0.000000e+00   0.000000e+00   0.000000e+00   0.000000e+00   0.000000e+00   0.000000e+00
1     1.946990e+02   6.776412e-07  -3.260228e-06   0.000000e+00   2.048537e-05   4.257993e-06   0.000000e+00
0     1.947990e+02   0.000000e+00   0.000000e+00   0.000000e+00   0.000000e+00   0.000000e+00   0.000000e+00
1     1.947990e+02   2.464288e-06  -2.239534e-06   0.000000e+00   1.407195e-05   1.548430e-05   0.000000e+00
0     1.948990e+02   0.000000e+00   0.000000e+00   0.000000e+00   0.000000e+00   0.000000e+00   0.000000e+00
1     1.948990e+02   3.309970e-06  -3.636964e-07   0.000000e+00   2.285227e-06   2.079815e-05   0.000000e+00
0     1.949989e+02   0.000000e+00   0.000000e+00   0.000000e+00   0.000000e+00   0.000000e+00   0.000000e+00
1     1.949989e+02   2.891765e-06   1.651015e-06   0.000000e+00  -1.037414e-05   1.817039e-05   0.000000e+00
0     1.950989e+02   0.000000e+00   0.000000e+00   0.000000e+00   0.000000e+00   0.000000e+00   0.000000e+00
1     1.950989e+02   1.369360e-06   3.035297e-06   0.000000e+00  -1.907222e-05   8.604400e-06   0.000000e+00
0     1.951989e+02   0.000000e+00   0.000000e+00   0.000000e+00   0.000000e+00   0.000000e+00   0.000000e+00
1     1.951989e+02  -6.759256e-07   3.260575e-06   0.000000e+00  -2.048770e-05  -4.247061e-06   0.000000e+00
0     1.952989e+02   0.000000e+00   0.000000e+00   0.000000e+00   0.000000e+00   0.000000e+00   0.000000e+00
1     1.952989e+02  -2.463117e-06   2.240835e-06   0.000000e+00  -1.408018e-05  -1.547674e-05   0.000000e+00
0     1.953988e+02   0.000000e+00   0.000000e+00   0.000000e+00   0.000000e+00   0.000000e+00   0.000000e+00
1     1.953988e+02  -3.309800e-06   3.654609e-07   0.000000e+00  -2.296387e-06  -2.079677e-05   0.000000e+00
0     1.954988e+02   0.000000e+00   0.000000e+00   0.000000e+00   0.000000e+00   0.000000e+00   0.000000e+00
1     1.954988e+02  -2.892687e-06  -1.649460e-06   0.000000e+00   1.036419e-05  -1.817586e-05   0.000000e+00
0     1.955988e+02   0.000000e+00   0.000000e+00   0.000000e+00   0.000000e+00   0.000000e+00   0.000000e+00
1     1.955988e+02  -1.371048e-06  -3.034561e-06   0.000000e+00   1.906737e-05  -8.614786e-06   0.000000e+00
0     1.956988e+02   0.000000e+00   0.000000e+00   0.000000e+00   0.000000e+00   0.000000e+00   0.000000e+00
1     1.956988e+02   6.741032e-07  -3.260961e-06   0.000000e+00   2.048998e-05   4.235763e-06   0.000000e+00
0     1.957988e+02   0.000000e+00   0.000000e+00   0.000000e+00   0.000000e+00   0.000000e+00   0.000000e+00
1     1.957988e+02   2.461856e-06  -2.242206e-06   0.000000e+00   1.408874e-05   1.546903e-05   0.000000e+00
0     1.958987e+02   0.000000e+00   0.000000e+00   0.000000e+00   0.000000e+00   0.000000e+00   0.000000e+00
1     1.958987e+02   3.309573e-06  -3.672867e-07   0.000000e+00   2.307787e-06   2.079566e-05   0.000000e+00
0     1.959987e+02   0.000000e+00   0.000000e+00   0.000000e+00   0.000000e+00   0.000000e+00   0.000000e+00
1     1.959987e+02   2.893554e-06   1.647877e-06   0.000000e+00  -1.035443e-05   1.818163e-05   0.000000e+00
0     1.960987e+02   0.000000e+00   0.000000e+00   0.000000e+00   0.000000e+00   0.000000e+00   0.000000e+00
1     1.960987e+02   1.372651e-06   3.033810e-06   0.000000e+00  -1.906287e-05   8.625080e-06   0.000000e+00
0     1.961987e+02   0.000000e+00   0.000000e+00   0.000000e+00   0.000000e+00   0.000000e+00   0.000000e+00
1     1.961987e+02  -6.723892e-07   3.261306e-06   0.000000e+00  -2.049229e-05  -4.224842e-06   0.000000e+00
0     1.962987e+02   0.000000e+00   0.000000e+00   0.000000e+00   0.000000e+00   0.000000e+00   0.000000e+00
1     1.962987e+02  -2.460685e-06   2.243504e-06   0.000000e+00  -1.409695e-05  -1.546146e-05   0.000000e+00
0     1.963986e+02   0.000000e+00   0.000000e+00   0.000000e+00   0.000000e+00   0.000000e+00   0.000000e+00
1     1.963986e+02  -3.309401e-06   3.690492e-07   0.000000e+00  -2.318934e-06  -2.079427e-05   0.000000e+00
0     1.964986e+02   0.000000e+00   0.000000e+00   0.000000e+00   0.000000e+00   0.000000e+00   0.000000e+00
1     1.964986e+02  -2.894473e-06  -1.646323e-06   0.000000e+00   1.034448e-05  -1.818708e-05   0.000000e+00
0     1.965986e+02   0.000000e+00   0.000000e+00   0.000000e+00   0.000000e+00   0.000000e+00   0.000000e+00
1     1.965986e+02  -1.374337e-06  -3.033072e-06   0.000000e+00   1.905802e-05  -8.635449e-06   0.000000e+00
0     1.966986e+02   0.000000e+00   0.000000e+00   0.000000e+00   0.000000e+00   0.000000e+00   0.000000e+00
1     1.966986e+02   6.705685e-07  -3.261689e-06   0.000000e+00   2.049456e-05   4.213554e-06   0.000000e+00
0     1.967986e+02   0.000000e+00   0.000000e+00   0.000000e+00   0.000000e+00   0.000000e+00   0.000000e+00
1     1.967986e+02   2.459425e-06  -2.244872e-06   0.000000e+00   1.410549e-05   1.545375e-05   0.000000e+00
0     1.968985e+02   0.000000e+00   0.000000e+00   0.000000e+00   0.000000e+00   0.000000e+00   0.000000e+00
1     1.968985e+02   3.309173e-06  -3.708726e-07   0.000000e+00   2.330319e-06   2.079315e-05   0.000000e+00
0     1.969985e+02   0.000000e+00   0.000000e+00   0.000000e+00   0.000000e+00   0.000000e+00   0.000000e+00
1     1.969985e+02   2.895337e-06   1.644741e-06   0.000000e+00  -1.033472e-05   1.819284e-05   0.000000e+00
0     1.970985e+02   0.000000e+00   0.000000e+00   0.000000e+00   0.000000e+00   0.000000e+00   0.000000e+00
1     1.970985e+02   1.375936e-06   3.032321e-06   0.000000e+00  -1.905352e-05   8.645726e-06   0.000000e+00
0     1.971985e+02   0.000000e+00   0.000000e+00   0.000000e+00   0.000000e+00   0.000000e+00   0.000000e+00
1     1.971985e+02  -6.688563e-07   3.262032e-06   0.000000e+00  -2.049686e-05  -4.202643e-06   0.000000e+00
0     1.972984e+02   0.000000e+00   0.000000e+00   0.000000e+00   0.000000e+00   0.000000e+00   0.000000e+00
1     1.972984e+02  -2.458254e-06   2.246168e-06   0.000000e+00  -1.411369e-05  -1.544619e-05   0.000000e+00
0     1.973984e+02   0.000000e+00   0.000000e+00   0.000000e+00   0.000000e+00   0.000000e+00   0.000000e+00
1     1.973984e+02  -3.308999e-06   3.726326e-07   0.000000e+00  -2.341451e-06  -2.079174e-05   0.000000e+00
0     1.974984e+02   0.000000e+00   0.000000e+00   0.000000e+00   0.000000e+00   0.000000e+00   0.000000e+00
1     1.974984e+02  -2.896253e-06  -1.643187e-06   0.000000e+00   1.032478e-05  -1.819827e-05   0.000000e+00
0     1.975984e+02   0.000000e+00   0.000000e+00   0.000000e+00   0.000000e+00   0.000000e+00   0.000000e+00
1     1.975984e+02  -1.377619e-06  -3.031582e-06   0.000000e+00   1.904866e-05  -8.656078e-06   0.000000e+00
0     1.976984e+02   0.000000e+00   0.000000e+00   0.000000e+00   0.000000e+00   0.000000e+00   0.000000e+00
1     1.976984e+02   6.670371e-07  -3.262413e-06   0.000000e+00   2.049911e-05   4.191365e-06   0.000000e+00
0     1.977983e+02   0.000000e+00   0.000000e+00   0.000000e+00   0.000000e+00   0.000000e+00   0.000000e+00
1     1.977983e+02   2.456993e-06  -2.247532e-06   0.000000e+00   1.412221e-05   1.543848e-05   0.000000e+00
0     1.978983e+02   0.000000e+00   0.000000e+00   0.000000e+00   0.000000e+00   0.000000e+00   0.000000e+00
1     1.978983e+02   3.308769e-06  -3.744538e-07   0.000000e+00   2.352822e-06   2.079061e-05   0.000000e+00
0     1.979983e+02   0.000000e+00   0.000000e+00   0.000000e+00   0.000000e+00   0.000000e+00   0.000000e+00
1     1.979983e+02   2.897115e-06   1.641606e-06   0.000000e+00  -1.031503e-05   1.820402e-05   0.000000e+00
0     1.980983e+02   0.000000e+00   0.000000e+00   0.000000e+00   0.000000e+00   0.000000e+00   0.000000e+00
1     1.980983e+02   1.379216e-06   3.030830e-06   0.000000e+00  -1.904416e-05   8.666339e-06   0.000000e+00
0     1.981983e+02   0.000000e+00   0.000000e+00   0.000000e+00   0.000000e+00   0.000000e+00   0.000000e+00
1     1.981983e+02  -6.653264e-07   3.262753e-06   0.000000e+00  -2.050139e-05  -4.180465e-06   0.000000e+00
0     1.983000e+02   0.000000e+00   0.000000e+00   0.000000e+00   0.000000e+00   0.000000e+00   0.000000e+00
1     1.983000e+02  -2.480457e-06   2.221624e-06   0.000000e+00  -1.395947e-05  -1.558571e-05   0.000000e+00
0     1.984000e+02   0.000000e+00   0.000000e+00   0.000000e+00   0.000000e+00   0.000000e+00   0.000000e+00
1     1.984000e+02  -3.312539e-06   3.397250e-07   0.000000e+00  -2.134679e-06  -2.081399e-05   0.000000e+00
0     1.984999e+02   0.000000e+00   0.000000e+00   0.000000e+00   0.000000e+00   0.000000e+00   0.000000e+00
1     1.984999e+02  -2.879777e-06  -1.671893e-06   0.000000e+00   1.050515e-05  -1.809475e-05   0.000000e+00
0     1.985999e+02   0.000000e+00   0.000000e+00   0.000000e+00   0.000000e+00   0.000000e+00   0.000000e+00
1     1.985999e+02  -1.347418e-06  -3.045125e-06   0.000000e+00   1.913376e-05  -8.466315e-06   0.000000e+00
0     1.986999e+02   0.000000e+00   0.000000e+00   0.000000e+00   0.000000e+00   0.000000e+00   0.000000e+00
1     1.986999e+02   6.994317e-07  -3.255621e-06   0.000000e+00   2.045644e-05   4.394916e-06   0.000000e+00
0     1.987999e+02   0.000000e+00   0.000000e+00   0.000000e+00   0.000000e+00   0.000000e+00   0.000000e+00
1     1.987999e+02   2.479211e-06  -2.222998e-06   0.000000e+00   1.396806e-05   1.557809e-05   0.000000e+00
0     1.988999e+02   0.000000e+00   0.000000e+00   0.000000e+00   0.000000e+00   0.000000e+00   0.000000e+00
1     1.988999e+02   3.312327e-06  -3.415457e-07   0.000000e+00   2.146046e-06   2.081298e-05   0.000000e+00
0     1.989998e+02   0.000000e+00   0.000000e+00   0.000000e+00   0.000000e+00   0.000000e+00   0.000000e+00
1     1.989998e+02   2.880654e-06   1.670323e-06   0.000000e+00  -1.049547e-05   1.810059e-05   0.000000e+00
0     1.990998e+02   0.000000e+00   0.000000e+00   0.000000e+00   0.000000e+00   0.000000e+00   0.000000e+00
1     1.990998e+02   1.349021e-06   3.044390e-06   0.000000e+00  -1.912936e-05   8.476606e-06   0.000000e+00
0     1.991998e+02   0.000000e+00   0.000000e+00   0.000000e+00   0.000000e+00   0.000000e+00   0.000000e+00
1     1.991998e+02  -6.977267e-07   3.255978e-06   0.000000e+00  -2.045882e-05  -4.384051e-06   0.000000e+00
0     1.992998e+02   0.000000e+00   0.000000e+00   0.000000e+00   0.000000e+00   0.000000e+00   0.000000e+00
1     1.992998e+02  -2.478055e-06   2.224302e-06   0.000000e+00  -1.397630e-05  -1.557061e-05   0.000000e+00
0     1.993998e+02   0.000000e+00   0.000000e+00   0.000000e+00   0.000000e+00   0.000000e+00   0.000000e+00
1     1.993998e+02  -3.312169e-06   3.433036e-07   0.000000e+00  -2.157165e-06  -2.081167e-05   0.000000e+00
0     1.994997e+02   0.000000e+00   0.000000e+00   0.000000e+00   0.000000e+00   0.000000e+00   0.000000e+00
1     1.994997e+02  -2.881581e-06  -1.668781e-06   0.000000e+00   1.048560e-05  -1.810609e-05   0.000000e+00
0     1.995997e+02   0.000000e+00   0.000000e+00   0.000000e+00   0.000000e+00   0.000000e+00   0.000000e+00
1     1.995997e+02  -1.350707e-06  -3.043667e-06   0.000000e+00   1.912460e-05  -8.486978e-06   0.000000e+00
0     1.996997e+02   0.000000e+00   0.000000e+00   0.000000e+00   0.000000e+00   0.000000e+00   0.000000e+00
1     1.996997e+02   6.959149e-07  -3.256374e-06   0.000000e+00   2.046117e-05   4.372819e-06   0.000000e+00
0     1.997997e+02   0.000000e+00   0.000000e+00   0.000000e+00   0.000000e+00   0.000000e+00   0.000000e+00
1     1.997997e+02   2.476809e-06  -2.225674e-06   0.000000e+00   1.398488e-05   1.556300e-05   0.000000e+00
0     1.998996e+02   0.000000e+00   0.000000e+00   0.000000e+00   0.000000e+00   0.000000e+00   0.000000e+00
1     1.998996e+02   3.311956e-06  -3.451222e-07   0.000000e+00   2.168519e-06   2.081065e-05   0.000000e+00
0     1.999996e+02   0.000000e+00   0.000000e+00   0.000000e+00   0.000000e+00   0.000000e+00   0.000000e+00
1     1.999996e+02   2.882455e-06   1.667212e-06   0.000000e+00  -1.047592e-05   1.811191e-05   0.000000e+00
0     2.000000e+02   0.000000e+00   0.000000e+00   0.000000e+00   0.000000e+00   0.000000e+00   0.000000e+00
1     2.000000e+02   2.878501e-06   1.674030e-06   0.000000e+00  -1.051877e-05   1.808706e-05   0.000000e+00
