# Number of bins: 3
#
# Size [cm]:     1.500000e+00  4.242641e+00  1.200000e+01   1.500000e+00   4.242641e+00   1.200000e+01
#
# Time           Normalized dust force                     Number of particles counted
#
0.000000e+00    -1.209127e-03 -2.257013e-03  1.359522e-04         942878         942557         942824
9.957525e-02     4.288448e-02  1.047459e-01 -9.032733e-03         942071         941896         942812
1.996169e-01     3.396166e-02  3.394547e-02 -4.350995e-02         939797         939833         941689
2.996402e-01     1.269932e-02  2.517513e-02 -1.167225e-01         936686         937041         939853
3.996579e-01    -6.179857e-03 -8.613673e-03 -6.217604e-02         933966         934375         938066
4.996739e-01    -9.450418e-03  2.826269e-02 -3.590910e-02         932278         932800         937332
5.996840e-01    -1.499241e-02  5.352861e-02 -5.956083e-02         932357         933069         938421
6.996836e-01    -2.174323e-02  9.826982e-03 -3.552235e-02         934392         935283         941328
7.996709e-01    -2.723238e-02 -1.857315e-02 -4.176938e-02         937544         938485         945454
8.996473e-01    -3.095547e-02 -3.791239e-02 -2.862424e-02         940481         941684         949469
9.996164e-01    -1.062168e-02 -6.351301e-02 -3.497790e-02         942465         943740         952399
1.099575e+00     7.441008e-03 -7.984843e-02 -1.342910e-02         942763         944227         953635
1.199503e+00     2.844546e-02 -9.053023e-02  5.422969e-02         940885         942452         952790
1.299398e+00     1.795857e-02 -8.244806e-02 -1.138448e-02         936928         938652         949822
1.399262e+00     4.270486e-03 -5.383802e-02 -3.325866e-03         933146         935004         946610
1.499100e+00    -2.702719e-02 -4.243832e-02 -3.704562e-02         931674         933600         945280
1.598917e+00    -2.200853e-02 -2.587378e-02 -3.438598e-02         932885         934889         946606
1.698721e+00    -4.786772e-02 -2.395915e-03 -5.395248e-02         935854         938140         949687
1.798521e+00    -6.793952e-02  1.015299e-02 -4.379497e-02         939104         941539         952960
1.898326e+00    -7.388573e-02  1.996481e-02 -1.890775e-02         941259         943926         955107
1.999888e+00    -6.761275e-02 -7.083669e-03  1.468366e-02         941748         944485         955212
2.099706e+00    -8.715710e-02 -4.085838e-02  2.015281e-02         940581         943412         953597
2.199529e+00    -7.724411e-02 -2.432597e-02  3.275094e-02         938675         941569         951245
2.299353e+00    -5.855368e-02 -1.326066e-02  1.777869e-02         936903         939966         949028
2.399177e+00    -5.156165e-02 -2.978948e-02  2.096080e-02         935730         938887         947257
2.498998e+00    -7.612526e-02 -6.246523e-02 -4.290327e-03         935245         938445         946052
2.598816e+00    -7.944716e-02 -6.326921e-02 -2.865829e-02         935558         938896         945597
2.698633e+00    -7.814584e-02 -5.204731e-02 -4.869976e-03         936568         940174         945879
2.798450e+00    -6.626709e-02 -2.865995e-02  3.263286e-02         938117         941957         946570
2.898267e+00    -7.411234e-02 -1.429431e-02  5.650514e-02         939626         943563         947433
2.999837e+00    -8.065096e-02 -1.198101e-03  7.867241e-02         940551         944654         947843
3.099656e+00    -8.628479e-02  1.027502e-02  6.151064e-02         940576         944757         947243
3.199475e+00    -9.697029e-02  3.158827e-02  1.020686e-01         939735         944008         945856
3.299294e+00    -1.031414e-01  3.819346e-02  5.155140e-02         938377         942709         943853
3.399113e+00    -8.175828e-02  4.628870e-03  3.698822e-02         936976         941436         941760
3.498931e+00    -6.904084e-02 -2.895645e-02  4.687441e-02         936266         940723         940131
3.598749e+00    -7.496305e-02 -3.244434e-02  3.286894e-02         936355         940961         939466
3.698566e+00    -7.393746e-02 -6.204545e-02  3.549832e-02         937257         941986         939853
3.798382e+00    -7.132977e-02 -4.762344e-02  6.510995e-02         938610         943499         940464
3.899950e+00    -6.224072e-02 -4.238243e-02  5.176953e-02         939878         944848         941225
3.999768e+00    -5.779867e-02 -5.347813e-02  1.103549e-01         940530         945593         941178
4.099586e+00    -5.681706e-02 -1.814753e-02  1.121048e-01         940564         945647         940270
4.199404e+00    -8.007140e-02 -3.459041e-02  8.585622e-02         939919         945167         938885
4.299221e+00    -7.440740e-02 -4.449608e-02  6.472394e-02         939006         944312         937282
4.399036e+00    -7.918257e-02 -5.573621e-02  5.328786e-02         938205         943596         935994
4.498851e+00    -3.749461e-02 -4.318146e-02  6.682762e-02         937733         943166         935131
4.598666e+00    -2.529767e-02 -3.678278e-02  1.000398e-01         937652         943189         934512
4.698483e+00    -3.712540e-02 -3.427383e-03  1.110106e-01         938118         943690         934132
4.798301e+00    -5.563634e-02  1.174256e-02  7.722945e-02         938856         944454         934070
4.899869e+00    -8.382770e-02  1.907720e-02  6.888859e-02         939622         945361         934122
4.999686e+00    -9.740619e-02 -8.243527e-03  4.259555e-02         940334         946089         934217
5.099503e+00    -9.662914e-02 -5.128619e-02  3.929439e-02         940594         946402         933940
5.199319e+00    -9.912170e-02 -6.734460e-02  3.478531e-02         940517         946380         933269
5.299136e+00    -9.233454e-02 -6.236563e-02  8.446441e-02         940060         945904         932241
5.398953e+00    -8.233538e-02 -4.052374e-02  1.070174e-01         939379         945157         930952
5.498771e+00    -9.491721e-02 -6.775887e-02  1.636592e-01         938612         944509         929507
5.598590e+00    -8.632059e-02 -9.513057e-02  1.515228e-01         938203         944152         928347
5.698407e+00    -7.768058e-02 -1.182075e-01  1.794728e-01         938462         944393         927746
5.799975e+00    -5.119137e-02 -1.037719e-01  1.711410e-01         939212         945083         927844
5.899791e+00    -5.315322e-02 -5.508203e-02  1.354939e-01         940119         946028         928176
5.999606e+00    -6.195084e-02 -1.850936e-02  1.082735e-01         940866         946881         928405
6.099422e+00    -4.345495e-02  4.152715e-03  1.121402e-01         941127         947197         928116
6.199238e+00    -5.081584e-02  3.625133e-02  1.197313e-01         940854         946842         927194
6.299055e+00    -3.775400e-02  2.359472e-02  1.603725e-01         940191         946131         925850
6.398873e+00    -3.439660e-02 -4.815675e-03  1.628171e-01         939498         945497         924534
6.498690e+00    -4.563690e-02 -2.572175e-02  1.364075e-01         939070         944995         923382
6.598507e+00    -3.411876e-02 -1.179923e-02  1.150566e-01         939051         944924         922659
6.698324e+00    -1.525592e-03  1.739051e-02  1.164708e-01         939342         945289         922330
6.799891e+00    -6.705175e-03  4.091877e-02  6.677522e-02         939962         945832         922263
6.899708e+00    -5.530513e-02  1.476964e-02  1.254775e-01         940477         946323         922203
6.999524e+00    -4.895460e-02 -9.569649e-03  1.542223e-01         940894         946620         922097
7.099341e+00    -3.400534e-02 -3.314107e-02  1.533217e-01         941037         946679         921660
7.199158e+00    -9.401047e-05 -1.360400e-02  1.164747e-01         940842         946583         921021
7.298974e+00     1.426736e-02  1.111224e-02  1.069646e-01         940534         946262         920151
7.398791e+00     6.538806e-03  1.890189e-02  1.131819e-01         940216         945923         919189
7.498607e+00     2.153404e-03  2.675188e-02  8.165664e-02         939891         945620         918285
7.598424e+00    -2.296513e-02  4.582985e-02  8.933294e-02         939802         945518         917552
7.699992e+00    -4.433733e-02  1.367699e-02  1.435344e-01         939841         945542         916985
7.799809e+00    -5.415222e-02 -1.635861e-02  1.542275e-01         940210         945755         916573
7.899626e+00    -5.260734e-02 -1.058684e-02  1.832398e-01         940602         946115         916431
7.999442e+00    -3.989982e-02 -1.406420e-02  1.620907e-01         940967         946433         916056
8.099259e+00    -4.198306e-02 -6.115904e-03  1.214932e-01         941180         946610         915639
8.199075e+00    -2.166027e-02  3.294512e-02  5.792833e-02         941206         946547         914974
8.298892e+00    -2.172786e-02  3.362930e-02  8.254759e-02         941029         946250         914176
8.398709e+00    -2.942330e-02  6.233431e-02  1.069403e-01         940814         945975         913211
8.498525e+00    -4.931301e-02  7.346426e-02  1.223223e-01         940576         945625         912296
8.598342e+00    -1.478569e-02  9.125667e-02  1.270563e-01         940463         945456         911635
8.699910e+00    -2.534061e-02  7.679723e-02  1.208607e-01         940515         945396         911184
8.799727e+00    -3.601906e-02  2.913404e-02  1.002379e-01         940709         945618         910972
8.899544e+00    -1.415754e-02 -3.014793e-02  1.450480e-01         941049         945746         910588
8.999360e+00    -1.732874e-02 -2.267498e-02  1.355278e-01         941381         945914         910155
9.099177e+00    -1.377623e-02 -6.553869e-02  1.163566e-01         941617         946020         909730
9.198993e+00    -3.516615e-02 -6.654951e-02  1.127532e-01         941683         945935         909071
9.298810e+00    -5.104390e-02 -3.196067e-02  9.309986e-02         941595         945779         908423
9.398626e+00    -4.451011e-02 -2.175308e-02  1.179668e-01         941407         945581         907805
9.498443e+00    -4.106798e-02 -2.453343e-02  1.126487e-01         941210         945335         906983
9.598259e+00    -5.526262e-02 -2.966926e-02  1.268991e-01         941100         945127         906320
9.699828e+00    -5.277934e-02 -2.616553e-02  9.061406e-02         941068         945061         905694
9.799645e+00    -3.241050e-02 -1.003146e-02  1.287601e-01         941172         945069         905155
9.899462e+00    -2.342641e-02 -1.703819e-02  1.716345e-01         941338         945149         904860
9.999278e+00    -5.060573e-02  1.639005e-02  1.745569e-01         941539         945349         904549
1.009909e+01    -5.433045e-02  3.117910e-02  1.329530e-01         941691         945417         904099
1.019891e+01    -6.436925e-02  4.938447e-02  1.179821e-01         941853         945401         903665
1.029873e+01    -7.352080e-02  9.515729e-03  1.412466e-01         941794         945199         903081
1.039854e+01    -6.903641e-02 -2.153540e-02  1.829291e-01         941669         944927         902261
1.049836e+01    -8.370443e-02 -5.262923e-02  1.787478e-01         941482         944678         901535
1.059993e+01    -6.577468e-02 -7.086804e-02  1.391965e-01         941353         944424         900829
1.069975e+01    -7.180045e-02 -5.091617e-02  1.083954e-01         941356         944364         900250
1.079956e+01    -7.612015e-02 -5.698470e-02  1.692020e-01         941449         944363         899786
1.089938e+01    -6.960167e-02 -4.869928e-02  1.751890e-01         941662         944389         899308
1.099920e+01    -4.009464e-02 -5.249726e-02  8.214483e-02         941848         944415         898951
1.109901e+01    -2.915638e-02 -1.966398e-02  1.903463e-02         941994         944416         898441
1.119883e+01    -3.109843e-02 -2.728524e-02  1.799582e-02         942020         944368         897894
1.129864e+01    -8.353706e-02 -4.135735e-02  2.018625e-02         941997         944154         897386
1.139846e+01    -9.143409e-02 -3.833577e-02  6.851191e-02         941864         943904         896738
1.149828e+01    -6.168220e-02 -6.050973e-02  1.169206e-01         941720         943599         895970
1.159985e+01    -3.642984e-02 -4.870837e-02  1.009373e-01         941627         943413         895237
1.169966e+01    -5.593749e-02 -5.193051e-02  1.090330e-01         941600         943312         894672
1.179948e+01    -6.874548e-02 -2.537952e-02  1.113990e-01         941697         943261         894257
1.189930e+01    -5.929856e-02 -4.381149e-03  8.684830e-02         941816         943173         893794
1.199911e+01    -5.960280e-02  1.837237e-02  9.376282e-02         941945         943128         893273
1.209893e+01    -5.926207e-02 -1.575225e-02  1.014275e-01         942031         943096         892809
1.219875e+01    -6.469878e-02 -8.655811e-02  1.398907e-01         941967         942954         892264
1.229856e+01    -5.136139e-02 -8.686543e-02  1.235314e-01         941942         942744         891726
1.239838e+01    -4.873643e-02 -7.281809e-02  1.466548e-01         941885         942596         891062
1.249995e+01    -4.406818e-02 -6.728293e-02  1.552547e-01         941840         942354         890516
1.259976e+01    -2.413785e-02 -6.487836e-02  1.855247e-01         941775         942235         889920
1.269958e+01    -1.462912e-02 -5.346907e-02  1.627860e-01         941731         942013         889392
1.279940e+01    -4.055108e-03 -5.268902e-02  1.272564e-01         941794         941910         888804
1.289921e+01     3.656992e-03 -3.868569e-02  1.842921e-01         941876         941909         888329
1.299903e+01    -2.568443e-03 -3.287557e-02  1.868399e-01         941935         941801         887883
1.309885e+01     1.897761e-02 -3.324323e-02  1.668846e-01         941994         941625         887403
1.319866e+01     2.860123e-02 -1.475819e-02  1.691804e-01         942040         941465         886858
1.329848e+01    -2.309807e-03 -1.453000e-02  2.116077e-01         942014         941328         886323
1.339830e+01    -5.684527e-03 -1.757290e-03  1.463137e-01         941989         941185         885659
1.349986e+01    -8.208230e-03  1.405304e-03  1.427641e-01         941875         940983         885008
1.359968e+01    -3.325307e-02  4.030646e-02  1.605656e-01         941828         940781         884420
1.369950e+01    -2.204381e-02 -1.798169e-04  1.480085e-01         941820         940618         883937
1.379931e+01    -1.407288e-02 -8.585563e-03  1.957886e-01         941828         940445         883370
1.389913e+01    -1.677618e-02 -4.370544e-02  2.017438e-01         941838         940334         882842
1.399895e+01    -8.913348e-03 -5.512243e-02  1.226808e-01         941878         940324         882368
1.409876e+01     1.771425e-02 -4.828833e-03  1.207510e-01         941914         940307         881788
1.419858e+01     1.358329e-02  1.703192e-02  1.755432e-01         941880         940179         881279
1.429840e+01    -8.148263e-03  1.644667e-02  1.550525e-01         941936         940051         880751
1.439996e+01    -2.024336e-02 -2.142662e-02  1.351395e-01         941882         939918         880162
1.449978e+01    -2.034285e-02 -7.772709e-02  9.151230e-02         941856         939726         879545
1.459960e+01    -1.136667e-02 -4.907902e-02  8.471010e-02         941798         939475         878927
1.469941e+01    -1.944630e-02 -3.566591e-02  1.134510e-01         941821         939240         878330
1.479923e+01    -1.187196e-02  1.168395e-02  9.898503e-02         941788         939129         877820
1.489905e+01    -2.491768e-02  6.084593e-02  1.332606e-01         941808         938947         877344
1.499886e+01    -2.333430e-02  5.637678e-02  1.411582e-01         941825         938767         876867
1.509868e+01    -4.921912e-02  4.756624e-02  1.324614e-01         941904         938665         876281
1.519850e+01    -5.652073e-02  1.554245e-02  1.495958e-01         941955         938527         875823
1.529831e+01    -7.645101e-02  2.069381e-02  1.264532e-01         942044         938442         875333
1.539988e+01    -7.920315e-02 -1.841588e-02  1.448395e-01         942050         938274         874811
1.549970e+01    -6.600120e-02 -4.089999e-02  1.516313e-01         941992         938093         874262
1.559952e+01    -4.250540e-02 -5.422072e-02  1.272759e-01         941850         937914         873719
1.569933e+01    -4.001113e-02 -6.554274e-02  1.332279e-01         941756         937680         873306
1.579915e+01    -3.814592e-02 -4.020513e-02  1.441666e-01         941769         937617         872836
1.589897e+01    -4.698859e-02 -5.548758e-02  1.453633e-01         941780         937467         872267
1.599878e+01    -4.877161e-02 -8.144236e-03  1.415963e-01         941812         937350         871779
1.609860e+01    -4.824689e-02  1.435208e-02  1.226871e-01         941836         937226         871388
1.619842e+01    -3.265221e-02  1.044002e-02  1.690005e-01         941855         937100         870882
1.629998e+01    -3.276521e-02  1.751436e-02  1.718663e-01         941878         936955         870283
1.639980e+01    -5.349387e-02  2.024700e-02  1.448195e-01         941857         936775         869766
1.649962e+01    -7.871297e-02  6.522045e-03  1.314808e-01         941883         936517         869217
1.659943e+01    -6.198948e-02 -1.443449e-02  1.484142e-01         941907         936396         868677
1.669925e+01    -5.215662e-02 -2.483569e-02  1.837476e-01         941886         936206         868186
1.679907e+01    -5.150845e-02 -2.230298e-02  1.818393e-01         941905         936107         867572
1.689888e+01    -5.546522e-02 -6.443709e-02  1.449162e-01         941942         935995         867037
1.699870e+01    -4.353081e-02 -8.488538e-02  1.075736e-01         941979         935858         866615
1.709852e+01    -3.747253e-02 -9.089506e-02  9.954399e-02         941949         935782         866105
1.719833e+01    -5.012043e-02 -8.038894e-02  1.132037e-01         942000         935669         865692
1.729990e+01    -5.128879e-02 -9.537601e-02  1.312106e-01         942028         935553         865204
1.739972e+01    -6.647272e-02 -6.044141e-02  1.930736e-01         941928         935461         864691
1.749953e+01    -8.128131e-02 -4.537738e-02  1.896891e-01         941886         935285         864148
1.759935e+01    -8.747895e-02 -2.783878e-02  1.804044e-01         941828         935130         863602
1.769917e+01    -6.805018e-02 -1.444645e-02  2.233291e-01         941872         934961         862965
1.779898e+01    -8.288445e-02 -1.277700e-02  2.014280e-01         941792         934784         862364
1.789880e+01    -1.059036e-01 -7.198161e-04  1.969083e-01         941787         934673         861747
1.799862e+01    -1.191788e-01 -6.766002e-03  2.017269e-01         941780         934563         861199
1.809843e+01    -8.433735e-02 -1.438104e-02  2.189050e-01         941793         934437         860728
1.819825e+01    -7.823332e-02 -1.248141e-02  1.970776e-01         941799         934296         860259
1.829982e+01    -5.841161e-02  1.088812e-02  1.726278e-01         941833         934179         859781
1.839963e+01    -3.271916e-02 -1.353677e-03  1.850985e-01         941792         933989         859337
1.849945e+01    -2.878002e-02  3.615265e-03  1.686809e-01         941824         933814         858830
1.859927e+01    -3.149531e-02  1.152379e-02  1.465443e-01         941766         933661         858292
1.869908e+01    -2.289523e-02  4.384790e-02  1.478207e-01         941784         933499         857784
1.879890e+01    -1.909105e-02  1.387107e-02  1.354422e-01         941742         933382         857210
1.889872e+01    -1.815481e-02 -2.671756e-03  1.655387e-01         941747         933286         856794
1.899853e+01     2.043613e-03  1.758175e-02  1.432333e-01         941755         933153         856309
1.909835e+01    -2.778268e-02  2.525257e-02  1.376296e-01         941760         932986         855805
1.919992e+01    -3.706700e-02 -8.303088e-03  1.098462e-01         941781         932880         855285
1.929974e+01    -3.254542e-02 -2.102765e-02  1.014095e-01         941716         932744         854968
1.939955e+01    -3.637440e-02 -2.915831e-02  1.598827e-01         941645         932578         854485
1.949937e+01    -3.721066e-02 -1.623982e-02  1.783700e-01         941637         932481         853982
1.959919e+01    -5.562557e-02  2.251506e-02  1.795795e-01         941593         932383         853417
1.969900e+01    -6.421739e-02 -2.106964e-03  1.661374e-01         941574         932226         852772
1.979882e+01    -6.094860e-02 -3.033625e-02  1.105254e-01         941569         932090         852328
1.989864e+01    -6.570871e-02 -5.409930e-02  1.521235e-01         941597         931886         851772
1.999845e+01    -7.196677e-02 -4.640958e-02  1.380832e-01         941620         931725         851273
2.009827e+01    -6.934478e-02 -1.581237e-02  1.733085e-01         941579         931625         850871
2.019984e+01    -7.010402e-02 -1.614918e-03  2.161932e-01         941539         931516         850337
2.029965e+01    -7.044803e-02  4.522046e-02  2.571421e-01         941504         931372         849854
2.039947e+01    -5.573942e-02  4.521644e-02  2.440253e-01         941522         931220         849432
2.049929e+01    -5.352722e-02  3.970592e-02  2.714576e-01         941476         931010         848987
2.059910e+01    -3.539218e-02  2.147781e-02  2.449352e-01         941434         930830         848588
2.069892e+01    -2.918599e-03 -1.087122e-02  1.908317e-01         941392         930715         848028
2.079874e+01     1.158726e-02 -2.335960e-02  1.981946e-01         941422         930512         847519
2.089855e+01    -2.738314e-03 -1.596012e-02  1.495405e-01         941440         930360         846989
2.099837e+01    -7.479153e-04 -2.863553e-02  1.985738e-01         941461         930202         846510
2.109994e+01    -6.761888e-03 -6.003808e-02  2.330847e-01         941420         930101         846106
2.119975e+01    -1.907100e-02 -6.639290e-02  2.691365e-01         941451         929968         845660
2.129957e+01    -2.976320e-02 -3.835305e-02  2.567517e-01         941441         929750         845233
2.139939e+01    -2.063032e-02 -2.772221e-02  2.468981e-01         941480         929541         844751
2.149920e+01    -4.096886e-02 -3.059209e-02  2.529079e-01         941451         929387         844186
2.159902e+01    -2.445623e-02  1.321754e-02  2.473840e-01         941494         929123         843705
2.169884e+01    -2.380245e-02  2.616146e-02  2.099803e-01         941483         929038         843243
2.179865e+01    -4.569133e-02  3.830210e-02  2.236251e-01         941454         928885         842813
2.189847e+01    -6.737112e-02  6.268856e-02  2.770929e-01         941431         928702         842359
2.199829e+01    -9.295283e-02  2.690059e-02  2.646456e-01         941512         928573         841863
2.209986e+01    -7.683164e-02 -2.556890e-02  2.970747e-01         941450         928453         841466
2.219967e+01    -4.646453e-02 -7.479650e-02  2.517246e-01         941417         928302         841071
2.229949e+01    -5.514362e-02 -4.660267e-02  2.489059e-01         941332         928169         840588
2.239931e+01    -6.938444e-02  1.705700e-02  2.717878e-01         941370         928019         840126
2.249912e+01    -7.100532e-02  2.849718e-02  2.676230e-01         941348         927818         839694
2.259894e+01    -7.010270e-02  3.126068e-02  3.157734e-01         941322         927583         839281
2.269876e+01    -5.468404e-02  2.778373e-02  3.271678e-01         941341         927476         838951
2.279857e+01    -4.077814e-02  6.825838e-02  3.047915e-01         941228         927260         838377
2.289839e+01    -4.233455e-02  6.203559e-02  3.270582e-01         941221         927130         837969
2.299996e+01    -1.153222e-02  3.665035e-02  3.356997e-01         941201         926976         837570
2.309977e+01    -2.037956e-02 -1.928950e-02  3.678429e-01         941238         926848         837168
2.319959e+01    -5.018106e-02 -2.475624e-02  3.175030e-01         941162         926717         836674
2.329941e+01    -4.483550e-02  2.111266e-02  2.993084e-01         941132         926534         836304
2.339922e+01    -2.939106e-02  1.777746e-02  2.542692e-01         941092         926424         835862
2.349904e+01    -2.263431e-02  3.850277e-02  2.465751e-01         941066         926250         835523
2.359886e+01    -1.540800e-02  5.107574e-02  2.659492e-01         940984         926015         835159
2.369867e+01     1.277308e-04  3.380838e-02  3.434577e-01         940986         925911         834754
2.379849e+01     2.013601e-02  1.166182e-03  3.731539e-01         940905         925857         834375
2.389831e+01    -3.812226e-03  1.354015e-02  3.758166e-01         940887         925714         833887
2.399987e+01    -2.632919e-02  1.316091e-02  3.766437e-01         940831         925552         833602
2.409969e+01    -7.340760e-02 -1.249147e-02  3.993605e-01         940810         925337         833216
2.419951e+01    -5.822373e-02  1.518760e-02  4.591155e-01         940788         925215         832833
2.429932e+01    -3.876476e-02 -2.911149e-02  4.766307e-01         940722         925017         832448
2.439914e+01    -2.456792e-02 -1.787032e-02  4.555415e-01         940624         924842         832009
2.449896e+01    -5.647744e-02 -2.274168e-02  4.479198e-01         940565         924639         831612
2.459877e+01    -6.868781e-02  6.052807e-03  4.082645e-01         940495         924515         831204
2.469859e+01    -5.494455e-02 -1.254198e-02  4.271856e-01         940436         924341         830793
2.479841e+01    -3.450743e-02 -1.493231e-02  4.268473e-01         940391         924189         830374
2.489998e+01    -3.793958e-02  4.626531e-03  3.752842e-01         940303         923998         830027
2.499979e+01    -5.217673e-02  3.666499e-02  3.294470e-01         940356         923833         829619
2.509961e+01    -6.147884e-02  9.292027e-04  3.353922e-01         940389         923777         829196
2.519943e+01    -4.986473e-02  1.476573e-02  3.233704e-01         940385         923551         828726
2.529924e+01    -4.069879e-02  8.818851e-03  3.721290e-01         940320         923415         828266
2.539906e+01    -4.322834e-02  1.826267e-02  3.929333e-01         940273         923259         827894
2.549888e+01    -3.550760e-02  1.180610e-03  4.036511e-01         940259         923105         827499
2.559869e+01    -1.059613e-02  1.794900e-03  4.100612e-01         940157         922889         827122
2.569851e+01     8.720019e-03  2.731800e-02  3.902342e-01         940108         922719         826729
2.579833e+01     1.525996e-02  2.807539e-02  4.019215e-01         940095         922613         826331
2.589989e+01    -1.368332e-02 -2.951412e-03  4.071799e-01         940072         922463         825954
2.599971e+01    -4.618258e-02  3.714931e-02  4.245167e-01         940024         922230         825527
2.609953e+01    -5.312656e-02  4.395718e-02  3.556770e-01         940007         922109         825050
2.619934e+01    -5.145866e-02  3.613095e-03  3.934043e-01         940036         921907         824688
2.629916e+01    -5.570720e-02 -1.637774e-02  4.273327e-01         939981         921755         824385
2.639898e+01    -5.933437e-02 -4.869857e-02  3.888062e-01         939933         921608         823880
2.649879e+01    -5.888570e-02 -6.901070e-02  3.637925e-01         939876         921418         823465
2.659861e+01    -4.725078e-02 -7.028282e-02  3.417709e-01         939872         921308         823029
2.669843e+01    -4.407661e-02 -6.101180e-02  4.259939e-01         939823         921160         822697
2.679999e+01    -5.118682e-02 -4.319989e-02  4.415389e-01         939808         920971         822356
2.689981e+01    -4.030085e-02 -5.033782e-02  4.565088e-01         939772         920857         821883
2.699963e+01    -6.335450e-02 -5.453627e-02  4.923758e-01         939843         920680         821647
2.709945e+01    -7.195412e-02 -4.425184e-02  4.513429e-01         939821         920490         821286
2.719926e+01    -5.881623e-02 -5.260565e-02  4.470286e-01         939759         920326         820871
2.729908e+01    -4.489996e-02 -4.232693e-02  4.521523e-01         939784         920173         820448
2.739890e+01    -4.309549e-02 -1.587109e-02  4.384663e-01         939744         920074         820125
2.749871e+01    -5.098274e-02 -2.754726e-02  4.381278e-01         939693         919920         819735
2.759853e+01    -7.545965e-02 -4.015511e-02  4.528197e-01         939604         919764         819396
2.769834e+01    -7.663006e-02 -1.888374e-02  4.619010e-01         939539         919488         819084
2.779991e+01    -7.661281e-02 -8.423132e-03  5.063753e-01         939490         919346         818672
2.789973e+01    -7.218011e-02 -1.684911e-02  4.826042e-01         939510         919270         818288
2.799955e+01    -7.040097e-02  9.963298e-03  4.823719e-01         939520         919156         817986
2.809936e+01    -5.421892e-02  4.582089e-02  4.844005e-01         939483         918998         817585
2.819918e+01    -5.089746e-02  3.294661e-02  4.710482e-01         939407         918923         817217
2.829900e+01    -5.529776e-02  4.511715e-02  4.730371e-01         939424         918759         816764
2.839881e+01    -5.169383e-02  4.152927e-02  4.420016e-01         939437         918599         816448
2.849863e+01    -5.168993e-02  4.866497e-02  4.675542e-01         939462         918443         815921
2.859845e+01    -4.953736e-02  1.958820e-02  4.166819e-01         939372         918332         815503
2.869826e+01    -5.661215e-02 -5.310558e-03  4.509346e-01         939270         918210         815234
2.879983e+01    -5.335936e-02 -3.768872e-02  4.887221e-01         939210         918115         814795
2.889965e+01    -5.440944e-02  7.294689e-03  5.277088e-01         939235         917951         814323
2.899946e+01    -6.261144e-02  1.370441e-02  5.575566e-01         939205         917814         813912
2.909928e+01    -5.423558e-02 -6.834897e-02  5.164241e-01         939167         917779         813604
2.919910e+01    -4.570948e-02 -1.019002e-01  5.066027e-01         939094         917588         813283
2.929891e+01    -5.414082e-02 -9.679281e-02  5.476179e-01         939107         917445         812810
2.939873e+01    -8.551777e-02 -8.547858e-02  5.781323e-01         938985         917300         812462
2.949855e+01    -9.280608e-02 -4.076536e-02  5.427327e-01         938942         917158         812148
2.959836e+01    -9.826298e-02 -2.200264e-02  5.420226e-01         938941         917008         811816
2.969993e+01    -9.850072e-02 -4.491683e-02  5.561369e-01         938994         916814         811456
2.979975e+01    -1.106022e-01 -6.943435e-02  5.082989e-01         938930         916581         811118
2.989957e+01    -9.011464e-02 -6.469414e-02  4.809419e-01         938889         916481         810829
2.999938e+01    -9.276927e-02 -7.890983e-02  4.450736e-01         938893         916459         810515
3.009920e+01    -8.975735e-02 -1.029944e-01  4.654032e-01         938886         916330         810192
3.019902e+01    -7.424363e-02 -9.899802e-02  4.845688e-01         938873         916161         809876
3.029883e+01    -6.051385e-02 -7.261547e-02  4.753720e-01         938864         916077         809604
3.039865e+01    -6.030433e-02 -5.826086e-02  5.265206e-01         938820         915877         809301
3.049847e+01    -5.014716e-02 -8.215896e-02  5.054488e-01         938766         915711         808852
3.059828e+01    -4.859174e-02 -1.331488e-01  5.190430e-01         938718         915585         808407
3.069985e+01    -3.641713e-02 -1.483300e-01  4.932399e-01         938717         915441         807990
3.079967e+01    -4.364939e-02 -1.139632e-01  5.336721e-01         938726         915393         807585
3.089948e+01    -3.393655e-02 -6.527342e-02  5.335878e-01         938702         915261         807205
3.099930e+01    -4.175602e-02 -4.071115e-02  5.759030e-01         938672         915222         806926
3.109912e+01    -6.807059e-02 -5.237837e-02  5.448696e-01         938747         915039         806499
3.119893e+01    -5.545127e-02 -6.916316e-02  5.665462e-01         938673         914848         806175
3.129875e+01    -6.449806e-02 -4.545912e-02  5.480719e-01         938616         914685         805857
3.139857e+01    -4.591354e-02 -5.392768e-02  5.883875e-01         938641         914551         805515
3.149838e+01    -3.022076e-02 -4.327067e-02  5.743005e-01         938613         914306         805217
3.159995e+01    -2.979457e-02 -3.603311e-02  5.242941e-01         938528         914157         804792
3.169977e+01    -5.934566e-03  1.938385e-02  4.735402e-01         938500         913985         804510
3.179959e+01    -2.390703e-03  2.201400e-02  4.480925e-01         938475         913818         804225
3.189940e+01    -1.275670e-02 -1.886744e-02  4.574317e-01         938478         913634         803879
3.199922e+01    -3.347328e-02 -3.416057e-02  4.988374e-01         938483         913444         803543
3.209904e+01    -1.683237e-02 -1.673715e-02  5.368235e-01         938386         913272         803090
3.219885e+01    -3.681835e-02 -1.709454e-02  5.785951e-01         938325         913153         802837
3.229867e+01    -4.741290e-02 -2.619795e-02  5.706923e-01         938296         912982         802510
3.239849e+01    -4.349167e-02 -6.361629e-02  5.200825e-01         938317         912785         802204
3.249830e+01    -3.480318e-02 -5.787032e-02  5.515117e-01         938237         912604         801961
3.259987e+01    -3.630898e-02 -5.772895e-02  5.389605e-01         938162         912437         801593
3.269969e+01    -3.387165e-02 -1.791591e-02  5.260767e-01         938089         912313         801268
3.279950e+01    -5.107726e-02 -9.870185e-03  5.269856e-01         938001         912162         800865
3.289932e+01    -7.802586e-02  1.100908e-02  5.411144e-01         938001         911952         800633
3.299914e+01    -1.043696e-01  6.200917e-03  5.401034e-01         937903         911721         800297
3.309895e+01    -9.481774e-02  5.239235e-02  5.755134e-01         937875         911548         799951
3.319877e+01    -1.080118e-01  4.584502e-02  6.005176e-01         937807         911439         799606
3.329859e+01    -1.089524e-01 -2.597760e-02  5.913032e-01         937850         911273         799224
3.339840e+01    -1.222960e-01 -4.201644e-02  5.835634e-01         937746         911124         798973
3.349997e+01    -1.300229e-01 -3.067995e-02  5.189620e-01         937676         911105         798655
3.359979e+01    -1.402489e-01  1.501996e-02  5.133894e-01         937604         910903         798325
3.369960e+01    -1.277392e-01 -6.554618e-04  4.836580e-01         937587         910746         797997
3.379942e+01    -1.156481e-01 -3.756097e-02  5.090833e-01         937534         910613         797691
3.389924e+01    -8.472866e-02 -5.839634e-02  5.199849e-01         937514         910461         797405
3.399906e+01    -8.254630e-02 -8.291458e-02  5.165321e-01         937517         910386         797139
3.409887e+01    -6.780965e-02 -4.343095e-02  5.106373e-01         937497         910161         796855
3.419869e+01    -7.142978e-02 -2.252552e-02  4.656806e-01         937487         909968         796506
3.429851e+01    -6.993907e-02  2.801937e-02  5.271985e-01         937458         909832         796246
3.439832e+01    -7.297481e-02 -1.138093e-02  5.224028e-01         937397         909662         795868
3.449989e+01    -7.297833e-02 -5.435461e-03  5.496121e-01         937344         909520         795621
3.459971e+01    -7.336493e-02 -6.702605e-02  5.359634e-01         937312         909383         795326
3.469952e+01    -8.641405e-02 -5.973026e-02  5.237782e-01         937257         909189         795031
3.479934e+01    -9.795672e-02 -1.643082e-02  5.178384e-01         937182         909119         794771
3.489916e+01    -9.972885e-02  4.004145e-03  5.418980e-01         937180         908993         794489
3.499897e+01    -9.854493e-02 -1.269210e-02  5.433657e-01         937129         908874         794124
3.509879e+01    -1.011802e-01  3.090932e-03  4.814094e-01         937061         908700         793863
3.519861e+01    -8.267531e-02  4.119366e-03  4.837653e-01         937049         908643         793540
3.529842e+01    -8.613657e-02 -3.605981e-02  4.685167e-01         936973         908519         793343
3.539999e+01    -9.710000e-02 -7.909388e-02  4.290311e-01         936887         908332         793065
3.549981e+01    -8.966378e-02 -1.264301e-01  4.372593e-01         936821         908192         792839
3.559962e+01    -8.891053e-02 -1.060571e-01  4.854520e-01         936781         908079         792572
3.569944e+01    -8.519533e-02 -8.308468e-02  4.721851e-01         936755         907912         792370
3.579926e+01    -8.389782e-02 -5.251010e-02  4.484926e-01         936738         907788         792136
3.589907e+01    -4.862876e-02 -1.769207e-02  4.321253e-01         936635         907561         791878
3.599889e+01    -4.613089e-02 -2.680782e-02  4.808343e-01         936598         907337         791727
3.609871e+01    -3.908638e-02 -2.107774e-02  5.214677e-01         936615         907239         791312
3.619853e+01    -4.087333e-02 -3.850903e-02  5.315040e-01         936575         906984         791056
3.629834e+01    -3.739579e-02 -3.713393e-02  5.758472e-01         936510         906862         790783
3.639991e+01    -3.626089e-02 -2.013412e-02  5.434993e-01         936409         906738         790449
3.649973e+01     2.198017e-03 -2.288516e-02  5.134516e-01         936357         906617         790201
3.659954e+01     1.177721e-02 -1.434386e-02  4.865254e-01         936329         906456         789945
3.669936e+01     2.018329e-02 -3.031224e-02  4.677208e-01         936216         906284         789712
3.679918e+01     8.399223e-03 -8.461939e-02  4.789027e-01         936212         906120         789473
3.689899e+01    -1.422045e-02 -7.652207e-02  5.267922e-01         936140         905912         789173
3.699881e+01    -2.109585e-02 -3.723272e-02  5.331201e-01         936113         905731         788888
3.709863e+01    -4.668831e-02 -2.426446e-02  5.280979e-01         936031         905578         788598
3.719844e+01    -5.616352e-02 -1.285222e-02  5.083274e-01         936024         905384         788332
3.729826e+01    -5.202444e-02  2.326659e-02  5.073106e-01         935954         905148         788226
3.739983e+01    -6.396494e-02  1.217898e-02  4.948682e-01         935985         905049         787893
3.749964e+01    -8.911935e-02 -1.240046e-03  5.139241e-01         935954         904843         787664
3.759946e+01    -7.908033e-02 -6.273306e-02  4.854049e-01         935887         904725         787440
3.769928e+01    -3.498296e-02 -3.193842e-02  5.051945e-01         935790         904551         787209
3.779909e+01    -1.981459e-02 -2.362428e-02  5.116967e-01         935774         904422         786903
3.789891e+01    -2.031130e-02 -3.136919e-02  5.347103e-01         935777         904306         786651
3.799873e+01    -3.824556e-02 -5.328789e-02  5.562059e-01         935712         904136         786403
3.809855e+01    -8.421627e-02 -4.810312e-03  5.665549e-01         935695         903958         786136
3.819836e+01    -1.013458e-01  1.888586e-02  5.494467e-01         935669         903885         785788
3.829993e+01    -7.973015e-02  5.004641e-02  5.629942e-01         935598         903684         785651
3.839975e+01    -8.609308e-02  4.414749e-02  5.818465e-01         935557         903502         785427
3.849956e+01    -9.144013e-02  2.836722e-02  5.727466e-01         935443         903370         785192
3.859938e+01    -7.617878e-02 -6.572463e-03  5.409040e-01         935435         903235         785008
3.869920e+01    -6.946682e-02  1.415411e-02  5.413552e-01         935400         903099         784859
3.879901e+01    -5.568375e-02  6.450315e-03  5.283359e-01         935245         902961         784588
3.889883e+01    -5.068367e-02 -3.511451e-02  5.040196e-01         935297         902852         784360
3.899865e+01    -5.082515e-02 -2.290191e-02  5.034092e-01         935341         902661         784125
3.909846e+01    -5.764092e-02 -2.092414e-02  5.364644e-01         935271         902518         783853
3.919828e+01    -6.385469e-02  9.831957e-03  5.336174e-01         935256         902386         783651
3.929985e+01    -8.389635e-02  3.787516e-03  5.488590e-01         935181         902216         783551
3.939966e+01    -8.224894e-02 -3.340199e-02  5.620512e-01         935168         902054         783203
3.949948e+01    -7.320621e-02 -4.508395e-02  5.640044e-01         935078         901860         782999
3.959930e+01    -7.012202e-02 -1.231698e-02  5.682894e-01         935043         901674         782740
3.969911e+01    -8.006490e-02  1.892847e-02  5.694527e-01         935022         901536         782474
3.979893e+01    -1.077880e-01  4.112595e-02  5.500471e-01         934975         901327         782345
3.989875e+01    -1.218202e-01 -2.511436e-03  5.781402e-01         934986         901199         782164
3.999857e+01    -7.248188e-02 -6.331003e-03  5.832487e-01         934905         901088         781942
4.009838e+01    -3.569989e-02 -3.372420e-02  5.808546e-01         934909         900955         781604
4.019995e+01    -3.143566e-02 -9.455980e-02  5.634201e-01         934867         900851         781389
4.029977e+01    -3.903346e-02 -6.842532e-02  5.684877e-01         934795         900708         781260
4.039958e+01    -5.354678e-02 -1.798498e-02  5.533145e-01         934689         900582         781024
4.049940e+01    -4.144460e-02  2.124133e-02  5.342067e-01         934605         900437         780789
4.059922e+01    -6.695635e-02  3.278008e-02  5.738249e-01         934541         900235         780501
4.069903e+01    -1.040764e-01  2.626374e-02  5.682860e-01         934511         900016         780197
4.079885e+01    -1.088616e-01  3.657002e-02  5.493688e-01         934426         899893         780016
4.089867e+01    -9.976980e-02  9.308397e-03  6.094080e-01         934366         899764         779779
4.099848e+01    -8.048754e-02  2.298010e-02  5.595136e-01         934319         899592         779511
4.109830e+01    -7.777761e-02  1.276630e-02  5.875715e-01         934297         899446         779268
4.119987e+01    -6.291480e-02  2.581637e-02  5.749410e-01         934201         899298         778988
4.129969e+01    -5.618947e-02 -8.791062e-03  5.523232e-01         934217         899154         778707
4.139950e+01    -6.329554e-02 -5.102124e-02  5.501990e-01         934180         898954         778503
4.149932e+01    -5.398449e-02 -3.506905e-02  5.079573e-01         934221         898826         778263
4.159914e+01    -3.370197e-02 -3.603445e-02  5.255815e-01         934143         898656         778033
4.169895e+01    -3.111014e-02 -1.099830e-02  5.195593e-01         934138         898498         777840
4.179877e+01    -5.030496e-02  4.497260e-03  5.495343e-01         934052         898341         777625
4.189859e+01    -6.539688e-02 -2.923058e-03  5.442845e-01         934004         898181         777453
4.199840e+01    -8.248155e-02  1.215884e-03  5.706503e-01         933949         898064         777230
4.209997e+01    -8.313854e-02 -1.821298e-02  5.736508e-01         933892         897895         777073
4.219979e+01    -9.258550e-02 -4.444967e-02  5.327455e-01         933862         897741         776778
4.229960e+01    -9.716673e-02 -3.355150e-02  5.475150e-01         933807         897585         776493
4.239942e+01    -6.120148e-02 -2.489592e-02  5.432862e-01         933758         897441         776203
4.249924e+01    -3.662061e-02 -4.339520e-02  5.471031e-01         933710         897215         776048
4.259905e+01    -3.153145e-02 -2.125671e-02  5.287034e-01         933713         897021         776001
4.269887e+01    -3.662375e-02 -4.342183e-03  5.516231e-01         933688         896904         775756
4.279869e+01    -4.416752e-02  1.621870e-02  5.924049e-01         933616         896756         775611
4.289850e+01    -3.352721e-02 -1.135423e-02  6.053696e-01         933522         896682         775272
4.299832e+01    -5.003677e-02 -4.285217e-02  5.696914e-01         933462         896546         774961
4.309989e+01    -6.148437e-02 -2.867877e-02  6.061381e-01         933350         896336         774788
4.319971e+01    -5.780604e-02 -2.528900e-02  5.587175e-01         933266         896221         774494
4.329952e+01    -7.211191e-02 -4.461711e-02  5.415186e-01         933175         896037         774291
4.339934e+01    -7.743180e-02 -2.970101e-02  5.342926e-01         933077         895924         774077
4.349916e+01    -8.748044e-02  2.060118e-03  5.622398e-01         933112         895789         773837
4.359897e+01    -8.223346e-02  2.767131e-03  5.578323e-01         933097         895686         773553
4.369879e+01    -6.745952e-02 -5.052200e-03  5.774041e-01         933040         895563         773368
4.379861e+01    -5.981021e-02  2.119305e-02  5.998872e-01         933025         895455         773085
4.389842e+01    -6.508940e-02  6.464769e-03  5.881990e-01         932953         895322         772761
4.399999e+01    -7.447138e-02 -4.010785e-02  5.417886e-01         932875         895156         772542
4.409981e+01    -8.070372e-02 -5.173618e-02  5.388099e-01         932817         894946         772306
4.419962e+01    -7.922966e-02 -2.202899e-02  5.453513e-01         932756         894829         772120
4.429944e+01    -8.457245e-02 -1.167322e-02  5.355232e-01         932662         894724         772000
4.439926e+01    -7.703053e-02 -7.608218e-03  5.516006e-01         932652         894505         771807
4.449907e+01    -7.799687e-02 -2.121366e-02  5.654782e-01         932630         894315         771578
4.459889e+01    -1.170669e-01 -2.272411e-02  5.430845e-01         932573         894124         771335
4.469871e+01    -1.118864e-01 -3.536969e-02  5.187130e-01         932479         893981         771134
4.479852e+01    -8.916876e-02 -9.506838e-02  5.284712e-01         932413         893940         770817
4.489834e+01    -6.132446e-02 -8.475947e-02  5.324313e-01         932397         893808         770544
4.499991e+01    -4.748578e-02 -7.934874e-02  6.103048e-01         932302         893625         770318
4.509973e+01    -4.039554e-02 -7.122307e-02  6.364455e-01         932254         893550         770026
4.519954e+01    -3.396234e-02 -5.004219e-02  6.174148e-01         932258         893432         769789
4.529936e+01    -1.935159e-02 -4.155019e-02  6.198138e-01         932228         893306         769557
4.539918e+01    -6.163113e-04 -8.172643e-02  6.190382e-01         932210         893203         769298
4.549899e+01    -1.358706e-02 -1.164244e-01  5.633672e-01         932159         892991         769094
4.559881e+01    -2.517323e-02 -4.872610e-02  5.806768e-01         932118         892847         768812
4.569863e+01    -3.504226e-02 -2.925773e-02  5.772141e-01         932073         892748         768600
4.579844e+01    -4.367464e-02 -3.124179e-02  5.744227e-01         932075         892625         768351
4.589826e+01    -4.447858e-02 -4.177142e-02  5.817638e-01         931987         892469         768154
4.599983e+01    -6.057994e-02 -9.792872e-03  5.826398e-01         931976         892360         767860
4.609964e+01    -2.665964e-02 -1.031114e-02  6.114889e-01         931925         892201         767658
4.619946e+01    -1.439628e-02 -4.539276e-02  5.982288e-01         931878         892035         767350
4.629928e+01    -3.968310e-02 -3.295289e-02  5.939587e-01         931819         891795         767206
4.639909e+01    -4.902846e-02 -7.759610e-02  5.549768e-01         931734         891670         766941
4.649891e+01    -5.277353e-02 -3.598012e-02  5.141402e-01         931718         891554         766736
4.659873e+01    -5.440055e-02 -1.173569e-02  5.083990e-01         931666         891421         766506
4.669855e+01    -5.063187e-02 -3.538810e-02  5.600378e-01         931568         891270         766264
4.679836e+01    -7.759309e-02 -7.494669e-02  5.912835e-01         931536         891217         766052
4.689993e+01    -8.017616e-02 -9.782406e-02  6.170328e-01         931434         891057         765793
4.699975e+01    -7.966376e-02 -5.147378e-02  6.115275e-01         931370         890934         765580
4.709956e+01    -5.266678e-02 -3.268677e-02  6.126782e-01         931335         890882         765413
4.719938e+01    -4.935230e-02 -3.580182e-02  6.222395e-01         931322         890739         765151
4.729920e+01    -4.023135e-02 -4.798881e-02  6.266994e-01         931284         890588         764929
4.739901e+01    -2.219144e-02 -3.155822e-02  6.353346e-01         931191         890414         764762
4.749883e+01    -4.019882e-02 -3.718134e-02  6.370355e-01         931119         890313         764565
4.759865e+01    -5.915980e-02 -8.230089e-02  6.040751e-01         930999         890235         764288
4.769846e+01    -8.798266e-02 -8.185867e-02  5.687763e-01         930947         890067         764062
4.779828e+01    -1.087369e-01 -9.054829e-02  5.816231e-01         930930         889918         763863
4.789985e+01    -1.074346e-01 -7.407095e-02  5.157120e-01         930898         889766         763613
4.799967e+01    -9.054470e-02 -7.348856e-02  5.265261e-01         930864         889631         763339
4.809948e+01    -9.042202e-02 -4.326479e-02  5.651987e-01         930852         889497         763049
4.819930e+01    -7.132089e-02 -3.827321e-02  5.945718e-01         930811         889350         762788
4.829912e+01    -7.590985e-02 -3.401238e-02  6.069689e-01         930738         889218         762540
4.839893e+01    -5.636248e-02 -4.962575e-02  6.538019e-01         930676         889095         762368
4.849875e+01    -3.133707e-02 -2.521421e-02  6.583003e-01         930699         888980         762185
4.859857e+01    -3.538380e-02 -1.040479e-02  6.393408e-01         930622         888835         761942
4.869838e+01    -3.745717e-02 -4.565698e-02  5.900727e-01         930637         888756         761831
4.879995e+01    -4.132549e-02 -5.215217e-02  6.031961e-01         930550         888622         761575
4.889977e+01    -5.415528e-02 -3.818145e-02  6.243140e-01         930502         888433         761320
4.899958e+01    -6.690516e-02 -1.728329e-02  6.103408e-01         930477         888303         761148
4.909940e+01    -6.310309e-02 -3.458661e-02  6.221263e-01         930397         888173         760993
4.919922e+01    -3.281829e-02 -1.905383e-02  6.096438e-01         930324         888077         760734
4.929903e+01    -2.459248e-02 -2.416949e-03  5.783035e-01         930327         887909         760562
4.939885e+01    -3.816172e-02 -1.146675e-02  5.236416e-01         930299         887808         760348
4.949867e+01    -3.827358e-02 -5.706710e-03  5.569098e-01         930316         887593         760230
4.959848e+01    -2.337366e-02 -4.387646e-02  5.802022e-01         930212         887465         760103
4.969830e+01    -2.501140e-02 -5.330915e-02  5.918091e-01         930167         887301         759961
4.979987e+01    -2.831894e-02 -1.146869e-02  5.397837e-01         930073         887089         759861
4.989969e+01    -1.656793e-02  2.861966e-02  5.811240e-01         929996         886884         759671
4.999950e+01     2.265669e-03  2.604101e-02  5.903057e-01         929911         886747         759419
5.009932e+01     9.221403e-03 -1.524820e-02  6.367592e-01         929932         886525         759219
5.019914e+01    -1.477141e-02 -2.888596e-02  6.305518e-01         929918         886409         758980
5.029895e+01    -2.678241e-02 -8.497567e-02  6.113308e-01         929862         886289         758741
5.039877e+01    -4.100918e-02 -7.695146e-02  6.055291e-01         929818         886135         758455
5.049859e+01    -3.502213e-02 -9.824541e-02  6.148578e-01         929747         886004         758322
5.059840e+01    -3.779381e-02 -6.966725e-02  5.936918e-01         929684         885876         758157
5.069997e+01     1.627792e-03 -4.535306e-02  5.808847e-01         929607         885693         757906
5.079979e+01    -2.034141e-03 -8.205446e-02  6.302705e-01         929606         885552         757646
5.089961e+01     7.622637e-03 -1.136677e-01  6.832458e-01         929531         885399         757424
5.099942e+01     2.883987e-02 -1.034081e-01  6.819085e-01         929428         885168         757153
5.109924e+01     1.024651e-02 -3.483440e-02  6.722497e-01         929386         885056         756914
5.119906e+01    -7.782629e-03 -2.595235e-02  6.034051e-01         929365         884884         756716
5.129887e+01    -2.623339e-02 -3.097134e-02  5.794734e-01         929384         884679         756466
5.139869e+01    -2.831443e-02 -1.633363e-02  5.561627e-01         929326         884501         756309
5.149851e+01    -3.944674e-02 -1.760671e-02  6.021461e-01         929218         884354         756054
5.159832e+01     1.052771e-04 -1.493316e-02  6.245931e-01         929182         884188         755812
5.169989e+01     2.169482e-02 -1.920625e-02  6.610193e-01         929163         884074         755689
5.179971e+01     1.213123e-02 -3.629967e-03  6.339828e-01         929113         883998         755530
5.189952e+01     5.721435e-03 -1.810357e-03  6.191531e-01         929098         883906         755348
5.199934e+01    -1.730036e-02 -4.009264e-02  6.044049e-01         929022         883754         755190
5.209916e+01    -4.304920e-02 -7.171341e-02  5.927506e-01         928974         883590         754991
5.219897e+01    -5.480977e-02 -4.187285e-02  5.774801e-01         928956         883465         754821
5.229879e+01    -5.968156e-02 -4.803479e-03  5.963072e-01         928896         883290         754687
5.239861e+01    -6.702791e-02  8.806638e-03  6.107505e-01         928864         883194         754494
5.249842e+01    -5.160306e-02  1.054440e-02  6.159539e-01         928780         883033         754264
5.259999e+01    -2.859614e-02  1.372556e-02  5.963327e-01         928691         882895         754036
5.269981e+01    -3.182662e-02 -2.224430e-02  6.421153e-01         928658         882769         753885
5.279963e+01    -2.860907e-02  2.407410e-02  6.694752e-01         928552         882734         753715
5.289944e+01    -1.968178e-02  3.964381e-02  6.656165e-01         928549         882616         753447
5.299926e+01    -5.160436e-02 -3.767845e-03  6.267082e-01         928462         882456         753220
5.309908e+01    -5.127568e-02  3.813481e-03  6.543914e-01         928411         882351         753094
5.319889e+01    -6.101219e-02  1.743847e-03  6.386766e-01         928330         882226         753001
5.329871e+01    -4.222255e-02  1.715739e-02  6.322179e-01         928302         882122         752691
5.339853e+01    -2.918463e-02 -1.399836e-02  6.891165e-01         928316         882023         752565
5.349834e+01    -1.772990e-02 -2.574042e-02  7.266571e-01         928258         881881         752480
5.359991e+01    -1.282039e-02 -3.659472e-02  6.897148e-01         928135         881708         752316
5.369973e+01    -1.247549e-02 -5.074765e-02  6.838053e-01         928058         881526         752079
5.379954e+01    -1.465775e-02 -5.052637e-02  6.709540e-01         928041         881410         751987
5.389936e+01    -3.905099e-02 -2.620990e-02  6.910305e-01         927947         881256         751886
5.399918e+01    -6.081981e-02  2.258997e-02  6.564222e-01         927888         881124         751751
5.409900e+01    -4.582567e-02  1.541801e-02  6.738856e-01         927876         880979         751463
5.419881e+01    -5.995136e-02 -3.471901e-03  6.405436e-01         927814         880877         751167
5.429863e+01    -6.324965e-02 -2.199363e-02  6.152000e-01         927752         880737         750886
5.439845e+01    -6.852240e-02 -5.682194e-02  5.639163e-01         927682         880587         750694
5.449826e+01    -6.880369e-02 -7.128051e-02  6.195339e-01         927698         880434         750657
5.459983e+01    -7.312322e-02 -6.034394e-02  6.543119e-01         927578         880335         750481
5.469965e+01    -7.393814e-02 -3.973329e-02  6.833306e-01         927497         880125         750287
5.479946e+01    -6.742849e-02 -1.654592e-03  6.825581e-01         927456         879945         750111
5.489928e+01    -7.275191e-02  1.508609e-02  6.625320e-01         927380         879854         749847
5.499910e+01    -8.288541e-02 -4.064562e-03  7.046316e-01         927368         879808         749697
5.509891e+01    -9.155573e-02 -7.021668e-03  6.941151e-01         927300         879615         749574
5.519873e+01    -1.072101e-01 -2.134442e-03  6.484284e-01         927271         879463         749269
5.529855e+01    -7.762935e-02  5.510884e-02  6.510874e-01         927269         879312         749181
5.539836e+01    -6.882045e-02  6.726500e-02  6.235067e-01         927189         879144         749083
5.549993e+01    -6.530710e-02  2.028381e-02  5.799372e-01         927087         879058         748976
5.559975e+01    -6.894243e-02  7.206793e-03  5.847019e-01         927023         878901         748868
5.569957e+01    -5.145469e-02 -4.771433e-02  6.642817e-01         926978         878763         748756
5.579938e+01    -1.052854e-02 -8.049538e-02  6.583764e-01         926942         878572         748630
5.589920e+01     2.277126e-02 -9.069552e-02  6.453913e-01         926922         878440         748396
5.599902e+01     6.605535e-03 -1.078429e-01  6.306229e-01         926876         878322         748293
5.609883e+01     2.359591e-02 -6.036535e-02  6.796522e-01         926870         878165         748100
5.619865e+01     1.667847e-02 -3.553140e-02  6.982284e-01         926810         878058         748019
5.629847e+01     1.087012e-02 -5.312491e-02  6.846167e-01         926719         877976         747910
5.639828e+01    -5.712806e-03  1.021428e-02  6.986538e-01         926658         877800         747709
5.649985e+01    -3.475363e-02  6.113136e-03  6.583421e-01         926658         877600         747543
5.659967e+01    -2.978666e-02 -9.861959e-04  6.438618e-01         926613         877504         747423
5.669949e+01    -2.517403e-02 -2.819610e-02  5.958498e-01         926518         877391         747218
5.679930e+01    -3.185231e-02 -8.458926e-03  5.884259e-01         926479         877203         747085
5.689912e+01    -2.379289e-02 -9.043174e-03  5.580082e-01         926398         877026         746888
5.699894e+01    -2.600377e-02 -1.490297e-02  5.676362e-01         926401         876878         746802
5.709875e+01    -4.716383e-02 -1.057870e-02  5.675815e-01         926370         876706         746631
5.719857e+01    -6.173124e-02 -3.739363e-03  6.395815e-01         926307         876555         746494
5.729839e+01    -7.588989e-02 -2.988114e-03  6.695238e-01         926197         876489         746423
5.739995e+01    -6.942075e-02 -2.531292e-02  6.388405e-01         926164         876333         746256
5.749977e+01    -6.919997e-02 -2.150897e-02  6.500208e-01         926120         876213         746109
5.759959e+01    -9.827105e-02 -2.340681e-02  6.929326e-01         926057         876128         745924
5.769940e+01    -8.112955e-02 -1.851796e-02  6.792301e-01         926028         876044         745899
5.779922e+01    -8.223028e-02 -5.433322e-02  7.047568e-01         925896         875872         745853
5.789904e+01    -7.408016e-02 -2.228036e-02  7.026817e-01         925756         875773         745787
5.799885e+01    -4.710470e-02 -1.792928e-02  6.998322e-01         925637         875599         745651
5.809867e+01    -3.004628e-02  9.249062e-03  6.863632e-01         925604         875456         745563
5.819849e+01    -3.348501e-02  1.378885e-02  6.977186e-01         925559         875242         745492
5.829831e+01    -2.779443e-02 -4.864021e-03  6.488876e-01         925528         875062         745346
5.839987e+01    -4.883809e-02 -3.061593e-02  6.238445e-01         925520         874977         745146
5.849969e+01    -5.932828e-02 -8.424230e-03  6.443861e-01         925449         874840         744968
5.859951e+01    -5.749884e-02 -9.233924e-05  6.329103e-01         925392         874635         744930
5.869932e+01    -3.352431e-02 -5.878050e-02  5.512357e-01         925324         874494         744804
5.879914e+01    -3.987601e-02 -1.118641e-01  5.941549e-01         925335         874321         744757
5.889896e+01    -5.992482e-02 -1.303629e-01  6.643155e-01         925275         874193         744660
5.899877e+01    -9.656842e-02 -1.350430e-01  6.485543e-01         925222         874053         744560
5.909859e+01    -9.262707e-02 -8.447899e-02  6.584729e-01         925131         873873         744495
5.919841e+01    -7.190485e-02 -2.468774e-02  6.772520e-01         925090         873811         744387
5.929998e+01    -6.921260e-02 -4.148096e-02  6.745648e-01         925080         873627         744245
5.939979e+01    -5.462559e-02 -5.423687e-02  7.328519e-01         925006         873480         744154
5.949961e+01    -6.958937e-02 -6.876336e-02  8.138916e-01         924962         873369         744006
5.959943e+01    -5.227949e-02 -1.133769e-01  7.902873e-01         924880         873234         743851
5.969924e+01    -4.334213e-02 -1.027352e-01  7.073383e-01         924787         873084         743741
5.979906e+01    -5.361371e-02 -5.302289e-02  6.884396e-01         924740         872878         743651
5.989888e+01    -7.653118e-02 -3.528931e-02  7.070235e-01         924689         872687         743547
5.999869e+01    -5.789864e-02 -3.645606e-02  7.105164e-01         924705         872491         743379
6.009851e+01    -1.483352e-02 -7.156599e-02  7.082413e-01         924724         872275         743220
6.019833e+01    -1.518655e-02 -1.046494e-01  7.027552e-01         924563         872122         743028
6.029989e+01    -3.202779e-02 -7.538658e-02  6.796740e-01         924447         871962         742980
6.039971e+01    -3.738834e-02 -6.706146e-02  7.177880e-01         924383         871818         742852
6.049953e+01    -4.646328e-02 -5.915634e-02  6.688048e-01         924321         871655         742792
6.059934e+01    -8.161878e-02 -6.902114e-02  6.396647e-01         924301         871558         742685
6.069916e+01    -9.026211e-02 -3.527576e-02  6.333023e-01         924310         871436         742540
6.079898e+01    -8.830972e-02 -1.613704e-02  6.699954e-01         924287         871321         742398
6.089880e+01    -7.527469e-02  1.071817e-02  6.895582e-01         924203         871197         742446
6.099861e+01    -5.594100e-02  1.552947e-02  7.251306e-01         924178         871032         742394
6.109843e+01    -6.841789e-02 -2.242127e-03  7.092579e-01         924134         870932         742239
6.120000e+01    -6.329353e-02  5.759622e-03  7.176656e-01         924084         870786         742148
6.129981e+01    -7.228764e-02  5.455609e-03  7.261159e-01         924048         870609         742075
6.139963e+01    -7.875461e-02 -1.013105e-02  6.771071e-01         924017         870494         742047
6.149945e+01    -5.251406e-02 -1.873276e-02  6.242624e-01         924006         870363         741929
6.159926e+01    -7.066501e-02 -2.687644e-02  6.155339e-01         923955         870215         741747
6.169908e+01    -6.795937e-02 -1.287152e-02  5.958531e-01         923945         870014         741611
6.179890e+01    -7.076726e-02 -3.563938e-02  6.351226e-01         923878         869842         741524
6.189871e+01    -7.661803e-02 -4.931057e-02  6.569689e-01         923839         869616         741522
6.199853e+01    -8.671795e-02 -7.052303e-02  6.178436e-01         923699         869411         741387
6.209835e+01    -8.383196e-02 -8.019331e-02  6.787598e-01         923671         869297         741386
6.219992e+01    -6.320475e-02 -8.827501e-02  7.086035e-01         923631         869183         741390
6.229973e+01    -6.491517e-02 -3.803686e-02  7.378316e-01         923577         869062         741337
6.239955e+01    -7.040960e-02 -3.579411e-02  7.053442e-01         923528         868935         741345
6.249937e+01    -6.254632e-02 -5.235312e-02  7.147063e-01         923472         868821         741348
6.259918e+01    -7.304288e-02 -8.826959e-02  6.715828e-01         923387         868655         741266
6.269900e+01    -7.003948e-02 -8.160292e-02  6.920365e-01         923406         868503         741204
6.279882e+01    -7.201160e-02 -4.955072e-02  7.390407e-01         923344         868393         741184
6.289863e+01    -1.052897e-01 -1.682801e-02  7.193256e-01         923353         868241         741074
6.299845e+01    -7.759776e-02 -3.745382e-02  6.843916e-01         923341         868170         741065
6.309827e+01    -7.399069e-02 -7.299891e-02  5.815129e-01         923309         868042         740983
6.319984e+01    -4.910331e-02 -5.447755e-02  5.669193e-01         923229         867855         740918
6.329965e+01    -1.829419e-02 -5.542130e-02  5.621193e-01         923212         867772         740949
6.339947e+01     2.751358e-03 -2.597927e-02  6.264029e-01         923068         867542         740948
6.349929e+01    -2.866385e-02 -1.472135e-02  6.761560e-01         923008         867366         740875
6.359910e+01    -1.107148e-02 -2.406065e-02  6.941617e-01         922947         867287         740735
6.369892e+01    -1.105629e-02 -2.886163e-02  6.384820e-01         922871         867123         740606
6.379874e+01    -3.476677e-02 -5.100538e-02  6.552993e-01         922820         866999         740597
6.389855e+01    -4.643627e-02 -5.586995e-02  6.211393e-01         922740         866933         740508
6.399837e+01    -4.874300e-02 -4.338163e-02  6.036992e-01         922726         866751         740473
6.409994e+01    -4.618296e-02 -5.976559e-02  5.936218e-01         922672         866652         740455
6.419976e+01    -4.185492e-02 -7.500472e-02  6.574388e-01         922610         866449         740427
6.429957e+01    -4.330322e-02 -3.999032e-02  6.090490e-01         922600         866248         740327
6.439939e+01    -3.122967e-02 -1.437606e-02  5.961998e-01         922481         866117         740209
6.449921e+01    -1.749556e-02 -1.755361e-02  5.797210e-01         922371         865954         740065
6.459902e+01    -2.545946e-02 -5.472915e-02  6.486035e-01         922304         865838         740028
6.469884e+01    -4.461715e-02 -7.287388e-02  7.207760e-01         922268         865716         739932
6.479866e+01    -3.668854e-02 -8.373739e-02  7.402226e-01         922185         865557         739850
6.489847e+01    -2.649901e-02 -5.768940e-02  6.489687e-01         922108         865408         739754
6.499829e+01    -3.668393e-02 -4.600093e-02  6.340323e-01         922102         865293         739634
6.509986e+01    -5.063175e-02 -4.776902e-02  6.579156e-01         922040         865183         739661
6.519967e+01    -5.816459e-02 -6.585559e-02  7.183215e-01         921992         864997         739608
6.529949e+01    -5.222192e-02 -4.261641e-02  7.044173e-01         921971         864840         739616
6.539931e+01    -4.462687e-02 -8.534660e-03  6.850440e-01         921954         864747         739519
6.549912e+01    -6.425096e-02  2.154473e-02  6.896023e-01         921881         864662         739452
6.559894e+01    -7.816821e-02  5.355157e-02  6.729578e-01         921770         864518         739380
6.569876e+01    -6.962473e-02  5.290593e-02  6.379733e-01         921720         864379         739417
6.579858e+01    -7.327954e-02  3.178240e-02  6.676158e-01         921627         864189         739333
6.589839e+01    -6.193627e-02  8.463190e-03  6.467999e-01         921613         864010         739303
6.599996e+01    -5.987391e-02 -3.157166e-02  6.743600e-01         921516         863903         739198
6.609978e+01    -5.356789e-02 -1.855976e-02  6.484014e-01         921443         863690         739139
6.619959e+01    -5.940757e-02 -2.157611e-02  7.035800e-01         921407         863573         739066
6.629941e+01    -3.901083e-02  4.240161e-03  7.064024e-01         921383         863454         738993
6.639923e+01    -3.908224e-02 -2.151366e-02  7.072382e-01         921380         863285         738853
6.649904e+01    -3.322976e-02 -5.831679e-03  6.870695e-01         921240         863125         738796
6.659886e+01    -2.967998e-02  3.254709e-02  7.021599e-01         921202         862984         738717
6.669868e+01    -2.619465e-02  1.488795e-02  6.806069e-01         921152         862810         738619
6.679849e+01    -2.903319e-02 -4.917537e-03  6.599069e-01         921066         862670         738615
6.689831e+01    -1.953834e-02  4.899530e-03  6.874949e-01         920993         862574         738646
6.699988e+01    -2.591761e-02  1.147420e-02  6.772082e-01         920985         862430         738612
6.709970e+01    -2.979019e-02 -5.174490e-02  6.653578e-01         920950         862327         738651
6.719951e+01    -4.488243e-02 -3.091251e-02  7.051745e-01         920957         862134         738611
6.729933e+01    -5.165158e-02 -3.009606e-03  6.909616e-01         920906         861984         738481
6.739915e+01    -2.723451e-02  9.780142e-03  6.708042e-01         920778         861790         738431
6.749896e+01    -7.261930e-03  1.678903e-03  6.995392e-01         920698         861745         738382
6.759878e+01    -1.253648e-02  1.040267e-02  6.658657e-01         920649         861639         738372
6.769860e+01    -3.846042e-02  5.989971e-02  6.598295e-01         920551         861429         738290
6.779841e+01    -5.244149e-02  3.843608e-02  6.308389e-01         920564         861297         738174
6.789998e+01    -5.156512e-02 -6.757520e-03  6.197374e-01         920490         861179         738179
6.799980e+01    -7.727340e-02  4.448712e-03  6.055346e-01         920460         860974         738194
6.809962e+01    -6.546078e-02  2.498395e-02  5.780476e-01         920392         860866         738048
6.819943e+01    -6.762750e-02  5.886397e-02  5.599077e-01         920341         860733         737994
6.829925e+01    -8.115769e-02  5.910179e-02  5.768542e-01         920274         860597         737933
6.839907e+01    -7.664347e-02  4.570225e-02  5.801656e-01         920264         860420         737862
6.849888e+01    -6.635561e-02  3.093780e-02  6.406918e-01         920196         860254         737814
6.859870e+01    -3.720617e-02  2.933322e-02  7.097236e-01         920121         860189         737830
6.869852e+01    -4.242323e-02 -2.471703e-02  7.099702e-01         920036         860107         737765
6.879833e+01    -7.108835e-02 -9.417777e-03  6.924225e-01         919985         859908         737706
6.889990e+01    -5.762144e-02 -5.315027e-02  6.835434e-01         919883         859789         737554
6.899972e+01    -3.483091e-02 -5.826320e-02  6.503269e-01         919931         859596         737501
6.909954e+01    -2.895307e-02 -4.745989e-02  6.778402e-01         919872         859486         737432
6.919935e+01    -5.006192e-02 -2.413259e-02  6.577291e-01         919869         859425         737286
6.929917e+01    -4.213744e-02 -1.277911e-02  6.773474e-01         919762         859254         737213
6.939899e+01    -3.857223e-02 -1.088699e-03  7.042960e-01         919678         859108         737130
6.949880e+01    -4.306140e-02 -5.050348e-02  6.797276e-01         919545         858880         737035
6.959862e+01    -6.613268e-02 -5.557746e-02  6.836094e-01         919476         858725         736863
6.969844e+01    -7.204177e-02 -8.994870e-02  6.729232e-01         919435         858539         736746
6.979825e+01    -7.897859e-02 -8.731527e-02  6.152314e-01         919390         858390         736608
6.989982e+01    -7.777982e-02 -6.767747e-02  6.110749e-01         919365         858230         736545
6.999964e+01    -6.676403e-02 -5.185345e-02  6.689559e-01         919298         858089         736425
7.009945e+01    -7.747590e-02 -3.650432e-02  6.813828e-01         919238         857934         736314
7.019927e+01    -6.417338e-02  2.176113e-02  7.375082e-01         919187         857800         736264
7.029909e+01    -3.739386e-02  3.687658e-02  6.987505e-01         919131         857605         736125
7.039891e+01    -1.861314e-02  3.589639e-02  6.919896e-01         919068         857464         736087
7.049872e+01    -1.332521e-02  8.424896e-02  6.888073e-01         919027         857394         735946
7.059854e+01     8.446094e-03  6.233957e-02  7.256981e-01         919009         857218         735913
7.069836e+01    -8.495798e-04  8.256825e-02  7.204980e-01         918977         857049         735895
7.079992e+01    -2.165441e-02  6.987132e-02  6.970011e-01         918901         856879         735787
7.089974e+01    -1.974747e-02  6.518482e-02  6.672285e-01         918872         856729         735691
7.099956e+01    -1.314085e-02  2.198038e-02  6.883213e-01         918791         856632         735660
7.109937e+01    -1.754840e-02  5.220714e-03  6.550283e-01         918769         856524         735640
7.119919e+01    -2.697963e-02  2.285175e-02  6.591558e-01         918701         856277         735565
7.129901e+01    -3.269345e-02  1.305067e-02  7.217402e-01         918655         856236         735484
7.139882e+01    -8.465233e-03  1.767566e-03  7.529613e-01         918589         856025         735311
7.149864e+01     5.592222e-03  1.116786e-02  7.165534e-01         918487         855944         735323
7.159846e+01     1.021951e-02  6.731666e-04  6.966962e-01         918461         855762         735303
7.169828e+01     5.951822e-04 -2.436530e-03  7.353163e-01         918373         855609         735307
7.179984e+01    -2.040591e-02  9.903648e-03  7.282298e-01         918311         855452         735231
7.189966e+01    -6.053796e-02  3.282493e-02  6.839595e-01         918227         855360         735108
7.199948e+01    -7.240686e-02  4.775063e-02  6.878757e-01         918259         855253         735151
7.209929e+01    -7.351675e-02  2.805844e-02  6.949674e-01         918183         855142         735044
7.219911e+01    -6.221715e-02 -2.019074e-02  7.079076e-01         918119         855023         734870
7.229893e+01    -5.654722e-02  1.716057e-02  7.090305e-01         918052         854874         734828
7.239874e+01    -4.763038e-02  3.726188e-02  7.148205e-01         918041         854725         734749
7.249856e+01    -4.199881e-02  2.618231e-02  7.063380e-01         917967         854614         734726
7.259838e+01    -4.067677e-02  8.832228e-03  6.935272e-01         917859         854477         734648
7.269995e+01    -3.402810e-02  3.928896e-02  6.924068e-01         917828         854293         734613
7.279976e+01    -3.910642e-02  2.186803e-02  6.938002e-01         917750         854184         734471
7.289958e+01    -5.698813e-02  5.335535e-04  7.035869e-01         917756         854024         734433
7.299940e+01    -8.175876e-02 -5.683364e-03  7.208390e-01         917767         853865         734450
7.309921e+01    -7.096112e-02 -4.091542e-03  7.205399e-01         917727         853699         734496
7.319903e+01    -8.216933e-02 -5.186259e-02  7.207826e-01         917637         853616         734428
7.329885e+01    -7.123019e-02 -2.260991e-02  6.870507e-01         917572         853514         734300
7.339866e+01    -5.697215e-02 -1.098615e-02  6.902915e-01         917505         853447         734253
7.349848e+01    -5.104723e-02  2.028750e-02  7.269033e-01         917442         853279         734183
7.359830e+01    -5.619277e-02  2.589384e-02  7.119876e-01         917376         853069         734182
7.369987e+01    -6.409948e-02 -7.570022e-03  7.169827e-01         917302         852914         734183
7.379968e+01    -7.106645e-02 -3.883865e-02  7.383015e-01         917250         852889         734207
7.389950e+01    -5.973700e-02 -2.158322e-02  7.096707e-01         917202         852742         734157
7.399932e+01    -8.511394e-02 -3.285558e-02  6.518453e-01         917193         852607         734166
7.409913e+01    -1.047082e-01  6.995587e-03  6.656768e-01         917166         852394         734145
7.419895e+01    -1.087353e-01  2.589379e-03  7.080630e-01         917153         852269         734202
7.429877e+01    -1.061086e-01  1.910319e-02  6.630079e-01         917118         852103         734164
7.439858e+01    -1.016694e-01 -3.320132e-03  6.165381e-01         917024         851984         734099
7.449840e+01    -9.341408e-02  1.115271e-02  6.769281e-01         916938         851811         734036
7.459997e+01    -4.391516e-02  7.103784e-04  6.994634e-01         916923         851652         734020
7.469979e+01    -2.731030e-02  4.116682e-03  7.710042e-01         916920         851528         734070
7.479960e+01    -4.148759e-02 -2.281289e-02  7.057775e-01         916894         851431         733925
7.489942e+01    -6.673662e-02 -2.203036e-02  6.881526e-01         916838         851250         733881
7.499924e+01    -7.609870e-02 -5.110668e-02  6.550042e-01         916815         851066         733803
7.509905e+01    -6.623816e-02 -4.627800e-02  6.894932e-01         916684         850962         733778
7.519887e+01    -6.169660e-02  1.753314e-03  6.489038e-01         916650         850810         733773
7.529869e+01    -3.547688e-02  4.368681e-02  6.702221e-01         916624         850714         733711
7.539850e+01    -4.832526e-02  4.067787e-02  7.010301e-01         916544         850613         733695
7.549832e+01    -6.197289e-02  8.014819e-02  6.778006e-01         916469         850503         733694
7.559989e+01    -4.849696e-02  4.155226e-02  6.681831e-01         916388         850284         733714
7.569970e+01    -5.112962e-02  5.390317e-03  6.611965e-01         916327         850124         733765
7.579952e+01    -8.856664e-02 -1.585215e-02  6.317043e-01         916234         849974         733737
7.589934e+01    -8.689491e-02 -3.841058e-02  6.581802e-01         916221         849889         733786
7.599916e+01    -1.091141e-01  6.881039e-03  7.061381e-01         916158         849729         733747
7.609897e+01    -1.034403e-01 -1.491996e-02  7.304629e-01         916082         849536         733836
7.619879e+01    -8.824419e-02  6.663177e-03  7.430535e-01         916053         849431         733866
7.629861e+01    -8.964510e-02  5.745668e-02  7.474303e-01         915991         849293         733902
7.639842e+01    -9.577015e-02  4.363104e-02  7.472277e-01         915948         849155         733865
7.649999e+01    -1.063272e-01  3.069316e-02  7.890800e-01         915876         849000         733939
7.659981e+01    -1.160155e-01  2.162953e-02  7.887242e-01         915930         848892         733873
7.669962e+01    -9.193398e-02  3.747653e-02  7.699175e-01         915798         848750         733831
7.679944e+01    -5.835482e-02  3.834214e-02  7.170139e-01         915750         848677         733782
7.689926e+01    -3.748396e-02  1.081541e-02  6.852724e-01         915651         848561         733765
7.699908e+01    -4.028338e-02  4.260738e-03  6.954087e-01         915619         848418         733772
7.709889e+01    -6.124081e-02  5.775983e-02  6.914260e-01         915532         848310         733753
7.719871e+01    -6.449619e-02  5.931957e-02  6.820240e-01         915495         848177         733790
7.729853e+01    -8.088171e-02  1.478357e-02  7.086534e-01         915432         848020         733679
7.739834e+01    -8.704284e-02 -3.069505e-02  6.711432e-01         915357         847927         733731
7.749991e+01    -5.991333e-02 -5.588885e-02  6.528844e-01         915403         847817         733734
7.759973e+01    -6.968837e-02 -6.195565e-03  6.499375e-01         915354         847663         733732
7.769954e+01    -8.279810e-02 -7.164297e-03  6.706175e-01         915338         847580         733711
7.779936e+01    -6.434325e-02 -4.353688e-03  6.567314e-01         915217         847443         733770
7.789918e+01    -3.982692e-02 -1.448119e-02  6.932200e-01         915140         847239         733742
7.799900e+01    -1.708177e-02 -2.629349e-02  7.204597e-01         915101         847117         733664
7.809881e+01    -1.252256e-04  3.848805e-02  7.166367e-01         915142         846979         733672
7.819863e+01    -1.470255e-02  4.441665e-02  7.316570e-01         915097         846798         733638
7.829845e+01    -4.150108e-02  4.052470e-02  7.153462e-01         915063         846665         733671
7.839826e+01    -3.721808e-02  2.284441e-02  7.204819e-01         915049         846587         733677
7.849983e+01    -6.275091e-02 -1.324365e-02  7.305993e-01         914983         846502         733634
7.859965e+01    -6.319141e-02 -3.273821e-02  7.436455e-01         914925         846331         733643
7.869946e+01    -6.768299e-02 -7.115491e-03  7.377118e-01         914860         846184         733608
7.879928e+01    -7.910790e-02 -3.647310e-02  7.198654e-01         914814         846029         733590
7.889910e+01    -8.501451e-02 -3.319437e-02  7.381742e-01         914836         845870         733614
7.899891e+01    -8.664537e-02 -5.530135e-02  7.401754e-01         914764         845782         733612
7.909873e+01    -8.536139e-02 -3.795330e-03  6.760927e-01         914659         845607         733644
7.919855e+01    -1.016651e-01  1.874113e-02  6.067189e-01         914630         845469         733709
7.929837e+01    -9.148916e-02  2.822956e-02  6.282980e-01         914590         845309         733653
7.939993e+01    -7.918090e-02  2.576046e-02  6.916429e-01         914474         845174         733733
7.949975e+01    -5.833655e-02  1.092945e-02  7.613522e-01         914362         845044         733760
7.959957e+01    -5.301308e-02  1.600412e-02  7.249540e-01         914290         844900         733700
7.969938e+01    -5.454802e-02  3.230549e-02  6.865176e-01         914252         844775         733721
7.979920e+01    -6.563284e-02  1.720763e-02  7.101904e-01         914209         844676         733745
7.989902e+01    -8.566621e-02 -4.854820e-03  7.689176e-01         914155         844457         733726
7.999883e+01    -5.250638e-02  2.688565e-03  7.099246e-01         914043         844336         733695
8.009865e+01    -4.452904e-02  6.369116e-02  7.130148e-01         914017         844197         733715
8.019847e+01    -1.595750e-02  3.804039e-02  6.942967e-01         913979         844102         733617
8.029829e+01    -8.510359e-03  4.977412e-02  6.710589e-01         913925         843957         733586
8.039985e+01    -5.056952e-03 -5.733496e-03  6.111898e-01         913846         843846         733507
8.049967e+01    -4.003665e-02 -4.060477e-02  6.376287e-01         913780         843678         733517
8.059949e+01    -4.161025e-02 -9.905491e-03  6.658893e-01         913752         843540         733483
8.069930e+01    -3.274280e-02 -1.025614e-02  6.339818e-01         913669         843450         733432
8.079912e+01    -1.064531e-02 -2.832784e-02  6.324053e-01         913596         843224         733437
8.089894e+01    -2.607916e-02 -2.135525e-02  5.693801e-01         913563         843086         733430
8.099875e+01    -3.969110e-02  1.597140e-02  6.298779e-01         913490         842970         733383
8.109857e+01    -5.413388e-02 -3.926947e-03  6.929139e-01         913397         842848         733466
8.119839e+01    -4.638506e-02  1.460694e-02  7.478681e-01         913311         842715         733429
8.129996e+01    -2.753335e-02  4.589962e-02  7.454928e-01         913279         842560         733377
8.139977e+01    -2.265931e-02  3.123482e-02  6.971382e-01         913201         842346         733345
8.149959e+01    -2.134953e-02  5.379155e-02  6.993878e-01         913125         842291         733313
8.159941e+01    -1.887343e-02  8.045127e-02  6.880895e-01         913129         842190         733304
8.169922e+01    -3.025751e-02  4.852950e-02  7.043674e-01         913059         842055         733422
8.179904e+01    -3.424883e-02  4.109265e-02  6.428510e-01         913055         841950         733357
8.189886e+01    -9.229159e-03  5.747870e-02  6.076089e-01         912994         841782         733390
8.199867e+01     1.724135e-02  7.056793e-02  6.542172e-01         912918         841652         733448
8.209849e+01     1.332655e-02  2.977870e-02  6.877146e-01         912956         841491         733426
8.219831e+01     1.165016e-02  2.173228e-02  7.027301e-01         912867         841384         733364
8.229988e+01    -4.284717e-03  2.277631e-02  6.879149e-01         912900         841231         733361
8.239969e+01    -9.126520e-03 -4.876161e-03  6.800867e-01         912813         841131         733329
8.249951e+01    -1.504072e-02  4.075019e-02  7.246794e-01         912769         841078         733355
8.259933e+01    -3.328970e-02  2.718307e-02  6.601418e-01         912680         840936         733234
8.269914e+01    -5.577877e-02  9.053117e-02  6.661220e-01         912718         840754         733322
8.279896e+01    -3.699212e-02  9.875790e-02  6.290609e-01         912615         840561         733268
8.289878e+01    -4.263272e-02  6.160394e-02  6.331583e-01         912546         840496         733300
8.299859e+01    -3.834858e-02  7.259836e-02  6.178905e-01         912433         840349         733290
8.309841e+01    -5.108927e-02  5.955463e-02  6.265624e-01         912345         840259         733407
8.319998e+01    -4.894673e-02  1.898077e-02  6.186375e-01         912321         840178         733337
8.329980e+01    -1.457513e-02  5.114805e-03  7.325505e-01         912270         840097         733364
8.339961e+01    -4.535499e-03  2.763829e-02  8.122316e-01         912205         839986         733362
8.349943e+01    -1.269092e-02  1.397077e-02  7.553862e-01         912136         839846         733375
8.359925e+01    -2.756848e-02  2.147985e-02  7.345377e-01         912111         839746         733422
8.369906e+01    -2.866204e-02 -9.054403e-03  7.484141e-01         912080         839648         733417
8.379888e+01    -4.256634e-02 -4.680935e-03  7.065725e-01         912031         839517         733353
8.389870e+01    -6.095356e-02  4.780987e-02  6.437932e-01         912013         839444         733245
8.399851e+01    -5.434456e-02  8.215491e-02  6.320915e-01         911967         839333         733273
8.409833e+01    -4.605180e-02  2.715915e-02  6.449827e-01         911921         839178         733248
8.419990e+01    -4.847527e-02  2.073179e-02  6.950018e-01         911927         838993         733283
8.429972e+01    -3.199661e-02 -7.843226e-05  6.991313e-01         911898         838801         733248
8.439953e+01    -4.418150e-02 -6.944748e-03  6.789706e-01         911844         838649         733229
8.449935e+01    -3.573169e-02 -1.541380e-02  6.676375e-01         911782         838527         733160
8.459917e+01    -4.770178e-02 -1.318281e-02  6.943175e-01         911719         838395         733243
8.469898e+01    -5.255082e-02  2.394042e-02  7.258686e-01         911614         838322         733216
8.479880e+01    -2.907972e-02  3.968398e-02  6.897422e-01         911567         838185         733178
8.489862e+01    -1.932378e-02  4.841403e-02  7.193465e-01         911515         838114         733114
8.499843e+01    -3.317603e-03  1.842597e-02  7.304100e-01         911417         838009         733080
8.509825e+01    -2.212680e-03  5.877927e-02  7.402373e-01         911383         837822         733070
8.519982e+01    -1.503989e-02  3.122275e-02  7.391578e-01         911356         837712         732976
8.529964e+01    -1.366549e-02  1.087247e-02  7.018155e-01         911222         837679         732952
8.539945e+01     2.787578e-03  1.578263e-02  6.578184e-01         911185         837542         733022
8.549927e+01     7.619607e-03  2.662391e-02  6.496441e-01         911120         837425         733011
8.559909e+01    -5.664867e-03  2.264598e-02  6.163982e-01         911136         837272         733035
8.569890e+01    -1.391852e-02  1.682935e-02  6.303516e-01         911099         837140         732981
8.579872e+01    -9.395892e-03  1.285382e-02  6.558933e-01         911018         837011         733014
8.589854e+01    -6.101442e-03  3.377651e-02  6.691667e-01         911009         836831         733041
8.599835e+01     7.840616e-03  7.210819e-02  6.448266e-01         910928         836716         733095
8.609992e+01     1.191626e-02  9.058768e-02  6.688313e-01         910935         836613         733077
8.619974e+01    -1.862531e-02  9.592792e-02  6.456381e-01         910862         836533         733090
8.629956e+01    -2.836813e-02  1.114847e-01  6.519179e-01         910813         836402         733056
8.639937e+01    -3.120195e-02  8.577311e-02  6.481417e-01         910799         836250         733061
8.649919e+01    -3.403492e-02  3.721003e-02  6.676909e-01         910770         836123         733023
8.659901e+01    -5.779893e-02 -2.501311e-04  6.759685e-01         910716         836002         733045
8.669882e+01    -3.512452e-02 -1.895403e-02  6.710499e-01         910693         835918         732994
8.679864e+01    -3.985164e-02 -3.386387e-03  7.075378e-01         910599         835746         733005
8.689846e+01    -5.470050e-02 -1.716772e-02  6.882134e-01         910525         835586         733004
8.699827e+01    -4.442287e-02 -7.707158e-03  7.158993e-01         910447         835411         733023
8.709984e+01    -2.508193e-02  6.868222e-03  7.229467e-01         910419         835299         732983
8.719966e+01    -2.131266e-02  2.928683e-02  6.913042e-01         910363         835117         732951
8.729948e+01    -3.660198e-02  4.189152e-02  6.554224e-01         910355         834952         733011
8.739929e+01    -7.628589e-02  4.273602e-02  7.006704e-01         910309         834796         733005
8.749911e+01    -7.434372e-02  4.642675e-02  6.960056e-01         910264         834662         733061
8.759893e+01    -6.742374e-02 -1.707610e-02  6.701506e-01         910242         834620         733030
8.769874e+01    -4.866866e-02 -1.878387e-02  6.653349e-01         910145         834532         732957
8.779856e+01    -1.182558e-02 -1.037937e-02  7.271135e-01         910104         834479         732997
8.789838e+01     1.504229e-02  1.367338e-02  7.605847e-01         910055         834344         732897
8.799995e+01     7.220212e-03  3.863001e-02  6.877415e-01         909983         834218         732853
8.809976e+01    -6.971890e-03  4.889338e-02  7.026891e-01         909840         834046         732792
8.819958e+01    -2.554915e-02  6.244139e-02  6.463204e-01         909827         833918         732715
8.829940e+01    -3.157384e-02  4.021150e-02  6.635934e-01         909739         833659         732768
8.839921e+01    -1.437934e-02  3.297076e-02  6.271012e-01         909767         833496         732825
8.849903e+01    -6.406224e-03  5.561491e-02  7.025179e-01         909745         833393         732877
8.859885e+01    -2.535338e-02  8.757265e-02  7.364742e-01         909752         833239         732795
8.869866e+01    -7.688928e-02  8.726113e-02  7.669321e-01         909609         833075         732849
8.879848e+01    -6.982304e-02  7.479940e-02  7.282003e-01         909571         832918         732889
8.889830e+01    -3.571739e-02  5.299886e-02  6.849122e-01         909548         832720         732859
8.899987e+01    -1.860545e-02  7.219297e-02  7.227256e-01         909453         832636         732758
8.909968e+01    -2.636690e-02  7.524849e-02  6.973095e-01         909429         832488         732655
8.919950e+01    -4.495718e-02  8.591669e-02  6.634147e-01         909312         832422         732641
8.929932e+01    -3.796528e-02  9.045810e-02  6.604346e-01         909301         832386         732603
8.939913e+01    -2.433189e-02  4.372437e-02  6.663760e-01         909313         832235         732669
8.949895e+01    -3.164680e-02  6.258075e-02  7.162985e-01         909246         832069         732626
8.959877e+01    -3.935487e-02  9.340226e-02  7.256943e-01         909148         831885         732630
8.969858e+01    -4.923261e-02  6.933580e-02  6.615160e-01         909041         831801         732591
8.979840e+01    -2.505434e-02  4.072390e-02  6.477663e-01         909027         831639         732694
8.989997e+01     2.178741e-03  1.202013e-02  6.484857e-01         909001         831510         732627
8.999979e+01    -1.060034e-02  2.309117e-02  6.478520e-01         908939         831320         732625
9.009960e+01    -2.662394e-02 -5.705507e-03  6.662727e-01         908932         831258         732567
9.019942e+01    -1.856296e-02  3.576767e-02  6.953927e-01         908914         831135         732625
9.029924e+01    -3.378500e-02  4.232619e-02  6.959648e-01         908875         830962         732603
9.039905e+01    -4.285070e-02  6.911615e-02  7.028288e-01         908807         830892         732578
9.049887e+01    -6.144846e-03  7.306260e-02  7.164097e-01         908701         830765         732648
9.059869e+01    -2.193081e-02  4.256243e-02  6.670560e-01         908640         830618         732628
9.069850e+01    -2.633814e-02  2.653241e-02  6.709728e-01         908576         830495         732555
9.079832e+01    -4.262309e-02  4.906641e-02  7.286571e-01         908555         830358         732617
9.089989e+01    -5.763601e-02  9.443684e-03  7.060779e-01         908481         830245         732518
9.099971e+01    -6.579806e-02  2.531597e-02  6.957304e-01         908451         830127         732482
9.109952e+01    -7.102734e-02  3.689582e-02  6.806270e-01         908385         830040         732582
9.119934e+01    -6.537114e-02  2.028729e-02  7.068907e-01         908318         829953         732533
9.129916e+01    -6.104063e-02  5.960327e-02  6.946406e-01         908254         829749         732512
9.139897e+01    -5.579732e-02  7.193800e-02  6.994943e-01         908217         829680         732488
9.149879e+01    -5.398093e-02  7.349289e-02  6.982527e-01         908149         829532         732587
9.159861e+01    -8.115401e-02  9.564343e-02  7.321597e-01         908069         829338         732648
9.169842e+01    -7.142371e-02  6.386466e-02  6.968558e-01         908055         829121         732512
9.179999e+01    -9.363020e-02  3.772078e-02  6.942117e-01         908013         829017         732587
9.189981e+01    -8.724990e-02  5.526283e-02  6.698418e-01         908027         828957         732637
9.199963e+01    -7.117047e-02  8.707816e-02  7.186592e-01         907979         828885         732593
9.209944e+01    -3.996357e-02  8.314939e-02  6.348720e-01         907859         828760         732546
9.219926e+01    -1.200096e-02  9.229646e-02  6.700868e-01         907812         828603         732503
9.229908e+01    -1.509264e-02  6.786814e-02  7.258779e-01         907744         828451         732554
9.239889e+01    -6.413549e-03  3.478978e-02  7.183971e-01         907696         828336         732579
9.249871e+01     2.900436e-03  3.296608e-02  6.757821e-01         907592         828168         732525
9.259853e+01     1.475273e-02  3.913710e-02  6.543209e-01         907562         828102         732579
9.269834e+01     7.756936e-04  4.091500e-02  6.475006e-01         907529         827930         732496
9.279991e+01    -1.252707e-02  6.638557e-02  6.639251e-01         907443         827717         732487
9.289973e+01    -1.969739e-02  7.780611e-02  6.898261e-01         907379         827560         732458
9.299955e+01    -6.307372e-02  8.610581e-02  6.808442e-01         907393         827376         732447
9.309936e+01    -5.993528e-02  7.727195e-02  6.413949e-01         907349         827231         732445
9.319918e+01    -3.945423e-02  8.032711e-02  6.817083e-01         907321         827105         732512
9.329900e+01    -6.360055e-02  4.848637e-02  7.319554e-01         907315         826996         732448
9.339881e+01    -7.454735e-02  1.755831e-02  7.804001e-01         907255         826850         732510
9.349863e+01    -7.355370e-02 -1.395839e-02  7.174870e-01         907187         826761         732431
9.359845e+01    -4.558658e-02  2.918998e-02  6.757739e-01         907152         826667         732446
9.369826e+01    -3.707957e-02  6.812361e-02  7.351608e-01         907093         826536         732405
9.379983e+01    -3.979177e-02  6.446332e-02  7.471152e-01         906972         826371         732389
9.389965e+01    -5.904675e-02  7.574984e-02  7.481969e-01         906965         826190         732391
9.399947e+01    -3.247722e-02  3.099592e-02  7.501464e-01         906878         826024         732301
9.409928e+01    -4.954952e-02 -2.176903e-02  7.287161e-01         906858         825897         732342
9.419910e+01    -3.223439e-02  1.458775e-03  7.481615e-01         906800         825824         732236
9.429892e+01    -3.674693e-02  4.034438e-02  7.570440e-01         906719         825655         732295
9.439873e+01    -3.642429e-02  1.999033e-02  7.368081e-01         906634         825463         732345
9.449855e+01    -2.611026e-02  3.489189e-02  6.450154e-01         906593         825330         732166
9.459837e+01    -2.365206e-03  4.354241e-02  7.041884e-01         906529         825148         732242
9.469994e+01    -1.809173e-03  7.626611e-02  7.180658e-01         906517         825018         732302
9.479975e+01    -1.560051e-02  9.728249e-02  6.716435e-01         906474         824896         732315
9.489957e+01    -1.044879e-02  6.824215e-02  6.929984e-01         906477         824709         732328
9.499939e+01    -1.076927e-02  1.154737e-01  6.912882e-01         906488         824666         732287
9.509920e+01    -2.905209e-02  1.151775e-01  6.869986e-01         906401         824423         732153
9.519902e+01    -4.869777e-02  1.008116e-01  6.683249e-01         906342         824317         732085
9.529884e+01    -5.469349e-02  9.791884e-02  6.562272e-01         906301         824190         732061
9.539865e+01    -5.314392e-02  1.002823e-01  6.868627e-01         906251         824076         732108
9.549847e+01    -4.694022e-02  6.721893e-02  6.867444e-01         906160         823951         732048
9.559829e+01    -3.407491e-02  8.488984e-02  6.561022e-01         906148         823860         731991
9.569986e+01    -9.637551e-03  7.683289e-02  6.898525e-01         906087         823761         731957
9.579967e+01    -1.104974e-02  1.306712e-01  7.014018e-01         905998         823582         731900
9.589949e+01     1.488068e-02  1.035291e-01  7.341589e-01         905915         823465         731916
9.599931e+01     2.150310e-02  9.806230e-02  7.645054e-01         905848         823338         731866
9.609912e+01     3.109505e-02  1.010256e-01  7.336026e-01         905829         823227         731897
9.619894e+01     3.189373e-02  7.032178e-02  6.998826e-01         905765         823091         731843
9.629876e+01     3.889943e-02  5.174259e-02  6.833535e-01         905721         822986         731897
9.639857e+01    -1.159469e-02  9.117018e-02  6.673080e-01         905681         822871         731893
9.649839e+01    -3.567083e-02  7.738239e-02  6.298541e-01         905590         822695         731893
9.659996e+01    -4.300843e-02  7.859444e-02  6.655430e-01         905501         822556         731941
9.669978e+01    -3.449079e-02  7.378547e-02  6.929997e-01         905513         822452         731948
9.679959e+01    -4.242628e-02  9.840119e-02  7.128259e-01         905457         822303         732017
9.689941e+01    -5.856363e-02  1.046302e-01  7.114455e-01         905427         822080         731959
9.699923e+01    -3.579331e-02  1.298468e-01  6.527702e-01         905433         821957         731934
9.709904e+01    -1.985129e-02  1.037926e-01  6.813801e-01         905412         821863         731961
9.719886e+01    -3.503359e-02  1.071686e-01  6.828141e-01         905317         821704         731961
9.729868e+01    -3.940588e-02  6.993666e-02  7.013143e-01         905282         821666         731920
9.739850e+01    -2.312073e-02  4.259431e-02  7.371948e-01         905206         821522         731918
9.749831e+01    -6.371214e-03  9.839124e-02  7.012631e-01         905172         821405         731965
9.759988e+01    -1.007776e-02  1.375763e-01  6.760353e-01         905057         821283         732006
9.769970e+01     1.381138e-02  1.227108e-01  6.790379e-01         904945         821127         732009
9.779951e+01     3.219901e-03  1.035548e-01  6.899261e-01         904938         820987         732002
9.789933e+01    -2.253361e-03  7.765843e-02  7.811765e-01         904881         820773         732062
9.799915e+01     8.569995e-03  6.647103e-02  7.316387e-01         904925         820682         732037
9.809896e+01     3.002005e-02  2.165246e-02  7.257533e-01         904846         820555         731959
9.819878e+01     4.206210e-02  4.095517e-03  6.865305e-01         904820         820365         731992
9.829860e+01     3.640642e-02  5.081748e-02  6.606980e-01         904705         820194         732022
9.839842e+01     4.499230e-02  2.632994e-02  7.060141e-01         904673         820082         732100
9.849998e+01     5.646075e-02 -8.467388e-03  6.942290e-01         904617         819976         732128
9.859980e+01     4.631878e-02 -2.508656e-02  6.927756e-01         904521         819792         732139
9.869962e+01     2.412238e-02  4.473777e-02  6.883692e-01         904490         819686         732080
9.879943e+01     9.635494e-03  7.664508e-02  6.762485e-01         904400         819571         732140
9.889925e+01     2.466080e-03  9.014945e-02  7.024874e-01         904296         819460         732226
9.899907e+01    -1.688607e-03  1.116989e-01  6.896518e-01         904277         819288         732188
9.909889e+01    -1.987877e-02  1.119292e-01  7.295096e-01         904263         819126         732120
9.919870e+01    -2.670099e-02  9.009864e-02  7.179776e-01         904236         818974         732096
9.929852e+01    -3.434215e-02  7.789249e-02  7.282416e-01         904160         818911         732104
9.939834e+01    -5.302521e-02  6.395116e-02  7.111661e-01         904068         818769         732133
9.949990e+01    -7.076546e-02  7.718125e-02  6.912385e-01         904037         818666         732018
9.959972e+01    -5.662043e-02  1.178859e-01  6.880664e-01         903995         818590         732048
9.969954e+01    -3.148697e-02  1.608466e-01  7.085963e-01         903970         818393         732040
9.979935e+01     2.433179e-04  1.357059e-01  7.178147e-01         903907         818296         732010
9.989917e+01     5.470282e-03  1.308192e-01  6.750217e-01         903857         818205         731912
9.999899e+01    -1.361607e-02  8.186507e-02  6.981537e-01         903846         817988         731939
1.000988e+02    -4.085223e-02  8.909616e-02  7.177297e-01         903795         817846         731988
1.001986e+02    -3.416181e-02  1.086552e-01  7.338805e-01         903772         817848         731992
1.002984e+02    -4.705083e-02  7.346476e-02  7.283983e-01         903672         817743         731973
1.003983e+02    -5.819309e-02  5.300025e-02  6.882729e-01         903570         817583         731988
1.004998e+02    -5.330195e-02  1.094540e-01  6.939626e-01         903509         817415         731989
1.005996e+02    -3.793801e-02  1.590304e-01  6.665317e-01         903419         817287         732029
1.006995e+02    -4.441215e-02  1.229685e-01  6.913988e-01         903367         817112         732058
1.007993e+02    -4.439434e-02  1.064561e-01  7.282639e-01         903354         817018         732064
1.008991e+02    -2.930528e-02  6.572435e-02  7.562221e-01         903344         816891         732097
1.009989e+02    -3.440139e-02  3.544054e-02  7.817249e-01         903326         816827         732110
1.010987e+02    -4.590419e-02  5.513813e-02  7.793754e-01         903302         816645         732075
1.011985e+02    -4.793690e-02  4.571041e-02  7.384547e-01         903188         816549         732036
1.012984e+02    -2.842622e-02  9.000775e-02  6.749090e-01         903151         816449         731937
1.013999e+02    -3.381578e-02  2.131549e-02  6.199557e-01         903080         816283         731912
1.014997e+02    -1.505281e-02 -3.096115e-02  6.346692e-01         903048         816160         731946
1.015996e+02    -2.435879e-02 -2.895683e-02  6.571091e-01         903016         816041         731930
1.016994e+02    -1.072260e-02 -1.578137e-02  7.134026e-01         902844         816016         732029
1.017992e+02    -2.968418e-02  5.497735e-02  6.698890e-01         902749         815846         732035
1.018990e+02    -3.528706e-02  3.083465e-02  6.351206e-01         902718         815727         732000
1.019988e+02    -3.807928e-02  6.947287e-02  6.575815e-01         902641         815600         731906
1.020986e+02    -6.931455e-03  3.918102e-02  6.372866e-01         902627         815437         731965
1.021985e+02    -2.475961e-02  5.223593e-02  6.503794e-01         902636         815320         731903
1.022983e+02    -4.702995e-02  1.582930e-02  6.673207e-01         902649         815179         731930
1.023998e+02    -2.276302e-02  3.444813e-02  6.939601e-01         902581         815093         731975
1.024997e+02    -2.034719e-02  5.888794e-02  6.681500e-01         902516         814997         731934
1.025995e+02    -4.098380e-02  8.274672e-02  6.502604e-01         902519         814877         731943
1.026993e+02    -3.965673e-02  3.224989e-02  6.462617e-01         902385         814797         731971
1.027991e+02    -4.255137e-02  6.667137e-02  6.161983e-01         902288         814627         731889
1.028989e+02    -5.735777e-02  6.673211e-02  7.356312e-01         902316         814457         731940
1.029988e+02    -7.500944e-02  6.865189e-02  7.783874e-01         902260         814257         731857
1.030986e+02    -6.351129e-02  8.772654e-02  7.672105e-01         902206         814174         731820
1.031984e+02    -6.622741e-02  5.277373e-02  8.047777e-01         902157         814066         731824
1.033000e+02    -5.961017e-02  6.795624e-02  8.361804e-01         902116         813940         731843
1.033998e+02    -5.826927e-02  1.200463e-01  8.182573e-01         902011         813764         731850
1.034996e+02    -7.440661e-02  1.147798e-01  8.028190e-01         901948         813587         731834
1.035994e+02    -5.518786e-02  1.002033e-01  7.508504e-01         901881         813459         731815
1.036992e+02    -3.123346e-02  1.364475e-01  6.826835e-01         901807         813331         731824
1.037990e+02    -2.577794e-02  1.452203e-01  6.913813e-01         901807         813277         731745
1.038989e+02    -3.298124e-02  1.497616e-01  7.374812e-01         901708         813065         731785
1.039987e+02    -5.873422e-02  1.204687e-01  7.294697e-01         901653         812951         731753
1.040985e+02    -7.995576e-02  1.013158e-01  7.328126e-01         901596         812844         731740
1.041983e+02    -1.015225e-01  9.153622e-02  7.320041e-01         901568         812728         731818
1.042999e+02    -5.536906e-02  7.213308e-02  7.729276e-01         901479         812620         731717
1.043997e+02    -4.377147e-02  6.180940e-02  7.830675e-01         901405         812536         731708
1.044995e+02    -4.116796e-02  3.163468e-02  7.375967e-01         901414         812420         731668
1.045993e+02    -6.363357e-02 -1.316302e-02  7.154225e-01         901372         812321         731587
1.046991e+02    -6.053343e-02  6.073927e-03  6.670088e-01         901356         812255         731590
1.047990e+02    -3.699652e-02  1.823518e-02  6.256219e-01         901266         812036         731622
1.048988e+02    -4.365979e-02 -1.646150e-03  6.381703e-01         901230         811895         731627
1.049986e+02    -2.545122e-02 -1.164204e-02  6.678054e-01         901207         811814         731459
1.050984e+02    -1.011530e-02  9.240984e-03  6.489517e-01         901165         811730         731426
1.052000e+02    -8.324951e-03  3.618947e-02  6.659965e-01         901065         811563         731390
1.052998e+02    -1.692596e-02  6.783786e-02  6.815179e-01         900988         811425         731391
1.053996e+02    -2.623054e-02  8.216967e-02  6.794515e-01         900957         811289         731400
1.054994e+02    -3.789119e-02  4.774292e-02  6.669054e-01         900891         811139         731435
1.055992e+02    -3.066137e-02  3.499899e-02  6.490677e-01         900908         810971         731434
1.056991e+02    -4.768965e-02  5.151547e-02  6.385554e-01         900809         810903         731361
1.057989e+02    -5.404149e-02  1.176125e-02  6.427899e-01         900705         810771         731350
1.058987e+02    -6.587753e-02  4.708397e-02  6.758372e-01         900700         810694         731382
1.059985e+02    -8.086552e-02  4.826909e-02  6.887422e-01         900638         810498         731360
1.060983e+02    -5.341538e-02  2.776381e-02  7.408432e-01         900595         810282         731313
1.061999e+02    -2.035777e-02  3.277094e-02  7.020372e-01         900518         810192         731215
1.062997e+02    -1.719365e-02  1.261520e-02  7.108373e-01         900476         810076         731312
1.063995e+02    -1.672034e-02  4.104198e-02  7.003949e-01         900390         809989         731348
1.064993e+02    -2.233383e-02  8.113922e-02  6.795029e-01         900282         809849         731408
1.065992e+02    -4.799190e-02  1.126312e-01  6.408382e-01         900209         809792         731366
1.066990e+02    -7.241455e-02  1.083683e-01  6.472340e-01         900145         809606         731249
1.067988e+02    -5.509052e-02  1.338316e-01  7.761205e-01         900149         809534         731325
1.068986e+02    -3.381541e-02  9.318080e-02  7.654980e-01         900071         809327         731341
1.069984e+02    -5.429411e-03  5.021865e-02  7.207278e-01         900047         809144         731336
1.070982e+02    -2.327942e-02  1.590047e-02  7.398532e-01         900024         809135         731404
1.071998e+02    -5.323877e-02  1.503166e-02  7.179667e-01         899918         808938         731378
1.072996e+02    -7.371986e-02 -1.167771e-03  7.289388e-01         899845         808787         731294
1.073995e+02    -6.683604e-02 -3.319369e-03  7.184797e-01         899841         808624         731180
1.074993e+02    -4.575236e-02 -2.195135e-02  7.317118e-01         899767         808468         731241
1.075991e+02    -4.205741e-02 -3.346439e-02  7.053981e-01         899768         808365         731142
1.076989e+02    -4.150258e-02  1.901433e-02  6.679218e-01         899682         808192         731079
1.077987e+02    -4.508660e-02  5.359268e-02  7.520304e-01         899658         808027         731072
1.078985e+02    -5.696412e-02  9.109922e-02  7.133888e-01         899618         807925         731164
1.079984e+02    -3.469594e-02  6.357316e-02  7.338898e-01         899545         807859         731066
1.080999e+02    -6.121259e-02  3.972678e-02  7.308018e-01         899490         807769         731144
1.081997e+02    -6.375983e-02  4.338049e-02  7.049621e-01         899512         807654         731134
1.082996e+02    -6.397586e-02  7.425426e-02  6.677111e-01         899420         807509         731096
1.083994e+02    -4.268190e-02  7.637269e-02  7.264337e-01         899347         807394         731115
1.084992e+02    -4.919311e-02  6.978200e-02  7.719764e-01         899295         807261         731090
1.085990e+02    -4.209985e-02  7.001838e-02  7.799779e-01         899267         807133         731090
1.086988e+02    -4.550736e-02  9.724790e-02  7.647220e-01         899159         807002         731121
1.087986e+02    -5.760695e-02  9.245659e-02  7.386196e-01         899107         806846         731122
1.088985e+02    -7.576524e-02  6.480239e-02  6.819344e-01         899091         806784         731189
1.089983e+02    -7.626674e-02  6.153123e-02  7.261942e-01         898994         806720         731225
1.090998e+02    -5.242705e-02  4.951170e-02  6.966887e-01         899003         806594         731192
1.091997e+02    -4.988444e-02  6.069180e-02  7.063065e-01         898898         806463         731246
1.092995e+02    -8.694512e-02  3.050036e-02  6.915379e-01         898810         806337         731299
1.093993e+02    -9.182193e-02  2.132917e-02  7.071637e-01         898807         806241         731295
1.094991e+02    -8.450469e-02  2.481858e-03  6.970599e-01         898769         806118         731293
1.095989e+02    -5.049393e-02 -4.157224e-03  6.467359e-01         898741         806004         731249
1.096987e+02    -3.597033e-02  1.391518e-02  6.963173e-01         898689         805840         731240
1.097986e+02    -2.503438e-02  1.688053e-02  7.046235e-01         898641         805729         731265
1.098984e+02    -1.035229e-02  5.386170e-02  7.326807e-01         898587         805623         731113
1.099999e+02    -4.571339e-03  7.468913e-02  7.957313e-01         898492         805522         730985
1.100998e+02     6.578715e-03  6.741901e-02  7.924757e-01         898474         805381         730927
1.101996e+02     1.058598e-03  9.241420e-02  7.924996e-01         898397         805304         730892
1.102994e+02     1.459828e-02  1.101464e-01  8.040668e-01         898401         805119         730852
1.103992e+02    -1.110970e-02  1.225510e-01  7.856774e-01         898306         804954         730882
1.104990e+02    -4.851817e-02  1.162803e-01  7.877572e-01         898277         804778         730840
1.105988e+02    -5.890527e-02  1.039766e-01  7.448049e-01         898213         804643         730873
1.106987e+02    -4.553115e-02  9.106609e-02  6.970572e-01         898205         804545         730831
1.107985e+02    -5.815208e-02  8.791125e-02  6.833769e-01         898103         804399         730918
1.108983e+02    -8.096478e-02  7.555427e-02  7.427879e-01         898113         804245         730916
1.109999e+02    -8.149501e-02  6.406494e-02  7.380482e-01         898002         804143         730905
1.110997e+02    -8.163581e-02  5.796777e-02  7.031958e-01         897958         804078         730934
1.111995e+02    -6.505162e-02  7.675429e-02  6.958120e-01         897901         803951         731069
1.112993e+02    -6.335700e-02  4.188153e-02  7.395898e-01         897794         803822         731091
1.113991e+02    -6.099162e-02  8.166038e-02  7.406288e-01         897769         803701         731060
1.114990e+02    -7.409335e-02  6.304219e-02  7.361804e-01         897684         803562         731119
1.115988e+02    -9.230828e-02  3.221806e-02  7.223807e-01         897667         803355         731098
1.116986e+02    -9.318575e-02  5.311453e-02  6.981153e-01         897572         803260         730976
1.117984e+02    -7.613507e-02  3.999238e-02  6.589028e-01         897477         803115         731030
1.119000e+02    -6.510148e-02  1.415168e-02  6.445946e-01         897411         802925         731106
1.119998e+02    -7.539752e-02  3.952469e-02  6.658667e-01         897350         802836         731132
1.120996e+02    -8.006330e-02  9.732823e-02  6.999328e-01         897306         802693         731115
1.121994e+02    -8.093865e-02  1.016916e-01  7.178431e-01         897229         802536         731118
1.122992e+02    -1.204173e-01  5.512033e-02  7.560241e-01         897142         802452         731152
1.123991e+02    -1.272539e-01  7.550540e-02  7.733593e-01         897055         802355         731107
1.124989e+02    -8.966221e-02  6.240267e-02  7.062108e-01         896993         802193         731159
1.125987e+02    -3.919495e-02  4.846582e-02  6.831026e-01         896938         802053         731108
1.126985e+02    -5.134184e-03  5.638910e-02  6.949616e-01         896897         801966         731100
1.127983e+02     1.990392e-02  5.379691e-02  7.340017e-01         896860         801847         731100
1.128999e+02     2.543668e-03  8.611853e-02  6.928303e-01         896751         801666         730996
1.129997e+02    -2.461041e-02  6.181515e-02  6.807533e-01         896730         801566         730968
1.130995e+02    -5.069056e-02  6.006755e-02  6.978649e-01         896734         801405         730955
1.131993e+02    -5.629664e-02  4.203011e-02  7.111927e-01         896666         801319         731050
1.132992e+02    -8.586874e-02  4.067168e-02  6.870429e-01         896679         801205         731137
1.133990e+02    -1.054127e-01  1.724922e-02  7.181431e-01         896582         801070         731176
1.134988e+02    -1.023825e-01  5.616538e-03  7.264020e-01         896506         800915         731176
1.135986e+02    -1.089230e-01  2.618995e-02  7.095965e-01         896433         800717         731199
1.136984e+02    -1.444438e-01  4.441023e-02  7.315578e-01         896392         800591         731133
1.138000e+02    -1.519819e-01  5.619134e-02  6.957043e-01         896344         800498         731122
1.138998e+02    -1.279222e-01  6.174085e-02  6.774466e-01         896312         800392         731175
1.139996e+02    -8.956340e-02  8.852349e-02  6.231182e-01         896288         800279         731187
1.140994e+02    -7.793960e-02  1.242904e-01  6.759450e-01         896221         800169         731168
1.141993e+02    -5.887433e-02  7.659811e-02  6.427365e-01         896138         800002         731223
1.142991e+02    -2.449239e-02  8.658797e-02  6.630126e-01         896099         799884         731314
1.143989e+02    -5.611610e-03  6.091835e-02  6.533767e-01         896031         799817         731250
1.144987e+02     7.286401e-03  5.119766e-02  6.721882e-01         895996         799670         731261
1.145985e+02     2.001034e-02  5.096075e-02  7.079100e-01         895942         799520         731253
1.146983e+02    -2.385606e-03  9.293623e-02  7.471026e-01         895894         799458         731271
1.147999e+02    -1.509235e-02  1.190071e-01  7.460616e-01         895824         799414         731253
1.148997e+02    -2.600149e-02  1.084867e-01  6.941087e-01         895792         799213         731291
1.149995e+02    -3.991788e-02  3.277559e-02  6.353154e-01         895758         799024         731352
1.150994e+02    -5.391288e-02  3.673250e-02  6.605087e-01         895686         798897         731427
1.151992e+02    -3.318082e-02  7.364048e-02  6.929733e-01         895602         798740         731345
1.152990e+02    -1.387345e-02  1.184217e-01  7.016360e-01         895526         798669         731346
1.153988e+02    -5.616394e-03  1.219307e-01  6.848005e-01         895434         798574         731500
1.154986e+02     2.032327e-02  6.654111e-02  7.115380e-01         895363         798469         731463
1.155985e+02     2.164318e-02  2.513773e-02  6.886255e-01         895284         798284         731495
1.156983e+02     1.680226e-02  3.536451e-02  6.532481e-01         895174         798179         731560
1.157998e+02     2.322892e-04  4.275253e-02  6.592734e-01         895116         798018         731542
1.158997e+02    -1.584349e-02  4.376551e-02  7.231832e-01         895115         797965         731625
1.159995e+02    -3.939649e-02  6.383576e-02  7.432608e-01         895018         797882         731618
1.160993e+02    -4.945692e-02  1.089747e-01  7.648121e-01         894983         797723         731538
1.161991e+02    -4.520762e-02  8.163678e-02  7.410278e-01         894997         797574         731510
1.162989e+02    -4.139586e-02  3.095321e-02  7.058333e-01         894905         797364         731397
1.163987e+02    -4.813466e-02  2.533959e-02  7.542230e-01         894832         797223         731435
1.164986e+02    -5.471747e-02  1.295654e-02  7.697046e-01         894747         797156         731449
1.165984e+02    -2.632971e-02  2.395323e-02  7.780063e-01         894735         797047         731497
1.166999e+02    -4.047915e-02  4.785517e-02  7.772643e-01         894650         796865         731370
1.167998e+02    -5.320859e-02  5.100572e-02  7.264309e-01         894597         796768         731372
1.168996e+02    -4.457302e-02  3.095516e-02  7.455952e-01         894563         796616         731437
1.169994e+02    -1.302575e-02  2.282459e-02  7.615475e-01         894504         796473         731405
1.170992e+02    -1.479559e-02  3.785949e-02  7.596902e-01         894456         796348         731437
1.171990e+02    -3.947262e-03  2.480936e-02  7.240480e-01         894348         796230         731420
1.172988e+02    -2.910022e-02  2.587722e-02  6.921780e-01         894312         796141         731400
1.173987e+02    -1.230171e-02  5.142434e-02  7.251125e-01         894213         795938         731376
1.174985e+02    -3.414065e-02  8.520348e-02  7.098663e-01         894195         795728         731365
1.175983e+02    -5.687226e-02  1.124519e-01  7.411879e-01         894166         795574         731419
1.176999e+02    -4.497726e-02  1.184847e-01  7.358081e-01         894103         795474         731309
1.177997e+02    -3.629535e-02  1.094474e-01  7.185789e-01         894095         795342         731317
1.178995e+02    -5.370252e-02  1.083414e-01  7.115146e-01         894026         795262         731295
1.179993e+02    -5.865198e-02  1.260354e-01  6.884325e-01         893940         795119         731480
1.180991e+02    -5.246018e-02  1.295538e-01  6.676475e-01         893892         794931         731451
1.181989e+02    -3.059145e-02  9.567414e-02  6.861557e-01         893896         794801         731393
1.182988e+02    -9.083325e-03  7.681447e-02  7.158834e-01         893846         794575         731311
1.183986e+02    -3.944771e-02  1.319657e-01  6.725353e-01         893847         794476         731166
1.184984e+02    -4.158431e-02  1.802022e-01  7.084130e-01         893879         794402         731213
1.186000e+02    -2.869681e-02  1.434172e-01  7.631312e-01         893853         794223         731296
1.186998e+02    -3.372517e-02  9.984721e-02  7.524890e-01         893811         794132         731310
1.187996e+02    -2.754775e-02  8.987125e-02  7.277402e-01         893784         794100         731335
1.188994e+02    -3.073523e-02  9.210335e-02  7.148439e-01         893781         793923         731348
1.189992e+02    -5.222690e-02  8.087082e-02  7.730736e-01         893721         793762         731346
1.190990e+02    -3.319745e-02  4.907596e-02  7.674318e-01         893673         793618         731397
1.191989e+02    -3.234511e-02  3.048812e-02  7.298926e-01         893604         793527         731441
1.192987e+02    -1.117654e-02  5.605802e-03  7.474272e-01         893506         793445         731373
1.193985e+02    -5.093667e-02  2.837526e-02  7.575370e-01         893442         793383         731383
1.194983e+02    -5.114495e-02  3.996205e-02  7.421946e-01         893313         793257         731412
1.195999e+02    -6.522469e-02  1.821806e-02  7.608242e-01         893252         793110         731406
1.196997e+02    -6.294058e-02  3.212605e-02  7.929358e-01         893257         792952         731437
1.197995e+02    -4.268768e-02  3.042488e-02  7.571445e-01         893235         792791         731509
1.198993e+02    -3.830173e-02 -2.097409e-03  7.561805e-01         893176         792562         731466
1.199992e+02    -3.647693e-02  9.621782e-03  7.073254e-01         893098         792444         731426
1.200990e+02    -2.005507e-02  3.736995e-02  7.095316e-01         893054         792269         731462
1.201988e+02    -1.209816e-02  4.774399e-02  6.932522e-01         892969         792194         731444
1.202986e+02    -1.716890e-02  8.451410e-02  7.286108e-01         892995         792114         731400
1.203984e+02    -2.600622e-02  2.000673e-02  7.472951e-01         892893         792008         731411
1.205000e+02    -2.006715e-02  8.267057e-03  7.139615e-01         892920         791875         731427
1.205998e+02    -4.747292e-02 -3.720337e-03  7.495743e-01         892804         791829         731444
1.206996e+02    -4.945506e-02 -1.128317e-02  7.537466e-01         892700         791666         731483
1.207994e+02    -5.495380e-02 -1.253458e-02  7.770994e-01         892686         791579         731558
1.208993e+02    -5.689101e-02 -2.959627e-02  7.543581e-01         892649         791400         731502
1.209991e+02    -7.467625e-02  6.158761e-03  7.410931e-01         892620         791332         731534
1.210989e+02    -3.503240e-02  4.272212e-02  7.479263e-01         892529         791235         731486
1.211987e+02    -1.572100e-02  1.928480e-02  7.557056e-01         892469         791104         731444
1.212985e+02    -1.245805e-02  6.264886e-02  7.349086e-01         892391         790997         731482
1.213983e+02    -3.065920e-03  1.016220e-01  7.035836e-01         892291         790828         731477
1.214999e+02     1.355618e-03  8.269958e-02  6.775118e-01         892269         790670         731551
1.215997e+02    -1.353023e-02  7.999220e-02  7.124326e-01         892226         790555         731556
1.216995e+02    -3.484134e-02  9.605878e-02  6.757703e-01         892205         790493         731520
1.217994e+02    -5.269644e-02  6.251895e-02  6.983242e-01         892202         790385         731513
1.218992e+02    -7.338149e-02 -1.960271e-02  7.297331e-01         892178         790340         731548
1.219990e+02    -5.672215e-02 -5.488443e-03  7.165807e-01         892170         790233         731630
1.220988e+02    -3.080002e-02  3.202541e-02  7.554839e-01         892033         790131         731577
1.221986e+02    -5.488041e-04  7.005048e-02  7.213675e-01         891985         789912         731575
1.222984e+02     3.293437e-03  5.649135e-02  7.655521e-01         891962         789815         731549
1.223983e+02     3.555235e-02  2.385805e-02  6.893584e-01         891878         789641         731450
1.224998e+02     3.863657e-02  2.611954e-02  6.276211e-01         891875         789528         731488
1.225996e+02     3.555226e-02  8.106981e-02  6.259434e-01         891774         789400         731464
1.226995e+02     4.056282e-02  4.235656e-02  6.581060e-01         891733         789208         731404
1.227993e+02     3.382543e-02  6.438614e-02  7.184077e-01         891618         789095         731372
1.228991e+02     6.813986e-03  9.614914e-02  7.467995e-01         891521         788884         731388
1.229989e+02    -2.092461e-02  8.355600e-02  7.340580e-01         891467         788756         731423
1.230987e+02    -2.953460e-02  4.411198e-02  7.273935e-01         891432         788616         731450
1.231986e+02    -3.573054e-02  4.067993e-02  6.985474e-01         891382         788476         731480
1.232984e+02    -2.886912e-02  6.185495e-02  7.153431e-01         891353         788358         731506
1.233999e+02    -6.273454e-02  2.805254e-02  7.020543e-01         891260         788273         731460
1.234998e+02    -7.850419e-02  2.429366e-02  7.072278e-01         891237         788107         731365
1.235996e+02    -9.570440e-02  2.506816e-02  7.112307e-01         891249         788005         731329
1.236994e+02    -1.127669e-01  5.341834e-02  7.274808e-01         891281         787877         731269
1.237992e+02    -8.590534e-02  1.912128e-02  7.263199e-01         891205         787754         731316
1.238990e+02    -8.372789e-02  4.204768e-02  7.337894e-01         891154         787618         731346
1.239988e+02    -1.096154e-01  1.214215e-01  6.732256e-01         891004         787487         731342
1.240987e+02    -1.330223e-01  1.038413e-01  6.547298e-01         890996         787326         731341
1.241985e+02    -1.051853e-01  1.268700e-01  6.692488e-01         890975         787141         731391
1.242983e+02    -7.567360e-02  6.742958e-02  7.047020e-01         890942         787063         731346
1.243999e+02    -3.672191e-02  4.879533e-02  6.720533e-01         890871         786970         731353
1.244997e+02    -1.251327e-02  5.812852e-02  6.428032e-01         890818         786860         731334
1.245995e+02     8.861990e-03  6.203777e-02  6.322189e-01         890809         786697         731393
1.246993e+02     1.991647e-02  4.625084e-02  6.322417e-01         890737         786640         731416
1.247991e+02     6.273357e-03  1.736745e-02  6.729778e-01         890629         786537         731434
1.248989e+02    -7.155373e-03  3.771481e-02  7.141831e-01         890570         786439         731386
1.249988e+02    -2.887883e-02  4.624732e-02  7.207458e-01         890457         786278         731389
1.250986e+02    -2.672839e-02  6.276364e-02  7.370136e-01         890426         786148         731341
1.251984e+02    -1.793533e-02  7.301813e-02  7.708196e-01         890401         786037         731377
1.253000e+02    -1.972620e-02  1.014427e-01  7.324038e-01         890315         785884         731307
1.253998e+02    -3.225220e-02  9.135980e-02  7.512383e-01         890226         785751         731294
1.254996e+02    -4.965594e-02  8.332455e-02  7.148630e-01         890160         785593         731283
1.255994e+02    -5.898216e-02  6.679717e-02  7.313253e-01         890157         785465         731285
1.256992e+02    -5.322278e-02  8.187888e-02  7.681175e-01         890068         785350         731327
1.257990e+02    -4.231336e-02  1.420833e-01  7.917931e-01         890018         785224         731280
1.258989e+02    -3.681256e-02  1.045103e-01  7.990122e-01         889996         785112         731264
1.259987e+02    -2.870531e-02  4.710793e-02  7.800623e-01         889978         784943         731239
1.260985e+02    -2.738923e-02  2.131150e-02  7.777653e-01         889871         784810         731134
1.261983e+02    -1.344002e-02  7.604467e-02  7.980509e-01         889855         784675         731174
1.262999e+02    -6.389752e-03  1.172910e-01  7.204833e-01         889744         784539         731075
1.263997e+02     1.204657e-03  8.024446e-02  6.784257e-01         889647         784394         731005
1.264995e+02    -1.573997e-02  9.472137e-03  6.547067e-01         889621         784296         730881
1.265993e+02    -2.289252e-02 -3.663989e-03  7.159600e-01         889618         784144         730933
1.266991e+02    -3.562336e-02 -1.278749e-03  7.280435e-01         889548         783990         730877
1.267990e+02    -4.275101e-02  3.927993e-02  7.216454e-01         889550         783903         730949
1.268988e+02    -4.713890e-02  2.083597e-02  7.451244e-01         889485         783766         730976
1.269986e+02    -4.781187e-02  5.912783e-02  6.972320e-01         889362         783624         730953
1.270984e+02    -2.151363e-02  8.616416e-02  6.750699e-01         889290         783480         730937
1.272000e+02    -1.137194e-02  9.758782e-02  6.848328e-01         889300         783333         730973
1.272998e+02    -6.303206e-05  9.370417e-02  6.617205e-01         889274         783145         730986
1.273996e+02    -2.111647e-02  8.916732e-02  6.726605e-01         889204         782978         731037
1.274994e+02    -2.634370e-02  9.952902e-02  6.608963e-01         889078         782924         731001
1.275993e+02    -2.259016e-02  1.227538e-01  7.151136e-01         889065         782850         730955
1.276991e+02    -7.309501e-03  1.146711e-01  7.141659e-01         889009         782687         730860
1.277989e+02    -9.332568e-03  1.068635e-01  7.432610e-01         888929         782603         730819
1.278987e+02    -2.566001e-02  7.799658e-02  6.991701e-01         888862         782454         730781
1.279985e+02    -4.095731e-02  8.915954e-02  7.299725e-01         888834         782362         730705
1.280983e+02    -5.048827e-02  5.955602e-02  7.522525e-01         888802         782234         730735
1.281999e+02    -6.429053e-02  5.120308e-02  7.335415e-01         888752         782137         730715
1.282997e+02    -4.679669e-02  4.492788e-02  7.047432e-01         888726         781972         730721
1.283995e+02    -1.356032e-02  2.941889e-02  6.910928e-01         888697         781835         730714
1.284994e+02     1.758000e-02  2.333604e-02  7.168999e-01         888626         781715         730749
1.285992e+02     1.694584e-02  4.983192e-02  7.235814e-01         888556         781591         730803
1.286990e+02     1.212478e-02  5.956836e-02  7.341851e-01         888504         781525         730714
1.287988e+02    -1.763315e-02  4.268629e-02  7.391756e-01         888396         781375         730705
1.288986e+02    -4.409340e-02  7.108526e-02  7.353527e-01         888303         781293         730703
1.289984e+02    -4.598526e-02  7.097298e-02  7.584747e-01         888229         781184         730696
1.290983e+02    -5.537793e-02  6.261440e-02  7.734292e-01         888159         781019         730638
1.291998e+02    -6.506558e-02  9.147994e-02  7.600752e-01         888115         780849         730652
1.292996e+02    -5.487512e-02  1.065599e-01  7.479530e-01         888121         780777         730686
1.293995e+02    -3.045628e-02  1.204871e-01  7.726491e-01         888054         780645         730667
1.294993e+02    -1.644044e-02  1.191160e-01  7.253255e-01         887999         780500         730673
1.295991e+02    -8.608947e-03  8.990894e-02  7.658493e-01         887972         780389         730690
1.296989e+02    -8.248610e-03  1.004241e-01  7.769300e-01         887983         780323         730664
1.297987e+02    -2.049355e-02  7.868468e-02  7.516554e-01         887928         780259         730647
1.298985e+02    -3.145219e-02  8.017553e-02  7.350817e-01         887863         780171         730665
1.299984e+02    -5.107923e-02  6.774543e-02  7.206101e-01         887838         780075         730568
1.300999e+02    -5.727408e-02  4.050741e-02  7.188302e-01         887806         779959         730589
1.301997e+02    -8.031235e-02  5.733072e-02  7.100268e-01         887815         779845         730600
1.302996e+02    -6.122881e-02  7.711759e-02  6.623442e-01         887747         779691         730597
1.303994e+02    -3.229790e-02  1.088191e-01  7.144690e-01         887701         779572         730540
1.304992e+02    -1.229842e-02  8.352264e-02  7.287607e-01         887661         779387         730512
1.305990e+02     1.014507e-02  6.359172e-02  6.877364e-01         887606         779288         730478
1.306988e+02    -7.166663e-03  8.707734e-02  6.868258e-01         887499         779170         730509
1.307987e+02    -1.101391e-02  9.041186e-02  6.576258e-01         887492         779052         730554
1.308985e+02    -2.478784e-02  2.499341e-02  7.235363e-01         887487         778954         730592
1.309983e+02    -3.943626e-02 -4.888250e-03  7.186150e-01         887403         778826         730520
1.310999e+02    -1.682809e-02  1.950348e-02  7.083332e-01         887387         778718         730538
1.311997e+02    -1.318357e-02  4.784521e-02  6.381974e-01         887259         778565         730547
1.312995e+02    -3.675770e-03  9.163016e-02  6.703928e-01         887184         778422         730511
1.313993e+02    -1.348191e-02  1.226130e-01  7.076836e-01         887188         778304         730502
1.314991e+02    -1.489706e-02  6.762869e-02  7.369571e-01         887096         778181         730519
1.315989e+02    -2.442618e-02  3.339205e-02  7.486225e-01         887037         778087         730496
1.316988e+02    -3.633652e-02 -2.189963e-03  7.267743e-01         886982         777918         730482
1.317986e+02    -5.059973e-02 -2.375018e-02  7.670244e-01         886901         777814         730405
1.318984e+02    -2.875743e-02 -1.205856e-02  8.156274e-01         886852         777710         730373
1.320000e+02    -1.670009e-02  4.196756e-02  7.783047e-01         886844         777589         730414
1.320998e+02    -1.916925e-02  4.563837e-02  7.836178e-01         886710         777406         730409
1.321996e+02    -1.883360e-02  7.825097e-02  7.783398e-01         886646         777268         730379
1.322994e+02     4.004458e-03  8.811245e-02  8.024296e-01         886672         777236         730380
1.323992e+02     2.500616e-02  5.028642e-02  7.790284e-01         886623         777098         730381
1.324990e+02     3.781280e-02  5.953283e-02  8.233795e-01         886504         776985         730267
1.325989e+02     2.562970e-02  1.060201e-01  8.208319e-01         886526         776883         730289
1.326987e+02     1.678784e-02  1.327890e-01  8.033613e-01         886487         776787         730243
1.327985e+02     1.092655e-02  1.770152e-01  7.519418e-01         886441         776703         730258
1.328983e+02     9.546321e-03  1.266872e-01  7.605837e-01         886433         776523         730299
1.329999e+02     3.252385e-02  1.054923e-01  7.113884e-01         886371         776404         730299
1.330997e+02     6.536747e-03  1.183892e-01  7.809908e-01         886271         776253         730300
1.331995e+02    -1.995938e-02  1.284576e-01  7.698677e-01         886189         776134         730314
1.332993e+02    -3.975400e-02  1.362848e-01  8.264217e-01         886216         776026         730366
1.333991e+02    -4.154302e-02  1.541449e-01  7.693244e-01         886145         775890         730365
1.334990e+02    -4.754586e-02  1.111886e-01  7.276661e-01         886101         775740         730343
1.335988e+02    -5.424906e-02  1.405924e-01  7.339889e-01         885997         775424         730398
1.336986e+02    -6.139849e-02  1.037357e-01  7.333685e-01         885956         775354         730384
1.337984e+02    -5.280453e-02  1.073123e-01  6.876951e-01         885883         775254         730400
1.339000e+02    -4.169826e-02  9.265009e-02  6.642138e-01         885830         775097         730432
1.339998e+02    -3.552382e-02  9.652540e-02  6.743079e-01         885846         774874         730472
1.340996e+02    -5.480483e-02  8.283265e-02  6.572326e-01         885717         774809         730433
1.341994e+02    -5.198633e-02  3.796088e-02  6.335650e-01         885618         774696         730602
1.342993e+02    -4.027187e-02  1.171835e-02  6.551250e-01         885650         774658         730613
1.343991e+02    -2.203928e-02  4.571121e-03  7.088545e-01         885527         774524         730550
1.344989e+02    -3.756829e-02 -1.084200e-02  6.877764e-01         885536         774451         730417
1.345987e+02    -6.106496e-02  3.271931e-02  6.733957e-01         885550         774292         730384
1.346985e+02    -4.989659e-02  2.763502e-02  6.687980e-01         885543         774180         730351
1.347983e+02    -2.090196e-02 -1.058076e-02  6.861543e-01         885510         774133         730273
1.348999e+02    -1.930014e-02  5.449511e-04  7.219758e-01         885422         773982         730221
1.349997e+02     3.581175e-03  4.988605e-02  7.253416e-01         885354         773838         730239
1.350995e+02     1.552160e-02  5.382257e-02  7.869703e-01         885294         773677         730258
1.351994e+02    -2.646342e-02  4.375456e-02  7.684164e-01         885232         773586         730205
1.352992e+02    -3.278096e-02  4.326060e-02  7.583897e-01         885154         773419         730184
1.353990e+02    -6.266036e-02  2.716387e-02  6.785875e-01         885067         773330         730183
1.354988e+02    -6.346982e-02  1.682051e-02  7.061351e-01         884990         773240         730076
1.355986e+02    -7.900332e-02  6.178962e-02  7.118876e-01         884995         773090         730169
1.356984e+02    -8.835604e-02  3.891829e-02  7.337354e-01         885008         772967         730243
1.357983e+02    -5.284061e-02 -6.568951e-03  7.177063e-01         884931         772845         730188
1.358998e+02    -2.757135e-02 -3.117881e-02  7.408265e-01         884931         772760         730189
1.359996e+02    -1.222113e-02 -6.177567e-02  7.598009e-01         884935         772593         730190
1.360995e+02     7.136142e-03 -4.503854e-02  7.599300e-01         884868         772525         730230
1.361993e+02    -5.658441e-03 -4.147406e-02  7.412115e-01         884859         772371         730210
1.362991e+02    -9.882748e-03 -2.117398e-02  7.033678e-01         884718         772219         730195
1.363989e+02    -3.613089e-02 -1.698402e-02  6.739038e-01         884715         772117         730161
1.364987e+02    -3.607721e-02 -2.189115e-02  7.061811e-01         884647         771930         730271
1.365985e+02    -3.399181e-02 -1.285740e-02  7.702209e-01         884575         771813         730268
1.366984e+02    -2.212638e-02 -1.793653e-02  7.828980e-01         884492         771634         730211
1.367999e+02    -2.219970e-02  2.134425e-02  7.459989e-01         884424         771543         730207
1.368997e+02    -3.088219e-02  1.266485e-02  7.236449e-01         884379         771431         730305
1.369996e+02    -5.774321e-02  4.152528e-02  6.854714e-01         884314         771301         730249
1.370994e+02    -3.693741e-02  1.960246e-02  6.776609e-01         884279         771168         730342
1.371992e+02    -2.333548e-02  2.326847e-02  6.710898e-01         884214         771055         730358
1.372990e+02    -2.801259e-02  7.084115e-02  7.106249e-01         884129         771000         730328
1.373988e+02    -2.824500e-02  8.277831e-02  7.083970e-01         884050         770841         730336
1.374986e+02    -2.345694e-02  9.270145e-02  6.989332e-01         883969         770724         730337
1.375985e+02    -1.504187e-02  1.291392e-01  7.347746e-01         883835         770559         730286
1.376983e+02    -3.857896e-03  9.440450e-02  7.044685e-01         883772         770403         730205
1.377999e+02    -1.144109e-02  7.484534e-02  6.695316e-01         883756         770239         730238
1.378997e+02     5.031801e-03  8.261608e-03  6.987885e-01         883725         770104         730274
1.379995e+02     1.008849e-02 -7.696598e-03  7.755647e-01         883647         769983         730175
1.380993e+02     6.867219e-03 -3.537003e-02  7.469434e-01         883557         769865         730134
1.381991e+02    -3.092488e-03 -1.294103e-02  7.089879e-01         883506         769743         730114
1.382989e+02    -3.026238e-02  3.130635e-02  7.334430e-01         883516         769674         730100
1.383988e+02    -3.586404e-02  1.120698e-01  6.583563e-01         883468         769534         730148
1.384986e+02    -1.294412e-02  1.383691e-01  6.299999e-01         883375         769390         730096
1.385984e+02    -7.129414e-03  1.386533e-01  6.609576e-01         883373         769267         730124
1.387000e+02    -1.746073e-02  1.397542e-01  7.065117e-01         883329         769148         730081
1.387998e+02    -4.903256e-02  8.484429e-02  6.882084e-01         883174         769024         730126
1.388996e+02    -5.287099e-02  3.945736e-02  7.003842e-01         883108         768818         730176
1.389994e+02    -5.077558e-02  1.733521e-02  7.221701e-01         883020         768744         730123
1.390992e+02    -1.854942e-02  2.636185e-02  7.076593e-01         882961         768655         730001
1.391990e+02    -2.400693e-02  3.507319e-02  7.222699e-01         882875         768497         729989
1.392989e+02     5.008145e-03  7.983752e-02  7.471461e-01         882759         768397         730002
1.393987e+02    -7.334915e-03  6.255267e-02  7.434625e-01         882738         768217         729979
1.394985e+02     6.681953e-03  3.193550e-02  7.501197e-01         882690         768138         730019
1.395983e+02    -1.662113e-02  7.518946e-03  7.889936e-01         882692         768015         729992
1.396999e+02    -5.193806e-02  2.078207e-02  8.007437e-01         882639         767956         730043
1.397997e+02    -7.245699e-02  3.196815e-02  7.608149e-01         882570         767806         730057
1.398995e+02    -4.617589e-02  4.862112e-02  7.368707e-01         882544         767663         730075
1.399993e+02    -3.310676e-02  8.940325e-02  7.545764e-01         882434         767528         730052
1.400991e+02    -4.911896e-03  8.300705e-02  7.175446e-01         882517         767365         730001
1.401990e+02     1.243558e-02  1.185199e-01  7.261160e-01         882429         767187         729956
1.402988e+02     5.707393e-03  1.532428e-01  7.510246e-01         882334         767060         729904
1.403986e+02     7.106014e-03  1.014346e-01  7.308148e-01         882332         766984         729896
1.404984e+02    -2.125384e-02  6.242435e-02  6.825676e-01         882278         766853         729854
1.406000e+02    -3.208831e-02  1.254514e-01  6.591080e-01         882212         766666         729885
1.406998e+02    -3.231715e-02  1.544101e-01  7.162865e-01         882118         766591         729973
1.407996e+02    -4.674353e-02  1.253115e-01  7.706478e-01         882106         766422         730013
1.408994e+02    -3.936115e-02  9.042687e-02  7.893080e-01         882060         766289         730076
1.409992e+02    -3.264474e-02  1.027720e-01  7.627123e-01         881963         766125         730016
1.410991e+02    -3.460453e-02  1.023761e-01  7.427967e-01         881948         765986         730044
1.411989e+02    -3.251893e-02  1.051709e-01  7.112882e-01         881881         765936         730044
1.412987e+02    -6.522801e-02  1.142167e-01  6.819465e-01         881871         765850         730042
1.413985e+02    -8.949825e-02  9.617824e-02  7.233681e-01         881804         765737         730035
1.414983e+02    -9.691438e-02  1.308165e-01  7.460987e-01         881732         765526         729940
1.415999e+02    -1.060700e-01  1.169315e-01  7.512508e-01         881686         765408         729990
1.416997e+02    -5.816549e-02  5.689212e-02  7.916379e-01         881577         765258         729997
1.417995e+02    -1.322386e-02  5.392988e-02  7.806643e-01         881515         765175         729930
1.418994e+02    -2.420805e-02  4.128353e-03  7.500082e-01         881472         765010         729964
1.419992e+02    -3.740631e-02  3.550698e-03  7.490887e-01         881373         764943         729930
1.420990e+02    -5.089677e-02 -2.042292e-02  6.857165e-01         881386         764825         729897
1.421988e+02    -2.825089e-02 -3.699501e-02  7.042092e-01         881338         764738         729866
1.422986e+02     1.073669e-02  2.991288e-04  6.697108e-01         881310         764632         729923
1.423984e+02     5.027410e-02  3.022069e-03  6.562767e-01         881271         764473         729959
1.424983e+02     4.542029e-02  1.092401e-02  6.361542e-01         881163         764304         730004
1.425998e+02     1.004145e-02  3.364130e-02  6.583879e-01         881067         764185         730010
1.426996e+02    -1.188030e-02  1.035522e-01  6.601047e-01         881028         764179         729976
1.427995e+02    -3.516788e-02  1.564935e-01  6.994926e-01         880916         764068         729973
1.428993e+02    -6.302704e-02  1.403230e-01  7.672575e-01         880841         763938         730012
1.429991e+02    -8.380801e-02  1.253032e-01  7.871321e-01         880845         763766         729920
1.430989e+02    -8.228570e-02  1.302713e-01  7.518776e-01         880818         763694         729892
1.431987e+02    -7.021043e-02  1.478180e-01  7.059403e-01         880763         763609         729950
1.432985e+02    -6.427934e-02  1.351390e-01  6.633654e-01         880724         763457         729924
1.433984e+02    -5.900395e-02  1.719164e-01  6.602027e-01         880720         763406         730025
1.434999e+02    -3.728529e-02  1.820202e-01  7.008299e-01         880674         763212         730021
1.435997e+02    -1.215001e-02  2.015319e-01  7.215450e-01         880549         763065         730038
1.436996e+02    -2.137485e-02  1.789897e-01  7.392873e-01         880487         762913         730119
1.437994e+02    -2.220404e-02  8.149529e-02  7.379627e-01         880466         762715         730100
1.438992e+02     2.616497e-03  6.437001e-02  7.114061e-01         880383         762650         730191
1.439990e+02     4.495007e-02  4.888567e-02  6.891218e-01         880345         762476         730109
1.440988e+02     2.542481e-02  6.217985e-02  7.018831e-01         880326         762433         730128
1.441986e+02    -2.013405e-03  9.323579e-02  7.223140e-01         880383         762318         730045
1.442985e+02     6.095888e-03  9.851699e-02  7.199956e-01         880306         762263         730019
1.443983e+02    -1.631516e-02  7.958451e-02  7.307375e-01         880265         762118         730010
1.444999e+02    -4.318863e-02  1.155196e-01  7.373516e-01         880195         762037         729963
1.445997e+02    -4.286945e-02  1.278863e-01  7.552138e-01         880144         761909         730002
1.446995e+02    -2.134752e-02  1.621489e-01  7.473646e-01         880100         761817         730042
1.447993e+02    -2.538700e-02  1.585436e-01  7.250875e-01         880060         761694         730007
1.448991e+02    -1.427045e-02  1.421394e-01  7.080846e-01         879952         761578         729995
1.449989e+02    -2.187162e-02  1.203714e-01  6.533982e-01         879945         761408         729954
1.450988e+02     1.708463e-03  9.927929e-02  6.720599e-01         879798         761316         729949
1.451986e+02     1.959818e-02  1.034930e-01  6.813336e-01         879734         761093         729888
1.452984e+02     3.767229e-02  1.075531e-01  7.134770e-01         879723         760896         730002
1.454000e+02     1.076218e-02  1.244807e-01  7.159406e-01         879646         760779         730145
1.454998e+02    -9.052091e-03  1.290362e-01  6.784964e-01         879639         760717         730123
1.455996e+02    -1.983201e-02  1.583552e-01  6.944289e-01         879640         760618         730192
1.456994e+02    -4.130240e-02  1.058322e-01  7.325992e-01         879594         760542         730191
1.457992e+02    -2.994327e-02  5.974640e-02  7.396253e-01         879565         760503         730201
1.458990e+02    -5.027290e-02  2.656877e-02  7.238465e-01         879495         760435         730174
1.459989e+02    -5.849645e-02  1.057003e-02  7.014318e-01         879444         760327         730150
1.460987e+02    -4.488802e-02 -9.941330e-03  6.860190e-01         879376         760244         730210
1.461985e+02    -5.437559e-02  3.141166e-02  7.329273e-01         879339         760165         730280
1.462983e+02    -5.730408e-02  6.562126e-02  7.117284e-01         879289         760066         730159
1.463999e+02    -7.720464e-02  6.709404e-02  7.406137e-01         879169         759923         730147
1.464997e+02    -5.010898e-02  3.692825e-02  7.379721e-01         879110         759791         730125
1.465995e+02    -3.798308e-02  4.818793e-02  7.636466e-01         879069         759627         730215
1.466993e+02    -3.483961e-02  5.790999e-02  7.726952e-01         878945         759477         730346
1.467991e+02    -4.893201e-02  8.034714e-02  8.163510e-01         878909         759366         730267
1.468990e+02    -7.464756e-02  8.711442e-02  7.881612e-01         878837         759222         730253
1.469988e+02    -7.882030e-02  5.880641e-02  7.955766e-01         878758         759126         730159
1.470986e+02    -5.093018e-02  5.555181e-02  8.221595e-01         878735         759096         730209
1.471984e+02    -5.772890e-02  2.109429e-02  7.745520e-01         878732         758961         730181
1.473000e+02    -4.804526e-02 -2.795265e-03  7.728638e-01         878683         758847         730171
1.473998e+02    -2.084555e-02  4.141705e-02  7.649312e-01         878610         758747         730159
1.474996e+02     6.161079e-03  1.008503e-02  7.611588e-01         878525         758621         730201
1.475994e+02     6.561189e-04 -1.177967e-03  7.734986e-01         878458         758463         730253
1.476992e+02    -2.143120e-02  9.010028e-03  7.577207e-01         878417         758295         730251
1.477991e+02    -2.582133e-02  3.379620e-02  7.630040e-01         878353         758236         730195
1.478989e+02    -1.016488e-02  6.562378e-02  7.205767e-01         878303         758134         730260
1.479987e+02    -1.480493e-03  7.775719e-02  7.540928e-01         878280         757985         730200
1.480985e+02     1.212455e-02  6.249114e-02  7.689871e-01         878183         757828         730234
1.481983e+02     2.396320e-02  1.468503e-02  7.085387e-01         878182         757799         730202
1.482999e+02     2.544601e-03  2.626633e-02  7.368778e-01         878153         757729         730244
1.483997e+02    -1.292081e-03  1.706440e-02  7.043988e-01         878131         757614         730283
1.484995e+02     1.753675e-03  9.573525e-03  7.020253e-01         878074         757437         730232
1.485994e+02     1.289000e-02  8.760062e-02  7.672980e-01         878037         757383         730102
1.486992e+02    -1.448184e-02  1.142064e-01  7.906726e-01         877988         757229         730191
1.487990e+02    -3.211362e-02  8.535807e-02  7.543767e-01         877927         757090         730159
1.488988e+02    -2.788434e-02  9.895162e-02  7.593081e-01         877867         756927         730293
1.489986e+02    -4.388117e-02  1.035415e-01  7.190271e-01         877857         756781         730316
1.490984e+02    -1.580370e-02  7.615613e-02  6.988201e-01         877750         756605         730421
1.491983e+02     6.749548e-03  4.943374e-02  6.765536e-01         877733         756520         730492
1.492998e+02     7.339286e-03  5.930727e-02  6.740660e-01         877626         756389         730492
1.493996e+02    -4.666285e-03  6.693889e-02  6.846833e-01         877558         756256         730471
1.494995e+02    -5.371848e-03  2.458924e-02  6.719250e-01         877476         756187         730424
1.495993e+02    -2.195428e-02  7.409725e-03  6.640332e-01         877475         756041         730366
1.496991e+02    -2.192926e-02 -5.688614e-03  6.456236e-01         877433         755964         730248
1.497989e+02    -1.618804e-02  1.354102e-02  6.772872e-01         877326         755890         730205
1.498987e+02    -3.836636e-02  4.117704e-02  6.598682e-01         877295         755784         730153
1.499985e+02    -4.284991e-02  6.281422e-02  6.882777e-01         877266         755700         730125
1.500984e+02    -4.352012e-02  9.495108e-02  7.026902e-01         877190         755605         730142
1.501999e+02    -3.839198e-02  7.302996e-02  7.279283e-01         877080         755520         730144
1.502997e+02    -3.483777e-02  6.060672e-02  7.710504e-01         877056         755451         730102
1.503996e+02    -3.191644e-02  4.689165e-02  7.785605e-01         877056         755302         730083
1.504994e+02    -9.444104e-03  1.903487e-02  7.314088e-01         876885         755173         730165
1.505992e+02    -2.665328e-03  4.115523e-02  7.224810e-01         876819         755036         730104
1.506990e+02    -3.797403e-02  2.449425e-02  6.961569e-01         876696         754963         730144
1.507988e+02    -4.934083e-02  5.433936e-02  6.696031e-01         876645         754934         730088
1.508986e+02    -3.486441e-02  6.126485e-02  6.939009e-01         876659         754777         730081
1.509985e+02    -3.087016e-02  4.030623e-02  7.093809e-01         876548         754607         730045
1.510983e+02     4.593411e-03  2.995621e-02  7.411138e-01         876461         754457         729990
1.511999e+02     6.795060e-03  3.049551e-02  6.883208e-01         876356         754301         729897
1.512997e+02     1.711390e-02  1.379520e-02  7.418197e-01         876318         754195         730005
1.513995e+02     2.353344e-02  1.095372e-02  7.183734e-01         876222         754074         730010
1.514993e+02     1.082020e-02  4.692983e-02  7.315234e-01         876182         754019         729998
1.515991e+02     1.169837e-02  5.360685e-02  6.772527e-01         876151         753920         730000
1.516989e+02     1.594051e-02  5.982533e-02  7.428932e-01         876123         753728         730102
1.517988e+02    -6.508459e-03  5.851968e-02  7.863417e-01         876070         753593         730098
1.518986e+02    -2.338486e-02  7.174235e-02  7.580318e-01         875974         753471         730100
1.519984e+02    -3.586980e-02  9.348884e-02  7.644178e-01         875957         753359         730171
1.521000e+02    -1.128607e-02  1.266816e-01  7.480889e-01         875944         753187         730210
1.521998e+02    -2.097709e-02  1.203411e-01  7.737335e-01         875851         753035         730142
1.522996e+02    -2.562815e-02  7.678685e-02  7.176763e-01         875807         752913         730071
1.523994e+02     4.317673e-03  1.568195e-02  7.059159e-01         875721         752851         730094
1.524992e+02     9.545440e-03  2.809925e-02  7.140344e-01         875715         752714         730099
1.525990e+02     1.985076e-03  7.305259e-02  6.926013e-01         875634         752661         730078
1.526989e+02    -1.031054e-02  1.395857e-01  6.900944e-01         875590         752551         730043
1.527987e+02    -2.961727e-02  1.199808e-01  7.382018e-01         875554         752521         730109
1.528985e+02    -5.361477e-02  1.279592e-01  7.436818e-01         875555         752437         730267
1.529983e+02    -4.880859e-02  1.284986e-01  7.004828e-01         875469         752342         730204
1.530999e+02    -3.883359e-02  1.110597e-01  7.340549e-01         875476         752158         730245
1.531997e+02    -3.748518e-02  7.800781e-02  8.205623e-01         875418         752055         730234
1.532995e+02    -2.128705e-02  7.232281e-02  8.089858e-01         875382         751939         730296
1.533993e+02    -1.776412e-02  6.069302e-02  7.922176e-01         875327         751815         730281
1.534991e+02     7.149674e-03  9.448481e-02  7.429800e-01         875254         751651         730140
1.535990e+02     1.942866e-02  1.277542e-01  7.309063e-01         875116         751557         730090
1.536988e+02     2.054499e-02  1.509393e-01  7.626710e-01         875035         751471         730110
1.537986e+02    -1.697644e-03  1.300595e-01  7.725863e-01         875024         751328         730046
1.538984e+02    -5.325958e-02  1.532173e-01  7.586208e-01         874926         751241         729970
1.540000e+02    -4.981073e-02  1.553380e-01  7.668355e-01         874904         751186         730020
1.540998e+02    -1.771490e-02  1.439381e-01  7.541233e-01         874913         751072         730050
1.541996e+02    -3.398202e-02  1.361031e-01  7.445699e-01         874855         750904         730072
1.542994e+02    -4.642550e-02  5.528315e-02  7.353969e-01         874835         750752         730052
1.543992e+02    -4.796088e-02  6.105478e-02  7.617259e-01         874773         750745         729962
1.544991e+02    -4.075178e-02  8.177648e-02  7.604807e-01         874730         750669         729981
1.545989e+02    -5.450195e-02  1.105041e-01  7.333543e-01         874627         750532         729936
1.546987e+02    -5.122899e-02  8.424357e-02  7.250217e-01         874608         750436         729885
1.547985e+02    -6.067824e-02  1.207441e-01  6.950934e-01         874556         750298         729776
1.548983e+02    -4.395996e-02  1.338442e-01  6.927824e-01         874519         750192         729738
1.549999e+02    -2.441051e-02  1.292877e-01  7.258825e-01         874444         750048         729685
1.550997e+02    -1.699055e-02  7.854403e-02  7.421364e-01         874384         750017         729625
1.551995e+02    -4.318496e-02  6.859376e-02  7.887699e-01         874361         749862         729666
1.552994e+02    -3.971496e-02  8.914303e-02  8.146976e-01         874304         749725         729739
1.553992e+02    -4.081491e-02  8.401541e-02  7.957732e-01         874215         749689         729687
1.554990e+02    -4.652239e-02  7.201718e-02  7.729562e-01         874153         749484         729688
1.555988e+02    -4.021168e-02  2.206434e-02  7.288977e-01         874177         749371         729562
1.556986e+02    -6.294366e-02 -2.646552e-02  7.008486e-01         874098         749281         729676
1.557984e+02    -7.499538e-02  3.850100e-02  7.023867e-01         874122         749228         729747
1.558983e+02    -8.527278e-02  4.655236e-02  7.443085e-01         874083         749094         729863
1.559998e+02    -8.836097e-02  4.098454e-02  7.640922e-01         874034         748906         729854
1.560996e+02    -7.654815e-02  3.115215e-02  7.761937e-01         874053         748827         729804
1.561995e+02    -7.350869e-02  4.862120e-02  7.721499e-01         874067         748752         729836
1.562993e+02    -6.116935e-02  1.422268e-02  7.939101e-01         873977         748674         729850
1.563991e+02    -4.567516e-02  8.159492e-03  7.645199e-01         873979         748560         729860
1.564989e+02    -3.842668e-02 -3.179877e-03  7.425010e-01         873975         748485         729777
1.565987e+02    -4.374115e-02  3.613216e-02  7.367311e-01         873965         748362         729735
1.566985e+02    -4.916118e-02  7.201152e-02  7.538841e-01         873857         748298         729777
1.567984e+02    -4.710534e-02  1.021081e-01  7.212461e-01         873873         748209         729795
1.568999e+02    -9.300325e-02  6.481763e-02  6.873011e-01         873785         748139         729747
1.569997e+02    -1.233038e-01  9.409395e-02  6.646967e-01         873799         748053         729811
1.570996e+02    -9.931897e-02  8.723627e-02  6.866711e-01         873780         748013         729895
1.571994e+02    -5.440483e-02  3.464339e-02  6.949583e-01         873770         747843         729925
1.572992e+02    -4.998914e-02  3.839285e-02  7.021678e-01         873691         747786         729907
1.573990e+02    -5.937578e-02  4.178039e-02  7.236152e-01         873564         747745         729950
1.574988e+02    -5.713609e-02  8.688128e-02  7.176380e-01         873592         747600         729954
1.575986e+02    -1.893248e-02  1.019919e-01  6.669182e-01         873467         747520         730024
1.576985e+02    -1.966567e-02  1.009752e-01  6.411136e-01         873353         747392         730123
1.577983e+02    -3.941332e-02  4.069072e-02  6.838573e-01         873294         747301         730206
1.578999e+02    -5.013442e-02  1.910027e-02  6.865055e-01         873302         747209         730214
1.579997e+02    -6.796964e-02  8.793094e-03  6.567191e-01         873296         747098         730164
1.580995e+02    -6.078238e-02  3.834110e-03  6.437063e-01         873173         747043         730196
1.581993e+02    -6.483685e-02  5.422956e-02  6.849911e-01         873089         746882         730206
1.582991e+02    -6.733067e-02  1.228940e-01  7.615965e-01         873010         746898         730196
1.583989e+02    -3.619205e-02  1.357906e-01  7.677402e-01         872989         746816         730129
1.584988e+02    -4.623026e-02  1.335759e-01  7.835742e-01         872952         746703         730207
1.585986e+02    -4.525653e-02  1.367509e-01  7.498852e-01         872903         746663         730123
1.586984e+02    -6.155400e-02  1.357658e-01  7.148996e-01         872853         746621         730063
1.588000e+02    -7.701377e-02  1.212409e-01  6.779864e-01         872811         746522         730011
1.588998e+02    -6.074801e-02  9.800533e-02  6.802792e-01         872680         746453         729968
1.589996e+02    -5.643644e-02  1.143679e-01  7.066789e-01         872704         746328         729959
1.590994e+02    -3.570483e-02  8.985622e-02  7.021200e-01         872694         746260         729994
1.591992e+02    -3.441869e-02  9.176663e-02  6.928469e-01         872544         746174         730044
1.592990e+02    -3.607707e-02  1.096073e-01  7.216024e-01         872505         746075         729980
1.593989e+02    -4.103680e-02  8.956693e-02  7.273435e-01         872456         746049         729983
1.594987e+02    -5.957721e-02  9.028308e-02  6.659956e-01         872405         745954         729813
1.595985e+02    -9.362037e-02  3.205182e-02  7.027918e-01         872365         745787         729852
1.596983e+02    -8.291251e-02  3.218185e-02  7.352549e-01         872309         745630         729707
1.597999e+02    -5.017400e-02  8.456722e-02  7.708145e-01         872288         745490         729747
1.598997e+02    -8.566192e-02  9.928532e-02  7.580641e-01         872237         745390         729759
1.599995e+02    -7.204292e-02  1.462447e-01  7.352152e-01         872173         745231         729794
1.600993e+02    -7.867901e-02  1.454102e-01  7.242777e-01         872125         745099         729878
1.601991e+02    -9.343765e-02  1.386017e-01  7.245560e-01         872048         745016         729752
1.602990e+02    -9.089720e-02  1.296453e-01  6.781858e-01         872022         744866         729747
1.603988e+02    -7.679266e-02  1.371690e-01  7.231858e-01         872001         744773         729754
1.604986e+02    -7.290804e-02  4.952902e-02  7.389448e-01         871915         744663         729771
1.605984e+02    -8.742282e-02  6.397980e-02  7.667295e-01         871851         744607         729770
1.607000e+02    -1.017297e-01  9.622019e-02  7.731563e-01         871772         744509         729768
1.607998e+02    -8.955730e-02  6.411430e-02  7.394914e-01         871698         744406         729650
1.608996e+02    -9.754990e-02  2.265612e-02  7.086530e-01         871700         744334         729588
1.609994e+02    -9.489955e-02  2.477039e-02  7.383068e-01         871595         744280         729586
1.610993e+02    -9.463536e-02  8.263175e-02  7.693345e-01         871524         744257         729602
1.611991e+02    -8.674360e-02  7.992593e-02  7.724456e-01         871466         744182         729578
1.612989e+02    -7.070443e-02  1.015263e-01  7.875805e-01         871398         744063         729592
1.613987e+02    -5.226531e-02  8.102812e-02  7.540999e-01         871396         743988         729535
1.614985e+02    -3.394379e-02  7.621998e-02  8.092740e-01         871358         743900         729564
1.615983e+02    -3.012105e-02  9.591031e-02  8.623892e-01         871302         743838         729551
1.616999e+02    -9.127812e-03  1.068703e-01  8.087336e-01         871234         743716         729556
1.617997e+02     4.178465e-03  1.065217e-01  7.579427e-01         871087         743598         729539
1.618995e+02    -2.088285e-02  1.205963e-01  7.368335e-01         871068         743514         729489
1.619994e+02    -2.341362e-02  7.653612e-02  7.060304e-01         871063         743415         729466
1.620992e+02    -1.217050e-02  9.256875e-02  6.857199e-01         870917         743366         729441
1.621990e+02     2.498595e-02  8.767860e-02  7.060878e-01         870803         743257         729391
1.622988e+02     3.827245e-02  3.290023e-02  7.396925e-01         870769         743194         729370
1.623986e+02     2.740778e-02  5.496944e-02  7.313265e-01         870757         743115         729337
1.624984e+02     3.180929e-02  4.655233e-02  7.651477e-01         870731         743020         729327
1.625983e+02     2.699270e-02  4.645512e-02  7.368160e-01         870660         742945         729348
1.626998e+02     1.318313e-02  5.660434e-02  7.237452e-01         870614         742869         729363
1.627996e+02    -2.465346e-04  4.501079e-02  6.741296e-01         870542         742765         729364
1.628995e+02    -2.166256e-02  1.327071e-02  6.219579e-01         870517         742711         729371
1.629993e+02    -4.105565e-02  3.721421e-02  6.548671e-01         870515         742619         729308
1.630991e+02    -2.177282e-02  4.726191e-02  6.601548e-01         870465         742567         729303
1.631989e+02    -1.527700e-02  4.451234e-02  7.513978e-01         870362         742504         729379
1.632987e+02    -4.957406e-03  1.431953e-03  7.792316e-01         870315         742454         729341
1.633985e+02     1.264860e-02  6.707609e-04  7.307313e-01         870269         742309         729306
1.634984e+02     1.085876e-02  1.285089e-02  7.644275e-01         870131         742292         729349
1.635999e+02    -6.416399e-03  9.903274e-03  7.337563e-01         870132         742163         729371
1.636997e+02    -3.294874e-03 -3.298788e-02  7.737138e-01         870109         742018         729277
1.637996e+02    -1.088017e-02 -2.761958e-02  7.786900e-01         870055         741845         729248
1.638994e+02    -2.914884e-03 -3.093230e-02  7.449584e-01         870014         741731         729264
1.639992e+02    -1.994189e-02  5.002102e-02  7.384785e-01         869984         741650         729227
1.640990e+02    -2.572305e-02  4.641688e-02  7.182473e-01         869958         741535         729202
1.641988e+02    -1.549952e-02  1.096302e-01  7.229647e-01         869881         741430         729120
1.642987e+02    -1.904026e-02  1.159966e-01  7.379897e-01         869847         741379         729124
1.643985e+02    -2.538643e-02  8.518821e-02  7.578623e-01         869780         741267         729057
1.644983e+02    -3.395773e-03  9.436701e-02  7.584116e-01         869718         741163         729023
1.645999e+02    -5.032773e-02  9.086212e-02  7.536664e-01         869685         741060         728980
1.646997e+02    -5.966469e-02  5.621344e-02  7.407121e-01         869650         740955         728964
1.647995e+02    -3.654233e-02  4.271549e-02  7.104580e-01         869597         740879         729008
1.648993e+02    -4.371283e-02  7.684327e-02  6.975424e-01         869611         740771         728960
1.649991e+02    -4.088517e-02  1.031493e-01  6.797931e-01         869565         740723         728956
1.650989e+02    -5.571003e-02  8.229156e-02  6.742800e-01         869494         740656         729006
1.651988e+02    -6.965978e-02  1.008094e-01  6.362725e-01         869353         740620         728912
1.652986e+02    -4.831793e-02  7.081089e-02  6.439108e-01         869308         740480         728814
1.653984e+02    -2.064043e-02  8.250776e-02  6.944049e-01         869238         740393         728771
1.655000e+02    -6.816000e-03  1.000495e-01  6.429768e-01         869197         740371         728688
1.655998e+02     1.186645e-02  1.245925e-01  6.726254e-01         869136         740298         728692
1.656996e+02     1.276288e-02  1.682430e-01  6.986493e-01         869077         740144         728654
1.657994e+02     6.933080e-03  1.716862e-01  7.122868e-01         869059         740030         728643
1.658992e+02     1.012156e-02  1.779291e-01  7.487764e-01         868999         739960         728596
1.659990e+02    -9.036083e-03  1.504766e-01  7.476832e-01         869022         739932         728610
1.660989e+02    -2.475911e-02  8.354672e-02  7.307022e-01         868962         739879         728717
1.661987e+02    -3.434570e-02  2.408888e-02  7.002030e-01         868959         739767         728727
1.662985e+02    -3.054636e-02  2.932210e-02  6.944599e-01         868927         739627         728750
1.663983e+02    -2.316499e-02  4.314830e-02  7.167104e-01         868936         739507         728754
1.664999e+02    -1.272487e-02  4.156816e-02  7.382827e-01         868915         739481         728700
1.665997e+02    -2.967782e-02  3.796025e-02  7.547797e-01         868820         739374         728779
1.666995e+02    -5.612955e-02  3.216158e-02  7.581254e-01         868702         739282         728723
1.667993e+02    -6.600565e-02  7.428986e-02  8.068833e-01         868653         739248         728568
1.668991e+02    -2.560815e-02  6.489815e-02  8.304382e-01         868601         739174         728544
1.669990e+02    -8.433228e-03  2.236666e-02  8.518673e-01         868547         739060         728548
1.670988e+02    -2.960341e-02  1.456269e-02  8.159450e-01         868491         738973         728608
1.671986e+02    -1.386825e-02  3.558613e-02  7.891650e-01         868461         738913         728668
1.672984e+02    -2.031868e-02  6.110210e-02  7.649746e-01         868413         738836         728744
1.674000e+02    -2.862723e-02  6.703433e-02  7.538097e-01         868350         738770         728720
1.674998e+02    -4.417419e-02  9.416458e-02  7.399374e-01         868272         738778         728732
1.675996e+02    -3.019609e-02  1.339321e-01  7.227336e-01         868170         738717         728684
1.676994e+02    -2.716788e-02  1.181085e-01  7.300846e-01         868123         738681         728518
1.677993e+02    -1.294840e-02  1.289260e-01  7.174900e-01         868070         738619         728533
1.678991e+02    -3.758658e-02  1.424648e-01  6.966116e-01         868030         738524         728527
1.679989e+02    -7.394902e-02  1.346187e-01  6.840412e-01         867989         738405         728521
1.680987e+02    -6.544317e-02  7.860648e-02  7.138677e-01         867899         738406         728463
1.681985e+02    -4.922064e-02  4.651365e-02  7.350295e-01         867804         738329         728546
1.682983e+02    -3.208213e-03  5.039464e-02  7.252897e-01         867793         738276         728497
1.683999e+02    -2.034727e-02  6.401848e-02  6.913518e-01         867735         738140         728485
1.684997e+02    -2.738243e-02  1.655772e-02  6.609699e-01         867676         738025         728481
1.685995e+02    -1.778100e-02  4.943741e-02  7.059536e-01         867668         737855         728500
1.686994e+02    -9.270911e-03  8.364599e-02  7.579339e-01         867666         737852         728525
1.687992e+02    -4.178486e-02  7.517247e-02  7.907443e-01         867595         737814         728507
1.688990e+02    -4.489342e-02  7.369334e-02  8.068449e-01         867582         737763         728493
1.689988e+02    -3.087383e-02  1.144617e-01  7.749825e-01         867548         737651         728499
1.690986e+02    -3.267211e-02  1.333470e-01  7.817766e-01         867478         737551         728462
1.691984e+02    -3.090153e-02  1.340010e-01  7.618842e-01         867358         737415         728366
1.692983e+02    -3.309193e-02  7.344429e-02  7.828033e-01         867277         737281         728384
1.693998e+02    -4.759741e-02  7.966867e-02  7.448441e-01         867291         737258         728300
1.694996e+02    -3.725592e-02  8.633204e-02  7.732530e-01         867281         737197         728325
1.695995e+02    -1.302637e-02  3.357705e-02  7.999111e-01         867222         737097         728355
1.696993e+02    -2.341436e-02  4.651687e-02  7.691828e-01         867187         736930         728380
1.697991e+02    -3.447412e-02  7.466600e-02  7.518803e-01         867186         736922         728372
1.698989e+02    -1.185962e-02  8.422070e-02  7.143588e-01         867125         736824         728398
1.699987e+02    -2.422151e-03  8.672072e-02  7.200372e-01         867024         736747         728423
1.700985e+02    -3.112237e-03  1.176595e-01  7.238199e-01         866983         736623         728432
1.701984e+02    -2.337296e-02  1.171144e-01  7.269283e-01         866946         736533         728424
1.702999e+02    -6.246323e-03  1.521922e-01  7.327796e-01         866811         736374         728379
1.703998e+02     3.759244e-03  1.832336e-01  7.303318e-01         866753         736338         728216
1.704996e+02    -5.139348e-03  1.648194e-01  7.332717e-01         866731         736333         728240
1.705994e+02    -2.183173e-02  1.643824e-01  7.620037e-01         866687         736204         728275
1.706992e+02    -5.277533e-02  1.347966e-01  7.572657e-01         866641         736134         728280
1.707990e+02    -3.932871e-02  1.171626e-01  7.583829e-01         866625         736049         728252
1.708988e+02    -2.728556e-02  8.618129e-02  8.135488e-01         866607         736021         728236
1.709987e+02    -1.512796e-02  1.219514e-01  7.704069e-01         866566         735901         728160
1.710985e+02    -2.918125e-02  1.664692e-01  7.181579e-01         866510         735802         728184
1.711983e+02    -3.357933e-02  1.918466e-01  7.527722e-01         866452         735685         728127
1.712999e+02    -2.900772e-02  1.805352e-01  7.430582e-01         866430         735560         728144
1.713997e+02    -2.854882e-02  1.741368e-01  7.139811e-01         866425         735528         728156
1.714995e+02    -4.003746e-02  1.808810e-01  7.341454e-01         866381         735431         728171
1.715993e+02    -6.979251e-02  1.529951e-01  7.454613e-01         866286         735357         728223
1.716991e+02    -5.830530e-02  1.383246e-01  7.504314e-01         866238         735287         728241
1.717989e+02    -6.155765e-02  1.188024e-01  7.711411e-01         866179         735196         728202
1.718988e+02    -6.295824e-02  1.362043e-01  7.454385e-01         866163         735166         728079
1.719986e+02    -7.266304e-02  1.333025e-01  6.323791e-01         866185         735116         728142
1.720984e+02    -9.838943e-02  1.169107e-01  6.277771e-01         866144         735011         728092
1.722000e+02    -1.086147e-01  1.140543e-01  6.971237e-01         866116         734914         728166
1.722998e+02    -1.027268e-01  1.358323e-01  7.189665e-01         866075         734836         728180
1.723996e+02    -9.657939e-02  1.446418e-01  7.783833e-01         866015         734728         728175
1.724994e+02    -9.080019e-02  1.264363e-01  7.811501e-01         865995         734656         728223
1.725992e+02    -8.632794e-02  1.354847e-01  7.466147e-01         865896         734540         728181
1.726990e+02    -6.582651e-02  1.647063e-01  7.310262e-01         865765         734447         728104
1.727989e+02    -5.983830e-02  2.000747e-01  7.038275e-01         865719         734430         728129
1.728987e+02    -5.995541e-02  2.186179e-01  6.770995e-01         865677         734345         728097
1.729985e+02    -8.030592e-02  1.718907e-01  6.657425e-01         865633         734236         728065
1.730983e+02    -6.945855e-02  1.863508e-01  6.540826e-01         865569         734133         727955
1.731999e+02    -7.298078e-02  2.336699e-01  6.667464e-01         865474         734102         727926
1.732997e+02    -4.774803e-02  2.474909e-01  6.423374e-01         865381         734061         727878
1.733995e+02    -3.798369e-02  2.357722e-01  6.368708e-01         865281         733909         727814
1.734993e+02    -3.758231e-02  2.359848e-01  6.715789e-01         865237         733884         727906
1.735992e+02    -4.241507e-02  1.890466e-01  6.901093e-01         865160         733801         727895
1.736990e+02    -3.844990e-02  1.383221e-01  7.413098e-01         865102         733667         727918
1.737988e+02    -3.556548e-02  8.459186e-02  7.256346e-01         865077         733581         727887
1.738986e+02    -3.473936e-02  8.307226e-02  7.024061e-01         865028         733577         727900
1.739984e+02    -2.335783e-02  7.822054e-02  7.224122e-01         864965         733431         727875
1.741000e+02     1.472904e-03  3.434940e-02  7.373994e-01         864933         733369         727836
1.741998e+02    -2.612017e-02  8.009926e-02  7.353935e-01         864937         733255         727791
1.742996e+02    -3.167930e-02  1.270520e-01  7.081287e-01         864916         733145         727790
1.743994e+02    -1.286184e-02  1.258039e-01  7.257071e-01         864922         733050         727736
1.744993e+02    -2.480457e-02  1.223916e-01  6.864237e-01         864905         733076         727798
1.745991e+02    -3.286914e-02  1.224922e-01  6.360478e-01         864876         733034         727797
1.746989e+02    -5.208289e-02  1.184755e-01  6.554516e-01         864775         733015         727779
1.747987e+02    -3.600769e-02  9.501810e-02  6.676503e-01         864777         732883         727776
1.748985e+02    -4.611307e-03  7.441120e-02  6.698510e-01         864694         732836         727778
1.749983e+02    -1.195695e-03  5.432984e-02  6.771624e-01         864646         732719         727752
1.750999e+02    -7.332714e-03  4.254721e-02  6.810496e-01         864577         732715         727783
1.751997e+02    -3.540952e-02  5.608363e-02  6.767749e-01         864562         732632         727768
1.752995e+02    -3.319674e-02  9.863256e-03  6.264031e-01         864448         732555         727853
1.753994e+02    -2.745405e-02 -1.283083e-02  6.717907e-01         864377         732437         727893
1.754992e+02    -4.751262e-02  3.663163e-02  7.073684e-01         864328         732385         727921
1.755990e+02    -6.701809e-02  7.950709e-02  7.380975e-01         864322         732299         727845
1.756988e+02    -7.114320e-02  7.154983e-02  7.723210e-01         864285         732252         727852
1.757986e+02    -4.005852e-02  1.093094e-01  7.369704e-01         864282         732121         727847
1.758984e+02    -3.747934e-02  8.287748e-02  7.178217e-01         864241         732067         727808
1.759983e+02    -3.512401e-02  1.033414e-01  7.247360e-01         864163         731924         727790
1.760998e+02    -4.212256e-02  1.169029e-01  7.451267e-01         864126         731871         727870
1.761996e+02    -3.925358e-02  1.112876e-01  7.506058e-01         864027         731798         727842
1.762995e+02    -5.689772e-02  1.127567e-01  7.608034e-01         863992         731705         727883
1.763993e+02    -5.992565e-02  1.053138e-01  6.896092e-01         863929         731606         727793
1.764991e+02    -4.210844e-02  1.057412e-01  6.631814e-01         863861         731589         727785
1.765989e+02     2.933896e-03  8.494126e-02  6.702514e-01         863825         731557         727762
1.766987e+02     3.466804e-02  1.106858e-01  6.649793e-01         863800         731449         727799
1.767986e+02     3.803002e-02  1.303647e-01  6.499844e-01         863744         731314         727721
1.768984e+02     4.870202e-02  9.919183e-02  6.292710e-01         863705         731250         727744
1.769999e+02     3.279082e-02  6.268341e-02  6.293114e-01         863655         731151         727750
1.770998e+02     2.313156e-02  1.043132e-01  6.718085e-01         863679         731069         727796
1.771996e+02     3.035792e-03  1.295021e-01  6.987225e-01         863633         730929         727750
1.772994e+02    -4.548180e-02  1.671283e-01  7.255645e-01         863531         730854         727775
1.773992e+02    -7.944204e-02  1.805968e-01  6.956123e-01         863435         730732         727733
1.774990e+02    -7.105996e-02  1.529127e-01  6.765012e-01         863343         730669         727751
1.775988e+02    -5.501805e-02  1.172338e-01  7.001429e-01         863293         730577         727669
1.776987e+02    -3.121702e-02  6.714835e-02  7.249431e-01         863246         730509         727647
1.777985e+02     1.254384e-02  7.382351e-02  7.277186e-01         863238         730397         727659
1.778983e+02     2.716982e-02  1.123678e-01  7.193341e-01         863176         730273         727587
1.779999e+02     6.944306e-03  9.708711e-02  7.053508e-01         863144         730178         727539
1.780997e+02    -4.383746e-03  7.142738e-02  6.698032e-01         863136         730054         727509
1.781995e+02    -2.768174e-03  1.094120e-01  6.970913e-01         863117         729976         727472
1.782993e+02     2.596284e-02  1.264365e-01  7.654523e-01         862984         729906         727583
1.783991e+02     4.604500e-02  1.125643e-01  7.405797e-01         862924         729785         727577
1.784989e+02     7.636293e-02  6.901695e-02  7.394241e-01         862846         729705         727565
1.785988e+02     6.699952e-02  1.129639e-01  7.467359e-01         862750         729632         727679
1.786986e+02     5.060771e-02  1.161829e-01  7.507260e-01         862685         729560         727677
1.787984e+02     2.342009e-02  1.354640e-01  7.915226e-01         862692         729531         727643
1.789000e+02     1.149038e-02  1.212681e-01  7.816477e-01         862611         729434         727598
1.789998e+02    -6.165061e-03  9.738643e-02  7.810422e-01         862593         729374         727665
1.790996e+02    -8.827100e-05  1.361302e-01  7.442714e-01         862566         729318         727546
1.791994e+02     1.436265e-02  1.198259e-01  8.080953e-01         862511         729194         727616
1.792992e+02     2.009821e-02  8.619488e-02  8.072786e-01         862500         729162         727653
1.793990e+02    -2.833062e-03  8.538336e-02  7.825113e-01         862448         729104         727622
1.794989e+02    -1.634120e-02  9.657535e-02  7.755151e-01         862407         729016         727539
1.795987e+02    -2.186767e-02  1.211911e-01  7.254513e-01         862344         728907         727429
1.796985e+02     6.696853e-04  9.369119e-02  6.998339e-01         862326         728807         727446
1.797983e+02    -7.141561e-03  7.466942e-02  6.956717e-01         862279         728740         727490
1.798999e+02    -8.642205e-03  5.601612e-02  7.217042e-01         862227         728723         727374
1.799997e+02     8.093948e-03  7.231692e-02  7.368332e-01         862232         728631         727343
1.800995e+02    -2.047100e-02  2.345358e-02  7.413365e-01         862158         728584         727367
1.801993e+02    -2.993178e-02  3.484051e-02  7.963592e-01         862087         728448         727340
1.802992e+02    -1.924730e-02  5.182652e-02  7.421576e-01         862060         728349         727287
1.803990e+02    -1.180652e-02  6.203437e-02  6.754076e-01         861991         728349         727267
1.804988e+02    -1.472756e-02  7.333929e-02  7.072025e-01         861943         728219         727225
1.805986e+02    -2.334145e-02  1.104623e-01  6.987225e-01         861923         728177         727199
1.806984e+02    -2.678003e-02  1.257392e-01  7.267323e-01         861898         728035         727216
1.808000e+02    -4.541603e-02  1.096286e-01  7.523345e-01         861852         727980         727244
1.808998e+02    -4.859881e-02  5.607317e-02  7.915633e-01         861819         727838         727255
1.809996e+02    -3.036694e-02  7.953377e-02  7.816962e-01         861780         727774         727135
1.810994e+02    -3.782666e-03  1.011451e-01  7.646135e-01         861737         727786         727132
1.811993e+02     4.757109e-02  1.209341e-01  6.708821e-01         861622         727738         727094
1.812991e+02     4.325840e-02  1.660888e-01  6.678176e-01         861595         727630         727049
1.813989e+02     5.269676e-02  1.799004e-01  6.844102e-01         861546         727518         727081
1.814987e+02     6.204082e-02  1.169280e-01  6.638923e-01         861501         727505         726988
1.815985e+02     2.656818e-02  4.777628e-02  6.813879e-01         861444         727467         727019
1.816983e+02     9.336265e-04  5.839345e-02  7.275012e-01         861375         727338         727018
1.817999e+02    -1.807340e-02  7.220478e-02  7.000636e-01         861273         727253         727007
1.818997e+02    -4.139689e-02  8.193126e-02  7.219241e-01         861257         727188         727134
1.819995e+02    -3.163518e-02  3.241808e-02  7.086407e-01         861220         727119         727058
1.820994e+02    -3.501556e-02  3.628723e-02  7.601594e-01         861166         727047         727149
1.821992e+02    -2.483840e-02  7.451287e-02  7.463742e-01         861101         727007         727131
1.822990e+02    -4.741841e-02  6.720682e-02  7.175339e-01         861024         726854         727255
1.823988e+02    -4.238213e-02  4.145344e-02  7.035307e-01         861021         726798         727204
1.824986e+02    -5.616419e-02  5.782989e-02  6.981494e-01         861004         726758         727216
1.825985e+02    -7.150336e-02  8.535460e-02  7.501452e-01         860962         726648         727257
1.826983e+02    -5.007981e-02  6.864851e-02  7.626901e-01         860945         726579         727192
1.827998e+02    -4.509833e-02  9.035327e-02  7.357797e-01         860884         726585         727158
1.828997e+02    -6.989672e-02  3.046722e-02  7.504313e-01         860781         726517         727073
1.829995e+02    -6.378590e-02  4.295693e-02  7.352550e-01         860788         726439         727020
1.830993e+02    -7.941571e-02  1.274234e-01  7.279697e-01         860682         726409         727006
1.831991e+02    -6.255588e-02  8.071532e-02  7.214756e-01         860656         726333         727025
1.832989e+02    -5.467684e-02  6.511729e-02  6.711493e-01         860588         726243         727107
1.833987e+02    -3.520761e-02  5.892350e-02  6.641760e-01         860495         726073         727095
1.834986e+02    -4.760584e-02  9.412013e-02  6.859113e-01         860417         726066         727175
1.835984e+02    -5.057853e-02  1.239287e-01  6.406725e-01         860362         726047         727239
1.836999e+02    -8.271931e-02  6.038667e-02  7.239174e-01         860342         725912         727170
1.837998e+02    -8.317207e-02  8.136179e-02  7.695744e-01         860218         725890         727198
1.838996e+02    -4.750611e-02  7.821195e-02  7.475223e-01         860139         725841         727059
1.839994e+02    -2.245584e-03  9.055578e-02  7.108534e-01         860074         725744         727015
1.840992e+02     1.101328e-02  1.100973e-01  7.154484e-01         860090         725675         727040
1.841990e+02     1.135647e-02  7.434716e-02  7.403621e-01         859994         725599         727093
1.842988e+02     5.649397e-03  7.645590e-02  6.994595e-01         859922         725580         727048
1.843987e+02     1.311671e-03  8.631734e-02  6.853714e-01         859914         725514         727006
1.844985e+02    -9.409240e-03  6.692013e-02  6.930700e-01         859827         725430         727074
1.845983e+02    -2.312425e-02  5.366551e-02  7.096887e-01         859713         725388         727060
1.846999e+02    -8.800423e-03  3.878251e-02  7.330384e-01         859636         725424         727058
1.847997e+02    -1.401827e-02  1.369316e-02  7.026410e-01         859587         725299         726927
1.848995e+02     1.295593e-02  4.008290e-02  7.152902e-01         859565         725201         726958
1.849993e+02     3.481923e-02  9.577155e-02  7.476873e-01         859501         725107         726970
1.850991e+02     2.564360e-02  1.290865e-01  7.707754e-01         859473         724946         726867
1.851989e+02     1.995396e-02  9.665283e-02  7.362461e-01         859421         724847         726800
1.852988e+02    -7.229587e-03  8.939653e-02  7.317762e-01         859374         724801         726773
1.853986e+02    -1.943545e-02  5.730657e-02  6.862747e-01         859281         724784         726702
1.854984e+02    -9.951396e-03  5.031820e-02  6.830831e-01         859238         724716         726740
1.856000e+02    -2.192618e-02  8.698353e-02  6.971089e-01         859170         724597         726676
1.856998e+02    -1.037061e-03  9.767899e-02  7.350262e-01         859108         724555         726745
1.857996e+02     1.546249e-02  8.857901e-02  7.974399e-01         859071         724475         726725
1.858994e+02     1.664755e-02  6.077067e-02  7.889778e-01         858992         724343         726716
1.859992e+02    -7.463990e-03  4.559631e-02  7.607221e-01         858944         724294         726694
1.860991e+02    -2.283701e-02  5.247237e-02  7.276335e-01         858875         724231         726657
1.861989e+02    -4.116854e-02  8.920605e-02  7.594448e-01         858867         724149         726632
1.862987e+02    -6.659767e-02  1.071460e-01  7.529575e-01         858812         724144         726684
1.863985e+02    -6.172533e-02  1.118620e-01  7.235925e-01         858765         724073         726713
1.864983e+02    -6.450004e-02  1.716869e-01  7.833624e-01         858720         723978         726734
1.865999e+02    -5.909082e-02  1.704333e-01  7.121102e-01         858645         723935         726674
1.866997e+02    -3.497126e-02  1.419445e-01  7.081895e-01         858629         723829         726584
1.867995e+02    -2.009646e-02  1.321849e-01  7.157132e-01         858634         723766         726607
1.868993e+02    -5.990504e-03  1.459522e-01  7.706497e-01         858585         723684         726612
1.869992e+02    -1.111873e-02  1.337893e-01  7.348880e-01         858545         723631         726626
1.870990e+02     2.344888e-02  9.252112e-02  7.180319e-01         858528         723565         726592
1.871988e+02     3.619995e-02  1.252860e-01  6.754273e-01         858487         723543         726524
1.872986e+02     2.342491e-02  1.557510e-01  7.002743e-01         858401         723415         726486
1.873984e+02    -6.285055e-03  1.415155e-01  6.910788e-01         858340         723338         726554
1.875000e+02    -1.386462e-03  1.636718e-01  7.579794e-01         858238         723287         726518
1.875998e+02     2.531074e-03  1.728602e-01  7.645270e-01         858218         723187         726449
1.876996e+02     7.191522e-03  1.210362e-01  7.286501e-01         858196         723087         726333
1.877994e+02    -4.578698e-03  1.260146e-01  7.649116e-01         858201         723084         726226
1.878993e+02    -1.464493e-02  9.649168e-02  7.681592e-01         858137         722986         726230
1.879991e+02    -1.810135e-02  8.918582e-02  7.462417e-01         858098         722926         726236
1.880989e+02     1.193052e-02  9.372773e-02  7.853858e-01         857937         722816         726214
1.881987e+02    -3.613672e-03  9.265508e-02  7.814376e-01         857834         722731         726254
1.882985e+02    -3.282673e-03  6.457120e-02  7.512824e-01         857726         722677         726199
1.883984e+02    -2.477060e-02  8.065648e-02  7.157927e-01         857776         722627         726294
1.884999e+02    -3.365371e-02  1.066513e-01  7.639684e-01         857843         722535         726259
1.885997e+02    -5.452182e-02  1.309648e-01  7.763490e-01         857777         722532         726295
1.886996e+02    -4.035384e-02  1.353194e-01  7.705007e-01         857673         722439         726338
1.887994e+02    -2.592558e-02  1.448290e-01  7.810727e-01         857650         722421         726364
1.888992e+02    -3.342716e-02  1.464827e-01  7.439902e-01         857628         722311         726417
1.889990e+02    -6.345636e-02  1.283788e-01  7.468602e-01         857590         722273         726459
1.890988e+02    -4.584026e-02  1.342055e-01  7.543092e-01         857539         722147         726414
1.891986e+02    -4.794585e-02  1.479012e-01  7.318213e-01         857535         722073         726291
1.892985e+02    -5.674390e-02  1.623995e-01  7.430026e-01         857472         721954         726242
1.893983e+02    -6.670415e-02  1.437574e-01  7.393640e-01         857383         721950         726235
1.894998e+02    -5.717933e-02  1.154268e-01  8.143052e-01         857286         721888         726290
1.895997e+02    -4.220170e-02  7.257137e-02  8.430029e-01         857250         721809         726322
1.896995e+02    -3.028544e-02  1.252217e-01  8.279314e-01         857202         721733         726318
1.897993e+02    -8.293531e-03  1.428254e-01  7.881429e-01         857176         721683         726289
1.898991e+02     6.234547e-03  1.152573e-01  7.660742e-01         857147         721614         726283
1.899989e+02     2.552409e-02  7.146376e-02  7.320003e-01         857082         721487         726279
1.900987e+02     1.928970e-02  7.201639e-02  7.619030e-01         857051         721400         726342
1.901986e+02     5.830601e-04  1.160106e-01  7.227566e-01         857017         721283         726360
1.902984e+02     5.493766e-03  1.255655e-01  7.397475e-01         856984         721197         726283
1.903999e+02    -1.386109e-02  1.686323e-01  7.452007e-01         856974         721104         726341
1.904998e+02    -1.868645e-02  1.414189e-01  7.280550e-01         856942         721114         726365
1.905996e+02    -1.084328e-02  1.198217e-01  7.234308e-01         856884         720993         726221
1.906994e+02     3.872950e-03  1.301472e-01  7.420268e-01         856867         720875         726288
1.907992e+02    -5.386881e-03  1.278654e-01  7.348137e-01         856763         720801         726281
1.908990e+02    -1.864160e-03  1.777930e-01  7.266870e-01         856690         720777         726271
1.909988e+02     1.272076e-02  1.926250e-01  7.886260e-01         856637         720720         726297
1.910987e+02    -5.165124e-03  2.269132e-01  8.080827e-01         856563         720671         726254
1.911985e+02    -2.040189e-03  1.851592e-01  8.044807e-01         856474         720598         726191
1.912983e+02    -6.118167e-03  1.498184e-01  7.472796e-01         856399         720579         726137
1.913999e+02     1.552990e-03  1.192782e-01  7.418526e-01         856363         720452         726142
1.914997e+02    -1.399597e-02  1.059015e-01  7.597805e-01         856357         720447         726080
1.915995e+02    -2.016201e-02  1.172888e-01  6.986464e-01         856314         720309         726044
1.916993e+02    -1.348132e-02  1.694617e-01  7.089166e-01         856334         720229         726033
1.917991e+02    -6.173141e-03  1.265643e-01  7.295410e-01         856247         720100         726005
1.918990e+02    -3.092529e-02  1.152985e-01  7.674696e-01         856224         720019         726055
1.919988e+02    -3.668859e-02  1.221617e-01  7.782396e-01         856129         719979         726064
1.920986e+02    -7.044807e-02  1.329181e-01  7.835312e-01         856060         719888         726008
1.921984e+02    -7.942518e-02  1.262440e-01  7.640428e-01         855987         719823         726094
1.923000e+02    -8.611093e-02  1.166824e-01  7.543397e-01         855906         719689         726167
1.923998e+02    -8.422777e-02  1.382695e-01  7.510183e-01         855884         719626         726197
1.924996e+02    -5.659088e-02  1.436733e-01  7.079706e-01         855821         719563         726260
1.925994e+02    -2.327326e-02  1.444836e-01  6.837953e-01         855756         719488         726203
1.926992e+02    -6.053674e-03  1.170027e-01  6.769437e-01         855689         719364         726328
1.927991e+02    -3.062241e-02  1.553019e-01  6.765611e-01         855568         719363         726288
1.928989e+02    -3.905802e-02  1.736397e-01  7.549402e-01         855537         719280         726372
1.929987e+02    -7.722690e-02  1.646983e-01  7.622733e-01         855542         719182         726334
1.930985e+02    -7.475638e-02  1.651885e-01  7.820200e-01         855531         719162         726268
1.931983e+02    -4.345026e-02  1.445970e-01  6.854850e-01         855473         719118         726295
1.932999e+02    -1.716983e-02  1.241467e-01  7.024270e-01         855419         719029         726237
1.933997e+02    -3.087502e-02  9.960990e-02  7.331452e-01         855316         719008         726254
1.934995e+02    -5.834851e-02  1.049540e-01  7.782145e-01         855260         718948         726355
1.935993e+02    -7.373365e-02  8.333522e-02  6.974283e-01         855243         718912         726357
1.936992e+02    -6.392149e-02  9.974085e-02  6.984646e-01         855173         718826         726365
1.937990e+02    -3.025344e-02  1.236791e-01  7.276721e-01         855063         718729         726353
1.938988e+02    -2.494235e-02  1.687281e-01  7.800864e-01         854969         718684         726450
1.939986e+02    -3.806023e-02  1.869115e-01  7.429115e-01         854830         718661         726311
1.940984e+02    -3.239172e-02  1.119178e-01  7.376225e-01         854800         718633         726296
1.941983e+02    -4.843547e-02  8.210650e-02  7.689239e-01         854759         718483         726380
1.942998e+02    -5.734623e-02  9.817358e-02  7.755828e-01         854686         718476         726390
1.943996e+02    -2.856673e-02  1.244101e-01  7.924395e-01         854613         718439         726343
1.944995e+02    -1.890585e-02  1.263220e-01  7.295772e-01         854616         718302         726283
1.945993e+02    -3.376987e-02  1.206967e-01  7.565901e-01         854526         718228         726243
1.946991e+02    -4.855024e-02  1.517090e-01  7.926646e-01         854510         718189         726205
1.947989e+02    -4.876192e-02  1.494172e-01  8.085818e-01         854468         718144         726283
1.948987e+02    -4.971121e-02  1.720115e-01  7.773955e-01         854431         718048         726399
1.949985e+02    -4.558484e-02  1.797441e-01  7.143398e-01         854385         717998         726460
1.950984e+02    -3.171263e-02  1.400294e-01  7.158666e-01         854337         717910         726442
1.951999e+02    -4.983814e-02  1.601926e-01  7.861352e-01         854295         717810         726557
1.952997e+02    -3.543227e-02  1.363052e-01  7.589653e-01         854225         717697         726488
1.953996e+02    -3.519408e-02  1.136327e-01  7.853086e-01         854125         717640         726511
1.954994e+02    -4.523797e-02  1.670213e-01  7.789320e-01         854009         717585         726471
1.955992e+02    -5.559067e-02  1.410895e-01  7.863608e-01         853970         717498         726441
1.956990e+02    -5.919734e-02  1.479847e-01  7.931993e-01         853958         717446         726399
1.957988e+02    -8.939529e-02  2.111632e-01  7.932637e-01         853887         717369         726367
1.958986e+02    -9.549703e-02  2.581016e-01  8.003031e-01         853823         717288         726325
1.959985e+02    -9.539673e-02  2.210766e-01  7.396084e-01         853794         717224         726372
1.960983e+02    -7.775611e-02  1.914577e-01  7.358210e-01         853794         717081         726283
1.961998e+02    -5.711547e-02  1.593470e-01  6.999242e-01         853642         717038         726287
1.962997e+02    -5.377524e-02  1.468869e-01  7.430283e-01         853632         716959         726265
1.963995e+02    -5.785661e-02  1.594477e-01  8.163638e-01         853635         716938         726370
1.964993e+02    -4.393558e-02  1.733437e-01  8.820577e-01         853583         716869         726473
1.965991e+02    -3.527526e-02  2.060783e-01  8.337747e-01         853489         716755         726450
1.966989e+02    -2.855066e-02  1.842920e-01  7.962344e-01         853398         716665         726480
1.967987e+02    -3.062372e-02  1.527120e-01  8.096628e-01         853344         716617         726450
1.968986e+02    -4.410434e-02  1.472628e-01  8.076172e-01         853293         716575         726421
1.969984e+02    -3.707943e-02  1.500297e-01  7.976631e-01         853299         716508         726285
1.971000e+02    -3.794234e-02  1.412414e-01  8.077524e-01         853128         716413         726279
1.971998e+02    -1.853076e-02  1.410066e-01  7.832477e-01         853125         716317         726201
1.972996e+02    -2.021497e-02  1.267366e-01  7.238459e-01         853017         716324         726129
1.973994e+02    -4.466649e-02  1.708445e-01  7.211010e-01         852976         716285         726206
1.974992e+02    -7.016101e-02  1.794961e-01  7.465808e-01         852869         716231         726291
1.975990e+02    -1.015608e-01  1.540298e-01  7.856373e-01         852869         716152         726267
1.976989e+02    -1.058721e-01  1.109139e-01  7.577257e-01         852892         716110         726176
1.977987e+02    -7.411169e-02  6.073855e-02  8.044012e-01         852826         715949         726180
1.978985e+02    -5.702851e-02  6.008951e-02  7.860062e-01         852739         715894         726113
1.979983e+02    -2.079164e-02  1.200371e-01  7.836319e-01         852681         715886         726114
1.980999e+02     1.817605e-04  1.385182e-01  7.603889e-01         852571         715801         726089
1.981997e+02     1.888029e-03  1.272949e-01  7.474211e-01         852514         715761         726069
1.982995e+02    -3.006191e-02  9.695762e-02  7.421937e-01         852473         715635         726073
1.983993e+02    -3.122721e-02  9.273535e-02  7.666234e-01         852501         715535         726078
1.984991e+02    -2.479085e-02  1.184423e-01  8.015095e-01         852398         715476         726167
1.985990e+02    -1.205329e-02  1.208644e-01  7.235550e-01         852371         715417         726120
1.986988e+02    -3.036624e-02  1.088818e-01  7.168504e-01         852276         715322         726071
1.987986e+02    -5.913275e-02  2.821741e-02  7.377761e-01         852225         715343         726146
1.988984e+02    -6.047070e-02  3.761948e-02  7.560551e-01         852144         715275         726150
1.990000e+02    -4.800950e-02  8.901111e-02  7.625978e-01         852179         715224         726207
1.990998e+02    -6.474911e-02  1.212160e-01  7.662837e-01         852119         715156         726235
1.991996e+02    -5.814695e-02  1.476822e-01  7.957155e-01         852066         715141         726237
1.992994e+02    -5.411679e-02  1.423395e-01  7.496594e-01         851970         714972         726222
1.993992e+02    -5.680404e-02  1.324328e-01  7.321312e-01         851928         714985         726282
1.994991e+02    -4.218291e-02  1.013626e-01  6.946829e-01         851875         714969         726303
1.995989e+02    -2.315395e-02  1.171943e-01  6.861364e-01         851819         714877         726265
1.996987e+02    -3.815693e-03  1.388121e-01  7.001245e-01         851825         714819         726282
1.997985e+02     2.916068e-02  1.439658e-01  7.360512e-01         851765         714769         726265
1.998983e+02     2.255562e-02  1.516271e-01  7.318922e-01         851778         714684         726253
1.999999e+02     2.456752e-02  1.806298e-01  7.077624e-01         851645         714634         726218
2.000000e+02     2.466659e-02  1.807632e-01  7.080845e-01         851644         714629         726202
