# Particle id
# Time in code units
# x in code units
# y in code units
# z in code units
# vx in code units
# vy in code units
# vz in code units
#id   t              x              y              z              vx             vy             vz          
0     0.000000e+00   0.000000e+00   0.000000e+00   0.000000e+00   0.000000e+00   0.000000e+00   0.000000e+00
1     0.000000e+00   8.775826e-01   4.794255e-01   0.000000e+00  -3.012365e+00   5.514097e+00   0.000000e+00
0     9.957525e-02   0.000000e+00   0.000000e+00   0.000000e+00   0.000000e+00   0.000000e+00   0.000000e+00
1     9.957525e-02   4.305863e-01   9.025557e-01   0.000000e+00  -5.670898e+00   2.705562e+00   0.000000e+00
0     1.996169e-01   0.000000e+00   0.000000e+00   0.000000e+00   0.000000e+00   0.000000e+00   0.000000e+00
1     1.996169e-01  -1.824112e-01   9.832430e-01   0.000000e+00  -6.177771e+00  -1.145925e+00   0.000000e+00
0     2.996402e-01   0.000000e+00   0.000000e+00   0.000000e+00   0.000000e+00   0.000000e+00   0.000000e+00
1     2.996402e-01  -7.256042e-01   6.881668e-01   0.000000e+00  -4.323735e+00  -4.558723e+00   0.000000e+00
0     3.996579e-01   0.000000e+00   0.000000e+00   0.000000e+00   0.000000e+00   0.000000e+00   0.000000e+00
1     3.996579e-01  -9.915407e-01   1.301768e-01   0.000000e+00  -8.179258e-01  -6.229502e+00   0.000000e+00
0     4.996739e-01   0.000000e+00   0.000000e+00   0.000000e+00   0.000000e+00   0.000000e+00   0.000000e+00
1     4.996739e-01  -8.786677e-01  -4.775386e-01   0.000000e+00   3.000263e+00  -5.520332e+00   0.000000e+00
0     5.996840e-01   0.000000e+00   0.000000e+00   0.000000e+00   0.000000e+00   0.000000e+00   0.000000e+00
1     5.996840e-01  -4.301465e-01  -9.028004e-01   0.000000e+00   5.672205e+00  -2.702359e+00   0.000000e+00
0     6.996836e-01   0.000000e+00   0.000000e+00   0.000000e+00   0.000000e+00   0.000000e+00   0.000000e+00
1     6.996836e-01   1.826273e-01  -9.831967e-01   0.000000e+00   6.177476e+00   1.147722e+00   0.000000e+00
0     7.996709e-01   0.000000e+00   0.000000e+00   0.000000e+00   0.000000e+00   0.000000e+00   0.000000e+00
1     7.996709e-01   7.255887e-01  -6.881114e-01   0.000000e+00   4.323520e+00   4.559355e+00   0.000000e+00
0     8.996473e-01   0.000000e+00   0.000000e+00   0.000000e+00   0.000000e+00   0.000000e+00   0.000000e+00
1     8.996473e-01   9.914407e-01  -1.303101e-01   0.000000e+00   8.186789e-01   6.229921e+00   0.000000e+00
0     9.996164e-01   0.000000e+00   0.000000e+00   0.000000e+00   0.000000e+00   0.000000e+00   0.000000e+00
1     9.996164e-01   8.787454e-01   4.772068e-01   0.000000e+00  -2.998665e+00   5.521845e+00   0.000000e+00
0     1.099575e+00   0.000000e+00   0.000000e+00   0.000000e+00   0.000000e+00   0.000000e+00   0.000000e+00
1     1.099575e+00   4.306136e-01   9.025003e-01   0.000000e+00  -5.670968e+00   2.705974e+00   0.000000e+00
0     1.199503e+00   0.000000e+00   0.000000e+00   0.000000e+00   0.000000e+00   0.000000e+00   0.000000e+00
1     1.199503e+00  -1.816988e-01   9.833413e-01   0.000000e+00  -6.178808e+00  -1.141459e+00   0.000000e+00
0     1.299398e+00   0.000000e+00   0.000000e+00   0.000000e+00   0.000000e+00   0.000000e+00   0.000000e+00
1     1.299398e+00  -7.245625e-01   6.892263e-01   0.000000e+00  -4.330671e+00  -4.552356e+00   0.000000e+00
0     1.399262e+00   0.000000e+00   0.000000e+00   0.000000e+00   0.000000e+00   0.000000e+00   0.000000e+00
1     1.399262e+00  -9.912050e-01   1.325753e-01   0.000000e+00  -8.331011e-01  -6.227601e+00   0.000000e+00
0     1.499100e+00   0.000000e+00   0.000000e+00   0.000000e+00   0.000000e+00   0.000000e+00   0.000000e+00
1     1.499100e+00  -8.803366e-01  -4.744328e-01   0.000000e+00   2.980757e+00  -5.530963e+00   0.000000e+00
0     1.598917e+00   0.000000e+00   0.000000e+00   0.000000e+00   0.000000e+00   0.000000e+00   0.000000e+00
1     1.598917e+00  -4.344064e-01  -9.007525e-01   0.000000e+00   5.659380e+00  -2.729189e+00   0.000000e+00
0     1.698721e+00   0.000000e+00   0.000000e+00   0.000000e+00   0.000000e+00   0.000000e+00   0.000000e+00
1     1.698721e+00   1.767730e-01  -9.842638e-01   0.000000e+00   6.184212e+00   1.110923e+00   0.000000e+00
0     1.798521e+00   0.000000e+00   0.000000e+00   0.000000e+00   0.000000e+00   0.000000e+00   0.000000e+00
1     1.798521e+00   7.206670e-01  -6.932629e-01   0.000000e+00   4.355901e+00   4.528433e+00   0.000000e+00
0     1.898326e+00   0.000000e+00   0.000000e+00   0.000000e+00   0.000000e+00   0.000000e+00   0.000000e+00
1     1.898326e+00   9.903371e-01  -1.384423e-01   0.000000e+00   8.697787e-01   6.222994e+00   0.000000e+00
0     1.999888e+00   0.000000e+00   0.000000e+00   0.000000e+00   0.000000e+00   0.000000e+00   0.000000e+00
1     1.999888e+00   8.778824e-01   4.787905e-01   0.000000e+00  -3.008622e+00   5.516430e+00   0.000000e+00
0     2.099706e+00   0.000000e+00   0.000000e+00   0.000000e+00   0.000000e+00   0.000000e+00   0.000000e+00
1     2.099706e+00   4.297789e-01   9.028968e-01   0.000000e+00  -5.673469e+00   2.700733e+00   0.000000e+00
0     2.199529e+00   0.000000e+00   0.000000e+00   0.000000e+00   0.000000e+00   0.000000e+00   0.000000e+00
1     2.199529e+00  -1.819602e-01   9.832917e-01   0.000000e+00  -6.178508e+00  -1.143105e+00   0.000000e+00
0     2.299353e+00   0.000000e+00   0.000000e+00   0.000000e+00   0.000000e+00   0.000000e+00   0.000000e+00
1     2.299353e+00  -7.244398e-01   6.893535e-01   0.000000e+00  -4.331478e+00  -4.551593e+00   0.000000e+00
0     2.399177e+00   0.000000e+00   0.000000e+00   0.000000e+00   0.000000e+00   0.000000e+00   0.000000e+00
1     2.399177e+00  -9.911465e-01   1.330030e-01   0.000000e+00  -8.357900e-01  -6.227245e+00   0.000000e+00
0     2.498998e+00   0.000000e+00   0.000000e+00   0.000000e+00   0.000000e+00   0.000000e+00   0.000000e+00
1     2.498998e+00  -8.805891e-01  -4.739613e-01   0.000000e+00   2.977800e+00  -5.532560e+00   0.000000e+00
0     2.598816e+00   0.000000e+00   0.000000e+00   0.000000e+00   0.000000e+00   0.000000e+00   0.000000e+00
1     2.598816e+00  -4.348809e-01  -9.005221e-01   0.000000e+00   5.657943e+00  -2.732175e+00   0.000000e+00
0     2.698633e+00   0.000000e+00   0.000000e+00   0.000000e+00   0.000000e+00   0.000000e+00   0.000000e+00
1     2.698633e+00   1.763337e-01  -9.843413e-01   0.000000e+00   6.184711e+00   1.108165e+00   0.000000e+00
0     2.798450e+00   0.000000e+00   0.000000e+00   0.000000e+00   0.000000e+00   0.000000e+00   0.000000e+00
1     2.798450e+00   7.204293e-01  -6.935080e-01   0.000000e+00   4.357449e+00   4.526949e+00   0.000000e+00
0     2.898267e+00   0.000000e+00   0.000000e+00   0.000000e+00   0.000000e+00   0.000000e+00   0.000000e+00
1     2.898267e+00   9.903003e-01  -1.386957e-01   0.000000e+00   8.713725e-01   6.222776e+00   0.000000e+00
0     2.999837e+00   0.000000e+00   0.000000e+00   0.000000e+00   0.000000e+00   0.000000e+00   0.000000e+00
1     2.999837e+00   8.779806e-01   4.786073e-01   0.000000e+00  -3.007478e+00   5.517059e+00   0.000000e+00
0     3.099656e+00   0.000000e+00   0.000000e+00   0.000000e+00   0.000000e+00   0.000000e+00   0.000000e+00
1     3.099656e+00   4.299597e-01   9.028091e-01   0.000000e+00  -5.672931e+00   2.701875e+00   0.000000e+00
0     3.199475e+00   0.000000e+00   0.000000e+00   0.000000e+00   0.000000e+00   0.000000e+00   0.000000e+00
1     3.199475e+00  -1.817423e-01   9.833305e-01   0.000000e+00  -6.178765e+00  -1.141738e+00   0.000000e+00
0     3.299294e+00   0.000000e+00   0.000000e+00   0.000000e+00   0.000000e+00   0.000000e+00   0.000000e+00
1     3.299294e+00  -7.242627e-01   6.895375e-01   0.000000e+00  -4.332644e+00  -4.550490e+00   0.000000e+00
0     3.399113e+00   0.000000e+00   0.000000e+00   0.000000e+00   0.000000e+00   0.000000e+00   0.000000e+00
1     3.399113e+00  -9.911069e-01   1.332867e-01   0.000000e+00  -8.375740e-01  -6.227010e+00   0.000000e+00
0     3.498931e+00   0.000000e+00   0.000000e+00   0.000000e+00   0.000000e+00   0.000000e+00   0.000000e+00
1     3.498931e+00  -8.807305e-01  -4.736954e-01   0.000000e+00   2.976136e+00  -5.533460e+00   0.000000e+00
0     3.598749e+00   0.000000e+00   0.000000e+00   0.000000e+00   0.000000e+00   0.000000e+00   0.000000e+00
1     3.598749e+00  -4.351540e-01  -9.003885e-01   0.000000e+00   5.657116e+00  -2.733897e+00   0.000000e+00
0     3.698566e+00   0.000000e+00   0.000000e+00   0.000000e+00   0.000000e+00   0.000000e+00   0.000000e+00
1     3.698566e+00   1.760340e-01  -9.843936e-01   0.000000e+00   6.185052e+00   1.106284e+00   0.000000e+00
0     3.798382e+00   0.000000e+00   0.000000e+00   0.000000e+00   0.000000e+00   0.000000e+00   0.000000e+00
1     3.798382e+00   7.202159e-01  -6.937277e-01   0.000000e+00   4.358838e+00   4.525617e+00   0.000000e+00
0     3.899950e+00   0.000000e+00   0.000000e+00   0.000000e+00   0.000000e+00   0.000000e+00   0.000000e+00
1     3.899950e+00   9.917254e-01  -1.280961e-01   0.000000e+00   8.047719e-01   6.231745e+00   0.000000e+00
0     3.999768e+00   0.000000e+00   0.000000e+00   0.000000e+00   0.000000e+00   0.000000e+00   0.000000e+00
1     3.999768e+00   8.781278e-01   4.783343e-01   0.000000e+00  -3.005768e+00   5.517995e+00   0.000000e+00
0     4.099586e+00   0.000000e+00   0.000000e+00   0.000000e+00   0.000000e+00   0.000000e+00   0.000000e+00
1     4.099586e+00   4.302406e-01   9.026738e-01   0.000000e+00  -5.672092e+00   2.703645e+00   0.000000e+00
0     4.199404e+00   0.000000e+00   0.000000e+00   0.000000e+00   0.000000e+00   0.000000e+00   0.000000e+00
1     4.199404e+00  -1.814276e-01   9.833873e-01   0.000000e+00  -6.179134e+00  -1.139762e+00   0.000000e+00
0     4.299221e+00   0.000000e+00   0.000000e+00   0.000000e+00   0.000000e+00   0.000000e+00   0.000000e+00
1     4.299221e+00  -7.240306e-01   6.897792e-01   0.000000e+00  -4.334171e+00  -4.549041e+00   0.000000e+00
0     4.399036e+00   0.000000e+00   0.000000e+00   0.000000e+00   0.000000e+00   0.000000e+00   0.000000e+00
1     4.399036e+00  -9.910583e-01   1.336376e-01   0.000000e+00  -8.397807e-01  -6.226717e+00   0.000000e+00
0     4.498851e+00   0.000000e+00   0.000000e+00   0.000000e+00   0.000000e+00   0.000000e+00   0.000000e+00
1     4.498851e+00  -8.809074e-01  -4.733635e-01   0.000000e+00   2.974056e+00  -5.534583e+00   0.000000e+00
0     4.598666e+00   0.000000e+00   0.000000e+00   0.000000e+00   0.000000e+00   0.000000e+00   0.000000e+00
1     4.598666e+00  -4.355039e-01  -9.002179e-01   0.000000e+00   5.656055e+00  -2.736101e+00   0.000000e+00
0     4.698483e+00   0.000000e+00   0.000000e+00   0.000000e+00   0.000000e+00   0.000000e+00   0.000000e+00
1     4.698483e+00   1.756530e-01  -9.844603e-01   0.000000e+00   6.185483e+00   1.103892e+00   0.000000e+00
0     4.798301e+00   0.000000e+00   0.000000e+00   0.000000e+00   0.000000e+00   0.000000e+00   0.000000e+00
1     4.798301e+00   7.199545e-01  -6.939970e-01   0.000000e+00   4.360539e+00   4.523984e+00   0.000000e+00
0     4.899869e+00   0.000000e+00   0.000000e+00   0.000000e+00   0.000000e+00   0.000000e+00   0.000000e+00
1     4.899869e+00   9.916768e-01  -1.284617e-01   0.000000e+00   8.070705e-01   6.231452e+00   0.000000e+00
0     4.999686e+00   0.000000e+00   0.000000e+00   0.000000e+00   0.000000e+00   0.000000e+00   0.000000e+00
1     4.999686e+00   8.783055e-01   4.780052e-01   0.000000e+00  -3.003706e+00   5.519123e+00   0.000000e+00
0     5.099503e+00   0.000000e+00   0.000000e+00   0.000000e+00   0.000000e+00   0.000000e+00   0.000000e+00
1     5.099503e+00   4.305897e-01   9.025058e-01   0.000000e+00  -5.671048e+00   2.705844e+00   0.000000e+00
0     5.199319e+00   0.000000e+00   0.000000e+00   0.000000e+00   0.000000e+00   0.000000e+00   0.000000e+00
1     5.199319e+00  -1.810363e-01   9.834580e-01   0.000000e+00  -6.179591e+00  -1.137307e+00   0.000000e+00
0     5.299136e+00   0.000000e+00   0.000000e+00   0.000000e+00   0.000000e+00   0.000000e+00   0.000000e+00
1     5.299136e+00  -7.237578e-01   6.900634e-01   0.000000e+00  -4.335966e+00  -4.547337e+00   0.000000e+00
0     5.398953e+00   0.000000e+00   0.000000e+00   0.000000e+00   0.000000e+00   0.000000e+00   0.000000e+00
1     5.398953e+00  -9.910065e-01   1.340112e-01   0.000000e+00  -8.421296e-01  -6.226404e+00   0.000000e+00
0     5.498771e+00   0.000000e+00   0.000000e+00   0.000000e+00   0.000000e+00   0.000000e+00   0.000000e+00
1     5.498771e+00  -8.810735e-01  -4.730514e-01   0.000000e+00   2.972102e+00  -5.535638e+00   0.000000e+00
0     5.598590e+00   0.000000e+00   0.000000e+00   0.000000e+00   0.000000e+00   0.000000e+00   0.000000e+00
1     5.598590e+00  -4.358041e-01  -9.000711e-01   0.000000e+00   5.655144e+00  -2.737993e+00   0.000000e+00
0     5.698407e+00   0.000000e+00   0.000000e+00   0.000000e+00   0.000000e+00   0.000000e+00   0.000000e+00
1     5.698407e+00   1.753303e-01  -9.845164e-01   0.000000e+00   6.185848e+00   1.101867e+00   0.000000e+00
0     5.799975e+00   0.000000e+00   0.000000e+00   0.000000e+00   0.000000e+00   0.000000e+00   0.000000e+00
1     5.799975e+00   7.273170e-01  -6.862746e-01   0.000000e+00   4.312027e+00   4.570256e+00   0.000000e+00
0     5.899791e+00   0.000000e+00   0.000000e+00   0.000000e+00   0.000000e+00   0.000000e+00   0.000000e+00
1     5.899791e+00   9.916311e-01  -1.288039e-01   0.000000e+00   8.092227e-01   6.231177e+00   0.000000e+00
0     5.999606e+00   0.000000e+00   0.000000e+00   0.000000e+00   0.000000e+00   0.000000e+00   0.000000e+00
1     5.999606e+00   8.784738e-01   4.776931e-01   0.000000e+00  -3.001751e+00   5.520191e+00   0.000000e+00
0     6.099422e+00   0.000000e+00   0.000000e+00   0.000000e+00   0.000000e+00   0.000000e+00   0.000000e+00
1     6.099422e+00   4.309118e-01   9.023506e-01   0.000000e+00  -5.670084e+00   2.707874e+00   0.000000e+00
0     6.199238e+00   0.000000e+00   0.000000e+00   0.000000e+00   0.000000e+00   0.000000e+00   0.000000e+00
1     6.199238e+00  -1.806865e-01   9.835210e-01   0.000000e+00  -6.179999e+00  -1.135111e+00   0.000000e+00
0     6.299055e+00   0.000000e+00   0.000000e+00   0.000000e+00   0.000000e+00   0.000000e+00   0.000000e+00
1     6.299055e+00  -7.235139e-01   6.903173e-01   0.000000e+00  -4.337569e+00  -4.545813e+00   0.000000e+00
0     6.398873e+00   0.000000e+00   0.000000e+00   0.000000e+00   0.000000e+00   0.000000e+00   0.000000e+00
1     6.398873e+00  -9.909580e-01   1.343592e-01   0.000000e+00  -8.443180e-01  -6.226112e+00   0.000000e+00
0     6.498690e+00   0.000000e+00   0.000000e+00   0.000000e+00   0.000000e+00   0.000000e+00   0.000000e+00
1     6.498690e+00  -8.812405e-01  -4.727375e-01   0.000000e+00   2.970135e+00  -5.536698e+00   0.000000e+00
0     6.598507e+00   0.000000e+00   0.000000e+00   0.000000e+00   0.000000e+00   0.000000e+00   0.000000e+00
1     6.598507e+00  -4.361300e-01  -8.999118e-01   0.000000e+00   5.654154e+00  -2.740046e+00   0.000000e+00
0     6.698324e+00   0.000000e+00   0.000000e+00   0.000000e+00   0.000000e+00   0.000000e+00   0.000000e+00
1     6.698324e+00   1.749674e-01  -9.845797e-01   0.000000e+00   6.186258e+00   1.099589e+00   0.000000e+00
0     6.799891e+00   0.000000e+00   0.000000e+00   0.000000e+00   0.000000e+00   0.000000e+00   0.000000e+00
1     6.799891e+00   7.270636e-01  -6.865413e-01   0.000000e+00   4.313711e+00   4.568672e+00   0.000000e+00
0     6.899708e+00   0.000000e+00   0.000000e+00   0.000000e+00   0.000000e+00   0.000000e+00   0.000000e+00
1     6.899708e+00   9.915832e-01  -1.291620e-01   0.000000e+00   8.114741e-01   6.230888e+00   0.000000e+00
0     6.999524e+00   0.000000e+00   0.000000e+00   0.000000e+00   0.000000e+00   0.000000e+00   0.000000e+00
1     6.999524e+00   8.786408e-01   4.773833e-01   0.000000e+00  -2.999810e+00   5.521251e+00   0.000000e+00
0     7.099341e+00   0.000000e+00   0.000000e+00   0.000000e+00   0.000000e+00   0.000000e+00   0.000000e+00
1     7.099341e+00   4.312221e-01   9.022010e-01   0.000000e+00  -5.669154e+00   2.709828e+00   0.000000e+00
0     7.199158e+00   0.000000e+00   0.000000e+00   0.000000e+00   0.000000e+00   0.000000e+00   0.000000e+00
1     7.199158e+00  -1.803502e-01   9.835814e-01   0.000000e+00  -6.180391e+00  -1.133000e+00   0.000000e+00
0     7.298974e+00   0.000000e+00   0.000000e+00   0.000000e+00   0.000000e+00   0.000000e+00   0.000000e+00
1     7.298974e+00  -7.232755e-01   6.905652e-01   0.000000e+00  -4.339135e+00  -4.544324e+00   0.000000e+00
0     7.398791e+00   0.000000e+00   0.000000e+00   0.000000e+00   0.000000e+00   0.000000e+00   0.000000e+00
1     7.398791e+00  -9.909099e-01   1.347046e-01   0.000000e+00  -8.464895e-01  -6.225821e+00   0.000000e+00
0     7.498607e+00   0.000000e+00   0.000000e+00   0.000000e+00   0.000000e+00   0.000000e+00   0.000000e+00
1     7.498607e+00  -8.814061e-01  -4.724262e-01   0.000000e+00   2.968185e+00  -5.537748e+00   0.000000e+00
0     7.598424e+00   0.000000e+00   0.000000e+00   0.000000e+00   0.000000e+00   0.000000e+00   0.000000e+00
1     7.598424e+00  -4.364472e-01  -8.997566e-01   0.000000e+00   5.653190e+00  -2.742044e+00   0.000000e+00
0     7.699992e+00   0.000000e+00   0.000000e+00   0.000000e+00   0.000000e+00   0.000000e+00   0.000000e+00
1     7.699992e+00   1.854455e-01  -9.826583e-01   0.000000e+00   6.174200e+00   1.165428e+00   0.000000e+00
0     7.799809e+00   0.000000e+00   0.000000e+00   0.000000e+00   0.000000e+00   0.000000e+00   0.000000e+00
1     7.799809e+00   7.268252e-01  -6.867918e-01   0.000000e+00   4.315293e+00   4.567183e+00   0.000000e+00
0     7.899626e+00   0.000000e+00   0.000000e+00   0.000000e+00   0.000000e+00   0.000000e+00   0.000000e+00
1     7.899626e+00   9.915376e-01  -1.295019e-01   0.000000e+00   8.136118e-01   6.230613e+00   0.000000e+00
0     7.999442e+00   0.000000e+00   0.000000e+00   0.000000e+00   0.000000e+00   0.000000e+00   0.000000e+00
1     7.999442e+00   8.788026e-01   4.770827e-01   0.000000e+00  -2.997927e+00   5.522278e+00   0.000000e+00
0     8.099259e+00   0.000000e+00   0.000000e+00   0.000000e+00   0.000000e+00   0.000000e+00   0.000000e+00
1     8.099259e+00   4.315288e-01   9.020529e-01   0.000000e+00  -5.668235e+00   2.711761e+00   0.000000e+00
0     8.199075e+00   0.000000e+00   0.000000e+00   0.000000e+00   0.000000e+00   0.000000e+00   0.000000e+00
1     8.199075e+00  -1.800155e-01   9.836415e-01   0.000000e+00  -6.180779e+00  -1.130899e+00   0.000000e+00
0     8.298892e+00   0.000000e+00   0.000000e+00   0.000000e+00   0.000000e+00   0.000000e+00   0.000000e+00
1     8.298892e+00  -7.230407e-01   6.908092e-01   0.000000e+00  -4.340677e+00  -4.542857e+00   0.000000e+00
0     8.398709e+00   0.000000e+00   0.000000e+00   0.000000e+00   0.000000e+00   0.000000e+00   0.000000e+00
1     8.398709e+00  -9.908632e-01   1.350378e-01   0.000000e+00  -8.485847e-01  -6.225540e+00   0.000000e+00
0     8.498525e+00   0.000000e+00   0.000000e+00   0.000000e+00   0.000000e+00   0.000000e+00   0.000000e+00
1     8.498525e+00  -8.815628e-01  -4.721310e-01   0.000000e+00   2.966336e+00  -5.538744e+00   0.000000e+00
0     8.598342e+00   0.000000e+00   0.000000e+00   0.000000e+00   0.000000e+00   0.000000e+00   0.000000e+00
1     8.598342e+00  -4.367464e-01  -8.996100e-01   0.000000e+00   5.652280e+00  -2.743929e+00   0.000000e+00
0     8.699910e+00   0.000000e+00   0.000000e+00   0.000000e+00   0.000000e+00   0.000000e+00   0.000000e+00
1     8.699910e+00   1.851180e-01  -9.827188e-01   0.000000e+00   6.174591e+00   1.163373e+00   0.000000e+00
0     8.799727e+00   0.000000e+00   0.000000e+00   0.000000e+00   0.000000e+00   0.000000e+00   0.000000e+00
1     8.799727e+00   7.265952e-01  -6.870333e-01   0.000000e+00   4.316818e+00   4.565747e+00   0.000000e+00
0     8.899544e+00   0.000000e+00   0.000000e+00   0.000000e+00   0.000000e+00   0.000000e+00   0.000000e+00
1     8.899544e+00   9.914933e-01  -1.298311e-01   0.000000e+00   8.156813e-01   6.230346e+00   0.000000e+00
0     8.999360e+00   0.000000e+00   0.000000e+00   0.000000e+00   0.000000e+00   0.000000e+00   0.000000e+00
1     8.999360e+00   8.789587e-01   4.767924e-01   0.000000e+00  -2.996108e+00   5.523269e+00   0.000000e+00
0     9.099177e+00   0.000000e+00   0.000000e+00   0.000000e+00   0.000000e+00   0.000000e+00   0.000000e+00
1     9.099177e+00   4.318237e-01   9.019104e-01   0.000000e+00  -5.667350e+00   2.713619e+00   0.000000e+00
0     9.198993e+00   0.000000e+00   0.000000e+00   0.000000e+00   0.000000e+00   0.000000e+00   0.000000e+00
1     9.198993e+00  -1.796938e-01   9.836990e-01   0.000000e+00  -6.181153e+00  -1.128880e+00   0.000000e+00
0     9.298810e+00   0.000000e+00   0.000000e+00   0.000000e+00   0.000000e+00   0.000000e+00   0.000000e+00
1     9.298810e+00  -7.228134e-01   6.910452e-01   0.000000e+00  -4.342168e+00  -4.541438e+00   0.000000e+00
0     9.398626e+00   0.000000e+00   0.000000e+00   0.000000e+00   0.000000e+00   0.000000e+00   0.000000e+00
1     9.398626e+00  -9.908175e-01   1.353637e-01   0.000000e+00  -8.506342e-01  -6.225264e+00   0.000000e+00
0     9.498443e+00   0.000000e+00   0.000000e+00   0.000000e+00   0.000000e+00   0.000000e+00   0.000000e+00
1     9.498443e+00  -8.817173e-01  -4.718398e-01   0.000000e+00   2.964511e+00  -5.539725e+00   0.000000e+00
0     9.598259e+00   0.000000e+00   0.000000e+00   0.000000e+00   0.000000e+00   0.000000e+00   0.000000e+00
1     9.598259e+00  -4.370409e-01  -8.994656e-01   0.000000e+00   5.651383e+00  -2.745785e+00   0.000000e+00
0     9.699828e+00   0.000000e+00   0.000000e+00   0.000000e+00   0.000000e+00   0.000000e+00   0.000000e+00
1     9.699828e+00   1.847985e-01  -9.827777e-01   0.000000e+00   6.174973e+00   1.161367e+00   0.000000e+00
0     9.799645e+00   0.000000e+00   0.000000e+00   0.000000e+00   0.000000e+00   0.000000e+00   0.000000e+00
1     9.799645e+00   7.263736e-01  -6.872658e-01   0.000000e+00   4.318287e+00   4.564363e+00   0.000000e+00
0     9.899462e+00   0.000000e+00   0.000000e+00   0.000000e+00   0.000000e+00   0.000000e+00   0.000000e+00
1     9.899462e+00   9.914506e-01  -1.301471e-01   0.000000e+00   8.176688e-01   6.230090e+00   0.000000e+00
0     9.999278e+00   0.000000e+00   0.000000e+00   0.000000e+00   0.000000e+00   0.000000e+00   0.000000e+00
1     9.999278e+00   8.791095e-01   4.765116e-01   0.000000e+00  -2.994350e+00   5.524227e+00   0.000000e+00
0     1.009909e+01   0.000000e+00   0.000000e+00   0.000000e+00   0.000000e+00   0.000000e+00   0.000000e+00
1     1.009909e+01   4.321112e-01   9.017713e-01   0.000000e+00  -5.666486e+00   2.715431e+00   0.000000e+00
0     1.019891e+01   0.000000e+00   0.000000e+00   0.000000e+00   0.000000e+00   0.000000e+00   0.000000e+00
1     1.019891e+01  -1.793790e-01   9.837551e-01   0.000000e+00  -6.181517e+00  -1.126904e+00   0.000000e+00
0     1.029873e+01   0.000000e+00   0.000000e+00   0.000000e+00   0.000000e+00   0.000000e+00   0.000000e+00
1     1.029873e+01  -7.225921e-01   6.912747e-01   0.000000e+00  -4.343618e+00  -4.540056e+00   0.000000e+00
0     1.039854e+01   0.000000e+00   0.000000e+00   0.000000e+00   0.000000e+00   0.000000e+00   0.000000e+00
1     1.039854e+01  -9.907733e-01   1.356772e-01   0.000000e+00  -8.526053e-01  -6.224999e+00   0.000000e+00
0     1.049836e+01   0.000000e+00   0.000000e+00   0.000000e+00   0.000000e+00   0.000000e+00   0.000000e+00
1     1.049836e+01  -8.818641e-01  -4.715625e-01   0.000000e+00   2.962775e+00  -5.540658e+00   0.000000e+00
0     1.059993e+01   0.000000e+00   0.000000e+00   0.000000e+00   0.000000e+00   0.000000e+00   0.000000e+00
1     1.059993e+01  -4.273993e-01  -9.040851e-01   0.000000e+00   5.680420e+00  -2.685211e+00   0.000000e+00
0     1.069975e+01   0.000000e+00   0.000000e+00   0.000000e+00   0.000000e+00   0.000000e+00   0.000000e+00
1     1.069975e+01   1.844927e-01  -9.828338e-01   0.000000e+00   6.175337e+00   1.159448e+00   0.000000e+00
0     1.079956e+01   0.000000e+00   0.000000e+00   0.000000e+00   0.000000e+00   0.000000e+00   0.000000e+00
1     1.079956e+01   7.261587e-01  -6.874910e-01   0.000000e+00   4.319711e+00   4.563021e+00   0.000000e+00
0     1.089938e+01   0.000000e+00   0.000000e+00   0.000000e+00   0.000000e+00   0.000000e+00   0.000000e+00
1     1.089938e+01   9.914087e-01  -1.304564e-01   0.000000e+00   8.196137e-01   6.229838e+00   0.000000e+00
0     1.099920e+01   0.000000e+00   0.000000e+00   0.000000e+00   0.000000e+00   0.000000e+00   0.000000e+00
1     1.099920e+01   8.792569e-01   4.762369e-01   0.000000e+00  -2.992629e+00   5.525164e+00   0.000000e+00
0     1.109901e+01   0.000000e+00   0.000000e+00   0.000000e+00   0.000000e+00   0.000000e+00   0.000000e+00
1     1.109901e+01   4.323901e-01   9.016361e-01   0.000000e+00  -5.665648e+00   2.717189e+00   0.000000e+00
0     1.119883e+01   0.000000e+00   0.000000e+00   0.000000e+00   0.000000e+00   0.000000e+00   0.000000e+00
1     1.119883e+01  -1.790767e-01   9.838089e-01   0.000000e+00  -6.181867e+00  -1.125006e+00   0.000000e+00
0     1.129864e+01   0.000000e+00   0.000000e+00   0.000000e+00   0.000000e+00   0.000000e+00   0.000000e+00
1     1.129864e+01  -7.223809e-01   6.914935e-01   0.000000e+00  -4.345001e+00  -4.538738e+00   0.000000e+00
0     1.139846e+01   0.000000e+00   0.000000e+00   0.000000e+00   0.000000e+00   0.000000e+00   0.000000e+00
1     1.139846e+01  -9.907310e-01   1.359761e-01   0.000000e+00  -8.544854e-01  -6.224745e+00   0.000000e+00
0     1.149828e+01   0.000000e+00   0.000000e+00   0.000000e+00   0.000000e+00   0.000000e+00   0.000000e+00
1     1.149828e+01  -8.820049e-01  -4.712964e-01   0.000000e+00   2.961108e+00  -5.541553e+00   0.000000e+00
0     1.159985e+01   0.000000e+00   0.000000e+00   0.000000e+00   0.000000e+00   0.000000e+00   0.000000e+00
1     1.159985e+01  -4.276711e-01  -9.039552e-01   0.000000e+00   5.679615e+00  -2.686924e+00   0.000000e+00
0     1.169966e+01   0.000000e+00   0.000000e+00   0.000000e+00   0.000000e+00   0.000000e+00   0.000000e+00
1     1.169966e+01   1.841960e-01  -9.828882e-01   0.000000e+00   6.175691e+00   1.157586e+00   0.000000e+00
0     1.179948e+01   0.000000e+00   0.000000e+00   0.000000e+00   0.000000e+00   0.000000e+00   0.000000e+00
1     1.179948e+01   7.259505e-01  -6.877090e-01   0.000000e+00   4.321089e+00   4.561722e+00   0.000000e+00
0     1.189930e+01   0.000000e+00   0.000000e+00   0.000000e+00   0.000000e+00   0.000000e+00   0.000000e+00
1     1.189930e+01   9.913682e-01  -1.307538e-01   0.000000e+00   8.214842e-01   6.229596e+00   0.000000e+00
0     1.199911e+01   0.000000e+00   0.000000e+00   0.000000e+00   0.000000e+00   0.000000e+00   0.000000e+00
1     1.199911e+01   8.793977e-01   4.759741e-01   0.000000e+00  -2.990983e+00   5.526060e+00   0.000000e+00
0     1.209893e+01   0.000000e+00   0.000000e+00   0.000000e+00   0.000000e+00   0.000000e+00   0.000000e+00
1     1.209893e+01   4.326564e-01   9.015070e-01   0.000000e+00  -5.664847e+00   2.718867e+00   0.000000e+00
0     1.219875e+01   0.000000e+00   0.000000e+00   0.000000e+00   0.000000e+00   0.000000e+00   0.000000e+00
1     1.219875e+01  -1.787872e-01   9.838602e-01   0.000000e+00  -6.182202e+00  -1.123189e+00   0.000000e+00
0     1.229856e+01   0.000000e+00   0.000000e+00   0.000000e+00   0.000000e+00   0.000000e+00   0.000000e+00
1     1.229856e+01  -7.221775e-01   6.917041e-01   0.000000e+00  -4.346333e+00  -4.537468e+00   0.000000e+00
0     1.239838e+01   0.000000e+00   0.000000e+00   0.000000e+00   0.000000e+00   0.000000e+00   0.000000e+00
1     1.239838e+01  -9.906900e-01   1.362653e-01   0.000000e+00  -8.563038e-01  -6.224499e+00   0.000000e+00
0     1.249995e+01   0.000000e+00   0.000000e+00   0.000000e+00   0.000000e+00   0.000000e+00   0.000000e+00
1     1.249995e+01  -8.769053e-01  -4.807156e-01   0.000000e+00   3.020297e+00  -5.509522e+00   0.000000e+00
0     1.259976e+01   0.000000e+00   0.000000e+00   0.000000e+00   0.000000e+00   0.000000e+00   0.000000e+00
1     1.259976e+01  -4.279333e-01  -9.038297e-01   0.000000e+00   5.678837e+00  -2.688576e+00   0.000000e+00
0     1.269958e+01   0.000000e+00   0.000000e+00   0.000000e+00   0.000000e+00   0.000000e+00   0.000000e+00
1     1.269958e+01   1.839113e-01  -9.829402e-01   0.000000e+00   6.176029e+00   1.155799e+00   0.000000e+00
0     1.279940e+01   0.000000e+00   0.000000e+00   0.000000e+00   0.000000e+00   0.000000e+00   0.000000e+00
1     1.279940e+01   7.257514e-01  -6.879172e-01   0.000000e+00   4.322405e+00   4.560480e+00   0.000000e+00
0     1.289921e+01   0.000000e+00   0.000000e+00   0.000000e+00   0.000000e+00   0.000000e+00   0.000000e+00
1     1.289921e+01   9.913294e-01  -1.310378e-01   0.000000e+00   8.232705e-01   6.229364e+00   0.000000e+00
0     1.299903e+01   0.000000e+00   0.000000e+00   0.000000e+00   0.000000e+00   0.000000e+00   0.000000e+00
1     1.299903e+01   8.795323e-01   4.757226e-01   0.000000e+00  -2.989409e+00   5.526917e+00   0.000000e+00
0     1.309885e+01   0.000000e+00   0.000000e+00   0.000000e+00   0.000000e+00   0.000000e+00   0.000000e+00
1     1.309885e+01   4.329117e-01   9.013829e-01   0.000000e+00  -5.664079e+00   2.720477e+00   0.000000e+00
0     1.319866e+01   0.000000e+00   0.000000e+00   0.000000e+00   0.000000e+00   0.000000e+00   0.000000e+00
1     1.319866e+01  -1.785090e-01   9.839094e-01   0.000000e+00  -6.182523e+00  -1.121444e+00   0.000000e+00
0     1.329848e+01   0.000000e+00   0.000000e+00   0.000000e+00   0.000000e+00   0.000000e+00   0.000000e+00
1     1.329848e+01  -7.219821e-01   6.919061e-01   0.000000e+00  -4.347611e+00  -4.536249e+00   0.000000e+00
0     1.339830e+01   0.000000e+00   0.000000e+00   0.000000e+00   0.000000e+00   0.000000e+00   0.000000e+00
1     1.339830e+01  -9.906505e-01   1.365423e-01   0.000000e+00  -8.580461e-01  -6.224263e+00   0.000000e+00
0     1.349986e+01   0.000000e+00   0.000000e+00   0.000000e+00   0.000000e+00   0.000000e+00   0.000000e+00
1     1.349986e+01  -8.770381e-01  -4.804706e-01   0.000000e+00   3.018763e+00  -5.510367e+00   0.000000e+00
0     1.359968e+01   0.000000e+00   0.000000e+00   0.000000e+00   0.000000e+00   0.000000e+00   0.000000e+00
1     1.359968e+01  -4.281838e-01  -9.037095e-01   0.000000e+00   5.678094e+00  -2.690155e+00   0.000000e+00
0     1.369950e+01   0.000000e+00   0.000000e+00   0.000000e+00   0.000000e+00   0.000000e+00   0.000000e+00
1     1.369950e+01   1.836389e-01  -9.829898e-01   0.000000e+00   6.176353e+00   1.154090e+00   0.000000e+00
0     1.379931e+01   0.000000e+00   0.000000e+00   0.000000e+00   0.000000e+00   0.000000e+00   0.000000e+00
1     1.379931e+01   7.255607e-01  -6.881164e-01   0.000000e+00   4.323666e+00   4.559291e+00   0.000000e+00
0     1.389913e+01   0.000000e+00   0.000000e+00   0.000000e+00   0.000000e+00   0.000000e+00   0.000000e+00
1     1.389913e+01   9.912921e-01  -1.313095e-01   0.000000e+00   8.249794e-01   6.229142e+00   0.000000e+00
0     1.399895e+01   0.000000e+00   0.000000e+00   0.000000e+00   0.000000e+00   0.000000e+00   0.000000e+00
1     1.399895e+01   8.796608e-01   4.754821e-01   0.000000e+00  -2.987904e+00   5.527735e+00   0.000000e+00
0     1.409876e+01   0.000000e+00   0.000000e+00   0.000000e+00   0.000000e+00   0.000000e+00   0.000000e+00
1     1.409876e+01   4.331556e-01   9.012642e-01   0.000000e+00  -5.663345e+00   2.722015e+00   0.000000e+00
0     1.419858e+01   0.000000e+00   0.000000e+00   0.000000e+00   0.000000e+00   0.000000e+00   0.000000e+00
1     1.419858e+01  -1.782432e-01   9.839562e-01   0.000000e+00  -6.182830e+00  -1.119776e+00   0.000000e+00
0     1.429840e+01   0.000000e+00   0.000000e+00   0.000000e+00   0.000000e+00   0.000000e+00   0.000000e+00
1     1.429840e+01  -7.217952e-01   6.920992e-01   0.000000e+00  -4.348833e+00  -4.535084e+00   0.000000e+00
0     1.439996e+01   0.000000e+00   0.000000e+00   0.000000e+00   0.000000e+00   0.000000e+00   0.000000e+00
1     1.439996e+01  -9.920581e-01   1.258999e-01   0.000000e+00  -7.911786e-01  -6.233119e+00   0.000000e+00
0     1.449978e+01   0.000000e+00   0.000000e+00   0.000000e+00   0.000000e+00   0.000000e+00   0.000000e+00
1     1.449978e+01  -8.771648e-01  -4.802363e-01   0.000000e+00   3.017298e+00  -5.511175e+00   0.000000e+00
0     1.459960e+01   0.000000e+00   0.000000e+00   0.000000e+00   0.000000e+00   0.000000e+00   0.000000e+00
1     1.459960e+01  -4.284227e-01  -9.035948e-01   0.000000e+00   5.677385e+00  -2.691662e+00   0.000000e+00
0     1.469941e+01   0.000000e+00   0.000000e+00   0.000000e+00   0.000000e+00   0.000000e+00   0.000000e+00
1     1.469941e+01   1.833796e-01  -9.830368e-01   0.000000e+00   6.176661e+00   1.152463e+00   0.000000e+00
0     1.479923e+01   0.000000e+00   0.000000e+00   0.000000e+00   0.000000e+00   0.000000e+00   0.000000e+00
1     1.479923e+01   7.253794e-01  -6.883055e-01   0.000000e+00   4.324863e+00   4.558161e+00   0.000000e+00
0     1.489905e+01   0.000000e+00   0.000000e+00   0.000000e+00   0.000000e+00   0.000000e+00   0.000000e+00
1     1.489905e+01   9.912564e-01  -1.315679e-01   0.000000e+00   8.266048e-01   6.228931e+00   0.000000e+00
0     1.499886e+01   0.000000e+00   0.000000e+00   0.000000e+00   0.000000e+00   0.000000e+00   0.000000e+00
1     1.499886e+01   8.797831e-01   4.752529e-01   0.000000e+00  -2.986470e+00   5.528515e+00   0.000000e+00
0     1.509868e+01   0.000000e+00   0.000000e+00   0.000000e+00   0.000000e+00   0.000000e+00   0.000000e+00
1     1.509868e+01   4.333881e-01   9.011509e-01   0.000000e+00  -5.662645e+00   2.723481e+00   0.000000e+00
0     1.519850e+01   0.000000e+00   0.000000e+00   0.000000e+00   0.000000e+00   0.000000e+00   0.000000e+00
1     1.519850e+01  -1.779898e-01   9.840006e-01   0.000000e+00  -6.183122e+00  -1.118186e+00   0.000000e+00
0     1.529831e+01   0.000000e+00   0.000000e+00   0.000000e+00   0.000000e+00   0.000000e+00   0.000000e+00
1     1.529831e+01  -7.216170e-01   6.922829e-01   0.000000e+00  -4.349996e+00  -4.533975e+00   0.000000e+00
0     1.539988e+01   0.000000e+00   0.000000e+00   0.000000e+00   0.000000e+00   0.000000e+00   0.000000e+00
1     1.539988e+01  -9.920246e-01   1.261519e-01   0.000000e+00  -7.927638e-01  -6.232922e+00   0.000000e+00
0     1.549970e+01   0.000000e+00   0.000000e+00   0.000000e+00   0.000000e+00   0.000000e+00   0.000000e+00
1     1.549970e+01  -8.772849e-01  -4.800140e-01   0.000000e+00   3.015907e+00  -5.511941e+00   0.000000e+00
0     1.559952e+01   0.000000e+00   0.000000e+00   0.000000e+00   0.000000e+00   0.000000e+00   0.000000e+00
1     1.559952e+01  -4.286491e-01  -9.034859e-01   0.000000e+00   5.676712e+00  -2.693090e+00   0.000000e+00
0     1.569933e+01   0.000000e+00   0.000000e+00   0.000000e+00   0.000000e+00   0.000000e+00   0.000000e+00
1     1.569933e+01   1.831335e-01  -9.830813e-01   0.000000e+00   6.176954e+00   1.150919e+00   0.000000e+00
0     1.579915e+01   0.000000e+00   0.000000e+00   0.000000e+00   0.000000e+00   0.000000e+00   0.000000e+00
1     1.579915e+01   7.252070e-01  -6.884852e-01   0.000000e+00   4.326001e+00   4.557087e+00   0.000000e+00
0     1.589897e+01   0.000000e+00   0.000000e+00   0.000000e+00   0.000000e+00   0.000000e+00   0.000000e+00
1     1.589897e+01   9.912224e-01  -1.318134e-01   0.000000e+00   8.281490e-01   6.228731e+00   0.000000e+00
0     1.599878e+01   0.000000e+00   0.000000e+00   0.000000e+00   0.000000e+00   0.000000e+00   0.000000e+00
1     1.599878e+01   8.798990e-01   4.750353e-01   0.000000e+00  -2.985109e+00   5.529255e+00   0.000000e+00
0     1.609860e+01   0.000000e+00   0.000000e+00   0.000000e+00   0.000000e+00   0.000000e+00   0.000000e+00
1     1.609860e+01   4.336083e-01   9.010434e-01   0.000000e+00  -5.661981e+00   2.724870e+00   0.000000e+00
0     1.619842e+01   0.000000e+00   0.000000e+00   0.000000e+00   0.000000e+00   0.000000e+00   0.000000e+00
1     1.619842e+01  -1.777500e-01   9.840425e-01   0.000000e+00  -6.183398e+00  -1.116682e+00   0.000000e+00
0     1.629998e+01   0.000000e+00   0.000000e+00   0.000000e+00   0.000000e+00   0.000000e+00   0.000000e+00
1     1.629998e+01  -7.290242e-01   6.844767e-01   0.000000e+00  -4.300954e+00  -4.580525e+00   0.000000e+00
0     1.639980e+01   0.000000e+00   0.000000e+00   0.000000e+00   0.000000e+00   0.000000e+00   0.000000e+00
1     1.639980e+01  -9.919929e-01   1.263901e-01   0.000000e+00  -7.942622e-01  -6.232735e+00   0.000000e+00
0     1.649962e+01   0.000000e+00   0.000000e+00   0.000000e+00   0.000000e+00   0.000000e+00   0.000000e+00
1     1.649962e+01  -8.773984e-01  -4.798036e-01   0.000000e+00   3.014592e+00  -5.512666e+00   0.000000e+00
0     1.659943e+01   0.000000e+00   0.000000e+00   0.000000e+00   0.000000e+00   0.000000e+00   0.000000e+00
1     1.659943e+01  -4.288634e-01  -9.033826e-01   0.000000e+00   5.676075e+00  -2.694442e+00   0.000000e+00
0     1.669925e+01   0.000000e+00   0.000000e+00   0.000000e+00   0.000000e+00   0.000000e+00   0.000000e+00
1     1.669925e+01   1.829005e-01  -9.831232e-01   0.000000e+00   6.177230e+00   1.149458e+00   0.000000e+00
0     1.679907e+01   0.000000e+00   0.000000e+00   0.000000e+00   0.000000e+00   0.000000e+00   0.000000e+00
1     1.679907e+01   7.250438e-01  -6.886549e-01   0.000000e+00   4.327077e+00   4.556072e+00   0.000000e+00
0     1.689888e+01   0.000000e+00   0.000000e+00   0.000000e+00   0.000000e+00   0.000000e+00   0.000000e+00
1     1.689888e+01   9.911901e-01  -1.320452e-01   0.000000e+00   8.296070e-01   6.228541e+00   0.000000e+00
0     1.699870e+01   0.000000e+00   0.000000e+00   0.000000e+00   0.000000e+00   0.000000e+00   0.000000e+00
1     1.699870e+01   8.800081e-01   4.748301e-01   0.000000e+00  -2.983826e+00   5.529953e+00   0.000000e+00
0     1.709852e+01   0.000000e+00   0.000000e+00   0.000000e+00   0.000000e+00   0.000000e+00   0.000000e+00
1     1.709852e+01   4.338157e-01   9.009420e-01   0.000000e+00  -5.661356e+00   2.726180e+00   0.000000e+00
0     1.719833e+01   0.000000e+00   0.000000e+00   0.000000e+00   0.000000e+00   0.000000e+00   0.000000e+00
1     1.719833e+01  -1.775239e-01   9.840819e-01   0.000000e+00  -6.183659e+00  -1.115263e+00   0.000000e+00
0     1.729990e+01   0.000000e+00   0.000000e+00   0.000000e+00   0.000000e+00   0.000000e+00   0.000000e+00
1     1.729990e+01  -7.288670e-01   6.846420e-01   0.000000e+00  -4.302002e+00  -4.579547e+00   0.000000e+00
0     1.739972e+01   0.000000e+00   0.000000e+00   0.000000e+00   0.000000e+00   0.000000e+00   0.000000e+00
1     1.739972e+01  -9.919628e-01   1.266150e-01   0.000000e+00  -7.956769e-01  -6.232560e+00   0.000000e+00
0     1.749953e+01   0.000000e+00   0.000000e+00   0.000000e+00   0.000000e+00   0.000000e+00   0.000000e+00
1     1.749953e+01  -8.775054e-01  -4.796049e-01   0.000000e+00   3.013350e+00  -5.513350e+00   0.000000e+00
0     1.759935e+01   0.000000e+00   0.000000e+00   0.000000e+00   0.000000e+00   0.000000e+00   0.000000e+00
1     1.759935e+01  -4.290655e-01  -9.032851e-01   0.000000e+00   5.675475e+00  -2.695718e+00   0.000000e+00
0     1.769917e+01   0.000000e+00   0.000000e+00   0.000000e+00   0.000000e+00   0.000000e+00   0.000000e+00
1     1.769917e+01   1.826809e-01  -9.831626e-01   0.000000e+00   6.177491e+00   1.148081e+00   0.000000e+00
0     1.779898e+01   0.000000e+00   0.000000e+00   0.000000e+00   0.000000e+00   0.000000e+00   0.000000e+00
1     1.779898e+01   7.248902e-01  -6.888146e-01   0.000000e+00   4.328089e+00   4.555116e+00   0.000000e+00
0     1.789880e+01   0.000000e+00   0.000000e+00   0.000000e+00   0.000000e+00   0.000000e+00   0.000000e+00
1     1.789880e+01   9.911596e-01  -1.322632e-01   0.000000e+00   8.309790e-01   6.228363e+00   0.000000e+00
0     1.799862e+01   0.000000e+00   0.000000e+00   0.000000e+00   0.000000e+00   0.000000e+00   0.000000e+00
1     1.799862e+01   8.801107e-01   4.746369e-01   0.000000e+00  -2.982618e+00   5.530609e+00   0.000000e+00
0     1.809843e+01   0.000000e+00   0.000000e+00   0.000000e+00   0.000000e+00   0.000000e+00   0.000000e+00
1     1.809843e+01   4.340109e-01   9.008464e-01   0.000000e+00  -5.660768e+00   2.727412e+00   0.000000e+00
0     1.819825e+01   0.000000e+00   0.000000e+00   0.000000e+00   0.000000e+00   0.000000e+00   0.000000e+00
1     1.819825e+01  -1.773112e-01   9.841188e-01   0.000000e+00  -6.183904e+00  -1.113929e+00   0.000000e+00
0     1.829982e+01   0.000000e+00   0.000000e+00   0.000000e+00   0.000000e+00   0.000000e+00   0.000000e+00
1     1.829982e+01  -7.287191e-01   6.847974e-01   0.000000e+00  -4.302988e+00  -4.578627e+00   0.000000e+00
0     1.839963e+01   0.000000e+00   0.000000e+00   0.000000e+00   0.000000e+00   0.000000e+00   0.000000e+00
1     1.839963e+01  -9.919343e-01   1.268264e-01   0.000000e+00  -7.970071e-01  -6.232394e+00   0.000000e+00
0     1.849945e+01   0.000000e+00   0.000000e+00   0.000000e+00   0.000000e+00   0.000000e+00   0.000000e+00
1     1.849945e+01  -8.776058e-01  -4.794181e-01   0.000000e+00   3.012182e+00  -5.513993e+00   0.000000e+00
0     1.859927e+01   0.000000e+00   0.000000e+00   0.000000e+00   0.000000e+00   0.000000e+00   0.000000e+00
1     1.859927e+01  -4.292552e-01  -9.031934e-01   0.000000e+00   5.674910e+00  -2.696916e+00   0.000000e+00
0     1.869908e+01   0.000000e+00   0.000000e+00   0.000000e+00   0.000000e+00   0.000000e+00   0.000000e+00
1     1.869908e+01   1.824748e-01  -9.831994e-01   0.000000e+00   6.177735e+00   1.146788e+00   0.000000e+00
0     1.879890e+01   0.000000e+00   0.000000e+00   0.000000e+00   0.000000e+00   0.000000e+00   0.000000e+00
1     1.879890e+01   7.247459e-01  -6.889644e-01   0.000000e+00   4.329039e+00   4.554219e+00   0.000000e+00
0     1.889872e+01   0.000000e+00   0.000000e+00   0.000000e+00   0.000000e+00   0.000000e+00   0.000000e+00
1     1.889872e+01   9.911309e-01  -1.324677e-01   0.000000e+00   8.322654e-01   6.228195e+00   0.000000e+00
0     1.899853e+01   0.000000e+00   0.000000e+00   0.000000e+00   0.000000e+00   0.000000e+00   0.000000e+00
1     1.899853e+01   8.802068e-01   4.744558e-01   0.000000e+00  -2.981487e+00   5.531224e+00   0.000000e+00
0     1.909835e+01   0.000000e+00   0.000000e+00   0.000000e+00   0.000000e+00   0.000000e+00   0.000000e+00
1     1.909835e+01   4.341937e-01   9.007567e-01   0.000000e+00  -5.660216e+00   2.728567e+00   0.000000e+00
0     1.919992e+01   0.000000e+00   0.000000e+00   0.000000e+00   0.000000e+00   0.000000e+00   0.000000e+00
1     1.919992e+01  -1.879303e-01   9.821452e-01   0.000000e+00  -6.171513e+00  -1.180657e+00   0.000000e+00
0     1.929974e+01   0.000000e+00   0.000000e+00   0.000000e+00   0.000000e+00   0.000000e+00   0.000000e+00
1     1.929974e+01  -7.285803e-01   6.849430e-01   0.000000e+00  -4.303912e+00  -4.577765e+00   0.000000e+00
0     1.939955e+01   0.000000e+00   0.000000e+00   0.000000e+00   0.000000e+00   0.000000e+00   0.000000e+00
1     1.939955e+01  -9.919076e-01   1.270244e-01   0.000000e+00  -7.982528e-01  -6.232239e+00   0.000000e+00
0     1.949937e+01   0.000000e+00   0.000000e+00   0.000000e+00   0.000000e+00   0.000000e+00   0.000000e+00
1     1.949937e+01  -8.776997e-01  -4.792433e-01   0.000000e+00   3.011090e+00  -5.514594e+00   0.000000e+00
0     1.959919e+01   0.000000e+00   0.000000e+00   0.000000e+00   0.000000e+00   0.000000e+00   0.000000e+00
1     1.959919e+01  -4.294325e-01  -9.031075e-01   0.000000e+00   5.674383e+00  -2.698036e+00   0.000000e+00
0     1.969900e+01   0.000000e+00   0.000000e+00   0.000000e+00   0.000000e+00   0.000000e+00   0.000000e+00
1     1.969900e+01   1.822823e-01  -9.832337e-01   0.000000e+00   6.177964e+00   1.145581e+00   0.000000e+00
0     1.979882e+01   0.000000e+00   0.000000e+00   0.000000e+00   0.000000e+00   0.000000e+00   0.000000e+00
1     1.979882e+01   7.246111e-01  -6.891041e-01   0.000000e+00   4.329927e+00   4.553382e+00   0.000000e+00
0     1.989864e+01   0.000000e+00   0.000000e+00   0.000000e+00   0.000000e+00   0.000000e+00   0.000000e+00
1     1.989864e+01   9.911039e-01  -1.326585e-01   0.000000e+00   8.334663e-01   6.228039e+00   0.000000e+00
0     1.999845e+01   0.000000e+00   0.000000e+00   0.000000e+00   0.000000e+00   0.000000e+00   0.000000e+00
1     1.999845e+01   8.802963e-01   4.742867e-01   0.000000e+00  -2.980430e+00   5.531799e+00   0.000000e+00
0     2.009827e+01   0.000000e+00   0.000000e+00   0.000000e+00   0.000000e+00   0.000000e+00   0.000000e+00
1     2.009827e+01   4.343642e-01   9.006729e-01   0.000000e+00  -5.659702e+00   2.729644e+00   0.000000e+00
0     2.019984e+01   0.000000e+00   0.000000e+00   0.000000e+00   0.000000e+00   0.000000e+00   0.000000e+00
1     2.019984e+01  -1.877447e-01   9.821793e-01   0.000000e+00  -6.171741e+00  -1.179493e+00   0.000000e+00
0     2.029965e+01   0.000000e+00   0.000000e+00   0.000000e+00   0.000000e+00   0.000000e+00   0.000000e+00
1     2.029965e+01  -7.284509e-01   6.850785e-01   0.000000e+00  -4.304773e+00  -4.576961e+00   0.000000e+00
0     2.039947e+01   0.000000e+00   0.000000e+00   0.000000e+00   0.000000e+00   0.000000e+00   0.000000e+00
1     2.039947e+01  -9.918825e-01   1.272087e-01   0.000000e+00  -7.994127e-01  -6.232095e+00   0.000000e+00
0     2.049929e+01   0.000000e+00   0.000000e+00   0.000000e+00   0.000000e+00   0.000000e+00   0.000000e+00
1     2.049929e+01  -8.777869e-01  -4.790805e-01   0.000000e+00   3.010074e+00  -5.515154e+00   0.000000e+00
0     2.059910e+01   0.000000e+00   0.000000e+00   0.000000e+00   0.000000e+00   0.000000e+00   0.000000e+00
1     2.059910e+01  -4.295975e-01  -9.030275e-01   0.000000e+00   5.673892e+00  -2.699078e+00   0.000000e+00
0     2.069892e+01   0.000000e+00   0.000000e+00   0.000000e+00   0.000000e+00   0.000000e+00   0.000000e+00
1     2.069892e+01   1.821031e-01  -9.832655e-01   0.000000e+00   6.178177e+00   1.144458e+00   0.000000e+00
0     2.079874e+01   0.000000e+00   0.000000e+00   0.000000e+00   0.000000e+00   0.000000e+00   0.000000e+00
1     2.079874e+01   7.244856e-01  -6.892339e-01   0.000000e+00   4.330752e+00   4.552603e+00   0.000000e+00
0     2.089855e+01   0.000000e+00   0.000000e+00   0.000000e+00   0.000000e+00   0.000000e+00   0.000000e+00
1     2.089855e+01   9.910787e-01  -1.328359e-01   0.000000e+00   8.345829e-01   6.227894e+00   0.000000e+00
0     2.099837e+01   0.000000e+00   0.000000e+00   0.000000e+00   0.000000e+00   0.000000e+00   0.000000e+00
1     2.099837e+01   8.803794e-01   4.741295e-01   0.000000e+00  -2.979449e+00   5.532332e+00   0.000000e+00
0     2.109994e+01   0.000000e+00   0.000000e+00   0.000000e+00   0.000000e+00   0.000000e+00   0.000000e+00
1     2.109994e+01   4.245862e-01   9.053222e-01   0.000000e+00  -5.688927e+00   2.668206e+00   0.000000e+00
0     2.119975e+01   0.000000e+00   0.000000e+00   0.000000e+00   0.000000e+00   0.000000e+00   0.000000e+00
1     2.119975e+01  -1.875725e-01   9.822107e-01   0.000000e+00  -6.171951e+00  -1.178414e+00   0.000000e+00
0     2.129957e+01   0.000000e+00   0.000000e+00   0.000000e+00   0.000000e+00   0.000000e+00   0.000000e+00
1     2.129957e+01  -7.283309e-01   6.852040e-01   0.000000e+00  -4.305571e+00  -4.576217e+00   0.000000e+00
0     2.139939e+01   0.000000e+00   0.000000e+00   0.000000e+00   0.000000e+00   0.000000e+00   0.000000e+00
1     2.139939e+01  -9.918592e-01   1.273795e-01   0.000000e+00  -8.004873e-01  -6.231962e+00   0.000000e+00
0     2.149920e+01   0.000000e+00   0.000000e+00   0.000000e+00   0.000000e+00   0.000000e+00   0.000000e+00
1     2.149920e+01  -8.778676e-01  -4.789297e-01   0.000000e+00   3.009133e+00  -5.515673e+00   0.000000e+00
0     2.159902e+01   0.000000e+00   0.000000e+00   0.000000e+00   0.000000e+00   0.000000e+00   0.000000e+00
1     2.159902e+01  -4.297501e-01  -9.029533e-01   0.000000e+00   5.673438e+00  -2.700042e+00   0.000000e+00
0     2.169884e+01   0.000000e+00   0.000000e+00   0.000000e+00   0.000000e+00   0.000000e+00   0.000000e+00
1     2.169884e+01   1.819375e-01  -9.832947e-01   0.000000e+00   6.178373e+00   1.143419e+00   0.000000e+00
0     2.179865e+01   0.000000e+00   0.000000e+00   0.000000e+00   0.000000e+00   0.000000e+00   0.000000e+00
1     2.179865e+01   7.243696e-01  -6.893538e-01   0.000000e+00   4.331514e+00   4.551883e+00   0.000000e+00
0     2.189847e+01   0.000000e+00   0.000000e+00   0.000000e+00   0.000000e+00   0.000000e+00   0.000000e+00
1     2.189847e+01   9.910554e-01  -1.329996e-01   0.000000e+00   8.356136e-01   6.227760e+00   0.000000e+00
0     2.199829e+01   0.000000e+00   0.000000e+00   0.000000e+00   0.000000e+00   0.000000e+00   0.000000e+00
1     2.199829e+01   8.804559e-01   4.739844e-01   0.000000e+00  -2.978543e+00   5.532825e+00   0.000000e+00
0     2.209986e+01   0.000000e+00   0.000000e+00   0.000000e+00   0.000000e+00   0.000000e+00   0.000000e+00
1     2.209986e+01   4.247328e-01   9.052518e-01   0.000000e+00  -5.688497e+00   2.669133e+00   0.000000e+00
0     2.219967e+01   0.000000e+00   0.000000e+00   0.000000e+00   0.000000e+00   0.000000e+00   0.000000e+00
1     2.219967e+01  -1.874138e-01   9.822396e-01   0.000000e+00  -6.172146e+00  -1.177419e+00   0.000000e+00
0     2.229949e+01   0.000000e+00   0.000000e+00   0.000000e+00   0.000000e+00   0.000000e+00   0.000000e+00
1     2.229949e+01  -7.282202e-01   6.853196e-01   0.000000e+00  -4.306306e+00  -4.575531e+00   0.000000e+00
0     2.239931e+01   0.000000e+00   0.000000e+00   0.000000e+00   0.000000e+00   0.000000e+00   0.000000e+00
1     2.239931e+01  -9.918375e-01   1.275367e-01   0.000000e+00  -8.014770e-01  -6.231839e+00   0.000000e+00
0     2.249912e+01   0.000000e+00   0.000000e+00   0.000000e+00   0.000000e+00   0.000000e+00   0.000000e+00
1     2.249912e+01  -8.779417e-01  -4.787909e-01   0.000000e+00   3.008267e+00  -5.516150e+00   0.000000e+00
0     2.259894e+01   0.000000e+00   0.000000e+00   0.000000e+00   0.000000e+00   0.000000e+00   0.000000e+00
1     2.259894e+01  -4.298903e-01  -9.028850e-01   0.000000e+00   5.673021e+00  -2.700929e+00   0.000000e+00
0     2.269876e+01   0.000000e+00   0.000000e+00   0.000000e+00   0.000000e+00   0.000000e+00   0.000000e+00
1     2.269876e+01   1.817852e-01  -9.833214e-01   0.000000e+00   6.178555e+00   1.142464e+00   0.000000e+00
0     2.279857e+01   0.000000e+00   0.000000e+00   0.000000e+00   0.000000e+00   0.000000e+00   0.000000e+00
1     2.279857e+01   7.242630e-01  -6.894638e-01   0.000000e+00   4.332215e+00   4.551223e+00   0.000000e+00
0     2.289839e+01   0.000000e+00   0.000000e+00   0.000000e+00   0.000000e+00   0.000000e+00   0.000000e+00
1     2.289839e+01   9.910337e-01  -1.331499e-01   0.000000e+00   8.365594e-01   6.227638e+00   0.000000e+00
0     2.299996e+01   0.000000e+00   0.000000e+00   0.000000e+00   0.000000e+00   0.000000e+00   0.000000e+00
1     2.299996e+01   8.752582e-01   4.835121e-01   0.000000e+00  -3.038420e+00   5.500176e+00   0.000000e+00
0     2.309977e+01   0.000000e+00   0.000000e+00   0.000000e+00   0.000000e+00   0.000000e+00   0.000000e+00
1     2.309977e+01   4.248671e-01   9.051872e-01   0.000000e+00  -5.688103e+00   2.669983e+00   0.000000e+00
0     2.319959e+01   0.000000e+00   0.000000e+00   0.000000e+00   0.000000e+00   0.000000e+00   0.000000e+00
1     2.319959e+01  -1.872684e-01   9.822658e-01   0.000000e+00  -6.172324e+00  -1.176508e+00   0.000000e+00
0     2.329941e+01   0.000000e+00   0.000000e+00   0.000000e+00   0.000000e+00   0.000000e+00   0.000000e+00
1     2.329941e+01  -7.281188e-01   6.854252e-01   0.000000e+00  -4.306979e+00  -4.574904e+00   0.000000e+00
0     2.339922e+01   0.000000e+00   0.000000e+00   0.000000e+00   0.000000e+00   0.000000e+00   0.000000e+00
1     2.339922e+01  -9.918176e-01   1.276804e-01   0.000000e+00  -8.023815e-01  -6.231727e+00   0.000000e+00
0     2.349904e+01   0.000000e+00   0.000000e+00   0.000000e+00   0.000000e+00   0.000000e+00   0.000000e+00
1     2.349904e+01  -8.780092e-01  -4.786641e-01   0.000000e+00   3.007477e+00  -5.516586e+00   0.000000e+00
0     2.359886e+01   0.000000e+00   0.000000e+00   0.000000e+00   0.000000e+00   0.000000e+00   0.000000e+00
1     2.359886e+01  -4.300182e-01  -9.028225e-01   0.000000e+00   5.672641e+00  -2.701738e+00   0.000000e+00
0     2.369867e+01   0.000000e+00   0.000000e+00   0.000000e+00   0.000000e+00   0.000000e+00   0.000000e+00
1     2.369867e+01   1.816464e-01  -9.833456e-01   0.000000e+00   6.178720e+00   1.141595e+00   0.000000e+00
0     2.379849e+01   0.000000e+00   0.000000e+00   0.000000e+00   0.000000e+00   0.000000e+00   0.000000e+00
1     2.379849e+01   7.241658e-01  -6.895638e-01   0.000000e+00   4.332852e+00   4.550622e+00   0.000000e+00
0     2.389831e+01   0.000000e+00   0.000000e+00   0.000000e+00   0.000000e+00   0.000000e+00   0.000000e+00
1     2.389831e+01   9.910139e-01  -1.332865e-01   0.000000e+00   8.374199e-01   6.227527e+00   0.000000e+00
0     2.399987e+01   0.000000e+00   0.000000e+00   0.000000e+00   0.000000e+00   0.000000e+00   0.000000e+00
1     2.399987e+01   8.753231e-01   4.833917e-01   0.000000e+00  -3.037670e+00   5.500595e+00   0.000000e+00
0     2.409969e+01   0.000000e+00   0.000000e+00   0.000000e+00   0.000000e+00   0.000000e+00   0.000000e+00
1     2.409969e+01   4.249891e-01   9.051284e-01   0.000000e+00  -5.687746e+00   2.670755e+00   0.000000e+00
0     2.419951e+01   0.000000e+00   0.000000e+00   0.000000e+00   0.000000e+00   0.000000e+00   0.000000e+00
1     2.419951e+01  -1.871364e-01   9.822895e-01   0.000000e+00  -6.172486e+00  -1.175681e+00   0.000000e+00
0     2.429932e+01   0.000000e+00   0.000000e+00   0.000000e+00   0.000000e+00   0.000000e+00   0.000000e+00
1     2.429932e+01  -7.280268e-01   6.855209e-01   0.000000e+00  -4.307589e+00  -4.574336e+00   0.000000e+00
0     2.439914e+01   0.000000e+00   0.000000e+00   0.000000e+00   0.000000e+00   0.000000e+00   0.000000e+00
1     2.439914e+01  -9.917994e-01   1.278105e-01   0.000000e+00  -8.032009e-01  -6.231626e+00   0.000000e+00
0     2.449896e+01   0.000000e+00   0.000000e+00   0.000000e+00   0.000000e+00   0.000000e+00   0.000000e+00
1     2.449896e+01  -8.780702e-01  -4.785493e-01   0.000000e+00   3.006762e+00  -5.516981e+00   0.000000e+00
0     2.459877e+01   0.000000e+00   0.000000e+00   0.000000e+00   0.000000e+00   0.000000e+00   0.000000e+00
1     2.459877e+01  -4.301336e-01  -9.027659e-01   0.000000e+00   5.672297e+00  -2.702469e+00   0.000000e+00
0     2.469859e+01   0.000000e+00   0.000000e+00   0.000000e+00   0.000000e+00   0.000000e+00   0.000000e+00
1     2.469859e+01   1.815211e-01  -9.833673e-01   0.000000e+00   6.178869e+00   1.140810e+00   0.000000e+00
0     2.479841e+01   0.000000e+00   0.000000e+00   0.000000e+00   0.000000e+00   0.000000e+00   0.000000e+00
1     2.479841e+01   7.240780e-01  -6.896540e-01   0.000000e+00   4.333428e+00   4.550080e+00   0.000000e+00
0     2.489998e+01   0.000000e+00   0.000000e+00   0.000000e+00   0.000000e+00   0.000000e+00   0.000000e+00
1     2.489998e+01   9.924037e-01  -1.224966e-01   0.000000e+00   7.696203e-01   6.236275e+00   0.000000e+00
0     2.499979e+01   0.000000e+00   0.000000e+00   0.000000e+00   0.000000e+00   0.000000e+00   0.000000e+00
1     2.499979e+01   8.753813e-01   4.832832e-01   0.000000e+00  -3.036995e+00   5.500973e+00   0.000000e+00
0     2.509961e+01   0.000000e+00   0.000000e+00   0.000000e+00   0.000000e+00   0.000000e+00   0.000000e+00
1     2.509961e+01   4.250987e-01   9.050753e-01   0.000000e+00  -5.687424e+00   2.671450e+00   0.000000e+00
0     2.519943e+01   0.000000e+00   0.000000e+00   0.000000e+00   0.000000e+00   0.000000e+00   0.000000e+00
1     2.519943e+01  -1.870178e-01   9.823107e-01   0.000000e+00  -6.172632e+00  -1.174938e+00   0.000000e+00
0     2.529924e+01   0.000000e+00   0.000000e+00   0.000000e+00   0.000000e+00   0.000000e+00   0.000000e+00
1     2.529924e+01  -7.279441e-01   6.856066e-01   0.000000e+00  -4.308137e+00  -4.573826e+00   0.000000e+00
0     2.539906e+01   0.000000e+00   0.000000e+00   0.000000e+00   0.000000e+00   0.000000e+00   0.000000e+00
1     2.539906e+01  -9.917829e-01   1.279271e-01   0.000000e+00  -8.039353e-01  -6.231536e+00   0.000000e+00
0     2.549888e+01   0.000000e+00   0.000000e+00   0.000000e+00   0.000000e+00   0.000000e+00   0.000000e+00
1     2.549888e+01  -8.781246e-01  -4.784464e-01   0.000000e+00   3.006122e+00  -5.517335e+00   0.000000e+00
0     2.559869e+01   0.000000e+00   0.000000e+00   0.000000e+00   0.000000e+00   0.000000e+00   0.000000e+00
1     2.559869e+01  -4.302368e-01  -9.027152e-01   0.000000e+00   5.671990e+00  -2.703124e+00   0.000000e+00
0     2.569851e+01   0.000000e+00   0.000000e+00   0.000000e+00   0.000000e+00   0.000000e+00   0.000000e+00
1     2.569851e+01   1.814091e-01  -9.833865e-01   0.000000e+00   6.179003e+00   1.140109e+00   0.000000e+00
0     2.579833e+01   0.000000e+00   0.000000e+00   0.000000e+00   0.000000e+00   0.000000e+00   0.000000e+00
1     2.579833e+01   7.239996e-01  -6.897343e-01   0.000000e+00   4.333942e+00   4.549597e+00   0.000000e+00
0     2.589989e+01   0.000000e+00   0.000000e+00   0.000000e+00   0.000000e+00   0.000000e+00   0.000000e+00
1     2.589989e+01   9.923887e-01  -1.226065e-01   0.000000e+00   7.703124e-01   6.236194e+00   0.000000e+00
0     2.599971e+01   0.000000e+00   0.000000e+00   0.000000e+00   0.000000e+00   0.000000e+00   0.000000e+00
1     2.599971e+01   8.754330e-01   4.831866e-01   0.000000e+00  -3.036394e+00   5.501309e+00   0.000000e+00
0     2.609953e+01   0.000000e+00   0.000000e+00   0.000000e+00   0.000000e+00   0.000000e+00   0.000000e+00
1     2.609953e+01   4.251960e-01   9.050280e-01   0.000000e+00  -5.687139e+00   2.672067e+00   0.000000e+00
0     2.619934e+01   0.000000e+00   0.000000e+00   0.000000e+00   0.000000e+00   0.000000e+00   0.000000e+00
1     2.619934e+01  -1.869126e-01   9.823293e-01   0.000000e+00  -6.172762e+00  -1.174280e+00   0.000000e+00
0     2.629916e+01   0.000000e+00   0.000000e+00   0.000000e+00   0.000000e+00   0.000000e+00   0.000000e+00
1     2.629916e+01  -7.278707e-01   6.856824e-01   0.000000e+00  -4.308622e+00  -4.573374e+00   0.000000e+00
0     2.639898e+01   0.000000e+00   0.000000e+00   0.000000e+00   0.000000e+00   0.000000e+00   0.000000e+00
1     2.639898e+01  -9.917682e-01   1.280302e-01   0.000000e+00  -8.045844e-01  -6.231457e+00   0.000000e+00
0     2.649879e+01   0.000000e+00   0.000000e+00   0.000000e+00   0.000000e+00   0.000000e+00   0.000000e+00
1     2.649879e+01  -8.781725e-01  -4.783556e-01   0.000000e+00   3.005557e+00  -5.517647e+00   0.000000e+00
0     2.659861e+01   0.000000e+00   0.000000e+00   0.000000e+00   0.000000e+00   0.000000e+00   0.000000e+00
1     2.659861e+01  -4.303276e-01  -9.026703e-01   0.000000e+00   5.671721e+00  -2.703700e+00   0.000000e+00
0     2.669843e+01   0.000000e+00   0.000000e+00   0.000000e+00   0.000000e+00   0.000000e+00   0.000000e+00
1     2.669843e+01   1.813106e-01  -9.834033e-01   0.000000e+00   6.179121e+00   1.139492e+00   0.000000e+00
0     2.679999e+01   0.000000e+00   0.000000e+00   0.000000e+00   0.000000e+00   0.000000e+00   0.000000e+00
1     2.679999e+01   7.314768e-01  -6.817967e-01   0.000000e+00   4.284076e+00   4.596593e+00   0.000000e+00
0     2.689981e+01   0.000000e+00   0.000000e+00   0.000000e+00   0.000000e+00   0.000000e+00   0.000000e+00
1     2.689981e+01   9.923754e-01  -1.227028e-01   0.000000e+00   7.709194e-01   6.236123e+00   0.000000e+00
0     2.699963e+01   0.000000e+00   0.000000e+00   0.000000e+00   0.000000e+00   0.000000e+00   0.000000e+00
1     2.699963e+01   8.754781e-01   4.831020e-01   0.000000e+00  -3.035869e+00   5.501604e+00   0.000000e+00
0     2.709945e+01   0.000000e+00   0.000000e+00   0.000000e+00   0.000000e+00   0.000000e+00   0.000000e+00
1     2.709945e+01   4.252810e-01   9.049865e-01   0.000000e+00  -5.686891e+00   2.672607e+00   0.000000e+00
0     2.719926e+01   0.000000e+00   0.000000e+00   0.000000e+00   0.000000e+00   0.000000e+00   0.000000e+00
1     2.719926e+01  -1.868208e-01   9.823453e-01   0.000000e+00  -6.172876e+00  -1.173705e+00   0.000000e+00
0     2.729908e+01   0.000000e+00   0.000000e+00   0.000000e+00   0.000000e+00   0.000000e+00   0.000000e+00
1     2.729908e+01  -7.278067e-01   6.857483e-01   0.000000e+00  -4.309045e+00  -4.572982e+00   0.000000e+00
0     2.739890e+01   0.000000e+00   0.000000e+00   0.000000e+00   0.000000e+00   0.000000e+00   0.000000e+00
1     2.739890e+01  -9.917552e-01   1.281197e-01   0.000000e+00  -8.051486e-01  -6.231388e+00   0.000000e+00
0     2.749871e+01   0.000000e+00   0.000000e+00   0.000000e+00   0.000000e+00   0.000000e+00   0.000000e+00
1     2.749871e+01  -8.782138e-01  -4.782767e-01   0.000000e+00   3.005068e+00  -5.517919e+00   0.000000e+00
0     2.759853e+01   0.000000e+00   0.000000e+00   0.000000e+00   0.000000e+00   0.000000e+00   0.000000e+00
1     2.759853e+01  -4.304062e-01  -9.026313e-01   0.000000e+00   5.671487e+00  -2.704199e+00   0.000000e+00
0     2.769834e+01   0.000000e+00   0.000000e+00   0.000000e+00   0.000000e+00   0.000000e+00   0.000000e+00
1     2.769834e+01   1.812254e-01  -9.834175e-01   0.000000e+00   6.179224e+00   1.138959e+00   0.000000e+00
0     2.779991e+01   0.000000e+00   0.000000e+00   0.000000e+00   0.000000e+00   0.000000e+00   0.000000e+00
1     2.779991e+01   7.314178e-01  -6.818579e-01   0.000000e+00   4.284469e+00   4.596232e+00   0.000000e+00
0     2.789973e+01   0.000000e+00   0.000000e+00   0.000000e+00   0.000000e+00   0.000000e+00   0.000000e+00
1     2.789973e+01   9.923637e-01  -1.227856e-01   0.000000e+00   7.714414e-01   6.236063e+00   0.000000e+00
0     2.799955e+01   0.000000e+00   0.000000e+00   0.000000e+00   0.000000e+00   0.000000e+00   0.000000e+00
1     2.799955e+01   8.755167e-01   4.830293e-01   0.000000e+00  -3.035419e+00   5.501858e+00   0.000000e+00
0     2.809936e+01   0.000000e+00   0.000000e+00   0.000000e+00   0.000000e+00   0.000000e+00   0.000000e+00
1     2.809936e+01   4.253537e-01   9.049508e-01   0.000000e+00  -5.686678e+00   2.673069e+00   0.000000e+00
0     2.819918e+01   0.000000e+00   0.000000e+00   0.000000e+00   0.000000e+00   0.000000e+00   0.000000e+00
1     2.819918e+01  -1.867423e-01   9.823588e-01   0.000000e+00  -6.172974e+00  -1.173215e+00   0.000000e+00
0     2.829900e+01   0.000000e+00   0.000000e+00   0.000000e+00   0.000000e+00   0.000000e+00   0.000000e+00
1     2.829900e+01  -7.277520e-01   6.858043e-01   0.000000e+00  -4.309406e+00  -4.572648e+00   0.000000e+00
0     2.839881e+01   0.000000e+00   0.000000e+00   0.000000e+00   0.000000e+00   0.000000e+00   0.000000e+00
1     2.839881e+01  -9.917439e-01   1.281958e-01   0.000000e+00  -8.056282e-01  -6.231331e+00   0.000000e+00
0     2.849863e+01   0.000000e+00   0.000000e+00   0.000000e+00   0.000000e+00   0.000000e+00   0.000000e+00
1     2.849863e+01  -8.782487e-01  -4.782097e-01   0.000000e+00   3.004653e+00  -5.518150e+00   0.000000e+00
0     2.859845e+01   0.000000e+00   0.000000e+00   0.000000e+00   0.000000e+00   0.000000e+00   0.000000e+00
1     2.859845e+01  -4.304725e-01  -9.025981e-01   0.000000e+00   5.671291e+00  -2.704622e+00   0.000000e+00
0     2.869826e+01   0.000000e+00   0.000000e+00   0.000000e+00   0.000000e+00   0.000000e+00   0.000000e+00
1     2.869826e+01   1.811536e-01  -9.834293e-01   0.000000e+00   6.179311e+00   1.138510e+00   0.000000e+00
0     2.879983e+01   0.000000e+00   0.000000e+00   0.000000e+00   0.000000e+00   0.000000e+00   0.000000e+00
1     2.879983e+01   7.313681e-01  -6.819092e-01   0.000000e+00   4.284800e+00   4.595930e+00   0.000000e+00
0     2.889965e+01   0.000000e+00   0.000000e+00   0.000000e+00   0.000000e+00   0.000000e+00   0.000000e+00
1     2.889965e+01   9.923537e-01  -1.228550e-01   0.000000e+00   7.718789e-01   6.236013e+00   0.000000e+00
0     2.899946e+01   0.000000e+00   0.000000e+00   0.000000e+00   0.000000e+00   0.000000e+00   0.000000e+00
1     2.899946e+01   8.755486e-01   4.829684e-01   0.000000e+00  -3.035042e+00   5.502071e+00   0.000000e+00
0     2.909928e+01   0.000000e+00   0.000000e+00   0.000000e+00   0.000000e+00   0.000000e+00   0.000000e+00
1     2.909928e+01   4.254141e-01   9.049209e-01   0.000000e+00  -5.686502e+00   2.673454e+00   0.000000e+00
0     2.919910e+01   0.000000e+00   0.000000e+00   0.000000e+00   0.000000e+00   0.000000e+00   0.000000e+00
1     2.919910e+01  -1.866771e-01   9.823697e-01   0.000000e+00  -6.173056e+00  -1.172808e+00   0.000000e+00
0     2.929891e+01   0.000000e+00   0.000000e+00   0.000000e+00   0.000000e+00   0.000000e+00   0.000000e+00
1     2.929891e+01  -7.277066e-01   6.858504e-01   0.000000e+00  -4.309705e+00  -4.572373e+00   0.000000e+00
0     2.939873e+01   0.000000e+00   0.000000e+00   0.000000e+00   0.000000e+00   0.000000e+00   0.000000e+00
1     2.939873e+01  -9.917344e-01   1.282583e-01   0.000000e+00  -8.060233e-01  -6.231284e+00   0.000000e+00
0     2.949855e+01   0.000000e+00   0.000000e+00   0.000000e+00   0.000000e+00   0.000000e+00   0.000000e+00
1     2.949855e+01  -8.782771e-01  -4.781546e-01   0.000000e+00   3.004314e+00  -5.518340e+00   0.000000e+00
0     2.959836e+01   0.000000e+00   0.000000e+00   0.000000e+00   0.000000e+00   0.000000e+00   0.000000e+00
1     2.959836e+01  -4.305265e-01  -9.025708e-01   0.000000e+00   5.671131e+00  -2.704967e+00   0.000000e+00
0     2.969993e+01   0.000000e+00   0.000000e+00   0.000000e+00   0.000000e+00   0.000000e+00   0.000000e+00
1     2.969993e+01   1.919050e-01  -9.813861e-01   0.000000e+00   6.166488e+00   1.206070e+00   0.000000e+00
0     2.979975e+01   0.000000e+00   0.000000e+00   0.000000e+00   0.000000e+00   0.000000e+00   0.000000e+00
1     2.979975e+01   7.313276e-01  -6.819505e-01   0.000000e+00   4.285069e+00   4.595685e+00   0.000000e+00
0     2.989957e+01   0.000000e+00   0.000000e+00   0.000000e+00   0.000000e+00   0.000000e+00   0.000000e+00
1     2.989957e+01   9.923454e-01  -1.229109e-01   0.000000e+00   7.722320e-01   6.235974e+00   0.000000e+00
0     2.999938e+01   0.000000e+00   0.000000e+00   0.000000e+00   0.000000e+00   0.000000e+00   0.000000e+00
1     2.999938e+01   8.755740e-01   4.829194e-01   0.000000e+00  -3.034741e+00   5.502242e+00   0.000000e+00
0     3.009920e+01   0.000000e+00   0.000000e+00   0.000000e+00   0.000000e+00   0.000000e+00   0.000000e+00
1     3.009920e+01   4.254622e-01   9.048967e-01   0.000000e+00  -5.686362e+00   2.673762e+00   0.000000e+00
0     3.019902e+01   0.000000e+00   0.000000e+00   0.000000e+00   0.000000e+00   0.000000e+00   0.000000e+00
1     3.019902e+01  -1.866253e-01   9.823781e-01   0.000000e+00  -6.173122e+00  -1.172484e+00   0.000000e+00
0     3.029883e+01   0.000000e+00   0.000000e+00   0.000000e+00   0.000000e+00   0.000000e+00   0.000000e+00
1     3.029883e+01  -7.276706e-01   6.858866e-01   0.000000e+00  -4.309942e+00  -4.572156e+00   0.000000e+00
0     3.039865e+01   0.000000e+00   0.000000e+00   0.000000e+00   0.000000e+00   0.000000e+00   0.000000e+00
1     3.039865e+01  -9.917266e-01   1.283075e-01   0.000000e+00  -8.063336e-01  -6.231249e+00   0.000000e+00
0     3.049847e+01   0.000000e+00   0.000000e+00   0.000000e+00   0.000000e+00   0.000000e+00   0.000000e+00
1     3.049847e+01  -8.782990e-01  -4.781115e-01   0.000000e+00   3.004049e+00  -5.518489e+00   0.000000e+00
0     3.059828e+01   0.000000e+00   0.000000e+00   0.000000e+00   0.000000e+00   0.000000e+00   0.000000e+00
1     3.059828e+01  -4.305683e-01  -9.025493e-01   0.000000e+00   5.671008e+00  -2.705235e+00   0.000000e+00
0     3.069985e+01   0.000000e+00   0.000000e+00   0.000000e+00   0.000000e+00   0.000000e+00   0.000000e+00
1     3.069985e+01   1.918599e-01  -9.813935e-01   0.000000e+00   6.166548e+00   1.205790e+00   0.000000e+00
0     3.079967e+01   0.000000e+00   0.000000e+00   0.000000e+00   0.000000e+00   0.000000e+00   0.000000e+00
1     3.079967e+01   7.312963e-01  -6.819820e-01   0.000000e+00   4.285276e+00   4.595498e+00   0.000000e+00
0     3.089948e+01   0.000000e+00   0.000000e+00   0.000000e+00   0.000000e+00   0.000000e+00   0.000000e+00
1     3.089948e+01   9.923387e-01  -1.229534e-01   0.000000e+00   7.725006e-01   6.235945e+00   0.000000e+00
0     3.099930e+01   0.000000e+00   0.000000e+00   0.000000e+00   0.000000e+00   0.000000e+00   0.000000e+00
1     3.099930e+01   8.755929e-01   4.828823e-01   0.000000e+00  -3.034514e+00   5.502372e+00   0.000000e+00
0     3.109912e+01   0.000000e+00   0.000000e+00   0.000000e+00   0.000000e+00   0.000000e+00   0.000000e+00
1     3.109912e+01   4.254980e-01   9.048783e-01   0.000000e+00  -5.686259e+00   2.673993e+00   0.000000e+00
0     3.119893e+01   0.000000e+00   0.000000e+00   0.000000e+00   0.000000e+00   0.000000e+00   0.000000e+00
1     3.119893e+01  -1.865868e-01   9.823840e-01   0.000000e+00  -6.173171e+00  -1.172245e+00   0.000000e+00
0     3.129875e+01   0.000000e+00   0.000000e+00   0.000000e+00   0.000000e+00   0.000000e+00   0.000000e+00
1     3.129875e+01  -7.276438e-01   6.859129e-01   0.000000e+00  -4.310116e+00  -4.571997e+00   0.000000e+00
0     3.139857e+01   0.000000e+00   0.000000e+00   0.000000e+00   0.000000e+00   0.000000e+00   0.000000e+00
1     3.139857e+01  -9.917206e-01   1.283431e-01   0.000000e+00  -8.065593e-01  -6.231224e+00   0.000000e+00
0     3.149838e+01   0.000000e+00   0.000000e+00   0.000000e+00   0.000000e+00   0.000000e+00   0.000000e+00
1     3.149838e+01  -8.783144e-01  -4.780803e-01   0.000000e+00   3.003859e+00  -5.518597e+00   0.000000e+00
0     3.159995e+01   0.000000e+00   0.000000e+00   0.000000e+00   0.000000e+00   0.000000e+00   0.000000e+00
1     3.159995e+01  -4.206414e-01  -9.072165e-01   0.000000e+00   5.700348e+00  -2.642866e+00   0.000000e+00
0     3.169977e+01   0.000000e+00   0.000000e+00   0.000000e+00   0.000000e+00   0.000000e+00   0.000000e+00
1     3.169977e+01   1.918282e-01  -9.813983e-01   0.000000e+00   6.166591e+00   1.205593e+00   0.000000e+00
0     3.179959e+01   0.000000e+00   0.000000e+00   0.000000e+00   0.000000e+00   0.000000e+00   0.000000e+00
1     3.179959e+01   7.312743e-01  -6.820035e-01   0.000000e+00   4.285420e+00   4.595370e+00   0.000000e+00
0     3.189940e+01   0.000000e+00   0.000000e+00   0.000000e+00   0.000000e+00   0.000000e+00   0.000000e+00
1     3.189940e+01   9.923337e-01  -1.229824e-01   0.000000e+00   7.726846e-01   6.235927e+00   0.000000e+00
0     3.199922e+01   0.000000e+00   0.000000e+00   0.000000e+00   0.000000e+00   0.000000e+00   0.000000e+00
1     3.199922e+01   8.756052e-01   4.828570e-01   0.000000e+00  -3.034362e+00   5.502461e+00   0.000000e+00
0     3.209904e+01   0.000000e+00   0.000000e+00   0.000000e+00   0.000000e+00   0.000000e+00   0.000000e+00
1     3.209904e+01   4.255216e-01   9.048656e-01   0.000000e+00  -5.686191e+00   2.674147e+00   0.000000e+00
0     3.219885e+01   0.000000e+00   0.000000e+00   0.000000e+00   0.000000e+00   0.000000e+00   0.000000e+00
1     3.219885e+01  -1.865617e-01   9.823873e-01   0.000000e+00  -6.173206e+00  -1.172090e+00   0.000000e+00
0     3.229867e+01   0.000000e+00   0.000000e+00   0.000000e+00   0.000000e+00   0.000000e+00   0.000000e+00
1     3.229867e+01  -7.276263e-01   6.859294e-01   0.000000e+00  -4.310229e+00  -4.571897e+00   0.000000e+00
0     3.239849e+01   0.000000e+00   0.000000e+00   0.000000e+00   0.000000e+00   0.000000e+00   0.000000e+00
1     3.239849e+01  -9.917163e-01   1.283654e-01   0.000000e+00  -8.067008e-01  -6.231210e+00   0.000000e+00
0     3.249830e+01   0.000000e+00   0.000000e+00   0.000000e+00   0.000000e+00   0.000000e+00   0.000000e+00
1     3.249830e+01  -8.783233e-01  -4.780609e-01   0.000000e+00   3.003744e+00  -5.518665e+00   0.000000e+00
0     3.259987e+01   0.000000e+00   0.000000e+00   0.000000e+00   0.000000e+00   0.000000e+00   0.000000e+00
1     3.259987e+01  -4.206588e-01  -9.072069e-01   0.000000e+00   5.700299e+00  -2.642981e+00   0.000000e+00
0     3.269969e+01   0.000000e+00   0.000000e+00   0.000000e+00   0.000000e+00   0.000000e+00   0.000000e+00
1     3.269969e+01   1.918097e-01  -9.814004e-01   0.000000e+00   6.166617e+00   1.205479e+00   0.000000e+00
0     3.279950e+01   0.000000e+00   0.000000e+00   0.000000e+00   0.000000e+00   0.000000e+00   0.000000e+00
1     3.279950e+01   7.312616e-01  -6.820151e-01   0.000000e+00   4.285503e+00   4.595299e+00   0.000000e+00
0     3.289932e+01   0.000000e+00   0.000000e+00   0.000000e+00   0.000000e+00   0.000000e+00   0.000000e+00
1     3.289932e+01   9.923303e-01  -1.229980e-01   0.000000e+00   7.727841e-01   6.235919e+00   0.000000e+00
0     3.299914e+01   0.000000e+00   0.000000e+00   0.000000e+00   0.000000e+00   0.000000e+00   0.000000e+00
1     3.299914e+01   8.756110e-01   4.828436e-01   0.000000e+00  -3.034284e+00   5.502509e+00   0.000000e+00
0     3.309895e+01   0.000000e+00   0.000000e+00   0.000000e+00   0.000000e+00   0.000000e+00   0.000000e+00
1     3.309895e+01   4.255329e-01   9.048588e-01   0.000000e+00  -5.686160e+00   2.674224e+00   0.000000e+00
0     3.319877e+01   0.000000e+00   0.000000e+00   0.000000e+00   0.000000e+00   0.000000e+00   0.000000e+00
1     3.319877e+01  -1.865498e-01   9.823881e-01   0.000000e+00  -6.173224e+00  -1.172018e+00   0.000000e+00
0     3.329859e+01   0.000000e+00   0.000000e+00   0.000000e+00   0.000000e+00   0.000000e+00   0.000000e+00
1     3.329859e+01  -7.276182e-01   6.859360e-01   0.000000e+00  -4.310280e+00  -4.571855e+00   0.000000e+00
0     3.339840e+01   0.000000e+00   0.000000e+00   0.000000e+00   0.000000e+00   0.000000e+00   0.000000e+00
1     3.339840e+01  -9.917137e-01   1.283742e-01   0.000000e+00  -8.067579e-01  -6.231207e+00   0.000000e+00
0     3.349997e+01   0.000000e+00   0.000000e+00   0.000000e+00   0.000000e+00   0.000000e+00   0.000000e+00
1     3.349997e+01  -8.730127e-01  -4.876884e-01   0.000000e+00   3.064245e+00  -5.485308e+00   0.000000e+00
0     3.359979e+01   0.000000e+00   0.000000e+00   0.000000e+00   0.000000e+00   0.000000e+00   0.000000e+00
1     3.359979e+01  -4.206640e-01  -9.072029e-01   0.000000e+00   5.700287e+00  -2.643019e+00   0.000000e+00
0     3.369960e+01   0.000000e+00   0.000000e+00   0.000000e+00   0.000000e+00   0.000000e+00   0.000000e+00
1     3.369960e+01   1.918045e-01  -9.814000e-01   0.000000e+00   6.166628e+00   1.205449e+00   0.000000e+00
0     3.379942e+01   0.000000e+00   0.000000e+00   0.000000e+00   0.000000e+00   0.000000e+00   0.000000e+00
1     3.379942e+01   7.312580e-01  -6.820169e-01   0.000000e+00   4.285523e+00   4.595286e+00   0.000000e+00
0     3.389924e+01   0.000000e+00   0.000000e+00   0.000000e+00   0.000000e+00   0.000000e+00   0.000000e+00
1     3.389924e+01   9.923286e-01  -1.230002e-01   0.000000e+00   7.727993e-01   6.235922e+00   0.000000e+00
0     3.399906e+01   0.000000e+00   0.000000e+00   0.000000e+00   0.000000e+00   0.000000e+00   0.000000e+00
1     3.399906e+01   8.756103e-01   4.828421e-01   0.000000e+00  -3.034281e+00   5.502516e+00   0.000000e+00
0     3.409887e+01   0.000000e+00   0.000000e+00   0.000000e+00   0.000000e+00   0.000000e+00   0.000000e+00
1     3.409887e+01   4.255320e-01   9.048576e-01   0.000000e+00  -5.686165e+00   2.674224e+00   0.000000e+00
0     3.419869e+01   0.000000e+00   0.000000e+00   0.000000e+00   0.000000e+00   0.000000e+00   0.000000e+00
1     3.419869e+01  -1.865513e-01   9.823864e-01   0.000000e+00  -6.173226e+00  -1.172029e+00   0.000000e+00
0     3.429851e+01   0.000000e+00   0.000000e+00   0.000000e+00   0.000000e+00   0.000000e+00   0.000000e+00
1     3.429851e+01  -7.276193e-01   6.859328e-01   0.000000e+00  -4.310269e+00  -4.571872e+00   0.000000e+00
0     3.439832e+01   0.000000e+00   0.000000e+00   0.000000e+00   0.000000e+00   0.000000e+00   0.000000e+00
1     3.439832e+01  -9.917129e-01   1.283696e-01   0.000000e+00  -8.067309e-01  -6.231215e+00   0.000000e+00
0     3.449989e+01   0.000000e+00   0.000000e+00   0.000000e+00   0.000000e+00   0.000000e+00   0.000000e+00
1     3.449989e+01  -8.730087e-01  -4.876928e-01   0.000000e+00   3.064278e+00  -5.485294e+00   0.000000e+00
0     3.459971e+01   0.000000e+00   0.000000e+00   0.000000e+00   0.000000e+00   0.000000e+00   0.000000e+00
1     3.459971e+01  -4.206569e-01  -9.072046e-01   0.000000e+00   5.700309e+00  -2.642981e+00   0.000000e+00
0     3.469952e+01   0.000000e+00   0.000000e+00   0.000000e+00   0.000000e+00   0.000000e+00   0.000000e+00
1     3.469952e+01   1.918125e-01  -9.813970e-01   0.000000e+00   6.166622e+00   1.205502e+00   0.000000e+00
0     3.479934e+01   0.000000e+00   0.000000e+00   0.000000e+00   0.000000e+00   0.000000e+00   0.000000e+00
1     3.479934e+01   7.312637e-01  -6.820087e-01   0.000000e+00   4.285480e+00   4.595332e+00   0.000000e+00
0     3.489916e+01   0.000000e+00   0.000000e+00   0.000000e+00   0.000000e+00   0.000000e+00   0.000000e+00
1     3.489916e+01   9.923286e-01  -1.229889e-01   0.000000e+00   7.727303e-01   6.235935e+00   0.000000e+00
0     3.499897e+01   0.000000e+00   0.000000e+00   0.000000e+00   0.000000e+00   0.000000e+00   0.000000e+00
1     3.499897e+01   8.756030e-01   4.828523e-01   0.000000e+00  -3.034352e+00   5.502482e+00   0.000000e+00
0     3.509879e+01   0.000000e+00   0.000000e+00   0.000000e+00   0.000000e+00   0.000000e+00   0.000000e+00
1     3.509879e+01   4.255188e-01   9.048623e-01   0.000000e+00  -5.686206e+00   2.674147e+00   0.000000e+00
0     3.519861e+01   0.000000e+00   0.000000e+00   0.000000e+00   0.000000e+00   0.000000e+00   0.000000e+00
1     3.519861e+01  -1.865660e-01   9.823822e-01   0.000000e+00  -6.173212e+00  -1.172124e+00   0.000000e+00
0     3.529842e+01   0.000000e+00   0.000000e+00   0.000000e+00   0.000000e+00   0.000000e+00   0.000000e+00
1     3.529842e+01  -7.276296e-01   6.859198e-01   0.000000e+00  -4.310196e+00  -4.571946e+00   0.000000e+00
0     3.539999e+01   0.000000e+00   0.000000e+00   0.000000e+00   0.000000e+00   0.000000e+00   0.000000e+00
1     3.539999e+01  -9.930663e-01   1.174322e-01   0.000000e+00  -7.380071e-01  -6.239730e+00   0.000000e+00
0     3.549981e+01   0.000000e+00   0.000000e+00   0.000000e+00   0.000000e+00   0.000000e+00   0.000000e+00
1     3.549981e+01  -8.729980e-01  -4.877089e-01   0.000000e+00   3.064386e+00  -5.485239e+00   0.000000e+00
0     3.559962e+01   0.000000e+00   0.000000e+00   0.000000e+00   0.000000e+00   0.000000e+00   0.000000e+00
1     3.559962e+01  -4.206377e-01  -9.072120e-01   0.000000e+00   5.700368e+00  -2.642865e+00   0.000000e+00
0     3.569944e+01   0.000000e+00   0.000000e+00   0.000000e+00   0.000000e+00   0.000000e+00   0.000000e+00
1     3.569944e+01   1.918338e-01  -9.813914e-01   0.000000e+00   6.166600e+00   1.205638e+00   0.000000e+00
0     3.579926e+01   0.000000e+00   0.000000e+00   0.000000e+00   0.000000e+00   0.000000e+00   0.000000e+00
1     3.579926e+01   7.312785e-01  -6.819908e-01   0.000000e+00   4.285376e+00   4.595435e+00   0.000000e+00
0     3.589907e+01   0.000000e+00   0.000000e+00   0.000000e+00   0.000000e+00   0.000000e+00   0.000000e+00
1     3.589907e+01   9.923303e-01  -1.229643e-01   0.000000e+00   7.725772e-01   6.235958e+00   0.000000e+00
0     3.599889e+01   0.000000e+00   0.000000e+00   0.000000e+00   0.000000e+00   0.000000e+00   0.000000e+00
1     3.599889e+01   8.755892e-01   4.828744e-01   0.000000e+00  -3.034497e+00   5.502407e+00   0.000000e+00
0     3.609871e+01   0.000000e+00   0.000000e+00   0.000000e+00   0.000000e+00   0.000000e+00   0.000000e+00
1     3.609871e+01   4.254935e-01   9.048726e-01   0.000000e+00  -5.686283e+00   2.673993e+00   0.000000e+00
0     3.619853e+01   0.000000e+00   0.000000e+00   0.000000e+00   0.000000e+00   0.000000e+00   0.000000e+00
1     3.619853e+01  -1.865939e-01   9.823755e-01   0.000000e+00  -6.173183e+00  -1.172302e+00   0.000000e+00
0     3.629834e+01   0.000000e+00   0.000000e+00   0.000000e+00   0.000000e+00   0.000000e+00   0.000000e+00
1     3.629834e+01  -7.276492e-01   6.858969e-01   0.000000e+00  -4.310062e+00  -4.572079e+00   0.000000e+00
0     3.639991e+01   0.000000e+00   0.000000e+00   0.000000e+00   0.000000e+00   0.000000e+00   0.000000e+00
1     3.639991e+01  -9.930686e-01   1.174008e-01   0.000000e+00  -7.378115e-01  -6.239758e+00   0.000000e+00
0     3.649973e+01   0.000000e+00   0.000000e+00   0.000000e+00   0.000000e+00   0.000000e+00   0.000000e+00
1     3.649973e+01  -8.729808e-01  -4.877368e-01   0.000000e+00   3.064568e+00  -5.485142e+00   0.000000e+00
0     3.659954e+01   0.000000e+00   0.000000e+00   0.000000e+00   0.000000e+00   0.000000e+00   0.000000e+00
1     3.659954e+01  -4.206061e-01  -9.072251e-01   0.000000e+00   5.700462e+00  -2.642672e+00   0.000000e+00
0     3.669936e+01   0.000000e+00   0.000000e+00   0.000000e+00   0.000000e+00   0.000000e+00   0.000000e+00
1     3.669936e+01   1.918683e-01  -9.813832e-01   0.000000e+00   6.166561e+00   1.205858e+00   0.000000e+00
0     3.679918e+01   0.000000e+00   0.000000e+00   0.000000e+00   0.000000e+00   0.000000e+00   0.000000e+00
1     3.679918e+01   7.313026e-01  -6.819629e-01   0.000000e+00   4.285210e+00   4.595596e+00   0.000000e+00
0     3.689899e+01   0.000000e+00   0.000000e+00   0.000000e+00   0.000000e+00   0.000000e+00   0.000000e+00
1     3.689899e+01   9.923336e-01  -1.229263e-01   0.000000e+00   7.723400e-01   6.235992e+00   0.000000e+00
0     3.699881e+01   0.000000e+00   0.000000e+00   0.000000e+00   0.000000e+00   0.000000e+00   0.000000e+00
1     3.699881e+01   8.755689e-01   4.829083e-01   0.000000e+00  -3.034716e+00   5.502291e+00   0.000000e+00
0     3.709863e+01   0.000000e+00   0.000000e+00   0.000000e+00   0.000000e+00   0.000000e+00   0.000000e+00
1     3.709863e+01   4.254559e-01   9.048887e-01   0.000000e+00  -5.686396e+00   2.673763e+00   0.000000e+00
0     3.719844e+01   0.000000e+00   0.000000e+00   0.000000e+00   0.000000e+00   0.000000e+00   0.000000e+00
1     3.719844e+01  -1.866351e-01   9.823662e-01   0.000000e+00  -6.173138e+00  -1.172563e+00   0.000000e+00
0     3.729826e+01   0.000000e+00   0.000000e+00   0.000000e+00   0.000000e+00   0.000000e+00   0.000000e+00
1     3.729826e+01  -7.276780e-01   6.858643e-01   0.000000e+00  -4.309866e+00  -4.572270e+00   0.000000e+00
0     3.739983e+01   0.000000e+00   0.000000e+00   0.000000e+00   0.000000e+00   0.000000e+00   0.000000e+00
1     3.739983e+01  -9.930725e-01   1.173561e-01   0.000000e+00  -7.375322e-01  -6.239795e+00   0.000000e+00
0     3.749964e+01   0.000000e+00   0.000000e+00   0.000000e+00   0.000000e+00   0.000000e+00   0.000000e+00
1     3.749964e+01  -8.729571e-01  -4.877765e-01   0.000000e+00   3.064824e+00  -5.485005e+00   0.000000e+00
0     3.759946e+01   0.000000e+00   0.000000e+00   0.000000e+00   0.000000e+00   0.000000e+00   0.000000e+00
1     3.759946e+01  -4.205624e-01  -9.072438e-01   0.000000e+00   5.700591e+00  -2.642403e+00   0.000000e+00
0     3.769928e+01   0.000000e+00   0.000000e+00   0.000000e+00   0.000000e+00   0.000000e+00   0.000000e+00
1     3.769928e+01   1.919160e-01  -9.813725e-01   0.000000e+00   6.166507e+00   1.206160e+00   0.000000e+00
0     3.779909e+01   0.000000e+00   0.000000e+00   0.000000e+00   0.000000e+00   0.000000e+00   0.000000e+00
1     3.779909e+01   7.313358e-01  -6.819252e-01   0.000000e+00   4.284983e+00   4.595814e+00   0.000000e+00
0     3.789891e+01   0.000000e+00   0.000000e+00   0.000000e+00   0.000000e+00   0.000000e+00   0.000000e+00
1     3.789891e+01   9.923385e-01  -1.228749e-01   0.000000e+00   7.720189e-01   6.236036e+00   0.000000e+00
0     3.799873e+01   0.000000e+00   0.000000e+00   0.000000e+00   0.000000e+00   0.000000e+00   0.000000e+00
1     3.799873e+01   8.755421e-01   4.829540e-01   0.000000e+00  -3.035009e+00   5.502134e+00   0.000000e+00
0     3.809855e+01   0.000000e+00   0.000000e+00   0.000000e+00   0.000000e+00   0.000000e+00   0.000000e+00
1     3.809855e+01   4.254062e-01   9.049106e-01   0.000000e+00  -5.686545e+00   2.673456e+00   0.000000e+00
0     3.819836e+01   0.000000e+00   0.000000e+00   0.000000e+00   0.000000e+00   0.000000e+00   0.000000e+00
1     3.819836e+01  -1.866895e-01   9.823545e-01   0.000000e+00  -6.173077e+00  -1.172907e+00   0.000000e+00
0     3.829993e+01   0.000000e+00   0.000000e+00   0.000000e+00   0.000000e+00   0.000000e+00   0.000000e+00
1     3.829993e+01  -7.352187e-01   6.777733e-01   0.000000e+00  -4.259032e+00  -4.619661e+00   0.000000e+00
0     3.839975e+01   0.000000e+00   0.000000e+00   0.000000e+00   0.000000e+00   0.000000e+00   0.000000e+00
1     3.839975e+01  -9.930779e-01   1.172981e-01   0.000000e+00  -7.371691e-01  -6.239843e+00   0.000000e+00
0     3.849956e+01   0.000000e+00   0.000000e+00   0.000000e+00   0.000000e+00   0.000000e+00   0.000000e+00
1     3.849956e+01  -8.729268e-01  -4.878278e-01   0.000000e+00   3.065153e+00  -5.484826e+00   0.000000e+00
0     3.859938e+01   0.000000e+00   0.000000e+00   0.000000e+00   0.000000e+00   0.000000e+00   0.000000e+00
1     3.859938e+01  -4.205066e-01  -9.072682e-01   0.000000e+00   5.700757e+00  -2.642058e+00   0.000000e+00
0     3.869920e+01   0.000000e+00   0.000000e+00   0.000000e+00   0.000000e+00   0.000000e+00   0.000000e+00
1     3.869920e+01   1.919768e-01  -9.813592e-01   0.000000e+00   6.166436e+00   1.206545e+00   0.000000e+00
0     3.879901e+01   0.000000e+00   0.000000e+00   0.000000e+00   0.000000e+00   0.000000e+00   0.000000e+00
1     3.879901e+01   7.313782e-01  -6.818777e-01   0.000000e+00   4.284693e+00   4.596090e+00   0.000000e+00
0     3.889883e+01   0.000000e+00   0.000000e+00   0.000000e+00   0.000000e+00   0.000000e+00   0.000000e+00
1     3.889883e+01   9.923451e-01  -1.228103e-01   0.000000e+00   7.716142e-01   6.236091e+00   0.000000e+00
0     3.899865e+01   0.000000e+00   0.000000e+00   0.000000e+00   0.000000e+00   0.000000e+00   0.000000e+00
1     3.899865e+01   8.755088e-01   4.830114e-01   0.000000e+00  -3.035377e+00   5.501937e+00   0.000000e+00
0     3.909846e+01   0.000000e+00   0.000000e+00   0.000000e+00   0.000000e+00   0.000000e+00   0.000000e+00
1     3.909846e+01   4.253444e-01   9.049381e-01   0.000000e+00  -5.686730e+00   2.673073e+00   0.000000e+00
0     3.919828e+01   0.000000e+00   0.000000e+00   0.000000e+00   0.000000e+00   0.000000e+00   0.000000e+00
1     3.919828e+01  -1.867570e-01   9.823402e-01   0.000000e+00  -6.173000e+00  -1.173334e+00   0.000000e+00
0     3.929985e+01   0.000000e+00   0.000000e+00   0.000000e+00   0.000000e+00   0.000000e+00   0.000000e+00
1     3.929985e+01  -7.352653e-01   6.777207e-01   0.000000e+00  -4.258710e+00  -4.619963e+00   0.000000e+00
0     3.939966e+01   0.000000e+00   0.000000e+00   0.000000e+00   0.000000e+00   0.000000e+00   0.000000e+00
1     3.939966e+01  -9.930849e-01   1.172267e-01   0.000000e+00  -7.367222e-01  -6.239900e+00   0.000000e+00
0     3.949948e+01   0.000000e+00   0.000000e+00   0.000000e+00   0.000000e+00   0.000000e+00   0.000000e+00
1     3.949948e+01  -8.728899e-01  -4.878909e-01   0.000000e+00   3.065555e+00  -5.484606e+00   0.000000e+00
0     3.959930e+01   0.000000e+00   0.000000e+00   0.000000e+00   0.000000e+00   0.000000e+00   0.000000e+00
1     3.959930e+01  -4.204385e-01  -9.072982e-01   0.000000e+00   5.700957e+00  -2.641636e+00   0.000000e+00
0     3.969911e+01   0.000000e+00   0.000000e+00   0.000000e+00   0.000000e+00   0.000000e+00   0.000000e+00
1     3.969911e+01   1.920509e-01  -9.813432e-01   0.000000e+00   6.166349e+00   1.207013e+00   0.000000e+00
0     3.979893e+01   0.000000e+00   0.000000e+00   0.000000e+00   0.000000e+00   0.000000e+00   0.000000e+00
1     3.979893e+01   7.314297e-01  -6.818204e-01   0.000000e+00   4.284342e+00   4.596423e+00   0.000000e+00
0     3.989875e+01   0.000000e+00   0.000000e+00   0.000000e+00   0.000000e+00   0.000000e+00   0.000000e+00
1     3.989875e+01   9.923533e-01  -1.227323e-01   0.000000e+00   7.711257e-01   6.236156e+00   0.000000e+00
0     3.999857e+01   0.000000e+00   0.000000e+00   0.000000e+00   0.000000e+00   0.000000e+00   0.000000e+00
1     3.999857e+01   8.754691e-01   4.830805e-01   0.000000e+00  -3.035817e+00   5.501699e+00   0.000000e+00
0     4.009838e+01   0.000000e+00   0.000000e+00   0.000000e+00   0.000000e+00   0.000000e+00   0.000000e+00
1     4.009838e+01   4.252704e-01   9.049713e-01   0.000000e+00  -5.686951e+00   2.672614e+00   0.000000e+00
0     4.019995e+01   0.000000e+00   0.000000e+00   0.000000e+00   0.000000e+00   0.000000e+00   0.000000e+00
1     4.019995e+01  -1.976360e-01   9.802084e-01   0.000000e+00  -6.159615e+00  -1.241698e+00   0.000000e+00
0     4.029977e+01   0.000000e+00   0.000000e+00   0.000000e+00   0.000000e+00   0.000000e+00   0.000000e+00
1     4.029977e+01  -7.353211e-01   6.776581e-01   0.000000e+00  -4.258326e+00  -4.620324e+00   0.000000e+00
0     4.039958e+01   0.000000e+00   0.000000e+00   0.000000e+00   0.000000e+00   0.000000e+00   0.000000e+00
1     4.039958e+01  -9.930935e-01   1.171420e-01   0.000000e+00  -7.361915e-01  -6.239967e+00   0.000000e+00
0     4.049940e+01   0.000000e+00   0.000000e+00   0.000000e+00   0.000000e+00   0.000000e+00   0.000000e+00
1     4.049940e+01  -8.728465e-01  -4.879657e-01   0.000000e+00   3.066032e+00  -5.484344e+00   0.000000e+00
0     4.059922e+01   0.000000e+00   0.000000e+00   0.000000e+00   0.000000e+00   0.000000e+00   0.000000e+00
1     4.059922e+01  -4.203582e-01  -9.073338e-01   0.000000e+00   5.701193e+00  -2.641137e+00   0.000000e+00
0     4.069903e+01   0.000000e+00   0.000000e+00   0.000000e+00   0.000000e+00   0.000000e+00   0.000000e+00
1     4.069903e+01   1.921381e-01  -9.813247e-01   0.000000e+00   6.166246e+00   1.207563e+00   0.000000e+00
0     4.079885e+01   0.000000e+00   0.000000e+00   0.000000e+00   0.000000e+00   0.000000e+00   0.000000e+00
1     4.079885e+01   7.314904e-01  -6.817532e-01   0.000000e+00   4.283929e+00   4.596814e+00   0.000000e+00
0     4.089867e+01   0.000000e+00   0.000000e+00   0.000000e+00   0.000000e+00   0.000000e+00   0.000000e+00
1     4.089867e+01   9.923632e-01  -1.226409e-01   0.000000e+00   7.705533e-01   6.236231e+00   0.000000e+00
0     4.099848e+01   0.000000e+00   0.000000e+00   0.000000e+00   0.000000e+00   0.000000e+00   0.000000e+00
1     4.099848e+01   8.754228e-01   4.831615e-01   0.000000e+00  -3.036332e+00   5.501419e+00   0.000000e+00
0     4.109830e+01   0.000000e+00   0.000000e+00   0.000000e+00   0.000000e+00   0.000000e+00   0.000000e+00
1     4.109830e+01   4.251842e-01   9.050103e-01   0.000000e+00  -5.687208e+00   2.672078e+00   0.000000e+00
0     4.119987e+01   0.000000e+00   0.000000e+00   0.000000e+00   0.000000e+00   0.000000e+00   0.000000e+00
1     4.119987e+01  -1.977297e-01   9.801881e-01   0.000000e+00  -6.159500e+00  -1.242290e+00   0.000000e+00
0     4.129969e+01   0.000000e+00   0.000000e+00   0.000000e+00   0.000000e+00   0.000000e+00   0.000000e+00
1     4.129969e+01  -7.353860e-01   6.775856e-01   0.000000e+00  -4.257879e+00  -4.620741e+00   0.000000e+00
0     4.139950e+01   0.000000e+00   0.000000e+00   0.000000e+00   0.000000e+00   0.000000e+00   0.000000e+00
1     4.139950e+01  -9.931037e-01   1.170439e-01   0.000000e+00  -7.355766e-01  -6.240044e+00   0.000000e+00
0     4.149932e+01   0.000000e+00   0.000000e+00   0.000000e+00   0.000000e+00   0.000000e+00   0.000000e+00
1     4.149932e+01  -8.727965e-01  -4.880523e-01   0.000000e+00   3.066582e+00  -5.484042e+00   0.000000e+00
0     4.159914e+01   0.000000e+00   0.000000e+00   0.000000e+00   0.000000e+00   0.000000e+00   0.000000e+00
1     4.159914e+01  -4.202657e-01  -9.073751e-01   0.000000e+00   5.701465e+00  -2.640561e+00   0.000000e+00
0     4.169895e+01   0.000000e+00   0.000000e+00   0.000000e+00   0.000000e+00   0.000000e+00   0.000000e+00
1     4.169895e+01   1.922386e-01  -9.813036e-01   0.000000e+00   6.166126e+00   1.208197e+00   0.000000e+00
0     4.179877e+01   0.000000e+00   0.000000e+00   0.000000e+00   0.000000e+00   0.000000e+00   0.000000e+00
1     4.179877e+01   7.315603e-01  -6.816762e-01   0.000000e+00   4.283454e+00   4.597263e+00   0.000000e+00
0     4.189859e+01   0.000000e+00   0.000000e+00   0.000000e+00   0.000000e+00   0.000000e+00   0.000000e+00
1     4.189859e+01   9.923747e-01  -1.225362e-01   0.000000e+00   7.698968e-01   6.236316e+00   0.000000e+00
0     4.199840e+01   0.000000e+00   0.000000e+00   0.000000e+00   0.000000e+00   0.000000e+00   0.000000e+00
1     4.199840e+01   8.753701e-01   4.832542e-01   0.000000e+00  -3.036921e+00   5.501099e+00   0.000000e+00
0     4.209997e+01   0.000000e+00   0.000000e+00   0.000000e+00   0.000000e+00   0.000000e+00   0.000000e+00
1     4.209997e+01   4.151006e-01   9.096782e-01   0.000000e+00  -5.716552e+00   2.608717e+00   0.000000e+00
0     4.219979e+01   0.000000e+00   0.000000e+00   0.000000e+00   0.000000e+00   0.000000e+00   0.000000e+00
1     4.219979e+01  -1.978367e-01   9.801651e-01   0.000000e+00  -6.159368e+00  -1.242964e+00   0.000000e+00
0     4.229960e+01   0.000000e+00   0.000000e+00   0.000000e+00   0.000000e+00   0.000000e+00   0.000000e+00
1     4.229960e+01  -7.354600e-01   6.775033e-01   0.000000e+00  -4.257370e+00  -4.621216e+00   0.000000e+00
0     4.239942e+01   0.000000e+00   0.000000e+00   0.000000e+00   0.000000e+00   0.000000e+00   0.000000e+00
1     4.239942e+01  -9.931154e-01   1.169325e-01   0.000000e+00  -7.348780e-01  -6.240131e+00   0.000000e+00
0     4.249924e+01   0.000000e+00   0.000000e+00   0.000000e+00   0.000000e+00   0.000000e+00   0.000000e+00
1     4.249924e+01  -8.727399e-01  -4.881505e-01   0.000000e+00   3.067206e+00  -5.483698e+00   0.000000e+00
0     4.259905e+01   0.000000e+00   0.000000e+00   0.000000e+00   0.000000e+00   0.000000e+00   0.000000e+00
1     4.259905e+01  -4.201610e-01  -9.074221e-01   0.000000e+00   5.701771e+00  -2.639909e+00   0.000000e+00
0     4.269887e+01   0.000000e+00   0.000000e+00   0.000000e+00   0.000000e+00   0.000000e+00   0.000000e+00
1     4.269887e+01   1.923522e-01  -9.812799e-01   0.000000e+00   6.165990e+00   1.208914e+00   0.000000e+00
0     4.279869e+01   0.000000e+00   0.000000e+00   0.000000e+00   0.000000e+00   0.000000e+00   0.000000e+00
1     4.279869e+01   7.316393e-01  -6.815893e-01   0.000000e+00   4.282917e+00   4.597769e+00   0.000000e+00
0     4.289850e+01   0.000000e+00   0.000000e+00   0.000000e+00   0.000000e+00   0.000000e+00   0.000000e+00
1     4.289850e+01   9.923879e-01  -1.224182e-01   0.000000e+00   7.691568e-01   6.236412e+00   0.000000e+00
0     4.299832e+01   0.000000e+00   0.000000e+00   0.000000e+00   0.000000e+00   0.000000e+00   0.000000e+00
1     4.299832e+01   8.753108e-01   4.833586e-01   0.000000e+00  -3.037584e+00   5.500739e+00   0.000000e+00
0     4.309989e+01   0.000000e+00   0.000000e+00   0.000000e+00   0.000000e+00   0.000000e+00   0.000000e+00
1     4.309989e+01   4.149895e-01   9.097273e-01   0.000000e+00  -5.716872e+00   2.608024e+00   0.000000e+00
0     4.319971e+01   0.000000e+00   0.000000e+00   0.000000e+00   0.000000e+00   0.000000e+00   0.000000e+00
1     4.319971e+01  -1.979567e-01   9.801394e-01   0.000000e+00  -6.159220e+00  -1.243721e+00   0.000000e+00
0     4.329952e+01   0.000000e+00   0.000000e+00   0.000000e+00   0.000000e+00   0.000000e+00   0.000000e+00
1     4.329952e+01  -7.355430e-01   6.774111e-01   0.000000e+00  -4.256800e+00  -4.621747e+00   0.000000e+00
0     4.339934e+01   0.000000e+00   0.000000e+00   0.000000e+00   0.000000e+00   0.000000e+00   0.000000e+00
1     4.339934e+01  -9.931287e-01   1.168078e-01   0.000000e+00  -7.340960e-01  -6.240227e+00   0.000000e+00
0     4.349916e+01   0.000000e+00   0.000000e+00   0.000000e+00   0.000000e+00   0.000000e+00   0.000000e+00
1     4.349916e+01  -8.726769e-01  -4.882604e-01   0.000000e+00   3.067903e+00  -5.483313e+00   0.000000e+00
0     4.359897e+01   0.000000e+00   0.000000e+00   0.000000e+00   0.000000e+00   0.000000e+00   0.000000e+00
1     4.359897e+01  -4.200442e-01  -9.074746e-01   0.000000e+00   5.702113e+00  -2.639181e+00   0.000000e+00
0     4.369879e+01   0.000000e+00   0.000000e+00   0.000000e+00   0.000000e+00   0.000000e+00   0.000000e+00
1     4.369879e+01   1.924789e-01  -9.812537e-01   0.000000e+00   6.165838e+00   1.209713e+00   0.000000e+00
0     4.379861e+01   0.000000e+00   0.000000e+00   0.000000e+00   0.000000e+00   0.000000e+00   0.000000e+00
1     4.379861e+01   7.317274e-01  -6.814927e-01   0.000000e+00   4.282319e+00   4.598332e+00   0.000000e+00
0     4.389842e+01   0.000000e+00   0.000000e+00   0.000000e+00   0.000000e+00   0.000000e+00   0.000000e+00
1     4.389842e+01   9.924027e-01  -1.222869e-01   0.000000e+00   7.683336e-01   6.236518e+00   0.000000e+00
0     4.399999e+01   0.000000e+00   0.000000e+00   0.000000e+00   0.000000e+00   0.000000e+00   0.000000e+00
1     4.399999e+01   8.698716e-01   4.930773e-01   0.000000e+00  -3.098663e+00   5.466569e+00   0.000000e+00
0     4.409981e+01   0.000000e+00   0.000000e+00   0.000000e+00   0.000000e+00   0.000000e+00   0.000000e+00
1     4.409981e+01   4.148663e-01   9.097820e-01   0.000000e+00  -5.717228e+00   2.607255e+00   0.000000e+00
0     4.419962e+01   0.000000e+00   0.000000e+00   0.000000e+00   0.000000e+00   0.000000e+00   0.000000e+00
1     4.419962e+01  -1.980898e-01   9.801111e-01   0.000000e+00  -6.159055e+00  -1.244561e+00   0.000000e+00
0     4.429944e+01   0.000000e+00   0.000000e+00   0.000000e+00   0.000000e+00   0.000000e+00   0.000000e+00
1     4.429944e+01  -7.356351e-01   6.773090e-01   0.000000e+00  -4.256168e+00  -4.622335e+00   0.000000e+00
0     4.439926e+01   0.000000e+00   0.000000e+00   0.000000e+00   0.000000e+00   0.000000e+00   0.000000e+00
1     4.439926e+01  -9.931435e-01   1.166698e-01   0.000000e+00  -7.332302e-01  -6.240333e+00   0.000000e+00
0     4.449907e+01   0.000000e+00   0.000000e+00   0.000000e+00   0.000000e+00   0.000000e+00   0.000000e+00
1     4.449907e+01  -8.726072e-01  -4.883821e-01   0.000000e+00   3.068674e+00  -5.482887e+00   0.000000e+00
0     4.459889e+01   0.000000e+00   0.000000e+00   0.000000e+00   0.000000e+00   0.000000e+00   0.000000e+00
1     4.459889e+01  -4.199152e-01  -9.075327e-01   0.000000e+00   5.702491e+00  -2.638375e+00   0.000000e+00
0     4.469871e+01   0.000000e+00   0.000000e+00   0.000000e+00   0.000000e+00   0.000000e+00   0.000000e+00
1     4.469871e+01   1.926189e-01  -9.812248e-01   0.000000e+00   6.165669e+00   1.210594e+00   0.000000e+00
0     4.479852e+01   0.000000e+00   0.000000e+00   0.000000e+00   0.000000e+00   0.000000e+00   0.000000e+00
1     4.479852e+01   7.318246e-01  -6.813862e-01   0.000000e+00   4.281659e+00   4.598953e+00   0.000000e+00
0     4.489834e+01   0.000000e+00   0.000000e+00   0.000000e+00   0.000000e+00   0.000000e+00   0.000000e+00
1     4.489834e+01   9.924191e-01  -1.221423e-01   0.000000e+00   7.674263e-01   6.236634e+00   0.000000e+00
0     4.499991e+01   0.000000e+00   0.000000e+00   0.000000e+00   0.000000e+00   0.000000e+00   0.000000e+00
1     4.499991e+01   8.697979e-01   4.932044e-01   0.000000e+00  -3.099469e+00   5.466118e+00   0.000000e+00
0     4.509973e+01   0.000000e+00   0.000000e+00   0.000000e+00   0.000000e+00   0.000000e+00   0.000000e+00
1     4.509973e+01   4.147309e-01   9.098422e-01   0.000000e+00  -5.717618e+00   2.606410e+00   0.000000e+00
0     4.519954e+01   0.000000e+00   0.000000e+00   0.000000e+00   0.000000e+00   0.000000e+00   0.000000e+00
1     4.519954e+01  -1.982362e-01   9.800801e-01   0.000000e+00  -6.158873e+00  -1.245483e+00   0.000000e+00
0     4.529936e+01   0.000000e+00   0.000000e+00   0.000000e+00   0.000000e+00   0.000000e+00   0.000000e+00
1     4.529936e+01  -7.357363e-01   6.771970e-01   0.000000e+00  -4.255473e+00  -4.622981e+00   0.000000e+00
0     4.539918e+01   0.000000e+00   0.000000e+00   0.000000e+00   0.000000e+00   0.000000e+00   0.000000e+00
1     4.539918e+01  -9.931598e-01   1.165184e-01   0.000000e+00  -7.322806e-01  -6.240449e+00   0.000000e+00
0     4.549899e+01   0.000000e+00   0.000000e+00   0.000000e+00   0.000000e+00   0.000000e+00   0.000000e+00
1     4.549899e+01  -8.725310e-01  -4.885154e-01   0.000000e+00   3.069518e+00  -5.482419e+00   0.000000e+00
0     4.559881e+01   0.000000e+00   0.000000e+00   0.000000e+00   0.000000e+00   0.000000e+00   0.000000e+00
1     4.559881e+01  -4.197740e-01  -9.075965e-01   0.000000e+00   5.702904e+00  -2.637494e+00   0.000000e+00
0     4.569863e+01   0.000000e+00   0.000000e+00   0.000000e+00   0.000000e+00   0.000000e+00   0.000000e+00
1     4.569863e+01   1.927719e-01  -9.811933e-01   0.000000e+00   6.165484e+00   1.211559e+00   0.000000e+00
0     4.579844e+01   0.000000e+00   0.000000e+00   0.000000e+00   0.000000e+00   0.000000e+00   0.000000e+00
1     4.579844e+01   7.319309e-01  -6.812699e-01   0.000000e+00   4.280937e+00   4.599631e+00   0.000000e+00
0     4.589826e+01   0.000000e+00   0.000000e+00   0.000000e+00   0.000000e+00   0.000000e+00   0.000000e+00
1     4.589826e+01   9.924371e-01  -1.219844e-01   0.000000e+00   7.664356e-01   6.236761e+00   0.000000e+00
0     4.599983e+01   0.000000e+00   0.000000e+00   0.000000e+00   0.000000e+00   0.000000e+00   0.000000e+00
1     4.599983e+01   8.697176e-01   4.933431e-01   0.000000e+00  -3.100347e+00   5.465625e+00   0.000000e+00
0     4.609964e+01   0.000000e+00   0.000000e+00   0.000000e+00   0.000000e+00   0.000000e+00   0.000000e+00
1     4.609964e+01   4.145832e-01   9.099080e-01   0.000000e+00  -5.718043e+00   2.605488e+00   0.000000e+00
0     4.619946e+01   0.000000e+00   0.000000e+00   0.000000e+00   0.000000e+00   0.000000e+00   0.000000e+00
1     4.619946e+01  -1.983956e-01   9.800464e-01   0.000000e+00  -6.158674e+00  -1.246487e+00   0.000000e+00
0     4.629928e+01   0.000000e+00   0.000000e+00   0.000000e+00   0.000000e+00   0.000000e+00   0.000000e+00
1     4.629928e+01  -7.358464e-01   6.770753e-01   0.000000e+00  -4.254717e+00  -4.623683e+00   0.000000e+00
0     4.639909e+01   0.000000e+00   0.000000e+00   0.000000e+00   0.000000e+00   0.000000e+00   0.000000e+00
1     4.639909e+01  -9.931777e-01   1.163538e-01   0.000000e+00  -7.312479e-01  -6.240575e+00   0.000000e+00
0     4.649891e+01   0.000000e+00   0.000000e+00   0.000000e+00   0.000000e+00   0.000000e+00   0.000000e+00
1     4.649891e+01  -8.724482e-01  -4.886603e-01   0.000000e+00   3.070435e+00  -5.481911e+00   0.000000e+00
0     4.659873e+01   0.000000e+00   0.000000e+00   0.000000e+00   0.000000e+00   0.000000e+00   0.000000e+00
1     4.659873e+01  -4.196208e-01  -9.076659e-01   0.000000e+00   5.703351e+00  -2.636536e+00   0.000000e+00
0     4.669855e+01   0.000000e+00   0.000000e+00   0.000000e+00   0.000000e+00   0.000000e+00   0.000000e+00
1     4.669855e+01   1.929380e-01  -9.811592e-01   0.000000e+00   6.165283e+00   1.212605e+00   0.000000e+00
0     4.679836e+01   0.000000e+00   0.000000e+00   0.000000e+00   0.000000e+00   0.000000e+00   0.000000e+00
1     4.679836e+01   7.320463e-01  -6.811439e-01   0.000000e+00   4.280154e+00   4.600366e+00   0.000000e+00
0     4.689993e+01   0.000000e+00   0.000000e+00   0.000000e+00   0.000000e+00   0.000000e+00   0.000000e+00
1     4.689993e+01   9.937368e-01  -1.108842e-01   0.000000e+00   6.966831e-01   6.244943e+00   0.000000e+00
0     4.699975e+01   0.000000e+00   0.000000e+00   0.000000e+00   0.000000e+00   0.000000e+00   0.000000e+00
1     4.699975e+01   8.696307e-01   4.934934e-01   0.000000e+00  -3.101298e+00   5.465090e+00   0.000000e+00
0     4.709956e+01   0.000000e+00   0.000000e+00   0.000000e+00   0.000000e+00   0.000000e+00   0.000000e+00
1     4.709956e+01   4.144234e-01   9.099792e-01   0.000000e+00  -5.718503e+00   2.604489e+00   0.000000e+00
0     4.719938e+01   0.000000e+00   0.000000e+00   0.000000e+00   0.000000e+00   0.000000e+00   0.000000e+00
1     4.719938e+01  -1.985681e-01   9.800101e-01   0.000000e+00  -6.158459e+00  -1.247574e+00   0.000000e+00
0     4.729920e+01   0.000000e+00   0.000000e+00   0.000000e+00   0.000000e+00   0.000000e+00   0.000000e+00
1     4.729920e+01  -7.359657e-01   6.769436e-01   0.000000e+00  -4.253898e+00  -4.624442e+00   0.000000e+00
0     4.739901e+01   0.000000e+00   0.000000e+00   0.000000e+00   0.000000e+00   0.000000e+00   0.000000e+00
1     4.739901e+01  -9.931972e-01   1.161759e-01   0.000000e+00  -7.301313e-01  -6.240710e+00   0.000000e+00
0     4.749883e+01   0.000000e+00   0.000000e+00   0.000000e+00   0.000000e+00   0.000000e+00   0.000000e+00
1     4.749883e+01  -8.723589e-01  -4.888170e-01   0.000000e+00   3.071426e+00  -5.481361e+00   0.000000e+00
0     4.759865e+01   0.000000e+00   0.000000e+00   0.000000e+00   0.000000e+00   0.000000e+00   0.000000e+00
1     4.759865e+01  -4.194553e-01  -9.077408e-01   0.000000e+00   5.703834e+00  -2.635502e+00   0.000000e+00
0     4.769846e+01   0.000000e+00   0.000000e+00   0.000000e+00   0.000000e+00   0.000000e+00   0.000000e+00
1     4.769846e+01   1.931173e-01  -9.811225e-01   0.000000e+00   6.165066e+00   1.213734e+00   0.000000e+00
0     4.779828e+01   0.000000e+00   0.000000e+00   0.000000e+00   0.000000e+00   0.000000e+00   0.000000e+00
1     4.779828e+01   7.321709e-01  -6.810079e-01   0.000000e+00   4.279309e+00   4.601158e+00   0.000000e+00
0     4.789985e+01   0.000000e+00   0.000000e+00   0.000000e+00   0.000000e+00   0.000000e+00   0.000000e+00
1     4.789985e+01   9.937560e-01  -1.106995e-01   0.000000e+00   6.955238e-01   6.245077e+00   0.000000e+00
0     4.799967e+01   0.000000e+00   0.000000e+00   0.000000e+00   0.000000e+00   0.000000e+00   0.000000e+00
1     4.799967e+01   8.695372e-01   4.936554e-01   0.000000e+00  -3.102322e+00   5.464514e+00   0.000000e+00
0     4.809948e+01   0.000000e+00   0.000000e+00   0.000000e+00   0.000000e+00   0.000000e+00   0.000000e+00
1     4.809948e+01   4.142514e-01   9.100560e-01   0.000000e+00  -5.718998e+00   2.603413e+00   0.000000e+00
0     4.819930e+01   0.000000e+00   0.000000e+00   0.000000e+00   0.000000e+00   0.000000e+00   0.000000e+00
1     4.819930e+01  -1.987537e-01   9.799710e-01   0.000000e+00  -6.158226e+00  -1.248743e+00   0.000000e+00
0     4.829912e+01   0.000000e+00   0.000000e+00   0.000000e+00   0.000000e+00   0.000000e+00   0.000000e+00
1     4.829912e+01  -7.360940e-01   6.768020e-01   0.000000e+00  -4.253017e+00  -4.625257e+00   0.000000e+00
0     4.839893e+01   0.000000e+00   0.000000e+00   0.000000e+00   0.000000e+00   0.000000e+00   0.000000e+00
1     4.839893e+01  -9.932181e-01   1.159847e-01   0.000000e+00  -7.289314e-01  -6.240854e+00   0.000000e+00
0     4.849875e+01   0.000000e+00   0.000000e+00   0.000000e+00   0.000000e+00   0.000000e+00   0.000000e+00
1     4.849875e+01  -8.722630e-01  -4.889852e-01   0.000000e+00   3.072490e+00  -5.480769e+00   0.000000e+00
0     4.859857e+01   0.000000e+00   0.000000e+00   0.000000e+00   0.000000e+00   0.000000e+00   0.000000e+00
1     4.859857e+01  -4.192776e-01  -9.078213e-01   0.000000e+00   5.704352e+00  -2.634391e+00   0.000000e+00
0     4.869838e+01   0.000000e+00   0.000000e+00   0.000000e+00   0.000000e+00   0.000000e+00   0.000000e+00
1     4.869838e+01   1.933097e-01  -9.810832e-01   0.000000e+00   6.164831e+00   1.214946e+00   0.000000e+00
0     4.879995e+01   0.000000e+00   0.000000e+00   0.000000e+00   0.000000e+00   0.000000e+00   0.000000e+00
1     4.879995e+01   7.397522e-01  -6.727622e-01   0.000000e+00   4.227504e+00   4.648811e+00   0.000000e+00
0     4.889977e+01   0.000000e+00   0.000000e+00   0.000000e+00   0.000000e+00   0.000000e+00   0.000000e+00
1     4.889977e+01   9.937767e-01  -1.105016e-01   0.000000e+00   6.942812e-01   6.245219e+00   0.000000e+00
0     4.899958e+01   0.000000e+00   0.000000e+00   0.000000e+00   0.000000e+00   0.000000e+00   0.000000e+00
1     4.899958e+01   8.694371e-01   4.938289e-01   0.000000e+00  -3.103419e+00   5.463896e+00   0.000000e+00
0     4.909940e+01   0.000000e+00   0.000000e+00   0.000000e+00   0.000000e+00   0.000000e+00   0.000000e+00
1     4.909940e+01   4.140673e-01   9.101383e-01   0.000000e+00  -5.719526e+00   2.602262e+00   0.000000e+00
0     4.919922e+01   0.000000e+00   0.000000e+00   0.000000e+00   0.000000e+00   0.000000e+00   0.000000e+00
1     4.919922e+01  -1.989524e-01   9.799293e-01   0.000000e+00  -6.157977e+00  -1.249994e+00   0.000000e+00
0     4.929903e+01   0.000000e+00   0.000000e+00   0.000000e+00   0.000000e+00   0.000000e+00   0.000000e+00
1     4.929903e+01  -7.362313e-01   6.766506e-01   0.000000e+00  -4.252075e+00  -4.626130e+00   0.000000e+00
0     4.939885e+01   0.000000e+00   0.000000e+00   0.000000e+00   0.000000e+00   0.000000e+00   0.000000e+00
1     4.939885e+01  -9.932406e-01   1.157802e-01   0.000000e+00  -7.276478e-01  -6.241009e+00   0.000000e+00
0     4.949867e+01   0.000000e+00   0.000000e+00   0.000000e+00   0.000000e+00   0.000000e+00   0.000000e+00
1     4.949867e+01  -8.721605e-01  -4.891652e-01   0.000000e+00   3.073627e+00  -5.480137e+00   0.000000e+00
0     4.959848e+01   0.000000e+00   0.000000e+00   0.000000e+00   0.000000e+00   0.000000e+00   0.000000e+00
1     4.959848e+01  -4.190878e-01  -9.079074e-01   0.000000e+00   5.704905e+00  -2.633204e+00   0.000000e+00
0     4.969830e+01   0.000000e+00   0.000000e+00   0.000000e+00   0.000000e+00   0.000000e+00   0.000000e+00
1     4.969830e+01   1.935152e-01  -9.810412e-01   0.000000e+00   6.164581e+00   1.216239e+00   0.000000e+00
0     4.979987e+01   0.000000e+00   0.000000e+00   0.000000e+00   0.000000e+00   0.000000e+00   0.000000e+00
1     4.979987e+01   7.398932e-01  -6.726051e-01   0.000000e+00   4.226525e+00   4.649706e+00   0.000000e+00
0     4.989969e+01   0.000000e+00   0.000000e+00   0.000000e+00   0.000000e+00   0.000000e+00   0.000000e+00
1     4.989969e+01   9.937987e-01  -1.102903e-01   0.000000e+00   6.929550e-01   6.245371e+00   0.000000e+00
0     4.999950e+01   0.000000e+00   0.000000e+00   0.000000e+00   0.000000e+00   0.000000e+00   0.000000e+00
1     4.999950e+01   8.693302e-01   4.940141e-01   0.000000e+00  -3.104589e+00   5.463236e+00   0.000000e+00
0     5.009932e+01   0.000000e+00   0.000000e+00   0.000000e+00   0.000000e+00   0.000000e+00   0.000000e+00
1     5.009932e+01   4.138709e-01   9.102261e-01   0.000000e+00  -5.720090e+00   2.601033e+00   0.000000e+00
0     5.019914e+01   0.000000e+00   0.000000e+00   0.000000e+00   0.000000e+00   0.000000e+00   0.000000e+00
1     5.019914e+01  -1.991642e-01   9.798848e-01   0.000000e+00  -6.157710e+00  -1.251328e+00   0.000000e+00
0     5.029895e+01   0.000000e+00   0.000000e+00   0.000000e+00   0.000000e+00   0.000000e+00   0.000000e+00
1     5.029895e+01  -7.363776e-01   6.764894e-01   0.000000e+00  -4.251070e+00  -4.627059e+00   0.000000e+00
0     5.039877e+01   0.000000e+00   0.000000e+00   0.000000e+00   0.000000e+00   0.000000e+00   0.000000e+00
1     5.039877e+01  -9.932645e-01   1.155624e-01   0.000000e+00  -7.262811e-01  -6.241172e+00   0.000000e+00
0     5.049859e+01   0.000000e+00   0.000000e+00   0.000000e+00   0.000000e+00   0.000000e+00   0.000000e+00
1     5.049859e+01  -8.720514e-01  -4.893567e-01   0.000000e+00   3.074837e+00  -5.479463e+00   0.000000e+00
0     5.059840e+01   0.000000e+00   0.000000e+00   0.000000e+00   0.000000e+00   0.000000e+00   0.000000e+00
1     5.059840e+01  -4.188859e-01  -9.079990e-01   0.000000e+00   5.705493e+00  -2.631941e+00   0.000000e+00
0     5.069997e+01   0.000000e+00   0.000000e+00   0.000000e+00   0.000000e+00   0.000000e+00   0.000000e+00
1     5.069997e+01   2.045166e-01  -9.788051e-01   0.000000e+00   6.150545e+00   1.285374e+00   0.000000e+00
0     5.079979e+01   0.000000e+00   0.000000e+00   0.000000e+00   0.000000e+00   0.000000e+00   0.000000e+00
1     5.079979e+01   7.400431e-01  -6.724381e-01   0.000000e+00   4.225484e+00   4.650658e+00   0.000000e+00
0     5.089961e+01   0.000000e+00   0.000000e+00   0.000000e+00   0.000000e+00   0.000000e+00   0.000000e+00
1     5.089961e+01   9.938222e-01  -1.100658e-01   0.000000e+00   6.915456e-01   6.245532e+00   0.000000e+00
0     5.099942e+01   0.000000e+00   0.000000e+00   0.000000e+00   0.000000e+00   0.000000e+00   0.000000e+00
1     5.099942e+01   8.692168e-01   4.942108e-01   0.000000e+00  -3.105832e+00   5.462535e+00   0.000000e+00
0     5.109924e+01   0.000000e+00   0.000000e+00   0.000000e+00   0.000000e+00   0.000000e+00   0.000000e+00
1     5.109924e+01   4.136624e-01   9.103193e-01   0.000000e+00  -5.720688e+00   2.599728e+00   0.000000e+00
0     5.119906e+01   0.000000e+00   0.000000e+00   0.000000e+00   0.000000e+00   0.000000e+00   0.000000e+00
1     5.119906e+01  -1.993891e-01   9.798377e-01   0.000000e+00  -6.157427e+00  -1.252743e+00   0.000000e+00
0     5.129887e+01   0.000000e+00   0.000000e+00   0.000000e+00   0.000000e+00   0.000000e+00   0.000000e+00
1     5.129887e+01  -7.365329e-01   6.763182e-01   0.000000e+00  -4.250004e+00  -4.628044e+00   0.000000e+00
0     5.139869e+01   0.000000e+00   0.000000e+00   0.000000e+00   0.000000e+00   0.000000e+00   0.000000e+00
1     5.139869e+01  -9.932900e-01   1.153314e-01   0.000000e+00  -7.248308e-01  -6.241345e+00   0.000000e+00
0     5.149851e+01   0.000000e+00   0.000000e+00   0.000000e+00   0.000000e+00   0.000000e+00   0.000000e+00
1     5.149851e+01  -8.719358e-01  -4.895599e-01   0.000000e+00   3.076120e+00  -5.478748e+00   0.000000e+00
0     5.159832e+01   0.000000e+00   0.000000e+00   0.000000e+00   0.000000e+00   0.000000e+00   0.000000e+00
1     5.159832e+01  -4.186718e-01  -9.080962e-01   0.000000e+00   5.706115e+00  -2.630601e+00   0.000000e+00
0     5.169989e+01   0.000000e+00   0.000000e+00   0.000000e+00   0.000000e+00   0.000000e+00   0.000000e+00
1     5.169989e+01   2.047478e-01  -9.787553e-01   0.000000e+00   6.150245e+00   1.286829e+00   0.000000e+00
0     5.179971e+01   0.000000e+00   0.000000e+00   0.000000e+00   0.000000e+00   0.000000e+00   0.000000e+00
1     5.179971e+01   7.402020e-01  -6.722611e-01   0.000000e+00   4.224381e+00   4.651666e+00   0.000000e+00
0     5.189952e+01   0.000000e+00   0.000000e+00   0.000000e+00   0.000000e+00   0.000000e+00   0.000000e+00
1     5.189952e+01   9.938471e-01  -1.098279e-01   0.000000e+00   6.900522e-01   6.245701e+00   0.000000e+00
0     5.199934e+01   0.000000e+00   0.000000e+00   0.000000e+00   0.000000e+00   0.000000e+00   0.000000e+00
1     5.199934e+01   8.690967e-01   4.944192e-01   0.000000e+00  -3.107148e+00   5.461792e+00   0.000000e+00
0     5.209916e+01   0.000000e+00   0.000000e+00   0.000000e+00   0.000000e+00   0.000000e+00   0.000000e+00
1     5.209916e+01   4.134417e-01   9.104181e-01   0.000000e+00  -5.721320e+00   2.598346e+00   0.000000e+00
0     5.219897e+01   0.000000e+00   0.000000e+00   0.000000e+00   0.000000e+00   0.000000e+00   0.000000e+00
1     5.219897e+01  -1.996271e-01   9.797878e-01   0.000000e+00  -6.157126e+00  -1.254241e+00   0.000000e+00
0     5.229879e+01   0.000000e+00   0.000000e+00   0.000000e+00   0.000000e+00   0.000000e+00   0.000000e+00
1     5.229879e+01  -7.366972e-01   6.761372e-01   0.000000e+00  -4.248875e+00  -4.629087e+00   0.000000e+00
0     5.239861e+01   0.000000e+00   0.000000e+00   0.000000e+00   0.000000e+00   0.000000e+00   0.000000e+00
1     5.239861e+01  -9.933169e-01   1.150871e-01   0.000000e+00  -7.232970e-01  -6.241527e+00   0.000000e+00
0     5.249842e+01   0.000000e+00   0.000000e+00   0.000000e+00   0.000000e+00   0.000000e+00   0.000000e+00
1     5.249842e+01  -8.718135e-01  -4.897747e-01   0.000000e+00   3.077476e+00  -5.477991e+00   0.000000e+00
0     5.259999e+01   0.000000e+00   0.000000e+00   0.000000e+00   0.000000e+00   0.000000e+00   0.000000e+00
1     5.259999e+01  -4.084269e-01  -9.127481e-01   0.000000e+00   5.735360e+00  -2.566231e+00   0.000000e+00
0     5.269981e+01   0.000000e+00   0.000000e+00   0.000000e+00   0.000000e+00   0.000000e+00   0.000000e+00
1     5.269981e+01   2.049920e-01  -9.787027e-01   0.000000e+00   6.149927e+00   1.288367e+00   0.000000e+00
0     5.279963e+01   0.000000e+00   0.000000e+00   0.000000e+00   0.000000e+00   0.000000e+00   0.000000e+00
1     5.279963e+01   7.403698e-01  -6.720742e-01   0.000000e+00   4.223216e+00   4.652730e+00   0.000000e+00
0     5.289944e+01   0.000000e+00   0.000000e+00   0.000000e+00   0.000000e+00   0.000000e+00   0.000000e+00
1     5.289944e+01   9.938734e-01  -1.095768e-01   0.000000e+00   6.884756e-01   6.245880e+00   0.000000e+00
0     5.299926e+01   0.000000e+00   0.000000e+00   0.000000e+00   0.000000e+00   0.000000e+00   0.000000e+00
1     5.299926e+01   8.689700e-01   4.946391e-01   0.000000e+00  -3.108537e+00   5.461006e+00   0.000000e+00
0     5.309908e+01   0.000000e+00   0.000000e+00   0.000000e+00   0.000000e+00   0.000000e+00   0.000000e+00
1     5.309908e+01   4.132088e-01   9.105223e-01   0.000000e+00  -5.721987e+00   2.596888e+00   0.000000e+00
0     5.319889e+01   0.000000e+00   0.000000e+00   0.000000e+00   0.000000e+00   0.000000e+00   0.000000e+00
1     5.319889e+01  -1.998781e-01   9.797352e-01   0.000000e+00  -6.156809e+00  -1.255822e+00   0.000000e+00
0     5.329871e+01   0.000000e+00   0.000000e+00   0.000000e+00   0.000000e+00   0.000000e+00   0.000000e+00
1     5.329871e+01  -7.368705e-01   6.759463e-01   0.000000e+00  -4.247684e+00  -4.630185e+00   0.000000e+00
0     5.339853e+01   0.000000e+00   0.000000e+00   0.000000e+00   0.000000e+00   0.000000e+00   0.000000e+00
1     5.339853e+01  -9.933454e-01   1.148295e-01   0.000000e+00  -7.216800e-01  -6.241719e+00   0.000000e+00
0     5.349834e+01   0.000000e+00   0.000000e+00   0.000000e+00   0.000000e+00   0.000000e+00   0.000000e+00
1     5.349834e+01  -8.716847e-01  -4.900011e-01   0.000000e+00   3.078905e+00  -5.477193e+00   0.000000e+00
0     5.359991e+01   0.000000e+00   0.000000e+00   0.000000e+00   0.000000e+00   0.000000e+00   0.000000e+00
1     5.359991e+01  -4.081874e-01  -9.128537e-01   0.000000e+00   5.736035e+00  -2.564731e+00   0.000000e+00
0     5.369973e+01   0.000000e+00   0.000000e+00   0.000000e+00   0.000000e+00   0.000000e+00   0.000000e+00
1     5.369973e+01   2.052493e-01  -9.786474e-01   0.000000e+00   6.149592e+00   1.289986e+00   0.000000e+00
0     5.379954e+01   0.000000e+00   0.000000e+00   0.000000e+00   0.000000e+00   0.000000e+00   0.000000e+00
1     5.379954e+01   7.405465e-01  -6.718774e-01   0.000000e+00   4.221988e+00   4.653851e+00   0.000000e+00
0     5.389936e+01   0.000000e+00   0.000000e+00   0.000000e+00   0.000000e+00   0.000000e+00   0.000000e+00
1     5.389936e+01   9.939011e-01  -1.093124e-01   0.000000e+00   6.868156e-01   6.246067e+00   0.000000e+00
0     5.399918e+01   0.000000e+00   0.000000e+00   0.000000e+00   0.000000e+00   0.000000e+00   0.000000e+00
1     5.399918e+01   8.688366e-01   4.948706e-01   0.000000e+00  -3.109998e+00   5.460180e+00   0.000000e+00
0     5.409900e+01   0.000000e+00   0.000000e+00   0.000000e+00   0.000000e+00   0.000000e+00   0.000000e+00
1     5.409900e+01   4.129637e-01   9.106320e-01   0.000000e+00  -5.722688e+00   2.595354e+00   0.000000e+00
0     5.419881e+01   0.000000e+00   0.000000e+00   0.000000e+00   0.000000e+00   0.000000e+00   0.000000e+00
1     5.419881e+01  -2.001422e-01   9.796799e-01   0.000000e+00  -6.156474e+00  -1.257484e+00   0.000000e+00
0     5.429863e+01   0.000000e+00   0.000000e+00   0.000000e+00   0.000000e+00   0.000000e+00   0.000000e+00
1     5.429863e+01  -7.370527e-01   6.757455e-01   0.000000e+00  -4.246431e+00  -4.631340e+00   0.000000e+00
0     5.439845e+01   0.000000e+00   0.000000e+00   0.000000e+00   0.000000e+00   0.000000e+00   0.000000e+00
1     5.439845e+01  -9.933752e-01   1.145586e-01   0.000000e+00  -7.199794e-01  -6.241920e+00   0.000000e+00
0     5.449826e+01   0.000000e+00   0.000000e+00   0.000000e+00   0.000000e+00   0.000000e+00   0.000000e+00
1     5.449826e+01  -8.715493e-01  -4.902391e-01   0.000000e+00   3.080407e+00  -5.476354e+00   0.000000e+00
0     5.459983e+01   0.000000e+00   0.000000e+00   0.000000e+00   0.000000e+00   0.000000e+00   0.000000e+00
1     5.459983e+01  -4.079355e-01  -9.129647e-01   0.000000e+00   5.736745e+00  -2.563154e+00   0.000000e+00
0     5.469965e+01   0.000000e+00   0.000000e+00   0.000000e+00   0.000000e+00   0.000000e+00   0.000000e+00
1     5.469965e+01   2.055196e-01  -9.785892e-01   0.000000e+00   6.149240e+00   1.291688e+00   0.000000e+00
0     5.479946e+01   0.000000e+00   0.000000e+00   0.000000e+00   0.000000e+00   0.000000e+00   0.000000e+00
1     5.479946e+01   7.407321e-01  -6.716707e-01   0.000000e+00   4.220697e+00   4.655027e+00   0.000000e+00
0     5.489928e+01   0.000000e+00   0.000000e+00   0.000000e+00   0.000000e+00   0.000000e+00   0.000000e+00
1     5.489928e+01   9.939302e-01  -1.090347e-01   0.000000e+00   6.850720e-01   6.246263e+00   0.000000e+00
0     5.499910e+01   0.000000e+00   0.000000e+00   0.000000e+00   0.000000e+00   0.000000e+00   0.000000e+00
1     5.499910e+01   8.686965e-01   4.951136e-01   0.000000e+00  -3.111531e+00   5.459311e+00   0.000000e+00
0     5.509891e+01   0.000000e+00   0.000000e+00   0.000000e+00   0.000000e+00   0.000000e+00   0.000000e+00
1     5.509891e+01   4.127064e-01   9.107471e-01   0.000000e+00  -5.723424e+00   2.593742e+00   0.000000e+00
0     5.519873e+01   0.000000e+00   0.000000e+00   0.000000e+00   0.000000e+00   0.000000e+00   0.000000e+00
1     5.519873e+01  -2.004194e-01   9.796218e-01   0.000000e+00  -6.156122e+00  -1.259228e+00   0.000000e+00
0     5.529855e+01   0.000000e+00   0.000000e+00   0.000000e+00   0.000000e+00   0.000000e+00   0.000000e+00
1     5.529855e+01  -7.372439e-01   6.755348e-01   0.000000e+00  -4.245116e+00  -4.632551e+00   0.000000e+00
0     5.539836e+01   0.000000e+00   0.000000e+00   0.000000e+00   0.000000e+00   0.000000e+00   0.000000e+00
1     5.539836e+01  -9.934066e-01   1.142745e-01   0.000000e+00  -7.181955e-01  -6.242130e+00   0.000000e+00
0     5.549993e+01   0.000000e+00   0.000000e+00   0.000000e+00   0.000000e+00   0.000000e+00   0.000000e+00
1     5.549993e+01  -8.659575e-01  -5.000473e-01   0.000000e+00   3.142046e+00  -5.441228e+00   0.000000e+00
0     5.559975e+01   0.000000e+00   0.000000e+00   0.000000e+00   0.000000e+00   0.000000e+00   0.000000e+00
1     5.559975e+01  -4.076715e-01  -9.130811e-01   0.000000e+00   5.737489e+00  -2.561500e+00   0.000000e+00
0     5.569957e+01   0.000000e+00   0.000000e+00   0.000000e+00   0.000000e+00   0.000000e+00   0.000000e+00
1     5.569957e+01   2.058030e-01  -9.785282e-01   0.000000e+00   6.148870e+00   1.293471e+00   0.000000e+00
0     5.579938e+01   0.000000e+00   0.000000e+00   0.000000e+00   0.000000e+00   0.000000e+00   0.000000e+00
1     5.579938e+01   7.409266e-01  -6.714540e-01   0.000000e+00   4.219345e+00   4.656259e+00   0.000000e+00
0     5.589920e+01   0.000000e+00   0.000000e+00   0.000000e+00   0.000000e+00   0.000000e+00   0.000000e+00
1     5.589920e+01   9.939607e-01  -1.087437e-01   0.000000e+00   6.832450e-01   6.246467e+00   0.000000e+00
0     5.599902e+01   0.000000e+00   0.000000e+00   0.000000e+00   0.000000e+00   0.000000e+00   0.000000e+00
1     5.599902e+01   8.685497e-01   4.953682e-01   0.000000e+00  -3.113138e+00   5.458400e+00   0.000000e+00
0     5.609883e+01   0.000000e+00   0.000000e+00   0.000000e+00   0.000000e+00   0.000000e+00   0.000000e+00
1     5.609883e+01   4.124369e-01   9.108676e-01   0.000000e+00  -5.724193e+00   2.592054e+00   0.000000e+00
0     5.619865e+01   0.000000e+00   0.000000e+00   0.000000e+00   0.000000e+00   0.000000e+00   0.000000e+00
1     5.619865e+01  -2.007096e-01   9.795610e-01   0.000000e+00  -6.155752e+00  -1.261054e+00   0.000000e+00
0     5.629847e+01   0.000000e+00   0.000000e+00   0.000000e+00   0.000000e+00   0.000000e+00   0.000000e+00
1     5.629847e+01  -7.374441e-01   6.753143e-01   0.000000e+00  -4.243739e+00  -4.633819e+00   0.000000e+00
0     5.639828e+01   0.000000e+00   0.000000e+00   0.000000e+00   0.000000e+00   0.000000e+00   0.000000e+00
1     5.639828e+01  -9.934393e-01   1.139771e-01   0.000000e+00  -7.163285e-01  -6.242348e+00   0.000000e+00
0     5.649985e+01   0.000000e+00   0.000000e+00   0.000000e+00   0.000000e+00   0.000000e+00   0.000000e+00
1     5.649985e+01  -8.658060e-01  -5.003068e-01   0.000000e+00   3.143683e+00  -5.440287e+00   0.000000e+00
0     5.659967e+01   0.000000e+00   0.000000e+00   0.000000e+00   0.000000e+00   0.000000e+00   0.000000e+00
1     5.659967e+01  -4.073953e-01  -9.132028e-01   0.000000e+00   5.738266e+00  -2.559770e+00   0.000000e+00
0     5.669949e+01   0.000000e+00   0.000000e+00   0.000000e+00   0.000000e+00   0.000000e+00   0.000000e+00
1     5.669949e+01   2.060994e-01  -9.784644e-01   0.000000e+00   6.148481e+00   1.295336e+00   0.000000e+00
0     5.679930e+01   0.000000e+00   0.000000e+00   0.000000e+00   0.000000e+00   0.000000e+00   0.000000e+00
1     5.679930e+01   7.411301e-01  -6.712274e-01   0.000000e+00   4.217929e+00   4.657547e+00   0.000000e+00
0     5.689912e+01   0.000000e+00   0.000000e+00   0.000000e+00   0.000000e+00   0.000000e+00   0.000000e+00
1     5.689912e+01   9.939925e-01  -1.084396e-01   0.000000e+00   6.813349e-01   6.246681e+00   0.000000e+00
0     5.699894e+01   0.000000e+00   0.000000e+00   0.000000e+00   0.000000e+00   0.000000e+00   0.000000e+00
1     5.699894e+01   8.683963e-01   4.956344e-01   0.000000e+00  -3.114817e+00   5.457447e+00   0.000000e+00
0     5.709875e+01   0.000000e+00   0.000000e+00   0.000000e+00   0.000000e+00   0.000000e+00   0.000000e+00
1     5.709875e+01   4.121553e-01   9.109936e-01   0.000000e+00  -5.724996e+00   2.590290e+00   0.000000e+00
0     5.719857e+01   0.000000e+00   0.000000e+00   0.000000e+00   0.000000e+00   0.000000e+00   0.000000e+00
1     5.719857e+01  -2.010128e-01   9.794974e-01   0.000000e+00  -6.155365e+00  -1.262962e+00   0.000000e+00
0     5.729839e+01   0.000000e+00   0.000000e+00   0.000000e+00   0.000000e+00   0.000000e+00   0.000000e+00
1     5.729839e+01  -7.376532e-01   6.750839e-01   0.000000e+00  -4.242300e+00  -4.635142e+00   0.000000e+00
0     5.739995e+01   0.000000e+00   0.000000e+00   0.000000e+00   0.000000e+00   0.000000e+00   0.000000e+00
1     5.739995e+01  -9.946644e-01   1.027280e-01   0.000000e+00  -6.456423e-01  -6.250058e+00   0.000000e+00
0     5.749977e+01   0.000000e+00   0.000000e+00   0.000000e+00   0.000000e+00   0.000000e+00   0.000000e+00
1     5.749977e+01  -8.656477e-01  -5.005778e-01   0.000000e+00   3.145392e+00  -5.439304e+00   0.000000e+00
0     5.759959e+01   0.000000e+00   0.000000e+00   0.000000e+00   0.000000e+00   0.000000e+00   0.000000e+00
1     5.759959e+01  -4.071069e-01  -9.133299e-01   0.000000e+00   5.739076e+00  -2.557963e+00   0.000000e+00
0     5.769940e+01   0.000000e+00   0.000000e+00   0.000000e+00   0.000000e+00   0.000000e+00   0.000000e+00
1     5.769940e+01   2.064088e-01  -9.783978e-01   0.000000e+00   6.148075e+00   1.297283e+00   0.000000e+00
0     5.779922e+01   0.000000e+00   0.000000e+00   0.000000e+00   0.000000e+00   0.000000e+00   0.000000e+00
1     5.779922e+01   7.413424e-01  -6.709908e-01   0.000000e+00   4.216452e+00   4.658891e+00   0.000000e+00
0     5.789904e+01   0.000000e+00   0.000000e+00   0.000000e+00   0.000000e+00   0.000000e+00   0.000000e+00
1     5.789904e+01   9.940257e-01  -1.081221e-01   0.000000e+00   6.793415e-01   6.246902e+00   0.000000e+00
0     5.799885e+01   0.000000e+00   0.000000e+00   0.000000e+00   0.000000e+00   0.000000e+00   0.000000e+00
1     5.799885e+01   8.682362e-01   4.959120e-01   0.000000e+00  -3.116568e+00   5.456452e+00   0.000000e+00
0     5.809867e+01   0.000000e+00   0.000000e+00   0.000000e+00   0.000000e+00   0.000000e+00   0.000000e+00
1     5.809867e+01   4.118615e-01   9.111249e-01   0.000000e+00  -5.725834e+00   2.588449e+00   0.000000e+00
0     5.819849e+01   0.000000e+00   0.000000e+00   0.000000e+00   0.000000e+00   0.000000e+00   0.000000e+00
1     5.819849e+01  -2.013291e-01   9.794311e-01   0.000000e+00  -6.154961e+00  -1.264953e+00   0.000000e+00
0     5.829831e+01   0.000000e+00   0.000000e+00   0.000000e+00   0.000000e+00   0.000000e+00   0.000000e+00
1     5.829831e+01  -7.378712e-01   6.748435e-01   0.000000e+00  -4.240799e+00  -4.636522e+00   0.000000e+00
0     5.839987e+01   0.000000e+00   0.000000e+00   0.000000e+00   0.000000e+00   0.000000e+00   0.000000e+00
1     5.839987e+01  -9.946964e-01   1.024037e-01   0.000000e+00  -6.436061e-01  -6.250272e+00   0.000000e+00
0     5.849969e+01   0.000000e+00   0.000000e+00   0.000000e+00   0.000000e+00   0.000000e+00   0.000000e+00
1     5.849969e+01  -8.654827e-01  -5.008603e-01   0.000000e+00   3.147174e+00  -5.438278e+00   0.000000e+00
0     5.859951e+01   0.000000e+00   0.000000e+00   0.000000e+00   0.000000e+00   0.000000e+00   0.000000e+00
1     5.859951e+01  -4.068063e-01  -9.134623e-01   0.000000e+00   5.739920e+00  -2.556079e+00   0.000000e+00
0     5.869932e+01   0.000000e+00   0.000000e+00   0.000000e+00   0.000000e+00   0.000000e+00   0.000000e+00
1     5.869932e+01   2.067312e-01  -9.783282e-01   0.000000e+00   6.147652e+00   1.299312e+00   0.000000e+00
0     5.879914e+01   0.000000e+00   0.000000e+00   0.000000e+00   0.000000e+00   0.000000e+00   0.000000e+00
1     5.879914e+01   7.415635e-01  -6.707443e-01   0.000000e+00   4.214911e+00   4.660291e+00   0.000000e+00
0     5.889896e+01   0.000000e+00   0.000000e+00   0.000000e+00   0.000000e+00   0.000000e+00   0.000000e+00
1     5.889896e+01   9.940602e-01  -1.077914e-01   0.000000e+00   6.772645e-01   6.247132e+00   0.000000e+00
0     5.899877e+01   0.000000e+00   0.000000e+00   0.000000e+00   0.000000e+00   0.000000e+00   0.000000e+00
1     5.899877e+01   8.680693e-01   4.962012e-01   0.000000e+00  -3.118392e+00   5.455415e+00   0.000000e+00
0     5.909859e+01   0.000000e+00   0.000000e+00   0.000000e+00   0.000000e+00   0.000000e+00   0.000000e+00
1     5.909859e+01   4.115555e-01   9.112617e-01   0.000000e+00  -5.726705e+00   2.586531e+00   0.000000e+00
0     5.919841e+01   0.000000e+00   0.000000e+00   0.000000e+00   0.000000e+00   0.000000e+00   0.000000e+00
1     5.919841e+01  -2.016584e-01   9.793619e-01   0.000000e+00  -6.154539e+00  -1.267025e+00   0.000000e+00
0     5.929998e+01   0.000000e+00   0.000000e+00   0.000000e+00   0.000000e+00   0.000000e+00   0.000000e+00
1     5.929998e+01  -7.454770e-01   6.664307e-01   0.000000e+00  -4.187940e+00  -4.684324e+00   0.000000e+00
0     5.939979e+01   0.000000e+00   0.000000e+00   0.000000e+00   0.000000e+00   0.000000e+00   0.000000e+00
1     5.939979e+01  -9.947297e-01   1.020662e-01   0.000000e+00  -6.414864e-01  -6.250494e+00   0.000000e+00
0     5.949961e+01   0.000000e+00   0.000000e+00   0.000000e+00   0.000000e+00   0.000000e+00   0.000000e+00
1     5.949961e+01  -8.653109e-01  -5.011543e-01   0.000000e+00   3.149028e+00  -5.437210e+00   0.000000e+00
0     5.959943e+01   0.000000e+00   0.000000e+00   0.000000e+00   0.000000e+00   0.000000e+00   0.000000e+00
1     5.959943e+01  -4.064934e-01  -9.136001e-01   0.000000e+00   5.740798e+00  -2.554119e+00   0.000000e+00
0     5.969924e+01   0.000000e+00   0.000000e+00   0.000000e+00   0.000000e+00   0.000000e+00   0.000000e+00
1     5.969924e+01   2.070667e-01  -9.782559e-01   0.000000e+00   6.147210e+00   1.301423e+00   0.000000e+00
0     5.979906e+01   0.000000e+00   0.000000e+00   0.000000e+00   0.000000e+00   0.000000e+00   0.000000e+00
1     5.979906e+01   7.417935e-01  -6.704878e-01   0.000000e+00   4.213308e+00   4.661746e+00   0.000000e+00
0     5.989888e+01   0.000000e+00   0.000000e+00   0.000000e+00   0.000000e+00   0.000000e+00   0.000000e+00
1     5.989888e+01   9.940960e-01  -1.074474e-01   0.000000e+00   6.751042e-01   6.247370e+00   0.000000e+00
0     5.999869e+01   0.000000e+00   0.000000e+00   0.000000e+00   0.000000e+00   0.000000e+00   0.000000e+00
1     5.999869e+01   8.678958e-01   4.965019e-01   0.000000e+00  -3.120288e+00   5.454336e+00   0.000000e+00
0     6.009851e+01   0.000000e+00   0.000000e+00   0.000000e+00   0.000000e+00   0.000000e+00   0.000000e+00
1     6.009851e+01   4.112373e-01   9.114038e-01   0.000000e+00  -5.727610e+00   2.584537e+00   0.000000e+00
0     6.019833e+01   0.000000e+00   0.000000e+00   0.000000e+00   0.000000e+00   0.000000e+00   0.000000e+00
1     6.019833e+01  -2.020008e-01   9.792899e-01   0.000000e+00  -6.154100e+00  -1.269179e+00   0.000000e+00
0     6.029989e+01   0.000000e+00   0.000000e+00   0.000000e+00   0.000000e+00   0.000000e+00   0.000000e+00
1     6.029989e+01  -7.457100e-01   6.661679e-01   0.000000e+00  -4.186297e+00  -4.685797e+00   0.000000e+00
0     6.039971e+01   0.000000e+00   0.000000e+00   0.000000e+00   0.000000e+00   0.000000e+00   0.000000e+00
1     6.039971e+01  -9.947643e-01   1.017154e-01   0.000000e+00  -6.392832e-01  -6.250724e+00   0.000000e+00
0     6.049953e+01   0.000000e+00   0.000000e+00   0.000000e+00   0.000000e+00   0.000000e+00   0.000000e+00
1     6.049953e+01  -8.651323e-01  -5.014598e-01   0.000000e+00   3.150954e+00  -5.436099e+00   0.000000e+00
0     6.059934e+01   0.000000e+00   0.000000e+00   0.000000e+00   0.000000e+00   0.000000e+00   0.000000e+00
1     6.059934e+01  -4.061683e-01  -9.137431e-01   0.000000e+00   5.741709e+00  -2.552081e+00   0.000000e+00
0     6.069916e+01   0.000000e+00   0.000000e+00   0.000000e+00   0.000000e+00   0.000000e+00   0.000000e+00
1     6.069916e+01   2.074152e-01  -9.781806e-01   0.000000e+00   6.146750e+00   1.303615e+00   0.000000e+00
0     6.079898e+01   0.000000e+00   0.000000e+00   0.000000e+00   0.000000e+00   0.000000e+00   0.000000e+00
1     6.079898e+01   7.420324e-01  -6.702213e-01   0.000000e+00   4.211643e+00   4.663257e+00   0.000000e+00
0     6.089880e+01   0.000000e+00   0.000000e+00   0.000000e+00   0.000000e+00   0.000000e+00   0.000000e+00
1     6.089880e+01   9.941332e-01  -1.070901e-01   0.000000e+00   6.728602e-01   6.247617e+00   0.000000e+00
0     6.099861e+01   0.000000e+00   0.000000e+00   0.000000e+00   0.000000e+00   0.000000e+00   0.000000e+00
1     6.099861e+01   8.677155e-01   4.968141e-01   0.000000e+00  -3.122257e+00   5.453214e+00   0.000000e+00
0     6.109843e+01   0.000000e+00   0.000000e+00   0.000000e+00   0.000000e+00   0.000000e+00   0.000000e+00
1     6.109843e+01   4.109069e-01   9.115513e-01   0.000000e+00  -5.728549e+00   2.582466e+00   0.000000e+00
0     6.120000e+01   0.000000e+00   0.000000e+00   0.000000e+00   0.000000e+00   0.000000e+00   0.000000e+00
1     6.120000e+01  -2.131198e-01   9.769294e-01   0.000000e+00  -6.139276e+00  -1.339054e+00   0.000000e+00
0     6.129981e+01   0.000000e+00   0.000000e+00   0.000000e+00   0.000000e+00   0.000000e+00   0.000000e+00
1     6.129981e+01  -7.459517e-01   6.658951e-01   0.000000e+00  -4.184592e+00  -4.687326e+00   0.000000e+00
0     6.139963e+01   0.000000e+00   0.000000e+00   0.000000e+00   0.000000e+00   0.000000e+00   0.000000e+00
1     6.139963e+01  -9.948000e-01   1.013513e-01   0.000000e+00  -6.369969e-01  -6.250962e+00   0.000000e+00
0     6.149945e+01   0.000000e+00   0.000000e+00   0.000000e+00   0.000000e+00   0.000000e+00   0.000000e+00
1     6.149945e+01  -8.649469e-01  -5.017767e-01   0.000000e+00   3.152952e+00  -5.434946e+00   0.000000e+00
0     6.159926e+01   0.000000e+00   0.000000e+00   0.000000e+00   0.000000e+00   0.000000e+00   0.000000e+00
1     6.159926e+01  -4.058310e-01  -9.138915e-01   0.000000e+00   5.742653e+00  -2.549967e+00   0.000000e+00
0     6.169908e+01   0.000000e+00   0.000000e+00   0.000000e+00   0.000000e+00   0.000000e+00   0.000000e+00
1     6.169908e+01   2.077767e-01  -9.781024e-01   0.000000e+00   6.146271e+00   1.305890e+00   0.000000e+00
0     6.179890e+01   0.000000e+00   0.000000e+00   0.000000e+00   0.000000e+00   0.000000e+00   0.000000e+00
1     6.179890e+01   7.422801e-01  -6.699449e-01   0.000000e+00   4.209914e+00   4.664823e+00   0.000000e+00
0     6.189871e+01   0.000000e+00   0.000000e+00   0.000000e+00   0.000000e+00   0.000000e+00   0.000000e+00
1     6.189871e+01   9.941716e-01  -1.067196e-01   0.000000e+00   6.705333e-01   6.247871e+00   0.000000e+00
0     6.199853e+01   0.000000e+00   0.000000e+00   0.000000e+00   0.000000e+00   0.000000e+00   0.000000e+00
1     6.199853e+01   8.675285e-01   4.971378e-01   0.000000e+00  -3.124297e+00   5.452050e+00   0.000000e+00
0     6.209835e+01   0.000000e+00   0.000000e+00   0.000000e+00   0.000000e+00   0.000000e+00   0.000000e+00
1     6.209835e+01   4.105643e-01   9.117041e-01   0.000000e+00  -5.729521e+00   2.580318e+00   0.000000e+00
0     6.219992e+01   0.000000e+00   0.000000e+00   0.000000e+00   0.000000e+00   0.000000e+00   0.000000e+00
1     6.219992e+01  -2.134873e-01   9.768478e-01   0.000000e+00  -6.138776e+00  -1.341367e+00   0.000000e+00
0     6.229973e+01   0.000000e+00   0.000000e+00   0.000000e+00   0.000000e+00   0.000000e+00   0.000000e+00
1     6.229973e+01  -7.462022e-01   6.656123e-01   0.000000e+00  -4.182823e+00  -4.688910e+00   0.000000e+00
0     6.239955e+01   0.000000e+00   0.000000e+00   0.000000e+00   0.000000e+00   0.000000e+00   0.000000e+00
1     6.239955e+01  -9.948370e-01   1.009740e-01   0.000000e+00  -6.346272e-01  -6.251207e+00   0.000000e+00
0     6.249937e+01   0.000000e+00   0.000000e+00   0.000000e+00   0.000000e+00   0.000000e+00   0.000000e+00
1     6.249937e+01  -8.647547e-01  -5.021050e-01   0.000000e+00   3.155022e+00  -5.433749e+00   0.000000e+00
0     6.259918e+01   0.000000e+00   0.000000e+00   0.000000e+00   0.000000e+00   0.000000e+00   0.000000e+00
1     6.259918e+01  -4.054814e-01  -9.140451e-01   0.000000e+00   5.743630e+00  -2.547776e+00   0.000000e+00
0     6.269900e+01   0.000000e+00   0.000000e+00   0.000000e+00   0.000000e+00   0.000000e+00   0.000000e+00
1     6.269900e+01   2.081511e-01  -9.780214e-01   0.000000e+00   6.145775e+00   1.308245e+00   0.000000e+00
0     6.279882e+01   0.000000e+00   0.000000e+00   0.000000e+00   0.000000e+00   0.000000e+00   0.000000e+00
1     6.279882e+01   7.425366e-01  -6.696585e-01   0.000000e+00   4.208123e+00   4.666445e+00   0.000000e+00
0     6.289863e+01   0.000000e+00   0.000000e+00   0.000000e+00   0.000000e+00   0.000000e+00   0.000000e+00
1     6.289863e+01   9.942113e-01  -1.063359e-01   0.000000e+00   6.681231e-01   6.248134e+00   0.000000e+00
0     6.299845e+01   0.000000e+00   0.000000e+00   0.000000e+00   0.000000e+00   0.000000e+00   0.000000e+00
1     6.299845e+01   8.673347e-01   4.974729e-01   0.000000e+00  -3.126410e+00   5.450844e+00   0.000000e+00
0     6.309827e+01   0.000000e+00   0.000000e+00   0.000000e+00   0.000000e+00   0.000000e+00   0.000000e+00
1     6.309827e+01   4.102095e-01   9.118623e-01   0.000000e+00  -5.730527e+00   2.578094e+00   0.000000e+00
0     6.319984e+01   0.000000e+00   0.000000e+00   0.000000e+00   0.000000e+00   0.000000e+00   0.000000e+00
1     6.319984e+01  -2.138678e-01   9.767631e-01   0.000000e+00  -6.138257e+00  -1.343760e+00   0.000000e+00
0     6.329965e+01   0.000000e+00   0.000000e+00   0.000000e+00   0.000000e+00   0.000000e+00   0.000000e+00
1     6.329965e+01  -7.464615e-01   6.653195e-01   0.000000e+00  -4.180992e+00  -4.690549e+00   0.000000e+00
0     6.339947e+01   0.000000e+00   0.000000e+00   0.000000e+00   0.000000e+00   0.000000e+00   0.000000e+00
1     6.339947e+01  -9.948752e-01   1.005834e-01   0.000000e+00  -6.321742e-01  -6.251460e+00   0.000000e+00
0     6.349929e+01   0.000000e+00   0.000000e+00   0.000000e+00   0.000000e+00   0.000000e+00   0.000000e+00
1     6.349929e+01  -8.645558e-01  -5.024448e-01   0.000000e+00   3.157164e+00  -5.432510e+00   0.000000e+00
0     6.359910e+01   0.000000e+00   0.000000e+00   0.000000e+00   0.000000e+00   0.000000e+00   0.000000e+00
1     6.359910e+01  -4.051197e-01  -9.142039e-01   0.000000e+00   5.744640e+00  -2.545508e+00   0.000000e+00
0     6.369892e+01   0.000000e+00   0.000000e+00   0.000000e+00   0.000000e+00   0.000000e+00   0.000000e+00
1     6.369892e+01   2.085386e-01  -9.779374e-01   0.000000e+00   6.145260e+00   1.310683e+00   0.000000e+00
0     6.379874e+01   0.000000e+00   0.000000e+00   0.000000e+00   0.000000e+00   0.000000e+00   0.000000e+00
1     6.379874e+01   7.428019e-01  -6.693621e-01   0.000000e+00   4.206270e+00   4.668122e+00   0.000000e+00
0     6.389855e+01   0.000000e+00   0.000000e+00   0.000000e+00   0.000000e+00   0.000000e+00   0.000000e+00
1     6.389855e+01   9.942523e-01  -1.059389e-01   0.000000e+00   6.656297e-01   6.248405e+00   0.000000e+00
0     6.399837e+01   0.000000e+00   0.000000e+00   0.000000e+00   0.000000e+00   0.000000e+00   0.000000e+00
1     6.399837e+01   8.671342e-01   4.978196e-01   0.000000e+00  -3.128595e+00   5.449595e+00   0.000000e+00
0     6.409994e+01   0.000000e+00   0.000000e+00   0.000000e+00   0.000000e+00   0.000000e+00   0.000000e+00
1     6.409994e+01   3.997809e-01   9.164812e-01   0.000000e+00  -5.759564e+00   2.512562e+00   0.000000e+00
0     6.419976e+01   0.000000e+00   0.000000e+00   0.000000e+00   0.000000e+00   0.000000e+00   0.000000e+00
1     6.419976e+01  -2.142613e-01   9.766755e-01   0.000000e+00  -6.137718e+00  -1.346236e+00   0.000000e+00
0     6.429957e+01   0.000000e+00   0.000000e+00   0.000000e+00   0.000000e+00   0.000000e+00   0.000000e+00
1     6.429957e+01  -7.467295e-01   6.650166e-01   0.000000e+00  -4.179097e+00  -4.692243e+00   0.000000e+00
0     6.439939e+01   0.000000e+00   0.000000e+00   0.000000e+00   0.000000e+00   0.000000e+00   0.000000e+00
1     6.439939e+01  -9.949145e-01   1.001796e-01   0.000000e+00  -6.296380e-01  -6.251721e+00   0.000000e+00
0     6.449921e+01   0.000000e+00   0.000000e+00   0.000000e+00   0.000000e+00   0.000000e+00   0.000000e+00
1     6.449921e+01  -8.643499e-01  -5.027960e-01   0.000000e+00   3.159377e+00  -5.431228e+00   0.000000e+00
0     6.459902e+01   0.000000e+00   0.000000e+00   0.000000e+00   0.000000e+00   0.000000e+00   0.000000e+00
1     6.459902e+01  -4.047457e-01  -9.143680e-01   0.000000e+00   5.745684e+00  -2.543163e+00   0.000000e+00
0     6.469884e+01   0.000000e+00   0.000000e+00   0.000000e+00   0.000000e+00   0.000000e+00   0.000000e+00
1     6.469884e+01   2.089390e-01  -9.778505e-01   0.000000e+00   6.144727e+00   1.313202e+00   0.000000e+00
0     6.479866e+01   0.000000e+00   0.000000e+00   0.000000e+00   0.000000e+00   0.000000e+00   0.000000e+00
1     6.479866e+01   7.430760e-01  -6.690557e-01   0.000000e+00   4.204353e+00   4.669854e+00   0.000000e+00
0     6.489847e+01   0.000000e+00   0.000000e+00   0.000000e+00   0.000000e+00   0.000000e+00   0.000000e+00
1     6.489847e+01   9.942945e-01  -1.055286e-01   0.000000e+00   6.630528e-01   6.248683e+00   0.000000e+00
0     6.499829e+01   0.000000e+00   0.000000e+00   0.000000e+00   0.000000e+00   0.000000e+00   0.000000e+00
1     6.499829e+01   8.669269e-01   4.981777e-01   0.000000e+00  -3.130852e+00   5.448304e+00   0.000000e+00
0     6.509986e+01   0.000000e+00   0.000000e+00   0.000000e+00   0.000000e+00   0.000000e+00   0.000000e+00
1     6.509986e+01   3.993998e-01   9.166458e-01   0.000000e+00  -5.760610e+00   2.510172e+00   0.000000e+00
0     6.519967e+01   0.000000e+00   0.000000e+00   0.000000e+00   0.000000e+00   0.000000e+00   0.000000e+00
1     6.519967e+01  -2.146677e-01   9.765848e-01   0.000000e+00  -6.137161e+00  -1.348793e+00   0.000000e+00
0     6.529949e+01   0.000000e+00   0.000000e+00   0.000000e+00   0.000000e+00   0.000000e+00   0.000000e+00
1     6.529949e+01  -7.470062e-01   6.647037e-01   0.000000e+00  -4.177139e+00  -4.693991e+00   0.000000e+00
0     6.539931e+01   0.000000e+00   0.000000e+00   0.000000e+00   0.000000e+00   0.000000e+00   0.000000e+00
1     6.539931e+01  -9.949551e-01   9.976251e-02   0.000000e+00  -6.270183e-01  -6.251988e+00   0.000000e+00
0     6.549912e+01   0.000000e+00   0.000000e+00   0.000000e+00   0.000000e+00   0.000000e+00   0.000000e+00
1     6.549912e+01  -8.641373e-01  -5.031586e-01   0.000000e+00   3.161663e+00  -5.429903e+00   0.000000e+00
0     6.559894e+01   0.000000e+00   0.000000e+00   0.000000e+00   0.000000e+00   0.000000e+00   0.000000e+00
1     6.559894e+01  -4.043595e-01  -9.145374e-01   0.000000e+00   5.746760e+00  -2.540741e+00   0.000000e+00
0     6.569876e+01   0.000000e+00   0.000000e+00   0.000000e+00   0.000000e+00   0.000000e+00   0.000000e+00
1     6.569876e+01   2.093524e-01  -9.777606e-01   0.000000e+00   6.144175e+00   1.315803e+00   0.000000e+00
0     6.579858e+01   0.000000e+00   0.000000e+00   0.000000e+00   0.000000e+00   0.000000e+00   0.000000e+00
1     6.579858e+01   7.433588e-01  -6.687393e-01   0.000000e+00   4.202374e+00   4.671641e+00   0.000000e+00
0     6.589839e+01   0.000000e+00   0.000000e+00   0.000000e+00   0.000000e+00   0.000000e+00   0.000000e+00
1     6.589839e+01   9.943380e-01  -1.051051e-01   0.000000e+00   6.603926e-01   6.248969e+00   0.000000e+00
0     6.599996e+01   0.000000e+00   0.000000e+00   0.000000e+00   0.000000e+00   0.000000e+00   0.000000e+00
1     6.599996e+01   8.611738e-01   5.080554e-01   0.000000e+00  -3.192934e+00   5.412160e+00   0.000000e+00
0     6.609978e+01   0.000000e+00   0.000000e+00   0.000000e+00   0.000000e+00   0.000000e+00   0.000000e+00
1     6.609978e+01   3.990065e-01   9.168156e-01   0.000000e+00  -5.761689e+00   2.507706e+00   0.000000e+00
0     6.619959e+01   0.000000e+00   0.000000e+00   0.000000e+00   0.000000e+00   0.000000e+00   0.000000e+00
1     6.619959e+01  -2.150871e-01   9.764912e-01   0.000000e+00  -6.136585e+00  -1.351431e+00   0.000000e+00
0     6.629941e+01   0.000000e+00   0.000000e+00   0.000000e+00   0.000000e+00   0.000000e+00   0.000000e+00
1     6.629941e+01  -7.472916e-01   6.643807e-01   0.000000e+00  -4.175119e+00  -4.695795e+00   0.000000e+00
0     6.639923e+01   0.000000e+00   0.000000e+00   0.000000e+00   0.000000e+00   0.000000e+00   0.000000e+00
1     6.639923e+01  -9.949967e-01   9.933221e-02   0.000000e+00  -6.243156e-01  -6.252263e+00   0.000000e+00
0     6.649904e+01   0.000000e+00   0.000000e+00   0.000000e+00   0.000000e+00   0.000000e+00   0.000000e+00
1     6.649904e+01  -8.639178e-01  -5.035327e-01   0.000000e+00   3.164019e+00  -5.428535e+00   0.000000e+00
0     6.659886e+01   0.000000e+00   0.000000e+00   0.000000e+00   0.000000e+00   0.000000e+00   0.000000e+00
1     6.659886e+01  -4.039610e-01  -9.147119e-01   0.000000e+00   5.747869e+00  -2.538243e+00   0.000000e+00
0     6.669868e+01   0.000000e+00   0.000000e+00   0.000000e+00   0.000000e+00   0.000000e+00   0.000000e+00
1     6.669868e+01   2.097788e-01  -9.776678e-01   0.000000e+00   6.143605e+00   1.318485e+00   0.000000e+00
0     6.679849e+01   0.000000e+00   0.000000e+00   0.000000e+00   0.000000e+00   0.000000e+00   0.000000e+00
1     6.679849e+01   7.436505e-01  -6.684129e-01   0.000000e+00   4.200331e+00   4.673484e+00   0.000000e+00
0     6.689831e+01   0.000000e+00   0.000000e+00   0.000000e+00   0.000000e+00   0.000000e+00   0.000000e+00
1     6.689831e+01   9.943826e-01  -1.046683e-01   0.000000e+00   6.576493e-01   6.249263e+00   0.000000e+00
0     6.699988e+01   0.000000e+00   0.000000e+00   0.000000e+00   0.000000e+00   0.000000e+00   0.000000e+00
1     6.699988e+01   8.609487e-01   5.084340e-01   0.000000e+00  -3.195319e+00   5.410757e+00   0.000000e+00
0     6.709970e+01   0.000000e+00   0.000000e+00   0.000000e+00   0.000000e+00   0.000000e+00   0.000000e+00
1     6.709970e+01   3.986009e-01   9.169905e-01   0.000000e+00  -5.762800e+00   2.505162e+00   0.000000e+00
0     6.719951e+01   0.000000e+00   0.000000e+00   0.000000e+00   0.000000e+00   0.000000e+00   0.000000e+00
1     6.719951e+01  -2.155194e-01   9.763944e-01   0.000000e+00  -6.135990e+00  -1.354151e+00   0.000000e+00
0     6.729933e+01   0.000000e+00   0.000000e+00   0.000000e+00   0.000000e+00   0.000000e+00   0.000000e+00
1     6.729933e+01  -7.475857e-01   6.640477e-01   0.000000e+00  -4.173034e+00  -4.697653e+00   0.000000e+00
0     6.739915e+01   0.000000e+00   0.000000e+00   0.000000e+00   0.000000e+00   0.000000e+00   0.000000e+00
1     6.739915e+01  -9.950395e-01   9.888862e-02   0.000000e+00  -6.215294e-01  -6.252545e+00   0.000000e+00
0     6.749896e+01   0.000000e+00   0.000000e+00   0.000000e+00   0.000000e+00   0.000000e+00   0.000000e+00
1     6.749896e+01  -8.636914e-01  -5.039181e-01   0.000000e+00   3.166448e+00  -5.427124e+00   0.000000e+00
0     6.759878e+01   0.000000e+00   0.000000e+00   0.000000e+00   0.000000e+00   0.000000e+00   0.000000e+00
1     6.759878e+01  -4.035503e-01  -9.148916e-01   0.000000e+00   5.749010e+00  -2.535667e+00   0.000000e+00
0     6.769860e+01   0.000000e+00   0.000000e+00   0.000000e+00   0.000000e+00   0.000000e+00   0.000000e+00
1     6.769860e+01   2.102181e-01  -9.775720e-01   0.000000e+00   6.143015e+00   1.321248e+00   0.000000e+00
0     6.779841e+01   0.000000e+00   0.000000e+00   0.000000e+00   0.000000e+00   0.000000e+00   0.000000e+00
1     6.779841e+01   7.439508e-01  -6.680765e-01   0.000000e+00   4.198226e+00   4.675381e+00   0.000000e+00
0     6.789998e+01   0.000000e+00   0.000000e+00   0.000000e+00   0.000000e+00   0.000000e+00   0.000000e+00
1     6.789998e+01   9.955150e-01  -9.326816e-02   0.000000e+00   5.860082e-01   6.256394e+00   0.000000e+00
0     6.799980e+01   0.000000e+00   0.000000e+00   0.000000e+00   0.000000e+00   0.000000e+00   0.000000e+00
1     6.799980e+01   8.607167e-01   5.088239e-01   0.000000e+00  -3.197776e+00   5.409311e+00   0.000000e+00
0     6.809962e+01   0.000000e+00   0.000000e+00   0.000000e+00   0.000000e+00   0.000000e+00   0.000000e+00
1     6.809962e+01   3.981830e-01   9.171705e-01   0.000000e+00  -5.763944e+00   2.502541e+00   0.000000e+00
0     6.819943e+01   0.000000e+00   0.000000e+00   0.000000e+00   0.000000e+00   0.000000e+00   0.000000e+00
1     6.819943e+01  -2.159647e-01   9.762946e-01   0.000000e+00  -6.135376e+00  -1.356951e+00   0.000000e+00
0     6.829925e+01   0.000000e+00   0.000000e+00   0.000000e+00   0.000000e+00   0.000000e+00   0.000000e+00
1     6.829925e+01  -7.478885e-01   6.637046e-01   0.000000e+00  -4.170887e+00  -4.699565e+00   0.000000e+00
0     6.839907e+01   0.000000e+00   0.000000e+00   0.000000e+00   0.000000e+00   0.000000e+00   0.000000e+00
1     6.839907e+01  -9.950834e-01   9.843182e-02   0.000000e+00  -6.186602e-01  -6.252834e+00   0.000000e+00
0     6.849888e+01   0.000000e+00   0.000000e+00   0.000000e+00   0.000000e+00   0.000000e+00   0.000000e+00
1     6.849888e+01  -8.634582e-01  -5.043149e-01   0.000000e+00   3.168948e+00  -5.425670e+00   0.000000e+00
0     6.859870e+01   0.000000e+00   0.000000e+00   0.000000e+00   0.000000e+00   0.000000e+00   0.000000e+00
1     6.859870e+01  -4.031274e-01  -9.150766e-01   0.000000e+00   5.750184e+00  -2.533015e+00   0.000000e+00
0     6.869852e+01   0.000000e+00   0.000000e+00   0.000000e+00   0.000000e+00   0.000000e+00   0.000000e+00
1     6.869852e+01   2.106704e-01  -9.774732e-01   0.000000e+00   6.142407e+00   1.324093e+00   0.000000e+00
0     6.879833e+01   0.000000e+00   0.000000e+00   0.000000e+00   0.000000e+00   0.000000e+00   0.000000e+00
1     6.879833e+01   7.442599e-01  -6.677301e-01   0.000000e+00   4.196058e+00   4.677333e+00   0.000000e+00
0     6.889990e+01   0.000000e+00   0.000000e+00   0.000000e+00   0.000000e+00   0.000000e+00   0.000000e+00
1     6.889990e+01   9.955569e-01  -9.280442e-02   0.000000e+00   5.830951e-01   6.256670e+00   0.000000e+00
0     6.899972e+01   0.000000e+00   0.000000e+00   0.000000e+00   0.000000e+00   0.000000e+00   0.000000e+00
1     6.899972e+01   8.604778e-01   5.092251e-01   0.000000e+00  -3.200304e+00   5.407820e+00   0.000000e+00
0     6.909954e+01   0.000000e+00   0.000000e+00   0.000000e+00   0.000000e+00   0.000000e+00   0.000000e+00
1     6.909954e+01   3.977529e-01   9.173556e-01   0.000000e+00  -5.765119e+00   2.499843e+00   0.000000e+00
0     6.919935e+01   0.000000e+00   0.000000e+00   0.000000e+00   0.000000e+00   0.000000e+00   0.000000e+00
1     6.919935e+01  -2.164229e-01   9.761918e-01   0.000000e+00  -6.134742e+00  -1.359834e+00   0.000000e+00
0     6.929917e+01   0.000000e+00   0.000000e+00   0.000000e+00   0.000000e+00   0.000000e+00   0.000000e+00
1     6.929917e+01  -7.482000e-01   6.633514e-01   0.000000e+00  -4.168676e+00  -4.701532e+00   0.000000e+00
0     6.939899e+01   0.000000e+00   0.000000e+00   0.000000e+00   0.000000e+00   0.000000e+00   0.000000e+00
1     6.939899e+01  -9.951284e-01   9.796175e-02   0.000000e+00  -6.157075e-01  -6.253130e+00   0.000000e+00
0     6.949880e+01   0.000000e+00   0.000000e+00   0.000000e+00   0.000000e+00   0.000000e+00   0.000000e+00
1     6.949880e+01  -8.632181e-01  -5.047230e-01   0.000000e+00   3.171519e+00  -5.424172e+00   0.000000e+00
0     6.959862e+01   0.000000e+00   0.000000e+00   0.000000e+00   0.000000e+00   0.000000e+00   0.000000e+00
1     6.959862e+01  -4.026922e-01  -9.152666e-01   0.000000e+00   5.751391e+00  -2.530285e+00   0.000000e+00
0     6.969844e+01   0.000000e+00   0.000000e+00   0.000000e+00   0.000000e+00   0.000000e+00   0.000000e+00
1     6.969844e+01   2.111356e-01  -9.773714e-01   0.000000e+00   6.141781e+00   1.327019e+00   0.000000e+00
0     6.979825e+01   0.000000e+00   0.000000e+00   0.000000e+00   0.000000e+00   0.000000e+00   0.000000e+00
1     6.979825e+01   7.445777e-01  -6.673736e-01   0.000000e+00   4.193826e+00   4.679340e+00   0.000000e+00
0     6.989982e+01   0.000000e+00   0.000000e+00   0.000000e+00   0.000000e+00   0.000000e+00   0.000000e+00
1     6.989982e+01   9.955998e-01  -9.232741e-02   0.000000e+00   5.800987e-01   6.256953e+00   0.000000e+00
0     6.999964e+01   0.000000e+00   0.000000e+00   0.000000e+00   0.000000e+00   0.000000e+00   0.000000e+00
1     6.999964e+01   8.602319e-01   5.096376e-01   0.000000e+00  -3.202903e+00   5.406286e+00   0.000000e+00
0     7.009945e+01   0.000000e+00   0.000000e+00   0.000000e+00   0.000000e+00   0.000000e+00   0.000000e+00
1     7.009945e+01   3.973105e-01   9.175458e-01   0.000000e+00  -5.766326e+00   2.497068e+00   0.000000e+00
0     7.019927e+01   0.000000e+00   0.000000e+00   0.000000e+00   0.000000e+00   0.000000e+00   0.000000e+00
1     7.019927e+01  -2.168940e-01   9.760858e-01   0.000000e+00  -6.134089e+00  -1.362797e+00   0.000000e+00
0     7.029909e+01   0.000000e+00   0.000000e+00   0.000000e+00   0.000000e+00   0.000000e+00   0.000000e+00
1     7.029909e+01  -7.485201e-01   6.629881e-01   0.000000e+00  -4.166401e+00  -4.703554e+00   0.000000e+00
0     7.039891e+01   0.000000e+00   0.000000e+00   0.000000e+00   0.000000e+00   0.000000e+00   0.000000e+00
1     7.039891e+01  -9.951745e-01   9.747840e-02   0.000000e+00  -6.126715e-01  -6.253432e+00   0.000000e+00
0     7.049872e+01   0.000000e+00   0.000000e+00   0.000000e+00   0.000000e+00   0.000000e+00   0.000000e+00
1     7.049872e+01  -8.629711e-01  -5.051425e-01   0.000000e+00   3.174162e+00  -5.422631e+00   0.000000e+00
0     7.059854e+01   0.000000e+00   0.000000e+00   0.000000e+00   0.000000e+00   0.000000e+00   0.000000e+00
1     7.059854e+01  -4.022447e-01  -9.154618e-01   0.000000e+00   5.752629e+00  -2.527479e+00   0.000000e+00
0     7.069836e+01   0.000000e+00   0.000000e+00   0.000000e+00   0.000000e+00   0.000000e+00   0.000000e+00
1     7.069836e+01   2.116137e-01  -9.772665e-01   0.000000e+00   6.141135e+00   1.330027e+00   0.000000e+00
0     7.079992e+01   0.000000e+00   0.000000e+00   0.000000e+00   0.000000e+00   0.000000e+00   0.000000e+00
1     7.079992e+01   7.521990e-01  -6.587689e-01   0.000000e+00   4.139763e+00   4.727246e+00   0.000000e+00
0     7.089974e+01   0.000000e+00   0.000000e+00   0.000000e+00   0.000000e+00   0.000000e+00   0.000000e+00
1     7.089974e+01   9.956438e-01  -9.183715e-02   0.000000e+00   5.770189e-01   6.257242e+00   0.000000e+00
0     7.099956e+01   0.000000e+00   0.000000e+00   0.000000e+00   0.000000e+00   0.000000e+00   0.000000e+00
1     7.099956e+01   8.599791e-01   5.100614e-01   0.000000e+00  -3.205574e+00   5.404709e+00   0.000000e+00
0     7.109937e+01   0.000000e+00   0.000000e+00   0.000000e+00   0.000000e+00   0.000000e+00   0.000000e+00
1     7.109937e+01   3.968557e-01   9.177411e-01   0.000000e+00  -5.767565e+00   2.494216e+00   0.000000e+00
0     7.119919e+01   0.000000e+00   0.000000e+00   0.000000e+00   0.000000e+00   0.000000e+00   0.000000e+00
1     7.119919e+01  -2.173780e-01   9.759767e-01   0.000000e+00  -6.133416e+00  -1.365842e+00   0.000000e+00
0     7.129901e+01   0.000000e+00   0.000000e+00   0.000000e+00   0.000000e+00   0.000000e+00   0.000000e+00
1     7.129901e+01  -7.488489e-01   6.626146e-01   0.000000e+00  -4.164063e+00  -4.705629e+00   0.000000e+00
0     7.139882e+01   0.000000e+00   0.000000e+00   0.000000e+00   0.000000e+00   0.000000e+00   0.000000e+00
1     7.139882e+01  -9.952216e-01   9.698181e-02   0.000000e+00  -6.095522e-01  -6.253741e+00   0.000000e+00
0     7.149864e+01   0.000000e+00   0.000000e+00   0.000000e+00   0.000000e+00   0.000000e+00   0.000000e+00
1     7.149864e+01  -8.627171e-01  -5.055733e-01   0.000000e+00   3.176876e+00  -5.421047e+00   0.000000e+00
0     7.159846e+01   0.000000e+00   0.000000e+00   0.000000e+00   0.000000e+00   0.000000e+00   0.000000e+00
1     7.159846e+01  -4.017851e-01  -9.156621e-01   0.000000e+00   5.753900e+00  -2.524595e+00   0.000000e+00
0     7.169828e+01   0.000000e+00   0.000000e+00   0.000000e+00   0.000000e+00   0.000000e+00   0.000000e+00
1     7.169828e+01   2.121048e-01  -9.771586e-01   0.000000e+00   6.140469e+00   1.333116e+00   0.000000e+00
0     7.179984e+01   0.000000e+00   0.000000e+00   0.000000e+00   0.000000e+00   0.000000e+00   0.000000e+00
1     7.179984e+01   7.525300e-01  -6.583886e-01   0.000000e+00   4.137381e+00   4.729336e+00   0.000000e+00
0     7.189966e+01   0.000000e+00   0.000000e+00   0.000000e+00   0.000000e+00   0.000000e+00   0.000000e+00
1     7.189966e+01   9.956887e-01  -9.133364e-02   0.000000e+00   5.738558e-01   6.257538e+00   0.000000e+00
0     7.199948e+01   0.000000e+00   0.000000e+00   0.000000e+00   0.000000e+00   0.000000e+00   0.000000e+00
1     7.199948e+01   8.597192e-01   5.104966e-01   0.000000e+00  -3.208316e+00   5.403087e+00   0.000000e+00
0     7.209929e+01   0.000000e+00   0.000000e+00   0.000000e+00   0.000000e+00   0.000000e+00   0.000000e+00
1     7.209929e+01   3.963887e-01   9.179414e-01   0.000000e+00  -5.768836e+00   2.491286e+00   0.000000e+00
0     7.219911e+01   0.000000e+00   0.000000e+00   0.000000e+00   0.000000e+00   0.000000e+00   0.000000e+00
1     7.219911e+01  -2.178750e-01   9.758645e-01   0.000000e+00  -6.132723e+00  -1.368968e+00   0.000000e+00
0     7.229893e+01   0.000000e+00   0.000000e+00   0.000000e+00   0.000000e+00   0.000000e+00   0.000000e+00
1     7.229893e+01  -7.491862e-01   6.622311e-01   0.000000e+00  -4.161662e+00  -4.707759e+00   0.000000e+00
0     7.239874e+01   0.000000e+00   0.000000e+00   0.000000e+00   0.000000e+00   0.000000e+00   0.000000e+00
1     7.239874e+01  -9.952698e-01   9.647200e-02   0.000000e+00  -6.063498e-01  -6.254057e+00   0.000000e+00
0     7.249856e+01   0.000000e+00   0.000000e+00   0.000000e+00   0.000000e+00   0.000000e+00   0.000000e+00
1     7.249856e+01  -8.624562e-01  -5.060156e-01   0.000000e+00   3.179661e+00  -5.419419e+00   0.000000e+00
0     7.259838e+01   0.000000e+00   0.000000e+00   0.000000e+00   0.000000e+00   0.000000e+00   0.000000e+00
1     7.259838e+01  -4.013131e-01  -9.158676e-01   0.000000e+00   5.755203e+00  -2.521635e+00   0.000000e+00
0     7.269995e+01   0.000000e+00   0.000000e+00   0.000000e+00   0.000000e+00   0.000000e+00   0.000000e+00
1     7.269995e+01   2.233475e-01  -9.746485e-01   0.000000e+00   6.124711e+00   1.403770e+00   0.000000e+00
0     7.279976e+01   0.000000e+00   0.000000e+00   0.000000e+00   0.000000e+00   0.000000e+00   0.000000e+00
1     7.279976e+01   7.528696e-01  -6.579981e-01   0.000000e+00   4.134936e+00   4.731480e+00   0.000000e+00
0     7.289958e+01   0.000000e+00   0.000000e+00   0.000000e+00   0.000000e+00   0.000000e+00   0.000000e+00
1     7.289958e+01   9.957345e-01  -9.081687e-02   0.000000e+00   5.706094e-01   6.257839e+00   0.000000e+00
0     7.299940e+01   0.000000e+00   0.000000e+00   0.000000e+00   0.000000e+00   0.000000e+00   0.000000e+00
1     7.299940e+01   8.594523e-01   5.109431e-01   0.000000e+00  -3.211128e+00   5.401421e+00   0.000000e+00
0     7.309921e+01   0.000000e+00   0.000000e+00   0.000000e+00   0.000000e+00   0.000000e+00   0.000000e+00
1     7.309921e+01   3.959094e-01   9.181467e-01   0.000000e+00  -5.770138e+00   2.488279e+00   0.000000e+00
0     7.319903e+01   0.000000e+00   0.000000e+00   0.000000e+00   0.000000e+00   0.000000e+00   0.000000e+00
1     7.319903e+01  -2.183849e-01   9.757491e-01   0.000000e+00  -6.132011e+00  -1.372175e+00   0.000000e+00
0     7.329885e+01   0.000000e+00   0.000000e+00   0.000000e+00   0.000000e+00   0.000000e+00   0.000000e+00
1     7.329885e+01  -7.495322e-01   6.618375e-01   0.000000e+00  -4.159197e+00  -4.709943e+00   0.000000e+00
0     7.339866e+01   0.000000e+00   0.000000e+00   0.000000e+00   0.000000e+00   0.000000e+00   0.000000e+00
1     7.339866e+01  -9.953190e-01   9.594888e-02   0.000000e+00  -6.030638e-01  -6.254379e+00   0.000000e+00
0     7.349848e+01   0.000000e+00   0.000000e+00   0.000000e+00   0.000000e+00   0.000000e+00   0.000000e+00
1     7.349848e+01  -8.621883e-01  -5.064691e-01   0.000000e+00   3.182518e+00  -5.417747e+00   0.000000e+00
0     7.359830e+01   0.000000e+00   0.000000e+00   0.000000e+00   0.000000e+00   0.000000e+00   0.000000e+00
1     7.359830e+01  -4.008288e-01  -9.160781e-01   0.000000e+00   5.756538e+00  -2.518597e+00   0.000000e+00
0     7.369987e+01   0.000000e+00   0.000000e+00   0.000000e+00   0.000000e+00   0.000000e+00   0.000000e+00
1     7.369987e+01   2.238632e-01  -9.745287e-01   0.000000e+00   6.123971e+00   1.407013e+00   0.000000e+00
0     7.379968e+01   0.000000e+00   0.000000e+00   0.000000e+00   0.000000e+00   0.000000e+00   0.000000e+00
1     7.379968e+01   7.532177e-01  -6.575975e-01   0.000000e+00   4.132427e+00   4.733678e+00   0.000000e+00
0     7.389950e+01   0.000000e+00   0.000000e+00   0.000000e+00   0.000000e+00   0.000000e+00   0.000000e+00
1     7.389950e+01   9.957813e-01  -9.028684e-02   0.000000e+00   5.672797e-01   6.258146e+00   0.000000e+00
0     7.399932e+01   0.000000e+00   0.000000e+00   0.000000e+00   0.000000e+00   0.000000e+00   0.000000e+00
1     7.399932e+01   8.591784e-01   5.114008e-01   0.000000e+00  -3.214011e+00   5.399711e+00   0.000000e+00
0     7.409913e+01   0.000000e+00   0.000000e+00   0.000000e+00   0.000000e+00   0.000000e+00   0.000000e+00
1     7.409913e+01   3.954177e-01   9.183571e-01   0.000000e+00  -5.771472e+00   2.485194e+00   0.000000e+00
0     7.419895e+01   0.000000e+00   0.000000e+00   0.000000e+00   0.000000e+00   0.000000e+00   0.000000e+00
1     7.419895e+01  -2.189077e-01   9.756305e-01   0.000000e+00  -6.131278e+00  -1.375463e+00   0.000000e+00
0     7.429877e+01   0.000000e+00   0.000000e+00   0.000000e+00   0.000000e+00   0.000000e+00   0.000000e+00
1     7.429877e+01  -7.498867e-01   6.614336e-01   0.000000e+00  -4.156667e+00  -4.712181e+00   0.000000e+00
0     7.439858e+01   0.000000e+00   0.000000e+00   0.000000e+00   0.000000e+00   0.000000e+00   0.000000e+00
1     7.439858e+01  -9.953692e-01   9.541253e-02   0.000000e+00  -5.996946e-01  -6.254707e+00   0.000000e+00
0     7.449840e+01   0.000000e+00   0.000000e+00   0.000000e+00   0.000000e+00   0.000000e+00   0.000000e+00
1     7.449840e+01  -8.619135e-01  -5.069339e-01   0.000000e+00   3.185446e+00  -5.416031e+00   0.000000e+00
0     7.459997e+01   0.000000e+00   0.000000e+00   0.000000e+00   0.000000e+00   0.000000e+00   0.000000e+00
1     7.459997e+01  -3.902252e-01  -9.206431e-01   0.000000e+00   5.785238e+00  -2.451969e+00   0.000000e+00
0     7.469979e+01   0.000000e+00   0.000000e+00   0.000000e+00   0.000000e+00   0.000000e+00   0.000000e+00
1     7.469979e+01   2.243917e-01  -9.744057e-01   0.000000e+00   6.123211e+00   1.410338e+00   0.000000e+00
0     7.479960e+01   0.000000e+00   0.000000e+00   0.000000e+00   0.000000e+00   0.000000e+00   0.000000e+00
1     7.479960e+01   7.535743e-01  -6.571867e-01   0.000000e+00   4.129854e+00   4.735929e+00   0.000000e+00
0     7.489942e+01   0.000000e+00   0.000000e+00   0.000000e+00   0.000000e+00   0.000000e+00   0.000000e+00
1     7.489942e+01   9.958290e-01  -8.974356e-02   0.000000e+00   5.638667e-01   6.258459e+00   0.000000e+00
0     7.499924e+01   0.000000e+00   0.000000e+00   0.000000e+00   0.000000e+00   0.000000e+00   0.000000e+00
1     7.499924e+01   8.588975e-01   5.118698e-01   0.000000e+00  -3.216965e+00   5.397956e+00   0.000000e+00
0     7.509905e+01   0.000000e+00   0.000000e+00   0.000000e+00   0.000000e+00   0.000000e+00   0.000000e+00
1     7.509905e+01   3.949138e-01   9.185724e-01   0.000000e+00  -5.772837e+00   2.482032e+00   0.000000e+00
0     7.519887e+01   0.000000e+00   0.000000e+00   0.000000e+00   0.000000e+00   0.000000e+00   0.000000e+00
1     7.519887e+01  -2.194434e-01   9.755088e-01   0.000000e+00  -6.130526e+00  -1.378832e+00   0.000000e+00
0     7.529869e+01   0.000000e+00   0.000000e+00   0.000000e+00   0.000000e+00   0.000000e+00   0.000000e+00
1     7.529869e+01  -7.502499e-01   6.610197e-01   0.000000e+00  -4.154075e+00  -4.714472e+00   0.000000e+00
0     7.539850e+01   0.000000e+00   0.000000e+00   0.000000e+00   0.000000e+00   0.000000e+00   0.000000e+00
1     7.539850e+01  -9.954203e-01   9.486296e-02   0.000000e+00  -5.962423e-01  -6.255041e+00   0.000000e+00
0     7.549832e+01   0.000000e+00   0.000000e+00   0.000000e+00   0.000000e+00   0.000000e+00   0.000000e+00
1     7.549832e+01  -8.616317e-01  -5.074100e-01   0.000000e+00   3.188444e+00  -5.414271e+00   0.000000e+00
0     7.559989e+01   0.000000e+00   0.000000e+00   0.000000e+00   0.000000e+00   0.000000e+00   0.000000e+00
1     7.559989e+01  -3.897139e-01  -9.208581e-01   0.000000e+00   5.786602e+00  -2.448762e+00   0.000000e+00
0     7.569970e+01   0.000000e+00   0.000000e+00   0.000000e+00   0.000000e+00   0.000000e+00   0.000000e+00
1     7.569970e+01   2.249332e-01  -9.742794e-01   0.000000e+00   6.122430e+00   1.413743e+00   0.000000e+00
0     7.579952e+01   0.000000e+00   0.000000e+00   0.000000e+00   0.000000e+00   0.000000e+00   0.000000e+00
1     7.579952e+01   7.539394e-01  -6.567656e-01   0.000000e+00   4.127217e+00   4.738233e+00   0.000000e+00
0     7.589934e+01   0.000000e+00   0.000000e+00   0.000000e+00   0.000000e+00   0.000000e+00   0.000000e+00
1     7.589934e+01   9.958776e-01  -8.918707e-02   0.000000e+00   5.603706e-01   6.258778e+00   0.000000e+00
0     7.599916e+01   0.000000e+00   0.000000e+00   0.000000e+00   0.000000e+00   0.000000e+00   0.000000e+00
1     7.599916e+01   8.586095e-01   5.123500e-01   0.000000e+00  -3.219990e+00   5.396158e+00   0.000000e+00
0     7.609897e+01   0.000000e+00   0.000000e+00   0.000000e+00   0.000000e+00   0.000000e+00   0.000000e+00
1     7.609897e+01   3.943975e-01   9.187927e-01   0.000000e+00  -5.774234e+00   2.478793e+00   0.000000e+00
0     7.619879e+01   0.000000e+00   0.000000e+00   0.000000e+00   0.000000e+00   0.000000e+00   0.000000e+00
1     7.619879e+01  -2.199919e-01   9.753838e-01   0.000000e+00  -6.129753e+00  -1.382283e+00   0.000000e+00
0     7.629861e+01   0.000000e+00   0.000000e+00   0.000000e+00   0.000000e+00   0.000000e+00   0.000000e+00
1     7.629861e+01  -7.506215e-01   6.605955e-01   0.000000e+00  -4.151418e+00  -4.716817e+00   0.000000e+00
0     7.639842e+01   0.000000e+00   0.000000e+00   0.000000e+00   0.000000e+00   0.000000e+00   0.000000e+00
1     7.639842e+01  -9.954724e-01   9.430011e-02   0.000000e+00  -5.927066e-01  -6.255382e+00   0.000000e+00
0     7.649999e+01   0.000000e+00   0.000000e+00   0.000000e+00   0.000000e+00   0.000000e+00   0.000000e+00
1     7.649999e+01  -8.557020e-01  -5.173446e-01   0.000000e+00   3.250880e+00  -5.377020e+00   0.000000e+00
0     7.659981e+01   0.000000e+00   0.000000e+00   0.000000e+00   0.000000e+00   0.000000e+00   0.000000e+00
1     7.659981e+01  -3.891903e-01  -9.210780e-01   0.000000e+00   5.787996e+00  -2.445477e+00   0.000000e+00
0     7.669962e+01   0.000000e+00   0.000000e+00   0.000000e+00   0.000000e+00   0.000000e+00   0.000000e+00
1     7.669962e+01   2.254875e-01  -9.741498e-01   0.000000e+00   6.121629e+00   1.417230e+00   0.000000e+00
0     7.679944e+01   0.000000e+00   0.000000e+00   0.000000e+00   0.000000e+00   0.000000e+00   0.000000e+00
1     7.679944e+01   7.543130e-01  -6.563344e-01   0.000000e+00   4.124515e+00   4.740591e+00   0.000000e+00
0     7.689926e+01   0.000000e+00   0.000000e+00   0.000000e+00   0.000000e+00   0.000000e+00   0.000000e+00
1     7.689926e+01   9.959271e-01  -8.861728e-02   0.000000e+00   5.567909e-01   6.259102e+00   0.000000e+00
0     7.699908e+01   0.000000e+00   0.000000e+00   0.000000e+00   0.000000e+00   0.000000e+00   0.000000e+00
1     7.699908e+01   8.583144e-01   5.128415e-01   0.000000e+00  -3.223085e+00   5.394314e+00   0.000000e+00
0     7.709889e+01   0.000000e+00   0.000000e+00   0.000000e+00   0.000000e+00   0.000000e+00   0.000000e+00
1     7.709889e+01   3.938689e-01   9.190179e-01   0.000000e+00  -5.775661e+00   2.475476e+00   0.000000e+00
0     7.719871e+01   0.000000e+00   0.000000e+00   0.000000e+00   0.000000e+00   0.000000e+00   0.000000e+00
1     7.719871e+01  -2.205534e-01   9.752556e-01   0.000000e+00  -6.128960e+00  -1.385814e+00   0.000000e+00
0     7.729853e+01   0.000000e+00   0.000000e+00   0.000000e+00   0.000000e+00   0.000000e+00   0.000000e+00
1     7.729853e+01  -7.510017e-01   6.601612e-01   0.000000e+00  -4.148697e+00  -4.719216e+00   0.000000e+00
0     7.739834e+01   0.000000e+00   0.000000e+00   0.000000e+00   0.000000e+00   0.000000e+00   0.000000e+00
1     7.739834e+01  -9.955254e-01   9.372402e-02   0.000000e+00  -5.890876e-01  -6.255728e+00   0.000000e+00
0     7.749991e+01   0.000000e+00   0.000000e+00   0.000000e+00   0.000000e+00   0.000000e+00   0.000000e+00
1     7.749991e+01  -8.554006e-01  -5.178400e-01   0.000000e+00   3.254000e+00  -5.375138e+00   0.000000e+00
0     7.759973e+01   0.000000e+00   0.000000e+00   0.000000e+00   0.000000e+00   0.000000e+00   0.000000e+00
1     7.759973e+01  -3.886543e-01  -9.213028e-01   0.000000e+00   5.789420e+00  -2.442113e+00   0.000000e+00
0     7.769954e+01   0.000000e+00   0.000000e+00   0.000000e+00   0.000000e+00   0.000000e+00   0.000000e+00
1     7.769954e+01   2.260546e-01  -9.740169e-01   0.000000e+00   6.120806e+00   1.420797e+00   0.000000e+00
0     7.779936e+01   0.000000e+00   0.000000e+00   0.000000e+00   0.000000e+00   0.000000e+00   0.000000e+00
1     7.779936e+01   7.546950e-01  -6.558929e-01   0.000000e+00   4.121750e+00   4.743002e+00   0.000000e+00
0     7.789918e+01   0.000000e+00   0.000000e+00   0.000000e+00   0.000000e+00   0.000000e+00   0.000000e+00
1     7.789918e+01   9.959774e-01  -8.803427e-02   0.000000e+00   5.531282e-01   6.259431e+00   0.000000e+00
0     7.799900e+01   0.000000e+00   0.000000e+00   0.000000e+00   0.000000e+00   0.000000e+00   0.000000e+00
1     7.799900e+01   8.580122e-01   5.133442e-01   0.000000e+00  -3.226251e+00   5.392427e+00   0.000000e+00
0     7.809881e+01   0.000000e+00   0.000000e+00   0.000000e+00   0.000000e+00   0.000000e+00   0.000000e+00
1     7.809881e+01   3.933280e-01   9.192481e-01   0.000000e+00  -5.777120e+00   2.472082e+00   0.000000e+00
0     7.819863e+01   0.000000e+00   0.000000e+00   0.000000e+00   0.000000e+00   0.000000e+00   0.000000e+00
1     7.819863e+01  -2.211277e-01   9.751242e-01   0.000000e+00  -6.128147e+00  -1.389426e+00   0.000000e+00
0     7.829845e+01   0.000000e+00   0.000000e+00   0.000000e+00   0.000000e+00   0.000000e+00   0.000000e+00
1     7.829845e+01  -7.513904e-01   6.597167e-01   0.000000e+00  -4.145912e+00  -4.721669e+00   0.000000e+00
0     7.839826e+01   0.000000e+00   0.000000e+00   0.000000e+00   0.000000e+00   0.000000e+00   0.000000e+00
1     7.839826e+01  -9.955794e-01   9.313467e-02   0.000000e+00  -5.853852e-01  -6.256080e+00   0.000000e+00
0     7.849983e+01   0.000000e+00   0.000000e+00   0.000000e+00   0.000000e+00   0.000000e+00   0.000000e+00
1     7.849983e+01  -8.550921e-01  -5.183466e-01   0.000000e+00   3.257190e+00  -5.373210e+00   0.000000e+00
0     7.859965e+01   0.000000e+00   0.000000e+00   0.000000e+00   0.000000e+00   0.000000e+00   0.000000e+00
1     7.859965e+01  -3.881060e-01  -9.215324e-01   0.000000e+00   5.790875e+00  -2.438673e+00   0.000000e+00
0     7.869946e+01   0.000000e+00   0.000000e+00   0.000000e+00   0.000000e+00   0.000000e+00   0.000000e+00
1     7.869946e+01   2.266346e-01  -9.738807e-01   0.000000e+00   6.119963e+00   1.424445e+00   0.000000e+00
0     7.879928e+01   0.000000e+00   0.000000e+00   0.000000e+00   0.000000e+00   0.000000e+00   0.000000e+00
1     7.879928e+01   7.550855e-01  -6.554411e-01   0.000000e+00   4.118919e+00   4.745466e+00   0.000000e+00
0     7.889910e+01   0.000000e+00   0.000000e+00   0.000000e+00   0.000000e+00   0.000000e+00   0.000000e+00
1     7.889910e+01   9.960285e-01  -8.743798e-02   0.000000e+00   5.493820e-01   6.259765e+00   0.000000e+00
0     7.899891e+01   0.000000e+00   0.000000e+00   0.000000e+00   0.000000e+00   0.000000e+00   0.000000e+00
1     7.899891e+01   8.577029e-01   5.138581e-01   0.000000e+00  -3.229488e+00   5.390494e+00   0.000000e+00
0     7.909873e+01   0.000000e+00   0.000000e+00   0.000000e+00   0.000000e+00   0.000000e+00   0.000000e+00
1     7.909873e+01   3.927747e-01   9.194831e-01   0.000000e+00  -5.778609e+00   2.468610e+00   0.000000e+00
0     7.919855e+01   0.000000e+00   0.000000e+00   0.000000e+00   0.000000e+00   0.000000e+00   0.000000e+00
1     7.919855e+01  -2.217149e-01   9.749894e-01   0.000000e+00  -6.127312e+00  -1.393119e+00   0.000000e+00
0     7.929837e+01   0.000000e+00   0.000000e+00   0.000000e+00   0.000000e+00   0.000000e+00   0.000000e+00
1     7.929837e+01  -7.517876e-01   6.592620e-01   0.000000e+00  -4.143063e+00  -4.724174e+00   0.000000e+00
0     7.939993e+01   0.000000e+00   0.000000e+00   0.000000e+00   0.000000e+00   0.000000e+00   0.000000e+00
1     7.939993e+01  -9.965923e-01   8.157068e-02   0.000000e+00  -5.127171e-01  -6.262457e+00   0.000000e+00
0     7.949975e+01   0.000000e+00   0.000000e+00   0.000000e+00   0.000000e+00   0.000000e+00   0.000000e+00
1     7.949975e+01  -8.547764e-01  -5.188644e-01   0.000000e+00   3.260451e+00  -5.371237e+00   0.000000e+00
0     7.959957e+01   0.000000e+00   0.000000e+00   0.000000e+00   0.000000e+00   0.000000e+00   0.000000e+00
1     7.959957e+01  -3.875453e-01  -9.217668e-01   0.000000e+00   5.792361e+00  -2.435154e+00   0.000000e+00
0     7.969938e+01   0.000000e+00   0.000000e+00   0.000000e+00   0.000000e+00   0.000000e+00   0.000000e+00
1     7.969938e+01   2.272275e-01  -9.737411e-01   0.000000e+00   6.119099e+00   1.428173e+00   0.000000e+00
0     7.979920e+01   0.000000e+00   0.000000e+00   0.000000e+00   0.000000e+00   0.000000e+00   0.000000e+00
1     7.979920e+01   7.554845e-01  -6.549791e-01   0.000000e+00   4.116024e+00   4.747983e+00   0.000000e+00
0     7.989902e+01   0.000000e+00   0.000000e+00   0.000000e+00   0.000000e+00   0.000000e+00   0.000000e+00
1     7.989902e+01   9.960804e-01  -8.682843e-02   0.000000e+00   5.455524e-01   6.260105e+00   0.000000e+00
0     7.999883e+01   0.000000e+00   0.000000e+00   0.000000e+00   0.000000e+00   0.000000e+00   0.000000e+00
1     7.999883e+01   8.573865e-01   5.143832e-01   0.000000e+00  -3.232794e+00   5.388517e+00   0.000000e+00
0     8.009865e+01   0.000000e+00   0.000000e+00   0.000000e+00   0.000000e+00   0.000000e+00   0.000000e+00
1     8.009865e+01   3.922091e-01   9.197231e-01   0.000000e+00  -5.780128e+00   2.465060e+00   0.000000e+00
0     8.019847e+01   0.000000e+00   0.000000e+00   0.000000e+00   0.000000e+00   0.000000e+00   0.000000e+00
1     8.019847e+01  -2.223150e-01   9.748514e-01   0.000000e+00  -6.126458e+00  -1.396893e+00   0.000000e+00
0     8.029829e+01   0.000000e+00   0.000000e+00   0.000000e+00   0.000000e+00   0.000000e+00   0.000000e+00
1     8.029829e+01  -7.521932e-01   6.587970e-01   0.000000e+00  -4.140150e+00  -4.726733e+00   0.000000e+00
0     8.039985e+01   0.000000e+00   0.000000e+00   0.000000e+00   0.000000e+00   0.000000e+00   0.000000e+00
1     8.039985e+01  -9.966412e-01   8.095421e-02   0.000000e+00  -5.088443e-01  -6.262777e+00   0.000000e+00
0     8.049967e+01   0.000000e+00   0.000000e+00   0.000000e+00   0.000000e+00   0.000000e+00   0.000000e+00
1     8.049967e+01  -8.544535e-01  -5.193933e-01   0.000000e+00   3.263781e+00  -5.369219e+00   0.000000e+00
0     8.059949e+01   0.000000e+00   0.000000e+00   0.000000e+00   0.000000e+00   0.000000e+00   0.000000e+00
1     8.059949e+01  -3.869722e-01  -9.220060e-01   0.000000e+00   5.793876e+00  -2.431558e+00   0.000000e+00
0     8.069930e+01   0.000000e+00   0.000000e+00   0.000000e+00   0.000000e+00   0.000000e+00   0.000000e+00
1     8.069930e+01   2.278332e-01  -9.735981e-01   0.000000e+00   6.118213e+00   1.431983e+00   0.000000e+00
0     8.079912e+01   0.000000e+00   0.000000e+00   0.000000e+00   0.000000e+00   0.000000e+00   0.000000e+00
1     8.079912e+01   7.558918e-01  -6.545068e-01   0.000000e+00   4.113065e+00   4.750553e+00   0.000000e+00
0     8.089894e+01   0.000000e+00   0.000000e+00   0.000000e+00   0.000000e+00   0.000000e+00   0.000000e+00
1     8.089894e+01   9.961331e-01  -8.620565e-02   0.000000e+00   5.416396e-01   6.260449e+00   0.000000e+00
0     8.099875e+01   0.000000e+00   0.000000e+00   0.000000e+00   0.000000e+00   0.000000e+00   0.000000e+00
1     8.099875e+01   8.570629e-01   5.149195e-01   0.000000e+00  -3.236171e+00   5.386494e+00   0.000000e+00
0     8.109857e+01   0.000000e+00   0.000000e+00   0.000000e+00   0.000000e+00   0.000000e+00   0.000000e+00
1     8.109857e+01   3.916311e-01   9.199678e-01   0.000000e+00  -5.781678e+00   2.461433e+00   0.000000e+00
0     8.119839e+01   0.000000e+00   0.000000e+00   0.000000e+00   0.000000e+00   0.000000e+00   0.000000e+00
1     8.119839e+01  -2.229278e-01   9.747100e-01   0.000000e+00  -6.125582e+00  -1.400747e+00   0.000000e+00
0     8.129996e+01   0.000000e+00   0.000000e+00   0.000000e+00   0.000000e+00   0.000000e+00   0.000000e+00
1     8.129996e+01  -7.598065e-01   6.500003e-01   0.000000e+00  -4.084876e+00  -4.774585e+00   0.000000e+00
0     8.139977e+01   0.000000e+00   0.000000e+00   0.000000e+00   0.000000e+00   0.000000e+00   0.000000e+00
1     8.139977e+01  -9.966908e-01   8.032452e-02   0.000000e+00  -5.048883e-01  -6.263101e+00   0.000000e+00
0     8.149959e+01   0.000000e+00   0.000000e+00   0.000000e+00   0.000000e+00   0.000000e+00   0.000000e+00
1     8.149959e+01  -8.541234e-01  -5.199334e-01   0.000000e+00   3.267182e+00  -5.367156e+00   0.000000e+00
0     8.159941e+01   0.000000e+00   0.000000e+00   0.000000e+00   0.000000e+00   0.000000e+00   0.000000e+00
1     8.159941e+01  -3.863867e-01  -9.222500e-01   0.000000e+00   5.795421e+00  -2.427884e+00   0.000000e+00
0     8.169922e+01   0.000000e+00   0.000000e+00   0.000000e+00   0.000000e+00   0.000000e+00   0.000000e+00
1     8.169922e+01   2.284518e-01  -9.734517e-01   0.000000e+00   6.117306e+00   1.435873e+00   0.000000e+00
0     8.179904e+01   0.000000e+00   0.000000e+00   0.000000e+00   0.000000e+00   0.000000e+00   0.000000e+00
1     8.179904e+01   7.563075e-01  -6.540242e-01   0.000000e+00   4.110041e+00   4.753176e+00   0.000000e+00
0     8.189886e+01   0.000000e+00   0.000000e+00   0.000000e+00   0.000000e+00   0.000000e+00   0.000000e+00
1     8.189886e+01   9.961865e-01  -8.556960e-02   0.000000e+00   5.376435e-01   6.260798e+00   0.000000e+00
0     8.199867e+01   0.000000e+00   0.000000e+00   0.000000e+00   0.000000e+00   0.000000e+00   0.000000e+00
1     8.199867e+01   8.567322e-01   5.154669e-01   0.000000e+00  -3.239619e+00   5.384427e+00   0.000000e+00
0     8.209849e+01   0.000000e+00   0.000000e+00   0.000000e+00   0.000000e+00   0.000000e+00   0.000000e+00
1     8.209849e+01   3.910408e-01   9.202174e-01   0.000000e+00  -5.783259e+00   2.457728e+00   0.000000e+00
0     8.219831e+01   0.000000e+00   0.000000e+00   0.000000e+00   0.000000e+00   0.000000e+00   0.000000e+00
1     8.219831e+01  -2.235536e-01   9.745653e-01   0.000000e+00  -6.124685e+00  -1.404682e+00   0.000000e+00
0     8.229988e+01   0.000000e+00   0.000000e+00   0.000000e+00   0.000000e+00   0.000000e+00   0.000000e+00
1     8.229988e+01  -7.602237e-01   6.495102e-01   0.000000e+00  -4.081805e+00  -4.777216e+00   0.000000e+00
0     8.239969e+01   0.000000e+00   0.000000e+00   0.000000e+00   0.000000e+00   0.000000e+00   0.000000e+00
1     8.239969e+01  -9.967410e-01   7.968160e-02   0.000000e+00  -5.008491e-01  -6.263430e+00   0.000000e+00
0     8.249951e+01   0.000000e+00   0.000000e+00   0.000000e+00   0.000000e+00   0.000000e+00   0.000000e+00
1     8.249951e+01  -8.537860e-01  -5.204845e-01   0.000000e+00   3.270652e+00  -5.365047e+00   0.000000e+00
0     8.259933e+01   0.000000e+00   0.000000e+00   0.000000e+00   0.000000e+00   0.000000e+00   0.000000e+00
1     8.259933e+01  -3.857888e-01  -9.224988e-01   0.000000e+00   5.796997e+00  -2.424132e+00   0.000000e+00
0     8.269914e+01   0.000000e+00   0.000000e+00   0.000000e+00   0.000000e+00   0.000000e+00   0.000000e+00
1     8.269914e+01   2.290831e-01  -9.733018e-01   0.000000e+00   6.116377e+00   1.439844e+00   0.000000e+00
0     8.279896e+01   0.000000e+00   0.000000e+00   0.000000e+00   0.000000e+00   0.000000e+00   0.000000e+00
1     8.279896e+01   7.567316e-01  -6.535313e-01   0.000000e+00   4.106952e+00   4.755851e+00   0.000000e+00
0     8.289878e+01   0.000000e+00   0.000000e+00   0.000000e+00   0.000000e+00   0.000000e+00   0.000000e+00
1     8.289878e+01   9.962407e-01  -8.492028e-02   0.000000e+00   5.335639e-01   6.261151e+00   0.000000e+00
0     8.299859e+01   0.000000e+00   0.000000e+00   0.000000e+00   0.000000e+00   0.000000e+00   0.000000e+00
1     8.299859e+01   8.563942e-01   5.160255e-01   0.000000e+00  -3.243136e+00   5.382314e+00   0.000000e+00
0     8.309841e+01   0.000000e+00   0.000000e+00   0.000000e+00   0.000000e+00   0.000000e+00   0.000000e+00
1     8.309841e+01   3.904381e-01   9.204718e-01   0.000000e+00  -5.784870e+00   2.453946e+00   0.000000e+00
0     8.319998e+01   0.000000e+00   0.000000e+00   0.000000e+00   0.000000e+00   0.000000e+00   0.000000e+00
1     8.319998e+01  -2.349021e-01   9.718914e-01   0.000000e+00  -6.107891e+00  -1.476003e+00   0.000000e+00
0     8.329980e+01   0.000000e+00   0.000000e+00   0.000000e+00   0.000000e+00   0.000000e+00   0.000000e+00
1     8.329980e+01  -7.606491e-01   6.490098e-01   0.000000e+00  -4.078668e+00  -4.779900e+00   0.000000e+00
0     8.339961e+01   0.000000e+00   0.000000e+00   0.000000e+00   0.000000e+00   0.000000e+00   0.000000e+00
1     8.339961e+01  -9.967919e-01   7.902538e-02   0.000000e+00  -4.967264e-01  -6.263763e+00   0.000000e+00
0     8.349943e+01   0.000000e+00   0.000000e+00   0.000000e+00   0.000000e+00   0.000000e+00   0.000000e+00
1     8.349943e+01  -8.534413e-01  -5.210468e-01   0.000000e+00   3.274192e+00  -5.362892e+00   0.000000e+00
0     8.359925e+01   0.000000e+00   0.000000e+00   0.000000e+00   0.000000e+00   0.000000e+00   0.000000e+00
1     8.359925e+01  -3.851785e-01  -9.227522e-01   0.000000e+00   5.798602e+00  -2.420302e+00   0.000000e+00
0     8.369906e+01   0.000000e+00   0.000000e+00   0.000000e+00   0.000000e+00   0.000000e+00   0.000000e+00
1     8.369906e+01   2.297273e-01  -9.731485e-01   0.000000e+00   6.115427e+00   1.443895e+00   0.000000e+00
0     8.379888e+01   0.000000e+00   0.000000e+00   0.000000e+00   0.000000e+00   0.000000e+00   0.000000e+00
1     8.379888e+01   7.571641e-01  -6.530281e-01   0.000000e+00   4.103798e+00   4.758578e+00   0.000000e+00
0     8.389870e+01   0.000000e+00   0.000000e+00   0.000000e+00   0.000000e+00   0.000000e+00   0.000000e+00
1     8.389870e+01   9.962955e-01  -8.425771e-02   0.000000e+00   5.294011e-01   6.261509e+00   0.000000e+00
0     8.399851e+01   0.000000e+00   0.000000e+00   0.000000e+00   0.000000e+00   0.000000e+00   0.000000e+00
1     8.399851e+01   8.560490e-01   5.165953e-01   0.000000e+00  -3.246723e+00   5.380156e+00   0.000000e+00
0     8.409833e+01   0.000000e+00   0.000000e+00   0.000000e+00   0.000000e+00   0.000000e+00   0.000000e+00
1     8.409833e+01   3.898230e-01   9.207310e-01   0.000000e+00  -5.786510e+00   2.450085e+00   0.000000e+00
0     8.419990e+01   0.000000e+00   0.000000e+00   0.000000e+00   0.000000e+00   0.000000e+00   0.000000e+00
1     8.419990e+01  -2.355517e-01   9.717327e-01   0.000000e+00  -6.106906e+00  -1.480089e+00   0.000000e+00
0     8.429972e+01   0.000000e+00   0.000000e+00   0.000000e+00   0.000000e+00   0.000000e+00   0.000000e+00
1     8.429972e+01  -7.610829e-01   6.484990e-01   0.000000e+00  -4.075467e+00  -4.782635e+00   0.000000e+00
0     8.439953e+01   0.000000e+00   0.000000e+00   0.000000e+00   0.000000e+00   0.000000e+00   0.000000e+00
1     8.439953e+01  -9.968434e-01   7.835593e-02   0.000000e+00  -4.925205e-01  -6.264099e+00   0.000000e+00
0     8.449935e+01   0.000000e+00   0.000000e+00   0.000000e+00   0.000000e+00   0.000000e+00   0.000000e+00
1     8.449935e+01  -8.530894e-01  -5.216202e-01   0.000000e+00   3.277802e+00  -5.360692e+00   0.000000e+00
0     8.459917e+01   0.000000e+00   0.000000e+00   0.000000e+00   0.000000e+00   0.000000e+00   0.000000e+00
1     8.459917e+01  -3.845558e-01  -9.230104e-01   0.000000e+00   5.800236e+00  -2.416394e+00   0.000000e+00
0     8.469898e+01   0.000000e+00   0.000000e+00   0.000000e+00   0.000000e+00   0.000000e+00   0.000000e+00
1     8.469898e+01   2.303843e-01  -9.729918e-01   0.000000e+00   6.114454e+00   1.448026e+00   0.000000e+00
0     8.479880e+01   0.000000e+00   0.000000e+00   0.000000e+00   0.000000e+00   0.000000e+00   0.000000e+00
1     8.479880e+01   7.576048e-01  -6.525145e-01   0.000000e+00   4.100579e+00   4.761358e+00   0.000000e+00
0     8.489862e+01   0.000000e+00   0.000000e+00   0.000000e+00   0.000000e+00   0.000000e+00   0.000000e+00
1     8.489862e+01   9.963511e-01  -8.358189e-02   0.000000e+00   5.251549e-01   6.261871e+00   0.000000e+00
0     8.499843e+01   0.000000e+00   0.000000e+00   0.000000e+00   0.000000e+00   0.000000e+00   0.000000e+00
1     8.499843e+01   8.556966e-01   5.171762e-01   0.000000e+00  -3.250381e+00   5.377952e+00   0.000000e+00
0     8.509825e+01   0.000000e+00   0.000000e+00   0.000000e+00   0.000000e+00   0.000000e+00   0.000000e+00
1     8.509825e+01   3.891955e-01   9.209949e-01   0.000000e+00  -5.788181e+00   2.446147e+00   0.000000e+00
0     8.519982e+01   0.000000e+00   0.000000e+00   0.000000e+00   0.000000e+00   0.000000e+00   0.000000e+00
1     8.519982e+01  -2.362142e-01   9.715705e-01   0.000000e+00  -6.105899e+00  -1.484256e+00   0.000000e+00
0     8.529964e+01   0.000000e+00   0.000000e+00   0.000000e+00   0.000000e+00   0.000000e+00   0.000000e+00
1     8.529964e+01  -7.615249e-01   6.479779e-01   0.000000e+00  -4.072200e+00  -4.785422e+00   0.000000e+00
0     8.539945e+01   0.000000e+00   0.000000e+00   0.000000e+00   0.000000e+00   0.000000e+00   0.000000e+00
1     8.539945e+01  -9.968954e-01   7.767323e-02   0.000000e+00  -4.882313e-01  -6.264439e+00   0.000000e+00
0     8.549927e+01   0.000000e+00   0.000000e+00   0.000000e+00   0.000000e+00   0.000000e+00   0.000000e+00
1     8.549927e+01  -8.527301e-01  -5.222046e-01   0.000000e+00   3.281482e+00  -5.358446e+00   0.000000e+00
0     8.559909e+01   0.000000e+00   0.000000e+00   0.000000e+00   0.000000e+00   0.000000e+00   0.000000e+00
1     8.559909e+01  -3.839207e-01  -9.232732e-01   0.000000e+00   5.801900e+00  -2.412408e+00   0.000000e+00
0     8.569890e+01   0.000000e+00   0.000000e+00   0.000000e+00   0.000000e+00   0.000000e+00   0.000000e+00
1     8.569890e+01   2.310540e-01  -9.728315e-01   0.000000e+00   6.113460e+00   1.452239e+00   0.000000e+00
0     8.579872e+01   0.000000e+00   0.000000e+00   0.000000e+00   0.000000e+00   0.000000e+00   0.000000e+00
1     8.579872e+01   7.580539e-01  -6.519906e-01   0.000000e+00   4.097296e+00   4.764190e+00   0.000000e+00
0     8.589854e+01   0.000000e+00   0.000000e+00   0.000000e+00   0.000000e+00   0.000000e+00   0.000000e+00
1     8.589854e+01   9.964072e-01  -8.289282e-02   0.000000e+00   5.208255e-01   6.262237e+00   0.000000e+00
0     8.599835e+01   0.000000e+00   0.000000e+00   0.000000e+00   0.000000e+00   0.000000e+00   0.000000e+00
1     8.599835e+01   8.553369e-01   5.177681e-01   0.000000e+00  -3.254108e+00   5.375703e+00   0.000000e+00
0     8.609992e+01   0.000000e+00   0.000000e+00   0.000000e+00   0.000000e+00   0.000000e+00   0.000000e+00
1     8.609992e+01   3.783932e-01   9.254843e-01   0.000000e+00  -5.816405e+00   2.378263e+00   0.000000e+00
0     8.619974e+01   0.000000e+00   0.000000e+00   0.000000e+00   0.000000e+00   0.000000e+00   0.000000e+00
1     8.619974e+01  -2.368895e-01   9.714047e-01   0.000000e+00  -6.104870e+00  -1.488502e+00   0.000000e+00
0     8.629956e+01   0.000000e+00   0.000000e+00   0.000000e+00   0.000000e+00   0.000000e+00   0.000000e+00
1     8.629956e+01  -7.619751e-01   6.474463e-01   0.000000e+00  -4.068868e+00  -4.788262e+00   0.000000e+00
0     8.639937e+01   0.000000e+00   0.000000e+00   0.000000e+00   0.000000e+00   0.000000e+00   0.000000e+00
1     8.639937e+01  -9.969480e-01   7.697731e-02   0.000000e+00  -4.838590e-01  -6.264783e+00   0.000000e+00
0     8.649919e+01   0.000000e+00   0.000000e+00   0.000000e+00   0.000000e+00   0.000000e+00   0.000000e+00
1     8.649919e+01  -8.523636e-01  -5.228000e-01   0.000000e+00   3.285230e+00  -5.356153e+00   0.000000e+00
0     8.659901e+01   0.000000e+00   0.000000e+00   0.000000e+00   0.000000e+00   0.000000e+00   0.000000e+00
1     8.659901e+01  -3.832732e-01  -9.235407e-01   0.000000e+00   5.803593e+00  -2.408343e+00   0.000000e+00
0     8.669882e+01   0.000000e+00   0.000000e+00   0.000000e+00   0.000000e+00   0.000000e+00   0.000000e+00
1     8.669882e+01   2.317366e-01  -9.726677e-01   0.000000e+00   6.112443e+00   1.456531e+00   0.000000e+00
0     8.679864e+01   0.000000e+00   0.000000e+00   0.000000e+00   0.000000e+00   0.000000e+00   0.000000e+00
1     8.679864e+01   7.585112e-01  -6.514563e-01   0.000000e+00   4.093946e+00   4.767075e+00   0.000000e+00
0     8.689846e+01   0.000000e+00   0.000000e+00   0.000000e+00   0.000000e+00   0.000000e+00   0.000000e+00
1     8.689846e+01   9.964640e-01  -8.219050e-02   0.000000e+00   5.164128e-01   6.262607e+00   0.000000e+00
0     8.699827e+01   0.000000e+00   0.000000e+00   0.000000e+00   0.000000e+00   0.000000e+00   0.000000e+00
1     8.699827e+01   8.549699e-01   5.183712e-01   0.000000e+00  -3.257905e+00   5.373408e+00   0.000000e+00
0     8.709984e+01   0.000000e+00   0.000000e+00   0.000000e+00   0.000000e+00   0.000000e+00   0.000000e+00
1     8.709984e+01   3.777379e-01   9.257504e-01   0.000000e+00  -5.818090e+00   2.374150e+00   0.000000e+00
0     8.719966e+01   0.000000e+00   0.000000e+00   0.000000e+00   0.000000e+00   0.000000e+00   0.000000e+00
1     8.719966e+01  -2.375775e-01   9.712352e-01   0.000000e+00  -6.103817e+00  -1.492829e+00   0.000000e+00
0     8.729948e+01   0.000000e+00   0.000000e+00   0.000000e+00   0.000000e+00   0.000000e+00   0.000000e+00
1     8.729948e+01  -7.624335e-01   6.469043e-01   0.000000e+00  -4.065470e+00  -4.791152e+00   0.000000e+00
0     8.739929e+01   0.000000e+00   0.000000e+00   0.000000e+00   0.000000e+00   0.000000e+00   0.000000e+00
1     8.739929e+01  -9.970011e-01   7.626813e-02   0.000000e+00  -4.794034e-01  -6.265129e+00   0.000000e+00
0     8.749911e+01   0.000000e+00   0.000000e+00   0.000000e+00   0.000000e+00   0.000000e+00   0.000000e+00
1     8.749911e+01  -8.519896e-01  -5.234065e-01   0.000000e+00   3.289048e+00  -5.353814e+00   0.000000e+00
0     8.759893e+01   0.000000e+00   0.000000e+00   0.000000e+00   0.000000e+00   0.000000e+00   0.000000e+00
1     8.759893e+01  -3.826133e-01  -9.238128e-01   0.000000e+00   5.805315e+00  -2.404201e+00   0.000000e+00
0     8.769874e+01   0.000000e+00   0.000000e+00   0.000000e+00   0.000000e+00   0.000000e+00   0.000000e+00
1     8.769874e+01   2.324319e-01  -9.725003e-01   0.000000e+00   6.111404e+00   1.460904e+00   0.000000e+00
0     8.779856e+01   0.000000e+00   0.000000e+00   0.000000e+00   0.000000e+00   0.000000e+00   0.000000e+00
1     8.779856e+01   7.589768e-01  -6.509117e-01   0.000000e+00   4.090532e+00   4.770011e+00   0.000000e+00
0     8.789838e+01   0.000000e+00   0.000000e+00   0.000000e+00   0.000000e+00   0.000000e+00   0.000000e+00
1     8.789838e+01   9.965213e-01  -8.147493e-02   0.000000e+00   5.119168e-01   6.262981e+00   0.000000e+00
0     8.799995e+01   0.000000e+00   0.000000e+00   0.000000e+00   0.000000e+00   0.000000e+00   0.000000e+00
1     8.799995e+01   8.488321e-01   5.283594e-01   0.000000e+00  -3.320684e+00   5.334845e+00   0.000000e+00
0     8.809976e+01   0.000000e+00   0.000000e+00   0.000000e+00   0.000000e+00   0.000000e+00   0.000000e+00
1     8.809976e+01   3.770702e-01   9.260211e-01   0.000000e+00  -5.819803e+00   2.369958e+00   0.000000e+00
0     8.819958e+01   0.000000e+00   0.000000e+00   0.000000e+00   0.000000e+00   0.000000e+00   0.000000e+00
1     8.819958e+01  -2.382783e-01   9.710621e-01   0.000000e+00  -6.102742e+00  -1.497236e+00   0.000000e+00
0     8.829940e+01   0.000000e+00   0.000000e+00   0.000000e+00   0.000000e+00   0.000000e+00   0.000000e+00
1     8.829940e+01  -7.629001e-01   6.463518e-01   0.000000e+00  -4.062006e+00  -4.794095e+00   0.000000e+00
0     8.839921e+01   0.000000e+00   0.000000e+00   0.000000e+00   0.000000e+00   0.000000e+00   0.000000e+00
1     8.839921e+01  -9.970548e-01   7.554565e-02   0.000000e+00  -4.748642e-01  -6.265479e+00   0.000000e+00
0     8.849903e+01   0.000000e+00   0.000000e+00   0.000000e+00   0.000000e+00   0.000000e+00   0.000000e+00
1     8.849903e+01  -8.516083e-01  -5.240240e-01   0.000000e+00   3.292936e+00  -5.351430e+00   0.000000e+00
0     8.859885e+01   0.000000e+00   0.000000e+00   0.000000e+00   0.000000e+00   0.000000e+00   0.000000e+00
1     8.859885e+01  -3.819409e-01  -9.240895e-01   0.000000e+00   5.807066e+00  -2.399981e+00   0.000000e+00
0     8.869866e+01   0.000000e+00   0.000000e+00   0.000000e+00   0.000000e+00   0.000000e+00   0.000000e+00
1     8.869866e+01   2.331400e-01  -9.723293e-01   0.000000e+00   6.110343e+00   1.465357e+00   0.000000e+00
0     8.879848e+01   0.000000e+00   0.000000e+00   0.000000e+00   0.000000e+00   0.000000e+00   0.000000e+00
1     8.879848e+01   7.594506e-01  -6.503566e-01   0.000000e+00   4.087052e+00   4.772998e+00   0.000000e+00
0     8.889830e+01   0.000000e+00   0.000000e+00   0.000000e+00   0.000000e+00   0.000000e+00   0.000000e+00
1     8.889830e+01   9.965793e-01  -8.074606e-02   0.000000e+00   5.073372e-01   6.263358e+00   0.000000e+00
0     8.899987e+01   0.000000e+00   0.000000e+00   0.000000e+00   0.000000e+00   0.000000e+00   0.000000e+00
1     8.899987e+01   8.484436e-01   5.289804e-01   0.000000e+00  -3.324593e+00   5.332414e+00   0.000000e+00
0     8.909968e+01   0.000000e+00   0.000000e+00   0.000000e+00   0.000000e+00   0.000000e+00   0.000000e+00
1     8.909968e+01   3.763899e-01   9.262964e-01   0.000000e+00  -5.821545e+00   2.365688e+00   0.000000e+00
0     8.919950e+01   0.000000e+00   0.000000e+00   0.000000e+00   0.000000e+00   0.000000e+00   0.000000e+00
1     8.919950e+01  -2.389919e-01   9.708854e-01   0.000000e+00  -6.101644e+00  -1.501724e+00   0.000000e+00
0     8.929932e+01   0.000000e+00   0.000000e+00   0.000000e+00   0.000000e+00   0.000000e+00   0.000000e+00
1     8.929932e+01  -7.633749e-01   6.457889e-01   0.000000e+00  -4.058477e+00  -4.797088e+00   0.000000e+00
0     8.939913e+01   0.000000e+00   0.000000e+00   0.000000e+00   0.000000e+00   0.000000e+00   0.000000e+00
1     8.939913e+01  -9.971089e-01   7.480993e-02   0.000000e+00  -4.702417e-01  -6.265832e+00   0.000000e+00
0     8.949895e+01   0.000000e+00   0.000000e+00   0.000000e+00   0.000000e+00   0.000000e+00   0.000000e+00
1     8.949895e+01  -8.512196e-01  -5.246526e-01   0.000000e+00   3.296893e+00  -5.348998e+00   0.000000e+00
0     8.959877e+01   0.000000e+00   0.000000e+00   0.000000e+00   0.000000e+00   0.000000e+00   0.000000e+00
1     8.959877e+01  -3.812560e-01  -9.243707e-01   0.000000e+00   5.808846e+00  -2.395682e+00   0.000000e+00
0     8.969858e+01   0.000000e+00   0.000000e+00   0.000000e+00   0.000000e+00   0.000000e+00   0.000000e+00
1     8.969858e+01   2.338609e-01  -9.721547e-01   0.000000e+00   6.109258e+00   1.469890e+00   0.000000e+00
0     8.979840e+01   0.000000e+00   0.000000e+00   0.000000e+00   0.000000e+00   0.000000e+00   0.000000e+00
1     8.979840e+01   7.599327e-01  -6.497911e-01   0.000000e+00   4.083507e+00   4.776038e+00   0.000000e+00
0     8.989997e+01   0.000000e+00   0.000000e+00   0.000000e+00   0.000000e+00   0.000000e+00   0.000000e+00
1     8.989997e+01   9.974576e-01  -6.903037e-02   0.000000e+00   4.337094e-01   6.268892e+00   0.000000e+00
0     8.999979e+01   0.000000e+00   0.000000e+00   0.000000e+00   0.000000e+00   0.000000e+00   0.000000e+00
1     8.999979e+01   8.480476e-01   5.296124e-01   0.000000e+00  -3.328572e+00   5.329937e+00   0.000000e+00
0     9.009960e+01   0.000000e+00   0.000000e+00   0.000000e+00   0.000000e+00   0.000000e+00   0.000000e+00
1     9.009960e+01   3.756972e-01   9.265761e-01   0.000000e+00  -5.823315e+00   2.361339e+00   0.000000e+00
0     9.019942e+01   0.000000e+00   0.000000e+00   0.000000e+00   0.000000e+00   0.000000e+00   0.000000e+00
1     9.019942e+01  -2.397182e-01   9.707049e-01   0.000000e+00  -6.100522e+00  -1.506292e+00   0.000000e+00
0     9.029924e+01   0.000000e+00   0.000000e+00   0.000000e+00   0.000000e+00   0.000000e+00   0.000000e+00
1     9.029924e+01  -7.638579e-01   6.452155e-01   0.000000e+00  -4.054882e+00  -4.800133e+00   0.000000e+00
0     9.039905e+01   0.000000e+00   0.000000e+00   0.000000e+00   0.000000e+00   0.000000e+00   0.000000e+00
1     9.039905e+01  -9.971634e-01   7.406093e-02   0.000000e+00  -4.655358e-01  -6.266188e+00   0.000000e+00
0     9.049887e+01   0.000000e+00   0.000000e+00   0.000000e+00   0.000000e+00   0.000000e+00   0.000000e+00
1     9.049887e+01  -8.508235e-01  -5.252922e-01   0.000000e+00   3.300919e+00  -5.346519e+00   0.000000e+00
0     9.059869e+01   0.000000e+00   0.000000e+00   0.000000e+00   0.000000e+00   0.000000e+00   0.000000e+00
1     9.059869e+01  -3.805587e-01  -9.246565e-01   0.000000e+00   5.810654e+00  -2.391305e+00   0.000000e+00
0     9.069850e+01   0.000000e+00   0.000000e+00   0.000000e+00   0.000000e+00   0.000000e+00   0.000000e+00
1     9.069850e+01   2.345945e-01  -9.719765e-01   0.000000e+00   6.108151e+00   1.474504e+00   0.000000e+00
0     9.079832e+01   0.000000e+00   0.000000e+00   0.000000e+00   0.000000e+00   0.000000e+00   0.000000e+00
1     9.079832e+01   7.604229e-01  -6.492152e-01   0.000000e+00   4.079896e+00   4.779129e+00   0.000000e+00
0     9.089989e+01   0.000000e+00   0.000000e+00   0.000000e+00   0.000000e+00   0.000000e+00   0.000000e+00
1     9.089989e+01   9.975082e-01  -6.827435e-02   0.000000e+00   4.289590e-01   6.269224e+00   0.000000e+00
0     9.099971e+01   0.000000e+00   0.000000e+00   0.000000e+00   0.000000e+00   0.000000e+00   0.000000e+00
1     9.099971e+01   8.476441e-01   5.302553e-01   0.000000e+00  -3.332619e+00   5.327412e+00   0.000000e+00
0     9.109952e+01   0.000000e+00   0.000000e+00   0.000000e+00   0.000000e+00   0.000000e+00   0.000000e+00
1     9.109952e+01   3.749919e-01   9.268602e-01   0.000000e+00  -5.825113e+00   2.356912e+00   0.000000e+00
0     9.119934e+01   0.000000e+00   0.000000e+00   0.000000e+00   0.000000e+00   0.000000e+00   0.000000e+00
1     9.119934e+01  -2.404572e-01   9.705207e-01   0.000000e+00  -6.099377e+00  -1.510939e+00   0.000000e+00
0     9.129916e+01   0.000000e+00   0.000000e+00   0.000000e+00   0.000000e+00   0.000000e+00   0.000000e+00
1     9.129916e+01  -7.643489e-01   6.446316e-01   0.000000e+00  -4.051221e+00  -4.803229e+00   0.000000e+00
0     9.139897e+01   0.000000e+00   0.000000e+00   0.000000e+00   0.000000e+00   0.000000e+00   0.000000e+00
1     9.139897e+01  -9.972184e-01   7.329866e-02   0.000000e+00  -4.607464e-01  -6.266546e+00   0.000000e+00
0     9.149879e+01   0.000000e+00   0.000000e+00   0.000000e+00   0.000000e+00   0.000000e+00   0.000000e+00
1     9.149879e+01  -8.504199e-01  -5.259426e-01   0.000000e+00   3.305013e+00  -5.343994e+00   0.000000e+00
0     9.159861e+01   0.000000e+00   0.000000e+00   0.000000e+00   0.000000e+00   0.000000e+00   0.000000e+00
1     9.159861e+01  -3.798489e-01  -9.249468e-01   0.000000e+00   5.812490e+00  -2.386849e+00   0.000000e+00
0     9.169842e+01   0.000000e+00   0.000000e+00   0.000000e+00   0.000000e+00   0.000000e+00   0.000000e+00
1     9.169842e+01   2.353409e-01  -9.717946e-01   0.000000e+00   6.107021e+00   1.479197e+00   0.000000e+00
0     9.179999e+01   0.000000e+00   0.000000e+00   0.000000e+00   0.000000e+00   0.000000e+00   0.000000e+00
1     9.179999e+01   7.680133e-01  -6.402150e-01   0.000000e+00   4.023345e+00   4.826843e+00   0.000000e+00
0     9.189981e+01   0.000000e+00   0.000000e+00   0.000000e+00   0.000000e+00   0.000000e+00   0.000000e+00
1     9.189981e+01   9.975592e-01  -6.750511e-02   0.000000e+00   4.241254e-01   6.269557e+00   0.000000e+00
0     9.199963e+01   0.000000e+00   0.000000e+00   0.000000e+00   0.000000e+00   0.000000e+00   0.000000e+00
1     9.199963e+01   8.472331e-01   5.309091e-01   0.000000e+00  -3.336736e+00   5.324840e+00   0.000000e+00
0     9.209944e+01   0.000000e+00   0.000000e+00   0.000000e+00   0.000000e+00   0.000000e+00   0.000000e+00
1     9.209944e+01   3.742742e-01   9.271488e-01   0.000000e+00  -5.826938e+00   2.352406e+00   0.000000e+00
0     9.219926e+01   0.000000e+00   0.000000e+00   0.000000e+00   0.000000e+00   0.000000e+00   0.000000e+00
1     9.219926e+01  -2.412090e-01   9.703327e-01   0.000000e+00  -6.098208e+00  -1.515666e+00   0.000000e+00
0     9.229908e+01   0.000000e+00   0.000000e+00   0.000000e+00   0.000000e+00   0.000000e+00   0.000000e+00
1     9.229908e+01  -7.648481e-01   6.440371e-01   0.000000e+00  -4.047493e+00  -4.806376e+00   0.000000e+00
0     9.239889e+01   0.000000e+00   0.000000e+00   0.000000e+00   0.000000e+00   0.000000e+00   0.000000e+00
1     9.239889e+01  -9.972737e-01   7.252314e-02   0.000000e+00  -4.558738e-01  -6.266907e+00   0.000000e+00
0     9.249871e+01   0.000000e+00   0.000000e+00   0.000000e+00   0.000000e+00   0.000000e+00   0.000000e+00
1     9.249871e+01  -8.500088e-01  -5.266041e-01   0.000000e+00   3.309177e+00  -5.341422e+00   0.000000e+00
0     9.259853e+01   0.000000e+00   0.000000e+00   0.000000e+00   0.000000e+00   0.000000e+00   0.000000e+00
1     9.259853e+01  -3.791266e-01  -9.252416e-01   0.000000e+00   5.814355e+00  -2.382315e+00   0.000000e+00
0     9.269834e+01   0.000000e+00   0.000000e+00   0.000000e+00   0.000000e+00   0.000000e+00   0.000000e+00
1     9.269834e+01   2.361000e-01  -9.716090e-01   0.000000e+00   6.105867e+00   1.483971e+00   0.000000e+00
0     9.279991e+01   0.000000e+00   0.000000e+00   0.000000e+00   0.000000e+00   0.000000e+00   0.000000e+00
1     9.279991e+01   7.685132e-01  -6.396126e-01   0.000000e+00   4.019567e+00   4.829995e+00   0.000000e+00
0     9.289973e+01   0.000000e+00   0.000000e+00   0.000000e+00   0.000000e+00   0.000000e+00   0.000000e+00
1     9.289973e+01   9.976104e-01  -6.672260e-02   0.000000e+00   4.192085e-01   6.269892e+00   0.000000e+00
0     9.299955e+01   0.000000e+00   0.000000e+00   0.000000e+00   0.000000e+00   0.000000e+00   0.000000e+00
1     9.299955e+01   8.468146e-01   5.315738e-01   0.000000e+00  -3.340920e+00   5.322221e+00   0.000000e+00
0     9.309936e+01   0.000000e+00   0.000000e+00   0.000000e+00   0.000000e+00   0.000000e+00   0.000000e+00
1     9.309936e+01   3.735439e-01   9.274418e-01   0.000000e+00  -5.828792e+00   2.347821e+00   0.000000e+00
0     9.319918e+01   0.000000e+00   0.000000e+00   0.000000e+00   0.000000e+00   0.000000e+00   0.000000e+00
1     9.319918e+01  -2.419734e-01   9.701410e-01   0.000000e+00  -6.097016e+00  -1.520474e+00   0.000000e+00
0     9.329900e+01   0.000000e+00   0.000000e+00   0.000000e+00   0.000000e+00   0.000000e+00   0.000000e+00
1     9.329900e+01  -7.653553e-01   6.434322e-01   0.000000e+00  -4.043700e+00  -4.809573e+00   0.000000e+00
0     9.339881e+01   0.000000e+00   0.000000e+00   0.000000e+00   0.000000e+00   0.000000e+00   0.000000e+00
1     9.339881e+01  -9.973294e-01   7.173434e-02   0.000000e+00  -4.509177e-01  -6.267270e+00   0.000000e+00
0     9.349863e+01   0.000000e+00   0.000000e+00   0.000000e+00   0.000000e+00   0.000000e+00   0.000000e+00
1     9.349863e+01  -8.495902e-01  -5.272765e-01   0.000000e+00   3.313410e+00  -5.338803e+00   0.000000e+00
0     9.359845e+01   0.000000e+00   0.000000e+00   0.000000e+00   0.000000e+00   0.000000e+00   0.000000e+00
1     9.359845e+01  -3.783918e-01  -9.255408e-01   0.000000e+00   5.816247e+00  -2.377702e+00   0.000000e+00
0     9.369826e+01   0.000000e+00   0.000000e+00   0.000000e+00   0.000000e+00   0.000000e+00   0.000000e+00
1     9.369826e+01   2.368718e-01  -9.714197e-01   0.000000e+00   6.104691e+00   1.488824e+00   0.000000e+00
0     9.379983e+01   0.000000e+00   0.000000e+00   0.000000e+00   0.000000e+00   0.000000e+00   0.000000e+00
1     9.379983e+01   7.690211e-01  -6.389996e-01   0.000000e+00   4.015723e+00   4.833197e+00   0.000000e+00
0     9.389965e+01   0.000000e+00   0.000000e+00   0.000000e+00   0.000000e+00   0.000000e+00   0.000000e+00
1     9.389965e+01   9.976619e-01  -6.592685e-02   0.000000e+00   4.142083e-01   6.270229e+00   0.000000e+00
0     9.399947e+01   0.000000e+00   0.000000e+00   0.000000e+00   0.000000e+00   0.000000e+00   0.000000e+00
1     9.399947e+01   8.463885e-01   5.322494e-01   0.000000e+00  -3.345173e+00   5.319554e+00   0.000000e+00
0     9.409928e+01   0.000000e+00   0.000000e+00   0.000000e+00   0.000000e+00   0.000000e+00   0.000000e+00
1     9.409928e+01   3.728011e-01   9.277392e-01   0.000000e+00  -5.830672e+00   2.343158e+00   0.000000e+00
0     9.419910e+01   0.000000e+00   0.000000e+00   0.000000e+00   0.000000e+00   0.000000e+00   0.000000e+00
1     9.419910e+01  -2.427506e-01   9.699454e-01   0.000000e+00  -6.095799e+00  -1.525361e+00   0.000000e+00
0     9.429892e+01   0.000000e+00   0.000000e+00   0.000000e+00   0.000000e+00   0.000000e+00   0.000000e+00
1     9.429892e+01  -7.658705e-01   6.428167e-01   0.000000e+00  -4.039840e+00  -4.812821e+00   0.000000e+00
0     9.439873e+01   0.000000e+00   0.000000e+00   0.000000e+00   0.000000e+00   0.000000e+00   0.000000e+00
1     9.439873e+01  -9.973853e-01   7.093231e-02   0.000000e+00  -4.458785e-01  -6.267634e+00   0.000000e+00
0     9.449855e+01   0.000000e+00   0.000000e+00   0.000000e+00   0.000000e+00   0.000000e+00   0.000000e+00
1     9.449855e+01  -8.491641e-01  -5.279599e-01   0.000000e+00   3.317711e+00  -5.336136e+00   0.000000e+00
0     9.459837e+01   0.000000e+00   0.000000e+00   0.000000e+00   0.000000e+00   0.000000e+00   0.000000e+00
1     9.459837e+01  -3.776445e-01  -9.258444e-01   0.000000e+00   5.818168e+00  -2.373011e+00   0.000000e+00
0     9.469994e+01   0.000000e+00   0.000000e+00   0.000000e+00   0.000000e+00   0.000000e+00   0.000000e+00
1     9.469994e+01   2.483301e-01  -9.685520e-01   0.000000e+00   6.086684e+00   1.560837e+00   0.000000e+00
0     9.479975e+01   0.000000e+00   0.000000e+00   0.000000e+00   0.000000e+00   0.000000e+00   0.000000e+00
1     9.479975e+01   7.695370e-01  -6.383761e-01   0.000000e+00   4.011813e+00   4.836449e+00   0.000000e+00
0     9.489957e+01   0.000000e+00   0.000000e+00   0.000000e+00   0.000000e+00   0.000000e+00   0.000000e+00
1     9.489957e+01   9.977136e-01  -6.511786e-02   0.000000e+00   4.091249e-01   6.270567e+00   0.000000e+00
0     9.499939e+01   0.000000e+00   0.000000e+00   0.000000e+00   0.000000e+00   0.000000e+00   0.000000e+00
1     9.499939e+01   8.459548e-01   5.329359e-01   0.000000e+00  -3.349494e+00   5.316839e+00   0.000000e+00
0     9.509920e+01   0.000000e+00   0.000000e+00   0.000000e+00   0.000000e+00   0.000000e+00   0.000000e+00
1     9.509920e+01   3.720458e-01   9.280409e-01   0.000000e+00  -5.832580e+00   2.338416e+00   0.000000e+00
0     9.519902e+01   0.000000e+00   0.000000e+00   0.000000e+00   0.000000e+00   0.000000e+00   0.000000e+00
1     9.519902e+01  -2.435405e-01   9.697460e-01   0.000000e+00  -6.094558e+00  -1.530328e+00   0.000000e+00
0     9.529884e+01   0.000000e+00   0.000000e+00   0.000000e+00   0.000000e+00   0.000000e+00   0.000000e+00
1     9.529884e+01  -7.663938e-01   6.421906e-01   0.000000e+00  -4.035914e+00  -4.816119e+00   0.000000e+00
0     9.539865e+01   0.000000e+00   0.000000e+00   0.000000e+00   0.000000e+00   0.000000e+00   0.000000e+00
1     9.539865e+01  -9.974416e-01   7.011698e-02   0.000000e+00  -4.407557e-01  -6.268001e+00   0.000000e+00
0     9.549847e+01   0.000000e+00   0.000000e+00   0.000000e+00   0.000000e+00   0.000000e+00   0.000000e+00
1     9.549847e+01  -8.487304e-01  -5.286542e-01   0.000000e+00   3.322081e+00  -5.333422e+00   0.000000e+00
0     9.559829e+01   0.000000e+00   0.000000e+00   0.000000e+00   0.000000e+00   0.000000e+00   0.000000e+00
1     9.559829e+01  -3.768847e-01  -9.261525e-01   0.000000e+00   5.820116e+00  -2.368241e+00   0.000000e+00
0     9.569986e+01   0.000000e+00   0.000000e+00   0.000000e+00   0.000000e+00   0.000000e+00   0.000000e+00
1     9.569986e+01   2.491251e-01  -9.683463e-01   0.000000e+00   6.085404e+00   1.565837e+00   0.000000e+00
0     9.579967e+01   0.000000e+00   0.000000e+00   0.000000e+00   0.000000e+00   0.000000e+00   0.000000e+00
1     9.579967e+01   7.700608e-01  -6.377419e-01   0.000000e+00   4.007836e+00   4.839752e+00   0.000000e+00
0     9.589949e+01   0.000000e+00   0.000000e+00   0.000000e+00   0.000000e+00   0.000000e+00   0.000000e+00
1     9.589949e+01   9.977655e-01  -6.429560e-02   0.000000e+00   4.039581e-01   6.270907e+00   0.000000e+00
0     9.599931e+01   0.000000e+00   0.000000e+00   0.000000e+00   0.000000e+00   0.000000e+00   0.000000e+00
1     9.599931e+01   8.455134e-01   5.336332e-01   0.000000e+00  -3.353884e+00   5.314076e+00   0.000000e+00
0     9.609912e+01   0.000000e+00   0.000000e+00   0.000000e+00   0.000000e+00   0.000000e+00   0.000000e+00
1     9.609912e+01   3.712780e-01   9.283468e-01   0.000000e+00  -5.834515e+00   2.333595e+00   0.000000e+00
0     9.619894e+01   0.000000e+00   0.000000e+00   0.000000e+00   0.000000e+00   0.000000e+00   0.000000e+00
1     9.619894e+01  -2.443430e-01   9.695427e-01   0.000000e+00  -6.093293e+00  -1.535375e+00   0.000000e+00
0     9.629876e+01   0.000000e+00   0.000000e+00   0.000000e+00   0.000000e+00   0.000000e+00   0.000000e+00
1     9.629876e+01  -7.669250e-01   6.415540e-01   0.000000e+00  -4.031921e+00  -4.819468e+00   0.000000e+00
0     9.639857e+01   0.000000e+00   0.000000e+00   0.000000e+00   0.000000e+00   0.000000e+00   0.000000e+00
1     9.639857e+01  -9.974982e-01   6.928840e-02   0.000000e+00  -4.355495e-01  -6.268369e+00   0.000000e+00
0     9.649839e+01   0.000000e+00   0.000000e+00   0.000000e+00   0.000000e+00   0.000000e+00   0.000000e+00
1     9.649839e+01  -8.482892e-01  -5.293593e-01   0.000000e+00   3.326519e+00  -5.330660e+00   0.000000e+00
0     9.659996e+01   0.000000e+00   0.000000e+00   0.000000e+00   0.000000e+00   0.000000e+00   0.000000e+00
1     9.659996e+01  -3.658942e-01  -9.305474e-01   0.000000e+00   5.847749e+00  -2.299179e+00   0.000000e+00
0     9.669978e+01   0.000000e+00   0.000000e+00   0.000000e+00   0.000000e+00   0.000000e+00   0.000000e+00
1     9.669978e+01   2.499329e-01  -9.681367e-01   0.000000e+00   6.084100e+00   1.570916e+00   0.000000e+00
0     9.679959e+01   0.000000e+00   0.000000e+00   0.000000e+00   0.000000e+00   0.000000e+00   0.000000e+00
1     9.679959e+01   7.705926e-01  -6.370970e-01   0.000000e+00   4.003791e+00   4.843104e+00   0.000000e+00
0     9.689941e+01   0.000000e+00   0.000000e+00   0.000000e+00   0.000000e+00   0.000000e+00   0.000000e+00
1     9.689941e+01   9.978176e-01  -6.346007e-02   0.000000e+00   3.987078e-01   6.271247e+00   0.000000e+00
0     9.699923e+01   0.000000e+00   0.000000e+00   0.000000e+00   0.000000e+00   0.000000e+00   0.000000e+00
1     9.699923e+01   8.450645e-01   5.343414e-01   0.000000e+00  -3.358341e+00   5.311266e+00   0.000000e+00
0     9.709904e+01   0.000000e+00   0.000000e+00   0.000000e+00   0.000000e+00   0.000000e+00   0.000000e+00
1     9.709904e+01   3.704976e-01   9.286571e-01   0.000000e+00  -5.836477e+00   2.328695e+00   0.000000e+00
0     9.719886e+01   0.000000e+00   0.000000e+00   0.000000e+00   0.000000e+00   0.000000e+00   0.000000e+00
1     9.719886e+01  -2.451582e-01   9.693355e-01   0.000000e+00  -6.092003e+00  -1.540501e+00   0.000000e+00
0     9.729868e+01   0.000000e+00   0.000000e+00   0.000000e+00   0.000000e+00   0.000000e+00   0.000000e+00
1     9.729868e+01  -7.674643e-01   6.409067e-01   0.000000e+00  -4.027862e+00  -4.822866e+00   0.000000e+00
0     9.739850e+01   0.000000e+00   0.000000e+00   0.000000e+00   0.000000e+00   0.000000e+00   0.000000e+00
1     9.739850e+01  -9.975549e-01   6.844656e-02   0.000000e+00  -4.302600e-01  -6.268739e+00   0.000000e+00
0     9.749831e+01   0.000000e+00   0.000000e+00   0.000000e+00   0.000000e+00   0.000000e+00   0.000000e+00
1     9.749831e+01  -8.478403e-01  -5.300753e-01   0.000000e+00   3.331025e+00  -5.327850e+00   0.000000e+00
0     9.759988e+01   0.000000e+00   0.000000e+00   0.000000e+00   0.000000e+00   0.000000e+00   0.000000e+00
1     9.759988e+01  -3.651059e-01  -9.308555e-01   0.000000e+00   5.849697e+00  -2.294230e+00   0.000000e+00
0     9.769970e+01   0.000000e+00   0.000000e+00   0.000000e+00   0.000000e+00   0.000000e+00   0.000000e+00
1     9.769970e+01   2.507533e-01  -9.679230e-01   0.000000e+00   6.082770e+00   1.576075e+00   0.000000e+00
0     9.779951e+01   0.000000e+00   0.000000e+00   0.000000e+00   0.000000e+00   0.000000e+00   0.000000e+00
1     9.779951e+01   7.711322e-01  -6.364415e-01   0.000000e+00   3.999680e+00   4.846505e+00   0.000000e+00
0     9.789933e+01   0.000000e+00   0.000000e+00   0.000000e+00   0.000000e+00   0.000000e+00   0.000000e+00
1     9.789933e+01   9.978698e-01  -6.261127e-02   0.000000e+00   3.933742e-01   6.271588e+00   0.000000e+00
0     9.799915e+01   0.000000e+00   0.000000e+00   0.000000e+00   0.000000e+00   0.000000e+00   0.000000e+00
1     9.799915e+01   8.446078e-01   5.350603e-01   0.000000e+00  -3.362866e+00   5.308407e+00   0.000000e+00
0     9.809896e+01   0.000000e+00   0.000000e+00   0.000000e+00   0.000000e+00   0.000000e+00   0.000000e+00
1     9.809896e+01   3.697047e-01   9.289716e-01   0.000000e+00  -5.838466e+00   2.323717e+00   0.000000e+00
0     9.819878e+01   0.000000e+00   0.000000e+00   0.000000e+00   0.000000e+00   0.000000e+00   0.000000e+00
1     9.819878e+01  -2.459860e-01   9.691243e-01   0.000000e+00  -6.090689e+00  -1.545707e+00   0.000000e+00
0     9.829860e+01   0.000000e+00   0.000000e+00   0.000000e+00   0.000000e+00   0.000000e+00   0.000000e+00
1     9.829860e+01  -7.680114e-01   6.402488e-01   0.000000e+00  -4.023736e+00  -4.826315e+00   0.000000e+00
0     9.839842e+01   0.000000e+00   0.000000e+00   0.000000e+00   0.000000e+00   0.000000e+00   0.000000e+00
1     9.839842e+01  -9.976118e-01   6.759145e-02   0.000000e+00  -4.248871e-01  -6.269109e+00   0.000000e+00
0     9.849998e+01   0.000000e+00   0.000000e+00   0.000000e+00   0.000000e+00   0.000000e+00   0.000000e+00
1     9.849998e+01  -8.414914e-01  -5.400948e-01   0.000000e+00   3.393998e+00  -5.287963e+00   0.000000e+00
0     9.859980e+01   0.000000e+00   0.000000e+00   0.000000e+00   0.000000e+00   0.000000e+00   0.000000e+00
1     9.859980e+01  -3.643049e-01  -9.311677e-01   0.000000e+00   5.851672e+00  -2.289201e+00   0.000000e+00
0     9.869962e+01   0.000000e+00   0.000000e+00   0.000000e+00   0.000000e+00   0.000000e+00   0.000000e+00
1     9.869962e+01   2.515863e-01  -9.677054e-01   0.000000e+00   6.081415e+00   1.581314e+00   0.000000e+00
0     9.879943e+01   0.000000e+00   0.000000e+00   0.000000e+00   0.000000e+00   0.000000e+00   0.000000e+00
1     9.879943e+01   7.716797e-01  -6.357753e-01   0.000000e+00   3.995502e+00   4.849957e+00   0.000000e+00
0     9.889925e+01   0.000000e+00   0.000000e+00   0.000000e+00   0.000000e+00   0.000000e+00   0.000000e+00
1     9.889925e+01   9.979222e-01  -6.174921e-02   0.000000e+00   3.879571e-01   6.271930e+00   0.000000e+00
0     9.899907e+01   0.000000e+00   0.000000e+00   0.000000e+00   0.000000e+00   0.000000e+00   0.000000e+00
1     9.899907e+01   8.441434e-01   5.357900e-01   0.000000e+00  -3.367460e+00   5.305499e+00   0.000000e+00
0     9.909889e+01   0.000000e+00   0.000000e+00   0.000000e+00   0.000000e+00   0.000000e+00   0.000000e+00
1     9.909889e+01   3.688991e-01   9.292903e-01   0.000000e+00  -5.840481e+00   2.318659e+00   0.000000e+00
0     9.919870e+01   0.000000e+00   0.000000e+00   0.000000e+00   0.000000e+00   0.000000e+00   0.000000e+00
1     9.919870e+01  -2.468265e-01   9.689092e-01   0.000000e+00  -6.089349e+00  -1.550993e+00   0.000000e+00
0     9.929852e+01   0.000000e+00   0.000000e+00   0.000000e+00   0.000000e+00   0.000000e+00   0.000000e+00
1     9.929852e+01  -7.685665e-01   6.395803e-01   0.000000e+00  -4.019543e+00  -4.829813e+00   0.000000e+00
0     9.939834e+01   0.000000e+00   0.000000e+00   0.000000e+00   0.000000e+00   0.000000e+00   0.000000e+00
1     9.939834e+01  -9.976689e-01   6.672311e-02   0.000000e+00  -4.194310e-01  -6.269481e+00   0.000000e+00
0     9.949990e+01   0.000000e+00   0.000000e+00   0.000000e+00   0.000000e+00   0.000000e+00   0.000000e+00
1     9.949990e+01  -8.410191e-01  -5.408273e-01   0.000000e+00   3.398608e+00  -5.285006e+00   0.000000e+00
0     9.959972e+01   0.000000e+00   0.000000e+00   0.000000e+00   0.000000e+00   0.000000e+00   0.000000e+00
1     9.959972e+01  -3.634914e-01  -9.314841e-01   0.000000e+00   5.853672e+00  -2.284093e+00   0.000000e+00
0     9.969954e+01   0.000000e+00   0.000000e+00   0.000000e+00   0.000000e+00   0.000000e+00   0.000000e+00
1     9.969954e+01   2.524320e-01  -9.674837e-01   0.000000e+00   6.080035e+00   1.586632e+00   0.000000e+00
0     9.979935e+01   0.000000e+00   0.000000e+00   0.000000e+00   0.000000e+00   0.000000e+00   0.000000e+00
1     9.979935e+01   7.722351e-01  -6.350984e-01   0.000000e+00   3.991256e+00   4.853457e+00   0.000000e+00
0     9.989917e+01   0.000000e+00   0.000000e+00   0.000000e+00   0.000000e+00   0.000000e+00   0.000000e+00
1     9.989917e+01   9.979745e-01  -6.087382e-02   0.000000e+00   3.824563e-01   6.272273e+00   0.000000e+00
0     9.999899e+01   0.000000e+00   0.000000e+00   0.000000e+00   0.000000e+00   0.000000e+00   0.000000e+00
1     9.999899e+01   8.436713e-01   5.365306e-01   0.000000e+00  -3.372121e+00   5.302543e+00   0.000000e+00
0     1.000988e+02   0.000000e+00   0.000000e+00   0.000000e+00   0.000000e+00   0.000000e+00   0.000000e+00
1     1.000988e+02   3.680810e-01   9.296132e-01   0.000000e+00  -5.842522e+00   2.313522e+00   0.000000e+00
0     1.001986e+02   0.000000e+00   0.000000e+00   0.000000e+00   0.000000e+00   0.000000e+00   0.000000e+00
1     1.001986e+02  -2.476797e-01   9.686901e-01   0.000000e+00  -6.087985e+00  -1.556357e+00   0.000000e+00
0     1.002984e+02   0.000000e+00   0.000000e+00   0.000000e+00   0.000000e+00   0.000000e+00   0.000000e+00
1     1.002984e+02  -7.691294e-01   6.389011e-01   0.000000e+00  -4.015283e+00  -4.833360e+00   0.000000e+00
0     1.003983e+02   0.000000e+00   0.000000e+00   0.000000e+00   0.000000e+00   0.000000e+00   0.000000e+00
1     1.003983e+02  -9.977261e-01   6.584148e-02   0.000000e+00  -4.138914e-01  -6.269853e+00   0.000000e+00
0     1.004998e+02   0.000000e+00   0.000000e+00   0.000000e+00   0.000000e+00   0.000000e+00   0.000000e+00
1     1.004998e+02  -8.405390e-01  -5.415706e-01   0.000000e+00   3.403286e+00  -5.282000e+00   0.000000e+00
0     1.005996e+02   0.000000e+00   0.000000e+00   0.000000e+00   0.000000e+00   0.000000e+00   0.000000e+00
1     1.005996e+02  -3.626652e-01  -9.318046e-01   0.000000e+00   5.855699e+00  -2.278906e+00   0.000000e+00
0     1.006995e+02   0.000000e+00   0.000000e+00   0.000000e+00   0.000000e+00   0.000000e+00   0.000000e+00
1     1.006995e+02   2.532903e-01  -9.672578e-01   0.000000e+00   6.078628e+00   1.592029e+00   0.000000e+00
0     1.007993e+02   0.000000e+00   0.000000e+00   0.000000e+00   0.000000e+00   0.000000e+00   0.000000e+00
1     1.007993e+02   7.727983e-01  -6.344107e-01   0.000000e+00   3.986943e+00   4.857007e+00   0.000000e+00
0     1.008991e+02   0.000000e+00   0.000000e+00   0.000000e+00   0.000000e+00   0.000000e+00   0.000000e+00
1     1.008991e+02   9.980269e-01  -5.998520e-02   0.000000e+00   3.768723e-01   6.272615e+00   0.000000e+00
0     1.009989e+02   0.000000e+00   0.000000e+00   0.000000e+00   0.000000e+00   0.000000e+00   0.000000e+00
1     1.009989e+02   8.431914e-01   5.372819e-01   0.000000e+00  -3.376850e+00   5.299538e+00   0.000000e+00
0     1.010987e+02   0.000000e+00   0.000000e+00   0.000000e+00   0.000000e+00   0.000000e+00   0.000000e+00
1     1.010987e+02   3.672503e-01   9.299402e-01   0.000000e+00  -5.844589e+00   2.308306e+00   0.000000e+00
0     1.011985e+02   0.000000e+00   0.000000e+00   0.000000e+00   0.000000e+00   0.000000e+00   0.000000e+00
1     1.011985e+02  -2.485455e-01   9.684669e-01   0.000000e+00  -6.086595e+00  -1.561802e+00   0.000000e+00
0     1.012984e+02   0.000000e+00   0.000000e+00   0.000000e+00   0.000000e+00   0.000000e+00   0.000000e+00
1     1.012984e+02  -7.697002e-01   6.382113e-01   0.000000e+00  -4.010955e+00  -4.836957e+00   0.000000e+00
0     1.013999e+02   0.000000e+00   0.000000e+00   0.000000e+00   0.000000e+00   0.000000e+00   0.000000e+00
1     1.013999e+02  -9.984379e-01   5.396271e-02   0.000000e+00  -3.392415e-01  -6.274338e+00   0.000000e+00
0     1.014997e+02   0.000000e+00   0.000000e+00   0.000000e+00   0.000000e+00   0.000000e+00   0.000000e+00
1     1.014997e+02  -8.400511e-01  -5.423245e-01   0.000000e+00   3.408031e+00  -5.278945e+00   0.000000e+00
0     1.015996e+02   0.000000e+00   0.000000e+00   0.000000e+00   0.000000e+00   0.000000e+00   0.000000e+00
1     1.015996e+02  -3.618264e-01  -9.321291e-01   0.000000e+00   5.857750e+00  -2.273640e+00   0.000000e+00
0     1.016994e+02   0.000000e+00   0.000000e+00   0.000000e+00   0.000000e+00   0.000000e+00   0.000000e+00
1     1.016994e+02   2.541612e-01  -9.670279e-01   0.000000e+00   6.077196e+00   1.597506e+00   0.000000e+00
0     1.017992e+02   0.000000e+00   0.000000e+00   0.000000e+00   0.000000e+00   0.000000e+00   0.000000e+00
1     1.017992e+02   7.733692e-01  -6.337123e-01   0.000000e+00   3.982562e+00   4.860606e+00   0.000000e+00
0     1.018990e+02   0.000000e+00   0.000000e+00   0.000000e+00   0.000000e+00   0.000000e+00   0.000000e+00
1     1.018990e+02   9.980793e-01  -5.908330e-02   0.000000e+00   3.712049e-01   6.272958e+00   0.000000e+00
0     1.019988e+02   0.000000e+00   0.000000e+00   0.000000e+00   0.000000e+00   0.000000e+00   0.000000e+00
1     1.019988e+02   8.427037e-01   5.380439e-01   0.000000e+00  -3.381646e+00   5.296484e+00   0.000000e+00
0     1.020986e+02   0.000000e+00   0.000000e+00   0.000000e+00   0.000000e+00   0.000000e+00   0.000000e+00
1     1.020986e+02   3.664069e-01   9.302714e-01   0.000000e+00  -5.846683e+00   2.303010e+00   0.000000e+00
0     1.021985e+02   0.000000e+00   0.000000e+00   0.000000e+00   0.000000e+00   0.000000e+00   0.000000e+00
1     1.021985e+02  -2.494239e-01   9.682397e-01   0.000000e+00  -6.085179e+00  -1.567325e+00   0.000000e+00
0     1.022983e+02   0.000000e+00   0.000000e+00   0.000000e+00   0.000000e+00   0.000000e+00   0.000000e+00
1     1.022983e+02  -7.702788e-01   6.375107e-01   0.000000e+00  -4.006561e+00  -4.840603e+00   0.000000e+00
0     1.023998e+02   0.000000e+00   0.000000e+00   0.000000e+00   0.000000e+00   0.000000e+00   0.000000e+00
1     1.023998e+02  -9.984852e-01   5.305403e-02   0.000000e+00  -3.335317e-01  -6.274648e+00   0.000000e+00
0     1.024997e+02   0.000000e+00   0.000000e+00   0.000000e+00   0.000000e+00   0.000000e+00   0.000000e+00
1     1.024997e+02  -8.395554e-01  -5.430891e-01   0.000000e+00   3.412843e+00  -5.275841e+00   0.000000e+00
0     1.025995e+02   0.000000e+00   0.000000e+00   0.000000e+00   0.000000e+00   0.000000e+00   0.000000e+00
1     1.025995e+02  -3.609750e-01  -9.324576e-01   0.000000e+00   5.859827e+00  -2.268294e+00   0.000000e+00
0     1.026993e+02   0.000000e+00   0.000000e+00   0.000000e+00   0.000000e+00   0.000000e+00   0.000000e+00
1     1.026993e+02   2.550446e-01  -9.667938e-01   0.000000e+00   6.075738e+00   1.603061e+00   0.000000e+00
0     1.027991e+02   0.000000e+00   0.000000e+00   0.000000e+00   0.000000e+00   0.000000e+00   0.000000e+00
1     1.027991e+02   7.739479e-01  -6.330032e-01   0.000000e+00   3.978114e+00   4.864253e+00   0.000000e+00
0     1.028989e+02   0.000000e+00   0.000000e+00   0.000000e+00   0.000000e+00   0.000000e+00   0.000000e+00
1     1.028989e+02   9.981317e-01  -5.816820e-02   0.000000e+00   3.654544e-01   6.273300e+00   0.000000e+00
0     1.029988e+02   0.000000e+00   0.000000e+00   0.000000e+00   0.000000e+00   0.000000e+00   0.000000e+00
1     1.029988e+02   8.422082e-01   5.388167e-01   0.000000e+00  -3.386510e+00   5.293381e+00   0.000000e+00
0     1.030986e+02   0.000000e+00   0.000000e+00   0.000000e+00   0.000000e+00   0.000000e+00   0.000000e+00
1     1.030986e+02   3.655509e-01   9.306066e-01   0.000000e+00  -5.848802e+00   2.297635e+00   0.000000e+00
0     1.031984e+02   0.000000e+00   0.000000e+00   0.000000e+00   0.000000e+00   0.000000e+00   0.000000e+00
1     1.031984e+02  -2.503148e-01   9.680083e-01   0.000000e+00  -6.083737e+00  -1.572928e+00   0.000000e+00
0     1.033000e+02   0.000000e+00   0.000000e+00   0.000000e+00   0.000000e+00   0.000000e+00   0.000000e+00
1     1.033000e+02  -7.778267e-01   6.282779e-01   0.000000e+00  -3.948543e+00  -4.888046e+00   0.000000e+00
0     1.033998e+02   0.000000e+00   0.000000e+00   0.000000e+00   0.000000e+00   0.000000e+00   0.000000e+00
1     1.033998e+02  -9.985324e-01   5.213209e-02   0.000000e+00  -3.277385e-01  -6.274958e+00   0.000000e+00
0     1.034996e+02   0.000000e+00   0.000000e+00   0.000000e+00   0.000000e+00   0.000000e+00   0.000000e+00
1     1.034996e+02  -8.390517e-01  -5.438643e-01   0.000000e+00   3.417722e+00  -5.272687e+00   0.000000e+00
0     1.035994e+02   0.000000e+00   0.000000e+00   0.000000e+00   0.000000e+00   0.000000e+00   0.000000e+00
1     1.035994e+02  -3.601109e-01  -9.327901e-01   0.000000e+00   5.861929e+00  -2.262869e+00   0.000000e+00
0     1.036992e+02   0.000000e+00   0.000000e+00   0.000000e+00   0.000000e+00   0.000000e+00   0.000000e+00
1     1.036992e+02   2.559406e-01  -9.665555e-01   0.000000e+00   6.074253e+00   1.608696e+00   0.000000e+00
0     1.037990e+02   0.000000e+00   0.000000e+00   0.000000e+00   0.000000e+00   0.000000e+00   0.000000e+00
1     1.037990e+02   7.745344e-01  -6.322833e-01   0.000000e+00   3.973598e+00   4.867949e+00   0.000000e+00
0     1.038989e+02   0.000000e+00   0.000000e+00   0.000000e+00   0.000000e+00   0.000000e+00   0.000000e+00
1     1.038989e+02   9.981839e-01  -5.723977e-02   0.000000e+00   3.596201e-01   6.273641e+00   0.000000e+00
0     1.039987e+02   0.000000e+00   0.000000e+00   0.000000e+00   0.000000e+00   0.000000e+00   0.000000e+00
1     1.039987e+02   8.417048e-01   5.396001e-01   0.000000e+00  -3.391440e+00   5.290228e+00   0.000000e+00
0     1.040985e+02   0.000000e+00   0.000000e+00   0.000000e+00   0.000000e+00   0.000000e+00   0.000000e+00
1     1.040985e+02   3.646823e-01   9.309458e-01   0.000000e+00  -5.850946e+00   2.292181e+00   0.000000e+00
0     1.041983e+02   0.000000e+00   0.000000e+00   0.000000e+00   0.000000e+00   0.000000e+00   0.000000e+00
1     1.041983e+02  -2.512185e-01   9.677728e-01   0.000000e+00  -6.082270e+00  -1.578610e+00   0.000000e+00
0     1.042999e+02   0.000000e+00   0.000000e+00   0.000000e+00   0.000000e+00   0.000000e+00   0.000000e+00
1     1.042999e+02  -7.784128e-01   6.275493e-01   0.000000e+00  -3.943973e+00  -4.891740e+00   0.000000e+00
0     1.043997e+02   0.000000e+00   0.000000e+00   0.000000e+00   0.000000e+00   0.000000e+00   0.000000e+00
1     1.043997e+02  -9.985794e-01   5.119685e-02   0.000000e+00  -3.218618e-01  -6.275266e+00   0.000000e+00
0     1.044995e+02   0.000000e+00   0.000000e+00   0.000000e+00   0.000000e+00   0.000000e+00   0.000000e+00
1     1.044995e+02  -8.385402e-01  -5.446502e-01   0.000000e+00   3.422668e+00  -5.269483e+00   0.000000e+00
0     1.045993e+02   0.000000e+00   0.000000e+00   0.000000e+00   0.000000e+00   0.000000e+00   0.000000e+00
1     1.045993e+02  -3.592342e-01  -9.331266e-01   0.000000e+00   5.864056e+00  -2.257364e+00   0.000000e+00
0     1.046991e+02   0.000000e+00   0.000000e+00   0.000000e+00   0.000000e+00   0.000000e+00   0.000000e+00
1     1.046991e+02   2.568492e-01  -9.663130e-01   0.000000e+00   6.072742e+00   1.614409e+00   0.000000e+00
0     1.047990e+02   0.000000e+00   0.000000e+00   0.000000e+00   0.000000e+00   0.000000e+00   0.000000e+00
1     1.047990e+02   7.751285e-01  -6.315525e-01   0.000000e+00   3.969014e+00   4.871693e+00   0.000000e+00
0     1.048988e+02   0.000000e+00   0.000000e+00   0.000000e+00   0.000000e+00   0.000000e+00   0.000000e+00
1     1.048988e+02   9.982361e-01  -5.629810e-02   0.000000e+00   3.537026e-01   6.273982e+00   0.000000e+00
0     1.049986e+02   0.000000e+00   0.000000e+00   0.000000e+00   0.000000e+00   0.000000e+00   0.000000e+00
1     1.049986e+02   8.411936e-01   5.403942e-01   0.000000e+00  -3.396438e+00   5.287026e+00   0.000000e+00
0     1.050984e+02   0.000000e+00   0.000000e+00   0.000000e+00   0.000000e+00   0.000000e+00   0.000000e+00
1     1.050984e+02   3.638011e-01   9.312891e-01   0.000000e+00  -5.853115e+00   2.286647e+00   0.000000e+00
0     1.052000e+02   0.000000e+00   0.000000e+00   0.000000e+00   0.000000e+00   0.000000e+00   0.000000e+00
1     1.052000e+02  -2.627677e-01   9.647001e-01   0.000000e+00  -6.062968e+00  -1.651196e+00   0.000000e+00
0     1.052998e+02   0.000000e+00   0.000000e+00   0.000000e+00   0.000000e+00   0.000000e+00   0.000000e+00
1     1.052998e+02  -7.790067e-01   6.268098e-01   0.000000e+00  -3.939334e+00  -4.895482e+00   0.000000e+00
0     1.053996e+02   0.000000e+00   0.000000e+00   0.000000e+00   0.000000e+00   0.000000e+00   0.000000e+00
1     1.053996e+02  -9.986263e-01   5.024834e-02   0.000000e+00  -3.159016e-01  -6.275573e+00   0.000000e+00
0     1.054994e+02   0.000000e+00   0.000000e+00   0.000000e+00   0.000000e+00   0.000000e+00   0.000000e+00
1     1.054994e+02  -8.380206e-01  -5.454467e-01   0.000000e+00   3.427681e+00  -5.266229e+00   0.000000e+00
0     1.055992e+02   0.000000e+00   0.000000e+00   0.000000e+00   0.000000e+00   0.000000e+00   0.000000e+00
1     1.055992e+02  -3.583449e-01  -9.334670e-01   0.000000e+00   5.866208e+00  -2.251779e+00   0.000000e+00
0     1.056991e+02   0.000000e+00   0.000000e+00   0.000000e+00   0.000000e+00   0.000000e+00   0.000000e+00
1     1.056991e+02   2.577704e-01  -9.660662e-01   0.000000e+00   6.071204e+00   1.620201e+00   0.000000e+00
0     1.057989e+02   0.000000e+00   0.000000e+00   0.000000e+00   0.000000e+00   0.000000e+00   0.000000e+00
1     1.057989e+02   7.757302e-01  -6.308110e-01   0.000000e+00   3.964362e+00   4.875485e+00   0.000000e+00
0     1.058987e+02   0.000000e+00   0.000000e+00   0.000000e+00   0.000000e+00   0.000000e+00   0.000000e+00
1     1.058987e+02   9.982881e-01  -5.534316e-02   0.000000e+00   3.477017e-01   6.274322e+00   0.000000e+00
0     1.059985e+02   0.000000e+00   0.000000e+00   0.000000e+00   0.000000e+00   0.000000e+00   0.000000e+00
1     1.059985e+02   8.406744e-01   5.411989e-01   0.000000e+00  -3.401503e+00   5.283774e+00   0.000000e+00
0     1.060983e+02   0.000000e+00   0.000000e+00   0.000000e+00   0.000000e+00   0.000000e+00   0.000000e+00
1     1.060983e+02   3.629071e-01   9.316364e-01   0.000000e+00  -5.855310e+00   2.281034e+00   0.000000e+00
0     1.061999e+02   0.000000e+00   0.000000e+00   0.000000e+00   0.000000e+00   0.000000e+00   0.000000e+00
1     1.061999e+02  -2.636938e-01   9.644459e-01   0.000000e+00  -6.061384e+00  -1.657020e+00   0.000000e+00
0     1.062997e+02   0.000000e+00   0.000000e+00   0.000000e+00   0.000000e+00   0.000000e+00   0.000000e+00
1     1.062997e+02  -7.796081e-01   6.260595e-01   0.000000e+00  -3.934626e+00  -4.899272e+00   0.000000e+00
0     1.063995e+02   0.000000e+00   0.000000e+00   0.000000e+00   0.000000e+00   0.000000e+00   0.000000e+00
1     1.063995e+02  -9.986728e-01   4.928654e-02   0.000000e+00  -3.098579e-01  -6.275879e+00   0.000000e+00
0     1.064993e+02   0.000000e+00   0.000000e+00   0.000000e+00   0.000000e+00   0.000000e+00   0.000000e+00
1     1.064993e+02  -8.374931e-01  -5.462538e-01   0.000000e+00   3.432760e+00  -5.262924e+00   0.000000e+00
0     1.065992e+02   0.000000e+00   0.000000e+00   0.000000e+00   0.000000e+00   0.000000e+00   0.000000e+00
1     1.065992e+02  -3.574428e-01  -9.338113e-01   0.000000e+00   5.868384e+00  -2.246115e+00   0.000000e+00
0     1.066990e+02   0.000000e+00   0.000000e+00   0.000000e+00   0.000000e+00   0.000000e+00   0.000000e+00
1     1.066990e+02   2.587041e-01  -9.658151e-01   0.000000e+00   6.069639e+00   1.626073e+00   0.000000e+00
0     1.067988e+02   0.000000e+00   0.000000e+00   0.000000e+00   0.000000e+00   0.000000e+00   0.000000e+00
1     1.067988e+02   7.763396e-01  -6.300586e-01   0.000000e+00   3.959642e+00   4.879325e+00   0.000000e+00
0     1.068986e+02   0.000000e+00   0.000000e+00   0.000000e+00   0.000000e+00   0.000000e+00   0.000000e+00
1     1.068986e+02   9.983398e-01  -5.437497e-02   0.000000e+00   3.416175e-01   6.274661e+00   0.000000e+00
0     1.069984e+02   0.000000e+00   0.000000e+00   0.000000e+00   0.000000e+00   0.000000e+00   0.000000e+00
1     1.069984e+02   8.401473e-01   5.420143e-01   0.000000e+00  -3.406635e+00   5.280472e+00   0.000000e+00
0     1.070982e+02   0.000000e+00   0.000000e+00   0.000000e+00   0.000000e+00   0.000000e+00   0.000000e+00
1     1.070982e+02   3.620005e-01   9.319876e-01   0.000000e+00  -5.857529e+00   2.275340e+00   0.000000e+00
0     1.071998e+02   0.000000e+00   0.000000e+00   0.000000e+00   0.000000e+00   0.000000e+00   0.000000e+00
1     1.071998e+02  -2.646324e-01   9.641874e-01   0.000000e+00  -6.059771e+00  -1.662922e+00   0.000000e+00
0     1.072996e+02   0.000000e+00   0.000000e+00   0.000000e+00   0.000000e+00   0.000000e+00   0.000000e+00
1     1.072996e+02  -7.802171e-01   6.252982e-01   0.000000e+00  -3.929850e+00  -4.903109e+00   0.000000e+00
0     1.073995e+02   0.000000e+00   0.000000e+00   0.000000e+00   0.000000e+00   0.000000e+00   0.000000e+00
1     1.073995e+02  -9.987191e-01   4.831147e-02   0.000000e+00  -3.037308e-01  -6.276183e+00   0.000000e+00
0     1.074993e+02   0.000000e+00   0.000000e+00   0.000000e+00   0.000000e+00   0.000000e+00   0.000000e+00
1     1.074993e+02  -8.369575e-01  -5.470715e-01   0.000000e+00   3.437906e+00  -5.259569e+00   0.000000e+00
0     1.075991e+02   0.000000e+00   0.000000e+00   0.000000e+00   0.000000e+00   0.000000e+00   0.000000e+00
1     1.075991e+02  -3.565280e-01  -9.341594e-01   0.000000e+00   5.870584e+00  -2.240371e+00   0.000000e+00
0     1.076989e+02   0.000000e+00   0.000000e+00   0.000000e+00   0.000000e+00   0.000000e+00   0.000000e+00
1     1.076989e+02   2.596503e-01  -9.655597e-01   0.000000e+00   6.068046e+00   1.632023e+00   0.000000e+00
0     1.077987e+02   0.000000e+00   0.000000e+00   0.000000e+00   0.000000e+00   0.000000e+00   0.000000e+00
1     1.077987e+02   7.769566e-01  -6.292954e-01   0.000000e+00   3.954853e+00   4.883213e+00   0.000000e+00
0     1.078985e+02   0.000000e+00   0.000000e+00   0.000000e+00   0.000000e+00   0.000000e+00   0.000000e+00
1     1.078985e+02   9.983914e-01  -5.339354e-02   0.000000e+00   3.354500e-01   6.274998e+00   0.000000e+00
0     1.079984e+02   0.000000e+00   0.000000e+00   0.000000e+00   0.000000e+00   0.000000e+00   0.000000e+00
1     1.079984e+02   8.396122e-01   5.428403e-01   0.000000e+00  -3.411833e+00   5.277120e+00   0.000000e+00
0     1.080999e+02   0.000000e+00   0.000000e+00   0.000000e+00   0.000000e+00   0.000000e+00   0.000000e+00
1     1.080999e+02   3.507982e-01   9.362605e-01   0.000000e+00  -5.884394e+00   2.204939e+00   0.000000e+00
0     1.081997e+02   0.000000e+00   0.000000e+00   0.000000e+00   0.000000e+00   0.000000e+00   0.000000e+00
1     1.081997e+02  -2.655835e-01   9.639244e-01   0.000000e+00  -6.058131e+00  -1.668903e+00   0.000000e+00
0     1.082996e+02   0.000000e+00   0.000000e+00   0.000000e+00   0.000000e+00   0.000000e+00   0.000000e+00
1     1.082996e+02  -7.808336e-01   6.245261e-01   0.000000e+00  -3.925005e+00  -4.906993e+00   0.000000e+00
0     1.083994e+02   0.000000e+00   0.000000e+00   0.000000e+00   0.000000e+00   0.000000e+00   0.000000e+00
1     1.083994e+02  -9.987650e-01   4.732315e-02   0.000000e+00  -2.975203e-01  -6.276484e+00   0.000000e+00
0     1.084992e+02   0.000000e+00   0.000000e+00   0.000000e+00   0.000000e+00   0.000000e+00   0.000000e+00
1     1.084992e+02  -8.364139e-01  -5.478998e-01   0.000000e+00   3.443118e+00  -5.256164e+00   0.000000e+00
0     1.085990e+02   0.000000e+00   0.000000e+00   0.000000e+00   0.000000e+00   0.000000e+00   0.000000e+00
1     1.085990e+02  -3.556005e-01  -9.345114e-01   0.000000e+00   5.872808e+00  -2.234547e+00   0.000000e+00
0     1.086988e+02   0.000000e+00   0.000000e+00   0.000000e+00   0.000000e+00   0.000000e+00   0.000000e+00
1     1.086988e+02   2.606091e-01  -9.652999e-01   0.000000e+00   6.066426e+00   1.638052e+00   0.000000e+00
0     1.087986e+02   0.000000e+00   0.000000e+00   0.000000e+00   0.000000e+00   0.000000e+00   0.000000e+00
1     1.087986e+02   7.775812e-01  -6.285212e-01   0.000000e+00   3.949996e+00   4.887149e+00   0.000000e+00
0     1.088985e+02   0.000000e+00   0.000000e+00   0.000000e+00   0.000000e+00   0.000000e+00   0.000000e+00
1     1.088985e+02   9.984427e-01  -5.239883e-02   0.000000e+00   3.291991e-01   6.275334e+00   0.000000e+00
0     1.089983e+02   0.000000e+00   0.000000e+00   0.000000e+00   0.000000e+00   0.000000e+00   0.000000e+00
1     1.089983e+02   8.390691e-01   5.436768e-01   0.000000e+00  -3.417098e+00   5.273718e+00   0.000000e+00
0     1.090998e+02   0.000000e+00   0.000000e+00   0.000000e+00   0.000000e+00   0.000000e+00   0.000000e+00
1     1.090998e+02   3.498623e-01   9.366092e-01   0.000000e+00  -5.886597e+00   2.199062e+00   0.000000e+00
0     1.091997e+02   0.000000e+00   0.000000e+00   0.000000e+00   0.000000e+00   0.000000e+00   0.000000e+00
1     1.091997e+02  -2.665471e-01   9.636570e-01   0.000000e+00  -6.056463e+00  -1.674963e+00   0.000000e+00
0     1.092995e+02   0.000000e+00   0.000000e+00   0.000000e+00   0.000000e+00   0.000000e+00   0.000000e+00
1     1.092995e+02  -7.814576e-01   6.237429e-01   0.000000e+00  -3.920092e+00  -4.910925e+00   0.000000e+00
0     1.093993e+02   0.000000e+00   0.000000e+00   0.000000e+00   0.000000e+00   0.000000e+00   0.000000e+00
1     1.093993e+02  -9.988106e-01   4.632153e-02   0.000000e+00  -2.912263e-01  -6.276784e+00   0.000000e+00
0     1.094991e+02   0.000000e+00   0.000000e+00   0.000000e+00   0.000000e+00   0.000000e+00   0.000000e+00
1     1.094991e+02  -8.358622e-01  -5.487386e-01   0.000000e+00   3.448397e+00  -5.252708e+00   0.000000e+00
0     1.095989e+02   0.000000e+00   0.000000e+00   0.000000e+00   0.000000e+00   0.000000e+00   0.000000e+00
1     1.095989e+02  -3.546602e-01  -9.348671e-01   0.000000e+00   5.875056e+00  -2.228642e+00   0.000000e+00
0     1.096987e+02   0.000000e+00   0.000000e+00   0.000000e+00   0.000000e+00   0.000000e+00   0.000000e+00
1     1.096987e+02   2.615804e-01  -9.650356e-01   0.000000e+00   6.064778e+00   1.644160e+00   0.000000e+00
0     1.097986e+02   0.000000e+00   0.000000e+00   0.000000e+00   0.000000e+00   0.000000e+00   0.000000e+00
1     1.097986e+02   7.782133e-01  -6.277361e-01   0.000000e+00   3.945070e+00   4.891132e+00   0.000000e+00
0     1.098984e+02   0.000000e+00   0.000000e+00   0.000000e+00   0.000000e+00   0.000000e+00   0.000000e+00
1     1.098984e+02   9.984937e-01  -5.139080e-02   0.000000e+00   3.228644e-01   6.275667e+00   0.000000e+00
0     1.099999e+02   0.000000e+00   0.000000e+00   0.000000e+00   0.000000e+00   0.000000e+00   0.000000e+00
1     1.099999e+02   8.324740e-01   5.537199e-01   0.000000e+00  -3.480225e+00   5.232279e+00   0.000000e+00
0     1.100998e+02   0.000000e+00   0.000000e+00   0.000000e+00   0.000000e+00   0.000000e+00   0.000000e+00
1     1.100998e+02   3.489136e-01   9.369615e-01   0.000000e+00  -5.888824e+00   2.193104e+00   0.000000e+00
0     1.101996e+02   0.000000e+00   0.000000e+00   0.000000e+00   0.000000e+00   0.000000e+00   0.000000e+00
1     1.101996e+02  -2.675232e-01   9.633851e-01   0.000000e+00  -6.054766e+00  -1.681101e+00   0.000000e+00
0     1.102994e+02   0.000000e+00   0.000000e+00   0.000000e+00   0.000000e+00   0.000000e+00   0.000000e+00
1     1.102994e+02  -7.820891e-01   6.229488e-01   0.000000e+00  -3.915109e+00  -4.914904e+00   0.000000e+00
0     1.103992e+02   0.000000e+00   0.000000e+00   0.000000e+00   0.000000e+00   0.000000e+00   0.000000e+00
1     1.103992e+02  -9.988558e-01   4.530664e-02   0.000000e+00  -2.848488e-01  -6.277081e+00   0.000000e+00
0     1.104990e+02   0.000000e+00   0.000000e+00   0.000000e+00   0.000000e+00   0.000000e+00   0.000000e+00
1     1.104990e+02  -8.353023e-01  -5.495878e-01   0.000000e+00   3.453741e+00  -5.249200e+00   0.000000e+00
0     1.105988e+02   0.000000e+00   0.000000e+00   0.000000e+00   0.000000e+00   0.000000e+00   0.000000e+00
1     1.105988e+02  -3.537072e-01  -9.352266e-01   0.000000e+00   5.877328e+00  -2.222658e+00   0.000000e+00
0     1.106987e+02   0.000000e+00   0.000000e+00   0.000000e+00   0.000000e+00   0.000000e+00   0.000000e+00
1     1.106987e+02   2.625643e-01  -9.647669e-01   0.000000e+00   6.063102e+00   1.650347e+00   0.000000e+00
0     1.107985e+02   0.000000e+00   0.000000e+00   0.000000e+00   0.000000e+00   0.000000e+00   0.000000e+00
1     1.107985e+02   7.788530e-01  -6.269400e-01   0.000000e+00   3.940075e+00   4.895162e+00   0.000000e+00
0     1.108983e+02   0.000000e+00   0.000000e+00   0.000000e+00   0.000000e+00   0.000000e+00   0.000000e+00
1     1.108983e+02   9.985443e-01  -5.036952e-02   0.000000e+00   3.164464e-01   6.275999e+00   0.000000e+00
0     1.109999e+02   0.000000e+00   0.000000e+00   0.000000e+00   0.000000e+00   0.000000e+00   0.000000e+00
1     1.109999e+02   8.319054e-01   5.545714e-01   0.000000e+00  -3.485584e+00   5.228716e+00   0.000000e+00
0     1.110997e+02   0.000000e+00   0.000000e+00   0.000000e+00   0.000000e+00   0.000000e+00   0.000000e+00
1     1.110997e+02   3.479523e-01   9.373175e-01   0.000000e+00  -5.891074e+00   2.187066e+00   0.000000e+00
0     1.111995e+02   0.000000e+00   0.000000e+00   0.000000e+00   0.000000e+00   0.000000e+00   0.000000e+00
1     1.111995e+02  -2.685118e-01   9.631086e-01   0.000000e+00  -6.053041e+00  -1.687317e+00   0.000000e+00
0     1.112993e+02   0.000000e+00   0.000000e+00   0.000000e+00   0.000000e+00   0.000000e+00   0.000000e+00
1     1.112993e+02  -7.827280e-01   6.221437e-01   0.000000e+00  -3.910057e+00  -4.918929e+00   0.000000e+00
0     1.113991e+02   0.000000e+00   0.000000e+00   0.000000e+00   0.000000e+00   0.000000e+00   0.000000e+00
1     1.113991e+02  -9.989006e-01   4.427849e-02   0.000000e+00  -2.783879e-01  -6.277375e+00   0.000000e+00
0     1.114990e+02   0.000000e+00   0.000000e+00   0.000000e+00   0.000000e+00   0.000000e+00   0.000000e+00
1     1.114990e+02  -8.347344e-01  -5.504476e-01   0.000000e+00   3.459152e+00  -5.245642e+00   0.000000e+00
0     1.115988e+02   0.000000e+00   0.000000e+00   0.000000e+00   0.000000e+00   0.000000e+00   0.000000e+00
1     1.115988e+02  -3.527415e-01  -9.355897e-01   0.000000e+00   5.879622e+00  -2.216593e+00   0.000000e+00
0     1.116986e+02   0.000000e+00   0.000000e+00   0.000000e+00   0.000000e+00   0.000000e+00   0.000000e+00
1     1.116986e+02   2.635606e-01  -9.644937e-01   0.000000e+00   6.061398e+00   1.656612e+00   0.000000e+00
0     1.117984e+02   0.000000e+00   0.000000e+00   0.000000e+00   0.000000e+00   0.000000e+00   0.000000e+00
1     1.117984e+02   7.795001e-01  -6.261330e-01   0.000000e+00   3.935011e+00   4.899240e+00   0.000000e+00
0     1.119000e+02   0.000000e+00   0.000000e+00   0.000000e+00   0.000000e+00   0.000000e+00   0.000000e+00
1     1.119000e+02   9.990768e-01  -3.834123e-02   0.000000e+00   2.408501e-01   6.279360e+00   0.000000e+00
0     1.119998e+02   0.000000e+00   0.000000e+00   0.000000e+00   0.000000e+00   0.000000e+00   0.000000e+00
1     1.119998e+02   8.313285e-01   5.554332e-01   0.000000e+00  -3.491008e+00   5.225101e+00   0.000000e+00
0     1.120996e+02   0.000000e+00   0.000000e+00   0.000000e+00   0.000000e+00   0.000000e+00   0.000000e+00
1     1.120996e+02   3.469781e-01   9.376771e-01   0.000000e+00  -5.893346e+00   2.180948e+00   0.000000e+00
0     1.121994e+02   0.000000e+00   0.000000e+00   0.000000e+00   0.000000e+00   0.000000e+00   0.000000e+00
1     1.121994e+02  -2.695128e-01   9.628276e-01   0.000000e+00  -6.051287e+00  -1.693611e+00   0.000000e+00
0     1.122992e+02   0.000000e+00   0.000000e+00   0.000000e+00   0.000000e+00   0.000000e+00   0.000000e+00
1     1.122992e+02  -7.833742e-01   6.213276e-01   0.000000e+00  -3.904936e+00  -4.923000e+00   0.000000e+00
0     1.123991e+02   0.000000e+00   0.000000e+00   0.000000e+00   0.000000e+00   0.000000e+00   0.000000e+00
1     1.123991e+02  -9.989448e-01   4.323710e-02   0.000000e+00  -2.718439e-01  -6.277666e+00   0.000000e+00
0     1.124989e+02   0.000000e+00   0.000000e+00   0.000000e+00   0.000000e+00   0.000000e+00   0.000000e+00
1     1.124989e+02  -8.341582e-01  -5.513178e-01   0.000000e+00   3.464628e+00  -5.242032e+00   0.000000e+00
0     1.125987e+02   0.000000e+00   0.000000e+00   0.000000e+00   0.000000e+00   0.000000e+00   0.000000e+00
1     1.125987e+02  -3.517630e-01  -9.359566e-01   0.000000e+00   5.881940e+00  -2.210448e+00   0.000000e+00
0     1.126985e+02   0.000000e+00   0.000000e+00   0.000000e+00   0.000000e+00   0.000000e+00   0.000000e+00
1     1.126985e+02   2.645694e-01  -9.642160e-01   0.000000e+00   6.059666e+00   1.662955e+00   0.000000e+00
0     1.127983e+02   0.000000e+00   0.000000e+00   0.000000e+00   0.000000e+00   0.000000e+00   0.000000e+00
1     1.127983e+02   7.801547e-01  -6.253149e-01   0.000000e+00   3.929878e+00   4.903364e+00   0.000000e+00
0     1.128999e+02   0.000000e+00   0.000000e+00   0.000000e+00   0.000000e+00   0.000000e+00   0.000000e+00
1     1.128999e+02   9.991151e-01  -3.729289e-02   0.000000e+00   2.342618e-01   6.279614e+00   0.000000e+00
0     1.129997e+02   0.000000e+00   0.000000e+00   0.000000e+00   0.000000e+00   0.000000e+00   0.000000e+00
1     1.129997e+02   8.307434e-01   5.563055e-01   0.000000e+00  -3.496497e+00   5.221434e+00   0.000000e+00
0     1.130995e+02   0.000000e+00   0.000000e+00   0.000000e+00   0.000000e+00   0.000000e+00   0.000000e+00
1     1.130995e+02   3.459912e-01   9.380403e-01   0.000000e+00  -5.895640e+00   2.174750e+00   0.000000e+00
0     1.131993e+02   0.000000e+00   0.000000e+00   0.000000e+00   0.000000e+00   0.000000e+00   0.000000e+00
1     1.131993e+02  -2.705262e-01   9.625420e-01   0.000000e+00  -6.049504e+00  -1.699984e+00   0.000000e+00
0     1.132992e+02   0.000000e+00   0.000000e+00   0.000000e+00   0.000000e+00   0.000000e+00   0.000000e+00
1     1.132992e+02  -7.840278e-01   6.205004e-01   0.000000e+00  -3.899746e+00  -4.927118e+00   0.000000e+00
0     1.133990e+02   0.000000e+00   0.000000e+00   0.000000e+00   0.000000e+00   0.000000e+00   0.000000e+00
1     1.133990e+02  -9.989885e-01   4.218249e-02   0.000000e+00  -2.652167e-01  -6.277953e+00   0.000000e+00
0     1.134988e+02   0.000000e+00   0.000000e+00   0.000000e+00   0.000000e+00   0.000000e+00   0.000000e+00
1     1.134988e+02  -8.335738e-01  -5.521984e-01   0.000000e+00   3.470169e+00  -5.238371e+00   0.000000e+00
0     1.135986e+02   0.000000e+00   0.000000e+00   0.000000e+00   0.000000e+00   0.000000e+00   0.000000e+00
1     1.135986e+02  -3.507718e-01  -9.363270e-01   0.000000e+00   5.884281e+00  -2.204224e+00   0.000000e+00
0     1.136984e+02   0.000000e+00   0.000000e+00   0.000000e+00   0.000000e+00   0.000000e+00   0.000000e+00
1     1.136984e+02   2.655907e-01  -9.639337e-01   0.000000e+00   6.057905e+00   1.669377e+00   0.000000e+00
0     1.138000e+02   0.000000e+00   0.000000e+00   0.000000e+00   0.000000e+00   0.000000e+00   0.000000e+00
1     1.138000e+02   7.876420e-01  -6.158542e-01   0.000000e+00   3.870429e+00   4.950433e+00   0.000000e+00
0     1.138998e+02   0.000000e+00   0.000000e+00   0.000000e+00   0.000000e+00   0.000000e+00   0.000000e+00
1     1.138998e+02   9.991527e-01  -3.623124e-02   0.000000e+00   2.275899e-01   6.279864e+00   0.000000e+00
0     1.139996e+02   0.000000e+00   0.000000e+00   0.000000e+00   0.000000e+00   0.000000e+00   0.000000e+00
1     1.139996e+02   8.301499e-01   5.571882e-01   0.000000e+00  -3.502052e+00   5.217715e+00   0.000000e+00
0     1.140994e+02   0.000000e+00   0.000000e+00   0.000000e+00   0.000000e+00   0.000000e+00   0.000000e+00
1     1.140994e+02   3.449913e-01   9.384070e-01   0.000000e+00  -5.897957e+00   2.168470e+00   0.000000e+00
0     1.141993e+02   0.000000e+00   0.000000e+00   0.000000e+00   0.000000e+00   0.000000e+00   0.000000e+00
1     1.141993e+02  -2.715522e-01   9.622516e-01   0.000000e+00  -6.047692e+00  -1.706435e+00   0.000000e+00
0     1.142991e+02   0.000000e+00   0.000000e+00   0.000000e+00   0.000000e+00   0.000000e+00   0.000000e+00
1     1.142991e+02  -7.846888e-01   6.196622e-01   0.000000e+00  -3.894485e+00  -4.931282e+00   0.000000e+00
0     1.143989e+02   0.000000e+00   0.000000e+00   0.000000e+00   0.000000e+00   0.000000e+00   0.000000e+00
1     1.143989e+02  -9.990317e-01   4.111459e-02   0.000000e+00  -2.585060e-01  -6.278238e+00   0.000000e+00
0     1.144987e+02   0.000000e+00   0.000000e+00   0.000000e+00   0.000000e+00   0.000000e+00   0.000000e+00
1     1.144987e+02  -8.329812e-01  -5.530895e-01   0.000000e+00   3.475776e+00  -5.234657e+00   0.000000e+00
0     1.145985e+02   0.000000e+00   0.000000e+00   0.000000e+00   0.000000e+00   0.000000e+00   0.000000e+00
1     1.145985e+02  -3.497677e-01  -9.367010e-01   0.000000e+00   5.886643e+00  -2.197918e+00   0.000000e+00
0     1.146983e+02   0.000000e+00   0.000000e+00   0.000000e+00   0.000000e+00   0.000000e+00   0.000000e+00
1     1.146983e+02   2.666244e-01  -9.636468e-01   0.000000e+00   6.056114e+00   1.675878e+00   0.000000e+00
0     1.147999e+02   0.000000e+00   0.000000e+00   0.000000e+00   0.000000e+00   0.000000e+00   0.000000e+00
1     1.147999e+02   7.883021e-01  -6.150068e-01   0.000000e+00   3.865111e+00   4.954592e+00   0.000000e+00
0     1.148997e+02   0.000000e+00   0.000000e+00   0.000000e+00   0.000000e+00   0.000000e+00   0.000000e+00
1     1.148997e+02   9.991897e-01  -3.515635e-02   0.000000e+00   2.208347e-01   6.280109e+00   0.000000e+00
0     1.149995e+02   0.000000e+00   0.000000e+00   0.000000e+00   0.000000e+00   0.000000e+00   0.000000e+00
1     1.149995e+02   8.295482e-01   5.580812e-01   0.000000e+00  -3.507672e+00   5.213944e+00   0.000000e+00
0     1.150994e+02   0.000000e+00   0.000000e+00   0.000000e+00   0.000000e+00   0.000000e+00   0.000000e+00
1     1.150994e+02   3.439787e-01   9.387772e-01   0.000000e+00  -5.900296e+00   2.162111e+00   0.000000e+00
0     1.151992e+02   0.000000e+00   0.000000e+00   0.000000e+00   0.000000e+00   0.000000e+00   0.000000e+00
1     1.151992e+02  -2.725905e-01   9.619566e-01   0.000000e+00  -6.045850e+00  -1.712965e+00   0.000000e+00
0     1.152990e+02   0.000000e+00   0.000000e+00   0.000000e+00   0.000000e+00   0.000000e+00   0.000000e+00
1     1.152990e+02  -7.853570e-01   6.188128e-01   0.000000e+00  -3.889156e+00  -4.935492e+00   0.000000e+00
0     1.153988e+02   0.000000e+00   0.000000e+00   0.000000e+00   0.000000e+00   0.000000e+00   0.000000e+00
1     1.153988e+02  -9.990742e-01   4.003342e-02   0.000000e+00  -2.517119e-01  -6.278518e+00   0.000000e+00
0     1.154986e+02   0.000000e+00   0.000000e+00   0.000000e+00   0.000000e+00   0.000000e+00   0.000000e+00
1     1.154986e+02  -8.323804e-01  -5.539908e-01   0.000000e+00   3.481448e+00  -5.230892e+00   0.000000e+00
0     1.155985e+02   0.000000e+00   0.000000e+00   0.000000e+00   0.000000e+00   0.000000e+00   0.000000e+00
1     1.155985e+02  -3.487509e-01  -9.370786e-01   0.000000e+00   5.889029e+00  -2.191533e+00   0.000000e+00
0     1.156983e+02   0.000000e+00   0.000000e+00   0.000000e+00   0.000000e+00   0.000000e+00   0.000000e+00
1     1.156983e+02   2.676705e-01  -9.633553e-01   0.000000e+00   6.054295e+00   1.682456e+00   0.000000e+00
0     1.157998e+02   0.000000e+00   0.000000e+00   0.000000e+00   0.000000e+00   0.000000e+00   0.000000e+00
1     1.157998e+02   7.889694e-01  -6.141482e-01   0.000000e+00   3.859723e+00   4.958797e+00   0.000000e+00
0     1.158997e+02   0.000000e+00   0.000000e+00   0.000000e+00   0.000000e+00   0.000000e+00   0.000000e+00
1     1.158997e+02   9.992260e-01  -3.406824e-02   0.000000e+00   2.139964e-01   6.280351e+00   0.000000e+00
0     1.159995e+02   0.000000e+00   0.000000e+00   0.000000e+00   0.000000e+00   0.000000e+00   0.000000e+00
1     1.159995e+02   8.289381e-01   5.589846e-01   0.000000e+00  -3.513357e+00   5.210121e+00   0.000000e+00
0     1.160993e+02   0.000000e+00   0.000000e+00   0.000000e+00   0.000000e+00   0.000000e+00   0.000000e+00
1     1.160993e+02   3.429534e-01   9.391508e-01   0.000000e+00  -5.902656e+00   2.155671e+00   0.000000e+00
0     1.161991e+02   0.000000e+00   0.000000e+00   0.000000e+00   0.000000e+00   0.000000e+00   0.000000e+00
1     1.161991e+02  -2.736412e-01   9.616568e-01   0.000000e+00  -6.043978e+00  -1.719572e+00   0.000000e+00
0     1.162989e+02   0.000000e+00   0.000000e+00   0.000000e+00   0.000000e+00   0.000000e+00   0.000000e+00
1     1.162989e+02  -7.860325e-01   6.179524e-01   0.000000e+00  -3.883756e+00  -4.939747e+00   0.000000e+00
0     1.163987e+02   0.000000e+00   0.000000e+00   0.000000e+00   0.000000e+00   0.000000e+00   0.000000e+00
1     1.163987e+02  -9.991161e-01   3.893902e-02   0.000000e+00  -2.448345e-01  -6.278794e+00   0.000000e+00
0     1.164986e+02   0.000000e+00   0.000000e+00   0.000000e+00   0.000000e+00   0.000000e+00   0.000000e+00
1     1.164986e+02  -8.317712e-01  -5.549026e-01   0.000000e+00   3.487185e+00  -5.227074e+00   0.000000e+00
0     1.165984e+02   0.000000e+00   0.000000e+00   0.000000e+00   0.000000e+00   0.000000e+00   0.000000e+00
1     1.165984e+02  -3.477213e-01  -9.374596e-01   0.000000e+00   5.891436e+00  -2.185067e+00   0.000000e+00
0     1.166999e+02   0.000000e+00   0.000000e+00   0.000000e+00   0.000000e+00   0.000000e+00   0.000000e+00
1     1.166999e+02   2.793116e-01  -9.600428e-01   0.000000e+00   6.033493e+00   1.755621e+00   0.000000e+00
0     1.167998e+02   0.000000e+00   0.000000e+00   0.000000e+00   0.000000e+00   0.000000e+00   0.000000e+00
1     1.167998e+02   7.896438e-01  -6.132784e-01   0.000000e+00   3.854265e+00   4.963046e+00   0.000000e+00
0     1.168996e+02   0.000000e+00   0.000000e+00   0.000000e+00   0.000000e+00   0.000000e+00   0.000000e+00
1     1.168996e+02   9.992616e-01  -3.296682e-02   0.000000e+00   2.070744e-01   6.280587e+00   0.000000e+00
0     1.169994e+02   0.000000e+00   0.000000e+00   0.000000e+00   0.000000e+00   0.000000e+00   0.000000e+00
1     1.169994e+02   8.283196e-01   5.598982e-01   0.000000e+00  -3.519106e+00   5.206244e+00   0.000000e+00
0     1.170992e+02   0.000000e+00   0.000000e+00   0.000000e+00   0.000000e+00   0.000000e+00   0.000000e+00
1     1.170992e+02   3.419150e-01   9.395279e-01   0.000000e+00  -5.905038e+00   2.149149e+00   0.000000e+00
0     1.171990e+02   0.000000e+00   0.000000e+00   0.000000e+00   0.000000e+00   0.000000e+00   0.000000e+00
1     1.171990e+02  -2.747044e-01   9.613523e-01   0.000000e+00  -6.042077e+00  -1.726257e+00   0.000000e+00
0     1.172988e+02   0.000000e+00   0.000000e+00   0.000000e+00   0.000000e+00   0.000000e+00   0.000000e+00
1     1.172988e+02  -7.867153e-01   6.170807e-01   0.000000e+00  -3.878286e+00  -4.944048e+00   0.000000e+00
0     1.173987e+02   0.000000e+00   0.000000e+00   0.000000e+00   0.000000e+00   0.000000e+00   0.000000e+00
1     1.173987e+02  -9.991573e-01   3.783127e-02   0.000000e+00  -2.378733e-01  -6.279066e+00   0.000000e+00
0     1.174985e+02   0.000000e+00   0.000000e+00   0.000000e+00   0.000000e+00   0.000000e+00   0.000000e+00
1     1.174985e+02  -8.311536e-01  -5.558247e-01   0.000000e+00   3.492987e+00  -5.223204e+00   0.000000e+00
0     1.175983e+02   0.000000e+00   0.000000e+00   0.000000e+00   0.000000e+00   0.000000e+00   0.000000e+00
1     1.175983e+02  -3.466788e-01  -9.378441e-01   0.000000e+00   5.893864e+00  -2.178520e+00   0.000000e+00
0     1.176999e+02   0.000000e+00   0.000000e+00   0.000000e+00   0.000000e+00   0.000000e+00   0.000000e+00
1     1.176999e+02   2.803792e-01  -9.597301e-01   0.000000e+00   6.031540e+00   1.762334e+00   0.000000e+00
0     1.177997e+02   0.000000e+00   0.000000e+00   0.000000e+00   0.000000e+00   0.000000e+00   0.000000e+00
1     1.177997e+02   7.903254e-01  -6.123975e-01   0.000000e+00   3.848737e+00   4.967340e+00   0.000000e+00
0     1.178995e+02   0.000000e+00   0.000000e+00   0.000000e+00   0.000000e+00   0.000000e+00   0.000000e+00
1     1.178995e+02   9.992963e-01  -3.185218e-02   0.000000e+00   2.000693e-01   6.280819e+00   0.000000e+00
0     1.179993e+02   0.000000e+00   0.000000e+00   0.000000e+00   0.000000e+00   0.000000e+00   0.000000e+00
1     1.179993e+02   8.276927e-01   5.608221e-01   0.000000e+00  -3.524921e+00   5.202315e+00   0.000000e+00
0     1.180991e+02   0.000000e+00   0.000000e+00   0.000000e+00   0.000000e+00   0.000000e+00   0.000000e+00
1     1.180991e+02   3.408640e-01   9.399083e-01   0.000000e+00  -5.907441e+00   2.142548e+00   0.000000e+00
0     1.181989e+02   0.000000e+00   0.000000e+00   0.000000e+00   0.000000e+00   0.000000e+00   0.000000e+00
1     1.181989e+02  -2.757799e-01   9.610429e-01   0.000000e+00  -6.040144e+00  -1.733020e+00   0.000000e+00
0     1.182988e+02   0.000000e+00   0.000000e+00   0.000000e+00   0.000000e+00   0.000000e+00   0.000000e+00
1     1.182988e+02  -7.874052e-01   6.161980e-01   0.000000e+00  -3.872746e+00  -4.948394e+00   0.000000e+00
0     1.183986e+02   0.000000e+00   0.000000e+00   0.000000e+00   0.000000e+00   0.000000e+00   0.000000e+00
1     1.183986e+02  -9.991978e-01   3.671028e-02   0.000000e+00  -2.308288e-01  -6.279333e+00   0.000000e+00
0     1.184984e+02   0.000000e+00   0.000000e+00   0.000000e+00   0.000000e+00   0.000000e+00   0.000000e+00
1     1.184984e+02  -8.305276e-01  -5.567570e-01   0.000000e+00   3.498854e+00  -5.219281e+00   0.000000e+00
0     1.186000e+02   0.000000e+00   0.000000e+00   0.000000e+00   0.000000e+00   0.000000e+00   0.000000e+00
1     1.186000e+02  -3.352773e-01  -9.419785e-01   0.000000e+00   5.919862e+00  -2.106870e+00   0.000000e+00
0     1.186998e+02   0.000000e+00   0.000000e+00   0.000000e+00   0.000000e+00   0.000000e+00   0.000000e+00
1     1.186998e+02   2.814591e-01  -9.594125e-01   0.000000e+00   6.029557e+00   1.769125e+00   0.000000e+00
0     1.187996e+02   0.000000e+00   0.000000e+00   0.000000e+00   0.000000e+00   0.000000e+00   0.000000e+00
1     1.187996e+02   7.910141e-01  -6.115053e-01   0.000000e+00   3.843138e+00   4.971679e+00   0.000000e+00
0     1.188994e+02   0.000000e+00   0.000000e+00   0.000000e+00   0.000000e+00   0.000000e+00   0.000000e+00
1     1.188994e+02   9.993302e-01  -3.072430e-02   0.000000e+00   1.929809e-01   6.281045e+00   0.000000e+00
0     1.189992e+02   0.000000e+00   0.000000e+00   0.000000e+00   0.000000e+00   0.000000e+00   0.000000e+00
1     1.189992e+02   8.270573e-01   5.617562e-01   0.000000e+00  -3.530799e+00   5.198332e+00   0.000000e+00
0     1.190990e+02   0.000000e+00   0.000000e+00   0.000000e+00   0.000000e+00   0.000000e+00   0.000000e+00
1     1.190990e+02   3.398000e-01   9.402921e-01   0.000000e+00  -5.909865e+00   2.135865e+00   0.000000e+00
0     1.191989e+02   0.000000e+00   0.000000e+00   0.000000e+00   0.000000e+00   0.000000e+00   0.000000e+00
1     1.191989e+02  -2.768678e-01   9.607287e-01   0.000000e+00  -6.038182e+00  -1.739861e+00   0.000000e+00
0     1.192987e+02   0.000000e+00   0.000000e+00   0.000000e+00   0.000000e+00   0.000000e+00   0.000000e+00
1     1.192987e+02  -7.881023e-01   6.153039e-01   0.000000e+00  -3.867135e+00  -4.952786e+00   0.000000e+00
0     1.193985e+02   0.000000e+00   0.000000e+00   0.000000e+00   0.000000e+00   0.000000e+00   0.000000e+00
1     1.193985e+02  -9.992374e-01   3.557603e-02   0.000000e+00  -2.237010e-01  -6.279595e+00   0.000000e+00
0     1.194983e+02   0.000000e+00   0.000000e+00   0.000000e+00   0.000000e+00   0.000000e+00   0.000000e+00
1     1.194983e+02  -8.298932e-01  -5.576997e-01   0.000000e+00   3.504786e+00  -5.215305e+00   0.000000e+00
0     1.195999e+02   0.000000e+00   0.000000e+00   0.000000e+00   0.000000e+00   0.000000e+00   0.000000e+00
1     1.195999e+02  -3.342049e-01  -9.423580e-01   0.000000e+00   5.922259e+00  -2.100135e+00   0.000000e+00
0     1.196997e+02   0.000000e+00   0.000000e+00   0.000000e+00   0.000000e+00   0.000000e+00   0.000000e+00
1     1.196997e+02   2.825514e-01  -9.590898e-01   0.000000e+00   6.027542e+00   1.775994e+00   0.000000e+00
0     1.197995e+02   0.000000e+00   0.000000e+00   0.000000e+00   0.000000e+00   0.000000e+00   0.000000e+00
1     1.197995e+02   7.917099e-01  -6.106019e-01   0.000000e+00   3.837468e+00   4.976062e+00   0.000000e+00
0     1.198993e+02   0.000000e+00   0.000000e+00   0.000000e+00   0.000000e+00   0.000000e+00   0.000000e+00
1     1.198993e+02   9.993632e-01  -2.958315e-02   0.000000e+00   1.858092e-01   6.281266e+00   0.000000e+00
0     1.199992e+02   0.000000e+00   0.000000e+00   0.000000e+00   0.000000e+00   0.000000e+00   0.000000e+00
1     1.199992e+02   8.264134e-01   5.627006e-01   0.000000e+00  -3.536742e+00   5.194296e+00   0.000000e+00
0     1.200990e+02   0.000000e+00   0.000000e+00   0.000000e+00   0.000000e+00   0.000000e+00   0.000000e+00
1     1.200990e+02   3.387231e-01   9.406791e-01   0.000000e+00  -5.912310e+00   2.129101e+00   0.000000e+00
0     1.201988e+02   0.000000e+00   0.000000e+00   0.000000e+00   0.000000e+00   0.000000e+00   0.000000e+00
1     1.201988e+02  -2.779680e-01   9.604095e-01   0.000000e+00  -6.036188e+00  -1.746779e+00   0.000000e+00
0     1.202986e+02   0.000000e+00   0.000000e+00   0.000000e+00   0.000000e+00   0.000000e+00   0.000000e+00
1     1.202986e+02  -7.888066e-01   6.143987e-01   0.000000e+00  -3.861454e+00  -4.957222e+00   0.000000e+00
0     1.203984e+02   0.000000e+00   0.000000e+00   0.000000e+00   0.000000e+00   0.000000e+00   0.000000e+00
1     1.203984e+02  -9.992763e-01   3.442847e-02   0.000000e+00  -2.164895e-01  -6.279852e+00   0.000000e+00
0     1.205000e+02   0.000000e+00   0.000000e+00   0.000000e+00   0.000000e+00   0.000000e+00   0.000000e+00
1     1.205000e+02  -8.230523e-01  -5.677445e-01   0.000000e+00   3.567921e+00  -5.172324e+00   0.000000e+00
0     1.205998e+02   0.000000e+00   0.000000e+00   0.000000e+00   0.000000e+00   0.000000e+00   0.000000e+00
1     1.205998e+02  -3.331195e-01  -9.427407e-01   0.000000e+00   5.924677e+00  -2.093319e+00   0.000000e+00
0     1.206996e+02   0.000000e+00   0.000000e+00   0.000000e+00   0.000000e+00   0.000000e+00   0.000000e+00
1     1.206996e+02   2.836560e-01  -9.587622e-01   0.000000e+00   6.025496e+00   1.782939e+00   0.000000e+00
0     1.207994e+02   0.000000e+00   0.000000e+00   0.000000e+00   0.000000e+00   0.000000e+00   0.000000e+00
1     1.207994e+02   7.924126e-01  -6.096873e-01   0.000000e+00   3.831728e+00   4.980490e+00   0.000000e+00
0     1.208993e+02   0.000000e+00   0.000000e+00   0.000000e+00   0.000000e+00   0.000000e+00   0.000000e+00
1     1.208993e+02   9.993953e-01  -2.842882e-02   0.000000e+00   1.785545e-01   6.281481e+00   0.000000e+00
0     1.209991e+02   0.000000e+00   0.000000e+00   0.000000e+00   0.000000e+00   0.000000e+00   0.000000e+00
1     1.209991e+02   8.257610e-01   5.636551e-01   0.000000e+00  -3.542748e+00   5.190206e+00   0.000000e+00
0     1.210989e+02   0.000000e+00   0.000000e+00   0.000000e+00   0.000000e+00   0.000000e+00   0.000000e+00
1     1.210989e+02   3.376334e-01   9.410693e-01   0.000000e+00  -5.914774e+00   2.122257e+00   0.000000e+00
0     1.211987e+02   0.000000e+00   0.000000e+00   0.000000e+00   0.000000e+00   0.000000e+00   0.000000e+00
1     1.211987e+02  -2.790806e-01   9.600854e-01   0.000000e+00  -6.034164e+00  -1.753775e+00   0.000000e+00
0     1.212985e+02   0.000000e+00   0.000000e+00   0.000000e+00   0.000000e+00   0.000000e+00   0.000000e+00
1     1.212985e+02  -7.895178e-01   6.134822e-01   0.000000e+00  -3.855702e+00  -4.961702e+00   0.000000e+00
0     1.213983e+02   0.000000e+00   0.000000e+00   0.000000e+00   0.000000e+00   0.000000e+00   0.000000e+00
1     1.213983e+02  -9.993142e-01   3.326772e-02   0.000000e+00  -2.091950e-01  -6.280104e+00   0.000000e+00
0     1.214999e+02   0.000000e+00   0.000000e+00   0.000000e+00   0.000000e+00   0.000000e+00   0.000000e+00
1     1.214999e+02  -8.223904e-01  -5.687004e-01   0.000000e+00   3.573936e+00  -5.168175e+00   0.000000e+00
0     1.215997e+02   0.000000e+00   0.000000e+00   0.000000e+00   0.000000e+00   0.000000e+00   0.000000e+00
1     1.215997e+02  -3.320213e-01  -9.431266e-01   0.000000e+00   5.927114e+00  -2.086421e+00   0.000000e+00
0     1.216995e+02   0.000000e+00   0.000000e+00   0.000000e+00   0.000000e+00   0.000000e+00   0.000000e+00
1     1.216995e+02   2.847729e-01  -9.584296e-01   0.000000e+00   6.023418e+00   1.789963e+00   0.000000e+00
0     1.217994e+02   0.000000e+00   0.000000e+00   0.000000e+00   0.000000e+00   0.000000e+00   0.000000e+00
1     1.217994e+02   7.931224e-01  -6.087613e-01   0.000000e+00   3.825916e+00   4.984961e+00   0.000000e+00
0     1.218992e+02   0.000000e+00   0.000000e+00   0.000000e+00   0.000000e+00   0.000000e+00   0.000000e+00
1     1.218992e+02   9.994264e-01  -2.726114e-02   0.000000e+00   1.712160e-01   6.281689e+00   0.000000e+00
0     1.219990e+02   0.000000e+00   0.000000e+00   0.000000e+00   0.000000e+00   0.000000e+00   0.000000e+00
1     1.219990e+02   8.251001e-01   5.646197e-01   0.000000e+00  -3.548818e+00   5.186063e+00   0.000000e+00
0     1.220988e+02   0.000000e+00   0.000000e+00   0.000000e+00   0.000000e+00   0.000000e+00   0.000000e+00
1     1.220988e+02   3.365308e-01   9.414627e-01   0.000000e+00  -5.917259e+00   2.115331e+00   0.000000e+00
0     1.221986e+02   0.000000e+00   0.000000e+00   0.000000e+00   0.000000e+00   0.000000e+00   0.000000e+00
1     1.221986e+02  -2.802054e-01   9.597563e-01   0.000000e+00  -6.032108e+00  -1.760848e+00   0.000000e+00
0     1.222984e+02   0.000000e+00   0.000000e+00   0.000000e+00   0.000000e+00   0.000000e+00   0.000000e+00
1     1.222984e+02  -7.902361e-01   6.125545e-01   0.000000e+00  -3.849879e+00  -4.966226e+00   0.000000e+00
0     1.223983e+02   0.000000e+00   0.000000e+00   0.000000e+00   0.000000e+00   0.000000e+00   0.000000e+00
1     1.223983e+02  -9.993512e-01   3.209364e-02   0.000000e+00  -2.018168e-01  -6.280349e+00   0.000000e+00
0     1.224998e+02   0.000000e+00   0.000000e+00   0.000000e+00   0.000000e+00   0.000000e+00   0.000000e+00
1     1.224998e+02  -8.217198e-01  -5.696665e-01   0.000000e+00   3.580014e+00  -5.163971e+00   0.000000e+00
0     1.225996e+02   0.000000e+00   0.000000e+00   0.000000e+00   0.000000e+00   0.000000e+00   0.000000e+00
1     1.225996e+02  -3.309101e-01  -9.435155e-01   0.000000e+00   5.929571e+00  -2.079442e+00   0.000000e+00
0     1.226995e+02   0.000000e+00   0.000000e+00   0.000000e+00   0.000000e+00   0.000000e+00   0.000000e+00
1     1.226995e+02   2.859022e-01  -9.580918e-01   0.000000e+00   6.021308e+00   1.797064e+00   0.000000e+00
0     1.227993e+02   0.000000e+00   0.000000e+00   0.000000e+00   0.000000e+00   0.000000e+00   0.000000e+00
1     1.227993e+02   7.938392e-01  -6.078239e-01   0.000000e+00   3.820033e+00   4.989477e+00   0.000000e+00
0     1.228991e+02   0.000000e+00   0.000000e+00   0.000000e+00   0.000000e+00   0.000000e+00   0.000000e+00
1     1.228991e+02   9.994565e-01  -2.608018e-02   0.000000e+00   1.637939e-01   6.281892e+00   0.000000e+00
0     1.229989e+02   0.000000e+00   0.000000e+00   0.000000e+00   0.000000e+00   0.000000e+00   0.000000e+00
1     1.229989e+02   8.244305e-01   5.655946e-01   0.000000e+00  -3.554953e+00   5.181865e+00   0.000000e+00
0     1.230987e+02   0.000000e+00   0.000000e+00   0.000000e+00   0.000000e+00   0.000000e+00   0.000000e+00
1     1.230987e+02   3.354153e-01   9.418593e-01   0.000000e+00  -5.919764e+00   2.108324e+00   0.000000e+00
0     1.231986e+02   0.000000e+00   0.000000e+00   0.000000e+00   0.000000e+00   0.000000e+00   0.000000e+00
1     1.231986e+02  -2.813426e-01   9.594222e-01   0.000000e+00  -6.030020e+00  -1.767999e+00   0.000000e+00
0     1.232984e+02   0.000000e+00   0.000000e+00   0.000000e+00   0.000000e+00   0.000000e+00   0.000000e+00
1     1.232984e+02  -7.909615e-01   6.116155e-01   0.000000e+00  -3.843985e+00  -4.970795e+00   0.000000e+00
0     1.233999e+02   0.000000e+00   0.000000e+00   0.000000e+00   0.000000e+00   0.000000e+00   0.000000e+00
1     1.233999e+02  -9.996671e-01   1.990632e-02   0.000000e+00  -1.252240e-01  -6.282346e+00   0.000000e+00
0     1.234998e+02   0.000000e+00   0.000000e+00   0.000000e+00   0.000000e+00   0.000000e+00   0.000000e+00
1     1.234998e+02  -8.210406e-01  -5.706426e-01   0.000000e+00   3.586156e+00  -5.159713e+00   0.000000e+00
0     1.235996e+02   0.000000e+00   0.000000e+00   0.000000e+00   0.000000e+00   0.000000e+00   0.000000e+00
1     1.235996e+02  -3.297859e-01  -9.439075e-01   0.000000e+00   5.932048e+00  -2.072381e+00   0.000000e+00
0     1.236994e+02   0.000000e+00   0.000000e+00   0.000000e+00   0.000000e+00   0.000000e+00   0.000000e+00
1     1.236994e+02   2.870436e-01  -9.577490e-01   0.000000e+00   6.019166e+00   1.804241e+00   0.000000e+00
0     1.237992e+02   0.000000e+00   0.000000e+00   0.000000e+00   0.000000e+00   0.000000e+00   0.000000e+00
1     1.237992e+02   7.945629e-01  -6.068752e-01   0.000000e+00   3.814079e+00   4.994036e+00   0.000000e+00
0     1.238990e+02   0.000000e+00   0.000000e+00   0.000000e+00   0.000000e+00   0.000000e+00   0.000000e+00
1     1.238990e+02   9.994856e-01  -2.488601e-02   0.000000e+00   1.562887e-01   6.282088e+00   0.000000e+00
0     1.239988e+02   0.000000e+00   0.000000e+00   0.000000e+00   0.000000e+00   0.000000e+00   0.000000e+00
1     1.239988e+02   8.237522e-01   5.665795e-01   0.000000e+00  -3.561150e+00   5.177613e+00   0.000000e+00
0     1.240987e+02   0.000000e+00   0.000000e+00   0.000000e+00   0.000000e+00   0.000000e+00   0.000000e+00
1     1.240987e+02   3.342868e-01   9.422589e-01   0.000000e+00  -5.922288e+00   2.101236e+00   0.000000e+00
0     1.241985e+02   0.000000e+00   0.000000e+00   0.000000e+00   0.000000e+00   0.000000e+00   0.000000e+00
1     1.241985e+02  -2.824920e-01   9.590830e-01   0.000000e+00  -6.027900e+00  -1.775226e+00   0.000000e+00
0     1.242983e+02   0.000000e+00   0.000000e+00   0.000000e+00   0.000000e+00   0.000000e+00   0.000000e+00
1     1.242983e+02  -7.916937e-01   6.106651e-01   0.000000e+00  -3.838021e+00  -4.975407e+00   0.000000e+00
0     1.243999e+02   0.000000e+00   0.000000e+00   0.000000e+00   0.000000e+00   0.000000e+00   0.000000e+00
1     1.243999e+02  -9.996890e-01   1.870550e-02   0.000000e+00  -1.176775e-01  -6.282496e+00   0.000000e+00
0     1.244997e+02   0.000000e+00   0.000000e+00   0.000000e+00   0.000000e+00   0.000000e+00   0.000000e+00
1     1.244997e+02  -8.203526e-01  -5.716287e-01   0.000000e+00   3.592361e+00  -5.155400e+00   0.000000e+00
0     1.245995e+02   0.000000e+00   0.000000e+00   0.000000e+00   0.000000e+00   0.000000e+00   0.000000e+00
1     1.245995e+02  -3.286489e-01  -9.443025e-01   0.000000e+00   5.934543e+00  -2.065240e+00   0.000000e+00
0     1.246993e+02   0.000000e+00   0.000000e+00   0.000000e+00   0.000000e+00   0.000000e+00   0.000000e+00
1     1.246993e+02   2.881974e-01  -9.574009e-01   0.000000e+00   6.016991e+00   1.811496e+00   0.000000e+00
0     1.247991e+02   0.000000e+00   0.000000e+00   0.000000e+00   0.000000e+00   0.000000e+00   0.000000e+00
1     1.247991e+02   7.952935e-01  -6.059152e-01   0.000000e+00   3.808053e+00   4.998638e+00   0.000000e+00
0     1.248989e+02   0.000000e+00   0.000000e+00   0.000000e+00   0.000000e+00   0.000000e+00   0.000000e+00
1     1.248989e+02   9.995135e-01  -2.367857e-02   0.000000e+00   1.487001e-01   6.282276e+00   0.000000e+00
0     1.249988e+02   0.000000e+00   0.000000e+00   0.000000e+00   0.000000e+00   0.000000e+00   0.000000e+00
1     1.249988e+02   8.230653e-01   5.675744e-01   0.000000e+00  -3.567411e+00   5.173306e+00   0.000000e+00
0     1.250986e+02   0.000000e+00   0.000000e+00   0.000000e+00   0.000000e+00   0.000000e+00   0.000000e+00
1     1.250986e+02   3.331454e-01   9.426617e-01   0.000000e+00  -5.924831e+00   2.094067e+00   0.000000e+00
0     1.251984e+02   0.000000e+00   0.000000e+00   0.000000e+00   0.000000e+00   0.000000e+00   0.000000e+00
1     1.251984e+02  -2.836537e-01   9.587387e-01   0.000000e+00  -6.025748e+00  -1.782531e+00   0.000000e+00
0     1.253000e+02   0.000000e+00   0.000000e+00   0.000000e+00   0.000000e+00   0.000000e+00   0.000000e+00
1     1.253000e+02  -7.990952e-01   6.009458e-01   0.000000e+00  -3.776943e+00  -5.021932e+00   0.000000e+00
0     1.253998e+02   0.000000e+00   0.000000e+00   0.000000e+00   0.000000e+00   0.000000e+00   0.000000e+00
1     1.253998e+02  -9.997096e-01   1.749146e-02   0.000000e+00  -1.100479e-01  -6.282639e+00   0.000000e+00
0     1.254996e+02   0.000000e+00   0.000000e+00   0.000000e+00   0.000000e+00   0.000000e+00   0.000000e+00
1     1.254996e+02  -8.196559e-01  -5.726248e-01   0.000000e+00   3.598629e+00  -5.151032e+00   0.000000e+00
0     1.255994e+02   0.000000e+00   0.000000e+00   0.000000e+00   0.000000e+00   0.000000e+00   0.000000e+00
1     1.255994e+02  -3.274989e-01  -9.447005e-01   0.000000e+00   5.937056e+00  -2.058017e+00   0.000000e+00
0     1.256992e+02   0.000000e+00   0.000000e+00   0.000000e+00   0.000000e+00   0.000000e+00   0.000000e+00
1     1.256992e+02   2.893633e-01  -9.570477e-01   0.000000e+00   6.014784e+00   1.818828e+00   0.000000e+00
0     1.257990e+02   0.000000e+00   0.000000e+00   0.000000e+00   0.000000e+00   0.000000e+00   0.000000e+00
1     1.257990e+02   7.960309e-01  -6.049437e-01   0.000000e+00   3.801955e+00   5.003283e+00   0.000000e+00
0     1.258989e+02   0.000000e+00   0.000000e+00   0.000000e+00   0.000000e+00   0.000000e+00   0.000000e+00
1     1.258989e+02   9.995403e-01  -2.245789e-02   0.000000e+00   1.410283e-01   6.282458e+00   0.000000e+00
0     1.259987e+02   0.000000e+00   0.000000e+00   0.000000e+00   0.000000e+00   0.000000e+00   0.000000e+00
1     1.259987e+02   8.223696e-01   5.685795e-01   0.000000e+00  -3.573736e+00   5.168945e+00   0.000000e+00
0     1.260985e+02   0.000000e+00   0.000000e+00   0.000000e+00   0.000000e+00   0.000000e+00   0.000000e+00
1     1.260985e+02   3.319910e-01   9.430674e-01   0.000000e+00  -5.927394e+00   2.086815e+00   0.000000e+00
0     1.261983e+02   0.000000e+00   0.000000e+00   0.000000e+00   0.000000e+00   0.000000e+00   0.000000e+00
1     1.261983e+02  -2.848277e-01   9.583892e-01   0.000000e+00  -6.023564e+00  -1.789913e+00   0.000000e+00
0     1.262999e+02   0.000000e+00   0.000000e+00   0.000000e+00   0.000000e+00   0.000000e+00   0.000000e+00
1     1.262999e+02  -7.998305e-01   5.999645e-01   0.000000e+00  -3.770783e+00  -5.026563e+00   0.000000e+00
0     1.263997e+02   0.000000e+00   0.000000e+00   0.000000e+00   0.000000e+00   0.000000e+00   0.000000e+00
1     1.263997e+02  -9.997289e-01   1.626411e-02   0.000000e+00  -1.023346e-01  -6.282773e+00   0.000000e+00
0     1.264995e+02   0.000000e+00   0.000000e+00   0.000000e+00   0.000000e+00   0.000000e+00   0.000000e+00
1     1.264995e+02  -8.189504e-01  -5.736309e-01   0.000000e+00   3.604959e+00  -5.146610e+00   0.000000e+00
0     1.265993e+02   0.000000e+00   0.000000e+00   0.000000e+00   0.000000e+00   0.000000e+00   0.000000e+00
1     1.265993e+02  -3.263359e-01  -9.451013e-01   0.000000e+00   5.939588e+00  -2.050712e+00   0.000000e+00
0     1.266991e+02   0.000000e+00   0.000000e+00   0.000000e+00   0.000000e+00   0.000000e+00   0.000000e+00
1     1.266991e+02   2.905415e-01  -9.566892e-01   0.000000e+00   6.012544e+00   1.826236e+00   0.000000e+00
0     1.267990e+02   0.000000e+00   0.000000e+00   0.000000e+00   0.000000e+00   0.000000e+00   0.000000e+00
1     1.267990e+02   7.967751e-01  -6.039608e-01   0.000000e+00   3.795786e+00   5.007972e+00   0.000000e+00
0     1.268988e+02   0.000000e+00   0.000000e+00   0.000000e+00   0.000000e+00   0.000000e+00   0.000000e+00
1     1.268988e+02   9.995658e-01  -2.122390e-02   0.000000e+00   1.332729e-01   6.282632e+00   0.000000e+00
0     1.269986e+02   0.000000e+00   0.000000e+00   0.000000e+00   0.000000e+00   0.000000e+00   0.000000e+00
1     1.269986e+02   8.216652e-01   5.695946e-01   0.000000e+00  -3.580123e+00   5.164528e+00   0.000000e+00
0     1.270984e+02   0.000000e+00   0.000000e+00   0.000000e+00   0.000000e+00   0.000000e+00   0.000000e+00
1     1.270984e+02   3.308236e-01   9.434761e-01   0.000000e+00  -5.929975e+00   2.079482e+00   0.000000e+00
0     1.272000e+02   0.000000e+00   0.000000e+00   0.000000e+00   0.000000e+00   0.000000e+00   0.000000e+00
1     1.272000e+02  -2.965408e-01   9.548290e-01   0.000000e+00  -6.001198e+00  -1.863533e+00   0.000000e+00
0     1.272998e+02   0.000000e+00   0.000000e+00   0.000000e+00   0.000000e+00   0.000000e+00   0.000000e+00
1     1.272998e+02  -8.005725e-01   5.989717e-01   0.000000e+00  -3.764551e+00  -5.031237e+00   0.000000e+00
0     1.273996e+02   0.000000e+00   0.000000e+00   0.000000e+00   0.000000e+00   0.000000e+00   0.000000e+00
1     1.273996e+02  -9.997470e-01   1.502351e-02   0.000000e+00  -9.453798e-02  -6.282899e+00   0.000000e+00
0     1.274994e+02   0.000000e+00   0.000000e+00   0.000000e+00   0.000000e+00   0.000000e+00   0.000000e+00
1     1.274994e+02  -8.182361e-01  -5.746469e-01   0.000000e+00   3.611352e+00  -5.142131e+00   0.000000e+00
0     1.275993e+02   0.000000e+00   0.000000e+00   0.000000e+00   0.000000e+00   0.000000e+00   0.000000e+00
1     1.275993e+02  -3.251599e-01  -9.455051e-01   0.000000e+00   5.942138e+00  -2.043325e+00   0.000000e+00
0     1.276991e+02   0.000000e+00   0.000000e+00   0.000000e+00   0.000000e+00   0.000000e+00   0.000000e+00
1     1.276991e+02   2.917318e-01  -9.563254e-01   0.000000e+00   6.010270e+00   1.833722e+00   0.000000e+00
0     1.277989e+02   0.000000e+00   0.000000e+00   0.000000e+00   0.000000e+00   0.000000e+00   0.000000e+00
1     1.277989e+02   7.975261e-01  -6.029664e-01   0.000000e+00   3.789544e+00   5.012702e+00   0.000000e+00
0     1.278987e+02   0.000000e+00   0.000000e+00   0.000000e+00   0.000000e+00   0.000000e+00   0.000000e+00
1     1.278987e+02   9.995901e-01  -1.997668e-02   0.000000e+00   1.254341e-01   6.282797e+00   0.000000e+00
0     1.279985e+02   0.000000e+00   0.000000e+00   0.000000e+00   0.000000e+00   0.000000e+00   0.000000e+00
1     1.279985e+02   8.209520e-01   5.706197e-01   0.000000e+00  -3.586573e+00   5.160056e+00   0.000000e+00
0     1.280983e+02   0.000000e+00   0.000000e+00   0.000000e+00   0.000000e+00   0.000000e+00   0.000000e+00
1     1.280983e+02   3.296432e-01   9.438878e-01   0.000000e+00  -5.932574e+00   2.072068e+00   0.000000e+00
0     1.281999e+02   0.000000e+00   0.000000e+00   0.000000e+00   0.000000e+00   0.000000e+00   0.000000e+00
1     1.281999e+02  -2.977353e-01   9.544558e-01   0.000000e+00  -5.998865e+00  -1.871044e+00   0.000000e+00
0     1.282997e+02   0.000000e+00   0.000000e+00   0.000000e+00   0.000000e+00   0.000000e+00   0.000000e+00
1     1.282997e+02  -8.013213e-01   5.979674e-01   0.000000e+00  -3.758247e+00  -5.035953e+00   0.000000e+00
0     1.283995e+02   0.000000e+00   0.000000e+00   0.000000e+00   0.000000e+00   0.000000e+00   0.000000e+00
1     1.283995e+02  -9.997637e-01   1.376961e-02   0.000000e+00  -8.665774e-02  -6.283017e+00   0.000000e+00
0     1.284994e+02   0.000000e+00   0.000000e+00   0.000000e+00   0.000000e+00   0.000000e+00   0.000000e+00
1     1.284994e+02  -8.175128e-01  -5.756730e-01   0.000000e+00   3.617808e+00  -5.137596e+00   0.000000e+00
0     1.285992e+02   0.000000e+00   0.000000e+00   0.000000e+00   0.000000e+00   0.000000e+00   0.000000e+00
1     1.285992e+02  -3.239709e-01  -9.459117e-01   0.000000e+00   5.944706e+00  -2.035857e+00   0.000000e+00
0     1.286990e+02   0.000000e+00   0.000000e+00   0.000000e+00   0.000000e+00   0.000000e+00   0.000000e+00
1     1.286990e+02   2.929344e-01  -9.559562e-01   0.000000e+00   6.007963e+00   1.841284e+00   0.000000e+00
0     1.287988e+02   0.000000e+00   0.000000e+00   0.000000e+00   0.000000e+00   0.000000e+00   0.000000e+00
1     1.287988e+02   7.982838e-01  -6.019605e-01   0.000000e+00   3.783230e+00   5.017475e+00   0.000000e+00
0     1.288986e+02   0.000000e+00   0.000000e+00   0.000000e+00   0.000000e+00   0.000000e+00   0.000000e+00
1     1.288986e+02   9.996131e-01  -1.871621e-02   0.000000e+00   1.175122e-01   6.282955e+00   0.000000e+00
0     1.289984e+02   0.000000e+00   0.000000e+00   0.000000e+00   0.000000e+00   0.000000e+00   0.000000e+00
1     1.289984e+02   8.202299e-01   5.716547e-01   0.000000e+00  -3.593086e+00   5.155528e+00   0.000000e+00
0     1.290983e+02   0.000000e+00   0.000000e+00   0.000000e+00   0.000000e+00   0.000000e+00   0.000000e+00
1     1.290983e+02   3.284498e-01   9.443023e-01   0.000000e+00  -5.935191e+00   2.064571e+00   0.000000e+00
0     1.291998e+02   0.000000e+00   0.000000e+00   0.000000e+00   0.000000e+00   0.000000e+00   0.000000e+00
1     1.291998e+02  -2.989419e-01   9.540771e-01   0.000000e+00  -5.996497e+00  -1.878631e+00   0.000000e+00
0     1.292996e+02   0.000000e+00   0.000000e+00   0.000000e+00   0.000000e+00   0.000000e+00   0.000000e+00
1     1.292996e+02  -8.020767e-01   5.969516e-01   0.000000e+00  -3.751870e+00  -5.040711e+00   0.000000e+00
0     1.293995e+02   0.000000e+00   0.000000e+00   0.000000e+00   0.000000e+00   0.000000e+00   0.000000e+00
1     1.293995e+02  -9.997790e-01   1.250246e-02   0.000000e+00  -7.869421e-02  -6.283126e+00   0.000000e+00
0     1.294993e+02   0.000000e+00   0.000000e+00   0.000000e+00   0.000000e+00   0.000000e+00   0.000000e+00
1     1.294993e+02  -8.167807e-01  -5.767089e-01   0.000000e+00   3.624326e+00  -5.133005e+00   0.000000e+00
0     1.295991e+02   0.000000e+00   0.000000e+00   0.000000e+00   0.000000e+00   0.000000e+00   0.000000e+00
1     1.295991e+02  -3.227688e-01  -9.463210e-01   0.000000e+00   5.947291e+00  -2.028306e+00   0.000000e+00
0     1.296989e+02   0.000000e+00   0.000000e+00   0.000000e+00   0.000000e+00   0.000000e+00   0.000000e+00
1     1.296989e+02   2.941491e-01  -9.555816e-01   0.000000e+00   6.005621e+00   1.848922e+00   0.000000e+00
0     1.297987e+02   0.000000e+00   0.000000e+00   0.000000e+00   0.000000e+00   0.000000e+00   0.000000e+00
1     1.297987e+02   7.990481e-01  -6.009432e-01   0.000000e+00   3.776844e+00   5.022290e+00   0.000000e+00
0     1.298985e+02   0.000000e+00   0.000000e+00   0.000000e+00   0.000000e+00   0.000000e+00   0.000000e+00
1     1.298985e+02   9.996347e-01  -1.744256e-02   0.000000e+00   1.095073e-01   6.283104e+00   0.000000e+00
0     1.299984e+02   0.000000e+00   0.000000e+00   0.000000e+00   0.000000e+00   0.000000e+00   0.000000e+00
1     1.299984e+02   8.194990e-01   5.726996e-01   0.000000e+00  -3.599661e+00   5.150945e+00   0.000000e+00
0     1.300999e+02   0.000000e+00   0.000000e+00   0.000000e+00   0.000000e+00   0.000000e+00   0.000000e+00
1     1.300999e+02   3.168257e-01   9.482644e-01   0.000000e+00  -5.960104e+00   1.991515e+00   0.000000e+00
0     1.301997e+02   0.000000e+00   0.000000e+00   0.000000e+00   0.000000e+00   0.000000e+00   0.000000e+00
1     1.301997e+02  -3.001607e-01   9.536930e-01   0.000000e+00  -5.994095e+00  -1.886295e+00   0.000000e+00
0     1.302996e+02   0.000000e+00   0.000000e+00   0.000000e+00   0.000000e+00   0.000000e+00   0.000000e+00
1     1.302996e+02  -8.028387e-01   5.959241e-01   0.000000e+00  -3.745420e+00  -5.045510e+00   0.000000e+00
0     1.303994e+02   0.000000e+00   0.000000e+00   0.000000e+00   0.000000e+00   0.000000e+00   0.000000e+00
1     1.303994e+02  -9.997928e-01   1.122208e-02   0.000000e+00  -7.064750e-02  -6.283226e+00   0.000000e+00
0     1.304992e+02   0.000000e+00   0.000000e+00   0.000000e+00   0.000000e+00   0.000000e+00   0.000000e+00
1     1.304992e+02  -8.160396e-01  -5.777547e-01   0.000000e+00   3.630906e+00  -5.128358e+00   0.000000e+00
0     1.305990e+02   0.000000e+00   0.000000e+00   0.000000e+00   0.000000e+00   0.000000e+00   0.000000e+00
1     1.305990e+02  -3.215537e-01  -9.467331e-01   0.000000e+00   5.949893e+00  -2.020674e+00   0.000000e+00
0     1.306988e+02   0.000000e+00   0.000000e+00   0.000000e+00   0.000000e+00   0.000000e+00   0.000000e+00
1     1.306988e+02   2.953761e-01  -9.552016e-01   0.000000e+00   6.003245e+00   1.856637e+00   0.000000e+00
0     1.307987e+02   0.000000e+00   0.000000e+00   0.000000e+00   0.000000e+00   0.000000e+00   0.000000e+00
1     1.307987e+02   7.998192e-01  -5.999142e-01   0.000000e+00   3.770385e+00   5.027146e+00   0.000000e+00
0     1.308985e+02   0.000000e+00   0.000000e+00   0.000000e+00   0.000000e+00   0.000000e+00   0.000000e+00
1     1.308985e+02   9.996549e-01  -1.615561e-02   0.000000e+00   1.014188e-01   6.283245e+00   0.000000e+00
0     1.309983e+02   0.000000e+00   0.000000e+00   0.000000e+00   0.000000e+00   0.000000e+00   0.000000e+00
1     1.309983e+02   8.187591e-01   5.737544e-01   0.000000e+00  -3.606298e+00   5.146306e+00   0.000000e+00
0     1.310999e+02   0.000000e+00   0.000000e+00   0.000000e+00   0.000000e+00   0.000000e+00   0.000000e+00
1     1.310999e+02   3.156017e-01   9.486711e-01   0.000000e+00  -5.962672e+00   1.983827e+00   0.000000e+00
0     1.311997e+02   0.000000e+00   0.000000e+00   0.000000e+00   0.000000e+00   0.000000e+00   0.000000e+00
1     1.311997e+02  -3.013915e-01   9.533033e-01   0.000000e+00  -5.991658e+00  -1.894035e+00   0.000000e+00
0     1.312995e+02   0.000000e+00   0.000000e+00   0.000000e+00   0.000000e+00   0.000000e+00   0.000000e+00
1     1.312995e+02  -8.036072e-01   5.948851e-01   0.000000e+00  -3.738898e+00  -5.050351e+00   0.000000e+00
0     1.313993e+02   0.000000e+00   0.000000e+00   0.000000e+00   0.000000e+00   0.000000e+00   0.000000e+00
1     1.313993e+02  -9.998051e-01   9.928464e-03   0.000000e+00  -6.251760e-02  -6.283316e+00   0.000000e+00
0     1.314991e+02   0.000000e+00   0.000000e+00   0.000000e+00   0.000000e+00   0.000000e+00   0.000000e+00
1     1.314991e+02  -8.152894e-01  -5.788103e-01   0.000000e+00   3.637548e+00  -5.123655e+00   0.000000e+00
0     1.315989e+02   0.000000e+00   0.000000e+00   0.000000e+00   0.000000e+00   0.000000e+00   0.000000e+00
1     1.315989e+02  -3.203255e-01  -9.471478e-01   0.000000e+00   5.952513e+00  -2.012959e+00   0.000000e+00
0     1.316988e+02   0.000000e+00   0.000000e+00   0.000000e+00   0.000000e+00   0.000000e+00   0.000000e+00
1     1.316988e+02   2.966151e-01  -9.548160e-01   0.000000e+00   6.000835e+00   1.864429e+00   0.000000e+00
0     1.317986e+02   0.000000e+00   0.000000e+00   0.000000e+00   0.000000e+00   0.000000e+00   0.000000e+00
1     1.317986e+02   8.005968e-01  -5.988737e-01   0.000000e+00   3.763853e+00   5.032044e+00   0.000000e+00
0     1.318984e+02   0.000000e+00   0.000000e+00   0.000000e+00   0.000000e+00   0.000000e+00   0.000000e+00
1     1.318984e+02   9.996737e-01  -1.485542e-02   0.000000e+00   9.324700e-02   6.283376e+00   0.000000e+00
0     1.320000e+02   0.000000e+00   0.000000e+00   0.000000e+00   0.000000e+00   0.000000e+00   0.000000e+00
1     1.320000e+02   8.116339e-01   5.837880e-01   0.000000e+00  -3.669369e+00   5.101532e+00   0.000000e+00
0     1.320998e+02   0.000000e+00   0.000000e+00   0.000000e+00   0.000000e+00   0.000000e+00   0.000000e+00
1     1.320998e+02   3.143647e-01   9.490803e-01   0.000000e+00  -5.965257e+00   1.976056e+00   0.000000e+00
0     1.321996e+02   0.000000e+00   0.000000e+00   0.000000e+00   0.000000e+00   0.000000e+00   0.000000e+00
1     1.321996e+02  -3.026344e-01   9.529081e-01   0.000000e+00  -5.989186e+00  -1.901850e+00   0.000000e+00
0     1.322994e+02   0.000000e+00   0.000000e+00   0.000000e+00   0.000000e+00   0.000000e+00   0.000000e+00
1     1.322994e+02  -8.043822e-01   5.938345e-01   0.000000e+00  -3.732302e+00  -5.055232e+00   0.000000e+00
0     1.323992e+02   0.000000e+00   0.000000e+00   0.000000e+00   0.000000e+00   0.000000e+00   0.000000e+00
1     1.323992e+02  -9.998159e-01   8.621620e-03   0.000000e+00  -5.430452e-02  -6.283397e+00   0.000000e+00
0     1.324990e+02   0.000000e+00   0.000000e+00   0.000000e+00   0.000000e+00   0.000000e+00   0.000000e+00
1     1.324990e+02  -8.145303e-01  -5.798757e-01   0.000000e+00   3.644251e+00  -5.118895e+00   0.000000e+00
0     1.325989e+02   0.000000e+00   0.000000e+00   0.000000e+00   0.000000e+00   0.000000e+00   0.000000e+00
1     1.325989e+02  -3.190842e-01  -9.475652e-01   0.000000e+00   5.955148e+00  -2.005163e+00   0.000000e+00
0     1.326987e+02   0.000000e+00   0.000000e+00   0.000000e+00   0.000000e+00   0.000000e+00   0.000000e+00
1     1.326987e+02   2.978663e-01  -9.544250e-01   0.000000e+00   5.998390e+00   1.872296e+00   0.000000e+00
0     1.327985e+02   0.000000e+00   0.000000e+00   0.000000e+00   0.000000e+00   0.000000e+00   0.000000e+00
1     1.327985e+02   8.013809e-01  -5.978215e-01   0.000000e+00   3.757248e+00   5.036984e+00   0.000000e+00
0     1.328983e+02   0.000000e+00   0.000000e+00   0.000000e+00   0.000000e+00   0.000000e+00   0.000000e+00
1     1.328983e+02   9.996909e-01  -1.354201e-02   0.000000e+00   8.499215e-02   6.283497e+00   0.000000e+00
0     1.329999e+02   0.000000e+00   0.000000e+00   0.000000e+00   0.000000e+00   0.000000e+00   0.000000e+00
1     1.329999e+02   8.108643e-01   5.848541e-01   0.000000e+00  -3.676077e+00   5.096706e+00   0.000000e+00
0     1.330997e+02   0.000000e+00   0.000000e+00   0.000000e+00   0.000000e+00   0.000000e+00   0.000000e+00
1     1.330997e+02   3.131146e-01   9.494920e-01   0.000000e+00  -5.967857e+00   1.968203e+00   0.000000e+00
0     1.331995e+02   0.000000e+00   0.000000e+00   0.000000e+00   0.000000e+00   0.000000e+00   0.000000e+00
1     1.331995e+02  -3.038894e-01   9.525072e-01   0.000000e+00  -5.986679e+00  -1.909742e+00   0.000000e+00
0     1.332993e+02   0.000000e+00   0.000000e+00   0.000000e+00   0.000000e+00   0.000000e+00   0.000000e+00
1     1.332993e+02  -8.051637e-01   5.927722e-01   0.000000e+00  -3.725634e+00  -5.060154e+00   0.000000e+00
0     1.333991e+02   0.000000e+00   0.000000e+00   0.000000e+00   0.000000e+00   0.000000e+00   0.000000e+00
1     1.333991e+02  -9.998250e-01   7.301627e-03   0.000000e+00  -4.600875e-02  -6.283467e+00   0.000000e+00
0     1.334990e+02   0.000000e+00   0.000000e+00   0.000000e+00   0.000000e+00   0.000000e+00   0.000000e+00
1     1.334990e+02  -8.137621e-01  -5.809508e-01   0.000000e+00   3.651016e+00  -5.114078e+00   0.000000e+00
0     1.335988e+02   0.000000e+00   0.000000e+00   0.000000e+00   0.000000e+00   0.000000e+00   0.000000e+00
1     1.335988e+02  -3.178300e-01  -9.479852e-01   0.000000e+00   5.957800e+00  -1.997284e+00   0.000000e+00
0     1.336986e+02   0.000000e+00   0.000000e+00   0.000000e+00   0.000000e+00   0.000000e+00   0.000000e+00
1     1.336986e+02   2.991295e-01  -9.540283e-01   0.000000e+00   5.995910e+00   1.880239e+00   0.000000e+00
0     1.337984e+02   0.000000e+00   0.000000e+00   0.000000e+00   0.000000e+00   0.000000e+00   0.000000e+00
1     1.337984e+02   8.021716e-01  -5.967578e-01   0.000000e+00   3.750571e+00   5.041964e+00   0.000000e+00
0     1.339000e+02   0.000000e+00   0.000000e+00   0.000000e+00   0.000000e+00   0.000000e+00   0.000000e+00
1     1.339000e+02   9.997803e-01  -1.211086e-03   0.000000e+00   7.489610e-03   6.284073e+00   0.000000e+00
0     1.339998e+02   0.000000e+00   0.000000e+00   0.000000e+00   0.000000e+00   0.000000e+00   0.000000e+00
1     1.339998e+02   8.100856e-01   5.859299e-01   0.000000e+00  -3.682847e+00   5.091822e+00   0.000000e+00
0     1.340996e+02   0.000000e+00   0.000000e+00   0.000000e+00   0.000000e+00   0.000000e+00   0.000000e+00
1     1.340996e+02   3.118513e-01   9.499062e-01   0.000000e+00  -5.970472e+00   1.960267e+00   0.000000e+00
0     1.341994e+02   0.000000e+00   0.000000e+00   0.000000e+00   0.000000e+00   0.000000e+00   0.000000e+00
1     1.341994e+02  -3.051564e-01   9.521006e-01   0.000000e+00  -5.984135e+00  -1.917709e+00   0.000000e+00
0     1.342993e+02   0.000000e+00   0.000000e+00   0.000000e+00   0.000000e+00   0.000000e+00   0.000000e+00
1     1.342993e+02  -8.059516e-01   5.916983e-01   0.000000e+00  -3.718892e+00  -5.065116e+00   0.000000e+00
0     1.343991e+02   0.000000e+00   0.000000e+00   0.000000e+00   0.000000e+00   0.000000e+00   0.000000e+00
1     1.343991e+02  -9.998325e-01   5.968433e-03   0.000000e+00  -3.762998e-02  -6.283527e+00   0.000000e+00
0     1.344989e+02   0.000000e+00   0.000000e+00   0.000000e+00   0.000000e+00   0.000000e+00   0.000000e+00
1     1.344989e+02  -8.129849e-01  -5.820357e-01   0.000000e+00   3.657842e+00  -5.109203e+00   0.000000e+00
0     1.345987e+02   0.000000e+00   0.000000e+00   0.000000e+00   0.000000e+00   0.000000e+00   0.000000e+00
1     1.345987e+02  -3.165626e-01  -9.484076e-01   0.000000e+00   5.960468e+00  -1.989323e+00   0.000000e+00
0     1.346985e+02   0.000000e+00   0.000000e+00   0.000000e+00   0.000000e+00   0.000000e+00   0.000000e+00
1     1.346985e+02   3.004049e-01  -9.536260e-01   0.000000e+00   5.993394e+00   1.888259e+00   0.000000e+00
0     1.347983e+02   0.000000e+00   0.000000e+00   0.000000e+00   0.000000e+00   0.000000e+00   0.000000e+00
1     1.347983e+02   8.029687e-01  -5.956824e-01   0.000000e+00   3.743819e+00   5.046984e+00   0.000000e+00
0     1.348999e+02   0.000000e+00   0.000000e+00   0.000000e+00   0.000000e+00   0.000000e+00   0.000000e+00
1     1.348999e+02   9.997796e-01   1.289678e-04   0.000000e+00  -9.329437e-04   6.284082e+00   0.000000e+00
0     1.349997e+02   0.000000e+00   0.000000e+00   0.000000e+00   0.000000e+00   0.000000e+00   0.000000e+00
1     1.349997e+02   8.092976e-01   5.870155e-01   0.000000e+00  -3.689677e+00   5.086880e+00   0.000000e+00
0     1.350995e+02   0.000000e+00   0.000000e+00   0.000000e+00   0.000000e+00   0.000000e+00   0.000000e+00
1     1.350995e+02   3.105750e-01   9.503229e-01   0.000000e+00  -5.973103e+00   1.952249e+00   0.000000e+00
0     1.351994e+02   0.000000e+00   0.000000e+00   0.000000e+00   0.000000e+00   0.000000e+00   0.000000e+00
1     1.351994e+02  -3.064356e-01   9.516883e-01   0.000000e+00  -5.981556e+00  -1.925753e+00   0.000000e+00
0     1.352992e+02   0.000000e+00   0.000000e+00   0.000000e+00   0.000000e+00   0.000000e+00   0.000000e+00
1     1.352992e+02  -8.067458e-01   5.906126e-01   0.000000e+00  -3.712076e+00  -5.070118e+00   0.000000e+00
0     1.353990e+02   0.000000e+00   0.000000e+00   0.000000e+00   0.000000e+00   0.000000e+00   0.000000e+00
1     1.353990e+02  -9.998383e-01   4.621949e-03   0.000000e+00  -2.916766e-02  -6.283577e+00   0.000000e+00
0     1.354988e+02   0.000000e+00   0.000000e+00   0.000000e+00   0.000000e+00   0.000000e+00   0.000000e+00
1     1.354988e+02  -8.121984e-01  -5.831302e-01   0.000000e+00   3.664728e+00  -5.104271e+00   0.000000e+00
0     1.355986e+02   0.000000e+00   0.000000e+00   0.000000e+00   0.000000e+00   0.000000e+00   0.000000e+00
1     1.355986e+02  -3.152822e-01  -9.488326e-01   0.000000e+00   5.963151e+00  -1.981280e+00   0.000000e+00
0     1.356984e+02   0.000000e+00   0.000000e+00   0.000000e+00   0.000000e+00   0.000000e+00   0.000000e+00
1     1.356984e+02   3.016923e-01  -9.532179e-01   0.000000e+00   5.990842e+00   1.896354e+00   0.000000e+00
0     1.357983e+02   0.000000e+00   0.000000e+00   0.000000e+00   0.000000e+00   0.000000e+00   0.000000e+00
1     1.357983e+02   8.037723e-01  -5.945952e-01   0.000000e+00   3.736994e+00   5.052046e+00   0.000000e+00
0     1.358998e+02   0.000000e+00   0.000000e+00   0.000000e+00   0.000000e+00   0.000000e+00   0.000000e+00
1     1.358998e+02   9.997771e-01   1.482256e-03   0.000000e+00  -9.438715e-03   6.284080e+00   0.000000e+00
0     1.359996e+02   0.000000e+00   0.000000e+00   0.000000e+00   0.000000e+00   0.000000e+00   0.000000e+00
1     1.359996e+02   8.085004e-01   5.881107e-01   0.000000e+00  -3.696568e+00   5.081879e+00   0.000000e+00
0     1.360995e+02   0.000000e+00   0.000000e+00   0.000000e+00   0.000000e+00   0.000000e+00   0.000000e+00
1     1.360995e+02   3.092854e-01   9.507420e-01   0.000000e+00  -5.975749e+00   1.944148e+00   0.000000e+00
0     1.361993e+02   0.000000e+00   0.000000e+00   0.000000e+00   0.000000e+00   0.000000e+00   0.000000e+00
1     1.361993e+02  -3.077268e-01   9.512702e-01   0.000000e+00  -5.978940e+00  -1.933872e+00   0.000000e+00
0     1.362991e+02   0.000000e+00   0.000000e+00   0.000000e+00   0.000000e+00   0.000000e+00   0.000000e+00
1     1.362991e+02  -8.075465e-01   5.895151e-01   0.000000e+00  -3.705186e+00  -5.075160e+00   0.000000e+00
0     1.363989e+02   0.000000e+00   0.000000e+00   0.000000e+00   0.000000e+00   0.000000e+00   0.000000e+00
1     1.363989e+02  -9.998423e-01   3.262185e-03   0.000000e+00  -2.062184e-02  -6.283615e+00   0.000000e+00
0     1.364987e+02   0.000000e+00   0.000000e+00   0.000000e+00   0.000000e+00   0.000000e+00   0.000000e+00
1     1.364987e+02  -8.114027e-01  -5.842345e-01   0.000000e+00   3.671676e+00  -5.099281e+00   0.000000e+00
0     1.365985e+02   0.000000e+00   0.000000e+00   0.000000e+00   0.000000e+00   0.000000e+00   0.000000e+00
1     1.365985e+02  -3.139885e-01  -9.492599e-01   0.000000e+00   5.965850e+00  -1.973154e+00   0.000000e+00
0     1.366984e+02   0.000000e+00   0.000000e+00   0.000000e+00   0.000000e+00   0.000000e+00   0.000000e+00
1     1.366984e+02   3.029917e-01  -9.528042e-01   0.000000e+00   5.988255e+00   1.904525e+00   0.000000e+00
0     1.367999e+02   0.000000e+00   0.000000e+00   0.000000e+00   0.000000e+00   0.000000e+00   0.000000e+00
1     1.367999e+02   8.110655e-01  -5.846045e-01   0.000000e+00   3.674211e+00   5.097897e+00   0.000000e+00
0     1.368997e+02   0.000000e+00   0.000000e+00   0.000000e+00   0.000000e+00   0.000000e+00   0.000000e+00
1     1.368997e+02   9.997727e-01   2.848711e-03   0.000000e+00  -1.802728e-02   6.284066e+00   0.000000e+00
0     1.369996e+02   0.000000e+00   0.000000e+00   0.000000e+00   0.000000e+00   0.000000e+00   0.000000e+00
1     1.369996e+02   8.076939e-01   5.892154e-01   0.000000e+00  -3.703520e+00   5.076821e+00   0.000000e+00
0     1.370994e+02   0.000000e+00   0.000000e+00   0.000000e+00   0.000000e+00   0.000000e+00   0.000000e+00
1     1.370994e+02   3.079828e-01   9.511633e-01   0.000000e+00  -5.978410e+00   1.935964e+00   0.000000e+00
0     1.371992e+02   0.000000e+00   0.000000e+00   0.000000e+00   0.000000e+00   0.000000e+00   0.000000e+00
1     1.371992e+02  -3.090299e-01   9.508462e-01   0.000000e+00  -5.976288e+00  -1.942066e+00   0.000000e+00
0     1.372990e+02   0.000000e+00   0.000000e+00   0.000000e+00   0.000000e+00   0.000000e+00   0.000000e+00
1     1.372990e+02  -8.083534e-01   5.884059e-01   0.000000e+00  -3.698222e+00  -5.080242e+00   0.000000e+00
0     1.373988e+02   0.000000e+00   0.000000e+00   0.000000e+00   0.000000e+00   0.000000e+00   0.000000e+00
1     1.373988e+02  -9.998445e-01   1.889237e-03   0.000000e+00  -1.199312e-02  -6.283641e+00   0.000000e+00
0     1.374986e+02   0.000000e+00   0.000000e+00   0.000000e+00   0.000000e+00   0.000000e+00   0.000000e+00
1     1.374986e+02  -8.105978e-01  -5.853483e-01   0.000000e+00   3.678684e+00  -5.094233e+00   0.000000e+00
0     1.375985e+02   0.000000e+00   0.000000e+00   0.000000e+00   0.000000e+00   0.000000e+00   0.000000e+00
1     1.375985e+02  -3.126818e-01  -9.496897e-01   0.000000e+00   5.968563e+00  -1.964945e+00   0.000000e+00
0     1.376983e+02   0.000000e+00   0.000000e+00   0.000000e+00   0.000000e+00   0.000000e+00   0.000000e+00
1     1.376983e+02   3.043031e-01  -9.523846e-01   0.000000e+00   5.985631e+00   1.912772e+00   0.000000e+00
0     1.377999e+02   0.000000e+00   0.000000e+00   0.000000e+00   0.000000e+00   0.000000e+00   0.000000e+00
1     1.377999e+02   8.118695e-01  -5.834850e-01   0.000000e+00   3.667182e+00   5.102961e+00   0.000000e+00
0     1.378997e+02   0.000000e+00   0.000000e+00   0.000000e+00   0.000000e+00   0.000000e+00   0.000000e+00
1     1.378997e+02   9.997664e-01   4.228369e-03   0.000000e+00  -2.669886e-02   6.284039e+00   0.000000e+00
0     1.379995e+02   0.000000e+00   0.000000e+00   0.000000e+00   0.000000e+00   0.000000e+00   0.000000e+00
1     1.379995e+02   8.068781e-01   5.903297e-01   0.000000e+00  -3.710531e+00   5.071704e+00   0.000000e+00
0     1.380993e+02   0.000000e+00   0.000000e+00   0.000000e+00   0.000000e+00   0.000000e+00   0.000000e+00
1     1.380993e+02   3.066669e-01   9.515870e-01   0.000000e+00  -5.981085e+00   1.927698e+00   0.000000e+00
0     1.381991e+02   0.000000e+00   0.000000e+00   0.000000e+00   0.000000e+00   0.000000e+00   0.000000e+00
1     1.381991e+02  -3.103451e-01   9.504164e-01   0.000000e+00  -5.973598e+00  -1.950336e+00   0.000000e+00
0     1.382989e+02   0.000000e+00   0.000000e+00   0.000000e+00   0.000000e+00   0.000000e+00   0.000000e+00
1     1.382989e+02  -8.091666e-01   5.872849e-01   0.000000e+00  -3.691184e+00  -5.085363e+00   0.000000e+00
0     1.383988e+02   0.000000e+00   0.000000e+00   0.000000e+00   0.000000e+00   0.000000e+00   0.000000e+00
1     1.383988e+02  -9.998447e-01   5.030511e-04   0.000000e+00  -3.281176e-03  -6.283656e+00   0.000000e+00
0     1.384986e+02   0.000000e+00   0.000000e+00   0.000000e+00   0.000000e+00   0.000000e+00   0.000000e+00
1     1.384986e+02  -8.097836e-01  -5.864718e-01   0.000000e+00   3.685753e+00  -5.089127e+00   0.000000e+00
0     1.385984e+02   0.000000e+00   0.000000e+00   0.000000e+00   0.000000e+00   0.000000e+00   0.000000e+00
1     1.385984e+02  -3.113619e-01  -9.501217e-01   0.000000e+00   5.971291e+00  -1.956654e+00   0.000000e+00
0     1.387000e+02   0.000000e+00   0.000000e+00   0.000000e+00   0.000000e+00   0.000000e+00   0.000000e+00
1     1.387000e+02   3.160852e-01  -9.485375e-01   0.000000e+00   5.961466e+00   1.986827e+00   0.000000e+00
0     1.387998e+02   0.000000e+00   0.000000e+00   0.000000e+00   0.000000e+00   0.000000e+00   0.000000e+00
1     1.387998e+02   8.126796e-01  -5.823537e-01   0.000000e+00   3.660080e+00   5.108064e+00   0.000000e+00
0     1.388996e+02   0.000000e+00   0.000000e+00   0.000000e+00   0.000000e+00   0.000000e+00   0.000000e+00
1     1.388996e+02   9.997581e-01   5.621192e-03   0.000000e+00  -3.545323e-02   6.284001e+00   0.000000e+00
0     1.389994e+02   0.000000e+00   0.000000e+00   0.000000e+00   0.000000e+00   0.000000e+00   0.000000e+00
1     1.389994e+02   8.060530e-01   5.914535e-01   0.000000e+00  -3.717603e+00   5.066528e+00   0.000000e+00
0     1.390992e+02   0.000000e+00   0.000000e+00   0.000000e+00   0.000000e+00   0.000000e+00   0.000000e+00
1     1.390992e+02   3.053380e-01   9.520128e-01   0.000000e+00  -5.983773e+00   1.919349e+00   0.000000e+00
0     1.391990e+02   0.000000e+00   0.000000e+00   0.000000e+00   0.000000e+00   0.000000e+00   0.000000e+00
1     1.391990e+02  -3.116722e-01   9.499806e-01   0.000000e+00  -5.970871e+00  -1.958681e+00   0.000000e+00
0     1.392989e+02   0.000000e+00   0.000000e+00   0.000000e+00   0.000000e+00   0.000000e+00   0.000000e+00
1     1.392989e+02  -8.099860e-01   5.861520e-01   0.000000e+00  -3.684072e+00  -5.090523e+00   0.000000e+00
0     1.393987e+02   0.000000e+00   0.000000e+00   0.000000e+00   0.000000e+00   0.000000e+00   0.000000e+00
1     1.393987e+02  -9.998431e-01  -8.964061e-04   0.000000e+00   5.514217e-03  -6.283659e+00   0.000000e+00
0     1.394985e+02   0.000000e+00   0.000000e+00   0.000000e+00   0.000000e+00   0.000000e+00   0.000000e+00
1     1.394985e+02  -8.089601e-01  -5.876049e-01   0.000000e+00   3.692882e+00  -5.083961e+00   0.000000e+00
0     1.395983e+02   0.000000e+00   0.000000e+00   0.000000e+00   0.000000e+00   0.000000e+00   0.000000e+00
1     1.395983e+02  -3.100288e-01  -9.505560e-01   0.000000e+00   5.974034e+00  -1.948280e+00   0.000000e+00
0     1.396999e+02   0.000000e+00   0.000000e+00   0.000000e+00   0.000000e+00   0.000000e+00   0.000000e+00
1     1.396999e+02   3.174158e-01  -9.480915e-01   0.000000e+00   5.958676e+00   1.995194e+00   0.000000e+00
0     1.397997e+02   0.000000e+00   0.000000e+00   0.000000e+00   0.000000e+00   0.000000e+00   0.000000e+00
1     1.397997e+02   8.134958e-01  -5.812105e-01   0.000000e+00   3.652902e+00   5.113205e+00   0.000000e+00
0     1.398995e+02   0.000000e+00   0.000000e+00   0.000000e+00   0.000000e+00   0.000000e+00   0.000000e+00
1     1.398995e+02   9.997478e-01   7.027192e-03   0.000000e+00  -4.429046e-02   6.283949e+00   0.000000e+00
0     1.399993e+02   0.000000e+00   0.000000e+00   0.000000e+00   0.000000e+00   0.000000e+00   0.000000e+00
1     1.399993e+02   8.052185e-01   5.925868e-01   0.000000e+00  -3.724733e+00   5.061294e+00   0.000000e+00
0     1.400991e+02   0.000000e+00   0.000000e+00   0.000000e+00   0.000000e+00   0.000000e+00   0.000000e+00
1     1.400991e+02   3.039959e-01   9.524408e-01   0.000000e+00  -5.986476e+00   1.910918e+00   0.000000e+00
0     1.401990e+02   0.000000e+00   0.000000e+00   0.000000e+00   0.000000e+00   0.000000e+00   0.000000e+00
1     1.401990e+02  -3.130112e-01   9.495389e-01   0.000000e+00  -5.968107e+00  -1.967101e+00   0.000000e+00
0     1.402988e+02   0.000000e+00   0.000000e+00   0.000000e+00   0.000000e+00   0.000000e+00   0.000000e+00
1     1.402988e+02  -8.108114e-01   5.850073e-01   0.000000e+00  -3.676885e+00  -5.095722e+00   0.000000e+00
0     1.403986e+02   0.000000e+00   0.000000e+00   0.000000e+00   0.000000e+00   0.000000e+00   0.000000e+00
1     1.403986e+02  -9.998395e-01  -2.309011e-03   0.000000e+00   1.439228e-02  -6.283649e+00   0.000000e+00
0     1.404984e+02   0.000000e+00   0.000000e+00   0.000000e+00   0.000000e+00   0.000000e+00   0.000000e+00
1     1.404984e+02  -8.081272e-01  -5.887475e-01   0.000000e+00   3.700070e+00  -5.078737e+00   0.000000e+00
0     1.406000e+02   0.000000e+00   0.000000e+00   0.000000e+00   0.000000e+00   0.000000e+00   0.000000e+00
1     1.406000e+02  -2.981977e-01  -9.543319e-01   0.000000e+00   5.997779e+00  -1.873927e+00   0.000000e+00
0     1.406998e+02   0.000000e+00   0.000000e+00   0.000000e+00   0.000000e+00   0.000000e+00   0.000000e+00
1     1.406998e+02   3.187584e-01  -9.476394e-01   0.000000e+00   5.955848e+00   2.003637e+00   0.000000e+00
0     1.407996e+02   0.000000e+00   0.000000e+00   0.000000e+00   0.000000e+00   0.000000e+00   0.000000e+00
1     1.407996e+02   8.143182e-01  -5.800553e-01   0.000000e+00   3.645649e+00   5.118385e+00   0.000000e+00
0     1.408994e+02   0.000000e+00   0.000000e+00   0.000000e+00   0.000000e+00   0.000000e+00   0.000000e+00
1     1.408994e+02   9.997354e-01   8.446452e-03   0.000000e+00  -5.321106e-02   6.283884e+00   0.000000e+00
0     1.409992e+02   0.000000e+00   0.000000e+00   0.000000e+00   0.000000e+00   0.000000e+00   0.000000e+00
1     1.409992e+02   8.043745e-01   5.937296e-01   0.000000e+00  -3.731924e+00   5.056000e+00   0.000000e+00
0     1.410991e+02   0.000000e+00   0.000000e+00   0.000000e+00   0.000000e+00   0.000000e+00   0.000000e+00
1     1.410991e+02   3.026406e-01   9.528709e-01   0.000000e+00  -5.989191e+00   1.902403e+00   0.000000e+00
0     1.411989e+02   0.000000e+00   0.000000e+00   0.000000e+00   0.000000e+00   0.000000e+00   0.000000e+00
1     1.411989e+02  -3.143622e-01   9.490910e-01   0.000000e+00  -5.965305e+00  -1.975596e+00   0.000000e+00
0     1.412987e+02   0.000000e+00   0.000000e+00   0.000000e+00   0.000000e+00   0.000000e+00   0.000000e+00
1     1.412987e+02  -8.116431e-01   5.838507e-01   0.000000e+00  -3.669623e+00  -5.100959e+00   0.000000e+00
0     1.413985e+02   0.000000e+00   0.000000e+00   0.000000e+00   0.000000e+00   0.000000e+00   0.000000e+00
1     1.413985e+02  -9.998338e-01  -3.734860e-03   0.000000e+00   2.335361e-02  -6.283626e+00   0.000000e+00
0     1.414983e+02   0.000000e+00   0.000000e+00   0.000000e+00   0.000000e+00   0.000000e+00   0.000000e+00
1     1.414983e+02  -8.072849e-01  -5.898996e-01   0.000000e+00   3.707319e+00  -5.073454e+00   0.000000e+00
0     1.415999e+02   0.000000e+00   0.000000e+00   0.000000e+00   0.000000e+00   0.000000e+00   0.000000e+00
1     1.415999e+02  -2.968334e-01  -9.547556e-01   0.000000e+00   6.000455e+00  -1.865357e+00   0.000000e+00
0     1.416997e+02   0.000000e+00   0.000000e+00   0.000000e+00   0.000000e+00   0.000000e+00   0.000000e+00
1     1.416997e+02   3.201129e-01  -9.471812e-01   0.000000e+00   5.952981e+00   2.012154e+00   0.000000e+00
0     1.417995e+02   0.000000e+00   0.000000e+00   0.000000e+00   0.000000e+00   0.000000e+00   0.000000e+00
1     1.417995e+02   8.151465e-01  -5.788882e-01   0.000000e+00   3.638321e+00   5.123602e+00   0.000000e+00
0     1.418994e+02   0.000000e+00   0.000000e+00   0.000000e+00   0.000000e+00   0.000000e+00   0.000000e+00
1     1.418994e+02   9.997209e-01   9.878917e-03   0.000000e+00  -6.221470e-02   6.283806e+00   0.000000e+00
0     1.419992e+02   0.000000e+00   0.000000e+00   0.000000e+00   0.000000e+00   0.000000e+00   0.000000e+00
1     1.419992e+02   8.035211e-01   5.948817e-01   0.000000e+00  -3.739173e+00   5.050646e+00   0.000000e+00
0     1.420990e+02   0.000000e+00   0.000000e+00   0.000000e+00   0.000000e+00   0.000000e+00   0.000000e+00
1     1.420990e+02   3.012721e-01   9.533030e-01   0.000000e+00  -5.991920e+00   1.893805e+00   0.000000e+00
0     1.421988e+02   0.000000e+00   0.000000e+00   0.000000e+00   0.000000e+00   0.000000e+00   0.000000e+00
1     1.421988e+02  -3.157249e-01   9.486372e-01   0.000000e+00  -5.962464e+00  -1.984165e+00   0.000000e+00
0     1.422986e+02   0.000000e+00   0.000000e+00   0.000000e+00   0.000000e+00   0.000000e+00   0.000000e+00
1     1.422986e+02  -8.124806e-01   5.826823e-01   0.000000e+00  -3.662287e+00  -5.106233e+00   0.000000e+00
0     1.423984e+02   0.000000e+00   0.000000e+00   0.000000e+00   0.000000e+00   0.000000e+00   0.000000e+00
1     1.423984e+02  -9.998260e-01  -5.173800e-03   0.000000e+00   3.239726e-02  -6.283590e+00   0.000000e+00
0     1.424983e+02   0.000000e+00   0.000000e+00   0.000000e+00   0.000000e+00   0.000000e+00   0.000000e+00
1     1.424983e+02  -8.064331e-01  -5.910611e-01   0.000000e+00   3.714626e+00  -5.068112e+00   0.000000e+00
0     1.425998e+02   0.000000e+00   0.000000e+00   0.000000e+00   0.000000e+00   0.000000e+00   0.000000e+00
1     1.425998e+02  -2.954560e-01  -9.551813e-01   0.000000e+00   6.003143e+00  -1.856703e+00   0.000000e+00
0     1.426996e+02   0.000000e+00   0.000000e+00   0.000000e+00   0.000000e+00   0.000000e+00   0.000000e+00
1     1.426996e+02   3.214792e-01  -9.467168e-01   0.000000e+00   5.950075e+00   2.020746e+00   0.000000e+00
0     1.427995e+02   0.000000e+00   0.000000e+00   0.000000e+00   0.000000e+00   0.000000e+00   0.000000e+00
1     1.427995e+02   8.159808e-01  -5.777090e-01   0.000000e+00   3.630918e+00   5.128857e+00   0.000000e+00
0     1.428993e+02   0.000000e+00   0.000000e+00   0.000000e+00   0.000000e+00   0.000000e+00   0.000000e+00
1     1.428993e+02   9.997041e-01   1.132460e-02   0.000000e+00  -7.130146e-02   6.283714e+00   0.000000e+00
0     1.429991e+02   0.000000e+00   0.000000e+00   0.000000e+00   0.000000e+00   0.000000e+00   0.000000e+00
1     1.429991e+02   8.026581e-01   5.960433e-01   0.000000e+00  -3.746482e+00   5.045232e+00   0.000000e+00
0     1.430989e+02   0.000000e+00   0.000000e+00   0.000000e+00   0.000000e+00   0.000000e+00   0.000000e+00
1     1.430989e+02   2.998903e-01   9.537372e-01   0.000000e+00  -5.994661e+00   1.885124e+00   0.000000e+00
0     1.431987e+02   0.000000e+00   0.000000e+00   0.000000e+00   0.000000e+00   0.000000e+00   0.000000e+00
1     1.431987e+02  -3.170997e-01   9.481771e-01   0.000000e+00  -5.959585e+00  -1.992810e+00   0.000000e+00
0     1.432985e+02   0.000000e+00   0.000000e+00   0.000000e+00   0.000000e+00   0.000000e+00   0.000000e+00
1     1.432985e+02  -8.133243e-01   5.815018e-01   0.000000e+00  -3.654875e+00  -5.111546e+00   0.000000e+00
0     1.433984e+02   0.000000e+00   0.000000e+00   0.000000e+00   0.000000e+00   0.000000e+00   0.000000e+00
1     1.433984e+02  -9.998161e-01  -6.625966e-03   0.000000e+00   4.152407e-02  -6.283541e+00   0.000000e+00
0     1.434999e+02   0.000000e+00   0.000000e+00   0.000000e+00   0.000000e+00   0.000000e+00   0.000000e+00
1     1.434999e+02  -7.990054e-01  -6.010616e-01   0.000000e+00   3.777486e+00  -5.021440e+00   0.000000e+00
0     1.435997e+02   0.000000e+00   0.000000e+00   0.000000e+00   0.000000e+00   0.000000e+00   0.000000e+00
1     1.435997e+02  -2.940653e-01  -9.556088e-01   0.000000e+00   6.005843e+00  -1.847967e+00   0.000000e+00
0     1.436996e+02   0.000000e+00   0.000000e+00   0.000000e+00   0.000000e+00   0.000000e+00   0.000000e+00
1     1.436996e+02   3.228573e-01  -9.462462e-01   0.000000e+00   5.947129e+00   2.029412e+00   0.000000e+00
0     1.437994e+02   0.000000e+00   0.000000e+00   0.000000e+00   0.000000e+00   0.000000e+00   0.000000e+00
1     1.437994e+02   8.168210e-01  -5.765180e-01   0.000000e+00   3.623439e+00   5.134149e+00   0.000000e+00
0     1.438992e+02   0.000000e+00   0.000000e+00   0.000000e+00   0.000000e+00   0.000000e+00   0.000000e+00
1     1.438992e+02   9.996851e-01   1.278345e-02   0.000000e+00  -8.047099e-02   6.283608e+00   0.000000e+00
0     1.439990e+02   0.000000e+00   0.000000e+00   0.000000e+00   0.000000e+00   0.000000e+00   0.000000e+00
1     1.439990e+02   8.017855e-01   5.972143e-01   0.000000e+00  -3.753850e+00   5.039758e+00   0.000000e+00
0     1.440988e+02   0.000000e+00   0.000000e+00   0.000000e+00   0.000000e+00   0.000000e+00   0.000000e+00
1     1.440988e+02   2.984953e-01   9.541733e-01   0.000000e+00  -5.997414e+00   1.876360e+00   0.000000e+00
0     1.441986e+02   0.000000e+00   0.000000e+00   0.000000e+00   0.000000e+00   0.000000e+00   0.000000e+00
1     1.441986e+02  -3.184863e-01   9.477109e-01   0.000000e+00  -5.956666e+00  -2.001529e+00   0.000000e+00
0     1.442985e+02   0.000000e+00   0.000000e+00   0.000000e+00   0.000000e+00   0.000000e+00   0.000000e+00
1     1.442985e+02  -8.141739e-01   5.803094e-01   0.000000e+00  -3.647388e+00  -5.116896e+00   0.000000e+00
0     1.443983e+02   0.000000e+00   0.000000e+00   0.000000e+00   0.000000e+00   0.000000e+00   0.000000e+00
1     1.443983e+02  -9.998040e-01  -8.091327e-03   0.000000e+00   5.073385e-02  -6.283477e+00   0.000000e+00
0     1.444999e+02   0.000000e+00   0.000000e+00   0.000000e+00   0.000000e+00   0.000000e+00   0.000000e+00
1     1.444999e+02  -7.981217e-01  -6.022322e-01   0.000000e+00   3.784852e+00  -5.015897e+00   0.000000e+00
0     1.445997e+02   0.000000e+00   0.000000e+00   0.000000e+00   0.000000e+00   0.000000e+00   0.000000e+00
1     1.445997e+02  -2.926615e-01  -9.560382e-01   0.000000e+00   6.008554e+00  -1.839148e+00   0.000000e+00
0     1.446995e+02   0.000000e+00   0.000000e+00   0.000000e+00   0.000000e+00   0.000000e+00   0.000000e+00
1     1.446995e+02   3.242472e-01  -9.457693e-01   0.000000e+00   5.944145e+00   2.038152e+00   0.000000e+00
0     1.447993e+02   0.000000e+00   0.000000e+00   0.000000e+00   0.000000e+00   0.000000e+00   0.000000e+00
1     1.447993e+02   8.176671e-01  -5.753148e-01   0.000000e+00   3.615885e+00   5.139477e+00   0.000000e+00
0     1.448991e+02   0.000000e+00   0.000000e+00   0.000000e+00   0.000000e+00   0.000000e+00   0.000000e+00
1     1.448991e+02   9.996638e-01   1.425547e-02   0.000000e+00  -8.972338e-02   6.283487e+00   0.000000e+00
0     1.449989e+02   0.000000e+00   0.000000e+00   0.000000e+00   0.000000e+00   0.000000e+00   0.000000e+00
1     1.449989e+02   8.009033e-01   5.983945e-01   0.000000e+00  -3.761276e+00   5.034224e+00   0.000000e+00
0     1.450988e+02   0.000000e+00   0.000000e+00   0.000000e+00   0.000000e+00   0.000000e+00   0.000000e+00
1     1.450988e+02   2.970870e-01   9.546113e-01   0.000000e+00  -6.000179e+00   1.867512e+00   0.000000e+00
0     1.451986e+02   0.000000e+00   0.000000e+00   0.000000e+00   0.000000e+00   0.000000e+00   0.000000e+00
1     1.451986e+02  -3.198847e-01   9.472384e-01   0.000000e+00  -5.953709e+00  -2.010322e+00   0.000000e+00
0     1.452984e+02   0.000000e+00   0.000000e+00   0.000000e+00   0.000000e+00   0.000000e+00   0.000000e+00
1     1.452984e+02  -8.150294e-01   5.791049e-01   0.000000e+00  -3.639825e+00  -5.122283e+00   0.000000e+00
0     1.454000e+02   0.000000e+00   0.000000e+00   0.000000e+00   0.000000e+00   0.000000e+00   0.000000e+00
1     1.454000e+02  -9.996239e-01  -2.057238e-02   0.000000e+00   1.291767e-01  -6.282357e+00   0.000000e+00
0     1.454998e+02   0.000000e+00   0.000000e+00   0.000000e+00   0.000000e+00   0.000000e+00   0.000000e+00
1     1.454998e+02  -7.972283e-01  -6.034121e-01   0.000000e+00   3.792275e+00  -5.010292e+00   0.000000e+00
0     1.455996e+02   0.000000e+00   0.000000e+00   0.000000e+00   0.000000e+00   0.000000e+00   0.000000e+00
1     1.455996e+02  -2.912443e-01  -9.564694e-01   0.000000e+00   6.011277e+00  -1.830245e+00   0.000000e+00
0     1.456994e+02   0.000000e+00   0.000000e+00   0.000000e+00   0.000000e+00   0.000000e+00   0.000000e+00
1     1.456994e+02   3.256489e-01  -9.452861e-01   0.000000e+00   5.941120e+00   2.046966e+00   0.000000e+00
0     1.457992e+02   0.000000e+00   0.000000e+00   0.000000e+00   0.000000e+00   0.000000e+00   0.000000e+00
1     1.457992e+02   8.185190e-01  -5.740997e-01   0.000000e+00   3.608255e+00   5.144843e+00   0.000000e+00
0     1.458990e+02   0.000000e+00   0.000000e+00   0.000000e+00   0.000000e+00   0.000000e+00   0.000000e+00
1     1.458990e+02   9.996401e-01   1.574068e-02   0.000000e+00  -9.905870e-02   6.283351e+00   0.000000e+00
0     1.459989e+02   0.000000e+00   0.000000e+00   0.000000e+00   0.000000e+00   0.000000e+00   0.000000e+00
1     1.459989e+02   8.000114e-01   5.995841e-01   0.000000e+00  -3.768760e+00   5.028628e+00   0.000000e+00
0     1.460987e+02   0.000000e+00   0.000000e+00   0.000000e+00   0.000000e+00   0.000000e+00   0.000000e+00
1     1.460987e+02   2.956654e-01   9.550512e-01   0.000000e+00  -6.002956e+00   1.858581e+00   0.000000e+00
0     1.461985e+02   0.000000e+00   0.000000e+00   0.000000e+00   0.000000e+00   0.000000e+00   0.000000e+00
1     1.461985e+02  -3.212950e-01   9.467595e-01   0.000000e+00  -5.950711e+00  -2.019190e+00   0.000000e+00
0     1.462983e+02   0.000000e+00   0.000000e+00   0.000000e+00   0.000000e+00   0.000000e+00   0.000000e+00
1     1.462983e+02  -8.158908e-01   5.778883e-01   0.000000e+00  -3.632186e+00  -5.127708e+00   0.000000e+00
0     1.463999e+02   0.000000e+00   0.000000e+00   0.000000e+00   0.000000e+00   0.000000e+00   0.000000e+00
1     1.463999e+02  -9.995907e-01  -2.206397e-02   0.000000e+00   1.385515e-01  -6.282161e+00   0.000000e+00
0     1.464997e+02   0.000000e+00   0.000000e+00   0.000000e+00   0.000000e+00   0.000000e+00   0.000000e+00
1     1.464997e+02  -7.963251e-01  -6.046012e-01   0.000000e+00   3.799757e+00  -5.004626e+00   0.000000e+00
0     1.465995e+02   0.000000e+00   0.000000e+00   0.000000e+00   0.000000e+00   0.000000e+00   0.000000e+00
1     1.465995e+02  -2.898138e-01  -9.569023e-01   0.000000e+00   6.014011e+00  -1.821258e+00   0.000000e+00
0     1.466993e+02   0.000000e+00   0.000000e+00   0.000000e+00   0.000000e+00   0.000000e+00   0.000000e+00
1     1.466993e+02   3.270623e-01  -9.447964e-01   0.000000e+00   5.938055e+00   2.055854e+00   0.000000e+00
0     1.467991e+02   0.000000e+00   0.000000e+00   0.000000e+00   0.000000e+00   0.000000e+00   0.000000e+00
1     1.467991e+02   8.193767e-01  -5.728724e-01   0.000000e+00   3.600549e+00   5.150244e+00   0.000000e+00
0     1.468990e+02   0.000000e+00   0.000000e+00   0.000000e+00   0.000000e+00   0.000000e+00   0.000000e+00
1     1.468990e+02   9.996140e-01   1.723902e-02   0.000000e+00  -1.084766e-01   6.283200e+00   0.000000e+00
0     1.469988e+02   0.000000e+00   0.000000e+00   0.000000e+00   0.000000e+00   0.000000e+00   0.000000e+00
1     1.469988e+02   7.991099e-01   6.007828e-01   0.000000e+00  -3.776303e+00   5.022972e+00   0.000000e+00
0     1.470986e+02   0.000000e+00   0.000000e+00   0.000000e+00   0.000000e+00   0.000000e+00   0.000000e+00
1     1.470986e+02   2.942306e-01   9.554928e-01   0.000000e+00  -6.005744e+00   1.849566e+00   0.000000e+00
0     1.471984e+02   0.000000e+00   0.000000e+00   0.000000e+00   0.000000e+00   0.000000e+00   0.000000e+00
1     1.471984e+02  -3.227171e-01   9.462744e-01   0.000000e+00  -5.947673e+00  -2.028132e+00   0.000000e+00
0     1.473000e+02   0.000000e+00   0.000000e+00   0.000000e+00   0.000000e+00   0.000000e+00   0.000000e+00
1     1.473000e+02  -8.230555e-01   5.676359e-01   0.000000e+00  -3.567755e+00  -5.172747e+00   0.000000e+00
0     1.473998e+02   0.000000e+00   0.000000e+00   0.000000e+00   0.000000e+00   0.000000e+00   0.000000e+00
1     1.473998e+02  -9.995550e-01  -2.356870e-02   0.000000e+00   1.480089e-01  -6.281950e+00   0.000000e+00
0     1.474996e+02   0.000000e+00   0.000000e+00   0.000000e+00   0.000000e+00   0.000000e+00   0.000000e+00
1     1.474996e+02  -7.954121e-01  -6.057995e-01   0.000000e+00   3.807296e+00  -4.998898e+00   0.000000e+00
0     1.475994e+02   0.000000e+00   0.000000e+00   0.000000e+00   0.000000e+00   0.000000e+00   0.000000e+00
1     1.475994e+02  -2.883700e-01  -9.573369e-01   0.000000e+00   6.016755e+00  -1.812188e+00   0.000000e+00
0     1.476992e+02   0.000000e+00   0.000000e+00   0.000000e+00   0.000000e+00   0.000000e+00   0.000000e+00
1     1.476992e+02   3.284876e-01  -9.443003e-01   0.000000e+00   5.934950e+00   2.064816e+00   0.000000e+00
0     1.477991e+02   0.000000e+00   0.000000e+00   0.000000e+00   0.000000e+00   0.000000e+00   0.000000e+00
1     1.477991e+02   8.202400e-01  -5.716331e-01   0.000000e+00   3.592767e+00   5.155682e+00   0.000000e+00
0     1.478989e+02   0.000000e+00   0.000000e+00   0.000000e+00   0.000000e+00   0.000000e+00   0.000000e+00
1     1.478989e+02   9.995854e-01   1.875054e-02   0.000000e+00  -1.179774e-01   6.283034e+00   0.000000e+00
0     1.479987e+02   0.000000e+00   0.000000e+00   0.000000e+00   0.000000e+00   0.000000e+00   0.000000e+00
1     1.479987e+02   7.981986e-01   6.019907e-01   0.000000e+00  -3.783903e+00   5.017255e+00   0.000000e+00
0     1.480985e+02   0.000000e+00   0.000000e+00   0.000000e+00   0.000000e+00   0.000000e+00   0.000000e+00
1     1.480985e+02   2.927825e-01   9.559361e-01   0.000000e+00  -6.008543e+00   1.840469e+00   0.000000e+00
0     1.481983e+02   0.000000e+00   0.000000e+00   0.000000e+00   0.000000e+00   0.000000e+00   0.000000e+00
1     1.481983e+02  -3.241508e-01   9.457828e-01   0.000000e+00  -5.944596e+00  -2.037148e+00   0.000000e+00
0     1.482999e+02   0.000000e+00   0.000000e+00   0.000000e+00   0.000000e+00   0.000000e+00   0.000000e+00
1     1.482999e+02  -8.239147e-01   5.663857e-01   0.000000e+00  -3.559904e+00  -5.178157e+00   0.000000e+00
0     1.483997e+02   0.000000e+00   0.000000e+00   0.000000e+00   0.000000e+00   0.000000e+00   0.000000e+00
1     1.483997e+02  -9.995167e-01  -2.508657e-02   0.000000e+00   1.575490e-01  -6.281722e+00   0.000000e+00
0     1.484995e+02   0.000000e+00   0.000000e+00   0.000000e+00   0.000000e+00   0.000000e+00   0.000000e+00
1     1.484995e+02  -7.944893e-01  -6.070070e-01   0.000000e+00   3.814892e+00  -4.993109e+00   0.000000e+00
0     1.485994e+02   0.000000e+00   0.000000e+00   0.000000e+00   0.000000e+00   0.000000e+00   0.000000e+00
1     1.485994e+02  -2.869129e-01  -9.577731e-01   0.000000e+00   6.019509e+00  -1.803034e+00   0.000000e+00
0     1.486992e+02   0.000000e+00   0.000000e+00   0.000000e+00   0.000000e+00   0.000000e+00   0.000000e+00
1     1.486992e+02   3.299246e-01  -9.437977e-01   0.000000e+00   5.931803e+00   2.073853e+00   0.000000e+00
0     1.487990e+02   0.000000e+00   0.000000e+00   0.000000e+00   0.000000e+00   0.000000e+00   0.000000e+00
1     1.487990e+02   8.211091e-01  -5.703815e-01   0.000000e+00   3.584908e+00   5.161155e+00   0.000000e+00
0     1.488988e+02   0.000000e+00   0.000000e+00   0.000000e+00   0.000000e+00   0.000000e+00   0.000000e+00
1     1.488988e+02   9.995542e-01   2.027526e-02   0.000000e+00  -1.275612e-01   6.282851e+00   0.000000e+00
0     1.489986e+02   0.000000e+00   0.000000e+00   0.000000e+00   0.000000e+00   0.000000e+00   0.000000e+00
1     1.489986e+02   7.972775e-01   6.032078e-01   0.000000e+00  -3.791561e+00   5.011476e+00   0.000000e+00
0     1.490984e+02   0.000000e+00   0.000000e+00   0.000000e+00   0.000000e+00   0.000000e+00   0.000000e+00
1     1.490984e+02   2.913211e-01   9.563811e-01   0.000000e+00  -6.011352e+00   1.831287e+00   0.000000e+00
0     1.491983e+02   0.000000e+00   0.000000e+00   0.000000e+00   0.000000e+00   0.000000e+00   0.000000e+00
1     1.491983e+02  -3.255963e-01   9.452847e-01   0.000000e+00  -5.941477e+00  -2.046237e+00   0.000000e+00
0     1.492998e+02   0.000000e+00   0.000000e+00   0.000000e+00   0.000000e+00   0.000000e+00   0.000000e+00
1     1.492998e+02  -8.247795e-01   5.651233e-01   0.000000e+00  -3.551977e+00  -5.183603e+00   0.000000e+00
0     1.493996e+02   0.000000e+00   0.000000e+00   0.000000e+00   0.000000e+00   0.000000e+00   0.000000e+00
1     1.493996e+02  -9.994758e-01  -2.661758e-02   0.000000e+00   1.671718e-01  -6.281477e+00   0.000000e+00
0     1.494995e+02   0.000000e+00   0.000000e+00   0.000000e+00   0.000000e+00   0.000000e+00   0.000000e+00
1     1.494995e+02  -7.935567e-01  -6.082235e-01   0.000000e+00   3.822546e+00  -4.987258e+00   0.000000e+00
0     1.495993e+02   0.000000e+00   0.000000e+00   0.000000e+00   0.000000e+00   0.000000e+00   0.000000e+00
1     1.495993e+02  -2.854425e-01  -9.582109e-01   0.000000e+00   6.022273e+00  -1.793796e+00   0.000000e+00
0     1.496991e+02   0.000000e+00   0.000000e+00   0.000000e+00   0.000000e+00   0.000000e+00   0.000000e+00
1     1.496991e+02   3.313733e-01  -9.432885e-01   0.000000e+00   5.928616e+00   2.082962e+00   0.000000e+00
0     1.497989e+02   0.000000e+00   0.000000e+00   0.000000e+00   0.000000e+00   0.000000e+00   0.000000e+00
1     1.497989e+02   8.219838e-01  -5.691177e-01   0.000000e+00   3.576973e+00   5.166664e+00   0.000000e+00
0     1.498987e+02   0.000000e+00   0.000000e+00   0.000000e+00   0.000000e+00   0.000000e+00   0.000000e+00
1     1.498987e+02   9.995204e-01   2.181316e-02   0.000000e+00  -1.372278e-01   6.282652e+00   0.000000e+00
0     1.499985e+02   0.000000e+00   0.000000e+00   0.000000e+00   0.000000e+00   0.000000e+00   0.000000e+00
1     1.499985e+02   7.963466e-01   6.044340e-01   0.000000e+00  -3.799276e+00   5.005635e+00   0.000000e+00
0     1.500984e+02   0.000000e+00   0.000000e+00   0.000000e+00   0.000000e+00   0.000000e+00   0.000000e+00
1     1.500984e+02   2.898464e-01   9.568276e-01   0.000000e+00  -6.014171e+00   1.822021e+00   0.000000e+00
0     1.501999e+02   0.000000e+00   0.000000e+00   0.000000e+00   0.000000e+00   0.000000e+00   0.000000e+00
1     1.501999e+02  -3.374326e-01   9.411236e-01   0.000000e+00  -5.915333e+00  -2.120635e+00   0.000000e+00
0     1.502997e+02   0.000000e+00   0.000000e+00   0.000000e+00   0.000000e+00   0.000000e+00   0.000000e+00
1     1.502997e+02  -8.256498e-01   5.638486e-01   0.000000e+00  -3.543973e+00  -5.189084e+00   0.000000e+00
0     1.503996e+02   0.000000e+00   0.000000e+00   0.000000e+00   0.000000e+00   0.000000e+00   0.000000e+00
1     1.503996e+02  -9.994321e-01  -2.816171e-02   0.000000e+00   1.768769e-01  -6.281216e+00   0.000000e+00
0     1.504994e+02   0.000000e+00   0.000000e+00   0.000000e+00   0.000000e+00   0.000000e+00   0.000000e+00
1     1.504994e+02  -7.926141e-01  -6.094490e-01   0.000000e+00   3.830256e+00  -4.981344e+00   0.000000e+00
0     1.505992e+02   0.000000e+00   0.000000e+00   0.000000e+00   0.000000e+00   0.000000e+00   0.000000e+00
1     1.505992e+02  -2.839587e-01  -9.586501e-01   0.000000e+00   6.025047e+00  -1.784474e+00   0.000000e+00
0     1.506990e+02   0.000000e+00   0.000000e+00   0.000000e+00   0.000000e+00   0.000000e+00   0.000000e+00
1     1.506990e+02   3.328337e-01  -9.427726e-01   0.000000e+00   5.925386e+00   2.092146e+00   0.000000e+00
0     1.507988e+02   0.000000e+00   0.000000e+00   0.000000e+00   0.000000e+00   0.000000e+00   0.000000e+00
1     1.507988e+02   8.228640e-01  -5.678417e-01   0.000000e+00   3.568960e+00   5.172208e+00   0.000000e+00
0     1.508986e+02   0.000000e+00   0.000000e+00   0.000000e+00   0.000000e+00   0.000000e+00   0.000000e+00
1     1.508986e+02   9.994839e-01   2.336424e-02   0.000000e+00  -1.469774e-01   6.282436e+00   0.000000e+00
0     1.509985e+02   0.000000e+00   0.000000e+00   0.000000e+00   0.000000e+00   0.000000e+00   0.000000e+00
1     1.509985e+02   7.954057e-01   6.056694e-01   0.000000e+00  -3.807048e+00   4.999731e+00   0.000000e+00
0     1.510983e+02   0.000000e+00   0.000000e+00   0.000000e+00   0.000000e+00   0.000000e+00   0.000000e+00
1     1.510983e+02   2.883583e-01   9.572757e-01   0.000000e+00  -6.017000e+00   1.812672e+00   0.000000e+00
0     1.511999e+02   0.000000e+00   0.000000e+00   0.000000e+00   0.000000e+00   0.000000e+00   0.000000e+00
1     1.511999e+02  -3.388959e-01   9.405962e-01   0.000000e+00  -5.912030e+00  -2.129836e+00   0.000000e+00
0     1.512997e+02   0.000000e+00   0.000000e+00   0.000000e+00   0.000000e+00   0.000000e+00   0.000000e+00
1     1.512997e+02  -8.265256e-01   5.625617e-01   0.000000e+00  -3.535891e+00  -5.194599e+00   0.000000e+00
0     1.513995e+02   0.000000e+00   0.000000e+00   0.000000e+00   0.000000e+00   0.000000e+00   0.000000e+00
1     1.513995e+02  -9.993856e-01  -2.971899e-02   0.000000e+00   1.866648e-01  -6.280937e+00   0.000000e+00
0     1.514993e+02   0.000000e+00   0.000000e+00   0.000000e+00   0.000000e+00   0.000000e+00   0.000000e+00
1     1.514993e+02  -7.916616e-01  -6.106835e-01   0.000000e+00   3.838023e+00  -4.975368e+00   0.000000e+00
0     1.515991e+02   0.000000e+00   0.000000e+00   0.000000e+00   0.000000e+00   0.000000e+00   0.000000e+00
1     1.515991e+02  -2.824616e-01  -9.590908e-01   0.000000e+00   6.027830e+00  -1.775068e+00   0.000000e+00
0     1.516989e+02   0.000000e+00   0.000000e+00   0.000000e+00   0.000000e+00   0.000000e+00   0.000000e+00
1     1.516989e+02   3.343057e-01  -9.422501e-01   0.000000e+00   5.922115e+00   2.101402e+00   0.000000e+00
0     1.517988e+02   0.000000e+00   0.000000e+00   0.000000e+00   0.000000e+00   0.000000e+00   0.000000e+00
1     1.517988e+02   8.237498e-01  -5.665534e-01   0.000000e+00   3.560871e+00   5.177786e+00   0.000000e+00
0     1.518986e+02   0.000000e+00   0.000000e+00   0.000000e+00   0.000000e+00   0.000000e+00   0.000000e+00
1     1.518986e+02   9.994447e-01   2.492849e-02   0.000000e+00  -1.568097e-01   6.282203e+00   0.000000e+00
0     1.519984e+02   0.000000e+00   0.000000e+00   0.000000e+00   0.000000e+00   0.000000e+00   0.000000e+00
1     1.519984e+02   7.944549e-01   6.069137e-01   0.000000e+00  -3.814878e+00   4.993765e+00   0.000000e+00
0     1.521000e+02   0.000000e+00   0.000000e+00   0.000000e+00   0.000000e+00   0.000000e+00   0.000000e+00
1     1.521000e+02   2.762978e-01   9.608251e-01   0.000000e+00  -6.039319e+00   1.736869e+00   0.000000e+00
0     1.521998e+02   0.000000e+00   0.000000e+00   0.000000e+00   0.000000e+00   0.000000e+00   0.000000e+00
1     1.521998e+02  -3.403708e-01   9.400621e-01   0.000000e+00  -5.908685e+00  -2.139111e+00   0.000000e+00
0     1.522996e+02   0.000000e+00   0.000000e+00   0.000000e+00   0.000000e+00   0.000000e+00   0.000000e+00
1     1.522996e+02  -8.274068e-01   5.612624e-01   0.000000e+00  -3.527732e+00  -5.200148e+00   0.000000e+00
0     1.523994e+02   0.000000e+00   0.000000e+00   0.000000e+00   0.000000e+00   0.000000e+00   0.000000e+00
1     1.523994e+02  -9.993363e-01  -3.128942e-02   0.000000e+00   1.965354e-01  -6.280640e+00   0.000000e+00
0     1.524992e+02   0.000000e+00   0.000000e+00   0.000000e+00   0.000000e+00   0.000000e+00   0.000000e+00
1     1.524992e+02  -7.906990e-01  -6.119270e-01   0.000000e+00   3.845847e+00  -4.969329e+00   0.000000e+00
0     1.525990e+02   0.000000e+00   0.000000e+00   0.000000e+00   0.000000e+00   0.000000e+00   0.000000e+00
1     1.525990e+02  -2.809511e-01  -9.595329e-01   0.000000e+00   6.030621e+00  -1.765578e+00   0.000000e+00
0     1.526989e+02   0.000000e+00   0.000000e+00   0.000000e+00   0.000000e+00   0.000000e+00   0.000000e+00
1     1.526989e+02   3.357893e-01  -9.417209e-01   0.000000e+00   5.918801e+00   2.110731e+00   0.000000e+00
0     1.527987e+02   0.000000e+00   0.000000e+00   0.000000e+00   0.000000e+00   0.000000e+00   0.000000e+00
1     1.527987e+02   8.246410e-01  -5.652529e-01   0.000000e+00   3.552704e+00   5.183399e+00   0.000000e+00
0     1.528985e+02   0.000000e+00   0.000000e+00   0.000000e+00   0.000000e+00   0.000000e+00   0.000000e+00
1     1.528985e+02   9.994027e-01   2.650587e-02   0.000000e+00  -1.667246e-01   6.281952e+00   0.000000e+00
0     1.529983e+02   0.000000e+00   0.000000e+00   0.000000e+00   0.000000e+00   0.000000e+00   0.000000e+00
1     1.529983e+02   7.934941e-01   6.081671e-01   0.000000e+00  -3.822764e+00   4.987736e+00   0.000000e+00
0     1.530999e+02   0.000000e+00   0.000000e+00   0.000000e+00   0.000000e+00   0.000000e+00   0.000000e+00
1     1.530999e+02   2.747780e-01   9.612594e-01   0.000000e+00  -6.042061e+00   1.727321e+00   0.000000e+00
0     1.531997e+02   0.000000e+00   0.000000e+00   0.000000e+00   0.000000e+00   0.000000e+00   0.000000e+00
1     1.531997e+02  -3.418573e-01   9.395211e-01   0.000000e+00  -5.905297e+00  -2.148458e+00   0.000000e+00
0     1.532995e+02   0.000000e+00   0.000000e+00   0.000000e+00   0.000000e+00   0.000000e+00   0.000000e+00
1     1.532995e+02  -8.282934e-01   5.599507e-01   0.000000e+00  -3.519496e+00  -5.205731e+00   0.000000e+00
0     1.533993e+02   0.000000e+00   0.000000e+00   0.000000e+00   0.000000e+00   0.000000e+00   0.000000e+00
1     1.533993e+02  -9.992841e-01  -3.287300e-02   0.000000e+00   2.064887e-01  -6.280325e+00   0.000000e+00
0     1.534991e+02   0.000000e+00   0.000000e+00   0.000000e+00   0.000000e+00   0.000000e+00   0.000000e+00
1     1.534991e+02  -7.897264e-01  -6.131794e-01   0.000000e+00   3.853726e+00  -4.963226e+00   0.000000e+00
0     1.535990e+02   0.000000e+00   0.000000e+00   0.000000e+00   0.000000e+00   0.000000e+00   0.000000e+00
1     1.535990e+02  -2.794272e-01  -9.599763e-01   0.000000e+00   6.033420e+00  -1.756004e+00   0.000000e+00
0     1.536988e+02   0.000000e+00   0.000000e+00   0.000000e+00   0.000000e+00   0.000000e+00   0.000000e+00
1     1.536988e+02   3.372845e-01  -9.411848e-01   0.000000e+00   5.915445e+00   2.120134e+00   0.000000e+00
0     1.537986e+02   0.000000e+00   0.000000e+00   0.000000e+00   0.000000e+00   0.000000e+00   0.000000e+00
1     1.537986e+02   8.255375e-01  -5.639401e-01   0.000000e+00   3.544460e+00   5.189045e+00   0.000000e+00
0     1.538984e+02   0.000000e+00   0.000000e+00   0.000000e+00   0.000000e+00   0.000000e+00   0.000000e+00
1     1.538984e+02   9.993578e-01   2.809635e-02   0.000000e+00  -1.767219e-01   6.281683e+00   0.000000e+00
0     1.540000e+02   0.000000e+00   0.000000e+00   0.000000e+00   0.000000e+00   0.000000e+00   0.000000e+00
1     1.540000e+02   7.857671e-01   6.181161e-01   0.000000e+00  -3.885306e+00   4.939178e+00   0.000000e+00
0     1.540998e+02   0.000000e+00   0.000000e+00   0.000000e+00   0.000000e+00   0.000000e+00   0.000000e+00
1     1.540998e+02   2.732449e-01   9.616949e-01   0.000000e+00  -6.044811e+00   1.717687e+00   0.000000e+00
0     1.541996e+02   0.000000e+00   0.000000e+00   0.000000e+00   0.000000e+00   0.000000e+00   0.000000e+00
1     1.541996e+02  -3.433554e-01   9.389733e-01   0.000000e+00  -5.901865e+00  -2.157879e+00   0.000000e+00
0     1.542994e+02   0.000000e+00   0.000000e+00   0.000000e+00   0.000000e+00   0.000000e+00   0.000000e+00
1     1.542994e+02  -8.291854e-01   5.586267e-01   0.000000e+00  -3.511181e+00  -5.211347e+00   0.000000e+00
0     1.543992e+02   0.000000e+00   0.000000e+00   0.000000e+00   0.000000e+00   0.000000e+00   0.000000e+00
1     1.543992e+02  -9.992290e-01  -3.446973e-02   0.000000e+00   2.165247e-01  -6.279991e+00   0.000000e+00
0     1.544991e+02   0.000000e+00   0.000000e+00   0.000000e+00   0.000000e+00   0.000000e+00   0.000000e+00
1     1.544991e+02  -7.887436e-01  -6.144408e-01   0.000000e+00   3.861662e+00  -4.957060e+00   0.000000e+00
0     1.545989e+02   0.000000e+00   0.000000e+00   0.000000e+00   0.000000e+00   0.000000e+00   0.000000e+00
1     1.545989e+02  -2.778899e-01  -9.604209e-01   0.000000e+00   6.036228e+00  -1.746346e+00   0.000000e+00
0     1.546987e+02   0.000000e+00   0.000000e+00   0.000000e+00   0.000000e+00   0.000000e+00   0.000000e+00
1     1.546987e+02   3.387914e-01  -9.406420e-01   0.000000e+00   5.912045e+00   2.129609e+00   0.000000e+00
0     1.547985e+02   0.000000e+00   0.000000e+00   0.000000e+00   0.000000e+00   0.000000e+00   0.000000e+00
1     1.547985e+02   8.264395e-01  -5.626150e-01   0.000000e+00   3.536139e+00   5.194725e+00   0.000000e+00
0     1.548983e+02   0.000000e+00   0.000000e+00   0.000000e+00   0.000000e+00   0.000000e+00   0.000000e+00
1     1.548983e+02   9.993100e-01   2.969996e-02   0.000000e+00  -1.868018e-01   6.281396e+00   0.000000e+00
0     1.549999e+02   0.000000e+00   0.000000e+00   0.000000e+00   0.000000e+00   0.000000e+00   0.000000e+00
1     1.549999e+02   7.847722e-01   6.193765e-01   0.000000e+00  -3.893236e+00   4.932935e+00   0.000000e+00
0     1.550997e+02   0.000000e+00   0.000000e+00   0.000000e+00   0.000000e+00   0.000000e+00   0.000000e+00
1     1.550997e+02   2.716983e-01   9.621316e-01   0.000000e+00  -6.047568e+00   1.707970e+00   0.000000e+00
0     1.551995e+02   0.000000e+00   0.000000e+00   0.000000e+00   0.000000e+00   0.000000e+00   0.000000e+00
1     1.551995e+02  -3.448650e-01   9.384185e-01   0.000000e+00  -5.898390e+00  -2.167371e+00   0.000000e+00
0     1.552994e+02   0.000000e+00   0.000000e+00   0.000000e+00   0.000000e+00   0.000000e+00   0.000000e+00
1     1.552994e+02  -8.300825e-01   5.572904e-01   0.000000e+00  -3.502789e+00  -5.216997e+00   0.000000e+00
0     1.553992e+02   0.000000e+00   0.000000e+00   0.000000e+00   0.000000e+00   0.000000e+00   0.000000e+00
1     1.553992e+02  -9.991708e-01  -3.607957e-02   0.000000e+00   2.266430e-01  -6.279638e+00   0.000000e+00
0     1.554990e+02   0.000000e+00   0.000000e+00   0.000000e+00   0.000000e+00   0.000000e+00   0.000000e+00
1     1.554990e+02  -7.877507e-01  -6.157109e-01   0.000000e+00   3.869653e+00  -4.950830e+00   0.000000e+00
0     1.555988e+02   0.000000e+00   0.000000e+00   0.000000e+00   0.000000e+00   0.000000e+00   0.000000e+00
1     1.555988e+02  -2.763392e-01  -9.608668e-01   0.000000e+00   6.039043e+00  -1.736603e+00   0.000000e+00
0     1.556986e+02   0.000000e+00   0.000000e+00   0.000000e+00   0.000000e+00   0.000000e+00   0.000000e+00
1     1.556986e+02   3.403098e-01  -9.400921e-01   0.000000e+00   5.908602e+00   2.139157e+00   0.000000e+00
0     1.557984e+02   0.000000e+00   0.000000e+00   0.000000e+00   0.000000e+00   0.000000e+00   0.000000e+00
1     1.557984e+02   8.273467e-01  -5.612774e-01   0.000000e+00   3.527739e+00   5.200439e+00   0.000000e+00
0     1.558983e+02   0.000000e+00   0.000000e+00   0.000000e+00   0.000000e+00   0.000000e+00   0.000000e+00
1     1.558983e+02   9.992593e-01   3.131671e-02   0.000000e+00  -1.969643e-01   6.281090e+00   0.000000e+00
0     1.559998e+02   0.000000e+00   0.000000e+00   0.000000e+00   0.000000e+00   0.000000e+00   0.000000e+00
1     1.559998e+02   7.837672e-01   6.206456e-01   0.000000e+00  -3.901221e+00   4.926628e+00   0.000000e+00
0     1.560996e+02   0.000000e+00   0.000000e+00   0.000000e+00   0.000000e+00   0.000000e+00   0.000000e+00
1     1.560996e+02   2.701384e-01   9.625694e-01   0.000000e+00  -6.050332e+00   1.698169e+00   0.000000e+00
0     1.561995e+02   0.000000e+00   0.000000e+00   0.000000e+00   0.000000e+00   0.000000e+00   0.000000e+00
1     1.561995e+02  -3.463860e-01   9.378567e-01   0.000000e+00  -5.894871e+00  -2.176936e+00   0.000000e+00
0     1.562993e+02   0.000000e+00   0.000000e+00   0.000000e+00   0.000000e+00   0.000000e+00   0.000000e+00
1     1.562993e+02  -8.309848e-01   5.559416e-01   0.000000e+00  -3.494319e+00  -5.222679e+00   0.000000e+00
0     1.563991e+02   0.000000e+00   0.000000e+00   0.000000e+00   0.000000e+00   0.000000e+00   0.000000e+00
1     1.563991e+02  -9.991095e-01  -3.770249e-02   0.000000e+00   2.368437e-01  -6.279266e+00   0.000000e+00
0     1.564989e+02   0.000000e+00   0.000000e+00   0.000000e+00   0.000000e+00   0.000000e+00   0.000000e+00
1     1.564989e+02  -7.867476e-01  -6.169899e-01   0.000000e+00   3.877699e+00  -4.944536e+00   0.000000e+00
0     1.565987e+02   0.000000e+00   0.000000e+00   0.000000e+00   0.000000e+00   0.000000e+00   0.000000e+00
1     1.565987e+02  -2.747751e-01  -9.613137e-01   0.000000e+00   6.041865e+00  -1.726776e+00   0.000000e+00
0     1.566985e+02   0.000000e+00   0.000000e+00   0.000000e+00   0.000000e+00   0.000000e+00   0.000000e+00
1     1.566985e+02   3.418397e-01  -9.395354e-01   0.000000e+00   5.905116e+00   2.148778e+00   0.000000e+00
0     1.567984e+02   0.000000e+00   0.000000e+00   0.000000e+00   0.000000e+00   0.000000e+00   0.000000e+00
1     1.567984e+02   8.282592e-01  -5.599274e-01   0.000000e+00   3.519262e+00   5.206185e+00   0.000000e+00
0     1.568999e+02   0.000000e+00   0.000000e+00   0.000000e+00   0.000000e+00   0.000000e+00   0.000000e+00
1     1.568999e+02   9.987820e-01   4.394312e-02   0.000000e+00  -2.763286e-01   6.278105e+00   0.000000e+00
0     1.569997e+02   0.000000e+00   0.000000e+00   0.000000e+00   0.000000e+00   0.000000e+00   0.000000e+00
1     1.569997e+02   7.827519e-01   6.219234e-01   0.000000e+00  -3.909261e+00   4.920257e+00   0.000000e+00
0     1.570996e+02   0.000000e+00   0.000000e+00   0.000000e+00   0.000000e+00   0.000000e+00   0.000000e+00
1     1.570996e+02   2.685651e-01   9.630081e-01   0.000000e+00  -6.053102e+00   1.688283e+00   0.000000e+00
0     1.571994e+02   0.000000e+00   0.000000e+00   0.000000e+00   0.000000e+00   0.000000e+00   0.000000e+00
1     1.571994e+02  -3.479185e-01   9.372879e-01   0.000000e+00  -5.891308e+00  -2.186572e+00   0.000000e+00
0     1.572992e+02   0.000000e+00   0.000000e+00   0.000000e+00   0.000000e+00   0.000000e+00   0.000000e+00
1     1.572992e+02  -8.318923e-01   5.545804e-01   0.000000e+00  -3.485771e+00  -5.228393e+00   0.000000e+00
0     1.573990e+02   0.000000e+00   0.000000e+00   0.000000e+00   0.000000e+00   0.000000e+00   0.000000e+00
1     1.573990e+02  -9.990451e-01  -3.933846e-02   0.000000e+00   2.471264e-01  -6.278874e+00   0.000000e+00
0     1.574988e+02   0.000000e+00   0.000000e+00   0.000000e+00   0.000000e+00   0.000000e+00   0.000000e+00
1     1.574988e+02  -7.857343e-01  -6.182776e-01   0.000000e+00   3.885801e+00  -4.938177e+00   0.000000e+00
0     1.575986e+02   0.000000e+00   0.000000e+00   0.000000e+00   0.000000e+00   0.000000e+00   0.000000e+00
1     1.575986e+02  -2.731975e-01  -9.617617e-01   0.000000e+00   6.044694e+00  -1.716865e+00   0.000000e+00
0     1.576985e+02   0.000000e+00   0.000000e+00   0.000000e+00   0.000000e+00   0.000000e+00   0.000000e+00
1     1.576985e+02   3.433811e-01  -9.389716e-01   0.000000e+00   5.901585e+00   2.158470e+00   0.000000e+00
0     1.577983e+02   0.000000e+00   0.000000e+00   0.000000e+00   0.000000e+00   0.000000e+00   0.000000e+00
1     1.577983e+02   8.291769e-01  -5.585650e-01   0.000000e+00   3.510706e+00   5.211964e+00   0.000000e+00
0     1.578999e+02   0.000000e+00   0.000000e+00   0.000000e+00   0.000000e+00   0.000000e+00   0.000000e+00
1     1.578999e+02   9.987070e-01   4.558538e-02   0.000000e+00  -2.866517e-01   6.277647e+00   0.000000e+00
0     1.579997e+02   0.000000e+00   0.000000e+00   0.000000e+00   0.000000e+00   0.000000e+00   0.000000e+00
1     1.579997e+02   7.817262e-01   6.232099e-01   0.000000e+00  -3.917356e+00   4.913820e+00   0.000000e+00
0     1.580995e+02   0.000000e+00   0.000000e+00   0.000000e+00   0.000000e+00   0.000000e+00   0.000000e+00
1     1.580995e+02   2.669784e-01   9.634478e-01   0.000000e+00  -6.055878e+00   1.678313e+00   0.000000e+00
0     1.581993e+02   0.000000e+00   0.000000e+00   0.000000e+00   0.000000e+00   0.000000e+00   0.000000e+00
1     1.581993e+02  -3.494624e-01   9.367119e-01   0.000000e+00  -5.887700e+00  -2.196281e+00   0.000000e+00
0     1.582991e+02   0.000000e+00   0.000000e+00   0.000000e+00   0.000000e+00   0.000000e+00   0.000000e+00
1     1.582991e+02  -8.328048e-01   5.532068e-01   0.000000e+00  -3.477144e+00  -5.234138e+00   0.000000e+00
0     1.583989e+02   0.000000e+00   0.000000e+00   0.000000e+00   0.000000e+00   0.000000e+00   0.000000e+00
1     1.583989e+02  -9.989774e-01  -4.098748e-02   0.000000e+00   2.574912e-01  -6.278461e+00   0.000000e+00
0     1.584988e+02   0.000000e+00   0.000000e+00   0.000000e+00   0.000000e+00   0.000000e+00   0.000000e+00
1     1.584988e+02  -7.847107e-01  -6.195739e-01   0.000000e+00   3.893956e+00  -4.931754e+00   0.000000e+00
0     1.585986e+02   0.000000e+00   0.000000e+00   0.000000e+00   0.000000e+00   0.000000e+00   0.000000e+00
1     1.585986e+02  -2.716066e-01  -9.622108e-01   0.000000e+00   6.047529e+00  -1.706869e+00   0.000000e+00
0     1.586984e+02   0.000000e+00   0.000000e+00   0.000000e+00   0.000000e+00   0.000000e+00   0.000000e+00
1     1.586984e+02   3.449339e-01  -9.384007e-01   0.000000e+00   5.898009e+00   2.168235e+00   0.000000e+00
0     1.588000e+02   0.000000e+00   0.000000e+00   0.000000e+00   0.000000e+00   0.000000e+00   0.000000e+00
1     1.588000e+02   8.361820e-01  -5.480193e-01   0.000000e+00   3.444430e+00   5.256008e+00   0.000000e+00
0     1.588998e+02   0.000000e+00   0.000000e+00   0.000000e+00   0.000000e+00   0.000000e+00   0.000000e+00
1     1.588998e+02   9.986287e-01   4.724075e-02   0.000000e+00  -2.970572e-01   6.277168e+00   0.000000e+00
0     1.589996e+02   0.000000e+00   0.000000e+00   0.000000e+00   0.000000e+00   0.000000e+00   0.000000e+00
1     1.589996e+02   7.806902e-01   6.245050e-01   0.000000e+00  -3.925504e+00   4.907318e+00   0.000000e+00
0     1.590994e+02   0.000000e+00   0.000000e+00   0.000000e+00   0.000000e+00   0.000000e+00   0.000000e+00
1     1.590994e+02   2.653781e-01   9.638885e-01   0.000000e+00  -6.058660e+00   1.668258e+00   0.000000e+00
0     1.591992e+02   0.000000e+00   0.000000e+00   0.000000e+00   0.000000e+00   0.000000e+00   0.000000e+00
1     1.591992e+02  -3.510178e-01   9.361288e-01   0.000000e+00  -5.884046e+00  -2.206061e+00   0.000000e+00
0     1.592990e+02   0.000000e+00   0.000000e+00   0.000000e+00   0.000000e+00   0.000000e+00   0.000000e+00
1     1.592990e+02  -8.337223e-01   5.518206e-01   0.000000e+00  -3.468439e+00  -5.239916e+00   0.000000e+00
0     1.593989e+02   0.000000e+00   0.000000e+00   0.000000e+00   0.000000e+00   0.000000e+00   0.000000e+00
1     1.593989e+02  -9.989065e-01  -4.264960e-02   0.000000e+00   2.679384e-01  -6.278028e+00   0.000000e+00
0     1.594987e+02   0.000000e+00   0.000000e+00   0.000000e+00   0.000000e+00   0.000000e+00   0.000000e+00
1     1.594987e+02  -7.836768e-01  -6.208789e-01   0.000000e+00   3.902167e+00  -4.925266e+00   0.000000e+00
0     1.595985e+02   0.000000e+00   0.000000e+00   0.000000e+00   0.000000e+00   0.000000e+00   0.000000e+00
1     1.595985e+02  -2.700022e-01  -9.626607e-01   0.000000e+00   6.050369e+00  -1.696789e+00   0.000000e+00
0     1.596983e+02   0.000000e+00   0.000000e+00   0.000000e+00   0.000000e+00   0.000000e+00   0.000000e+00
1     1.596983e+02   3.464983e-01  -9.378226e-01   0.000000e+00   5.894389e+00   2.178072e+00   0.000000e+00
0     1.597999e+02   0.000000e+00   0.000000e+00   0.000000e+00   0.000000e+00   0.000000e+00   0.000000e+00
1     1.597999e+02   8.370945e-01  -5.466218e-01   0.000000e+00   3.435653e+00   5.261755e+00   0.000000e+00
0     1.598997e+02   0.000000e+00   0.000000e+00   0.000000e+00   0.000000e+00   0.000000e+00   0.000000e+00
1     1.598997e+02   9.985469e-01   4.890919e-02   0.000000e+00  -3.075450e-01   6.276667e+00   0.000000e+00
0     1.599995e+02   0.000000e+00   0.000000e+00   0.000000e+00   0.000000e+00   0.000000e+00   0.000000e+00
1     1.599995e+02   7.796437e-01   6.258087e-01   0.000000e+00  -3.933707e+00   4.900751e+00   0.000000e+00
0     1.600993e+02   0.000000e+00   0.000000e+00   0.000000e+00   0.000000e+00   0.000000e+00   0.000000e+00
1     1.600993e+02   2.637643e-01   9.643299e-01   0.000000e+00  -6.061447e+00   1.658118e+00   0.000000e+00
0     1.601991e+02   0.000000e+00   0.000000e+00   0.000000e+00   0.000000e+00   0.000000e+00   0.000000e+00
1     1.601991e+02  -3.525846e-01   9.355384e-01   0.000000e+00  -5.880347e+00  -2.215914e+00   0.000000e+00
0     1.602990e+02   0.000000e+00   0.000000e+00   0.000000e+00   0.000000e+00   0.000000e+00   0.000000e+00
1     1.602990e+02  -8.346449e-01   5.504218e-01   0.000000e+00  -3.459654e+00  -5.245725e+00   0.000000e+00
0     1.603988e+02   0.000000e+00   0.000000e+00   0.000000e+00   0.000000e+00   0.000000e+00   0.000000e+00
1     1.603988e+02  -9.988322e-01  -4.432482e-02   0.000000e+00   2.784679e-01  -6.277574e+00   0.000000e+00
0     1.604986e+02   0.000000e+00   0.000000e+00   0.000000e+00   0.000000e+00   0.000000e+00   0.000000e+00
1     1.604986e+02  -7.826325e-01  -6.221925e-01   0.000000e+00   3.910431e+00  -4.918713e+00   0.000000e+00
0     1.605984e+02   0.000000e+00   0.000000e+00   0.000000e+00   0.000000e+00   0.000000e+00   0.000000e+00
1     1.605984e+02  -2.683843e-01  -9.631115e-01   0.000000e+00   6.053216e+00  -1.686624e+00   0.000000e+00
0     1.607000e+02   0.000000e+00   0.000000e+00   0.000000e+00   0.000000e+00   0.000000e+00   0.000000e+00
1     1.607000e+02   3.583683e-01  -9.333492e-01   0.000000e+00   5.866287e+00   2.252685e+00   0.000000e+00
0     1.607998e+02   0.000000e+00   0.000000e+00   0.000000e+00   0.000000e+00   0.000000e+00   0.000000e+00
1     1.607998e+02   8.380119e-01  -5.452117e-01   0.000000e+00   3.426798e+00   5.267532e+00   0.000000e+00
0     1.608996e+02   0.000000e+00   0.000000e+00   0.000000e+00   0.000000e+00   0.000000e+00   0.000000e+00
1     1.608996e+02   9.984617e-01   5.059065e-02   0.000000e+00  -3.181146e-01   6.276145e+00   0.000000e+00
0     1.609994e+02   0.000000e+00   0.000000e+00   0.000000e+00   0.000000e+00   0.000000e+00   0.000000e+00
1     1.609994e+02   7.785868e-01   6.271210e-01   0.000000e+00  -3.941964e+00   4.894117e+00   0.000000e+00
0     1.610993e+02   0.000000e+00   0.000000e+00   0.000000e+00   0.000000e+00   0.000000e+00   0.000000e+00
1     1.610993e+02   2.621371e-01   9.647722e-01   0.000000e+00  -6.064239e+00   1.647893e+00   0.000000e+00
0     1.611991e+02   0.000000e+00   0.000000e+00   0.000000e+00   0.000000e+00   0.000000e+00   0.000000e+00
1     1.611991e+02  -3.541627e-01   9.349406e-01   0.000000e+00  -5.876602e+00  -2.225837e+00   0.000000e+00
0     1.612989e+02   0.000000e+00   0.000000e+00   0.000000e+00   0.000000e+00   0.000000e+00   0.000000e+00
1     1.612989e+02  -8.355723e-01   5.490104e-01   0.000000e+00  -3.450790e+00  -5.251565e+00   0.000000e+00
0     1.613987e+02   0.000000e+00   0.000000e+00   0.000000e+00   0.000000e+00   0.000000e+00   0.000000e+00
1     1.613987e+02  -9.987545e-01  -4.601313e-02   0.000000e+00   2.890797e-01  -6.277099e+00   0.000000e+00
0     1.614985e+02   0.000000e+00   0.000000e+00   0.000000e+00   0.000000e+00   0.000000e+00   0.000000e+00
1     1.614985e+02  -7.815777e-01  -6.235148e-01   0.000000e+00   3.918750e+00  -4.912094e+00   0.000000e+00
0     1.615983e+02   0.000000e+00   0.000000e+00   0.000000e+00   0.000000e+00   0.000000e+00   0.000000e+00
1     1.615983e+02  -2.667530e-01  -9.635631e-01   0.000000e+00   6.056067e+00  -1.676374e+00   0.000000e+00
0     1.616999e+02   0.000000e+00   0.000000e+00   0.000000e+00   0.000000e+00   0.000000e+00   0.000000e+00
1     1.616999e+02   3.599487e-01  -9.327393e-01   0.000000e+00   5.862466e+00   2.262623e+00   0.000000e+00
0     1.617997e+02   0.000000e+00   0.000000e+00   0.000000e+00   0.000000e+00   0.000000e+00   0.000000e+00
1     1.617997e+02   8.389340e-01  -5.437890e-01   0.000000e+00   3.417863e+00   5.273339e+00   0.000000e+00
0     1.618995e+02   0.000000e+00   0.000000e+00   0.000000e+00   0.000000e+00   0.000000e+00   0.000000e+00
1     1.618995e+02   9.983730e-01   5.228508e-02   0.000000e+00  -3.287658e-01   6.275600e+00   0.000000e+00
0     1.619994e+02   0.000000e+00   0.000000e+00   0.000000e+00   0.000000e+00   0.000000e+00   0.000000e+00
1     1.619994e+02   7.775194e-01   6.284417e-01   0.000000e+00  -3.950273e+00   4.887418e+00   0.000000e+00
0     1.620992e+02   0.000000e+00   0.000000e+00   0.000000e+00   0.000000e+00   0.000000e+00   0.000000e+00
1     1.620992e+02   2.604963e-01   9.652151e-01   0.000000e+00  -6.067036e+00   1.637584e+00   0.000000e+00
0     1.621990e+02   0.000000e+00   0.000000e+00   0.000000e+00   0.000000e+00   0.000000e+00   0.000000e+00
1     1.621990e+02  -3.557522e-01   9.343356e-01   0.000000e+00  -5.872811e+00  -2.235832e+00   0.000000e+00
0     1.622988e+02   0.000000e+00   0.000000e+00   0.000000e+00   0.000000e+00   0.000000e+00   0.000000e+00
1     1.622988e+02  -8.365046e-01   5.475865e-01   0.000000e+00  -3.441847e+00  -5.257435e+00   0.000000e+00
0     1.623986e+02   0.000000e+00   0.000000e+00   0.000000e+00   0.000000e+00   0.000000e+00   0.000000e+00
1     1.623986e+02  -9.986733e-01  -4.771454e-02   0.000000e+00   2.997740e-01  -6.276601e+00   0.000000e+00
0     1.624984e+02   0.000000e+00   0.000000e+00   0.000000e+00   0.000000e+00   0.000000e+00   0.000000e+00
1     1.624984e+02  -7.805124e-01  -6.248455e-01   0.000000e+00   3.927122e+00  -4.905409e+00   0.000000e+00
0     1.625983e+02   0.000000e+00   0.000000e+00   0.000000e+00   0.000000e+00   0.000000e+00   0.000000e+00
1     1.625983e+02  -2.651081e-01  -9.640155e-01   0.000000e+00   6.058923e+00  -1.666039e+00   0.000000e+00
0     1.626998e+02   0.000000e+00   0.000000e+00   0.000000e+00   0.000000e+00   0.000000e+00   0.000000e+00
1     1.626998e+02   3.615406e-01  -9.321219e-01   0.000000e+00   5.858598e+00   2.272634e+00   0.000000e+00
0     1.627996e+02   0.000000e+00   0.000000e+00   0.000000e+00   0.000000e+00   0.000000e+00   0.000000e+00
1     1.627996e+02   8.398610e-01  -5.423536e-01   0.000000e+00   3.408848e+00   5.279177e+00   0.000000e+00
0     1.628995e+02   0.000000e+00   0.000000e+00   0.000000e+00   0.000000e+00   0.000000e+00   0.000000e+00
1     1.628995e+02   9.982807e-01   5.399263e-02   0.000000e+00  -3.394995e-01   6.275033e+00   0.000000e+00
0     1.629993e+02   0.000000e+00   0.000000e+00   0.000000e+00   0.000000e+00   0.000000e+00   0.000000e+00
1     1.629993e+02   7.764415e-01   6.297708e-01   0.000000e+00  -3.958636e+00   4.880653e+00   0.000000e+00
0     1.630991e+02   0.000000e+00   0.000000e+00   0.000000e+00   0.000000e+00   0.000000e+00   0.000000e+00
1     1.630991e+02   2.588422e-01   9.656586e-01   0.000000e+00  -6.069836e+00   1.627190e+00   0.000000e+00
0     1.631989e+02   0.000000e+00   0.000000e+00   0.000000e+00   0.000000e+00   0.000000e+00   0.000000e+00
1     1.631989e+02  -3.573530e-01   9.337231e-01   0.000000e+00  -5.868973e+00  -2.245898e+00   0.000000e+00
0     1.632987e+02   0.000000e+00   0.000000e+00   0.000000e+00   0.000000e+00   0.000000e+00   0.000000e+00
1     1.632987e+02  -8.374417e-01   5.461498e-01   0.000000e+00  -3.432824e+00  -5.263336e+00   0.000000e+00
0     1.633985e+02   0.000000e+00   0.000000e+00   0.000000e+00   0.000000e+00   0.000000e+00   0.000000e+00
1     1.633985e+02  -9.985885e-01  -4.942897e-02   0.000000e+00   3.105501e-01  -6.276082e+00   0.000000e+00
0     1.634984e+02   0.000000e+00   0.000000e+00   0.000000e+00   0.000000e+00   0.000000e+00   0.000000e+00
1     1.634984e+02  -7.794366e-01  -6.261848e-01   0.000000e+00   3.935548e+00  -4.898657e+00   0.000000e+00
0     1.635999e+02   0.000000e+00   0.000000e+00   0.000000e+00   0.000000e+00   0.000000e+00   0.000000e+00
1     1.635999e+02  -2.528187e-01  -9.673094e-01   0.000000e+00   6.079641e+00  -1.588802e+00   0.000000e+00
0     1.636997e+02   0.000000e+00   0.000000e+00   0.000000e+00   0.000000e+00   0.000000e+00   0.000000e+00
1     1.636997e+02   3.631436e-01  -9.314969e-01   0.000000e+00   5.854682e+00   2.282714e+00   0.000000e+00
0     1.637996e+02   0.000000e+00   0.000000e+00   0.000000e+00   0.000000e+00   0.000000e+00   0.000000e+00
1     1.637996e+02   8.407926e-01  -5.409055e-01   0.000000e+00   3.399753e+00   5.285044e+00   0.000000e+00
0     1.638994e+02   0.000000e+00   0.000000e+00   0.000000e+00   0.000000e+00   0.000000e+00   0.000000e+00
1     1.638994e+02   9.981847e-01   5.571319e-02   0.000000e+00  -3.503150e-01   6.274444e+00   0.000000e+00
0     1.639992e+02   0.000000e+00   0.000000e+00   0.000000e+00   0.000000e+00   0.000000e+00   0.000000e+00
1     1.639992e+02   7.753529e-01   6.311084e-01   0.000000e+00  -3.967052e+00   4.873820e+00   0.000000e+00
0     1.640990e+02   0.000000e+00   0.000000e+00   0.000000e+00   0.000000e+00   0.000000e+00   0.000000e+00
1     1.640990e+02   2.571744e-01   9.661027e-01   0.000000e+00  -6.072640e+00   1.616710e+00   0.000000e+00
0     1.641988e+02   0.000000e+00   0.000000e+00   0.000000e+00   0.000000e+00   0.000000e+00   0.000000e+00
1     1.641988e+02  -3.589649e-01   9.331032e-01   0.000000e+00  -5.865088e+00  -2.256035e+00   0.000000e+00
0     1.642987e+02   0.000000e+00   0.000000e+00   0.000000e+00   0.000000e+00   0.000000e+00   0.000000e+00
1     1.642987e+02  -8.383835e-01   5.447006e-01   0.000000e+00  -3.423722e+00  -5.269266e+00   0.000000e+00
0     1.643985e+02   0.000000e+00   0.000000e+00   0.000000e+00   0.000000e+00   0.000000e+00   0.000000e+00
1     1.643985e+02  -9.985001e-01  -5.115641e-02   0.000000e+00   3.214080e-01  -6.275539e+00   0.000000e+00
0     1.644983e+02   0.000000e+00   0.000000e+00   0.000000e+00   0.000000e+00   0.000000e+00   0.000000e+00
1     1.644983e+02  -7.783502e-01  -6.275325e-01   0.000000e+00   3.944026e+00  -4.891839e+00   0.000000e+00
0     1.645999e+02   0.000000e+00   0.000000e+00   0.000000e+00   0.000000e+00   0.000000e+00   0.000000e+00
1     1.645999e+02  -2.511418e-01  -9.677446e-01   0.000000e+00   6.082389e+00  -1.578266e+00   0.000000e+00
0     1.646997e+02   0.000000e+00   0.000000e+00   0.000000e+00   0.000000e+00   0.000000e+00   0.000000e+00
1     1.646997e+02   3.647579e-01  -9.308644e-01   0.000000e+00   5.850719e+00   2.292866e+00   0.000000e+00
0     1.647995e+02   0.000000e+00   0.000000e+00   0.000000e+00   0.000000e+00   0.000000e+00   0.000000e+00
1     1.647995e+02   8.417289e-01  -5.394446e-01   0.000000e+00   3.390578e+00   5.290941e+00   0.000000e+00
0     1.648993e+02   0.000000e+00   0.000000e+00   0.000000e+00   0.000000e+00   0.000000e+00   0.000000e+00
1     1.648993e+02   9.980850e-01   5.744682e-02   0.000000e+00  -3.612128e-01   6.273830e+00   0.000000e+00
0     1.649991e+02   0.000000e+00   0.000000e+00   0.000000e+00   0.000000e+00   0.000000e+00   0.000000e+00
1     1.649991e+02   7.742536e-01   6.324543e-01   0.000000e+00  -3.975520e+00   4.866921e+00   0.000000e+00
0     1.650989e+02   0.000000e+00   0.000000e+00   0.000000e+00   0.000000e+00   0.000000e+00   0.000000e+00
1     1.650989e+02   2.554932e-01   9.665473e-01   0.000000e+00  -6.075446e+00   1.606146e+00   0.000000e+00
0     1.651988e+02   0.000000e+00   0.000000e+00   0.000000e+00   0.000000e+00   0.000000e+00   0.000000e+00
1     1.651988e+02  -3.605882e-01   9.324757e-01   0.000000e+00  -5.861156e+00  -2.266242e+00   0.000000e+00
0     1.652986e+02   0.000000e+00   0.000000e+00   0.000000e+00   0.000000e+00   0.000000e+00   0.000000e+00
1     1.652986e+02  -8.393299e-01   5.432386e-01   0.000000e+00  -3.414540e+00  -5.275225e+00   0.000000e+00
0     1.653984e+02   0.000000e+00   0.000000e+00   0.000000e+00   0.000000e+00   0.000000e+00   0.000000e+00
1     1.653984e+02  -9.984081e-01  -5.289682e-02   0.000000e+00   3.323475e-01  -6.274973e+00   0.000000e+00
0     1.655000e+02   0.000000e+00   0.000000e+00   0.000000e+00   0.000000e+00   0.000000e+00   0.000000e+00
1     1.655000e+02  -7.702846e-01  -6.374046e-01   0.000000e+00   4.006083e+00  -4.841156e+00   0.000000e+00
0     1.655998e+02   0.000000e+00   0.000000e+00   0.000000e+00   0.000000e+00   0.000000e+00   0.000000e+00
1     1.655998e+02  -2.494515e-01  -9.681802e-01   0.000000e+00   6.085140e+00  -1.567645e+00   0.000000e+00
0     1.656996e+02   0.000000e+00   0.000000e+00   0.000000e+00   0.000000e+00   0.000000e+00   0.000000e+00
1     1.656996e+02   3.663834e-01  -9.302243e-01   0.000000e+00   5.846708e+00   2.303087e+00   0.000000e+00
0     1.657994e+02   0.000000e+00   0.000000e+00   0.000000e+00   0.000000e+00   0.000000e+00   0.000000e+00
1     1.657994e+02   8.426698e-01  -5.379710e-01   0.000000e+00   3.381323e+00   5.296866e+00   0.000000e+00
0     1.658992e+02   0.000000e+00   0.000000e+00   0.000000e+00   0.000000e+00   0.000000e+00   0.000000e+00
1     1.658992e+02   9.979816e-01   5.919344e-02   0.000000e+00  -3.721922e-01   6.273193e+00   0.000000e+00
0     1.659990e+02   0.000000e+00   0.000000e+00   0.000000e+00   0.000000e+00   0.000000e+00   0.000000e+00
1     1.659990e+02   7.731436e-01   6.338086e-01   0.000000e+00  -3.984041e+00   4.859954e+00   0.000000e+00
0     1.660989e+02   0.000000e+00   0.000000e+00   0.000000e+00   0.000000e+00   0.000000e+00   0.000000e+00
1     1.660989e+02   2.537983e-01   9.669923e-01   0.000000e+00  -6.078256e+00   1.595496e+00   0.000000e+00
0     1.661987e+02   0.000000e+00   0.000000e+00   0.000000e+00   0.000000e+00   0.000000e+00   0.000000e+00
1     1.661987e+02  -3.622227e-01   9.318405e-01   0.000000e+00  -5.857175e+00  -2.276521e+00   0.000000e+00
0     1.662985e+02   0.000000e+00   0.000000e+00   0.000000e+00   0.000000e+00   0.000000e+00   0.000000e+00
1     1.662985e+02  -8.402810e-01   5.417639e-01   0.000000e+00  -3.405278e+00  -5.281214e+00   0.000000e+00
0     1.663983e+02   0.000000e+00   0.000000e+00   0.000000e+00   0.000000e+00   0.000000e+00   0.000000e+00
1     1.663983e+02  -9.983123e-01  -5.465033e-02   0.000000e+00   3.433693e-01  -6.274384e+00   0.000000e+00
0     1.664999e+02   0.000000e+00   0.000000e+00   0.000000e+00   0.000000e+00   0.000000e+00   0.000000e+00
1     1.664999e+02  -7.691619e-01  -6.387567e-01   0.000000e+00   4.014590e+00  -4.834110e+00   0.000000e+00
0     1.665997e+02   0.000000e+00   0.000000e+00   0.000000e+00   0.000000e+00   0.000000e+00   0.000000e+00
1     1.665997e+02  -2.477476e-01  -9.686161e-01   0.000000e+00   6.087893e+00  -1.556938e+00   0.000000e+00
0     1.666995e+02   0.000000e+00   0.000000e+00   0.000000e+00   0.000000e+00   0.000000e+00   0.000000e+00
1     1.666995e+02   3.680200e-01  -9.295764e-01   0.000000e+00   5.842649e+00   2.313379e+00   0.000000e+00
0     1.667993e+02   0.000000e+00   0.000000e+00   0.000000e+00   0.000000e+00   0.000000e+00   0.000000e+00
1     1.667993e+02   8.436152e-01  -5.364846e-01   0.000000e+00   3.371987e+00   5.302820e+00   0.000000e+00
0     1.668991e+02   0.000000e+00   0.000000e+00   0.000000e+00   0.000000e+00   0.000000e+00   0.000000e+00
1     1.668991e+02   9.978742e-01   6.095311e-02   0.000000e+00  -3.832537e-01   6.272531e+00   0.000000e+00
0     1.669990e+02   0.000000e+00   0.000000e+00   0.000000e+00   0.000000e+00   0.000000e+00   0.000000e+00
1     1.669990e+02   7.720229e-01   6.351711e-01   0.000000e+00  -3.992613e+00   4.852919e+00   0.000000e+00
0     1.670988e+02   0.000000e+00   0.000000e+00   0.000000e+00   0.000000e+00   0.000000e+00   0.000000e+00
1     1.670988e+02   2.520899e-01   9.674377e-01   0.000000e+00  -6.081068e+00   1.584760e+00   0.000000e+00
0     1.671986e+02   0.000000e+00   0.000000e+00   0.000000e+00   0.000000e+00   0.000000e+00   0.000000e+00
1     1.671986e+02  -3.638685e-01   9.311977e-01   0.000000e+00  -5.853147e+00  -2.286869e+00   0.000000e+00
0     1.672984e+02   0.000000e+00   0.000000e+00   0.000000e+00   0.000000e+00   0.000000e+00   0.000000e+00
1     1.672984e+02  -8.412367e-01   5.402763e-01   0.000000e+00  -3.395935e+00  -5.287231e+00   0.000000e+00
0     1.674000e+02   0.000000e+00   0.000000e+00   0.000000e+00   0.000000e+00   0.000000e+00   0.000000e+00
1     1.674000e+02  -9.975315e-01  -6.739972e-02   0.000000e+00   4.235028e-01  -6.269488e+00   0.000000e+00
0     1.674998e+02   0.000000e+00   0.000000e+00   0.000000e+00   0.000000e+00   0.000000e+00   0.000000e+00
1     1.674998e+02  -7.680284e-01  -6.401170e-01   0.000000e+00   4.023148e+00  -4.826996e+00   0.000000e+00
0     1.675996e+02   0.000000e+00   0.000000e+00   0.000000e+00   0.000000e+00   0.000000e+00   0.000000e+00
1     1.675996e+02  -2.460301e-01  -9.690523e-01   0.000000e+00   6.090648e+00  -1.546147e+00   0.000000e+00
0     1.676994e+02   0.000000e+00   0.000000e+00   0.000000e+00   0.000000e+00   0.000000e+00   0.000000e+00
1     1.676994e+02   3.696677e-01  -9.289209e-01   0.000000e+00   5.838541e+00   2.323740e+00   0.000000e+00
0     1.677993e+02   0.000000e+00   0.000000e+00   0.000000e+00   0.000000e+00   0.000000e+00   0.000000e+00
1     1.677993e+02   8.445649e-01  -5.349855e-01   0.000000e+00   3.362571e+00   5.308801e+00   0.000000e+00
0     1.678991e+02   0.000000e+00   0.000000e+00   0.000000e+00   0.000000e+00   0.000000e+00   0.000000e+00
1     1.678991e+02   9.977629e-01   6.272568e-02   0.000000e+00  -3.943963e-01   6.271845e+00   0.000000e+00
0     1.679989e+02   0.000000e+00   0.000000e+00   0.000000e+00   0.000000e+00   0.000000e+00   0.000000e+00
1     1.679989e+02   7.708913e-01   6.365418e-01   0.000000e+00  -4.001237e+00   4.845817e+00   0.000000e+00
0     1.680987e+02   0.000000e+00   0.000000e+00   0.000000e+00   0.000000e+00   0.000000e+00   0.000000e+00
1     1.680987e+02   2.503679e-01   9.678834e-01   0.000000e+00  -6.083882e+00   1.573940e+00   0.000000e+00
0     1.681985e+02   0.000000e+00   0.000000e+00   0.000000e+00   0.000000e+00   0.000000e+00   0.000000e+00
1     1.681985e+02  -3.655254e-01   9.305471e-01   0.000000e+00  -5.849070e+00  -2.297288e+00   0.000000e+00
0     1.682983e+02   0.000000e+00   0.000000e+00   0.000000e+00   0.000000e+00   0.000000e+00   0.000000e+00
1     1.682983e+02  -8.421969e-01   5.387759e-01   0.000000e+00  -3.386511e+00  -5.293277e+00   0.000000e+00
0     1.683999e+02   0.000000e+00   0.000000e+00   0.000000e+00   0.000000e+00   0.000000e+00   0.000000e+00
1     1.683999e+02  -9.974084e-01  -6.917810e-02   0.000000e+00   4.346812e-01  -6.268727e+00   0.000000e+00
0     1.684997e+02   0.000000e+00   0.000000e+00   0.000000e+00   0.000000e+00   0.000000e+00   0.000000e+00
1     1.684997e+02  -7.668839e-01  -6.414855e-01   0.000000e+00   4.031757e+00  -4.819813e+00   0.000000e+00
0     1.685995e+02   0.000000e+00   0.000000e+00   0.000000e+00   0.000000e+00   0.000000e+00   0.000000e+00
1     1.685995e+02  -2.442990e-01  -9.694887e-01   0.000000e+00   6.093403e+00  -1.535270e+00   0.000000e+00
0     1.686994e+02   0.000000e+00   0.000000e+00   0.000000e+00   0.000000e+00   0.000000e+00   0.000000e+00
1     1.686994e+02   3.713266e-01  -9.282574e-01   0.000000e+00   5.834384e+00   2.334172e+00   0.000000e+00
0     1.687992e+02   0.000000e+00   0.000000e+00   0.000000e+00   0.000000e+00   0.000000e+00   0.000000e+00
1     1.687992e+02   8.455191e-01  -5.334734e-01   0.000000e+00   3.353074e+00   5.314810e+00   0.000000e+00
0     1.688990e+02   0.000000e+00   0.000000e+00   0.000000e+00   0.000000e+00   0.000000e+00   0.000000e+00
1     1.688990e+02   9.976477e-01   6.451125e-02   0.000000e+00  -4.056207e-01   6.271134e+00   0.000000e+00
0     1.689988e+02   0.000000e+00   0.000000e+00   0.000000e+00   0.000000e+00   0.000000e+00   0.000000e+00
1     1.689988e+02   7.697489e-01   6.379207e-01   0.000000e+00  -4.009913e+00   4.838646e+00   0.000000e+00
0     1.690986e+02   0.000000e+00   0.000000e+00   0.000000e+00   0.000000e+00   0.000000e+00   0.000000e+00
1     1.690986e+02   2.486323e-01   9.683293e-01   0.000000e+00  -6.086697e+00   1.563034e+00   0.000000e+00
0     1.691984e+02   0.000000e+00   0.000000e+00   0.000000e+00   0.000000e+00   0.000000e+00   0.000000e+00
1     1.691984e+02  -3.671934e-01   9.298888e-01   0.000000e+00  -5.844943e+00  -2.307777e+00   0.000000e+00
0     1.692983e+02   0.000000e+00   0.000000e+00   0.000000e+00   0.000000e+00   0.000000e+00   0.000000e+00
1     1.692983e+02  -8.431614e-01   5.372627e-01   0.000000e+00  -3.377007e+00  -5.299350e+00   0.000000e+00
0     1.693998e+02   0.000000e+00   0.000000e+00   0.000000e+00   0.000000e+00   0.000000e+00   0.000000e+00
1     1.693998e+02  -9.972811e-01  -7.096945e-02   0.000000e+00   4.459411e-01  -6.267940e+00   0.000000e+00
0     1.694996e+02   0.000000e+00   0.000000e+00   0.000000e+00   0.000000e+00   0.000000e+00   0.000000e+00
1     1.694996e+02  -7.657286e-01  -6.428620e-01   0.000000e+00   4.040418e+00  -4.812561e+00   0.000000e+00
0     1.695995e+02   0.000000e+00   0.000000e+00   0.000000e+00   0.000000e+00   0.000000e+00   0.000000e+00
1     1.695995e+02  -2.425543e-01  -9.699252e-01   0.000000e+00   6.096160e+00  -1.524307e+00   0.000000e+00
0     1.696993e+02   0.000000e+00   0.000000e+00   0.000000e+00   0.000000e+00   0.000000e+00   0.000000e+00
1     1.696993e+02   3.729965e-01  -9.275861e-01   0.000000e+00   5.830176e+00   2.344674e+00   0.000000e+00
0     1.697991e+02   0.000000e+00   0.000000e+00   0.000000e+00   0.000000e+00   0.000000e+00   0.000000e+00
1     1.697991e+02   8.464777e-01  -5.319485e-01   0.000000e+00   3.343496e+00   5.320846e+00   0.000000e+00
0     1.698989e+02   0.000000e+00   0.000000e+00   0.000000e+00   0.000000e+00   0.000000e+00   0.000000e+00
1     1.698989e+02   9.975283e-01   6.630982e-02   0.000000e+00  -4.169269e-01   6.270397e+00   0.000000e+00
0     1.699987e+02   0.000000e+00   0.000000e+00   0.000000e+00   0.000000e+00   0.000000e+00   0.000000e+00
1     1.699987e+02   7.685956e-01   6.393076e-01   0.000000e+00  -4.018639e+00   4.831406e+00   0.000000e+00
0     1.700985e+02   0.000000e+00   0.000000e+00   0.000000e+00   0.000000e+00   0.000000e+00   0.000000e+00
1     1.700985e+02   2.468832e-01   9.687754e-01   0.000000e+00  -6.089513e+00   1.552043e+00   0.000000e+00
0     1.701984e+02   0.000000e+00   0.000000e+00   0.000000e+00   0.000000e+00   0.000000e+00   0.000000e+00
1     1.701984e+02  -3.688724e-01   9.292226e-01   0.000000e+00  -5.840768e+00  -2.318336e+00   0.000000e+00
0     1.702999e+02   0.000000e+00   0.000000e+00   0.000000e+00   0.000000e+00   0.000000e+00   0.000000e+00
1     1.702999e+02  -8.499761e-01   5.264135e-01   0.000000e+00  -3.308821e+00  -5.342191e+00   0.000000e+00
0     1.703998e+02   0.000000e+00   0.000000e+00   0.000000e+00   0.000000e+00   0.000000e+00   0.000000e+00
1     1.703998e+02  -9.971497e-01  -7.277372e-02   0.000000e+00   4.572824e-01  -6.267127e+00   0.000000e+00
0     1.704996e+02   0.000000e+00   0.000000e+00   0.000000e+00   0.000000e+00   0.000000e+00   0.000000e+00
1     1.704996e+02  -7.645622e-01  -6.442466e-01   0.000000e+00   4.049128e+00  -4.805240e+00   0.000000e+00
0     1.705994e+02   0.000000e+00   0.000000e+00   0.000000e+00   0.000000e+00   0.000000e+00   0.000000e+00
1     1.705994e+02  -2.407959e-01  -9.703617e-01   0.000000e+00   6.098917e+00  -1.513258e+00   0.000000e+00
0     1.706992e+02   0.000000e+00   0.000000e+00   0.000000e+00   0.000000e+00   0.000000e+00   0.000000e+00
1     1.706992e+02   3.746775e-01  -9.269068e-01   0.000000e+00   5.825919e+00   2.355244e+00   0.000000e+00
0     1.707990e+02   0.000000e+00   0.000000e+00   0.000000e+00   0.000000e+00   0.000000e+00   0.000000e+00
1     1.707990e+02   8.474405e-01  -5.304106e-01   0.000000e+00   3.333837e+00   5.326909e+00   0.000000e+00
0     1.708988e+02   0.000000e+00   0.000000e+00   0.000000e+00   0.000000e+00   0.000000e+00   0.000000e+00
1     1.708988e+02   9.974048e-01   6.812138e-02   0.000000e+00  -4.283147e-01   6.269634e+00   0.000000e+00
0     1.709987e+02   0.000000e+00   0.000000e+00   0.000000e+00   0.000000e+00   0.000000e+00   0.000000e+00
1     1.709987e+02   7.674313e-01   6.407026e-01   0.000000e+00  -4.027416e+00   4.824098e+00   0.000000e+00
0     1.710985e+02   0.000000e+00   0.000000e+00   0.000000e+00   0.000000e+00   0.000000e+00   0.000000e+00
1     1.710985e+02   2.451204e-01   9.692215e-01   0.000000e+00  -6.092330e+00   1.540966e+00   0.000000e+00
0     1.711983e+02   0.000000e+00   0.000000e+00   0.000000e+00   0.000000e+00   0.000000e+00   0.000000e+00
1     1.711983e+02  -3.705625e-01   9.285485e-01   0.000000e+00  -5.836542e+00  -2.328964e+00   0.000000e+00
0     1.712999e+02   0.000000e+00   0.000000e+00   0.000000e+00   0.000000e+00   0.000000e+00   0.000000e+00
1     1.712999e+02  -8.509323e-01   5.248639e-01   0.000000e+00  -3.299088e+00  -5.348212e+00   0.000000e+00
0     1.713997e+02   0.000000e+00   0.000000e+00   0.000000e+00   0.000000e+00   0.000000e+00   0.000000e+00
1     1.713997e+02  -9.970141e-01  -7.459086e-02   0.000000e+00   4.687045e-01  -6.266288e+00   0.000000e+00
0     1.714995e+02   0.000000e+00   0.000000e+00   0.000000e+00   0.000000e+00   0.000000e+00   0.000000e+00
1     1.714995e+02  -7.633848e-01  -6.456391e-01   0.000000e+00   4.057889e+00  -4.797850e+00   0.000000e+00
0     1.715993e+02   0.000000e+00   0.000000e+00   0.000000e+00   0.000000e+00   0.000000e+00   0.000000e+00
1     1.715993e+02  -2.390240e-01  -9.707982e-01   0.000000e+00   6.101673e+00  -1.502124e+00   0.000000e+00
0     1.716991e+02   0.000000e+00   0.000000e+00   0.000000e+00   0.000000e+00   0.000000e+00   0.000000e+00
1     1.716991e+02   3.763695e-01  -9.262194e-01   0.000000e+00   5.821612e+00   2.365885e+00   0.000000e+00
0     1.717989e+02   0.000000e+00   0.000000e+00   0.000000e+00   0.000000e+00   0.000000e+00   0.000000e+00
1     1.717989e+02   8.484075e-01  -5.288597e-01   0.000000e+00   3.324096e+00   5.332999e+00   0.000000e+00
0     1.718988e+02   0.000000e+00   0.000000e+00   0.000000e+00   0.000000e+00   0.000000e+00   0.000000e+00
1     1.718988e+02   9.972771e-01   6.994589e-02   0.000000e+00  -4.397840e-01   6.268844e+00   0.000000e+00
0     1.719986e+02   0.000000e+00   0.000000e+00   0.000000e+00   0.000000e+00   0.000000e+00   0.000000e+00
1     1.719986e+02   7.662560e-01   6.421057e-01   0.000000e+00  -4.036244e+00   4.816720e+00   0.000000e+00
0     1.720984e+02   0.000000e+00   0.000000e+00   0.000000e+00   0.000000e+00   0.000000e+00   0.000000e+00
1     1.720984e+02   2.433440e-01   9.696677e-01   0.000000e+00  -6.095147e+00   1.529803e+00   0.000000e+00
0     1.722000e+02   0.000000e+00   0.000000e+00   0.000000e+00   0.000000e+00   0.000000e+00   0.000000e+00
1     1.722000e+02  -3.824543e-01   9.237131e-01   0.000000e+00  -5.806158e+00  -2.403714e+00   0.000000e+00
0     1.722998e+02   0.000000e+00   0.000000e+00   0.000000e+00   0.000000e+00   0.000000e+00   0.000000e+00
1     1.722998e+02  -8.518926e-01   5.233013e-01   0.000000e+00  -3.289273e+00  -5.354259e+00   0.000000e+00
0     1.723996e+02   0.000000e+00   0.000000e+00   0.000000e+00   0.000000e+00   0.000000e+00   0.000000e+00
1     1.723996e+02  -9.968741e-01  -7.642089e-02   0.000000e+00   4.802078e-01  -6.265421e+00   0.000000e+00
0     1.724994e+02   0.000000e+00   0.000000e+00   0.000000e+00   0.000000e+00   0.000000e+00   0.000000e+00
1     1.724994e+02  -7.621963e-01  -6.470395e-01   0.000000e+00   4.066700e+00  -4.790390e+00   0.000000e+00
0     1.725992e+02   0.000000e+00   0.000000e+00   0.000000e+00   0.000000e+00   0.000000e+00   0.000000e+00
1     1.725992e+02  -2.372384e-01  -9.712346e-01   0.000000e+00   6.104429e+00  -1.490905e+00   0.000000e+00
0     1.726990e+02   0.000000e+00   0.000000e+00   0.000000e+00   0.000000e+00   0.000000e+00   0.000000e+00
1     1.726990e+02   3.780725e-01  -9.255240e-01   0.000000e+00   5.817253e+00   2.376594e+00   0.000000e+00
0     1.727989e+02   0.000000e+00   0.000000e+00   0.000000e+00   0.000000e+00   0.000000e+00   0.000000e+00
1     1.727989e+02   8.493786e-01  -5.272958e-01   0.000000e+00   3.314273e+00   5.339115e+00   0.000000e+00
0     1.728987e+02   0.000000e+00   0.000000e+00   0.000000e+00   0.000000e+00   0.000000e+00   0.000000e+00
1     1.728987e+02   9.971451e-01   7.178338e-02   0.000000e+00  -4.513349e-01   6.268028e+00   0.000000e+00
0     1.729985e+02   0.000000e+00   0.000000e+00   0.000000e+00   0.000000e+00   0.000000e+00   0.000000e+00
1     1.729985e+02   7.650695e-01   6.435168e-01   0.000000e+00  -4.045122e+00   4.809272e+00   0.000000e+00
0     1.730983e+02   0.000000e+00   0.000000e+00   0.000000e+00   0.000000e+00   0.000000e+00   0.000000e+00
1     1.730983e+02   2.415539e-01   9.701138e-01   0.000000e+00  -6.097963e+00   1.518554e+00   0.000000e+00
0     1.731999e+02   0.000000e+00   0.000000e+00   0.000000e+00   0.000000e+00   0.000000e+00   0.000000e+00
1     1.731999e+02  -3.841588e-01   9.230041e-01   0.000000e+00  -5.801713e+00  -2.414432e+00   0.000000e+00
0     1.732997e+02   0.000000e+00   0.000000e+00   0.000000e+00   0.000000e+00   0.000000e+00   0.000000e+00
1     1.732997e+02  -8.528569e-01   5.217256e-01   0.000000e+00  -3.279376e+00  -5.360331e+00   0.000000e+00
0     1.733995e+02   0.000000e+00   0.000000e+00   0.000000e+00   0.000000e+00   0.000000e+00   0.000000e+00
1     1.733995e+02  -9.967298e-01  -7.826386e-02   0.000000e+00   4.917924e-01  -6.264526e+00   0.000000e+00
0     1.734993e+02   0.000000e+00   0.000000e+00   0.000000e+00   0.000000e+00   0.000000e+00   0.000000e+00
1     1.734993e+02  -7.609968e-01  -6.484478e-01   0.000000e+00   4.075559e+00  -4.782861e+00   0.000000e+00
0     1.735992e+02   0.000000e+00   0.000000e+00   0.000000e+00   0.000000e+00   0.000000e+00   0.000000e+00
1     1.735992e+02  -2.354393e-01  -9.716708e-01   0.000000e+00   6.107184e+00  -1.479600e+00   0.000000e+00
0     1.736990e+02   0.000000e+00   0.000000e+00   0.000000e+00   0.000000e+00   0.000000e+00   0.000000e+00
1     1.736990e+02   3.797864e-01  -9.248205e-01   0.000000e+00   5.812844e+00   2.387371e+00   0.000000e+00
0     1.737988e+02   0.000000e+00   0.000000e+00   0.000000e+00   0.000000e+00   0.000000e+00   0.000000e+00
1     1.737988e+02   8.503538e-01  -5.257190e-01   0.000000e+00   3.304369e+00   5.345256e+00   0.000000e+00
0     1.738986e+02   0.000000e+00   0.000000e+00   0.000000e+00   0.000000e+00   0.000000e+00   0.000000e+00
1     1.738986e+02   9.970087e-01   7.363377e-02   0.000000e+00  -4.629670e-01   6.267184e+00   0.000000e+00
0     1.739984e+02   0.000000e+00   0.000000e+00   0.000000e+00   0.000000e+00   0.000000e+00   0.000000e+00
1     1.739984e+02   7.638720e-01   6.449357e-01   0.000000e+00  -4.054049e+00   4.801755e+00   0.000000e+00
0     1.741000e+02   0.000000e+00   0.000000e+00   0.000000e+00   0.000000e+00   0.000000e+00   0.000000e+00
1     1.741000e+02   2.290524e-01   9.731403e-01   0.000000e+00  -6.116997e+00   1.439975e+00   0.000000e+00
0     1.741998e+02   0.000000e+00   0.000000e+00   0.000000e+00   0.000000e+00   0.000000e+00   0.000000e+00
1     1.741998e+02  -3.858742e-01   9.222868e-01   0.000000e+00  -5.797216e+00  -2.425220e+00   0.000000e+00
0     1.742996e+02   0.000000e+00   0.000000e+00   0.000000e+00   0.000000e+00   0.000000e+00   0.000000e+00
1     1.742996e+02  -8.538252e-01   5.201369e-01   0.000000e+00  -3.269397e+00  -5.366428e+00   0.000000e+00
0     1.743994e+02   0.000000e+00   0.000000e+00   0.000000e+00   0.000000e+00   0.000000e+00   0.000000e+00
1     1.743994e+02  -9.965809e-01  -8.011976e-02   0.000000e+00   5.034583e-01  -6.263604e+00   0.000000e+00
0     1.744993e+02   0.000000e+00   0.000000e+00   0.000000e+00   0.000000e+00   0.000000e+00   0.000000e+00
1     1.744993e+02  -7.597860e-01  -6.498638e-01   0.000000e+00   4.084469e+00  -4.775261e+00   0.000000e+00
0     1.745991e+02   0.000000e+00   0.000000e+00   0.000000e+00   0.000000e+00   0.000000e+00   0.000000e+00
1     1.745991e+02  -2.336265e-01  -9.721068e-01   0.000000e+00   6.109937e+00  -1.468209e+00   0.000000e+00
0     1.746989e+02   0.000000e+00   0.000000e+00   0.000000e+00   0.000000e+00   0.000000e+00   0.000000e+00
1     1.746989e+02   3.815111e-01  -9.241088e-01   0.000000e+00   5.808383e+00   2.398217e+00   0.000000e+00
0     1.747987e+02   0.000000e+00   0.000000e+00   0.000000e+00   0.000000e+00   0.000000e+00   0.000000e+00
1     1.747987e+02   8.513329e-01  -5.241291e-01   0.000000e+00   3.294382e+00   5.351422e+00   0.000000e+00
0     1.748985e+02   0.000000e+00   0.000000e+00   0.000000e+00   0.000000e+00   0.000000e+00   0.000000e+00
1     1.748985e+02   9.968680e-01   7.549701e-02   0.000000e+00  -4.746799e-01   6.266312e+00   0.000000e+00
0     1.749983e+02   0.000000e+00   0.000000e+00   0.000000e+00   0.000000e+00   0.000000e+00   0.000000e+00
1     1.749983e+02   7.626633e-01   6.463624e-01   0.000000e+00  -4.063026e+00   4.794167e+00   0.000000e+00
0     1.750999e+02   0.000000e+00   0.000000e+00   0.000000e+00   0.000000e+00   0.000000e+00   0.000000e+00
1     1.750999e+02   2.272302e-01   9.735660e-01   0.000000e+00  -6.119686e+00   1.428525e+00   0.000000e+00
0     1.751997e+02   0.000000e+00   0.000000e+00   0.000000e+00   0.000000e+00   0.000000e+00   0.000000e+00
1     1.751997e+02  -3.876005e-01   9.215612e-01   0.000000e+00  -5.792668e+00  -2.436075e+00   0.000000e+00
0     1.752995e+02   0.000000e+00   0.000000e+00   0.000000e+00   0.000000e+00   0.000000e+00   0.000000e+00
1     1.752995e+02  -8.547975e-01   5.185350e-01   0.000000e+00  -3.259335e+00  -5.372550e+00   0.000000e+00
0     1.753994e+02   0.000000e+00   0.000000e+00   0.000000e+00   0.000000e+00   0.000000e+00   0.000000e+00
1     1.753994e+02  -9.964276e-01  -8.198855e-02   0.000000e+00   5.152053e-01  -6.262653e+00   0.000000e+00
0     1.754992e+02   0.000000e+00   0.000000e+00   0.000000e+00   0.000000e+00   0.000000e+00   0.000000e+00
1     1.754992e+02  -7.585640e-01  -6.512877e-01   0.000000e+00   4.093427e+00  -4.767590e+00   0.000000e+00
0     1.755990e+02   0.000000e+00   0.000000e+00   0.000000e+00   0.000000e+00   0.000000e+00   0.000000e+00
1     1.755990e+02  -2.318001e-01  -9.725425e-01   0.000000e+00   6.112689e+00  -1.456732e+00   0.000000e+00
0     1.756988e+02   0.000000e+00   0.000000e+00   0.000000e+00   0.000000e+00   0.000000e+00   0.000000e+00
1     1.756988e+02   3.832467e-01  -9.233887e-01   0.000000e+00   5.803869e+00   2.409132e+00   0.000000e+00
0     1.757986e+02   0.000000e+00   0.000000e+00   0.000000e+00   0.000000e+00   0.000000e+00   0.000000e+00
1     1.757986e+02   8.523160e-01  -5.225262e-01   0.000000e+00   3.284314e+00   5.357613e+00   0.000000e+00
0     1.758984e+02   0.000000e+00   0.000000e+00   0.000000e+00   0.000000e+00   0.000000e+00   0.000000e+00
1     1.758984e+02   9.967227e-01   7.737309e-02   0.000000e+00  -4.864736e-01   6.265412e+00   0.000000e+00
0     1.759983e+02   0.000000e+00   0.000000e+00   0.000000e+00   0.000000e+00   0.000000e+00   0.000000e+00
1     1.759983e+02   7.614434e-01   6.477969e-01   0.000000e+00  -4.072051e+00   4.786509e+00   0.000000e+00
0     1.760998e+02   0.000000e+00   0.000000e+00   0.000000e+00   0.000000e+00   0.000000e+00   0.000000e+00
1     1.760998e+02   2.253945e-01   9.739913e-01   0.000000e+00  -6.122371e+00   1.416989e+00   0.000000e+00
0     1.761996e+02   0.000000e+00   0.000000e+00   0.000000e+00   0.000000e+00   0.000000e+00   0.000000e+00
1     1.761996e+02  -3.893375e-01   9.208273e-01   0.000000e+00  -5.788066e+00  -2.446998e+00   0.000000e+00
0     1.762995e+02   0.000000e+00   0.000000e+00   0.000000e+00   0.000000e+00   0.000000e+00   0.000000e+00
1     1.762995e+02  -8.557735e-01   5.169201e-01   0.000000e+00  -3.249191e+00  -5.378695e+00   0.000000e+00
0     1.763993e+02   0.000000e+00   0.000000e+00   0.000000e+00   0.000000e+00   0.000000e+00   0.000000e+00
1     1.763993e+02  -9.962696e-01  -8.387019e-02   0.000000e+00   5.270331e-01  -6.261673e+00   0.000000e+00
0     1.764991e+02   0.000000e+00   0.000000e+00   0.000000e+00   0.000000e+00   0.000000e+00   0.000000e+00
1     1.764991e+02  -7.573306e-01  -6.527193e-01   0.000000e+00   4.102433e+00  -4.759848e+00   0.000000e+00
0     1.765989e+02   0.000000e+00   0.000000e+00   0.000000e+00   0.000000e+00   0.000000e+00   0.000000e+00
1     1.765989e+02  -2.299599e-01  -9.729777e-01   0.000000e+00   6.115438e+00  -1.445169e+00   0.000000e+00
0     1.766987e+02   0.000000e+00   0.000000e+00   0.000000e+00   0.000000e+00   0.000000e+00   0.000000e+00
1     1.766987e+02   3.849932e-01  -9.226603e-01   0.000000e+00   5.799304e+00   2.420114e+00   0.000000e+00
0     1.767986e+02   0.000000e+00   0.000000e+00   0.000000e+00   0.000000e+00   0.000000e+00   0.000000e+00
1     1.767986e+02   8.533029e-01  -5.209101e-01   0.000000e+00   3.274163e+00   5.363828e+00   0.000000e+00
0     1.768984e+02   0.000000e+00   0.000000e+00   0.000000e+00   0.000000e+00   0.000000e+00   0.000000e+00
1     1.768984e+02   9.965728e-01   7.926212e-02   0.000000e+00  -4.983487e-01   6.264484e+00   0.000000e+00
0     1.769999e+02   0.000000e+00   0.000000e+00   0.000000e+00   0.000000e+00   0.000000e+00   0.000000e+00
1     1.769999e+02   7.530196e-01   6.575681e-01   0.000000e+00  -4.133479e+00   4.733568e+00   0.000000e+00
0     1.770998e+02   0.000000e+00   0.000000e+00   0.000000e+00   0.000000e+00   0.000000e+00   0.000000e+00
1     1.770998e+02   2.235451e-01   9.744161e-01   0.000000e+00  -6.125054e+00   1.405367e+00   0.000000e+00
0     1.771996e+02   0.000000e+00   0.000000e+00   0.000000e+00   0.000000e+00   0.000000e+00   0.000000e+00
1     1.771996e+02  -3.910851e-01   9.200850e-01   0.000000e+00  -5.783412e+00  -2.457988e+00   0.000000e+00
0     1.772994e+02   0.000000e+00   0.000000e+00   0.000000e+00   0.000000e+00   0.000000e+00   0.000000e+00
1     1.772994e+02  -8.567532e-01   5.152920e-01   0.000000e+00  -3.238965e+00  -5.384864e+00   0.000000e+00
0     1.773992e+02   0.000000e+00   0.000000e+00   0.000000e+00   0.000000e+00   0.000000e+00   0.000000e+00
1     1.773992e+02  -9.961069e-01  -8.576466e-02   0.000000e+00   5.389416e-01  -6.260663e+00   0.000000e+00
0     1.774990e+02   0.000000e+00   0.000000e+00   0.000000e+00   0.000000e+00   0.000000e+00   0.000000e+00
1     1.774990e+02  -7.560860e-01  -6.541585e-01   0.000000e+00   4.111488e+00  -4.752035e+00   0.000000e+00
0     1.775988e+02   0.000000e+00   0.000000e+00   0.000000e+00   0.000000e+00   0.000000e+00   0.000000e+00
1     1.775988e+02  -2.281061e-01  -9.734125e-01   0.000000e+00   6.118183e+00  -1.433520e+00   0.000000e+00
0     1.776987e+02   0.000000e+00   0.000000e+00   0.000000e+00   0.000000e+00   0.000000e+00   0.000000e+00
1     1.776987e+02   3.867504e-01  -9.219235e-01   0.000000e+00   5.794685e+00   2.431165e+00   0.000000e+00
0     1.777985e+02   0.000000e+00   0.000000e+00   0.000000e+00   0.000000e+00   0.000000e+00   0.000000e+00
1     1.777985e+02   8.542937e-01  -5.192809e-01   0.000000e+00   3.263929e+00   5.370067e+00   0.000000e+00
0     1.778983e+02   0.000000e+00   0.000000e+00   0.000000e+00   0.000000e+00   0.000000e+00   0.000000e+00
1     1.778983e+02   9.964183e-01   8.116406e-02   0.000000e+00  -5.103050e-01   6.263526e+00   0.000000e+00
0     1.779999e+02   0.000000e+00   0.000000e+00   0.000000e+00   0.000000e+00   0.000000e+00   0.000000e+00
1     1.779999e+02   7.517612e-01   6.590043e-01   0.000000e+00  -4.142516e+00   4.725668e+00   0.000000e+00
0     1.780997e+02   0.000000e+00   0.000000e+00   0.000000e+00   0.000000e+00   0.000000e+00   0.000000e+00
1     1.780997e+02   2.216819e-01   9.748403e-01   0.000000e+00  -6.127732e+00   1.393658e+00   0.000000e+00
0     1.781995e+02   0.000000e+00   0.000000e+00   0.000000e+00   0.000000e+00   0.000000e+00   0.000000e+00
1     1.781995e+02  -3.928436e-01   9.193341e-01   0.000000e+00  -5.778704e+00  -2.469046e+00   0.000000e+00
0     1.782993e+02   0.000000e+00   0.000000e+00   0.000000e+00   0.000000e+00   0.000000e+00   0.000000e+00
1     1.782993e+02  -8.577367e-01   5.136508e-01   0.000000e+00  -3.228655e+00  -5.391056e+00   0.000000e+00
0     1.783991e+02   0.000000e+00   0.000000e+00   0.000000e+00   0.000000e+00   0.000000e+00   0.000000e+00
1     1.783991e+02  -9.959395e-01  -8.767191e-02   0.000000e+00   5.509305e-01  -6.259624e+00   0.000000e+00
0     1.784989e+02   0.000000e+00   0.000000e+00   0.000000e+00   0.000000e+00   0.000000e+00   0.000000e+00
1     1.784989e+02  -7.548299e-01  -6.556053e-01   0.000000e+00   4.120590e+00  -4.744150e+00   0.000000e+00
0     1.785988e+02   0.000000e+00   0.000000e+00   0.000000e+00   0.000000e+00   0.000000e+00   0.000000e+00
1     1.785988e+02  -2.262386e-01  -9.738468e-01   0.000000e+00   6.120926e+00  -1.421785e+00   0.000000e+00
0     1.786986e+02   0.000000e+00   0.000000e+00   0.000000e+00   0.000000e+00   0.000000e+00   0.000000e+00
1     1.786986e+02   3.885185e-01  -9.211783e-01   0.000000e+00   5.790013e+00   2.442284e+00   0.000000e+00
0     1.787984e+02   0.000000e+00   0.000000e+00   0.000000e+00   0.000000e+00   0.000000e+00   0.000000e+00
1     1.787984e+02   8.552882e-01  -5.176384e-01   0.000000e+00   3.253612e+00   5.376330e+00   0.000000e+00
0     1.789000e+02   0.000000e+00   0.000000e+00   0.000000e+00   0.000000e+00   0.000000e+00   0.000000e+00
1     1.789000e+02   9.952840e-01   9.404041e-02   0.000000e+00  -5.912447e-01   6.256410e+00   0.000000e+00
0     1.789998e+02   0.000000e+00   0.000000e+00   0.000000e+00   0.000000e+00   0.000000e+00   0.000000e+00
1     1.789998e+02   7.504913e-01   6.604481e-01   0.000000e+00  -4.151599e+00   4.717695e+00   0.000000e+00
0     1.790996e+02   0.000000e+00   0.000000e+00   0.000000e+00   0.000000e+00   0.000000e+00   0.000000e+00
1     1.790996e+02   2.198050e-01   9.752638e-01   0.000000e+00  -6.130407e+00   1.381863e+00   0.000000e+00
0     1.791994e+02   0.000000e+00   0.000000e+00   0.000000e+00   0.000000e+00   0.000000e+00   0.000000e+00
1     1.791994e+02  -3.946129e-01   9.185747e-01   0.000000e+00  -5.773942e+00  -2.480171e+00   0.000000e+00
0     1.792992e+02   0.000000e+00   0.000000e+00   0.000000e+00   0.000000e+00   0.000000e+00   0.000000e+00
1     1.792992e+02  -8.587237e-01   5.119963e-01   0.000000e+00  -3.218262e+00  -5.397272e+00   0.000000e+00
0     1.793990e+02   0.000000e+00   0.000000e+00   0.000000e+00   0.000000e+00   0.000000e+00   0.000000e+00
1     1.793990e+02  -9.957673e-01  -8.959207e-02   0.000000e+00   5.630005e-01  -6.258554e+00   0.000000e+00
0     1.794989e+02   0.000000e+00   0.000000e+00   0.000000e+00   0.000000e+00   0.000000e+00   0.000000e+00
1     1.794989e+02  -7.535624e-01  -6.570596e-01   0.000000e+00   4.129740e+00  -4.736193e+00   0.000000e+00
0     1.795987e+02   0.000000e+00   0.000000e+00   0.000000e+00   0.000000e+00   0.000000e+00   0.000000e+00
1     1.795987e+02  -2.243575e-01  -9.742804e-01   0.000000e+00   6.123665e+00  -1.409965e+00   0.000000e+00
0     1.796985e+02   0.000000e+00   0.000000e+00   0.000000e+00   0.000000e+00   0.000000e+00   0.000000e+00
1     1.796985e+02   3.902972e-01  -9.204244e-01   0.000000e+00   5.785287e+00   2.453469e+00   0.000000e+00
0     1.797983e+02   0.000000e+00   0.000000e+00   0.000000e+00   0.000000e+00   0.000000e+00   0.000000e+00
1     1.797983e+02   8.562864e-01  -5.159827e-01   0.000000e+00   3.243212e+00   5.382616e+00   0.000000e+00
0     1.798999e+02   0.000000e+00   0.000000e+00   0.000000e+00   0.000000e+00   0.000000e+00   0.000000e+00
1     1.798999e+02   9.950987e-01   9.596620e-02   0.000000e+00  -6.033512e-01   6.255259e+00   0.000000e+00
0     1.799997e+02   0.000000e+00   0.000000e+00   0.000000e+00   0.000000e+00   0.000000e+00   0.000000e+00
1     1.799997e+02   7.492099e-01   6.618993e-01   0.000000e+00  -4.160730e+00   4.709650e+00   0.000000e+00
0     1.800995e+02   0.000000e+00   0.000000e+00   0.000000e+00   0.000000e+00   0.000000e+00   0.000000e+00
1     1.800995e+02   2.179144e-01   9.756866e-01   0.000000e+00  -6.133077e+00   1.369982e+00   0.000000e+00
0     1.801993e+02   0.000000e+00   0.000000e+00   0.000000e+00   0.000000e+00   0.000000e+00   0.000000e+00
1     1.801993e+02  -3.963928e-01   9.178066e-01   0.000000e+00  -5.769125e+00  -2.491364e+00   0.000000e+00
0     1.802992e+02   0.000000e+00   0.000000e+00   0.000000e+00   0.000000e+00   0.000000e+00   0.000000e+00
1     1.802992e+02  -8.597144e-01   5.103285e-01   0.000000e+00  -3.207786e+00  -5.403509e+00   0.000000e+00
0     1.803990e+02   0.000000e+00   0.000000e+00   0.000000e+00   0.000000e+00   0.000000e+00   0.000000e+00
1     1.803990e+02  -9.955901e-01  -9.152509e-02   0.000000e+00   5.751515e-01  -6.257453e+00   0.000000e+00
0     1.804988e+02   0.000000e+00   0.000000e+00   0.000000e+00   0.000000e+00   0.000000e+00   0.000000e+00
1     1.804988e+02  -7.522834e-01  -6.585215e-01   0.000000e+00   4.138937e+00  -4.728164e+00   0.000000e+00
0     1.805986e+02   0.000000e+00   0.000000e+00   0.000000e+00   0.000000e+00   0.000000e+00   0.000000e+00
1     1.805986e+02  -2.224625e-01  -9.747133e-01   0.000000e+00   6.126399e+00  -1.398057e+00   0.000000e+00
0     1.806984e+02   0.000000e+00   0.000000e+00   0.000000e+00   0.000000e+00   0.000000e+00   0.000000e+00
1     1.806984e+02   3.920866e-01  -9.196620e-01   0.000000e+00   5.780507e+00   2.464722e+00   0.000000e+00
0     1.808000e+02   0.000000e+00   0.000000e+00   0.000000e+00   0.000000e+00   0.000000e+00   0.000000e+00
1     1.808000e+02   8.628971e-01  -5.048459e-01   0.000000e+00   3.173217e+00   5.424183e+00   0.000000e+00
0     1.808998e+02   0.000000e+00   0.000000e+00   0.000000e+00   0.000000e+00   0.000000e+00   0.000000e+00
1     1.808998e+02   9.949084e-01   9.790473e-02   0.000000e+00  -6.155378e-01   6.254076e+00   0.000000e+00
0     1.809996e+02   0.000000e+00   0.000000e+00   0.000000e+00   0.000000e+00   0.000000e+00   0.000000e+00
1     1.809996e+02   7.479169e-01   6.633579e-01   0.000000e+00  -4.169907e+00   4.701532e+00   0.000000e+00
0     1.810994e+02   0.000000e+00   0.000000e+00   0.000000e+00   0.000000e+00   0.000000e+00   0.000000e+00
1     1.810994e+02   2.160101e-01   9.761086e-01   0.000000e+00  -6.135742e+00   1.358015e+00   0.000000e+00
0     1.811993e+02   0.000000e+00   0.000000e+00   0.000000e+00   0.000000e+00   0.000000e+00   0.000000e+00
1     1.811993e+02  -3.981833e-01   9.170297e-01   0.000000e+00  -5.764254e+00  -2.502624e+00   0.000000e+00
0     1.812991e+02   0.000000e+00   0.000000e+00   0.000000e+00   0.000000e+00   0.000000e+00   0.000000e+00
1     1.812991e+02  -8.607086e-01   5.086474e-01   0.000000e+00  -3.197226e+00  -5.409769e+00   0.000000e+00
0     1.813989e+02   0.000000e+00   0.000000e+00   0.000000e+00   0.000000e+00   0.000000e+00   0.000000e+00
1     1.813989e+02  -9.954079e-01  -9.347094e-02   0.000000e+00   5.873831e-01  -6.256321e+00   0.000000e+00
0     1.814987e+02   0.000000e+00   0.000000e+00   0.000000e+00   0.000000e+00   0.000000e+00   0.000000e+00
1     1.814987e+02  -7.509928e-01  -6.599908e-01   0.000000e+00   4.148181e+00  -4.720062e+00   0.000000e+00
0     1.815985e+02   0.000000e+00   0.000000e+00   0.000000e+00   0.000000e+00   0.000000e+00   0.000000e+00
1     1.815985e+02  -2.205539e-01  -9.751455e-01   0.000000e+00   6.129128e+00  -1.386063e+00   0.000000e+00
0     1.816983e+02   0.000000e+00   0.000000e+00   0.000000e+00   0.000000e+00   0.000000e+00   0.000000e+00
1     1.816983e+02   3.938867e-01  -9.188909e-01   0.000000e+00   5.775673e+00   2.476042e+00   0.000000e+00
0     1.817999e+02   0.000000e+00   0.000000e+00   0.000000e+00   0.000000e+00   0.000000e+00   0.000000e+00
1     1.817999e+02   8.638838e-01  -5.031527e-01   0.000000e+00   3.162580e+00   5.430397e+00   0.000000e+00
0     1.818997e+02   0.000000e+00   0.000000e+00   0.000000e+00   0.000000e+00   0.000000e+00   0.000000e+00
1     1.818997e+02   9.947131e-01   9.985603e-02   0.000000e+00  -6.278047e-01   6.252861e+00   0.000000e+00
0     1.819995e+02   0.000000e+00   0.000000e+00   0.000000e+00   0.000000e+00   0.000000e+00   0.000000e+00
1     1.819995e+02   7.466123e-01   6.648239e-01   0.000000e+00  -4.179131e+00   4.693341e+00   0.000000e+00
0     1.820994e+02   0.000000e+00   0.000000e+00   0.000000e+00   0.000000e+00   0.000000e+00   0.000000e+00
1     1.820994e+02   2.140921e-01   9.765297e-01   0.000000e+00  -6.138402e+00   1.345962e+00   0.000000e+00
0     1.821992e+02   0.000000e+00   0.000000e+00   0.000000e+00   0.000000e+00   0.000000e+00   0.000000e+00
1     1.821992e+02  -3.999844e-01   9.162442e-01   0.000000e+00  -5.759328e+00  -2.513950e+00   0.000000e+00
0     1.822990e+02   0.000000e+00   0.000000e+00   0.000000e+00   0.000000e+00   0.000000e+00   0.000000e+00
1     1.822990e+02  -8.617061e-01   5.069530e-01   0.000000e+00  -3.186582e+00  -5.416050e+00   0.000000e+00
0     1.823988e+02   0.000000e+00   0.000000e+00   0.000000e+00   0.000000e+00   0.000000e+00   0.000000e+00
1     1.823988e+02  -9.952207e-01  -9.542953e-02   0.000000e+00   5.996949e-01  -6.255157e+00   0.000000e+00
0     1.824986e+02   0.000000e+00   0.000000e+00   0.000000e+00   0.000000e+00   0.000000e+00   0.000000e+00
1     1.824986e+02  -7.496906e-01  -6.614675e-01   0.000000e+00   4.157471e+00  -4.711887e+00   0.000000e+00
0     1.825985e+02   0.000000e+00   0.000000e+00   0.000000e+00   0.000000e+00   0.000000e+00   0.000000e+00
1     1.825985e+02  -2.186315e-01  -9.755768e-01   0.000000e+00   6.131853e+00  -1.373983e+00   0.000000e+00
0     1.826983e+02   0.000000e+00   0.000000e+00   0.000000e+00   0.000000e+00   0.000000e+00   0.000000e+00
1     1.826983e+02   3.956975e-01  -9.181110e-01   0.000000e+00   5.770783e+00   2.487429e+00   0.000000e+00
0     1.827998e+02   0.000000e+00   0.000000e+00   0.000000e+00   0.000000e+00   0.000000e+00   0.000000e+00
1     1.827998e+02   8.648738e-01  -5.014462e-01   0.000000e+00   3.151860e+00   5.436631e+00   0.000000e+00
0     1.828997e+02   0.000000e+00   0.000000e+00   0.000000e+00   0.000000e+00   0.000000e+00   0.000000e+00
1     1.828997e+02   9.945125e-01   1.018201e-01   0.000000e+00  -6.401517e-01   6.251613e+00   0.000000e+00
0     1.829995e+02   0.000000e+00   0.000000e+00   0.000000e+00   0.000000e+00   0.000000e+00   0.000000e+00
1     1.829995e+02   7.452960e-01   6.662970e-01   0.000000e+00  -4.188400e+00   4.685077e+00   0.000000e+00
0     1.830993e+02   0.000000e+00   0.000000e+00   0.000000e+00   0.000000e+00   0.000000e+00   0.000000e+00
1     1.830993e+02   2.121605e-01   9.769499e-01   0.000000e+00  -6.141055e+00   1.333822e+00   0.000000e+00
0     1.831991e+02   0.000000e+00   0.000000e+00   0.000000e+00   0.000000e+00   0.000000e+00   0.000000e+00
1     1.831991e+02  -4.017960e-01   9.154498e-01   0.000000e+00  -5.754346e+00  -2.525342e+00   0.000000e+00
0     1.832989e+02   0.000000e+00   0.000000e+00   0.000000e+00   0.000000e+00   0.000000e+00   0.000000e+00
1     1.832989e+02  -8.627070e-01   5.052453e-01   0.000000e+00  -3.175855e+00  -5.422352e+00   0.000000e+00
0     1.833987e+02   0.000000e+00   0.000000e+00   0.000000e+00   0.000000e+00   0.000000e+00   0.000000e+00
1     1.833987e+02  -9.950283e-01  -9.740086e-02   0.000000e+00   6.120868e-01  -6.253961e+00   0.000000e+00
0     1.834986e+02   0.000000e+00   0.000000e+00   0.000000e+00   0.000000e+00   0.000000e+00   0.000000e+00
1     1.834986e+02  -7.483768e-01  -6.629515e-01   0.000000e+00   4.166807e+00  -4.703639e+00   0.000000e+00
0     1.835984e+02   0.000000e+00   0.000000e+00   0.000000e+00   0.000000e+00   0.000000e+00   0.000000e+00
1     1.835984e+02  -2.166954e-01  -9.760072e-01   0.000000e+00   6.134571e+00  -1.361816e+00   0.000000e+00
0     1.836999e+02   0.000000e+00   0.000000e+00   0.000000e+00   0.000000e+00   0.000000e+00   0.000000e+00
1     1.836999e+02   4.075916e-01  -9.128908e-01   0.000000e+00   5.737986e+00   2.562198e+00   0.000000e+00
0     1.837998e+02   0.000000e+00   0.000000e+00   0.000000e+00   0.000000e+00   0.000000e+00   0.000000e+00
1     1.837998e+02   8.658671e-01  -4.997262e-01   0.000000e+00   3.141056e+00   5.442886e+00   0.000000e+00
0     1.838996e+02   0.000000e+00   0.000000e+00   0.000000e+00   0.000000e+00   0.000000e+00   0.000000e+00
1     1.838996e+02   9.943067e-01   1.037969e-01   0.000000e+00  -6.525792e-01   6.250333e+00   0.000000e+00
0     1.839994e+02   0.000000e+00   0.000000e+00   0.000000e+00   0.000000e+00   0.000000e+00   0.000000e+00
1     1.839994e+02   7.439680e-01   6.677775e-01   0.000000e+00  -4.197714e+00   4.676739e+00   0.000000e+00
0     1.840992e+02   0.000000e+00   0.000000e+00   0.000000e+00   0.000000e+00   0.000000e+00   0.000000e+00
1     1.840992e+02   2.102150e-01   9.773690e-01   0.000000e+00  -6.143702e+00   1.321596e+00   0.000000e+00
0     1.841990e+02   0.000000e+00   0.000000e+00   0.000000e+00   0.000000e+00   0.000000e+00   0.000000e+00
1     1.841990e+02  -4.036181e-01   9.146464e-01   0.000000e+00  -5.749308e+00  -2.536801e+00   0.000000e+00
0     1.842988e+02   0.000000e+00   0.000000e+00   0.000000e+00   0.000000e+00   0.000000e+00   0.000000e+00
1     1.842988e+02  -8.637111e-01   5.035242e-01   0.000000e+00  -3.165043e+00  -5.428674e+00   0.000000e+00
0     1.843987e+02   0.000000e+00   0.000000e+00   0.000000e+00   0.000000e+00   0.000000e+00   0.000000e+00
1     1.843987e+02  -9.948307e-01  -9.938496e-02   0.000000e+00   6.245589e-01  -6.252732e+00   0.000000e+00
0     1.844985e+02   0.000000e+00   0.000000e+00   0.000000e+00   0.000000e+00   0.000000e+00   0.000000e+00
1     1.844985e+02  -7.470512e-01  -6.644428e-01   0.000000e+00   4.176189e+00  -4.695317e+00   0.000000e+00
0     1.845983e+02   0.000000e+00   0.000000e+00   0.000000e+00   0.000000e+00   0.000000e+00   0.000000e+00
1     1.845983e+02  -2.147455e-01  -9.764366e-01   0.000000e+00   6.137283e+00  -1.349563e+00   0.000000e+00
0     1.846999e+02   0.000000e+00   0.000000e+00   0.000000e+00   0.000000e+00   0.000000e+00   0.000000e+00
1     1.846999e+02   4.094146e-01  -9.120730e-01   0.000000e+00   5.732858e+00   2.573662e+00   0.000000e+00
0     1.847997e+02   0.000000e+00   0.000000e+00   0.000000e+00   0.000000e+00   0.000000e+00   0.000000e+00
1     1.847997e+02   8.668635e-01  -4.979928e-01   0.000000e+00   3.130166e+00   5.449162e+00   0.000000e+00
0     1.848995e+02   0.000000e+00   0.000000e+00   0.000000e+00   0.000000e+00   0.000000e+00   0.000000e+00
1     1.848995e+02   9.940956e-01   1.057865e-01   0.000000e+00  -6.650870e-01   6.249019e+00   0.000000e+00
0     1.849993e+02   0.000000e+00   0.000000e+00   0.000000e+00   0.000000e+00   0.000000e+00   0.000000e+00
1     1.849993e+02   7.426282e-01   6.692652e-01   0.000000e+00  -4.207074e+00   4.668326e+00   0.000000e+00
0     1.850991e+02   0.000000e+00   0.000000e+00   0.000000e+00   0.000000e+00   0.000000e+00   0.000000e+00
1     1.850991e+02   2.082557e-01   9.777870e-01   0.000000e+00  -6.146342e+00   1.309283e+00   0.000000e+00
0     1.851989e+02   0.000000e+00   0.000000e+00   0.000000e+00   0.000000e+00   0.000000e+00   0.000000e+00
1     1.851989e+02  -4.054507e-01   9.138341e-01   0.000000e+00  -5.744213e+00  -2.548325e+00   0.000000e+00
0     1.852988e+02   0.000000e+00   0.000000e+00   0.000000e+00   0.000000e+00   0.000000e+00   0.000000e+00
1     1.852988e+02  -8.647185e-01   5.017896e-01   0.000000e+00  -3.154147e+00  -5.435017e+00   0.000000e+00
0     1.853986e+02   0.000000e+00   0.000000e+00   0.000000e+00   0.000000e+00   0.000000e+00   0.000000e+00
1     1.853986e+02  -9.946279e-01  -1.013818e-01   0.000000e+00   6.371112e-01  -6.251469e+00   0.000000e+00
0     1.854984e+02   0.000000e+00   0.000000e+00   0.000000e+00   0.000000e+00   0.000000e+00   0.000000e+00
1     1.854984e+02  -7.457139e-01  -6.659412e-01   0.000000e+00   4.185616e+00  -4.686922e+00   0.000000e+00
0     1.856000e+02   0.000000e+00   0.000000e+00   0.000000e+00   0.000000e+00   0.000000e+00   0.000000e+00
1     1.856000e+02  -2.020169e-01  -9.791474e-01   0.000000e+00   6.154337e+00  -1.269561e+00   0.000000e+00
0     1.856998e+02   0.000000e+00   0.000000e+00   0.000000e+00   0.000000e+00   0.000000e+00   0.000000e+00
1     1.856998e+02   4.112479e-01  -9.112462e-01   0.000000e+00   5.727674e+00   2.585192e+00   0.000000e+00
0     1.857996e+02   0.000000e+00   0.000000e+00   0.000000e+00   0.000000e+00   0.000000e+00   0.000000e+00
1     1.857996e+02   8.678630e-01  -4.962460e-01   0.000000e+00   3.119193e+00   5.455456e+00   0.000000e+00
0     1.858994e+02   0.000000e+00   0.000000e+00   0.000000e+00   0.000000e+00   0.000000e+00   0.000000e+00
1     1.858994e+02   9.938790e-01   1.077887e-01   0.000000e+00  -6.776743e-01   6.247671e+00   0.000000e+00
0     1.859992e+02   0.000000e+00   0.000000e+00   0.000000e+00   0.000000e+00   0.000000e+00   0.000000e+00
1     1.859992e+02   7.412765e-01   6.707599e-01   0.000000e+00  -4.216479e+00   4.659839e+00   0.000000e+00
0     1.860991e+02   0.000000e+00   0.000000e+00   0.000000e+00   0.000000e+00   0.000000e+00   0.000000e+00
1     1.860991e+02   2.062828e-01   9.782037e-01   0.000000e+00  -6.148974e+00   1.296884e+00   0.000000e+00
0     1.861989e+02   0.000000e+00   0.000000e+00   0.000000e+00   0.000000e+00   0.000000e+00   0.000000e+00
1     1.861989e+02  -4.072938e-01   9.130127e-01   0.000000e+00  -5.739062e+00  -2.559915e+00   0.000000e+00
0     1.862987e+02   0.000000e+00   0.000000e+00   0.000000e+00   0.000000e+00   0.000000e+00   0.000000e+00
1     1.862987e+02  -8.657289e-01   5.000416e-01   0.000000e+00  -3.143166e+00  -5.441379e+00   0.000000e+00
0     1.863985e+02   0.000000e+00   0.000000e+00   0.000000e+00   0.000000e+00   0.000000e+00   0.000000e+00
1     1.863985e+02  -9.944196e-01  -1.033913e-01   0.000000e+00   6.497435e-01  -6.250173e+00   0.000000e+00
0     1.864983e+02   0.000000e+00   0.000000e+00   0.000000e+00   0.000000e+00   0.000000e+00   0.000000e+00
1     1.864983e+02  -7.443647e-01  -6.674468e-01   0.000000e+00   4.195088e+00  -4.678451e+00   0.000000e+00
0     1.865999e+02   0.000000e+00   0.000000e+00   0.000000e+00   0.000000e+00   0.000000e+00   0.000000e+00
1     1.865999e+02  -2.000350e-01  -9.795527e-01   0.000000e+00   6.156898e+00  -1.257107e+00   0.000000e+00
0     1.866997e+02   0.000000e+00   0.000000e+00   0.000000e+00   0.000000e+00   0.000000e+00   0.000000e+00
1     1.866997e+02   4.130916e-01  -9.104103e-01   0.000000e+00   5.722432e+00   2.596786e+00   0.000000e+00
0     1.867995e+02   0.000000e+00   0.000000e+00   0.000000e+00   0.000000e+00   0.000000e+00   0.000000e+00
1     1.867995e+02   8.688655e-01  -4.944857e-01   0.000000e+00   3.108135e+00   5.461769e+00   0.000000e+00
0     1.868993e+02   0.000000e+00   0.000000e+00   0.000000e+00   0.000000e+00   0.000000e+00   0.000000e+00
1     1.868993e+02   9.936570e-01   1.098036e-01   0.000000e+00  -6.903412e-01   6.246289e+00   0.000000e+00
0     1.869992e+02   0.000000e+00   0.000000e+00   0.000000e+00   0.000000e+00   0.000000e+00   0.000000e+00
1     1.869992e+02   7.399130e-01   6.722617e-01   0.000000e+00  -4.225928e+00   4.651278e+00   0.000000e+00
0     1.870990e+02   0.000000e+00   0.000000e+00   0.000000e+00   0.000000e+00   0.000000e+00   0.000000e+00
1     1.870990e+02   2.042960e-01   9.786192e-01   0.000000e+00  -6.151598e+00   1.284398e+00   0.000000e+00
0     1.871988e+02   0.000000e+00   0.000000e+00   0.000000e+00   0.000000e+00   0.000000e+00   0.000000e+00
1     1.871988e+02  -4.091473e-01   9.121822e-01   0.000000e+00  -5.733853e+00  -2.571571e+00   0.000000e+00
0     1.872986e+02   0.000000e+00   0.000000e+00   0.000000e+00   0.000000e+00   0.000000e+00   0.000000e+00
1     1.872986e+02  -8.667425e-01   4.982800e-01   0.000000e+00  -3.132100e+00  -5.447761e+00   0.000000e+00
0     1.873984e+02   0.000000e+00   0.000000e+00   0.000000e+00   0.000000e+00   0.000000e+00   0.000000e+00
1     1.873984e+02  -9.942059e-01  -1.054137e-01   0.000000e+00   6.624564e-01  -6.248843e+00   0.000000e+00
0     1.875000e+02   0.000000e+00   0.000000e+00   0.000000e+00   0.000000e+00   0.000000e+00   0.000000e+00
1     1.875000e+02  -7.355958e-01  -6.770966e-01   0.000000e+00   4.255751e+00  -4.623345e+00   0.000000e+00
0     1.875998e+02   0.000000e+00   0.000000e+00   0.000000e+00   0.000000e+00   0.000000e+00   0.000000e+00
1     1.875998e+02  -1.980393e-01  -9.799567e-01   0.000000e+00   6.159451e+00  -1.244565e+00   0.000000e+00
0     1.876996e+02   0.000000e+00   0.000000e+00   0.000000e+00   0.000000e+00   0.000000e+00   0.000000e+00
1     1.876996e+02   4.149456e-01  -9.095652e-01   0.000000e+00   5.717132e+00   2.608445e+00   0.000000e+00
0     1.877994e+02   0.000000e+00   0.000000e+00   0.000000e+00   0.000000e+00   0.000000e+00   0.000000e+00
1     1.877994e+02   8.698709e-01  -4.927119e-01   0.000000e+00   3.096992e+00   5.468101e+00   0.000000e+00
0     1.878993e+02   0.000000e+00   0.000000e+00   0.000000e+00   0.000000e+00   0.000000e+00   0.000000e+00
1     1.878993e+02   9.934294e-01   1.118311e-01   0.000000e+00  -7.030875e-01   6.244871e+00   0.000000e+00
0     1.879991e+02   0.000000e+00   0.000000e+00   0.000000e+00   0.000000e+00   0.000000e+00   0.000000e+00
1     1.879991e+02   7.385375e-01   6.737704e-01   0.000000e+00  -4.235420e+00   4.642642e+00   0.000000e+00
0     1.880989e+02   0.000000e+00   0.000000e+00   0.000000e+00   0.000000e+00   0.000000e+00   0.000000e+00
1     1.880989e+02   2.022955e-01   9.790334e-01   0.000000e+00  -6.154214e+00   1.271826e+00   0.000000e+00
0     1.881987e+02   0.000000e+00   0.000000e+00   0.000000e+00   0.000000e+00   0.000000e+00   0.000000e+00
1     1.881987e+02  -4.110110e-01   9.113425e-01   0.000000e+00  -5.728586e+00  -2.583291e+00   0.000000e+00
0     1.882985e+02   0.000000e+00   0.000000e+00   0.000000e+00   0.000000e+00   0.000000e+00   0.000000e+00
1     1.882985e+02  -8.677590e-01   4.965050e-01   0.000000e+00  -3.120949e+00  -5.454161e+00   0.000000e+00
0     1.883984e+02   0.000000e+00   0.000000e+00   0.000000e+00   0.000000e+00   0.000000e+00   0.000000e+00
1     1.883984e+02  -9.939867e-01  -1.074487e-01   0.000000e+00   6.752488e-01  -6.247478e+00   0.000000e+00
0     1.884999e+02   0.000000e+00   0.000000e+00   0.000000e+00   0.000000e+00   0.000000e+00   0.000000e+00
1     1.884999e+02  -7.342061e-01  -6.786012e-01   0.000000e+00   4.265217e+00  -4.614620e+00   0.000000e+00
0     1.885997e+02   0.000000e+00   0.000000e+00   0.000000e+00   0.000000e+00   0.000000e+00   0.000000e+00
1     1.885997e+02  -1.960297e-01  -9.803592e-01   0.000000e+00   6.161994e+00  -1.231936e+00   0.000000e+00
0     1.886996e+02   0.000000e+00   0.000000e+00   0.000000e+00   0.000000e+00   0.000000e+00   0.000000e+00
1     1.886996e+02   4.168100e-01  -9.087107e-01   0.000000e+00   5.711773e+00   2.620170e+00   0.000000e+00
0     1.887994e+02   0.000000e+00   0.000000e+00   0.000000e+00   0.000000e+00   0.000000e+00   0.000000e+00
1     1.887994e+02   8.708792e-01  -4.909246e-01   0.000000e+00   3.085763e+00   5.474451e+00   0.000000e+00
0     1.888992e+02   0.000000e+00   0.000000e+00   0.000000e+00   0.000000e+00   0.000000e+00   0.000000e+00
1     1.888992e+02   9.931962e-01   1.138713e-01   0.000000e+00  -7.159137e-01   6.243419e+00   0.000000e+00
0     1.889990e+02   0.000000e+00   0.000000e+00   0.000000e+00   0.000000e+00   0.000000e+00   0.000000e+00
1     1.889990e+02   7.371501e-01   6.752860e-01   0.000000e+00  -4.244956e+00   4.633930e+00   0.000000e+00
0     1.890988e+02   0.000000e+00   0.000000e+00   0.000000e+00   0.000000e+00   0.000000e+00   0.000000e+00
1     1.890988e+02   2.002813e-01   9.794461e-01   0.000000e+00  -6.156820e+00   1.259167e+00   0.000000e+00
0     1.891986e+02   0.000000e+00   0.000000e+00   0.000000e+00   0.000000e+00   0.000000e+00   0.000000e+00
1     1.891986e+02  -4.128851e-01   9.104935e-01   0.000000e+00  -5.723261e+00  -2.595076e+00   0.000000e+00
0     1.892985e+02   0.000000e+00   0.000000e+00   0.000000e+00   0.000000e+00   0.000000e+00   0.000000e+00
1     1.892985e+02  -8.687784e-01   4.947165e-01   0.000000e+00  -3.109713e+00  -5.460580e+00   0.000000e+00
0     1.893983e+02   0.000000e+00   0.000000e+00   0.000000e+00   0.000000e+00   0.000000e+00   0.000000e+00
1     1.893983e+02  -9.937618e-01  -1.094964e-01   0.000000e+00   6.881208e-01  -6.246077e+00   0.000000e+00
0     1.894998e+02   0.000000e+00   0.000000e+00   0.000000e+00   0.000000e+00   0.000000e+00   0.000000e+00
1     1.894998e+02  -7.328044e-01  -6.801126e-01   0.000000e+00   4.274726e+00  -4.605819e+00   0.000000e+00
0     1.895997e+02   0.000000e+00   0.000000e+00   0.000000e+00   0.000000e+00   0.000000e+00   0.000000e+00
1     1.895997e+02  -1.940064e-01  -9.807601e-01   0.000000e+00   6.164527e+00  -1.219221e+00   0.000000e+00
0     1.896995e+02   0.000000e+00   0.000000e+00   0.000000e+00   0.000000e+00   0.000000e+00   0.000000e+00
1     1.896995e+02   4.186846e-01  -9.078469e-01   0.000000e+00   5.706356e+00   2.631959e+00   0.000000e+00
0     1.897993e+02   0.000000e+00   0.000000e+00   0.000000e+00   0.000000e+00   0.000000e+00   0.000000e+00
1     1.897993e+02   8.718903e-01  -4.891235e-01   0.000000e+00   3.074449e+00   5.480818e+00   0.000000e+00
0     1.898991e+02   0.000000e+00   0.000000e+00   0.000000e+00   0.000000e+00   0.000000e+00   0.000000e+00
1     1.898991e+02   9.929573e-01   1.159243e-01   0.000000e+00  -7.288199e-01   6.241930e+00   0.000000e+00
0     1.899989e+02   0.000000e+00   0.000000e+00   0.000000e+00   0.000000e+00   0.000000e+00   0.000000e+00
1     1.899989e+02   7.357506e-01   6.768086e-01   0.000000e+00  -4.254536e+00   4.625142e+00   0.000000e+00
0     1.900987e+02   0.000000e+00   0.000000e+00   0.000000e+00   0.000000e+00   0.000000e+00   0.000000e+00
1     1.900987e+02   1.982532e-01   9.798572e-01   0.000000e+00  -6.159417e+00   1.246421e+00   0.000000e+00
0     1.901986e+02   0.000000e+00   0.000000e+00   0.000000e+00   0.000000e+00   0.000000e+00   0.000000e+00
1     1.901986e+02  -4.147694e-01   9.096353e-01   0.000000e+00  -5.717878e+00  -2.606925e+00   0.000000e+00
0     1.902984e+02   0.000000e+00   0.000000e+00   0.000000e+00   0.000000e+00   0.000000e+00   0.000000e+00
1     1.902984e+02  -8.698006e-01   4.929144e-01   0.000000e+00  -3.098392e+00  -5.467016e+00   0.000000e+00
0     1.903999e+02   0.000000e+00   0.000000e+00   0.000000e+00   0.000000e+00   0.000000e+00   0.000000e+00
1     1.903999e+02  -9.922434e-01  -1.224850e-01   0.000000e+00   7.697625e-01  -6.236545e+00   0.000000e+00
0     1.904998e+02   0.000000e+00   0.000000e+00   0.000000e+00   0.000000e+00   0.000000e+00   0.000000e+00
1     1.904998e+02  -7.313906e-01  -6.816306e-01   0.000000e+00   4.284277e+00  -4.596942e+00   0.000000e+00
0     1.905996e+02   0.000000e+00   0.000000e+00   0.000000e+00   0.000000e+00   0.000000e+00   0.000000e+00
1     1.905996e+02  -1.919693e-01  -9.811594e-01   0.000000e+00   6.167050e+00  -1.206419e+00   0.000000e+00
0     1.906994e+02   0.000000e+00   0.000000e+00   0.000000e+00   0.000000e+00   0.000000e+00   0.000000e+00
1     1.906994e+02   4.205693e-01  -9.069737e-01   0.000000e+00   5.700880e+00   2.643811e+00   0.000000e+00
0     1.907992e+02   0.000000e+00   0.000000e+00   0.000000e+00   0.000000e+00   0.000000e+00   0.000000e+00
1     1.907992e+02   8.729042e-01  -4.873090e-01   0.000000e+00   3.063049e+00   5.487203e+00   0.000000e+00
0     1.908990e+02   0.000000e+00   0.000000e+00   0.000000e+00   0.000000e+00   0.000000e+00   0.000000e+00
1     1.908990e+02   9.927125e-01   1.179897e-01   0.000000e+00  -7.418051e-01   6.240404e+00   0.000000e+00
0     1.909988e+02   0.000000e+00   0.000000e+00   0.000000e+00   0.000000e+00   0.000000e+00   0.000000e+00
1     1.909988e+02   7.343389e-01   6.783380e-01   0.000000e+00  -4.264158e+00   4.616278e+00   0.000000e+00
0     1.910987e+02   0.000000e+00   0.000000e+00   0.000000e+00   0.000000e+00   0.000000e+00   0.000000e+00
1     1.910987e+02   1.962113e-01   9.802668e-01   0.000000e+00  -6.162004e+00   1.233588e+00   0.000000e+00
0     1.911985e+02   0.000000e+00   0.000000e+00   0.000000e+00   0.000000e+00   0.000000e+00   0.000000e+00
1     1.911985e+02  -4.166640e-01   9.087676e-01   0.000000e+00  -5.712435e+00  -2.618840e+00   0.000000e+00
0     1.912983e+02   0.000000e+00   0.000000e+00   0.000000e+00   0.000000e+00   0.000000e+00   0.000000e+00
1     1.912983e+02  -8.708255e-01   4.910986e-01   0.000000e+00  -3.086985e+00  -5.473470e+00   0.000000e+00
0     1.913999e+02   0.000000e+00   0.000000e+00   0.000000e+00   0.000000e+00   0.000000e+00   0.000000e+00
1     1.913999e+02  -9.919843e-01  -1.245552e-01   0.000000e+00   7.827764e-01  -6.234929e+00   0.000000e+00
0     1.914997e+02   0.000000e+00   0.000000e+00   0.000000e+00   0.000000e+00   0.000000e+00   0.000000e+00
1     1.914997e+02  -7.299647e-01  -6.831554e-01   0.000000e+00   4.293870e+00  -4.587989e+00   0.000000e+00
0     1.915995e+02   0.000000e+00   0.000000e+00   0.000000e+00   0.000000e+00   0.000000e+00   0.000000e+00
1     1.915995e+02  -1.899185e-01  -9.815569e-01   0.000000e+00   6.169562e+00  -1.193532e+00   0.000000e+00
0     1.916993e+02   0.000000e+00   0.000000e+00   0.000000e+00   0.000000e+00   0.000000e+00   0.000000e+00
1     1.916993e+02   4.224642e-01  -9.060910e-01   0.000000e+00   5.695344e+00   2.655728e+00   0.000000e+00
0     1.917991e+02   0.000000e+00   0.000000e+00   0.000000e+00   0.000000e+00   0.000000e+00   0.000000e+00
1     1.917991e+02   8.739206e-01  -4.854808e-01   0.000000e+00   3.051564e+00   5.493604e+00   0.000000e+00
0     1.918990e+02   0.000000e+00   0.000000e+00   0.000000e+00   0.000000e+00   0.000000e+00   0.000000e+00
1     1.918990e+02   9.924619e-01   1.200678e-01   0.000000e+00  -7.548695e-01   6.238842e+00   0.000000e+00
0     1.919988e+02   0.000000e+00   0.000000e+00   0.000000e+00   0.000000e+00   0.000000e+00   0.000000e+00
1     1.919988e+02   7.329151e-01   6.798741e-01   0.000000e+00  -4.273823e+00   4.607337e+00   0.000000e+00
0     1.920986e+02   0.000000e+00   0.000000e+00   0.000000e+00   0.000000e+00   0.000000e+00   0.000000e+00
1     1.920986e+02   1.941556e-01   9.806747e-01   0.000000e+00  -6.164581e+00   1.220669e+00   0.000000e+00
0     1.921984e+02   0.000000e+00   0.000000e+00   0.000000e+00   0.000000e+00   0.000000e+00   0.000000e+00
1     1.921984e+02  -4.185687e-01   9.078904e-01   0.000000e+00  -5.706933e+00  -2.630818e+00   0.000000e+00
0     1.923000e+02   0.000000e+00   0.000000e+00   0.000000e+00   0.000000e+00   0.000000e+00   0.000000e+00
1     1.923000e+02  -8.771860e-01   4.796434e-01   0.000000e+00  -3.014987e+00  -5.513458e+00   0.000000e+00
0     1.923998e+02   0.000000e+00   0.000000e+00   0.000000e+00   0.000000e+00   0.000000e+00   0.000000e+00
1     1.923998e+02  -9.917192e-01  -1.266381e-01   0.000000e+00   7.958697e-01  -6.233276e+00   0.000000e+00
0     1.924996e+02   0.000000e+00   0.000000e+00   0.000000e+00   0.000000e+00   0.000000e+00   0.000000e+00
1     1.924996e+02  -7.285265e-01  -6.846869e-01   0.000000e+00   4.303505e+00  -4.578959e+00   0.000000e+00
0     1.925994e+02   0.000000e+00   0.000000e+00   0.000000e+00   0.000000e+00   0.000000e+00   0.000000e+00
1     1.925994e+02  -1.878539e-01  -9.819527e-01   0.000000e+00   6.172063e+00  -1.180556e+00   0.000000e+00
0     1.926992e+02   0.000000e+00   0.000000e+00   0.000000e+00   0.000000e+00   0.000000e+00   0.000000e+00
1     1.926992e+02   4.243692e-01  -9.051988e-01   0.000000e+00   5.689747e+00   2.667708e+00   0.000000e+00
0     1.927991e+02   0.000000e+00   0.000000e+00   0.000000e+00   0.000000e+00   0.000000e+00   0.000000e+00
1     1.927991e+02   8.749396e-01  -4.836389e-01   0.000000e+00   3.039993e+00   5.500021e+00   0.000000e+00
0     1.928989e+02   0.000000e+00   0.000000e+00   0.000000e+00   0.000000e+00   0.000000e+00   0.000000e+00
1     1.928989e+02   9.922053e-01   1.221584e-01   0.000000e+00  -7.680127e-01   6.237243e+00   0.000000e+00
0     1.929987e+02   0.000000e+00   0.000000e+00   0.000000e+00   0.000000e+00   0.000000e+00   0.000000e+00
1     1.929987e+02   7.314791e-01   6.814168e-01   0.000000e+00  -4.283529e+00   4.598320e+00   0.000000e+00
0     1.930985e+02   0.000000e+00   0.000000e+00   0.000000e+00   0.000000e+00   0.000000e+00   0.000000e+00
1     1.930985e+02   1.920861e-01   9.810808e-01   0.000000e+00  -6.167146e+00   1.207663e+00   0.000000e+00
0     1.931983e+02   0.000000e+00   0.000000e+00   0.000000e+00   0.000000e+00   0.000000e+00   0.000000e+00
1     1.931983e+02  -4.204836e-01   9.070037e-01   0.000000e+00  -5.701370e+00  -2.642860e+00   0.000000e+00
0     1.932999e+02   0.000000e+00   0.000000e+00   0.000000e+00   0.000000e+00   0.000000e+00   0.000000e+00
1     1.932999e+02  -8.781959e-01   4.777891e-01   0.000000e+00  -3.003337e+00  -5.519817e+00   0.000000e+00
0     1.933997e+02   0.000000e+00   0.000000e+00   0.000000e+00   0.000000e+00   0.000000e+00   0.000000e+00
1     1.933997e+02  -9.914480e-01  -1.287334e-01   0.000000e+00   8.090419e-01  -6.231584e+00   0.000000e+00
0     1.934995e+02   0.000000e+00   0.000000e+00   0.000000e+00   0.000000e+00   0.000000e+00   0.000000e+00
1     1.934995e+02  -7.270760e-01  -6.862249e-01   0.000000e+00   4.313182e+00  -4.569851e+00   0.000000e+00
0     1.935993e+02   0.000000e+00   0.000000e+00   0.000000e+00   0.000000e+00   0.000000e+00   0.000000e+00
1     1.935993e+02  -1.857753e-01  -9.823466e-01   0.000000e+00   6.174552e+00  -1.167494e+00   0.000000e+00
0     1.936992e+02   0.000000e+00   0.000000e+00   0.000000e+00   0.000000e+00   0.000000e+00   0.000000e+00
1     1.936992e+02   4.262842e-01  -9.042968e-01   0.000000e+00   5.684091e+00   2.679751e+00   0.000000e+00
0     1.937990e+02   0.000000e+00   0.000000e+00   0.000000e+00   0.000000e+00   0.000000e+00   0.000000e+00
1     1.937990e+02   8.759611e-01  -4.817833e-01   0.000000e+00   3.028335e+00   5.506454e+00   0.000000e+00
0     1.938988e+02   0.000000e+00   0.000000e+00   0.000000e+00   0.000000e+00   0.000000e+00   0.000000e+00
1     1.938988e+02   9.919427e-01   1.242616e-01   0.000000e+00  -7.812350e-01   6.235605e+00   0.000000e+00
0     1.939986e+02   0.000000e+00   0.000000e+00   0.000000e+00   0.000000e+00   0.000000e+00   0.000000e+00
1     1.939986e+02   7.300308e-01   6.829662e-01   0.000000e+00  -4.293277e+00   4.589226e+00   0.000000e+00
0     1.940984e+02   0.000000e+00   0.000000e+00   0.000000e+00   0.000000e+00   0.000000e+00   0.000000e+00
1     1.940984e+02   1.900029e-01   9.814850e-01   0.000000e+00  -6.169699e+00   1.194570e+00   0.000000e+00
0     1.941983e+02   0.000000e+00   0.000000e+00   0.000000e+00   0.000000e+00   0.000000e+00   0.000000e+00
1     1.941983e+02  -4.224086e-01   9.061073e-01   0.000000e+00  -5.695748e+00  -2.654965e+00   0.000000e+00
0     1.942998e+02   0.000000e+00   0.000000e+00   0.000000e+00   0.000000e+00   0.000000e+00   0.000000e+00
1     1.942998e+02  -8.792082e-01   4.759210e-01   0.000000e+00  -2.991601e+00  -5.526191e+00   0.000000e+00
0     1.943996e+02   0.000000e+00   0.000000e+00   0.000000e+00   0.000000e+00   0.000000e+00   0.000000e+00
1     1.943996e+02  -9.911707e-01  -1.308413e-01   0.000000e+00   8.222928e-01  -6.229853e+00   0.000000e+00
0     1.944995e+02   0.000000e+00   0.000000e+00   0.000000e+00   0.000000e+00   0.000000e+00   0.000000e+00
1     1.944995e+02  -7.256131e-01  -6.877695e-01   0.000000e+00   4.322899e+00  -4.560666e+00   0.000000e+00
0     1.945993e+02   0.000000e+00   0.000000e+00   0.000000e+00   0.000000e+00   0.000000e+00   0.000000e+00
1     1.945993e+02  -1.836830e-01  -9.827385e-01   0.000000e+00   6.177028e+00  -1.154345e+00   0.000000e+00
0     1.946991e+02   0.000000e+00   0.000000e+00   0.000000e+00   0.000000e+00   0.000000e+00   0.000000e+00
1     1.946991e+02   4.282094e-01  -9.033852e-01   0.000000e+00   5.678372e+00   2.691858e+00   0.000000e+00
0     1.947989e+02   0.000000e+00   0.000000e+00   0.000000e+00   0.000000e+00   0.000000e+00   0.000000e+00
1     1.947989e+02   8.769850e-01  -4.799139e-01   0.000000e+00   3.016591e+00   5.512902e+00   0.000000e+00
0     1.948987e+02   0.000000e+00   0.000000e+00   0.000000e+00   0.000000e+00   0.000000e+00   0.000000e+00
1     1.948987e+02   9.916739e-01   1.263774e-01   0.000000e+00  -7.945364e-01   6.233928e+00   0.000000e+00
0     1.949985e+02   0.000000e+00   0.000000e+00   0.000000e+00   0.000000e+00   0.000000e+00   0.000000e+00
1     1.949985e+02   7.285702e-01   6.845221e-01   0.000000e+00  -4.303067e+00   4.580054e+00   0.000000e+00
0     1.950984e+02   0.000000e+00   0.000000e+00   0.000000e+00   0.000000e+00   0.000000e+00   0.000000e+00
1     1.950984e+02   1.879058e-01   9.818873e-01   0.000000e+00  -6.172241e+00   1.181390e+00   0.000000e+00
0     1.951999e+02   0.000000e+00   0.000000e+00   0.000000e+00   0.000000e+00   0.000000e+00   0.000000e+00
1     1.951999e+02  -4.342820e-01   9.004760e-01   0.000000e+00  -5.660359e+00  -2.729603e+00   0.000000e+00
0     1.952997e+02   0.000000e+00   0.000000e+00   0.000000e+00   0.000000e+00   0.000000e+00   0.000000e+00
1     1.952997e+02  -8.802227e-01   4.740391e-01   0.000000e+00  -2.979778e+00  -5.532579e+00   0.000000e+00
0     1.953996e+02   0.000000e+00   0.000000e+00   0.000000e+00   0.000000e+00   0.000000e+00   0.000000e+00
1     1.953996e+02  -9.908871e-01  -1.329616e-01   0.000000e+00   8.356219e-01  -6.228084e+00   0.000000e+00
0     1.954994e+02   0.000000e+00   0.000000e+00   0.000000e+00   0.000000e+00   0.000000e+00   0.000000e+00
1     1.954994e+02  -7.241379e-01  -6.893205e-01   0.000000e+00   4.332657e+00  -4.551403e+00   0.000000e+00
0     1.955992e+02   0.000000e+00   0.000000e+00   0.000000e+00   0.000000e+00   0.000000e+00   0.000000e+00
1     1.955992e+02  -1.815769e-01  -9.831283e-01   0.000000e+00   6.179492e+00  -1.141109e+00   0.000000e+00
0     1.956990e+02   0.000000e+00   0.000000e+00   0.000000e+00   0.000000e+00   0.000000e+00   0.000000e+00
1     1.956990e+02   4.301445e-01  -9.024638e-01   0.000000e+00   5.672593e+00   2.704028e+00   0.000000e+00
0     1.957988e+02   0.000000e+00   0.000000e+00   0.000000e+00   0.000000e+00   0.000000e+00   0.000000e+00
1     1.957988e+02   8.780113e-01  -4.780307e-01   0.000000e+00   3.004760e+00   5.519365e+00   0.000000e+00
0     1.958986e+02   0.000000e+00   0.000000e+00   0.000000e+00   0.000000e+00   0.000000e+00   0.000000e+00
1     1.958986e+02   9.913989e-01   1.285057e-01   0.000000e+00  -8.079170e-01   6.232213e+00   0.000000e+00
0     1.959985e+02   0.000000e+00   0.000000e+00   0.000000e+00   0.000000e+00   0.000000e+00   0.000000e+00
1     1.959985e+02   7.270972e-01   6.860845e-01   0.000000e+00  -4.312897e+00   4.570804e+00   0.000000e+00
0     1.960983e+02   0.000000e+00   0.000000e+00   0.000000e+00   0.000000e+00   0.000000e+00   0.000000e+00
1     1.960983e+02   1.857947e-01   9.822876e-01   0.000000e+00  -6.174769e+00   1.168123e+00   0.000000e+00
0     1.961998e+02   0.000000e+00   0.000000e+00   0.000000e+00   0.000000e+00   0.000000e+00   0.000000e+00
1     1.961998e+02  -4.362168e-01   8.995388e-01   0.000000e+00  -5.654479e+00  -2.741771e+00   0.000000e+00
0     1.962997e+02   0.000000e+00   0.000000e+00   0.000000e+00   0.000000e+00   0.000000e+00   0.000000e+00
1     1.962997e+02  -8.812395e-01   4.721435e-01   0.000000e+00  -2.967869e+00  -5.538982e+00   0.000000e+00
0     1.963995e+02   0.000000e+00   0.000000e+00   0.000000e+00   0.000000e+00   0.000000e+00   0.000000e+00
1     1.963995e+02  -9.905972e-01  -1.350944e-01   0.000000e+00   8.490295e-01  -6.226274e+00   0.000000e+00
0     1.964993e+02   0.000000e+00   0.000000e+00   0.000000e+00   0.000000e+00   0.000000e+00   0.000000e+00
1     1.964993e+02  -7.226502e-01  -6.908779e-01   0.000000e+00   4.342456e+00  -4.542062e+00   0.000000e+00
0     1.965991e+02   0.000000e+00   0.000000e+00   0.000000e+00   0.000000e+00   0.000000e+00   0.000000e+00
1     1.965991e+02  -1.794570e-01  -9.835160e-01   0.000000e+00   6.181942e+00  -1.127787e+00   0.000000e+00
0     1.966989e+02   0.000000e+00   0.000000e+00   0.000000e+00   0.000000e+00   0.000000e+00   0.000000e+00
1     1.966989e+02   4.320895e-01  -9.015325e-01   0.000000e+00   5.666751e+00   2.716260e+00   0.000000e+00
0     1.967987e+02   0.000000e+00   0.000000e+00   0.000000e+00   0.000000e+00   0.000000e+00   0.000000e+00
1     1.967987e+02   8.790397e-01  -4.761337e-01   0.000000e+00   2.992842e+00   5.525842e+00   0.000000e+00
0     1.968986e+02   0.000000e+00   0.000000e+00   0.000000e+00   0.000000e+00   0.000000e+00   0.000000e+00
1     1.968986e+02   9.911176e-01   1.306466e-01   0.000000e+00  -8.213762e-01   6.230458e+00   0.000000e+00
0     1.969984e+02   0.000000e+00   0.000000e+00   0.000000e+00   0.000000e+00   0.000000e+00   0.000000e+00
1     1.969984e+02   7.256117e-01   6.876534e-01   0.000000e+00  -4.322768e+00   4.561475e+00   0.000000e+00
0     1.971000e+02   0.000000e+00   0.000000e+00   0.000000e+00   0.000000e+00   0.000000e+00   0.000000e+00
1     1.971000e+02   1.728414e-01   9.846484e-01   0.000000e+00  -6.189620e+00   1.086700e+00   0.000000e+00
0     1.971998e+02   0.000000e+00   0.000000e+00   0.000000e+00   0.000000e+00   0.000000e+00   0.000000e+00
1     1.971998e+02  -4.381616e-01   8.985917e-01   0.000000e+00  -5.648537e+00  -2.754001e+00   0.000000e+00
0     1.972996e+02   0.000000e+00   0.000000e+00   0.000000e+00   0.000000e+00   0.000000e+00   0.000000e+00
1     1.972996e+02  -8.822585e-01   4.702339e-01   0.000000e+00  -2.955872e+00  -5.545398e+00   0.000000e+00
0     1.973994e+02   0.000000e+00   0.000000e+00   0.000000e+00   0.000000e+00   0.000000e+00   0.000000e+00
1     1.973994e+02  -9.903009e-01  -1.372397e-01   0.000000e+00   8.625156e-01  -6.224425e+00   0.000000e+00
0     1.974992e+02   0.000000e+00   0.000000e+00   0.000000e+00   0.000000e+00   0.000000e+00   0.000000e+00
1     1.974992e+02  -7.211501e-01  -6.924416e-01   0.000000e+00   4.352293e+00  -4.532642e+00   0.000000e+00
0     1.975990e+02   0.000000e+00   0.000000e+00   0.000000e+00   0.000000e+00   0.000000e+00   0.000000e+00
1     1.975990e+02  -1.773232e-01  -9.839015e-01   0.000000e+00   6.184378e+00  -1.114377e+00   0.000000e+00
0     1.976989e+02   0.000000e+00   0.000000e+00   0.000000e+00   0.000000e+00   0.000000e+00   0.000000e+00
1     1.976989e+02   4.340444e-01  -9.005913e-01   0.000000e+00   5.660848e+00   2.728553e+00   0.000000e+00
0     1.977987e+02   0.000000e+00   0.000000e+00   0.000000e+00   0.000000e+00   0.000000e+00   0.000000e+00
1     1.977987e+02   8.800704e-01  -4.742229e-01   0.000000e+00   2.980837e+00   5.532332e+00   0.000000e+00
0     1.978985e+02   0.000000e+00   0.000000e+00   0.000000e+00   0.000000e+00   0.000000e+00   0.000000e+00
1     1.978985e+02   9.908300e-01   1.327998e-01   0.000000e+00  -8.349134e-01   6.228663e+00   0.000000e+00
0     1.979983e+02   0.000000e+00   0.000000e+00   0.000000e+00   0.000000e+00   0.000000e+00   0.000000e+00
1     1.979983e+02   7.241138e-01   6.892286e-01   0.000000e+00  -4.332679e+00   4.552068e+00   0.000000e+00
0     1.980999e+02   0.000000e+00   0.000000e+00   0.000000e+00   0.000000e+00   0.000000e+00   0.000000e+00
1     1.980999e+02   1.706984e-01   9.850208e-01   0.000000e+00  -6.191973e+00   1.073231e+00   0.000000e+00
0     1.981997e+02   0.000000e+00   0.000000e+00   0.000000e+00   0.000000e+00   0.000000e+00   0.000000e+00
1     1.981997e+02  -4.401162e-01   8.976345e-01   0.000000e+00  -5.642532e+00  -2.766293e+00   0.000000e+00
0     1.982995e+02   0.000000e+00   0.000000e+00   0.000000e+00   0.000000e+00   0.000000e+00   0.000000e+00
1     1.982995e+02  -8.832794e-01   4.683105e-01   0.000000e+00  -2.943788e+00  -5.551826e+00   0.000000e+00
0     1.983993e+02   0.000000e+00   0.000000e+00   0.000000e+00   0.000000e+00   0.000000e+00   0.000000e+00
1     1.983993e+02  -9.899981e-01  -1.393974e-01   0.000000e+00   8.760802e-01  -6.222534e+00   0.000000e+00
0     1.984991e+02   0.000000e+00   0.000000e+00   0.000000e+00   0.000000e+00   0.000000e+00   0.000000e+00
1     1.984991e+02  -7.196373e-01  -6.940116e-01   0.000000e+00   4.362171e+00  -4.523143e+00   0.000000e+00
0     1.985990e+02   0.000000e+00   0.000000e+00   0.000000e+00   0.000000e+00   0.000000e+00   0.000000e+00
1     1.985990e+02  -1.751756e-01  -9.842846e-01   0.000000e+00   6.186800e+00  -1.100880e+00   0.000000e+00
0     1.986988e+02   0.000000e+00   0.000000e+00   0.000000e+00   0.000000e+00   0.000000e+00   0.000000e+00
1     1.986988e+02   4.360091e-01  -8.996401e-01   0.000000e+00   5.654881e+00   2.740909e+00   0.000000e+00
0     1.987986e+02   0.000000e+00   0.000000e+00   0.000000e+00   0.000000e+00   0.000000e+00   0.000000e+00
1     1.987986e+02   8.811031e-01  -4.722983e-01   0.000000e+00   2.968745e+00   5.538836e+00   0.000000e+00
0     1.988984e+02   0.000000e+00   0.000000e+00   0.000000e+00   0.000000e+00   0.000000e+00   0.000000e+00
1     1.988984e+02   9.905359e-01   1.349655e-01   0.000000e+00  -8.485287e-01   6.226828e+00   0.000000e+00
0     1.990000e+02   0.000000e+00   0.000000e+00   0.000000e+00   0.000000e+00   0.000000e+00   0.000000e+00
1     1.990000e+02   7.149549e-01   6.987230e-01   0.000000e+00  -4.392370e+00   4.494504e+00   0.000000e+00
0     1.990998e+02   0.000000e+00   0.000000e+00   0.000000e+00   0.000000e+00   0.000000e+00   0.000000e+00
1     1.990998e+02   1.685417e-01   9.853908e-01   0.000000e+00  -6.194311e+00   1.059676e+00   0.000000e+00
0     1.991996e+02   0.000000e+00   0.000000e+00   0.000000e+00   0.000000e+00   0.000000e+00   0.000000e+00
1     1.991996e+02  -4.420805e-01   8.966673e-01   0.000000e+00  -5.636463e+00  -2.778646e+00   0.000000e+00
0     1.992994e+02   0.000000e+00   0.000000e+00   0.000000e+00   0.000000e+00   0.000000e+00   0.000000e+00
1     1.992994e+02  -8.843024e-01   4.663732e-01   0.000000e+00  -2.931616e+00  -5.558267e+00   0.000000e+00
0     1.993992e+02   0.000000e+00   0.000000e+00   0.000000e+00   0.000000e+00   0.000000e+00   0.000000e+00
1     1.993992e+02  -9.896887e-01  -1.415676e-01   0.000000e+00   8.897229e-01  -6.220602e+00   0.000000e+00
0     1.994991e+02   0.000000e+00   0.000000e+00   0.000000e+00   0.000000e+00   0.000000e+00   0.000000e+00
1     1.994991e+02  -7.181120e-01  -6.955878e-01   0.000000e+00   4.372087e+00  -4.513565e+00   0.000000e+00
0     1.995989e+02   0.000000e+00   0.000000e+00   0.000000e+00   0.000000e+00   0.000000e+00   0.000000e+00
1     1.995989e+02  -1.730141e-01  -9.846654e-01   0.000000e+00   6.189207e+00  -1.087296e+00   0.000000e+00
0     1.996987e+02   0.000000e+00   0.000000e+00   0.000000e+00   0.000000e+00   0.000000e+00   0.000000e+00
1     1.996987e+02   4.379837e-01  -8.986788e-01   0.000000e+00   5.648851e+00   2.753327e+00   0.000000e+00
0     1.997985e+02   0.000000e+00   0.000000e+00   0.000000e+00   0.000000e+00   0.000000e+00   0.000000e+00
1     1.997985e+02   8.821378e-01  -4.703597e-01   0.000000e+00   2.956565e+00   5.545352e+00   0.000000e+00
0     1.998983e+02   0.000000e+00   0.000000e+00   0.000000e+00   0.000000e+00   0.000000e+00   0.000000e+00
1     1.998983e+02   9.902352e-01   1.371436e-01   0.000000e+00  -8.622227e-01   6.224951e+00   0.000000e+00
0     1.999999e+02   0.000000e+00   0.000000e+00   0.000000e+00   0.000000e+00   0.000000e+00   0.000000e+00
1     1.999999e+02   7.134145e-01   7.002938e-01   0.000000e+00  -4.402254e+00   4.484830e+00   0.000000e+00
0     2.000000e+02   0.000000e+00   0.000000e+00   0.000000e+00   0.000000e+00   0.000000e+00   0.000000e+00
1     2.000000e+02   7.129887e-01   7.007273e-01   0.000000e+00  -4.404979e+00   4.482153e+00   0.000000e+00
