# id: Particle id
# t: time in code units
# a: semi-major axis in code units
# e: eccentricity 
# i: inclination in rad [0, pi]
# Omega: longitude of ascending node in rad [0, 2pi]
# omega: argument of pericentre in rad [0, 2pi]
# f: true anomaly in rad [0, 2pi]
# P: period in code units
# E: eccentric anomaly in rad [0, 2pi]
# M: mean anomaly in rad [0, 2pi]
#id   t              a              e              i              Omega          omega          f              P              E              M           
1     0.000000e+00   1.000000e+00   5.554968e-16   0.000000e+00   0.000000e+00   0.000000e+00   5.000000e-01   9.999950e-01   5.000000e-01   5.000000e-01
1     9.957531e-02   1.000010e+00   9.788265e-06   0.000000e+00   0.000000e+00   4.904679e-01   6.351846e-01   1.000015e+00   6.351788e-01   6.351730e-01
1     1.996177e-01   1.000009e+00   9.419506e-06   0.000000e+00   0.000000e+00   4.297264e-01   1.324509e+00   1.000013e+00   1.324499e+00   1.324490e+00
1     2.996431e-01   1.000008e+00   9.565821e-06   0.000000e+00   0.000000e+00   3.168033e-01   2.065901e+00   1.000011e+00   2.065893e+00   2.065884e+00
1     3.996653e-01   1.000007e+00   1.059966e-05   0.000000e+00   0.000000e+00   2.279647e-01   2.783182e+00   1.000008e+00   2.783179e+00   2.783175e+00
1     4.996889e-01   1.000005e+00   1.211720e-05   0.000000e+00   0.000000e+00   2.220023e-01   3.417593e+00   1.000005e+00   3.417597e+00   3.417600e+00
1     5.997104e-01   1.000003e+00   1.341624e-05   0.000000e+00   0.000000e+00   2.843282e-01   3.983705e+00   1.000002e+00   3.983715e+00   3.983725e+00
1     6.997257e-01   1.000002e+00   1.404792e-05   0.000000e+00   0.000000e+00   3.735799e-01   4.522861e+00   9.999992e-01   4.522875e+00   4.522888e+00
1     7.997329e-01   1.000001e+00   1.398393e-05   0.000000e+00   0.000000e+00   4.519573e-01   5.072850e+00   9.999969e-01   5.072863e+00   5.072876e+00
1     8.997327e-01   1.000000e+00   1.357693e-05   0.000000e+00   0.000000e+00   4.947371e-01   5.658400e+00   9.999955e-01   5.658407e+00   5.658415e+00
1     9.997279e-01   1.000000e+00   1.333833e-05   0.000000e+00   0.000000e+00   5.034052e-01   6.278039e+00   9.999950e-01   6.278039e+00   6.278039e+00
1     1.099719e+00   1.000000e+00   1.331784e-05   0.000000e+00   0.000000e+00   5.038100e-01   6.227288e-01   9.999949e-01   6.227211e-01   6.227133e-01
1     1.199699e+00   9.999999e-01   1.329511e-05   0.000000e+00   0.000000e+00   5.029314e-01   1.251818e+00   9.999949e-01   1.251805e+00   1.251793e+00
1     1.299669e+00   9.999999e-01   1.328413e-05   0.000000e+00   0.000000e+00   5.008838e-01   1.881993e+00   9.999949e-01   1.881980e+00   1.881968e+00
1     1.399625e+00   9.999999e-01   1.329439e-05   0.000000e+00   0.000000e+00   4.985681e-01   2.512350e+00   9.999948e-01   2.512342e+00   2.512334e+00
1     1.499571e+00   9.999998e-01   1.332467e-05   0.000000e+00   0.000000e+00   4.971985e-01   3.141682e+00   9.999948e-01   3.141682e+00   3.141682e+00
1     1.599508e+00   9.999998e-01   1.336214e-05   0.000000e+00   0.000000e+00   4.976087e-01   3.769181e+00   9.999947e-01   3.769188e+00   3.769196e+00
1     1.699437e+00   9.999998e-01   1.338949e-05   0.000000e+00   0.000000e+00   4.997514e-01   4.394907e+00   9.999946e-01   4.394919e+00   4.394932e+00
1     1.799364e+00   9.999997e-01   1.339441e-05   0.000000e+00   0.000000e+00   5.027323e-01   5.019787e+00   9.999946e-01   5.019800e+00   5.019812e+00
1     1.899294e+00   9.999997e-01   1.337546e-05   0.000000e+00   0.000000e+00   5.053364e-01   5.645076e+00   9.999945e-01   5.645083e+00   5.645091e+00
1     1.999228e+00   9.999996e-01   1.334082e-05   0.000000e+00   0.000000e+00   5.066384e-01   6.271699e+00   9.999945e-01   6.271700e+00   6.271700e+00
1     2.099165e+00   9.999996e-01   1.330286e-05   0.000000e+00   0.000000e+00   5.062473e-01   6.168474e-01   9.999944e-01   6.168397e-01   6.168320e-01
1     2.199103e+00   9.999996e-01   1.327444e-05   0.000000e+00   0.000000e+00   5.042186e-01   1.246818e+00   9.999943e-01   1.246806e+00   1.246793e+00
1     2.299041e+00   9.999995e-01   1.326643e-05   0.000000e+00   0.000000e+00   5.011610e-01   1.877808e+00   9.999943e-01   1.877795e+00   1.877783e+00
1     2.398978e+00   9.999995e-01   1.328514e-05   0.000000e+00   0.000000e+00   4.981457e-01   2.508741e+00   9.999942e-01   2.508733e+00   2.508726e+00
1     2.498915e+00   9.999994e-01   1.332639e-05   0.000000e+00   0.000000e+00   4.964636e-01   3.138330e+00   9.999941e-01   3.138330e+00   3.138330e+00
1     2.598851e+00   9.999994e-01   1.337443e-05   0.000000e+00   0.000000e+00   4.969677e-01   3.765729e+00   9.999941e-01   3.765737e+00   3.765745e+00
1     2.698786e+00   9.999993e-01   1.340945e-05   0.000000e+00   0.000000e+00   4.995286e-01   4.391074e+00   9.999940e-01   4.391086e+00   4.391099e+00
1     2.798721e+00   9.999993e-01   1.341684e-05   0.000000e+00   0.000000e+00   5.031042e-01   5.015411e+00   9.999939e-01   5.015424e+00   5.015437e+00
1     2.898655e+00   9.999992e-01   1.339515e-05   0.000000e+00   0.000000e+00   5.061950e-01   5.640242e+00   9.999939e-01   5.640250e+00   5.640258e+00
1     2.998590e+00   9.999992e-01   1.335448e-05   0.000000e+00   0.000000e+00   5.077061e-01   6.266660e+00   9.999938e-01   6.266661e+00   6.266661e+00
1     3.098525e+00   9.999991e-01   1.331070e-05   0.000000e+00   0.000000e+00   5.072178e-01   6.118929e-01   9.999937e-01   6.118852e-01   6.118776e-01
1     3.198461e+00   9.999991e-01   1.327918e-05   0.000000e+00   0.000000e+00   5.050237e-01   1.242014e+00   9.999937e-01   1.242002e+00   1.241989e+00
1     3.298396e+00   9.999991e-01   1.326985e-05   0.000000e+00   0.000000e+00   5.019696e-01   1.872985e+00   9.999936e-01   1.872972e+00   1.872960e+00
1     3.398331e+00   9.999990e-01   1.328473e-05   0.000000e+00   0.000000e+00   4.991107e-01   2.503745e+00   9.999935e-01   2.503737e+00   2.503730e+00
1     3.498266e+00   9.999990e-01   1.331822e-05   0.000000e+00   0.000000e+00   4.973972e-01   3.133359e+00   9.999935e-01   3.133359e+00   3.133359e+00
1     3.599955e+00   9.999989e-01   1.335990e-05   0.000000e+00   0.000000e+00   4.974542e-01   3.772221e+00   9.999934e-01   3.772229e+00   3.772236e+00
1     3.699889e+00   9.999989e-01   1.339328e-05   0.000000e+00   0.000000e+00   4.993442e-01   4.398230e+00   9.999933e-01   4.398243e+00   4.398256e+00
1     3.799822e+00   9.999989e-01   1.340510e-05   0.000000e+00   0.000000e+00   5.023939e-01   5.023079e+00   9.999933e-01   5.023092e+00   5.023105e+00
1     3.899754e+00   9.999988e-01   1.338954e-05   0.000000e+00   0.000000e+00   5.053903e-01   5.647994e+00   9.999932e-01   5.648002e+00   5.648010e+00
1     3.999689e+00   9.999988e-01   1.335277e-05   0.000000e+00   0.000000e+00   5.070898e-01   6.274221e+00   9.999932e-01   6.274221e+00   6.274221e+00
1     4.099625e+00   9.999987e-01   1.331000e-05   0.000000e+00   0.000000e+00   5.068279e-01   6.192329e-01   9.999931e-01   6.192252e-01   6.192175e-01
1     4.199561e+00   9.999987e-01   1.327775e-05   0.000000e+00   0.000000e+00   5.047904e-01   1.249203e+00   9.999930e-01   1.249190e+00   1.249177e+00
1     4.299496e+00   9.999986e-01   1.326675e-05   0.000000e+00   0.000000e+00   5.017798e-01   1.880124e+00   9.999930e-01   1.880112e+00   1.880099e+00
1     4.399428e+00   9.999986e-01   1.328069e-05   0.000000e+00   0.000000e+00   4.988511e-01   2.510942e+00   9.999929e-01   2.510934e+00   2.510927e+00
1     4.499360e+00   9.999986e-01   1.331471e-05   0.000000e+00   0.000000e+00   4.971174e-01   3.140553e+00   9.999928e-01   3.140553e+00   3.140553e+00
1     4.599292e+00   9.999985e-01   1.335571e-05   0.000000e+00   0.000000e+00   4.972540e-01   3.768297e+00   9.999928e-01   3.768305e+00   3.768313e+00
1     4.699225e+00   9.999985e-01   1.338785e-05   0.000000e+00   0.000000e+00   4.992181e-01   4.394230e+00   9.999927e-01   4.394243e+00   4.394256e+00
1     4.799161e+00   9.999984e-01   1.339833e-05   0.000000e+00   0.000000e+00   5.022643e-01   5.019100e+00   9.999927e-01   5.019113e+00   5.019126e+00
1     4.899096e+00   9.999984e-01   1.338252e-05   0.000000e+00   0.000000e+00   5.052087e-01   5.644083e+00   9.999926e-01   5.644091e+00   5.644099e+00
1     4.999031e+00   9.999984e-01   1.334633e-05   0.000000e+00   0.000000e+00   5.068816e-01   6.270338e+00   9.999925e-01   6.270339e+00   6.270339e+00
1     5.098964e+00   9.999983e-01   1.330400e-05   0.000000e+00   0.000000e+00   5.066211e-01   6.153344e-01   9.999925e-01   6.153267e-01   6.153190e-01
1     5.198897e+00   9.999983e-01   1.327186e-05   0.000000e+00   0.000000e+00   5.045349e-01   1.245332e+00   9.999924e-01   1.245319e+00   1.245307e+00
1     5.298830e+00   9.999982e-01   1.326206e-05   0.000000e+00   0.000000e+00   5.014272e-01   1.876342e+00   9.999923e-01   1.876329e+00   1.876316e+00
1     5.398764e+00   9.999982e-01   1.327806e-05   0.000000e+00   0.000000e+00   4.985018e-01   2.507164e+00   9.999923e-01   2.507156e+00   2.507148e+00
1     5.498698e+00   9.999982e-01   1.331314e-05   0.000000e+00   0.000000e+00   4.968661e-01   3.136695e+00   9.999922e-01   3.136695e+00   3.136695e+00
1     5.598633e+00   9.999981e-01   1.335368e-05   0.000000e+00   0.000000e+00   4.970819e-01   3.764377e+00   9.999922e-01   3.764385e+00   3.764393e+00
1     5.698567e+00   9.999981e-01   1.338468e-05   0.000000e+00   0.000000e+00   4.990210e-01   4.390341e+00   9.999921e-01   4.390354e+00   4.390367e+00
1     5.798501e+00   9.999980e-01   1.339472e-05   0.000000e+00   0.000000e+00   5.019523e-01   5.015318e+00   9.999920e-01   5.015331e+00   5.015343e+00
1     5.898434e+00   9.999980e-01   1.337992e-05   0.000000e+00   0.000000e+00   5.047867e-01   5.640396e+00   9.999920e-01   5.640404e+00   5.640412e+00
1     5.998367e+00   9.999979e-01   1.334567e-05   0.000000e+00   0.000000e+00   5.064460e-01   6.266653e+00   9.999919e-01   6.266653e+00   6.266653e+00
1     6.098300e+00   9.999979e-01   1.330515e-05   0.000000e+00   0.000000e+00   5.062773e-01   6.115536e-01   9.999919e-01   6.115459e-01   6.115383e-01
1     6.199986e+00   9.999979e-01   1.327373e-05   0.000000e+00   0.000000e+00   5.043068e-01   1.252455e+00   9.999918e-01   1.252442e+00   1.252430e+00
1     6.299920e+00   9.999978e-01   1.326425e-05   0.000000e+00   0.000000e+00   5.013733e-01   1.883297e+00   9.999917e-01   1.883284e+00   1.883272e+00
1     6.399854e+00   9.999978e-01   1.327940e-05   0.000000e+00   0.000000e+00   4.985694e-01   2.514001e+00   9.999917e-01   2.513993e+00   2.513985e+00
1     6.499788e+00   9.999978e-01   1.331333e-05   0.000000e+00   0.000000e+00   4.969634e-01   3.143500e+00   9.999916e-01   3.143500e+00   3.143500e+00
1     6.599722e+00   9.999977e-01   1.335290e-05   0.000000e+00   0.000000e+00   4.971445e-01   3.771210e+00   9.999916e-01   3.771218e+00   3.771226e+00
1     6.699655e+00   9.999977e-01   1.338325e-05   0.000000e+00   0.000000e+00   4.989953e-01   4.397255e+00   9.999915e-01   4.397267e+00   4.397280e+00
1     6.799589e+00   9.999976e-01   1.339339e-05   0.000000e+00   0.000000e+00   5.018026e-01   5.022353e+00   9.999915e-01   5.022366e+00   5.022378e+00
1     6.899522e+00   9.999976e-01   1.337961e-05   0.000000e+00   0.000000e+00   5.045197e-01   5.647552e+00   9.999914e-01   5.647559e+00   5.647567e+00
1     6.999456e+00   9.999976e-01   1.334698e-05   0.000000e+00   0.000000e+00   5.061116e-01   6.273881e+00   9.999913e-01   6.273882e+00   6.273882e+00
1     7.099389e+00   9.999975e-01   1.330792e-05   0.000000e+00   0.000000e+00   5.059538e-01   6.187758e-01   9.999913e-01   6.187681e-01   6.187604e-01
1     7.199323e+00   9.999975e-01   1.327734e-05   0.000000e+00   0.000000e+00   5.040835e-01   1.248562e+00   9.999912e-01   1.248549e+00   1.248537e+00
1     7.299256e+00   9.999974e-01   1.326707e-05   0.000000e+00   0.000000e+00   5.011954e-01   1.879356e+00   9.999912e-01   1.879344e+00   1.879331e+00
1     7.399190e+00   9.999974e-01   1.328115e-05   0.000000e+00   0.000000e+00   4.984022e-01   2.510046e+00   9.999911e-01   2.510038e+00   2.510030e+00
1     7.499123e+00   9.999974e-01   1.331405e-05   0.000000e+00   0.000000e+00   4.967696e-01   3.139568e+00   9.999910e-01   3.139568e+00   3.139568e+00
1     7.599057e+00   9.999973e-01   1.335324e-05   0.000000e+00   0.000000e+00   4.968862e-01   3.767342e+00   9.999910e-01   3.767350e+00   3.767358e+00
1     7.698990e+00   9.999973e-01   1.338416e-05   0.000000e+00   0.000000e+00   4.986898e-01   4.393436e+00   9.999909e-01   4.393449e+00   4.393462e+00
1     7.798924e+00   9.999972e-01   1.339519e-05   0.000000e+00   0.000000e+00   5.015111e-01   5.018522e+00   9.999909e-01   5.018535e+00   5.018548e+00
1     7.898858e+00   9.999972e-01   1.338186e-05   0.000000e+00   0.000000e+00   5.042966e-01   5.643653e+00   9.999908e-01   5.643661e+00   5.643669e+00
1     7.998791e+00   9.999972e-01   1.334896e-05   0.000000e+00   0.000000e+00   5.059760e-01   6.269896e+00   9.999908e-01   6.269896e+00   6.269896e+00
1     8.098724e+00   9.999971e-01   1.330910e-05   0.000000e+00   0.000000e+00   5.058861e-01   6.147213e-01   9.999907e-01   6.147136e-01   6.147059e-01
1     8.198658e+00   9.999971e-01   1.327771e-05   0.000000e+00   0.000000e+00   5.040607e-01   1.244462e+00   9.999906e-01   1.244450e+00   1.244437e+00
1     8.298591e+00   9.999971e-01   1.326659e-05   0.000000e+00   0.000000e+00   5.012143e-01   1.875216e+00   9.999906e-01   1.875203e+00   1.875191e+00
1     8.398525e+00   9.999970e-01   1.327965e-05   0.000000e+00   0.000000e+00   4.984103e-01   2.505918e+00   9.999905e-01   2.505911e+00   2.505903e+00
1     8.498459e+00   9.999970e-01   1.331239e-05   0.000000e+00   0.000000e+00   4.966900e-01   3.135531e+00   9.999905e-01   3.135530e+00   3.135530e+00
1     8.598392e+00   9.999969e-01   1.335281e-05   0.000000e+00   0.000000e+00   4.967401e-01   3.763371e+00   9.999904e-01   3.763379e+00   3.763387e+00
1     8.698325e+00   9.999969e-01   1.338525e-05   0.000000e+00   0.000000e+00   4.985660e-01   4.389441e+00   9.999903e-01   4.389453e+00   4.389466e+00
1     8.798259e+00   9.999969e-01   1.339713e-05   0.000000e+00   0.000000e+00   5.014573e-01   5.014455e+00   9.999903e-01   5.014468e+00   5.014480e+00
1     8.899945e+00   9.999968e-01   1.338373e-05   0.000000e+00   0.000000e+00   5.043476e-01   5.650497e+00   9.999902e-01   5.650505e+00   5.650513e+00
1     8.999879e+00   9.999968e-01   1.335081e-05   0.000000e+00   0.000000e+00   5.060567e-01   6.276712e+00   9.999902e-01   6.276712e+00   6.276712e+00
1     9.099813e+00   9.999967e-01   1.331088e-05   0.000000e+00   0.000000e+00   5.059992e-01   6.215080e-01   9.999901e-01   6.215002e-01   6.214925e-01
1     9.199746e+00   9.999967e-01   1.327895e-05   0.000000e+00   0.000000e+00   5.041894e-01   1.251235e+00   9.999901e-01   1.251222e+00   1.251210e+00
1     9.299680e+00   9.999967e-01   1.326715e-05   0.000000e+00   0.000000e+00   5.012892e-01   1.882041e+00   9.999900e-01   1.882029e+00   1.882016e+00
1     9.399613e+00   9.999966e-01   1.328033e-05   0.000000e+00   0.000000e+00   4.983926e-01   2.512834e+00   9.999899e-01   2.512826e+00   2.512818e+00
1     9.499546e+00   9.999966e-01   1.331377e-05   0.000000e+00   0.000000e+00   4.966255e-01   3.142490e+00   9.999899e-01   3.142490e+00   3.142490e+00
1     9.599479e+00   9.999965e-01   1.335461e-05   0.000000e+00   0.000000e+00   4.966700e-01   3.770336e+00   9.999898e-01   3.770344e+00   3.770352e+00
1     9.699413e+00   9.999965e-01   1.338725e-05   0.000000e+00   0.000000e+00   4.984870e-01   4.396418e+00   9.999898e-01   4.396430e+00   4.396443e+00
1     9.799347e+00   9.999965e-01   1.339949e-05   0.000000e+00   0.000000e+00   5.013713e-01   5.021442e+00   9.999897e-01   5.021455e+00   5.021468e+00
1     9.899281e+00   9.999964e-01   1.338688e-05   0.000000e+00   0.000000e+00   5.042427e-01   5.646490e+00   9.999896e-01   5.646498e+00   5.646506e+00
1     9.999214e+00   9.999964e-01   1.335406e-05   0.000000e+00   0.000000e+00   5.060243e-01   6.272632e+00   9.999896e-01   6.272632e+00   6.272632e+00
1     1.009915e+01   9.999963e-01   1.331335e-05   0.000000e+00   0.000000e+00   5.060227e-01   6.173701e-01   9.999895e-01   6.173624e-01   6.173547e-01
1     1.019908e+01   9.999963e-01   1.328037e-05   0.000000e+00   0.000000e+00   5.042129e-01   1.247095e+00   9.999895e-01   1.247083e+00   1.247070e+00
1     1.029901e+01   9.999963e-01   1.326790e-05   0.000000e+00   0.000000e+00   5.012825e-01   1.877931e+00   9.999894e-01   1.877919e+00   1.877906e+00
1     1.039895e+01   9.999962e-01   1.328068e-05   0.000000e+00   0.000000e+00   4.983645e-01   2.508746e+00   9.999893e-01   2.508739e+00   2.508731e+00
1     1.049888e+01   9.999962e-01   1.331369e-05   0.000000e+00   0.000000e+00   4.965741e-01   3.138429e+00   9.999893e-01   3.138429e+00   3.138429e+00
1     1.059881e+01   9.999961e-01   1.335434e-05   0.000000e+00   0.000000e+00   4.965785e-01   3.766317e+00   9.999892e-01   3.766325e+00   3.766333e+00
1     1.069875e+01   9.999961e-01   1.338722e-05   0.000000e+00   0.000000e+00   4.983603e-01   4.392435e+00   9.999892e-01   4.392447e+00   4.392460e+00
1     1.079868e+01   9.999961e-01   1.339993e-05   0.000000e+00   0.000000e+00   5.012393e-01   5.017464e+00   9.999891e-01   5.017476e+00   5.017489e+00
1     1.089862e+01   9.999960e-01   1.338760e-05   0.000000e+00   0.000000e+00   5.041277e-01   5.642492e+00   9.999890e-01   5.642500e+00   5.642508e+00
1     1.099855e+01   9.999960e-01   1.335489e-05   0.000000e+00   0.000000e+00   5.059267e-01   6.268616e+00   9.999890e-01   6.268616e+00   6.268617e+00
1     1.109848e+01   9.999960e-01   1.331432e-05   0.000000e+00   0.000000e+00   5.059409e-01   6.133393e-01   9.999889e-01   6.133316e-01   6.133240e-01
1     1.119842e+01   9.999959e-01   1.328147e-05   0.000000e+00   0.000000e+00   5.041548e-01   1.243042e+00   9.999889e-01   1.243030e+00   1.243017e+00
1     1.129835e+01   9.999959e-01   1.326896e-05   0.000000e+00   0.000000e+00   5.012504e-01   1.873854e+00   9.999888e-01   1.873842e+00   1.873829e+00
1     1.139828e+01   9.999958e-01   1.328161e-05   0.000000e+00   0.000000e+00   4.983477e-01   2.504656e+00   9.999888e-01   2.504648e+00   2.504640e+00
1     1.149997e+01   9.999958e-01   1.331524e-05   0.000000e+00   0.000000e+00   4.965498e-01   3.145362e+00   9.999887e-01   3.145362e+00   3.145362e+00
1     1.159990e+01   9.999958e-01   1.335577e-05   0.000000e+00   0.000000e+00   4.965986e-01   3.773205e+00   9.999886e-01   3.773213e+00   3.773221e+00
1     1.169984e+01   9.999957e-01   1.338813e-05   0.000000e+00   0.000000e+00   4.984123e-01   4.399290e+00   9.999886e-01   4.399303e+00   4.399315e+00
1     1.179977e+01   9.999957e-01   1.340011e-05   0.000000e+00   0.000000e+00   5.012893e-01   5.024321e+00   9.999885e-01   5.024333e+00   5.024346e+00
1     1.189970e+01   9.999956e-01   1.338725e-05   0.000000e+00   0.000000e+00   5.041426e-01   5.649385e+00   9.999885e-01   5.649393e+00   5.649401e+00
1     1.199964e+01   9.999956e-01   1.335435e-05   0.000000e+00   0.000000e+00   5.058931e-01   6.275558e+00   9.999884e-01   6.275558e+00   6.275558e+00
1     1.209957e+01   9.999956e-01   1.331385e-05   0.000000e+00   0.000000e+00   5.058570e-01   6.203326e-01   9.999883e-01   6.203248e-01   6.203171e-01
1     1.219950e+01   9.999955e-01   1.328136e-05   0.000000e+00   0.000000e+00   5.040215e-01   1.250086e+00   9.999883e-01   1.250073e+00   1.250061e+00
1     1.229944e+01   9.999955e-01   1.326958e-05   0.000000e+00   0.000000e+00   5.010871e-01   1.880928e+00   9.999882e-01   1.880915e+00   1.880903e+00
1     1.239937e+01   9.999954e-01   1.328308e-05   0.000000e+00   0.000000e+00   4.981965e-01   2.511717e+00   9.999882e-01   2.511709e+00   2.511701e+00
1     1.249930e+01   9.999954e-01   1.331656e-05   0.000000e+00   0.000000e+00   4.964630e-01   3.141343e+00   9.999881e-01   3.141343e+00   3.141343e+00
1     1.259924e+01   9.999954e-01   1.335722e-05   0.000000e+00   0.000000e+00   4.965386e-01   3.769160e+00   9.999880e-01   3.769168e+00   3.769176e+00
1     1.269917e+01   9.999953e-01   1.338962e-05   0.000000e+00   0.000000e+00   4.983859e-01   4.395211e+00   9.999880e-01   4.395224e+00   4.395237e+00
1     1.279911e+01   9.999953e-01   1.340141e-05   0.000000e+00   0.000000e+00   5.013047e-01   5.020201e+00   9.999879e-01   5.020214e+00   5.020226e+00
1     1.289904e+01   9.999952e-01   1.338798e-05   0.000000e+00   0.000000e+00   5.041920e-01   5.645231e+00   9.999879e-01   5.645239e+00   5.645247e+00
1     1.299897e+01   9.999952e-01   1.335431e-05   0.000000e+00   0.000000e+00   5.059450e-01   6.271402e+00   9.999878e-01   6.271402e+00   6.271402e+00
1     1.309891e+01   9.999952e-01   1.331324e-05   0.000000e+00   0.000000e+00   5.058781e-01   6.162076e-01   9.999877e-01   6.161999e-01   6.161922e-01
1     1.319884e+01   9.999951e-01   1.328056e-05   0.000000e+00   0.000000e+00   5.040003e-01   1.246003e+00   9.999877e-01   1.245991e+00   1.245978e+00
1     1.329877e+01   9.999951e-01   1.326889e-05   0.000000e+00   0.000000e+00   5.010246e-01   1.876888e+00   9.999876e-01   1.876875e+00   1.876862e+00
1     1.339871e+01   9.999950e-01   1.328278e-05   0.000000e+00   0.000000e+00   4.980938e-01   2.507717e+00   9.999876e-01   2.507710e+00   2.507702e+00
1     1.349864e+01   9.999950e-01   1.331706e-05   0.000000e+00   0.000000e+00   4.963377e-01   3.137366e+00   9.999875e-01   3.137366e+00   3.137366e+00
1     1.359857e+01   9.999950e-01   1.335866e-05   0.000000e+00   0.000000e+00   4.964325e-01   3.765164e+00   9.999874e-01   3.765172e+00   3.765179e+00
1     1.369851e+01   9.999949e-01   1.339165e-05   0.000000e+00   0.000000e+00   4.983379e-01   4.391157e+00   9.999874e-01   4.391170e+00   4.391182e+00
1     1.379844e+01   9.999949e-01   1.340345e-05   0.000000e+00   0.000000e+00   5.013239e-01   5.016079e+00   9.999873e-01   5.016092e+00   5.016105e+00
1     1.389837e+01   9.999948e-01   1.338957e-05   0.000000e+00   0.000000e+00   5.042594e-01   5.641062e+00   9.999873e-01   5.641070e+00   5.641078e+00
1     1.399831e+01   9.999948e-01   1.335524e-05   0.000000e+00   0.000000e+00   5.060333e-01   6.267212e+00   9.999872e-01   6.267212e+00   6.267212e+00
1     1.409999e+01   9.999948e-01   1.331273e-05   0.000000e+00   0.000000e+00   5.059407e-01   6.230599e-01   9.999871e-01   6.230522e-01   6.230444e-01
1     1.419993e+01   9.999947e-01   1.327969e-05   0.000000e+00   0.000000e+00   5.039952e-01   1.252924e+00   9.999871e-01   1.252911e+00   1.252898e+00
1     1.429986e+01   9.999947e-01   1.326822e-05   0.000000e+00   0.000000e+00   5.009413e-01   1.883886e+00   9.999870e-01   1.883873e+00   1.883861e+00
1     1.439979e+01   9.999946e-01   1.328290e-05   0.000000e+00   0.000000e+00   4.979556e-01   2.514770e+00   9.999869e-01   2.514762e+00   2.514755e+00
1     1.449973e+01   9.999946e-01   1.331818e-05   0.000000e+00   0.000000e+00   4.961945e-01   3.144424e+00   9.999869e-01   3.144424e+00   3.144424e+00
1     1.459966e+01   9.999945e-01   1.336049e-05   0.000000e+00   0.000000e+00   4.963277e-01   3.772183e+00   9.999868e-01   3.772191e+00   3.772199e+00
1     1.469959e+01   9.999945e-01   1.339371e-05   0.000000e+00   0.000000e+00   4.982887e-01   4.398121e+00   9.999868e-01   4.398134e+00   4.398147e+00
1     1.479953e+01   9.999945e-01   1.340528e-05   0.000000e+00   0.000000e+00   5.013263e-01   5.022992e+00   9.999867e-01   5.023005e+00   5.023018e+00
1     1.489946e+01   9.999944e-01   1.339082e-05   0.000000e+00   0.000000e+00   5.042970e-01   5.647940e+00   9.999866e-01   5.647948e+00   5.647956e+00
1     1.499939e+01   9.999944e-01   1.335572e-05   0.000000e+00   0.000000e+00   5.060780e-01   6.274083e+00   9.999866e-01   6.274083e+00   6.274083e+00
1     1.509933e+01   9.999943e-01   1.331321e-05   0.000000e+00   0.000000e+00   5.059768e-01   6.189230e-01   9.999865e-01   6.189153e-01   6.189076e-01
1     1.519926e+01   9.999943e-01   1.327956e-05   0.000000e+00   0.000000e+00   5.040085e-01   1.248809e+00   9.999864e-01   1.248797e+00   1.248784e+00
1     1.529919e+01   9.999943e-01   1.326778e-05   0.000000e+00   0.000000e+00   5.009169e-01   1.879809e+00   9.999864e-01   1.879797e+00   1.879784e+00
1     1.539913e+01   9.999942e-01   1.328245e-05   0.000000e+00   0.000000e+00   4.978947e-01   2.510731e+00   9.999863e-01   2.510723e+00   2.510715e+00
1     1.549906e+01   9.999942e-01   1.331793e-05   0.000000e+00   0.000000e+00   4.961053e-01   3.140413e+00   9.999863e-01   3.140413e+00   3.140413e+00
1     1.559899e+01   9.999941e-01   1.336061e-05   0.000000e+00   0.000000e+00   4.962240e-01   3.768187e+00   9.999862e-01   3.768195e+00   3.768203e+00
1     1.569893e+01   9.999941e-01   1.339426e-05   0.000000e+00   0.000000e+00   4.981906e-01   4.394119e+00   9.999861e-01   4.394132e+00   4.394145e+00
1     1.579886e+01   9.999940e-01   1.340612e-05   0.000000e+00   0.000000e+00   5.012527e-01   5.018966e+00   9.999861e-01   5.018979e+00   5.018991e+00
1     1.589879e+01   9.999940e-01   1.339171e-05   0.000000e+00   0.000000e+00   5.042553e-01   5.643882e+00   9.999860e-01   5.643890e+00   5.643897e+00
1     1.599873e+01   9.999940e-01   1.335644e-05   0.000000e+00   0.000000e+00   5.060635e-01   6.269998e+00   9.999859e-01   6.269998e+00   6.269998e+00
1     1.609866e+01   9.999939e-01   1.331364e-05   0.000000e+00   0.000000e+00   5.059794e-01   6.148208e-01   9.999859e-01   6.148131e-01   6.148054e-01
1     1.619859e+01   9.999939e-01   1.327964e-05   0.000000e+00   0.000000e+00   5.040154e-01   1.244703e+00   9.999858e-01   1.244691e+00   1.244678e+00
1     1.629853e+01   9.999938e-01   1.326754e-05   0.000000e+00   0.000000e+00   5.009135e-01   1.875714e+00   9.999858e-01   1.875702e+00   1.875689e+00
1     1.639846e+01   9.999938e-01   1.328205e-05   0.000000e+00   0.000000e+00   4.978699e-01   2.506657e+00   9.999857e-01   2.506649e+00   2.506641e+00
1     1.649839e+01   9.999938e-01   1.331757e-05   0.000000e+00   0.000000e+00   4.960583e-01   3.136362e+00   9.999856e-01   3.136362e+00   3.136362e+00
1     1.659833e+01   9.999937e-01   1.336044e-05   0.000000e+00   0.000000e+00   4.961625e-01   3.764151e+00   9.999856e-01   3.764159e+00   3.764166e+00
1     1.669826e+01   9.999937e-01   1.339432e-05   0.000000e+00   0.000000e+00   4.981247e-01   4.390088e+00   9.999855e-01   4.390100e+00   4.390113e+00
1     1.679995e+01   9.999936e-01   1.340639e-05   0.000000e+00   0.000000e+00   5.012497e-01   5.025888e+00   9.999854e-01   5.025900e+00   5.025913e+00
1     1.689988e+01   9.999936e-01   1.339169e-05   0.000000e+00   0.000000e+00   5.042562e-01   5.650800e+00   9.999854e-01   5.650808e+00   5.650816e+00
1     1.699981e+01   9.999935e-01   1.335614e-05   0.000000e+00   0.000000e+00   5.060556e-01   6.276925e+00   9.999853e-01   6.276925e+00   6.276925e+00
1     1.709975e+01   9.999935e-01   1.331316e-05   0.000000e+00   0.000000e+00   5.059510e-01   6.217692e-01   9.999853e-01   6.217614e-01   6.217537e-01
1     1.719968e+01   9.999935e-01   1.327921e-05   0.000000e+00   0.000000e+00   5.039627e-01   1.251676e+00   9.999852e-01   1.251664e+00   1.251651e+00
1     1.729961e+01   9.999934e-01   1.326737e-05   0.000000e+00   0.000000e+00   5.008455e-01   1.882703e+00   9.999851e-01   1.882690e+00   1.882678e+00
1     1.739955e+01   9.999934e-01   1.328221e-05   0.000000e+00   0.000000e+00   4.978039e-01   2.513644e+00   9.999851e-01   2.513636e+00   2.513629e+00
1     1.749948e+01   9.999933e-01   1.331795e-05   0.000000e+00   0.000000e+00   4.960090e-01   3.143333e+00   9.999850e-01   3.143333e+00   3.143333e+00
1     1.759941e+01   9.999933e-01   1.336089e-05   0.000000e+00   0.000000e+00   4.961370e-01   3.771098e+00   9.999849e-01   3.771106e+00   3.771114e+00
1     1.769935e+01   9.999932e-01   1.339466e-05   0.000000e+00   0.000000e+00   4.981235e-01   4.397011e+00   9.999849e-01   4.397024e+00   4.397037e+00
1     1.779928e+01   9.999932e-01   1.340648e-05   0.000000e+00   0.000000e+00   5.012089e-01   5.021835e+00   9.999848e-01   5.021848e+00   5.021861e+00
1     1.789921e+01   9.999932e-01   1.339184e-05   0.000000e+00   0.000000e+00   5.042292e-01   5.646734e+00   9.999847e-01   5.646742e+00   5.646750e+00
1     1.799915e+01   9.999931e-01   1.335623e-05   0.000000e+00   0.000000e+00   5.060414e-01   6.272847e+00   9.999847e-01   6.272847e+00   6.272847e+00
1     1.809908e+01   9.999931e-01   1.331316e-05   0.000000e+00   0.000000e+00   5.059454e-01   6.176830e-01   9.999846e-01   6.176753e-01   6.176676e-01
1     1.819902e+01   9.999930e-01   1.327907e-05   0.000000e+00   0.000000e+00   5.039608e-01   1.247587e+00   9.999846e-01   1.247574e+00   1.247562e+00
1     1.829895e+01   9.999930e-01   1.326709e-05   0.000000e+00   0.000000e+00   5.008410e-01   1.878617e+00   9.999845e-01   1.878604e+00   1.878591e+00
1     1.839888e+01   9.999930e-01   1.328184e-05   0.000000e+00   0.000000e+00   4.977895e-01   2.509568e+00   9.999844e-01   2.509560e+00   2.509552e+00
1     1.849882e+01   9.999929e-01   1.331763e-05   0.000000e+00   0.000000e+00   4.959827e-01   3.139269e+00   9.999844e-01   3.139269e+00   3.139269e+00
1     1.859875e+01   9.999929e-01   1.336072e-05   0.000000e+00   0.000000e+00   4.961046e-01   3.767041e+00   9.999843e-01   3.767049e+00   3.767057e+00
1     1.869868e+01   9.999928e-01   1.339465e-05   0.000000e+00   0.000000e+00   4.980936e-01   4.392952e+00   9.999842e-01   4.392965e+00   4.392977e+00
1     1.879862e+01   9.999928e-01   1.340657e-05   0.000000e+00   0.000000e+00   5.011871e-01   5.017768e+00   9.999842e-01   5.017781e+00   5.017794e+00
1     1.889855e+01   9.999927e-01   1.339197e-05   0.000000e+00   0.000000e+00   5.042178e-01   5.642657e+00   9.999841e-01   5.642665e+00   5.642673e+00
1     1.899848e+01   9.999927e-01   1.335633e-05   0.000000e+00   0.000000e+00   5.060406e-01   6.268760e+00   9.999841e-01   6.268760e+00   6.268760e+00
1     1.909842e+01   9.999927e-01   1.331312e-05   0.000000e+00   0.000000e+00   5.059518e-01   6.135890e-01   9.999840e-01   6.135813e-01   6.135737e-01
1     1.919835e+01   9.999926e-01   1.327886e-05   0.000000e+00   0.000000e+00   5.039666e-01   1.243494e+00   9.999839e-01   1.243481e+00   1.243469e+00
1     1.929828e+01   9.999926e-01   1.326674e-05   0.000000e+00   0.000000e+00   5.008373e-01   1.874534e+00   9.999839e-01   1.874521e+00   1.874508e+00
1     1.939997e+01   9.999925e-01   1.328194e-05   0.000000e+00   0.000000e+00   4.977263e-01   2.516561e+00   9.999838e-01   2.516553e+00   2.516545e+00
1     1.949990e+01   9.999925e-01   1.331809e-05   0.000000e+00   0.000000e+00   4.959379e-01   3.146243e+00   9.999837e-01   3.146244e+00   3.146244e+00
1     1.959984e+01   9.999924e-01   1.336130e-05   0.000000e+00   0.000000e+00   4.960899e-01   3.773986e+00   9.999837e-01   3.773994e+00   3.774002e+00
1     1.969977e+01   9.999924e-01   1.339511e-05   0.000000e+00   0.000000e+00   4.981085e-01   4.399868e+00   9.999836e-01   4.399880e+00   4.399893e+00
1     1.979970e+01   9.999924e-01   1.340671e-05   0.000000e+00   0.000000e+00   5.012214e-01   5.024665e+00   9.999835e-01   5.024678e+00   5.024691e+00
1     1.989964e+01   9.999923e-01   1.339169e-05   0.000000e+00   0.000000e+00   5.042551e-01   5.649551e+00   9.999835e-01   5.649559e+00   5.649567e+00
1     1.999957e+01   9.999923e-01   1.335567e-05   0.000000e+00   0.000000e+00   5.060625e-01   6.275670e+00   9.999834e-01   6.275670e+00   6.275670e+00
1     2.009950e+01   9.999922e-01   1.331228e-05   0.000000e+00   0.000000e+00   5.059450e-01   6.205284e-01   9.999834e-01   6.205207e-01   6.205129e-01
1     2.019944e+01   9.999922e-01   1.327811e-05   0.000000e+00   0.000000e+00   5.039293e-01   1.250464e+00   9.999833e-01   1.250452e+00   1.250439e+00
1     2.029937e+01   9.999921e-01   1.326630e-05   0.000000e+00   0.000000e+00   5.007801e-01   1.881524e+00   9.999832e-01   1.881511e+00   1.881499e+00
1     2.039930e+01   9.999921e-01   1.328142e-05   0.000000e+00   0.000000e+00   4.977130e-01   2.512492e+00   9.999832e-01   2.512484e+00   2.512476e+00
1     2.049924e+01   9.999921e-01   1.331764e-05   0.000000e+00   0.000000e+00   4.959108e-01   3.142189e+00   9.999831e-01   3.142189e+00   3.142189e+00
1     2.059917e+01   9.999920e-01   1.336104e-05   0.000000e+00   0.000000e+00   4.960551e-01   3.769939e+00   9.999830e-01   3.769947e+00   3.769955e+00
1     2.069910e+01   9.999920e-01   1.339506e-05   0.000000e+00   0.000000e+00   4.980762e-01   4.395819e+00   9.999830e-01   4.395832e+00   4.395845e+00
1     2.079904e+01   9.999919e-01   1.340682e-05   0.000000e+00   0.000000e+00   5.012005e-01   5.020605e+00   9.999829e-01   5.020618e+00   5.020631e+00
1     2.089897e+01   9.999919e-01   1.339184e-05   0.000000e+00   0.000000e+00   5.042503e-01   5.645476e+00   9.999828e-01   5.645484e+00   5.645492e+00
1     2.099890e+01   9.999919e-01   1.335575e-05   0.000000e+00   0.000000e+00   5.060732e-01   6.271579e+00   9.999828e-01   6.271580e+00   6.271580e+00
1     2.109884e+01   9.999918e-01   1.331220e-05   0.000000e+00   0.000000e+00   5.059661e-01   6.164278e-01   9.999827e-01   6.164201e-01   6.164124e-01
1     2.119877e+01   9.999918e-01   1.327782e-05   0.000000e+00   0.000000e+00   5.039521e-01   1.246362e+00   9.999826e-01   1.246350e+00   1.246337e+00
1     2.129870e+01   9.999917e-01   1.326582e-05   0.000000e+00   0.000000e+00   5.007949e-01   1.877431e+00   9.999826e-01   1.877418e+00   1.877405e+00
1     2.139864e+01   9.999917e-01   1.328086e-05   0.000000e+00   0.000000e+00   4.977132e-01   2.508414e+00   9.999825e-01   2.508406e+00   2.508398e+00
1     2.149857e+01   9.999916e-01   1.331712e-05   0.000000e+00   0.000000e+00   4.958958e-01   3.138126e+00   9.999825e-01   3.138126e+00   3.138126e+00
1     2.159850e+01   9.999916e-01   1.336067e-05   0.000000e+00   0.000000e+00   4.960298e-01   3.765887e+00   9.999824e-01   3.765895e+00   3.765903e+00
1     2.169844e+01   9.999916e-01   1.339490e-05   0.000000e+00   0.000000e+00   4.980487e-01   4.391770e+00   9.999823e-01   4.391782e+00   4.391795e+00
1     2.179837e+01   9.999915e-01   1.340685e-05   0.000000e+00   0.000000e+00   5.011800e-01   5.016549e+00   9.999823e-01   5.016562e+00   5.016575e+00
1     2.189830e+01   9.999915e-01   1.339199e-05   0.000000e+00   0.000000e+00   5.042438e-01   5.641406e+00   9.999822e-01   5.641414e+00   5.641422e+00
1     2.199999e+01   9.999914e-01   1.335514e-05   0.000000e+00   0.000000e+00   5.060992e-01   6.278494e+00   9.999821e-01   6.278494e+00   6.278494e+00
1     2.209992e+01   9.999914e-01   1.331148e-05   0.000000e+00   0.000000e+00   5.059691e-01   6.233656e-01   9.999821e-01   6.233578e-01   6.233500e-01
1     2.219986e+01   9.999913e-01   1.327720e-05   0.000000e+00   0.000000e+00   5.039319e-01   1.253324e+00   9.999820e-01   1.253311e+00   1.253298e+00
1     2.229979e+01   9.999913e-01   1.326547e-05   0.000000e+00   0.000000e+00   5.007614e-01   1.884405e+00   9.999819e-01   1.884393e+00   1.884380e+00
1     2.239972e+01   9.999913e-01   1.328083e-05   0.000000e+00   0.000000e+00   4.976814e-01   2.515387e+00   9.999819e-01   2.515379e+00   2.515371e+00
1     2.249966e+01   9.999912e-01   1.331733e-05   0.000000e+00   0.000000e+00   4.958792e-01   3.145085e+00   9.999818e-01   3.145085e+00   3.145085e+00
1     2.259959e+01   9.999912e-01   1.336096e-05   0.000000e+00   0.000000e+00   4.960359e-01   3.772824e+00   9.999817e-01   3.772831e+00   3.772839e+00
1     2.269952e+01   9.999911e-01   1.339509e-05   0.000000e+00   0.000000e+00   4.980768e-01   4.398684e+00   9.999817e-01   4.398697e+00   4.398710e+00
1     2.279946e+01   9.999911e-01   1.340678e-05   0.000000e+00   0.000000e+00   5.012210e-01   5.023452e+00   9.999816e-01   5.023464e+00   5.023477e+00
1     2.289939e+01   9.999910e-01   1.339162e-05   0.000000e+00   0.000000e+00   5.042835e-01   5.648310e+00   9.999816e-01   5.648318e+00   5.648326e+00
1     2.299932e+01   9.999910e-01   1.335530e-05   0.000000e+00   0.000000e+00   5.061082e-01   6.274413e+00   9.999815e-01   6.274413e+00   6.274413e+00
1     2.309926e+01   9.999910e-01   1.331158e-05   0.000000e+00   0.000000e+00   5.059927e-01   6.192705e-01   9.999814e-01   6.192628e-01   6.192550e-01
1     2.319919e+01   9.999909e-01   1.327713e-05   0.000000e+00   0.000000e+00   5.039649e-01   1.249220e+00   9.999814e-01   1.249207e+00   1.249194e+00
1     2.329912e+01   9.999909e-01   1.326521e-05   0.000000e+00   0.000000e+00   5.007947e-01   1.880302e+00   9.999813e-01   1.880289e+00   1.880276e+00
1     2.339906e+01   9.999908e-01   1.328040e-05   0.000000e+00   0.000000e+00   4.977055e-01   2.511293e+00   9.999812e-01   2.511285e+00   2.511277e+00
1     2.349899e+01   9.999908e-01   1.331685e-05   0.000000e+00   0.000000e+00   4.958886e-01   3.141005e+00   9.999812e-01   3.141005e+00   3.141005e+00
1     2.359892e+01   9.999907e-01   1.336056e-05   0.000000e+00   0.000000e+00   4.960314e-01   3.768759e+00   9.999811e-01   3.768767e+00   3.768774e+00
1     2.369886e+01   9.999907e-01   1.339485e-05   0.000000e+00   0.000000e+00   4.980638e-01   4.394628e+00   9.999810e-01   4.394641e+00   4.394654e+00
1     2.379879e+01   9.999907e-01   1.340675e-05   0.000000e+00   0.000000e+00   5.012076e-01   5.019396e+00   9.999810e-01   5.019409e+00   5.019422e+00
1     2.389872e+01   9.999906e-01   1.339176e-05   0.000000e+00   0.000000e+00   5.042779e-01   5.644248e+00   9.999809e-01   5.644256e+00   5.644264e+00
1     2.399866e+01   9.999906e-01   1.335553e-05   0.000000e+00   0.000000e+00   5.061163e-01   6.270337e+00   9.999808e-01   6.270337e+00   6.270337e+00
1     2.409859e+01   9.999905e-01   1.331177e-05   0.000000e+00   0.000000e+00   5.060155e-01   6.151802e-01   9.999808e-01   6.151725e-01   6.151649e-01
1     2.419852e+01   9.999905e-01   1.327717e-05   0.000000e+00   0.000000e+00   5.039978e-01   1.245120e+00   9.999807e-01   1.245107e+00   1.245095e+00
1     2.429846e+01   9.999904e-01   1.326505e-05   0.000000e+00   0.000000e+00   5.008290e-01   1.876201e+00   9.999807e-01   1.876188e+00   1.876175e+00
1     2.439839e+01   9.999904e-01   1.328008e-05   0.000000e+00   0.000000e+00   4.977321e-01   2.507200e+00   9.999806e-01   2.507192e+00   2.507184e+00
1     2.449832e+01   9.999904e-01   1.331646e-05   0.000000e+00   0.000000e+00   4.959016e-01   3.136927e+00   9.999805e-01   3.136927e+00   3.136927e+00
1     2.459826e+01   9.999903e-01   1.336022e-05   0.000000e+00   0.000000e+00   4.960301e-01   3.764695e+00   9.999805e-01   3.764702e+00   3.764710e+00
1     2.469994e+01   9.999903e-01   1.339509e-05   0.000000e+00   0.000000e+00   4.981014e-01   4.401542e+00   9.999804e-01   4.401554e+00   4.401567e+00
1     2.479988e+01   9.999902e-01   1.340672e-05   0.000000e+00   0.000000e+00   5.012531e-01   5.026302e+00   9.999803e-01   5.026315e+00   5.026328e+00
1     2.489981e+01   9.999902e-01   1.339145e-05   0.000000e+00   0.000000e+00   5.043183e-01   5.651159e+00   9.999803e-01   5.651167e+00   5.651175e+00
1     2.499974e+01   9.999901e-01   1.335504e-05   0.000000e+00   0.000000e+00   5.061400e-01   6.277266e+00   9.999802e-01   6.277266e+00   6.277266e+00
1     2.509968e+01   9.999901e-01   1.331126e-05   0.000000e+00   0.000000e+00   5.060174e-01   6.221311e-01   9.999801e-01   6.221233e-01   6.221156e-01
1     2.519961e+01   9.999901e-01   1.327683e-05   0.000000e+00   0.000000e+00   5.039811e-01   1.252089e+00   9.999801e-01   1.252077e+00   1.252064e+00
1     2.529954e+01   9.999900e-01   1.326499e-05   0.000000e+00   0.000000e+00   5.008040e-01   1.883179e+00   9.999800e-01   1.883166e+00   1.883154e+00
1     2.539948e+01   9.999900e-01   1.328030e-05   0.000000e+00   0.000000e+00   4.977125e-01   2.514173e+00   9.999799e-01   2.514165e+00   2.514158e+00
1     2.549941e+01   9.999899e-01   1.331688e-05   0.000000e+00   0.000000e+00   4.958990e-01   3.143883e+00   9.999799e-01   3.143883e+00   3.143883e+00
1     2.559934e+01   9.999899e-01   1.336065e-05   0.000000e+00   0.000000e+00   4.960495e-01   3.771630e+00   9.999798e-01   3.771638e+00   3.771646e+00
1     2.569928e+01   9.999898e-01   1.339494e-05   0.000000e+00   0.000000e+00   4.980906e-01   4.397492e+00   9.999798e-01   4.397504e+00   4.397517e+00
1     2.579921e+01   9.999898e-01   1.340677e-05   0.000000e+00   0.000000e+00   5.012409e-01   5.022254e+00   9.999797e-01   5.022267e+00   5.022280e+00
1     2.589914e+01   9.999898e-01   1.339167e-05   0.000000e+00   0.000000e+00   5.043129e-01   5.647104e+00   9.999796e-01   5.647112e+00   5.647120e+00
1     2.599908e+01   9.999897e-01   1.335534e-05   0.000000e+00   0.000000e+00   5.061475e-01   6.273198e+00   9.999796e-01   6.273198e+00   6.273199e+00
1     2.609901e+01   9.999897e-01   1.331154e-05   0.000000e+00   0.000000e+00   5.060394e-01   6.180497e-01   9.999795e-01   6.180420e-01   6.180343e-01
1     2.619894e+01   9.999896e-01   1.327697e-05   0.000000e+00   0.000000e+00   5.040131e-01   1.247999e+00   9.999794e-01   1.247986e+00   1.247973e+00
1     2.629888e+01   9.999896e-01   1.326493e-05   0.000000e+00   0.000000e+00   5.008375e-01   1.879087e+00   9.999794e-01   1.879074e+00   1.879062e+00
1     2.639881e+01   9.999895e-01   1.328008e-05   0.000000e+00   0.000000e+00   4.977386e-01   2.510089e+00   9.999793e-01   2.510081e+00   2.510073e+00
1     2.649874e+01   9.999895e-01   1.331658e-05   0.000000e+00   0.000000e+00   4.959117e-01   3.139813e+00   9.999792e-01   3.139813e+00   3.139813e+00
1     2.659868e+01   9.999894e-01   1.336039e-05   0.000000e+00   0.000000e+00   4.960478e-01   3.767574e+00   9.999792e-01   3.767582e+00   3.767590e+00
1     2.669861e+01   9.999894e-01   1.339482e-05   0.000000e+00   0.000000e+00   4.980790e-01   4.393446e+00   9.999791e-01   4.393459e+00   4.393472e+00
1     2.679854e+01   9.999894e-01   1.340684e-05   0.000000e+00   0.000000e+00   5.012271e-01   5.018211e+00   9.999790e-01   5.018224e+00   5.018237e+00
1     2.689848e+01   9.999893e-01   1.339193e-05   0.000000e+00   0.000000e+00   5.043057e-01   5.643056e+00   9.999790e-01   5.643064e+00   5.643072e+00
1     2.699841e+01   9.999893e-01   1.335569e-05   0.000000e+00   0.000000e+00   5.061533e-01   6.269137e+00   9.999789e-01   6.269137e+00   6.269137e+00
1     2.709835e+01   9.999892e-01   1.331185e-05   0.000000e+00   0.000000e+00   5.060595e-01   6.139742e-01   9.999789e-01   6.139665e-01   6.139588e-01
1     2.719828e+01   9.999892e-01   1.327715e-05   0.000000e+00   0.000000e+00   5.040434e-01   1.243913e+00   9.999788e-01   1.243901e+00   1.243888e+00
1     2.729996e+01   9.999891e-01   1.326495e-05   0.000000e+00   0.000000e+00   5.008112e-01   1.886075e+00   9.999787e-01   1.886062e+00   1.886049e+00
1     2.739990e+01   9.999891e-01   1.328038e-05   0.000000e+00   0.000000e+00   4.977181e-01   2.517071e+00   9.999787e-01   2.517063e+00   2.517056e+00
1     2.749983e+01   9.999891e-01   1.331706e-05   0.000000e+00   0.000000e+00   4.959083e-01   3.146779e+00   9.999786e-01   3.146779e+00   3.146779e+00
1     2.759977e+01   9.999890e-01   1.336089e-05   0.000000e+00   0.000000e+00   4.960659e-01   3.774519e+00   9.999785e-01   3.774527e+00   3.774535e+00
1     2.769970e+01   9.999890e-01   1.339516e-05   0.000000e+00   0.000000e+00   4.981147e-01   4.400374e+00   9.999785e-01   4.400386e+00   4.400399e+00
1     2.779963e+01   9.999889e-01   1.340691e-05   0.000000e+00   0.000000e+00   5.012698e-01   5.025132e+00   9.999784e-01   5.025145e+00   5.025158e+00
1     2.789957e+01   9.999889e-01   1.339173e-05   0.000000e+00   0.000000e+00   5.043420e-01   5.649983e+00   9.999783e-01   5.649991e+00   5.649999e+00
1     2.799950e+01   9.999888e-01   1.335532e-05   0.000000e+00   0.000000e+00   5.061724e-01   6.276082e+00   9.999783e-01   6.276082e+00   6.276082e+00
1     2.809943e+01   9.999888e-01   1.331148e-05   0.000000e+00   0.000000e+00   5.060569e-01   6.209416e-01   9.999782e-01   6.209339e-01   6.209261e-01
1     2.819937e+01   9.999888e-01   1.327694e-05   0.000000e+00   0.000000e+00   5.040229e-01   1.250899e+00   9.999781e-01   1.250886e+00   1.250874e+00
1     2.829930e+01   9.999887e-01   1.326498e-05   0.000000e+00   0.000000e+00   5.008424e-01   1.881993e+00   9.999781e-01   1.881980e+00   1.881968e+00
1     2.839923e+01   9.999887e-01   1.328024e-05   0.000000e+00   0.000000e+00   4.977429e-01   2.512996e+00   9.999780e-01   2.512989e+00   2.512981e+00
1     2.849917e+01   9.999886e-01   1.331683e-05   0.000000e+00   0.000000e+00   4.959199e-01   3.142717e+00   9.999779e-01   3.142718e+00   3.142718e+00
1     2.859910e+01   9.999886e-01   1.336068e-05   0.000000e+00   0.000000e+00   4.960628e-01   3.770473e+00   9.999779e-01   3.770481e+00   3.770488e+00
1     2.869903e+01   9.999885e-01   1.339508e-05   0.000000e+00   0.000000e+00   4.981005e-01   4.396339e+00   9.999778e-01   4.396352e+00   4.396365e+00
1     2.879897e+01   9.999885e-01   1.340703e-05   0.000000e+00   0.000000e+00   5.012520e-01   5.021101e+00   9.999778e-01   5.021114e+00   5.021127e+00
1     2.889890e+01   9.999885e-01   1.339202e-05   0.000000e+00   0.000000e+00   5.043295e-01   5.645948e+00   9.999777e-01   5.645956e+00   5.645964e+00
1     2.899883e+01   9.999884e-01   1.335572e-05   0.000000e+00   0.000000e+00   5.061721e-01   6.272035e+00   9.999776e-01   6.272035e+00   6.272035e+00
1     2.909877e+01   9.999884e-01   1.331186e-05   0.000000e+00   0.000000e+00   5.060710e-01   6.168802e-01   9.999776e-01   6.168725e-01   6.168648e-01
1     2.919870e+01   9.999883e-01   1.327720e-05   0.000000e+00   0.000000e+00   5.040482e-01   1.246827e+00   9.999775e-01   1.246814e+00   1.246802e+00
1     2.929863e+01   9.999883e-01   1.326506e-05   0.000000e+00   0.000000e+00   5.008709e-01   1.877918e+00   9.999774e-01   1.877906e+00   1.877893e+00
1     2.939857e+01   9.999882e-01   1.328013e-05   0.000000e+00   0.000000e+00   4.977655e-01   2.508928e+00   9.999774e-01   2.508920e+00   2.508912e+00
1     2.949850e+01   9.999882e-01   1.331662e-05   0.000000e+00   0.000000e+00   4.959298e-01   3.138662e+00   9.999773e-01   3.138662e+00   3.138662e+00
1     2.959843e+01   9.999882e-01   1.336048e-05   0.000000e+00   0.000000e+00   4.960579e-01   3.766432e+00   9.999772e-01   3.766440e+00   3.766448e+00
1     2.969837e+01   9.999881e-01   1.339501e-05   0.000000e+00   0.000000e+00   4.980841e-01   4.392311e+00   9.999772e-01   4.392323e+00   4.392336e+00
1     2.979830e+01   9.999881e-01   1.340714e-05   0.000000e+00   0.000000e+00   5.012317e-01   5.017077e+00   9.999771e-01   5.017090e+00   5.017103e+00
1     2.989999e+01   9.999880e-01   1.339183e-05   0.000000e+00   0.000000e+00   5.043600e-01   5.652889e+00   9.999770e-01   5.652897e+00   5.652905e+00
1     2.999992e+01   9.999880e-01   1.335536e-05   0.000000e+00   0.000000e+00   5.061846e-01   6.278995e+00   9.999770e-01   6.278995e+00   6.278995e+00
1     3.009985e+01   9.999879e-01   1.331152e-05   0.000000e+00   0.000000e+00   5.060616e-01   6.238626e-01   9.999769e-01   6.238548e-01   6.238470e-01
1     3.019979e+01   9.999879e-01   1.327703e-05   0.000000e+00   0.000000e+00   5.040210e-01   1.253827e+00   9.999769e-01   1.253815e+00   1.253802e+00
1     3.029972e+01   9.999879e-01   1.326517e-05   0.000000e+00   0.000000e+00   5.008371e-01   1.884926e+00   9.999768e-01   1.884913e+00   1.884900e+00
1     3.039965e+01   9.999878e-01   1.328053e-05   0.000000e+00   0.000000e+00   4.977388e-01   2.515929e+00   9.999767e-01   2.515921e+00   2.515913e+00
1     3.049959e+01   9.999878e-01   1.331718e-05   0.000000e+00   0.000000e+00   4.959213e-01   3.145645e+00   9.999767e-01   3.145645e+00   3.145645e+00
1     3.059952e+01   9.999877e-01   1.336103e-05   0.000000e+00   0.000000e+00   4.960711e-01   3.773394e+00   9.999766e-01   3.773402e+00   3.773410e+00
1     3.069945e+01   9.999877e-01   1.339538e-05   0.000000e+00   0.000000e+00   4.981144e-01   4.399256e+00   9.999765e-01   4.399268e+00   4.399281e+00
1     3.079939e+01   9.999876e-01   1.340723e-05   0.000000e+00   0.000000e+00   5.012679e-01   5.024017e+00   9.999765e-01   5.024030e+00   5.024042e+00
1     3.089932e+01   9.999876e-01   1.339212e-05   0.000000e+00   0.000000e+00   5.043428e-01   5.648866e+00   9.999764e-01   5.648874e+00   5.648882e+00
1     3.099925e+01   9.999876e-01   1.335576e-05   0.000000e+00   0.000000e+00   5.061790e-01   6.274961e+00   9.999763e-01   6.274961e+00   6.274961e+00
1     3.109919e+01   9.999875e-01   1.331190e-05   0.000000e+00   0.000000e+00   5.060699e-01   6.198149e-01   9.999763e-01   6.198072e-01   6.197995e-01
1     3.119912e+01   9.999875e-01   1.327729e-05   0.000000e+00   0.000000e+00   5.040400e-01   1.249769e+00   9.999762e-01   1.249757e+00   1.249744e+00
1     3.129905e+01   9.999874e-01   1.326524e-05   0.000000e+00   0.000000e+00   5.008593e-01   1.880865e+00   9.999761e-01   1.880852e+00   1.880840e+00
1     3.139899e+01   9.999874e-01   1.328043e-05   0.000000e+00   0.000000e+00   4.977556e-01   2.511874e+00   9.999761e-01   2.511866e+00   2.511858e+00
1     3.149892e+01   9.999873e-01   1.331697e-05   0.000000e+00   0.000000e+00   4.959259e-01   3.141603e+00   9.999760e-01   3.141603e+00   3.141603e+00
1     3.159885e+01   9.999873e-01   1.336084e-05   0.000000e+00   0.000000e+00   4.960616e-01   3.769366e+00   9.999759e-01   3.769374e+00   3.769382e+00
1     3.169879e+01   9.999873e-01   1.339531e-05   0.000000e+00   0.000000e+00   4.980942e-01   4.395239e+00   9.999759e-01   4.395252e+00   4.395265e+00
1     3.179872e+01   9.999872e-01   1.340733e-05   0.000000e+00   0.000000e+00   5.012441e-01   5.020004e+00   9.999758e-01   5.020017e+00   5.020030e+00
1     3.189865e+01   9.999872e-01   1.339240e-05   0.000000e+00   0.000000e+00   5.043240e-01   5.644849e+00   9.999758e-01   5.644857e+00   5.644865e+00
1     3.199859e+01   9.999871e-01   1.335614e-05   0.000000e+00   0.000000e+00   5.061718e-01   6.270932e+00   9.999757e-01   6.270932e+00   6.270933e+00
1     3.209852e+01   9.999871e-01   1.331226e-05   0.000000e+00   0.000000e+00   5.060764e-01   6.157733e-01   9.999756e-01   6.157656e-01   6.157579e-01
1     3.219845e+01   9.999870e-01   1.327753e-05   0.000000e+00   0.000000e+00   5.040570e-01   1.245718e+00   9.999756e-01   1.245705e+00   1.245693e+00
1     3.229839e+01   9.999870e-01   1.326530e-05   0.000000e+00   0.000000e+00   5.008795e-01   1.876811e+00   9.999755e-01   1.876798e+00   1.876785e+00
1     3.239832e+01   9.999870e-01   1.328031e-05   0.000000e+00   0.000000e+00   4.977703e-01   2.507825e+00   9.999754e-01   2.507818e+00   2.507810e+00
1     3.249825e+01   9.999869e-01   1.331676e-05   0.000000e+00   0.000000e+00   4.959285e-01   3.137567e+00   9.999754e-01   3.137567e+00   3.137567e+00
1     3.259994e+01   9.999869e-01   1.336137e-05   0.000000e+00   0.000000e+00   4.960708e-01   3.776340e+00   9.999753e-01   3.776348e+00   3.776356e+00
1     3.269987e+01   9.999868e-01   1.339566e-05   0.000000e+00   0.000000e+00   4.981208e-01   4.402196e+00   9.999752e-01   4.402209e+00   4.402221e+00
1     3.279981e+01   9.999868e-01   1.340740e-05   0.000000e+00   0.000000e+00   5.012771e-01   5.026955e+00   9.999752e-01   5.026968e+00   5.026981e+00
1     3.289974e+01   9.999867e-01   1.339219e-05   0.000000e+00   0.000000e+00   5.043498e-01   5.651808e+00   9.999751e-01   5.651816e+00   5.651824e+00
1     3.299967e+01   9.999867e-01   1.335574e-05   0.000000e+00   0.000000e+00   5.061795e-01   6.277909e+00   9.999750e-01   6.277909e+00   6.277909e+00
1     3.309961e+01   9.999867e-01   1.331187e-05   0.000000e+00   0.000000e+00   5.060615e-01   6.227732e-01   9.999750e-01   6.227655e-01   6.227577e-01
1     3.319954e+01   9.999866e-01   1.327731e-05   0.000000e+00   0.000000e+00   5.040238e-01   1.252736e+00   9.999749e-01   1.252724e+00   1.252711e+00
1     3.329947e+01   9.999866e-01   1.326537e-05   0.000000e+00   0.000000e+00   5.008393e-01   1.883836e+00   9.999749e-01   1.883824e+00   1.883811e+00
1     3.339941e+01   9.999865e-01   1.328066e-05   0.000000e+00   0.000000e+00   4.977374e-01   2.514844e+00   9.999748e-01   2.514837e+00   2.514829e+00
1     3.349934e+01   9.999865e-01   1.331728e-05   0.000000e+00   0.000000e+00   4.959141e-01   3.144568e+00   9.999747e-01   3.144568e+00   3.144568e+00
1     3.359927e+01   9.999864e-01   1.336115e-05   0.000000e+00   0.000000e+00   4.960582e-01   3.772324e+00   9.999747e-01   3.772332e+00   3.772339e+00
1     3.369921e+01   9.999864e-01   1.339555e-05   0.000000e+00   0.000000e+00   4.980976e-01   4.398190e+00   9.999746e-01   4.398203e+00   4.398216e+00
1     3.379914e+01   9.999864e-01   1.340748e-05   0.000000e+00   0.000000e+00   5.012504e-01   5.022953e+00   9.999745e-01   5.022966e+00   5.022979e+00
1     3.389907e+01   9.999863e-01   1.339243e-05   0.000000e+00   0.000000e+00   5.043283e-01   5.647801e+00   9.999745e-01   5.647809e+00   5.647817e+00
1     3.399901e+01   9.999863e-01   1.335608e-05   0.000000e+00   0.000000e+00   5.061697e-01   6.273892e+00   9.999744e-01   6.273892e+00   6.273892e+00
1     3.409894e+01   9.999862e-01   1.331219e-05   0.000000e+00   0.000000e+00   5.060656e-01   6.187421e-01   9.999743e-01   6.187344e-01   6.187267e-01
1     3.419887e+01   9.999862e-01   1.327751e-05   0.000000e+00   0.000000e+00   5.040385e-01   1.248695e+00   9.999743e-01   1.248682e+00   1.248670e+00
1     3.429881e+01   9.999861e-01   1.326539e-05   0.000000e+00   0.000000e+00   5.008573e-01   1.879792e+00   9.999742e-01   1.879780e+00   1.879767e+00
1     3.439874e+01   9.999861e-01   1.328050e-05   0.000000e+00   0.000000e+00   4.977498e-01   2.510806e+00   9.999741e-01   2.510798e+00   2.510790e+00
1     3.449867e+01   9.999861e-01   1.331703e-05   0.000000e+00   0.000000e+00   4.959145e-01   3.140542e+00   9.999741e-01   3.140542e+00   3.140542e+00
1     3.459861e+01   9.999860e-01   1.336091e-05   0.000000e+00   0.000000e+00   4.960447e-01   3.768312e+00   9.999740e-01   3.768320e+00   3.768328e+00
1     3.469854e+01   9.999860e-01   1.339543e-05   0.000000e+00   0.000000e+00   4.980736e-01   4.394190e+00   9.999739e-01   4.394203e+00   4.394215e+00
1     3.479847e+01   9.999859e-01   1.340753e-05   0.000000e+00   0.000000e+00   5.012233e-01   5.018956e+00   9.999739e-01   5.018969e+00   5.018982e+00
1     3.489841e+01   9.999859e-01   1.339265e-05   0.000000e+00   0.000000e+00   5.043064e-01   5.643799e+00   9.999738e-01   5.643807e+00   5.643815e+00
1     3.499834e+01   9.999858e-01   1.335640e-05   0.000000e+00   0.000000e+00   5.061594e-01   6.269878e+00   9.999738e-01   6.269879e+00   6.269879e+00
1     3.509827e+01   9.999858e-01   1.331250e-05   0.000000e+00   0.000000e+00   5.060691e-01   6.147154e-01   9.999737e-01   6.147078e-01   6.147001e-01
1     3.519996e+01   9.999858e-01   1.327726e-05   0.000000e+00   0.000000e+00   5.040039e-01   1.255723e+00   9.999736e-01   1.255710e+00   1.255698e+00
1     3.529989e+01   9.999857e-01   1.326542e-05   0.000000e+00   0.000000e+00   5.008160e-01   1.886827e+00   9.999736e-01   1.886815e+00   1.886802e+00
1     3.539983e+01   9.999857e-01   1.328082e-05   0.000000e+00   0.000000e+00   4.977161e-01   2.517834e+00   9.999735e-01   2.517826e+00   2.517818e+00
1     3.549976e+01   9.999856e-01   1.331751e-05   0.000000e+00   0.000000e+00   4.958995e-01   3.147551e+00   9.999734e-01   3.147552e+00   3.147552e+00
1     3.559969e+01   9.999856e-01   1.336139e-05   0.000000e+00   0.000000e+00   4.960521e-01   3.775300e+00   9.999734e-01   3.775308e+00   3.775316e+00
1     3.569963e+01   9.999855e-01   1.339573e-05   0.000000e+00   0.000000e+00   4.980987e-01   4.401160e+00   9.999733e-01   4.401173e+00   4.401186e+00
1     3.579956e+01   9.999855e-01   1.340754e-05   0.000000e+00   0.000000e+00   5.012550e-01   5.025921e+00   9.999732e-01   5.025933e+00   5.025946e+00
1     3.589949e+01   9.999854e-01   1.339238e-05   0.000000e+00   0.000000e+00   5.043310e-01   5.650771e+00   9.999732e-01   5.650779e+00   5.650787e+00
1     3.599943e+01   9.999854e-01   1.335595e-05   0.000000e+00   0.000000e+00   5.061660e-01   6.276869e+00   9.999731e-01   6.276869e+00   6.276869e+00
1     3.609936e+01   9.999854e-01   1.331204e-05   0.000000e+00   0.000000e+00   5.060532e-01   6.217286e-01   9.999730e-01   6.217208e-01   6.217131e-01
1     3.619929e+01   9.999853e-01   1.327742e-05   0.000000e+00   0.000000e+00   5.040186e-01   1.251690e+00   9.999730e-01   1.251677e+00   1.251665e+00
1     3.629923e+01   9.999853e-01   1.326540e-05   0.000000e+00   0.000000e+00   5.008341e-01   1.882791e+00   9.999729e-01   1.882779e+00   1.882766e+00
1     3.639916e+01   9.999852e-01   1.328063e-05   0.000000e+00   0.000000e+00   4.977290e-01   2.513803e+00   9.999729e-01   2.513796e+00   2.513788e+00
1     3.649909e+01   9.999852e-01   1.331722e-05   0.000000e+00   0.000000e+00   4.959005e-01   3.143533e+00   9.999728e-01   3.143533e+00   3.143533e+00
1     3.659903e+01   9.999851e-01   1.336111e-05   0.000000e+00   0.000000e+00   4.960394e-01   3.771296e+00   9.999727e-01   3.771303e+00   3.771311e+00
1     3.669896e+01   9.999851e-01   1.339557e-05   0.000000e+00   0.000000e+00   4.980758e-01   4.397167e+00   9.999727e-01   4.397179e+00   4.397192e+00
1     3.679889e+01   9.999851e-01   1.340755e-05   0.000000e+00   0.000000e+00   5.012289e-01   5.021930e+00   9.999726e-01   5.021943e+00   5.021956e+00
1     3.689883e+01   9.999850e-01   1.339256e-05   0.000000e+00   0.000000e+00   5.043102e-01   5.646776e+00   9.999725e-01   5.646784e+00   5.646792e+00
1     3.699876e+01   9.999850e-01   1.335623e-05   0.000000e+00   0.000000e+00   5.061567e-01   6.272862e+00   9.999725e-01   6.272863e+00   6.272863e+00
1     3.709870e+01   9.999849e-01   1.331231e-05   0.000000e+00   0.000000e+00   5.060576e-01   6.177092e-01   9.999724e-01   6.177015e-01   6.176938e-01
1     3.719863e+01   9.999849e-01   1.327757e-05   0.000000e+00   0.000000e+00   5.040336e-01   1.247660e+00   9.999723e-01   1.247648e+00   1.247635e+00
1     3.729856e+01   9.999848e-01   1.326537e-05   0.000000e+00   0.000000e+00   5.008525e-01   1.878759e+00   9.999723e-01   1.878746e+00   1.878733e+00
1     3.739850e+01   9.999848e-01   1.328043e-05   0.000000e+00   0.000000e+00   4.977423e-01   2.509777e+00   9.999722e-01   2.509769e+00   2.509761e+00
1     3.749843e+01   9.999848e-01   1.331692e-05   0.000000e+00   0.000000e+00   4.959022e-01   3.139518e+00   9.999721e-01   3.139518e+00   3.139518e+00
1     3.759836e+01   9.999847e-01   1.336082e-05   0.000000e+00   0.000000e+00   4.960276e-01   3.767295e+00   9.999721e-01   3.767302e+00   3.767310e+00
1     3.769830e+01   9.999847e-01   1.339539e-05   0.000000e+00   0.000000e+00   4.980537e-01   4.393176e+00   9.999720e-01   4.393189e+00   4.393202e+00
1     3.779998e+01   9.999846e-01   1.340753e-05   0.000000e+00   0.000000e+00   5.012621e-01   5.028901e+00   9.999719e-01   5.028914e+00   5.028927e+00
1     3.789992e+01   9.999846e-01   1.339225e-05   0.000000e+00   0.000000e+00   5.043361e-01   5.653755e+00   9.999719e-01   5.653763e+00   5.653770e+00
1     3.799985e+01   9.999845e-01   1.335574e-05   0.000000e+00   0.000000e+00   5.061643e-01   6.279860e+00   9.999718e-01   6.279860e+00   6.279860e+00
1     3.809978e+01   9.999845e-01   1.331183e-05   0.000000e+00   0.000000e+00   5.060426e-01   6.247295e-01   9.999718e-01   6.247218e-01   6.247140e-01
1     3.819972e+01   9.999845e-01   1.327727e-05   0.000000e+00   0.000000e+00   5.040004e-01   1.254699e+00   9.999717e-01   1.254686e+00   1.254674e+00
1     3.829965e+01   9.999844e-01   1.326536e-05   0.000000e+00   0.000000e+00   5.008126e-01   1.885804e+00   9.999716e-01   1.885792e+00   1.885779e+00
1     3.839958e+01   9.999844e-01   1.328070e-05   0.000000e+00   0.000000e+00   4.977100e-01   2.516815e+00   9.999716e-01   2.516807e+00   2.516800e+00
1     3.849952e+01   9.999843e-01   1.331737e-05   0.000000e+00   0.000000e+00   4.958888e-01   3.146538e+00   9.999715e-01   3.146538e+00   3.146538e+00
1     3.859945e+01   9.999843e-01   1.336126e-05   0.000000e+00   0.000000e+00   4.960369e-01   3.774292e+00   9.999714e-01   3.774300e+00   3.774308e+00
1     3.869938e+01   9.999842e-01   1.339565e-05   0.000000e+00   0.000000e+00   4.980811e-01   4.400156e+00   9.999714e-01   4.400169e+00   4.400182e+00
1     3.879932e+01   9.999842e-01   1.340753e-05   0.000000e+00   0.000000e+00   5.012377e-01   5.024918e+00   9.999713e-01   5.024930e+00   5.024943e+00
1     3.889925e+01   9.999842e-01   1.339242e-05   0.000000e+00   0.000000e+00   5.043169e-01   5.649766e+00   9.999712e-01   5.649774e+00   5.649782e+00
1     3.899918e+01   9.999841e-01   1.335600e-05   0.000000e+00   0.000000e+00   5.061567e-01   6.275860e+00   9.999712e-01   6.275860e+00   6.275860e+00
1     3.909912e+01   9.999841e-01   1.331207e-05   0.000000e+00   0.000000e+00   5.060487e-01   6.207166e-01   9.999711e-01   6.207088e-01   6.207011e-01
1     3.919905e+01   9.999840e-01   1.327740e-05   0.000000e+00   0.000000e+00   5.040170e-01   1.250676e+00   9.999710e-01   1.250663e+00   1.250651e+00
1     3.929898e+01   9.999840e-01   1.326531e-05   0.000000e+00   0.000000e+00   5.008328e-01   1.881778e+00   9.999710e-01   1.881766e+00   1.881753e+00
1     3.939892e+01   9.999839e-01   1.328048e-05   0.000000e+00   0.000000e+00   4.977250e-01   2.512794e+00   9.999709e-01   2.512787e+00   2.512779e+00
1     3.949885e+01   9.999839e-01   1.331705e-05   0.000000e+00   0.000000e+00   4.958923e-01   3.142530e+00   9.999709e-01   3.142530e+00   3.142530e+00
1     3.959878e+01   9.999839e-01   1.336096e-05   0.000000e+00   0.000000e+00   4.960269e-01   3.770298e+00   9.999708e-01   3.770305e+00   3.770313e+00
1     3.969872e+01   9.999838e-01   1.339547e-05   0.000000e+00   0.000000e+00   4.980608e-01   4.396172e+00   9.999707e-01   4.396185e+00   4.396198e+00
1     3.979865e+01   9.999838e-01   1.340752e-05   0.000000e+00   0.000000e+00   5.012144e-01   5.020937e+00   9.999707e-01   5.020950e+00   5.020962e+00
1     3.989858e+01   9.999837e-01   1.339257e-05   0.000000e+00   0.000000e+00   5.042989e-01   5.645781e+00   9.999706e-01   5.645788e+00   5.645796e+00
1     3.999852e+01   9.999837e-01   1.335626e-05   0.000000e+00   0.000000e+00   5.061501e-01   6.271863e+00   9.999705e-01   6.271864e+00   6.271864e+00
1     4.009845e+01   9.999836e-01   1.331231e-05   0.000000e+00   0.000000e+00   5.060557e-01   6.167067e-01   9.999705e-01   6.166990e-01   6.166913e-01
1     4.019838e+01   9.999836e-01   1.327752e-05   0.000000e+00   0.000000e+00   5.040348e-01   1.246656e+00   9.999704e-01   1.246643e+00   1.246631e+00
1     4.029832e+01   9.999836e-01   1.326526e-05   0.000000e+00   0.000000e+00   5.008539e-01   1.877755e+00   9.999703e-01   1.877743e+00   1.877730e+00
1     4.039825e+01   9.999835e-01   1.328027e-05   0.000000e+00   0.000000e+00   4.977411e-01   2.508777e+00   9.999703e-01   2.508769e+00   2.508761e+00
1     4.049994e+01   9.999835e-01   1.331750e-05   0.000000e+00   0.000000e+00   4.958809e-01   3.149556e+00   9.999702e-01   3.149556e+00   3.149556e+00
1     4.059987e+01   9.999834e-01   1.336140e-05   0.000000e+00   0.000000e+00   4.960383e-01   3.777301e+00   9.999701e-01   3.777309e+00   3.777317e+00
1     4.069980e+01   9.999834e-01   1.339572e-05   0.000000e+00   0.000000e+00   4.980903e-01   4.403158e+00   9.999701e-01   4.403171e+00   4.403184e+00
1     4.079974e+01   9.999833e-01   1.340749e-05   0.000000e+00   0.000000e+00   5.012506e-01   5.027917e+00   9.999700e-01   5.027930e+00   5.027942e+00
1     4.089967e+01   9.999833e-01   1.339225e-05   0.000000e+00   0.000000e+00   5.043279e-01   5.652768e+00   9.999699e-01   5.652776e+00   5.652784e+00
1     4.099960e+01   9.999833e-01   1.335576e-05   0.000000e+00   0.000000e+00   5.061609e-01   6.278870e+00   9.999699e-01   6.278870e+00   6.278870e+00
1     4.109954e+01   9.999832e-01   1.331182e-05   0.000000e+00   0.000000e+00   5.060437e-01   6.237361e-01   9.999698e-01   6.237283e-01   6.237206e-01
1     4.119947e+01   9.999832e-01   1.327721e-05   0.000000e+00   0.000000e+00   5.040043e-01   1.253704e+00   9.999698e-01   1.253691e+00   1.253679e+00
1     4.129940e+01   9.999831e-01   1.326524e-05   0.000000e+00   0.000000e+00   5.008166e-01   1.884811e+00   9.999697e-01   1.884798e+00   1.884785e+00
1     4.139934e+01   9.999831e-01   1.328054e-05   0.000000e+00   0.000000e+00   4.977113e-01   2.515825e+00   9.999696e-01   2.515817e+00   2.515810e+00
1     4.149927e+01   9.999830e-01   1.331719e-05   0.000000e+00   0.000000e+00   4.958858e-01   3.145554e+00   9.999696e-01   3.145554e+00   3.145554e+00
1     4.159920e+01   9.999830e-01   1.336110e-05   0.000000e+00   0.000000e+00   4.960298e-01   3.773313e+00   9.999695e-01   3.773321e+00   3.773329e+00
1     4.169914e+01   9.999830e-01   1.339555e-05   0.000000e+00   0.000000e+00   4.980718e-01   4.399181e+00   9.999694e-01   4.399193e+00   4.399206e+00
1     4.179907e+01   9.999829e-01   1.340748e-05   0.000000e+00   0.000000e+00   5.012291e-01   5.023942e+00   9.999694e-01   5.023955e+00   5.023968e+00
1     4.189900e+01   9.999829e-01   1.339242e-05   0.000000e+00   0.000000e+00   5.043115e-01   5.648789e+00   9.999693e-01   5.648797e+00   5.648805e+00
1     4.199894e+01   9.999828e-01   1.335602e-05   0.000000e+00   0.000000e+00   5.061559e-01   6.274880e+00   9.999692e-01   6.274880e+00   6.274880e+00
1     4.209887e+01   9.999828e-01   1.331207e-05   0.000000e+00   0.000000e+00   5.060522e-01   6.197328e-01   9.999692e-01   6.197251e-01   6.197174e-01
1     4.219880e+01   9.999827e-01   1.327734e-05   0.000000e+00   0.000000e+00   5.040233e-01   1.249691e+00   9.999691e-01   1.249678e+00   1.249666e+00
1     4.229874e+01   9.999827e-01   1.326520e-05   0.000000e+00   0.000000e+00   5.008390e-01   1.880794e+00   9.999690e-01   1.880782e+00   1.880769e+00
1     4.239867e+01   9.999827e-01   1.328033e-05   0.000000e+00   0.000000e+00   4.977285e-01   2.511815e+00   9.999690e-01   2.511807e+00   2.511799e+00
1     4.249860e+01   9.999826e-01   1.331688e-05   0.000000e+00   0.000000e+00   4.958915e-01   3.141555e+00   9.999689e-01   3.141555e+00   3.141555e+00
1     4.259854e+01   9.999826e-01   1.336082e-05   0.000000e+00   0.000000e+00   4.960222e-01   3.769328e+00   9.999688e-01   3.769336e+00   3.769344e+00
1     4.269847e+01   9.999825e-01   1.339538e-05   0.000000e+00   0.000000e+00   4.980541e-01   4.395206e+00   9.999688e-01   4.395219e+00   4.395231e+00
1     4.279840e+01   9.999825e-01   1.340749e-05   0.000000e+00   0.000000e+00   5.012083e-01   5.019971e+00   9.999687e-01   5.019984e+00   5.019997e+00
1     4.289834e+01   9.999824e-01   1.339259e-05   0.000000e+00   0.000000e+00   5.042957e-01   5.644813e+00   9.999687e-01   5.644821e+00   5.644829e+00
1     4.299827e+01   9.999824e-01   1.335629e-05   0.000000e+00   0.000000e+00   5.061513e-01   6.270893e+00   9.999686e-01   6.270893e+00   6.270893e+00
1     4.309996e+01   9.999824e-01   1.331159e-05   0.000000e+00   0.000000e+00   5.060411e-01   6.267696e-01   9.999685e-01   6.267618e-01   6.267540e-01
1     4.319989e+01   9.999823e-01   1.327705e-05   0.000000e+00   0.000000e+00   5.039937e-01   1.256746e+00   9.999685e-01   1.256734e+00   1.256721e+00
1     4.329982e+01   9.999823e-01   1.326520e-05   0.000000e+00   0.000000e+00   5.008025e-01   1.887857e+00   9.999684e-01   1.887844e+00   1.887832e+00
1     4.339976e+01   9.999822e-01   1.328062e-05   0.000000e+00   0.000000e+00   4.976997e-01   2.518870e+00   9.999683e-01   2.518862e+00   2.518854e+00
1     4.349969e+01   9.999822e-01   1.331735e-05   0.000000e+00   0.000000e+00   4.958817e-01   3.148592e+00   9.999683e-01   3.148592e+00   3.148592e+00
1     4.359962e+01   9.999821e-01   1.336128e-05   0.000000e+00   0.000000e+00   4.960354e-01   3.776342e+00   9.999682e-01   3.776350e+00   3.776358e+00
1     4.369956e+01   9.999821e-01   1.339566e-05   0.000000e+00   0.000000e+00   4.980855e-01   4.402203e+00   9.999681e-01   4.402215e+00   4.402228e+00
1     4.379949e+01   9.999820e-01   1.340748e-05   0.000000e+00   0.000000e+00   5.012463e-01   5.026962e+00   9.999681e-01   5.026974e+00   5.026987e+00
1     4.389942e+01   9.999820e-01   1.339229e-05   0.000000e+00   0.000000e+00   5.043264e-01   5.651811e+00   9.999680e-01   5.651819e+00   5.651827e+00
1     4.399936e+01   9.999820e-01   1.335581e-05   0.000000e+00   0.000000e+00   5.061635e-01   6.277910e+00   9.999679e-01   6.277910e+00   6.277910e+00
1     4.409929e+01   9.999819e-01   1.331185e-05   0.000000e+00   0.000000e+00   5.060503e-01   6.227737e-01   9.999679e-01   6.227659e-01   6.227582e-01
1     4.419922e+01   9.999819e-01   1.327720e-05   0.000000e+00   0.000000e+00   5.040132e-01   1.252741e+00   9.999678e-01   1.252728e+00   1.252715e+00
1     4.429916e+01   9.999818e-01   1.326517e-05   0.000000e+00   0.000000e+00   5.008253e-01   1.883848e+00   9.999678e-01   1.883836e+00   1.883823e+00
1     4.439909e+01   9.999818e-01   1.328043e-05   0.000000e+00   0.000000e+00   4.977173e-01   2.514867e+00   9.999677e-01   2.514859e+00   2.514851e+00
1     4.449902e+01   9.999817e-01   1.331707e-05   0.000000e+00   0.000000e+00   4.958878e-01   3.144601e+00   9.999676e-01   3.144601e+00   3.144601e+00
1     4.459896e+01   9.999817e-01   1.336101e-05   0.000000e+00   0.000000e+00   4.960282e-01   3.772365e+00   9.999676e-01   3.772373e+00   3.772381e+00
1     4.469889e+01   9.999817e-01   1.339550e-05   0.000000e+00   0.000000e+00   4.980682e-01   4.398236e+00   9.999675e-01   4.398248e+00   4.398261e+00
1     4.479882e+01   9.999816e-01   1.340750e-05   0.000000e+00   0.000000e+00   5.012258e-01   5.022998e+00   9.999674e-01   5.023011e+00   5.023024e+00
1     4.489876e+01   9.999816e-01   1.339247e-05   0.000000e+00   0.000000e+00   5.043109e-01   5.647843e+00   9.999674e-01   5.647851e+00   5.647859e+00
1     4.499869e+01   9.999815e-01   1.335609e-05   0.000000e+00   0.000000e+00   5.061592e-01   6.273931e+00   9.999673e-01   6.273931e+00   6.273931e+00
1     4.509862e+01   9.999815e-01   1.331212e-05   0.000000e+00   0.000000e+00   5.060594e-01   6.187820e-01   9.999672e-01   6.187743e-01   6.187665e-01
1     4.519856e+01   9.999814e-01   1.327735e-05   0.000000e+00   0.000000e+00   5.040327e-01   1.248739e+00   9.999672e-01   1.248726e+00   1.248714e+00
1     4.529849e+01   9.999814e-01   1.326516e-05   0.000000e+00   0.000000e+00   5.008481e-01   1.879844e+00   9.999671e-01   1.879831e+00   1.879819e+00
1     4.539842e+01   9.999814e-01   1.328025e-05   0.000000e+00   0.000000e+00   4.977350e-01   2.510868e+00   9.999670e-01   2.510860e+00   2.510852e+00
1     4.549836e+01   9.999813e-01   1.331679e-05   0.000000e+00   0.000000e+00   4.958940e-01   3.140614e+00   9.999670e-01   3.140614e+00   3.140614e+00
1     4.559829e+01   9.999813e-01   1.336075e-05   0.000000e+00   0.000000e+00   4.960211e-01   3.768392e+00   9.999669e-01   3.768400e+00   3.768407e+00
1     4.569998e+01   9.999812e-01   1.339579e-05   0.000000e+00   0.000000e+00   4.980997e-01   4.405240e+00   9.999668e-01   4.405253e+00   4.405266e+00
1     4.579991e+01   9.999812e-01   1.340750e-05   0.000000e+00   0.000000e+00   5.012640e-01   5.029997e+00   9.999668e-01   5.030009e+00   5.030022e+00
1     4.589984e+01   9.999811e-01   1.339218e-05   0.000000e+00   0.000000e+00   5.043417e-01   5.654850e+00   9.999667e-01   5.654857e+00   5.654865e+00
1     4.599978e+01   9.999811e-01   1.335562e-05   0.000000e+00   0.000000e+00   5.061713e-01   6.280957e+00   9.999667e-01   6.280957e+00   6.280957e+00
1     4.609971e+01   9.999811e-01   1.331166e-05   0.000000e+00   0.000000e+00   5.060484e-01   6.258307e-01   9.999666e-01   6.258229e-01   6.258151e-01
1     4.619964e+01   9.999810e-01   1.327707e-05   0.000000e+00   0.000000e+00   5.040031e-01   1.255806e+00   9.999665e-01   1.255794e+00   1.255781e+00
1     4.629958e+01   9.999810e-01   1.326517e-05   0.000000e+00   0.000000e+00   5.008116e-01   1.886919e+00   9.999665e-01   1.886906e+00   1.886894e+00
1     4.639951e+01   9.999809e-01   1.328056e-05   0.000000e+00   0.000000e+00   4.977060e-01   2.517936e+00   9.999664e-01   2.517928e+00   2.517920e+00
1     4.649944e+01   9.999809e-01   1.331728e-05   0.000000e+00   0.000000e+00   4.958841e-01   3.147663e+00   9.999663e-01   3.147663e+00   3.147663e+00
1     4.659938e+01   9.999808e-01   1.336123e-05   0.000000e+00   0.000000e+00   4.960341e-01   3.775418e+00   9.999663e-01   3.775426e+00   3.775434e+00
1     4.669931e+01   9.999808e-01   1.339566e-05   0.000000e+00   0.000000e+00   4.980822e-01   4.401281e+00   9.999662e-01   4.401294e+00   4.401307e+00
1     4.679924e+01   9.999808e-01   1.340753e-05   0.000000e+00   0.000000e+00   5.012435e-01   5.026041e+00   9.999661e-01   5.026054e+00   5.026067e+00
1     4.689918e+01   9.999807e-01   1.339238e-05   0.000000e+00   0.000000e+00   5.043261e-01   5.650890e+00   9.999661e-01   5.650898e+00   5.650906e+00
1     4.699911e+01   9.999807e-01   1.335591e-05   0.000000e+00   0.000000e+00   5.061669e-01   6.276986e+00   9.999660e-01   6.276986e+00   6.276986e+00
1     4.709904e+01   9.999806e-01   1.331194e-05   0.000000e+00   0.000000e+00   5.060573e-01   6.218472e-01   9.999659e-01   6.218394e-01   6.218317e-01
1     4.719898e+01   9.999806e-01   1.327724e-05   0.000000e+00   0.000000e+00   5.040222e-01   1.251813e+00   9.999659e-01   1.251801e+00   1.251788e+00
1     4.729891e+01   9.999805e-01   1.326517e-05   0.000000e+00   0.000000e+00   5.008338e-01   1.882923e+00   9.999658e-01   1.882910e+00   1.882898e+00
1     4.739884e+01   9.999805e-01   1.328039e-05   0.000000e+00   0.000000e+00   4.977230e-01   2.513945e+00   9.999657e-01   2.513938e+00   2.513930e+00
1     4.749878e+01   9.999805e-01   1.331702e-05   0.000000e+00   0.000000e+00   4.958896e-01   3.143684e+00   9.999657e-01   3.143685e+00   3.143685e+00
1     4.759871e+01   9.999804e-01   1.336099e-05   0.000000e+00   0.000000e+00   4.960264e-01   3.771453e+00   9.999656e-01   3.771461e+00   3.771469e+00
1     4.769865e+01   9.999804e-01   1.339552e-05   0.000000e+00   0.000000e+00   4.980646e-01   4.397327e+00   9.999656e-01   4.397340e+00   4.397353e+00
1     4.779858e+01   9.999803e-01   1.340757e-05   0.000000e+00   0.000000e+00   5.012227e-01   5.022090e+00   9.999655e-01   5.022103e+00   5.022116e+00
1     4.789851e+01   9.999803e-01   1.339258e-05   0.000000e+00   0.000000e+00   5.043102e-01   5.646934e+00   9.999654e-01   5.646942e+00   5.646950e+00
1     4.799845e+01   9.999802e-01   1.335621e-05   0.000000e+00   0.000000e+00   5.061621e-01   6.273020e+00   9.999654e-01   6.273020e+00   6.273020e+00
1     4.809838e+01   9.999802e-01   1.331222e-05   0.000000e+00   0.000000e+00   5.060657e-01   6.178683e-01   9.999653e-01   6.178606e-01   6.178529e-01
1     4.819831e+01   9.999802e-01   1.327741e-05   0.000000e+00   0.000000e+00   5.040408e-01   1.247825e+00   9.999652e-01   1.247812e+00   1.247800e+00
1     4.830000e+01   9.999801e-01   1.326520e-05   0.000000e+00   0.000000e+00   5.007964e-01   1.890007e+00   9.999652e-01   1.889994e+00   1.889982e+00
1     4.839993e+01   9.999801e-01   1.328071e-05   0.000000e+00   0.000000e+00   4.976933e-01   2.521022e+00   9.999651e-01   2.521014e+00   2.521006e+00
1     4.849987e+01   9.999800e-01   1.331752e-05   0.000000e+00   0.000000e+00   4.958790e-01   3.150742e+00   9.999650e-01   3.150742e+00   3.150742e+00
1     4.859980e+01   9.999800e-01   1.336148e-05   0.000000e+00   0.000000e+00   4.960390e-01   3.778488e+00   9.999650e-01   3.778496e+00   3.778504e+00
1     4.869973e+01   9.999799e-01   1.339583e-05   0.000000e+00   0.000000e+00   4.980955e-01   4.404344e+00   9.999649e-01   4.404357e+00   4.404370e+00
1     4.879967e+01   9.999799e-01   1.340758e-05   0.000000e+00   0.000000e+00   5.012602e-01   5.029102e+00   9.999648e-01   5.029114e+00   5.029127e+00
1     4.889960e+01   9.999799e-01   1.339230e-05   0.000000e+00   0.000000e+00   5.043403e-01   5.653953e+00   9.999648e-01   5.653961e+00   5.653969e+00
1     4.899953e+01   9.999798e-01   1.335575e-05   0.000000e+00   0.000000e+00   5.061734e-01   6.280058e+00   9.999647e-01   6.280058e+00   6.280058e+00
1     4.909947e+01   9.999798e-01   1.331177e-05   0.000000e+00   0.000000e+00   5.060537e-01   6.249302e-01   9.999646e-01   6.249224e-01   6.249146e-01
1     4.919940e+01   9.999797e-01   1.327714e-05   0.000000e+00   0.000000e+00   5.040100e-01   1.254906e+00   9.999646e-01   1.254893e+00   1.254880e+00
1     4.929933e+01   9.999797e-01   1.326519e-05   0.000000e+00   0.000000e+00   5.008178e-01   1.886020e+00   9.999645e-01   1.886007e+00   1.885995e+00
1     4.939927e+01   9.999796e-01   1.328054e-05   0.000000e+00   0.000000e+00   4.977095e-01   2.517041e+00   9.999645e-01   2.517033e+00   2.517025e+00
1     4.949920e+01   9.999796e-01   1.331726e-05   0.000000e+00   0.000000e+00   4.958839e-01   3.146773e+00   9.999644e-01   3.146773e+00   3.146773e+00
1     4.959913e+01   9.999796e-01   1.336124e-05   0.000000e+00   0.000000e+00   4.960308e-01   3.774532e+00   9.999643e-01   3.774540e+00   3.774548e+00
1     4.969907e+01   9.999795e-01   1.339570e-05   0.000000e+00   0.000000e+00   4.980773e-01   4.400399e+00   9.999643e-01   4.400411e+00   4.400424e+00
1     4.979900e+01   9.999795e-01   1.340762e-05   0.000000e+00   0.000000e+00   5.012389e-01   5.025159e+00   9.999642e-01   5.025172e+00   5.025185e+00
1     4.989893e+01   9.999794e-01   1.339251e-05   0.000000e+00   0.000000e+00   5.043238e-01   5.650007e+00   9.999641e-01   5.650015e+00   5.650022e+00
1     4.999887e+01   9.999794e-01   1.335605e-05   0.000000e+00   0.000000e+00   5.061679e-01   6.276101e+00   9.999641e-01   6.276101e+00   6.276101e+00
1     5.009880e+01   9.999793e-01   1.331205e-05   0.000000e+00   0.000000e+00   5.060614e-01   6.209601e-01   9.999640e-01   6.209524e-01   6.209446e-01
1     5.019873e+01   9.999793e-01   1.327731e-05   0.000000e+00   0.000000e+00   5.040277e-01   1.250926e+00   9.999639e-01   1.250913e+00   1.250901e+00
1     5.029867e+01   9.999792e-01   1.326519e-05   0.000000e+00   0.000000e+00   5.008387e-01   1.882038e+00   9.999639e-01   1.882025e+00   1.882012e+00
1     5.039860e+01   9.999792e-01   1.328038e-05   0.000000e+00   0.000000e+00   4.977254e-01   2.513064e+00   9.999638e-01   2.513056e+00   2.513048e+00
1     5.049853e+01   9.999792e-01   1.331700e-05   0.000000e+00   0.000000e+00   4.958884e-01   3.142808e+00   9.999637e-01   3.142808e+00   3.142808e+00
1     5.059847e+01   9.999791e-01   1.336099e-05   0.000000e+00   0.000000e+00   4.960222e-01   3.770581e+00   9.999637e-01   3.770589e+00   3.770597e+00
1     5.069840e+01   9.999791e-01   1.339557e-05   0.000000e+00   0.000000e+00   4.980586e-01   4.396457e+00   9.999636e-01   4.396470e+00   4.396483e+00
1     5.079833e+01   9.999790e-01   1.340766e-05   0.000000e+00   0.000000e+00   5.012170e-01   5.021222e+00   9.999636e-01   5.021235e+00   5.021247e+00
1     5.089827e+01   9.999790e-01   1.339271e-05   0.000000e+00   0.000000e+00   5.043067e-01   5.646065e+00   9.999635e-01   5.646072e+00   5.646080e+00
1     5.099995e+01   9.999789e-01   1.335559e-05   0.000000e+00   0.000000e+00   5.061781e-01   6.283148e+00   9.999634e-01   6.283148e+00   6.283148e+00
1     5.109989e+01   9.999789e-01   1.331160e-05   0.000000e+00   0.000000e+00   5.060483e-01   6.280313e-01   9.999634e-01   6.280235e-01   6.280157e-01
1     5.119982e+01   9.999789e-01   1.327704e-05   0.000000e+00   0.000000e+00   5.039959e-01   1.258016e+00   9.999633e-01   1.258004e+00   1.257991e+00
1     5.129975e+01   9.999788e-01   1.326522e-05   0.000000e+00   0.000000e+00   5.008001e-01   1.889135e+00   9.999632e-01   1.889122e+00   1.889110e+00
1     5.139969e+01   9.999788e-01   1.328070e-05   0.000000e+00   0.000000e+00   4.976945e-01   2.520154e+00   9.999632e-01   2.520146e+00   2.520138e+00
1     5.149962e+01   9.999787e-01   1.331750e-05   0.000000e+00   0.000000e+00   4.958769e-01   3.149879e+00   9.999631e-01   3.149879e+00   3.149879e+00
1     5.159955e+01   9.999787e-01   1.336148e-05   0.000000e+00   0.000000e+00   4.960338e-01   3.777629e+00   9.999630e-01   3.777637e+00   3.777645e+00
1     5.169949e+01   9.999786e-01   1.339587e-05   0.000000e+00   0.000000e+00   4.980885e-01   4.403488e+00   9.999630e-01   4.403501e+00   4.403513e+00
1     5.179942e+01   9.999786e-01   1.340767e-05   0.000000e+00   0.000000e+00   5.012536e-01   5.028246e+00   9.999629e-01   5.028259e+00   5.028271e+00
1     5.189935e+01   9.999786e-01   1.339242e-05   0.000000e+00   0.000000e+00   5.043358e-01   5.653097e+00   9.999628e-01   5.653105e+00   5.653112e+00
1     5.199929e+01   9.999785e-01   1.335588e-05   0.000000e+00   0.000000e+00   5.061721e-01   6.279199e+00   9.999628e-01   6.279200e+00   6.279200e+00
1     5.209922e+01   9.999785e-01   1.331188e-05   0.000000e+00   0.000000e+00   5.060554e-01   6.240699e-01   9.999627e-01   6.240621e-01   6.240543e-01
1     5.219915e+01   9.999784e-01   1.327721e-05   0.000000e+00   0.000000e+00   5.040132e-01   1.254045e+00   9.999626e-01   1.254032e+00   1.254020e+00
1     5.229909e+01   9.999784e-01   1.326522e-05   0.000000e+00   0.000000e+00   5.008205e-01   1.885161e+00   9.999626e-01   1.885148e+00   1.885136e+00
1     5.239902e+01   9.999783e-01   1.328053e-05   0.000000e+00   0.000000e+00   4.977099e-01   2.516185e+00   9.999625e-01   2.516177e+00   2.516170e+00
1     5.249895e+01   9.999783e-01   1.331724e-05   0.000000e+00   0.000000e+00   4.958810e-01   3.145922e+00   9.999625e-01   3.145922e+00   3.145922e+00
1     5.259889e+01   9.999783e-01   1.336124e-05   0.000000e+00   0.000000e+00   4.960249e-01   3.773686e+00   9.999624e-01   3.773694e+00   3.773702e+00
1     5.269882e+01   9.999782e-01   1.339574e-05   0.000000e+00   0.000000e+00   4.980697e-01   4.399555e+00   9.999623e-01   4.399567e+00   4.399580e+00
1     5.279875e+01   9.999782e-01   1.340770e-05   0.000000e+00   0.000000e+00   5.012317e-01   5.024316e+00   9.999623e-01   5.024329e+00   5.024342e+00
1     5.289869e+01   9.999781e-01   1.339262e-05   0.000000e+00   0.000000e+00   5.043188e-01   5.649163e+00   9.999622e-01   5.649171e+00   5.649178e+00
1     5.299862e+01   9.999781e-01   1.335617e-05   0.000000e+00   0.000000e+00   5.061660e-01   6.275255e+00   9.999621e-01   6.275255e+00   6.275255e+00
1     5.309855e+01   9.999780e-01   1.331215e-05   0.000000e+00   0.000000e+00   5.060624e-01   6.201125e-01   9.999621e-01   6.201048e-01   6.200970e-01
1     5.319849e+01   9.999780e-01   1.327737e-05   0.000000e+00   0.000000e+00   5.040303e-01   1.250078e+00   9.999620e-01   1.250065e+00   1.250053e+00
1     5.329842e+01   9.999780e-01   1.326521e-05   0.000000e+00   0.000000e+00   5.008408e-01   1.881191e+00   9.999619e-01   1.881179e+00   1.881166e+00
1     5.339835e+01   9.999779e-01   1.328037e-05   0.000000e+00   0.000000e+00   4.977252e-01   2.512221e+00   9.999619e-01   2.512213e+00   2.512205e+00
1     5.349829e+01   9.999779e-01   1.331698e-05   0.000000e+00   0.000000e+00   4.958851e-01   3.141969e+00   9.999618e-01   3.141969e+00   3.141969e+00
1     5.359997e+01   9.999778e-01   1.336173e-05   0.000000e+00   0.000000e+00   4.960366e-01   3.780742e+00   9.999617e-01   3.780750e+00   3.780758e+00
1     5.369991e+01   9.999778e-01   1.339604e-05   0.000000e+00   0.000000e+00   4.980997e-01   4.406593e+00   9.999617e-01   4.406606e+00   4.406619e+00
1     5.379984e+01   9.999777e-01   1.340770e-05   0.000000e+00   0.000000e+00   5.012682e-01   5.031349e+00   9.999616e-01   5.031361e+00   5.031374e+00
1     5.389977e+01   9.999777e-01   1.339232e-05   0.000000e+00   0.000000e+00   5.043478e-01   5.656203e+00   9.999615e-01   5.656211e+00   5.656219e+00
1     5.399971e+01   9.999777e-01   1.335570e-05   0.000000e+00   0.000000e+00   5.061761e-01   6.282315e+00   9.999615e-01   6.282315e+00   6.282315e+00
1     5.409964e+01   9.999776e-01   1.331169e-05   0.000000e+00   0.000000e+00   5.060491e-01   6.271961e-01   9.999614e-01   6.271883e-01   6.271805e-01
1     5.419957e+01   9.999776e-01   1.327709e-05   0.000000e+00   0.000000e+00   5.039980e-01   1.257181e+00   9.999614e-01   1.257168e+00   1.257156e+00
1     5.429951e+01   9.999775e-01   1.326523e-05   0.000000e+00   0.000000e+00   5.008016e-01   1.888301e+00   9.999613e-01   1.888289e+00   1.888276e+00
1     5.439944e+01   9.999775e-01   1.328068e-05   0.000000e+00   0.000000e+00   4.976937e-01   2.519324e+00   9.999612e-01   2.519316e+00   2.519308e+00
1     5.449937e+01   9.999774e-01   1.331748e-05   0.000000e+00   0.000000e+00   4.958729e-01   3.149053e+00   9.999612e-01   3.149053e+00   3.149053e+00
1     5.459931e+01   9.999774e-01   1.336148e-05   0.000000e+00   0.000000e+00   4.960271e-01   3.776807e+00   9.999611e-01   3.776815e+00   3.776823e+00
1     5.469924e+01   9.999774e-01   1.339590e-05   0.000000e+00   0.000000e+00   4.980806e-01   4.402669e+00   9.999610e-01   4.402681e+00   4.402694e+00
1     5.479917e+01   9.999773e-01   1.340773e-05   0.000000e+00   0.000000e+00   5.012462e-01   5.027427e+00   9.999610e-01   5.027440e+00   5.027453e+00
1     5.489911e+01   9.999773e-01   1.339252e-05   0.000000e+00   0.000000e+00   5.043307e-01   5.652277e+00   9.999609e-01   5.652285e+00   5.652293e+00
1     5.499904e+01   9.999772e-01   1.335598e-05   0.000000e+00   0.000000e+00   5.061700e-01   6.278378e+00   9.999608e-01   6.278378e+00   6.278378e+00
1     5.509897e+01   9.999772e-01   1.331195e-05   0.000000e+00   0.000000e+00   5.060559e-01   6.232471e-01   9.999608e-01   6.232393e-01   6.232315e-01
1     5.519891e+01   9.999771e-01   1.327725e-05   0.000000e+00   0.000000e+00   5.040149e-01   1.253222e+00   9.999607e-01   1.253210e+00   1.253197e+00
1     5.529884e+01   9.999771e-01   1.326522e-05   0.000000e+00   0.000000e+00   5.008215e-01   1.884340e+00   9.999606e-01   1.884328e+00   1.884315e+00
1     5.539877e+01   9.999770e-01   1.328051e-05   0.000000e+00   0.000000e+00   4.977087e-01   2.515368e+00   9.999606e-01   2.515360e+00   2.515352e+00
1     5.549871e+01   9.999770e-01   1.331721e-05   0.000000e+00   0.000000e+00   4.958768e-01   3.145109e+00   9.999605e-01   3.145109e+00   3.145109e+00
1     5.559864e+01   9.999770e-01   1.336122e-05   0.000000e+00   0.000000e+00   4.960181e-01   3.772876e+00   9.999604e-01   3.772884e+00   3.772892e+00
1     5.569857e+01   9.999769e-01   1.339576e-05   0.000000e+00   0.000000e+00   4.980617e-01   4.398748e+00   9.999604e-01   4.398761e+00   4.398773e+00
1     5.579851e+01   9.999769e-01   1.340776e-05   0.000000e+00   0.000000e+00   5.012242e-01   5.023510e+00   9.999603e-01   5.023523e+00   5.023536e+00
1     5.589844e+01   9.999768e-01   1.339270e-05   0.000000e+00   0.000000e+00   5.043134e-01   5.648355e+00   9.999603e-01   5.648363e+00   5.648371e+00
1     5.599837e+01   9.999768e-01   1.335626e-05   0.000000e+00   0.000000e+00   5.061636e-01   6.274446e+00   9.999602e-01   6.274446e+00   6.274446e+00
1     5.609831e+01   9.999767e-01   1.331222e-05   0.000000e+00   0.000000e+00   5.060625e-01   6.193024e-01   9.999601e-01   6.192947e-01   6.192869e-01
1     5.619999e+01   9.999767e-01   1.327697e-05   0.000000e+00   0.000000e+00   5.039825e-01   1.260333e+00   9.999601e-01   1.260321e+00   1.260308e+00
1     5.629993e+01   9.999767e-01   1.326524e-05   0.000000e+00   0.000000e+00   5.007825e-01   1.891458e+00   9.999600e-01   1.891446e+00   1.891433e+00
1     5.639986e+01   9.999766e-01   1.328082e-05   0.000000e+00   0.000000e+00   4.976777e-01   2.522478e+00   9.999599e-01   2.522470e+00   2.522463e+00
1     5.649979e+01   9.999766e-01   1.331770e-05   0.000000e+00   0.000000e+00   4.958653e-01   3.152200e+00   9.999599e-01   3.152200e+00   3.152200e+00
1     5.659973e+01   9.999765e-01   1.336170e-05   0.000000e+00   0.000000e+00   4.960300e-01   3.779945e+00   9.999598e-01   3.779952e+00   3.779960e+00
1     5.669966e+01   9.999765e-01   1.339605e-05   0.000000e+00   0.000000e+00   4.980920e-01   4.405798e+00   9.999597e-01   4.405811e+00   4.405824e+00
1     5.679959e+01   9.999764e-01   1.340775e-05   0.000000e+00   0.000000e+00   5.012611e-01   5.030554e+00   9.999597e-01   5.030567e+00   5.030580e+00
1     5.689953e+01   9.999764e-01   1.339240e-05   0.000000e+00   0.000000e+00   5.043427e-01   5.655408e+00   9.999596e-01   5.655416e+00   5.655423e+00
1     5.699946e+01   9.999764e-01   1.335578e-05   0.000000e+00   0.000000e+00   5.061739e-01   6.281518e+00   9.999595e-01   6.281518e+00   6.281518e+00
1     5.709939e+01   9.999763e-01   1.331175e-05   0.000000e+00   0.000000e+00   5.060493e-01   6.263979e-01   9.999595e-01   6.263901e-01   6.263823e-01
1     5.719933e+01   9.999763e-01   1.327712e-05   0.000000e+00   0.000000e+00   5.039995e-01   1.256383e+00   9.999594e-01   1.256370e+00   1.256357e+00
1     5.729926e+01   9.999762e-01   1.326522e-05   0.000000e+00   0.000000e+00   5.008026e-01   1.887505e+00   9.999593e-01   1.887492e+00   1.887480e+00
1     5.739919e+01   9.999762e-01   1.328064e-05   0.000000e+00   0.000000e+00   4.976928e-01   2.518530e+00   9.999593e-01   2.518523e+00   2.518515e+00
1     5.749913e+01   9.999761e-01   1.331743e-05   0.000000e+00   0.000000e+00   4.958693e-01   3.148264e+00   9.999592e-01   3.148264e+00   3.148264e+00
1     5.759906e+01   9.999761e-01   1.336145e-05   0.000000e+00   0.000000e+00   4.960211e-01   3.776022e+00   9.999592e-01   3.776029e+00   3.776037e+00
1     5.769899e+01   9.999761e-01   1.339591e-05   0.000000e+00   0.000000e+00   4.980734e-01   4.401885e+00   9.999591e-01   4.401898e+00   4.401911e+00
1     5.779893e+01   9.999760e-01   1.340778e-05   0.000000e+00   0.000000e+00   5.012395e-01   5.026645e+00   9.999590e-01   5.026658e+00   5.026670e+00
1     5.789886e+01   9.999760e-01   1.339258e-05   0.000000e+00   0.000000e+00   5.043259e-01   5.651494e+00   9.999590e-01   5.651502e+00   5.651510e+00
1     5.799879e+01   9.999759e-01   1.335605e-05   0.000000e+00   0.000000e+00   5.061679e-01   6.277593e+00   9.999589e-01   6.277593e+00   6.277593e+00
1     5.809873e+01   9.999759e-01   1.331201e-05   0.000000e+00   0.000000e+00   5.060563e-01   6.224609e-01   9.999588e-01   6.224531e-01   6.224454e-01
1     5.819866e+01   9.999758e-01   1.327727e-05   0.000000e+00   0.000000e+00   5.040166e-01   1.252436e+00   9.999588e-01   1.252423e+00   1.252411e+00
1     5.829859e+01   9.999758e-01   1.326520e-05   0.000000e+00   0.000000e+00   5.008229e-01   1.883555e+00   9.999587e-01   1.883543e+00   1.883530e+00
1     5.839853e+01   9.999758e-01   1.328046e-05   0.000000e+00   0.000000e+00   4.977081e-01   2.514586e+00   9.999586e-01   2.514579e+00   2.514571e+00
1     5.849846e+01   9.999757e-01   1.331716e-05   0.000000e+00   0.000000e+00   4.958736e-01   3.144331e+00   9.999586e-01   3.144331e+00   3.144331e+00
1     5.859839e+01   9.999757e-01   1.336119e-05   0.000000e+00   0.000000e+00   4.960125e-01   3.772102e+00   9.999585e-01   3.772110e+00   3.772118e+00
1     5.869833e+01   9.999756e-01   1.339576e-05   0.000000e+00   0.000000e+00   4.980549e-01   4.397976e+00   9.999584e-01   4.397989e+00   4.398002e+00
1     5.879826e+01   9.999756e-01   1.340780e-05   0.000000e+00   0.000000e+00   5.012179e-01   5.022739e+00   9.999584e-01   5.022752e+00   5.022765e+00
1     5.889995e+01   9.999755e-01   1.339228e-05   0.000000e+00   0.000000e+00   5.043552e-01   5.658554e+00   9.999583e-01   5.658562e+00   5.658570e+00
1     5.899988e+01   9.999755e-01   1.335556e-05   0.000000e+00   0.000000e+00   5.061781e-01   1.487798e-03   9.999582e-01   1.487778e-03   1.487758e-03
1     5.909982e+01   9.999755e-01   1.331153e-05   0.000000e+00   0.000000e+00   5.060430e-01   6.295647e-01   9.999582e-01   6.295569e-01   6.295490e-01
1     5.919975e+01   9.999754e-01   1.327698e-05   0.000000e+00   0.000000e+00   5.039845e-01   1.259559e+00   9.999581e-01   1.259546e+00   1.259534e+00
1     5.929968e+01   9.999754e-01   1.326521e-05   0.000000e+00   0.000000e+00   5.007839e-01   1.890686e+00   9.999581e-01   1.890673e+00   1.890660e+00
1     5.939962e+01   9.999753e-01   1.328077e-05   0.000000e+00   0.000000e+00   4.976772e-01   2.521709e+00   9.999580e-01   2.521701e+00   2.521693e+00
1     5.949955e+01   9.999753e-01   1.331765e-05   0.000000e+00   0.000000e+00   4.958622e-01   3.151434e+00   9.999579e-01   3.151434e+00   3.151434e+00
1     5.959948e+01   9.999752e-01   1.336167e-05   0.000000e+00   0.000000e+00   4.960245e-01   3.779183e+00   9.999579e-01   3.779190e+00   3.779198e+00
1     5.969942e+01   9.999752e-01   1.339605e-05   0.000000e+00   0.000000e+00   4.980854e-01   4.405038e+00   9.999578e-01   4.405051e+00   4.405064e+00
1     5.979935e+01   9.999752e-01   1.340779e-05   0.000000e+00   0.000000e+00   5.012551e-01   5.029795e+00   9.999577e-01   5.029808e+00   5.029821e+00
1     5.989928e+01   9.999751e-01   1.339246e-05   0.000000e+00   0.000000e+00   5.043387e-01   5.654648e+00   9.999577e-01   5.654656e+00   5.654664e+00
1     5.999922e+01   9.999751e-01   1.335584e-05   0.000000e+00   0.000000e+00   5.061724e-01   6.280757e+00   9.999576e-01   6.280757e+00   6.280757e+00
1     6.009915e+01   9.999750e-01   1.331179e-05   0.000000e+00   0.000000e+00   5.060502e-01   6.256356e-01   9.999575e-01   6.256278e-01   6.256200e-01
1     6.019908e+01   9.999750e-01   1.327713e-05   0.000000e+00   0.000000e+00   5.040017e-01   1.255620e+00   9.999575e-01   1.255608e+00   1.255595e+00
1     6.029902e+01   9.999749e-01   1.326520e-05   0.000000e+00   0.000000e+00   5.008043e-01   1.886744e+00   9.999574e-01   1.886732e+00   1.886719e+00
1     6.039895e+01   9.999749e-01   1.328060e-05   0.000000e+00   0.000000e+00   4.976926e-01   2.517773e+00   9.999573e-01   2.517765e+00   2.517757e+00
1     6.049888e+01   9.999748e-01   1.331738e-05   0.000000e+00   0.000000e+00   4.958665e-01   3.147510e+00   9.999573e-01   3.147510e+00   3.147510e+00
1     6.059882e+01   9.999748e-01   1.336142e-05   0.000000e+00   0.000000e+00   4.960160e-01   3.775271e+00   9.999572e-01   3.775279e+00   3.775287e+00
1     6.069875e+01   9.999748e-01   1.339591e-05   0.000000e+00   0.000000e+00   4.980674e-01   4.401137e+00   9.999571e-01   4.401150e+00   4.401163e+00
1     6.079868e+01   9.999747e-01   1.340781e-05   0.000000e+00   0.000000e+00   5.012341e-01   5.025897e+00   9.999571e-01   5.025910e+00   5.025923e+00
1     6.089862e+01   9.999747e-01   1.339264e-05   0.000000e+00   0.000000e+00   5.043225e-01   5.650746e+00   9.999570e-01   5.650753e+00   5.650761e+00
1     6.099855e+01   9.999746e-01   1.335611e-05   0.000000e+00   0.000000e+00   5.061671e-01   6.276844e+00   9.999570e-01   6.276844e+00   6.276844e+00
1     6.109848e+01   9.999746e-01   1.331205e-05   0.000000e+00   0.000000e+00   5.060577e-01   6.217102e-01   9.999569e-01   6.217025e-01   6.216947e-01
1     6.119842e+01   9.999745e-01   1.327728e-05   0.000000e+00   0.000000e+00   5.040191e-01   1.251685e+00   9.999568e-01   1.251673e+00   1.251660e+00
1     6.129835e+01   9.999745e-01   1.326518e-05   0.000000e+00   0.000000e+00   5.008250e-01   1.882807e+00   9.999568e-01   1.882794e+00   1.882781e+00
1     6.139828e+01   9.999745e-01   1.328042e-05   0.000000e+00   0.000000e+00   4.977084e-01   2.513841e+00   9.999567e-01   2.513833e+00   2.513825e+00
1     6.149997e+01   9.999744e-01   1.331787e-05   0.000000e+00   0.000000e+00   4.958557e-01   3.154620e+00   9.999566e-01   3.154621e+00   3.154621e+00
1     6.159990e+01   9.999744e-01   1.336189e-05   0.000000e+00   0.000000e+00   4.960288e-01   3.782359e+00   9.999566e-01   3.782367e+00   3.782375e+00
1     6.169984e+01   9.999743e-01   1.339619e-05   0.000000e+00   0.000000e+00   4.980984e-01   4.408207e+00   9.999565e-01   4.408220e+00   4.408232e+00
1     6.179977e+01   9.999743e-01   1.340780e-05   0.000000e+00   0.000000e+00   5.012716e-01   5.032961e+00   9.999564e-01   5.032974e+00   5.032987e+00
1     6.189970e+01   9.999742e-01   1.339233e-05   0.000000e+00   0.000000e+00   5.043522e-01   5.657818e+00   9.999564e-01   5.657826e+00   5.657833e+00
1     6.199964e+01   9.999742e-01   1.335563e-05   0.000000e+00   0.000000e+00   5.061775e-01   7.501220e-04   9.999563e-01   7.501120e-04   7.501020e-04
1     6.209957e+01   9.999742e-01   1.331157e-05   0.000000e+00   0.000000e+00   5.060446e-01   6.288261e-01   9.999562e-01   6.288182e-01   6.288104e-01
1     6.219950e+01   9.999741e-01   1.327700e-05   0.000000e+00   0.000000e+00   5.039872e-01   1.258820e+00   9.999562e-01   1.258808e+00   1.258795e+00
1     6.229944e+01   9.999741e-01   1.326520e-05   0.000000e+00   0.000000e+00   5.007862e-01   1.889949e+00   9.999561e-01   1.889936e+00   1.889924e+00
1     6.239937e+01   9.999740e-01   1.328074e-05   0.000000e+00   0.000000e+00   4.976776e-01   2.520975e+00   9.999560e-01   2.520967e+00   2.520960e+00
1     6.249930e+01   9.999740e-01   1.331761e-05   0.000000e+00   0.000000e+00   4.958602e-01   3.150704e+00   9.999560e-01   3.150704e+00   3.150704e+00
1     6.259924e+01   9.999739e-01   1.336164e-05   0.000000e+00   0.000000e+00   4.960205e-01   3.778456e+00   9.999559e-01   3.778464e+00   3.778472e+00
1     6.269917e+01   9.999739e-01   1.339605e-05   0.000000e+00   0.000000e+00   4.980805e-01   4.404314e+00   9.999558e-01   4.404326e+00   4.404339e+00
1     6.279910e+01   9.999739e-01   1.340782e-05   0.000000e+00   0.000000e+00   5.012508e-01   5.029071e+00   9.999558e-01   5.029084e+00   5.029097e+00
1     6.289904e+01   9.999738e-01   1.339251e-05   0.000000e+00   0.000000e+00   5.043361e-01   5.653923e+00   9.999557e-01   5.653931e+00   5.653939e+00
1     6.299897e+01   9.999738e-01   1.335590e-05   0.000000e+00   0.000000e+00   5.061723e-01   6.280031e+00   9.999557e-01   6.280031e+00   6.280031e+00
1     6.309890e+01   9.999737e-01   1.331184e-05   0.000000e+00   0.000000e+00   5.060522e-01   6.249088e-01   9.999556e-01   6.249010e-01   6.248932e-01
1     6.319884e+01   9.999737e-01   1.327715e-05   0.000000e+00   0.000000e+00   5.040047e-01   1.254894e+00   9.999555e-01   1.254881e+00   1.254868e+00
1     6.329877e+01   9.999736e-01   1.326518e-05   0.000000e+00   0.000000e+00   5.008069e-01   1.886019e+00   9.999555e-01   1.886007e+00   1.885994e+00
1     6.339870e+01   9.999736e-01   1.328056e-05   0.000000e+00   0.000000e+00   4.976935e-01   2.517051e+00   9.999554e-01   2.517043e+00   2.517035e+00
1     6.349864e+01   9.999736e-01   1.331734e-05   0.000000e+00   0.000000e+00   4.958651e-01   3.146791e+00   9.999553e-01   3.146791e+00   3.146791e+00
1     6.359857e+01   9.999735e-01   1.336139e-05   0.000000e+00   0.000000e+00   4.960126e-01   3.774556e+00   9.999553e-01   3.774564e+00   3.774572e+00
1     6.369850e+01   9.999735e-01   1.339591e-05   0.000000e+00   0.000000e+00   4.980628e-01   4.400424e+00   9.999552e-01   4.400437e+00   4.400450e+00
1     6.379844e+01   9.999734e-01   1.340784e-05   0.000000e+00   0.000000e+00   5.012299e-01   5.025185e+00   9.999551e-01   5.025198e+00   5.025211e+00
1     6.389837e+01   9.999734e-01   1.339270e-05   0.000000e+00   0.000000e+00   5.043198e-01   5.650033e+00   9.999551e-01   5.650041e+00   5.650049e+00
1     6.399830e+01   9.999733e-01   1.335617e-05   0.000000e+00   0.000000e+00   5.061667e-01   6.276130e+00   9.999550e-01   6.276130e+00   6.276130e+00
1     6.409999e+01   9.999733e-01   1.331136e-05   0.000000e+00   0.000000e+00   5.060390e-01   6.320327e-01   9.999549e-01   6.320249e-01   6.320170e-01
1     6.419992e+01   9.999733e-01   1.327687e-05   0.000000e+00   0.000000e+00   5.039727e-01   1.262037e+00   9.999549e-01   1.262024e+00   1.262012e+00
1     6.429986e+01   9.999732e-01   1.326520e-05   0.000000e+00   0.000000e+00   5.007682e-01   1.893169e+00   9.999548e-01   1.893157e+00   1.893144e+00
1     6.439979e+01   9.999732e-01   1.328088e-05   0.000000e+00   0.000000e+00   4.976628e-01   2.524193e+00   9.999547e-01   2.524185e+00   2.524178e+00
1     6.449972e+01   9.999731e-01   1.331784e-05   0.000000e+00   0.000000e+00   4.958542e-01   3.153914e+00   9.999547e-01   3.153914e+00   3.153915e+00
1     6.459966e+01   9.999731e-01   1.336188e-05   0.000000e+00   0.000000e+00   4.960253e-01   3.781656e+00   9.999546e-01   3.781664e+00   3.781672e+00
1     6.469959e+01   9.999730e-01   1.339620e-05   0.000000e+00   0.000000e+00   4.980941e-01   4.407506e+00   9.999546e-01   4.407519e+00   4.407531e+00
1     6.479952e+01   9.999730e-01   1.340784e-05   0.000000e+00   0.000000e+00   5.012677e-01   5.032261e+00   9.999545e-01   5.032274e+00   5.032286e+00
1     6.489946e+01   9.999729e-01   1.339239e-05   0.000000e+00   0.000000e+00   5.043500e-01   5.657117e+00   9.999544e-01   5.657125e+00   5.657133e+00
1     6.499939e+01   9.999729e-01   1.335569e-05   0.000000e+00   0.000000e+00   5.061776e-01   4.834927e-05   9.999544e-01   4.834862e-05   4.834798e-05
1     6.509932e+01   9.999729e-01   1.331162e-05   0.000000e+00   0.000000e+00   5.060466e-01   6.281236e-01   9.999543e-01   6.281157e-01   6.281079e-01
1     6.519926e+01   9.999728e-01   1.327702e-05   0.000000e+00   0.000000e+00   5.039901e-01   1.258118e+00   9.999542e-01   1.258106e+00   1.258093e+00
1     6.529919e+01   9.999728e-01   1.326519e-05   0.000000e+00   0.000000e+00   5.007886e-01   1.889248e+00   9.999542e-01   1.889236e+00   1.889223e+00
1     6.539912e+01   9.999727e-01   1.328071e-05   0.000000e+00   0.000000e+00   4.976783e-01   2.520277e+00   9.999541e-01   2.520270e+00   2.520262e+00
1     6.549906e+01   9.999727e-01   1.331758e-05   0.000000e+00   0.000000e+00   4.958587e-01   3.150010e+00   9.999540e-01   3.150010e+00   3.150010e+00
1     6.559899e+01   9.999726e-01   1.336163e-05   0.000000e+00   0.000000e+00   4.960170e-01   3.777765e+00   9.999540e-01   3.777773e+00   3.777781e+00
1     6.569892e+01   9.999726e-01   1.339607e-05   0.000000e+00   0.000000e+00   4.980761e-01   4.403625e+00   9.999539e-01   4.403638e+00   4.403650e+00
1     6.579886e+01   9.999726e-01   1.340786e-05   0.000000e+00   0.000000e+00   5.012466e-01   5.028383e+00   9.999538e-01   5.028396e+00   5.028409e+00
1     6.589879e+01   9.999725e-01   1.339258e-05   0.000000e+00   0.000000e+00   5.043335e-01   5.653235e+00   9.999538e-01   5.653243e+00   5.653251e+00
1     6.599872e+01   9.999725e-01   1.335597e-05   0.000000e+00   0.000000e+00   5.061717e-01   6.279341e+00   9.999537e-01   6.279342e+00   6.279342e+00
1     6.609866e+01   9.999724e-01   1.331189e-05   0.000000e+00   0.000000e+00   5.060536e-01   6.242190e-01   9.999536e-01   6.242112e-01   6.242034e-01
1     6.619859e+01   9.999724e-01   1.327718e-05   0.000000e+00   0.000000e+00   5.040071e-01   1.254204e+00   9.999536e-01   1.254191e+00   1.254179e+00
1     6.629852e+01   9.999723e-01   1.326518e-05   0.000000e+00   0.000000e+00   5.008090e-01   1.885331e+00   9.999535e-01   1.885319e+00   1.885306e+00
1     6.639846e+01   9.999723e-01   1.328054e-05   0.000000e+00   0.000000e+00   4.976939e-01   2.516366e+00   9.999535e-01   2.516358e+00   2.516350e+00
1     6.649839e+01   9.999723e-01   1.331732e-05   0.000000e+00   0.000000e+00   4.958634e-01   3.146109e+00   9.999534e-01   3.146110e+00   3.146110e+00
1     6.659832e+01   9.999722e-01   1.336138e-05   0.000000e+00   0.000000e+00   4.960090e-01   3.773877e+00   9.999533e-01   3.773885e+00   3.773893e+00
1     6.669826e+01   9.999722e-01   1.339593e-05   0.000000e+00   0.000000e+00   4.980583e-01   4.399748e+00   9.999533e-01   4.399760e+00   4.399773e+00
1     6.679994e+01   9.999721e-01   1.340785e-05   0.000000e+00   0.000000e+00   5.012844e-01   5.035467e+00   9.999532e-01   5.035480e+00   5.035493e+00
1     6.689988e+01   9.999721e-01   1.339227e-05   0.000000e+00   0.000000e+00   5.043634e-01   5.660327e+00   9.999531e-01   5.660335e+00   5.660343e+00
1     6.699981e+01   9.999720e-01   1.335548e-05   0.000000e+00   0.000000e+00   5.061823e-01   3.268307e-03   9.999531e-01   3.268264e-03   3.268220e-03
1     6.709974e+01   9.999720e-01   1.331142e-05   0.000000e+00   0.000000e+00   5.060404e-01   6.313552e-01   9.999530e-01   6.313473e-01   6.313395e-01
1     6.719968e+01   9.999720e-01   1.327690e-05   0.000000e+00   0.000000e+00   5.039750e-01   1.261360e+00   9.999529e-01   1.261347e+00   1.261334e+00
1     6.729961e+01   9.999719e-01   1.326521e-05   0.000000e+00   0.000000e+00   5.007701e-01   1.892494e+00   9.999529e-01   1.892481e+00   1.892469e+00
1     6.739954e+01   9.999719e-01   1.328086e-05   0.000000e+00   0.000000e+00   4.976632e-01   2.523520e+00   9.999528e-01   2.523513e+00   2.523505e+00
1     6.749948e+01   9.999718e-01   1.331782e-05   0.000000e+00   0.000000e+00   4.958524e-01   3.153245e+00   9.999527e-01   3.153245e+00   3.153245e+00
1     6.759941e+01   9.999718e-01   1.336187e-05   0.000000e+00   0.000000e+00   4.960217e-01   3.780989e+00   9.999527e-01   3.780997e+00   3.781005e+00
1     6.769934e+01   9.999717e-01   1.339623e-05   0.000000e+00   0.000000e+00   4.980895e-01   4.406842e+00   9.999526e-01   4.406854e+00   4.406867e+00
1     6.779928e+01   9.999717e-01   1.340788e-05   0.000000e+00   0.000000e+00   5.012636e-01   5.031597e+00   9.999525e-01   5.031610e+00   5.031623e+00
1     6.789921e+01   9.999717e-01   1.339246e-05   0.000000e+00   0.000000e+00   5.043473e-01   5.656453e+00   9.999525e-01   5.656461e+00   5.656469e+00
1     6.799914e+01   9.999716e-01   1.335576e-05   0.000000e+00   0.000000e+00   5.061769e-01   6.282569e+00   9.999524e-01   6.282569e+00   6.282569e+00
1     6.809908e+01   9.999716e-01   1.331168e-05   0.000000e+00   0.000000e+00   5.060479e-01   6.274583e-01   9.999524e-01   6.274505e-01   6.274427e-01
1     6.819901e+01   9.999715e-01   1.327705e-05   0.000000e+00   0.000000e+00   5.039923e-01   1.257453e+00   9.999523e-01   1.257441e+00   1.257428e+00
1     6.829894e+01   9.999715e-01   1.326520e-05   0.000000e+00   0.000000e+00   5.007906e-01   1.888585e+00   9.999522e-01   1.888572e+00   1.888560e+00
1     6.839888e+01   9.999714e-01   1.328070e-05   0.000000e+00   0.000000e+00   4.976788e-01   2.519617e+00   9.999522e-01   2.519609e+00   2.519601e+00
1     6.849881e+01   9.999714e-01   1.331756e-05   0.000000e+00   0.000000e+00   4.958571e-01   3.149352e+00   9.999521e-01   3.149353e+00   3.149353e+00
1     6.859874e+01   9.999714e-01   1.336162e-05   0.000000e+00   0.000000e+00   4.960136e-01   3.777110e+00   9.999520e-01   3.777118e+00   3.777126e+00
1     6.869868e+01   9.999713e-01   1.339608e-05   0.000000e+00   0.000000e+00   4.980717e-01   4.402973e+00   9.999520e-01   4.402985e+00   4.402998e+00
1     6.879861e+01   9.999713e-01   1.340791e-05   0.000000e+00   0.000000e+00   5.012425e-01   5.027732e+00   9.999519e-01   5.027745e+00   5.027757e+00
1     6.889854e+01   9.999712e-01   1.339264e-05   0.000000e+00   0.000000e+00   5.043308e-01   5.652584e+00   9.999518e-01   5.652591e+00   5.652599e+00
1     6.899848e+01   9.999712e-01   1.335603e-05   0.000000e+00   0.000000e+00   5.061711e-01   6.278689e+00   9.999518e-01   6.278689e+00   6.278689e+00
1     6.909841e+01   9.999711e-01   1.331195e-05   0.000000e+00   0.000000e+00   5.060547e-01   6.235661e-01   9.999517e-01   6.235583e-01   6.235505e-01
1     6.919834e+01   9.999711e-01   1.327721e-05   0.000000e+00   0.000000e+00   5.040091e-01   1.253552e+00   9.999516e-01   1.253539e+00   1.253526e+00
1     6.929828e+01   9.999710e-01   1.326519e-05   0.000000e+00   0.000000e+00   5.008106e-01   1.884680e+00   9.999516e-01   1.884668e+00   1.884655e+00
1     6.939996e+01   9.999710e-01   1.328102e-05   0.000000e+00   0.000000e+00   4.976478e-01   2.526780e+00   9.999515e-01   2.526772e+00   2.526764e+00
1     6.949990e+01   9.999710e-01   1.331806e-05   0.000000e+00   0.000000e+00   4.958460e-01   3.156496e+00   9.999514e-01   3.156496e+00   3.156496e+00
1     6.959983e+01   9.999709e-01   1.336212e-05   0.000000e+00   0.000000e+00   4.960262e-01   3.784231e+00   9.999514e-01   3.784239e+00   3.784247e+00
1     6.969976e+01   9.999709e-01   1.339638e-05   0.000000e+00   0.000000e+00   4.981029e-01   4.410075e+00   9.999513e-01   4.410088e+00   4.410100e+00
1     6.979970e+01   9.999708e-01   1.340790e-05   0.000000e+00   0.000000e+00   5.012802e-01   5.034828e+00   9.999512e-01   5.034841e+00   5.034854e+00
1     6.989963e+01   9.999708e-01   1.339234e-05   0.000000e+00   0.000000e+00   5.043605e-01   5.659688e+00   9.999512e-01   5.659696e+00   5.659704e+00
1     6.999956e+01   9.999707e-01   1.335555e-05   0.000000e+00   0.000000e+00   5.061813e-01   2.628405e-03   9.999511e-01   2.628370e-03   2.628335e-03
1     7.009950e+01   9.999707e-01   1.331148e-05   0.000000e+00   0.000000e+00   5.060412e-01   6.307148e-01   9.999511e-01   6.307069e-01   6.306991e-01
1     7.019943e+01   9.999707e-01   1.327693e-05   0.000000e+00   0.000000e+00   5.039767e-01   1.260720e+00   9.999510e-01   1.260707e+00   1.260694e+00
1     7.029936e+01   9.999706e-01   1.326522e-05   0.000000e+00   0.000000e+00   5.007715e-01   1.891855e+00   9.999509e-01   1.891843e+00   1.891830e+00
1     7.039930e+01   9.999706e-01   1.328086e-05   0.000000e+00   0.000000e+00   4.976632e-01   2.522884e+00   9.999509e-01   2.522877e+00   2.522869e+00
1     7.049923e+01   9.999705e-01   1.331781e-05   0.000000e+00   0.000000e+00   4.958505e-01   3.152612e+00   9.999508e-01   3.152612e+00   3.152612e+00
1     7.059916e+01   9.999705e-01   1.336187e-05   0.000000e+00   0.000000e+00   4.960181e-01   3.780360e+00   9.999507e-01   3.780368e+00   3.780376e+00
1     7.069910e+01   9.999704e-01   1.339625e-05   0.000000e+00   0.000000e+00   4.980851e-01   4.406214e+00   9.999507e-01   4.406227e+00   4.406239e+00
1     7.079903e+01   9.999704e-01   1.340793e-05   0.000000e+00   0.000000e+00   5.012594e-01   5.030971e+00   9.999506e-01   5.030983e+00   5.030996e+00
1     7.089897e+01   9.999704e-01   1.339252e-05   0.000000e+00   0.000000e+00   5.043444e-01   5.655826e+00   9.999505e-01   5.655834e+00   5.655842e+00
1     7.099890e+01   9.999703e-01   1.335583e-05   0.000000e+00   0.000000e+00   5.061759e-01   6.281942e+00   9.999505e-01   6.281942e+00   6.281942e+00
1     7.109883e+01   9.999703e-01   1.331174e-05   0.000000e+00   0.000000e+00   5.060484e-01   6.268304e-01   9.999504e-01   6.268226e-01   6.268148e-01
1     7.119877e+01   9.999702e-01   1.327709e-05   0.000000e+00   0.000000e+00   5.039937e-01   1.256826e+00   9.999503e-01   1.256813e+00   1.256800e+00
1     7.129870e+01   9.999702e-01   1.326521e-05   0.000000e+00   0.000000e+00   5.007916e-01   1.887959e+00   9.999503e-01   1.887946e+00   1.887934e+00
1     7.139863e+01   9.999701e-01   1.328069e-05   0.000000e+00   0.000000e+00   4.976785e-01   2.518993e+00   9.999502e-01   2.518985e+00   2.518978e+00
1     7.149857e+01   9.999701e-01   1.331755e-05   0.000000e+00   0.000000e+00   4.958550e-01   3.148732e+00   9.999501e-01   3.148732e+00   3.148732e+00
1     7.159850e+01   9.999701e-01   1.336162e-05   0.000000e+00   0.000000e+00   4.960099e-01   3.776493e+00   9.999501e-01   3.776501e+00   3.776509e+00
1     7.169843e+01   9.999700e-01   1.339611e-05   0.000000e+00   0.000000e+00   4.980673e-01   4.402357e+00   9.999500e-01   4.402370e+00   4.402382e+00
1     7.179837e+01   9.999700e-01   1.340795e-05   0.000000e+00   0.000000e+00   5.012385e-01   5.027117e+00   9.999500e-01   5.027130e+00   5.027143e+00
1     7.189830e+01   9.999699e-01   1.339270e-05   0.000000e+00   0.000000e+00   5.043281e-01   5.651969e+00   9.999499e-01   5.651976e+00   5.651984e+00
1     7.199999e+01   9.999699e-01   1.335534e-05   0.000000e+00   0.000000e+00   5.061861e-01   5.889032e-03   9.999498e-01   5.888953e-03   5.888875e-03
1     7.209992e+01   9.999698e-01   1.331126e-05   0.000000e+00   0.000000e+00   5.060349e-01   6.339873e-01   9.999498e-01   6.339794e-01   6.339715e-01
1     7.219985e+01   9.999698e-01   1.327681e-05   0.000000e+00   0.000000e+00   5.039612e-01   1.264002e+00   9.999497e-01   1.263989e+00   1.263977e+00
1     7.229979e+01   9.999698e-01   1.326523e-05   0.000000e+00   0.000000e+00   5.007525e-01   1.895142e+00   9.999496e-01   1.895129e+00   1.895117e+00
1     7.239972e+01   9.999697e-01   1.328101e-05   0.000000e+00   0.000000e+00   4.976477e-01   2.526168e+00   9.999496e-01   2.526161e+00   2.526153e+00
1     7.249965e+01   9.999697e-01   1.331805e-05   0.000000e+00   0.000000e+00   4.958441e-01   3.155888e+00   9.999495e-01   3.155888e+00   3.155888e+00
1     7.259959e+01   9.999696e-01   1.336211e-05   0.000000e+00   0.000000e+00   4.960227e-01   3.783625e+00   9.999494e-01   3.783633e+00   3.783641e+00
1     7.269952e+01   9.999696e-01   1.339640e-05   0.000000e+00   0.000000e+00   4.980985e-01   4.409471e+00   9.999494e-01   4.409484e+00   4.409497e+00
1     7.279945e+01   9.999695e-01   1.340794e-05   0.000000e+00   0.000000e+00   5.012760e-01   5.034226e+00   9.999493e-01   5.034238e+00   5.034251e+00
1     7.289939e+01   9.999695e-01   1.339240e-05   0.000000e+00   0.000000e+00   5.043576e-01   5.659086e+00   9.999492e-01   5.659094e+00   5.659101e+00
1     7.299932e+01   9.999695e-01   1.335562e-05   0.000000e+00   0.000000e+00   5.061801e-01   2.025405e-03   9.999492e-01   2.025378e-03   2.025351e-03
1     7.309925e+01   9.999694e-01   1.331153e-05   0.000000e+00   0.000000e+00   5.060416e-01   6.301114e-01   9.999491e-01   6.301036e-01   6.300957e-01
1     7.319919e+01   9.999694e-01   1.327696e-05   0.000000e+00   0.000000e+00   5.039778e-01   1.260117e+00   9.999490e-01   1.260104e+00   1.260091e+00
1     7.329912e+01   9.999693e-01   1.326522e-05   0.000000e+00   0.000000e+00   5.007724e-01   1.891254e+00   9.999490e-01   1.891241e+00   1.891229e+00
1     7.339905e+01   9.999693e-01   1.328085e-05   0.000000e+00   0.000000e+00   4.976628e-01   2.522285e+00   9.999489e-01   2.522278e+00   2.522270e+00
1     7.349899e+01   9.999692e-01   1.331779e-05   0.000000e+00   0.000000e+00   4.958484e-01   3.152016e+00   9.999489e-01   3.152016e+00   3.152016e+00
1     7.359892e+01   9.999692e-01   1.336187e-05   0.000000e+00   0.000000e+00   4.960144e-01   3.779766e+00   9.999488e-01   3.779774e+00   3.779782e+00
1     7.369885e+01   9.999691e-01   1.339626e-05   0.000000e+00   0.000000e+00   4.980806e-01   4.405623e+00   9.999487e-01   4.405635e+00   4.405648e+00
1     7.379879e+01   9.999691e-01   1.340797e-05   0.000000e+00   0.000000e+00   5.012550e-01   5.030380e+00   9.999487e-01   5.030393e+00   5.030406e+00
1     7.389872e+01   9.999691e-01   1.339258e-05   0.000000e+00   0.000000e+00   5.043412e-01   5.655236e+00   9.999486e-01   5.655244e+00   5.655252e+00
1     7.399865e+01   9.999690e-01   1.335589e-05   0.000000e+00   0.000000e+00   5.061744e-01   6.281351e+00   9.999485e-01   6.281351e+00   6.281351e+00
1     7.409859e+01   9.999690e-01   1.331179e-05   0.000000e+00   0.000000e+00   5.060485e-01   6.262395e-01   9.999485e-01   6.262317e-01   6.262239e-01
1     7.419852e+01   9.999689e-01   1.327712e-05   0.000000e+00   0.000000e+00   5.039946e-01   1.256235e+00   9.999484e-01   1.256223e+00   1.256210e+00
1     7.429845e+01   9.999689e-01   1.326521e-05   0.000000e+00   0.000000e+00   5.007923e-01   1.887370e+00   9.999483e-01   1.887357e+00   1.887344e+00
1     7.439839e+01   9.999688e-01   1.328068e-05   0.000000e+00   0.000000e+00   4.976781e-01   2.518406e+00   9.999483e-01   2.518399e+00   2.518391e+00
1     7.449832e+01   9.999688e-01   1.331754e-05   0.000000e+00   0.000000e+00   4.958529e-01   3.148148e+00   9.999482e-01   3.148148e+00   3.148148e+00
1     7.459825e+01   9.999688e-01   1.336162e-05   0.000000e+00   0.000000e+00   4.960063e-01   3.775912e+00   9.999481e-01   3.775920e+00   3.775927e+00
1     7.469994e+01   9.999687e-01   1.339655e-05   0.000000e+00   0.000000e+00   4.981119e-01   4.412745e+00   9.999481e-01   4.412758e+00   4.412771e+00
1     7.479987e+01   9.999687e-01   1.340796e-05   0.000000e+00   0.000000e+00   5.012928e-01   5.037497e+00   9.999480e-01   5.037510e+00   5.037522e+00
1     7.489981e+01   9.999686e-01   1.339227e-05   0.000000e+00   0.000000e+00   5.043709e-01   5.662361e+00   9.999479e-01   5.662369e+00   5.662377e+00
1     7.499974e+01   9.999686e-01   1.335540e-05   0.000000e+00   0.000000e+00   5.061845e-01   5.310788e-03   9.999479e-01   5.310717e-03   5.310646e-03
1     7.509967e+01   9.999685e-01   1.331131e-05   0.000000e+00   0.000000e+00   5.060348e-01   6.334088e-01   9.999478e-01   6.334009e-01   6.333930e-01
1     7.519961e+01   9.999685e-01   1.327684e-05   0.000000e+00   0.000000e+00   5.039620e-01   1.263424e+00   9.999477e-01   1.263411e+00   1.263398e+00
1     7.529954e+01   9.999685e-01   1.326524e-05   0.000000e+00   0.000000e+00   5.007531e-01   1.894565e+00   9.999477e-01   1.894553e+00   1.894540e+00
1     7.539947e+01   9.999684e-01   1.328100e-05   0.000000e+00   0.000000e+00   4.976472e-01   2.525594e+00   9.999476e-01   2.525586e+00   2.525578e+00
1     7.549941e+01   9.999684e-01   1.331804e-05   0.000000e+00   0.000000e+00   4.958420e-01   3.155316e+00   9.999476e-01   3.155316e+00   3.155316e+00
1     7.559934e+01   9.999683e-01   1.336211e-05   0.000000e+00   0.000000e+00   4.960192e-01   3.783056e+00   9.999475e-01   3.783064e+00   3.783072e+00
1     7.569927e+01   9.999683e-01   1.339642e-05   0.000000e+00   0.000000e+00   4.980942e-01   4.408904e+00   9.999474e-01   4.408917e+00   4.408930e+00
1     7.579921e+01   9.999682e-01   1.340798e-05   0.000000e+00   0.000000e+00   5.012721e-01   5.033660e+00   9.999474e-01   5.033672e+00   5.033685e+00
1     7.589914e+01   9.999682e-01   1.339245e-05   0.000000e+00   0.000000e+00   5.043548e-01   5.658520e+00   9.999473e-01   5.658527e+00   5.658535e+00
1     7.599907e+01   9.999682e-01   1.335567e-05   0.000000e+00   0.000000e+00   5.061789e-01   1.458957e-03   9.999472e-01   1.458938e-03   1.458918e-03
1     7.609901e+01   9.999681e-01   1.331157e-05   0.000000e+00   0.000000e+00   5.060418e-01   6.295448e-01   9.999472e-01   6.295369e-01   6.295291e-01
1     7.619894e+01   9.999681e-01   1.327699e-05   0.000000e+00   0.000000e+00   5.039788e-01   1.259550e+00   9.999471e-01   1.259538e+00   1.259525e+00
1     7.629887e+01   9.999680e-01   1.326523e-05   0.000000e+00   0.000000e+00   5.007730e-01   1.890689e+00   9.999470e-01   1.890677e+00   1.890664e+00
1     7.639881e+01   9.999680e-01   1.328084e-05   0.000000e+00   0.000000e+00   4.976623e-01   2.521723e+00   9.999470e-01   2.521716e+00   2.521708e+00
1     7.649874e+01   9.999679e-01   1.331778e-05   0.000000e+00   0.000000e+00   4.958463e-01   3.151457e+00   9.999469e-01   3.151457e+00   3.151457e+00
1     7.659867e+01   9.999679e-01   1.336186e-05   0.000000e+00   0.000000e+00   4.960109e-01   3.779210e+00   9.999468e-01   3.779218e+00   3.779226e+00
1     7.669861e+01   9.999679e-01   1.339628e-05   0.000000e+00   0.000000e+00   4.980763e-01   4.405068e+00   9.999468e-01   4.405081e+00   4.405093e+00
1     7.679854e+01   9.999678e-01   1.340801e-05   0.000000e+00   0.000000e+00   5.012511e-01   5.029826e+00   9.999467e-01   5.029839e+00   5.029852e+00
1     7.689847e+01   9.999678e-01   1.339263e-05   0.000000e+00   0.000000e+00   5.043383e-01   5.654682e+00   9.999466e-01   5.654690e+00   5.654698e+00
1     7.699841e+01   9.999677e-01   1.335594e-05   0.000000e+00   0.000000e+00   5.061730e-01   6.280797e+00   9.999466e-01   6.280797e+00   6.280797e+00
1     7.709834e+01   9.999677e-01   1.331183e-05   0.000000e+00   0.000000e+00   5.060485e-01   6.256852e-01   9.999465e-01   6.256774e-01   6.256696e-01
1     7.719827e+01   9.999676e-01   1.327714e-05   0.000000e+00   0.000000e+00   5.039953e-01   1.255682e+00   9.999465e-01   1.255669e+00   1.255656e+00
1     7.729996e+01   9.999676e-01   1.326525e-05   0.000000e+00   0.000000e+00   5.007335e-01   1.897893e+00   9.999464e-01   1.897880e+00   1.897868e+00
1     7.739989e+01   9.999675e-01   1.328116e-05   0.000000e+00   0.000000e+00   4.976313e-01   2.528919e+00   9.999463e-01   2.528911e+00   2.528904e+00
1     7.749983e+01   9.999675e-01   1.331828e-05   0.000000e+00   0.000000e+00   4.958353e-01   3.158633e+00   9.999463e-01   3.158633e+00   3.158633e+00
1     7.759976e+01   9.999675e-01   1.336235e-05   0.000000e+00   0.000000e+00   4.960237e-01   3.786362e+00   9.999462e-01   3.786370e+00   3.786378e+00
1     7.769969e+01   9.999674e-01   1.339657e-05   0.000000e+00   0.000000e+00   4.981077e-01   4.412202e+00   9.999461e-01   4.412215e+00   4.412228e+00
1     7.779963e+01   9.999674e-01   1.340799e-05   0.000000e+00   0.000000e+00   5.012888e-01   5.036955e+00   9.999461e-01   5.036968e+00   5.036981e+00
1     7.789956e+01   9.999673e-01   1.339232e-05   0.000000e+00   0.000000e+00   5.043681e-01   5.661820e+00   9.999460e-01   5.661827e+00   5.661835e+00
1     7.799949e+01   9.999673e-01   1.335545e-05   0.000000e+00   0.000000e+00   5.061831e-01   4.768877e-03   9.999459e-01   4.768813e-03   4.768750e-03
1     7.809943e+01   9.999672e-01   1.331135e-05   0.000000e+00   0.000000e+00   5.060348e-01   6.328667e-01   9.999459e-01   6.328588e-01   6.328510e-01
1     7.819936e+01   9.999672e-01   1.327686e-05   0.000000e+00   0.000000e+00   5.039626e-01   1.262882e+00   9.999458e-01   1.262870e+00   1.262857e+00
1     7.829929e+01   9.999672e-01   1.326524e-05   0.000000e+00   0.000000e+00   5.007534e-01   1.894025e+00   9.999457e-01   1.894013e+00   1.894000e+00
1     7.839923e+01   9.999671e-01   1.328099e-05   0.000000e+00   0.000000e+00   4.976464e-01   2.525056e+00   9.999457e-01   2.525049e+00   2.525041e+00
1     7.849916e+01   9.999671e-01   1.331802e-05   0.000000e+00   0.000000e+00   4.958397e-01   3.154781e+00   9.999456e-01   3.154781e+00   3.154782e+00
1     7.859909e+01   9.999670e-01   1.336210e-05   0.000000e+00   0.000000e+00   4.960155e-01   3.782524e+00   9.999455e-01   3.782532e+00   3.782540e+00
1     7.869903e+01   9.999670e-01   1.339643e-05   0.000000e+00   0.000000e+00   4.980900e-01   4.408374e+00   9.999455e-01   4.408387e+00   4.408399e+00
1     7.879896e+01   9.999669e-01   1.340801e-05   0.000000e+00   0.000000e+00   5.012680e-01   5.033130e+00   9.999454e-01   5.033143e+00   5.033156e+00
1     7.889889e+01   9.999669e-01   1.339249e-05   0.000000e+00   0.000000e+00   5.043518e-01   5.657990e+00   9.999454e-01   5.657998e+00   5.658006e+00
1     7.899883e+01   9.999669e-01   1.335572e-05   0.000000e+00   0.000000e+00   5.061774e-01   9.294520e-04   9.999453e-01   9.294396e-04   9.294271e-04
1     7.909876e+01   9.999668e-01   1.331161e-05   0.000000e+00   0.000000e+00   5.060416e-01   6.290151e-01   9.999452e-01   6.290073e-01   6.289995e-01
1     7.919869e+01   9.999668e-01   1.327701e-05   0.000000e+00   0.000000e+00   5.039794e-01   1.259021e+00   9.999452e-01   1.259009e+00   1.258996e+00
1     7.929863e+01   9.999667e-01   1.326523e-05   0.000000e+00   0.000000e+00   5.007735e-01   1.890161e+00   9.999451e-01   1.890149e+00   1.890136e+00
1     7.939856e+01   9.999667e-01   1.328082e-05   0.000000e+00   0.000000e+00   4.976618e-01   2.521198e+00   9.999450e-01   2.521190e+00   2.521182e+00
1     7.949849e+01   9.999666e-01   1.331777e-05   0.000000e+00   0.000000e+00   4.958443e-01   3.150934e+00   9.999450e-01   3.150934e+00   3.150934e+00
1     7.959843e+01   9.999666e-01   1.336186e-05   0.000000e+00   0.000000e+00   4.960077e-01   3.778689e+00   9.999449e-01   3.778697e+00   3.778705e+00
1     7.969836e+01   9.999666e-01   1.339629e-05   0.000000e+00   0.000000e+00   4.980724e-01   4.404549e+00   9.999448e-01   4.404562e+00   4.404575e+00
1     7.979829e+01   9.999665e-01   1.340803e-05   0.000000e+00   0.000000e+00   5.012474e-01   5.029309e+00   9.999448e-01   5.029322e+00   5.029334e+00
1     7.989998e+01   9.999665e-01   1.339218e-05   0.000000e+00   0.000000e+00   5.043816e-01   5.665136e+00   9.999447e-01   5.665143e+00   5.665151e+00
1     7.999991e+01   9.999664e-01   1.335523e-05   0.000000e+00   0.000000e+00   5.061875e-01   8.094897e-03   9.999446e-01   8.094789e-03   8.094681e-03
1     8.009985e+01   9.999664e-01   1.331113e-05   0.000000e+00   0.000000e+00   5.060279e-01   6.362048e-01   9.999446e-01   6.361969e-01   6.361890e-01
1     8.019978e+01   9.999663e-01   1.327673e-05   0.000000e+00   0.000000e+00   5.039467e-01   1.266230e+00   9.999445e-01   1.266218e+00   1.266205e+00
1     8.029971e+01   9.999663e-01   1.326526e-05   0.000000e+00   0.000000e+00   5.007342e-01   1.897377e+00   9.999444e-01   1.897365e+00   1.897352e+00
1     8.039965e+01   9.999663e-01   1.328115e-05   0.000000e+00   0.000000e+00   4.976310e-01   2.528405e+00   9.999444e-01   2.528398e+00   2.528390e+00
1     8.049958e+01   9.999662e-01   1.331827e-05   0.000000e+00   0.000000e+00   4.958337e-01   3.158122e+00   9.999443e-01   3.158122e+00   3.158122e+00
1     8.059951e+01   9.999662e-01   1.336234e-05   0.000000e+00   0.000000e+00   4.960208e-01   3.785854e+00   9.999442e-01   3.785862e+00   3.785870e+00
1     8.069945e+01   9.999661e-01   1.339658e-05   0.000000e+00   0.000000e+00   4.981041e-01   4.411696e+00   9.999442e-01   4.411708e+00   4.411721e+00
1     8.079938e+01   9.999661e-01   1.340802e-05   0.000000e+00   0.000000e+00   5.012854e-01   5.036450e+00   9.999441e-01   5.036462e+00   5.036475e+00
1     8.089931e+01   9.999660e-01   1.339236e-05   0.000000e+00   0.000000e+00   5.043655e-01   5.661314e+00   9.999441e-01   5.661322e+00   5.661330e+00
1     8.099925e+01   9.999660e-01   1.335550e-05   0.000000e+00   0.000000e+00   5.061819e-01   4.263404e-03   9.999440e-01   4.263347e-03   4.263290e-03
1     8.109918e+01   9.999659e-01   1.331139e-05   0.000000e+00   0.000000e+00   5.060349e-01   6.323612e-01   9.999439e-01   6.323533e-01   6.323455e-01
1     8.119911e+01   9.999659e-01   1.327688e-05   0.000000e+00   0.000000e+00   5.039635e-01   1.262377e+00   9.999439e-01   1.262365e+00   1.262352e+00
1     8.129905e+01   9.999659e-01   1.326525e-05   0.000000e+00   0.000000e+00   5.007542e-01   1.893521e+00   9.999438e-01   1.893509e+00   1.893496e+00
1     8.139898e+01   9.999658e-01   1.328098e-05   0.000000e+00   0.000000e+00   4.976463e-01   2.524555e+00   9.999437e-01   2.524547e+00   2.524539e+00
1     8.149891e+01   9.999658e-01   1.331801e-05   0.000000e+00   0.000000e+00   4.958383e-01   3.154282e+00   9.999437e-01   3.154282e+00   3.154282e+00
1     8.159885e+01   9.999657e-01   1.336210e-05   0.000000e+00   0.000000e+00   4.960129e-01   3.782027e+00   9.999436e-01   3.782035e+00   3.782043e+00
1     8.169878e+01   9.999657e-01   1.339644e-05   0.000000e+00   0.000000e+00   4.980866e-01   4.407879e+00   9.999435e-01   4.407892e+00   4.407905e+00
1     8.179871e+01   9.999656e-01   1.340804e-05   0.000000e+00   0.000000e+00   5.012649e-01   5.032636e+00   9.999435e-01   5.032649e+00   5.032662e+00
1     8.189865e+01   9.999656e-01   1.339254e-05   0.000000e+00   0.000000e+00   5.043495e-01   5.657497e+00   9.999434e-01   5.657505e+00   5.657513e+00
1     8.199858e+01   9.999656e-01   1.335576e-05   0.000000e+00   0.000000e+00   5.061763e-01   4.360417e-04   9.999433e-01   4.360359e-04   4.360300e-04
1     8.209851e+01   9.999655e-01   1.331165e-05   0.000000e+00   0.000000e+00   5.060418e-01   6.285217e-01   9.999433e-01   6.285139e-01   6.285061e-01
1     8.219845e+01   9.999655e-01   1.327703e-05   0.000000e+00   0.000000e+00   5.039802e-01   1.258528e+00   9.999432e-01   1.258516e+00   1.258503e+00
1     8.229838e+01   9.999654e-01   1.326524e-05   0.000000e+00   0.000000e+00   5.007742e-01   1.889670e+00   9.999431e-01   1.889657e+00   1.889645e+00
1     8.239831e+01   9.999654e-01   1.328082e-05   0.000000e+00   0.000000e+00   4.976616e-01   2.520708e+00   9.999431e-01   2.520700e+00   2.520693e+00
1     8.249825e+01   9.999653e-01   1.331775e-05   0.000000e+00   0.000000e+00   4.958430e-01   3.150447e+00   9.999430e-01   3.150447e+00   3.150447e+00
1     8.259993e+01   9.999653e-01   1.336259e-05   0.000000e+00   0.000000e+00   4.960263e-01   3.789200e+00   9.999430e-01   3.789208e+00   3.789216e+00
1     8.269987e+01   9.999653e-01   1.339673e-05   0.000000e+00   0.000000e+00   4.981185e-01   4.415034e+00   9.999429e-01   4.415046e+00   4.415059e+00
1     8.279980e+01   9.999652e-01   1.340802e-05   0.000000e+00   0.000000e+00   5.013028e-01   5.039785e+00   9.999428e-01   5.039798e+00   5.039811e+00
1     8.289973e+01   9.999652e-01   1.339222e-05   0.000000e+00   0.000000e+00   5.043792e-01   5.664655e+00   9.999428e-01   5.664662e+00   5.664670e+00
1     8.299967e+01   9.999651e-01   1.335527e-05   0.000000e+00   0.000000e+00   5.061863e-01   7.613871e-03   9.999427e-01   7.613769e-03   7.613668e-03
1     8.309960e+01   9.999651e-01   1.331117e-05   0.000000e+00   0.000000e+00   5.060279e-01   6.357238e-01   9.999426e-01   6.357159e-01   6.357080e-01
1     8.319954e+01   9.999650e-01   1.327676e-05   0.000000e+00   0.000000e+00   5.039473e-01   1.265750e+00   9.999426e-01   1.265737e+00   1.265724e+00
1     8.329947e+01   9.999650e-01   1.326527e-05   0.000000e+00   0.000000e+00   5.007348e-01   1.896898e+00   9.999425e-01   1.896885e+00   1.896873e+00
1     8.339940e+01   9.999650e-01   1.328115e-05   0.000000e+00   0.000000e+00   4.976307e-01   2.527928e+00   9.999424e-01   2.527920e+00   2.527913e+00
1     8.349934e+01   9.999649e-01   1.331826e-05   0.000000e+00   0.000000e+00   4.958322e-01   3.157647e+00   9.999424e-01   3.157647e+00   3.157647e+00
1     8.359927e+01   9.999649e-01   1.336234e-05   0.000000e+00   0.000000e+00   4.960182e-01   3.785381e+00   9.999423e-01   3.785389e+00   3.785397e+00
1     8.369920e+01   9.999648e-01   1.339659e-05   0.000000e+00   0.000000e+00   4.981009e-01   4.411225e+00   9.999422e-01   4.411238e+00   4.411251e+00
1     8.379914e+01   9.999648e-01   1.340805e-05   0.000000e+00   0.000000e+00   5.012822e-01   5.035980e+00   9.999422e-01   5.035993e+00   5.036006e+00
1     8.389907e+01   9.999647e-01   1.339240e-05   0.000000e+00   0.000000e+00   5.043631e-01   5.660845e+00   9.999421e-01   5.660853e+00   5.660861e+00
1     8.399900e+01   9.999647e-01   1.335554e-05   0.000000e+00   0.000000e+00   5.061807e-01   3.794606e-03   9.999420e-01   3.794555e-03   3.794504e-03
1     8.409894e+01   9.999647e-01   1.331143e-05   0.000000e+00   0.000000e+00   5.060348e-01   6.318925e-01   9.999420e-01   6.318846e-01   6.318768e-01
1     8.419887e+01   9.999646e-01   1.327691e-05   0.000000e+00   0.000000e+00   5.039640e-01   1.261909e+00   9.999419e-01   1.261896e+00   1.261884e+00
1     8.429880e+01   9.999646e-01   1.326526e-05   0.000000e+00   0.000000e+00   5.007547e-01   1.893055e+00   9.999418e-01   1.893042e+00   1.893029e+00
1     8.439874e+01   9.999645e-01   1.328098e-05   0.000000e+00   0.000000e+00   4.976460e-01   2.524090e+00   9.999418e-01   2.524082e+00   2.524074e+00
1     8.449867e+01   9.999645e-01   1.331800e-05   0.000000e+00   0.000000e+00   4.958368e-01   3.153820e+00   9.999417e-01   3.153820e+00   3.153820e+00
1     8.459860e+01   9.999644e-01   1.336210e-05   0.000000e+00   0.000000e+00   4.960103e-01   3.781567e+00   9.999417e-01   3.781575e+00   3.781583e+00
1     8.469854e+01   9.999644e-01   1.339645e-05   0.000000e+00   0.000000e+00   4.980834e-01   4.407421e+00   9.999416e-01   4.407434e+00   4.407446e+00
1     8.479847e+01   9.999643e-01   1.340807e-05   0.000000e+00   0.000000e+00   5.012617e-01   5.032179e+00   9.999415e-01   5.032192e+00   5.032205e+00
1     8.489840e+01   9.999643e-01   1.339258e-05   0.000000e+00   0.000000e+00   5.043470e-01   5.657040e+00   9.999415e-01   5.657048e+00   5.657056e+00
1     8.499834e+01   9.999643e-01   1.335581e-05   0.000000e+00   0.000000e+00   5.061750e-01   6.283165e+00   9.999414e-01   6.283165e+00   6.283165e+00
1     8.509827e+01   9.999642e-01   1.331169e-05   0.000000e+00   0.000000e+00   5.060415e-01   6.280655e-01   9.999413e-01   6.280576e-01   6.280498e-01
1     8.519996e+01   9.999642e-01   1.327663e-05   0.000000e+00   0.000000e+00   5.039309e-01   1.269139e+00   9.999413e-01   1.269126e+00   1.269114e+00
1     8.529989e+01   9.999641e-01   1.326529e-05   0.000000e+00   0.000000e+00   5.007150e-01   1.900291e+00   9.999412e-01   1.900279e+00   1.900266e+00
1     8.539982e+01   9.999641e-01   1.328131e-05   0.000000e+00   0.000000e+00   4.976149e-01   2.531318e+00   9.999411e-01   2.531311e+00   2.531303e+00
1     8.549976e+01   9.999640e-01   1.331851e-05   0.000000e+00   0.000000e+00   4.958260e-01   3.161028e+00   9.999411e-01   3.161028e+00   3.161029e+00
1     8.559969e+01   9.999640e-01   1.336259e-05   0.000000e+00   0.000000e+00   4.960235e-01   3.788752e+00   9.999410e-01   3.788760e+00   3.788768e+00
1     8.569962e+01   9.999640e-01   1.339675e-05   0.000000e+00   0.000000e+00   4.981151e-01   4.414588e+00   9.999409e-01   4.414600e+00   4.414613e+00
1     8.579956e+01   9.999639e-01   1.340806e-05   0.000000e+00   0.000000e+00   5.012997e-01   5.039340e+00   9.999409e-01   5.039353e+00   5.039366e+00
1     8.589949e+01   9.999639e-01   1.339227e-05   0.000000e+00   0.000000e+00   5.043768e-01   5.664210e+00   9.999408e-01   5.664218e+00   5.664226e+00
1     8.599942e+01   9.999638e-01   1.335532e-05   0.000000e+00   0.000000e+00   5.061851e-01   7.169548e-03   9.999407e-01   7.169452e-03   7.169357e-03
1     8.609936e+01   9.999638e-01   1.331121e-05   0.000000e+00   0.000000e+00   5.060276e-01   6.352797e-01   9.999407e-01   6.352718e-01   6.352639e-01
1     8.619929e+01   9.999637e-01   1.327678e-05   0.000000e+00   0.000000e+00   5.039476e-01   1.265306e+00   9.999406e-01   1.265294e+00   1.265281e+00
1     8.629922e+01   9.999637e-01   1.326528e-05   0.000000e+00   0.000000e+00   5.007348e-01   1.896456e+00   9.999406e-01   1.896443e+00   1.896431e+00
1     8.639916e+01   9.999637e-01   1.328115e-05   0.000000e+00   0.000000e+00   4.976300e-01   2.527488e+00   9.999405e-01   2.527480e+00   2.527473e+00
1     8.649909e+01   9.999636e-01   1.331826e-05   0.000000e+00   0.000000e+00   4.958304e-01   3.157209e+00   9.999404e-01   3.157209e+00   3.157210e+00
1     8.659902e+01   9.999636e-01   1.336235e-05   0.000000e+00   0.000000e+00   4.960154e-01   3.784946e+00   9.999404e-01   3.784954e+00   3.784962e+00
1     8.669896e+01   9.999635e-01   1.339661e-05   0.000000e+00   0.000000e+00   4.980975e-01   4.410792e+00   9.999403e-01   4.410804e+00   4.410817e+00
1     8.679889e+01   9.999635e-01   1.340808e-05   0.000000e+00   0.000000e+00   5.012791e-01   5.035548e+00   9.999402e-01   5.035560e+00   5.035573e+00
1     8.689882e+01   9.999634e-01   1.339244e-05   0.000000e+00   0.000000e+00   5.043607e-01   5.660413e+00   9.999402e-01   5.660421e+00   5.660429e+00
1     8.699876e+01   9.999634e-01   1.335559e-05   0.000000e+00   0.000000e+00   5.061794e-01   3.362591e-03   9.999401e-01   3.362546e-03   3.362501e-03
1     8.709869e+01   9.999634e-01   1.331147e-05   0.000000e+00   0.000000e+00   5.060344e-01   6.314607e-01   9.999400e-01   6.314529e-01   6.314450e-01
1     8.719862e+01   9.999633e-01   1.327693e-05   0.000000e+00   0.000000e+00   5.039641e-01   1.261478e+00   9.999400e-01   1.261465e+00   1.261453e+00
1     8.729856e+01   9.999633e-01   1.326527e-05   0.000000e+00   0.000000e+00   5.007546e-01   1.892625e+00   9.999399e-01   1.892612e+00   1.892600e+00
1     8.739849e+01   9.999632e-01   1.328098e-05   0.000000e+00   0.000000e+00   4.976451e-01   2.523662e+00   9.999398e-01   2.523655e+00   2.523647e+00
1     8.749842e+01   9.999632e-01   1.331801e-05   0.000000e+00   0.000000e+00   4.958349e-01   3.153394e+00   9.999398e-01   3.153395e+00   3.153395e+00
1     8.759836e+01   9.999631e-01   1.336211e-05   0.000000e+00   0.000000e+00   4.960074e-01   3.781144e+00   9.999397e-01   3.781152e+00   3.781160e+00
1     8.769829e+01   9.999631e-01   1.339647e-05   0.000000e+00   0.000000e+00   4.980800e-01   4.406999e+00   9.999396e-01   4.407012e+00   4.407025e+00
1     8.779998e+01   9.999631e-01   1.340806e-05   0.000000e+00   0.000000e+00   5.013171e-01   5.042717e+00   9.999396e-01   5.042730e+00   5.042742e+00
1     8.789991e+01   9.999630e-01   1.339213e-05   0.000000e+00   0.000000e+00   5.043903e-01   5.667591e+00   9.999395e-01   5.667599e+00   5.667607e+00
1     8.799984e+01   9.999630e-01   1.335510e-05   0.000000e+00   0.000000e+00   5.061891e-01   1.056102e-02   9.999394e-01   1.056088e-02   1.056074e-02
1     8.809978e+01   9.999629e-01   1.331100e-05   0.000000e+00   0.000000e+00   5.060202e-01   6.386834e-01   9.999394e-01   6.386755e-01   6.386676e-01
1     8.819971e+01   9.999629e-01   1.327666e-05   0.000000e+00   0.000000e+00   5.039311e-01   1.268720e+00   9.999393e-01   1.268707e+00   1.268695e+00
1     8.829964e+01   9.999628e-01   1.326530e-05   0.000000e+00   0.000000e+00   5.007151e-01   1.899874e+00   9.999393e-01   1.899861e+00   1.899849e+00
1     8.839958e+01   9.999628e-01   1.328132e-05   0.000000e+00   0.000000e+00   4.976144e-01   2.530902e+00   9.999392e-01   2.530895e+00   2.530887e+00
1     8.849951e+01   9.999627e-01   1.331851e-05   0.000000e+00   0.000000e+00   4.958244e-01   3.160615e+00   9.999391e-01   3.160615e+00   3.160615e+00
1     8.859944e+01   9.999627e-01   1.336260e-05   0.000000e+00   0.000000e+00   4.960209e-01   3.788341e+00   9.999391e-01   3.788349e+00   3.788357e+00
1     8.869938e+01   9.999627e-01   1.339676e-05   0.000000e+00   0.000000e+00   4.981120e-01   4.414178e+00   9.999390e-01   4.414191e+00   4.414204e+00
1     8.879931e+01   9.999626e-01   1.340809e-05   0.000000e+00   0.000000e+00   5.012966e-01   5.038932e+00   9.999389e-01   5.038945e+00   5.038958e+00
1     8.889924e+01   9.999626e-01   1.339231e-05   0.000000e+00   0.000000e+00   5.043743e-01   5.663803e+00   9.999389e-01   5.663810e+00   5.663818e+00
1     8.899918e+01   9.999625e-01   1.335537e-05   0.000000e+00   0.000000e+00   5.061835e-01   6.762141e-03   9.999388e-01   6.762051e-03   6.761960e-03
1     8.909911e+01   9.999625e-01   1.331125e-05   0.000000e+00   0.000000e+00   5.060271e-01   6.348725e-01   9.999387e-01   6.348646e-01   6.348567e-01
1     8.919904e+01   9.999624e-01   1.327681e-05   0.000000e+00   0.000000e+00   5.039476e-01   1.264900e+00   9.999387e-01   1.264887e+00   1.264875e+00
1     8.929898e+01   9.999624e-01   1.326529e-05   0.000000e+00   0.000000e+00   5.007349e-01   1.896051e+00   9.999386e-01   1.896038e+00   1.896026e+00
1     8.939891e+01   9.999624e-01   1.328115e-05   0.000000e+00   0.000000e+00   4.976295e-01   2.527085e+00   9.999385e-01   2.527077e+00   2.527069e+00
1     8.949884e+01   9.999623e-01   1.331826e-05   0.000000e+00   0.000000e+00   4.958288e-01   3.156808e+00   9.999385e-01   3.156808e+00   3.156808e+00
1     8.959878e+01   9.999623e-01   1.336235e-05   0.000000e+00   0.000000e+00   4.960129e-01   3.784547e+00   9.999384e-01   3.784555e+00   3.784563e+00
1     8.969871e+01   9.999622e-01   1.339663e-05   0.000000e+00   0.000000e+00   4.980945e-01   4.410394e+00   9.999383e-01   4.410407e+00   4.410420e+00
1     8.979864e+01   9.999622e-01   1.340811e-05   0.000000e+00   0.000000e+00   5.012760e-01   5.035151e+00   9.999383e-01   5.035164e+00   5.035177e+00
1     8.989858e+01   9.999621e-01   1.339248e-05   0.000000e+00   0.000000e+00   5.043583e-01   5.660018e+00   9.999382e-01   5.660026e+00   5.660033e+00
1     8.999851e+01   9.999621e-01   1.335563e-05   0.000000e+00   0.000000e+00   5.061779e-01   2.967305e-03   9.999382e-01   2.967265e-03   2.967226e-03
1     9.009844e+01   9.999621e-01   1.331151e-05   0.000000e+00   0.000000e+00   5.060339e-01   6.310657e-01   9.999381e-01   6.310579e-01   6.310500e-01
1     9.019838e+01   9.999620e-01   1.327696e-05   0.000000e+00   0.000000e+00   5.039641e-01   1.261084e+00   9.999380e-01   1.261071e+00   1.261058e+00
1     9.029831e+01   9.999620e-01   1.326528e-05   0.000000e+00   0.000000e+00   5.007546e-01   1.892232e+00   9.999380e-01   1.892219e+00   1.892207e+00
1     9.040000e+01   9.999619e-01   1.328148e-05   0.000000e+00   0.000000e+00   4.975985e-01   2.534333e+00   9.999379e-01   2.534326e+00   2.534318e+00
1     9.049993e+01   9.999619e-01   1.331877e-05   0.000000e+00   0.000000e+00   4.958182e-01   3.164037e+00   9.999378e-01   3.164037e+00   3.164037e+00
1     9.059986e+01   9.999618e-01   1.336284e-05   0.000000e+00   0.000000e+00   4.960263e-01   3.791752e+00   9.999378e-01   3.791760e+00   3.791768e+00
1     9.069980e+01   9.999618e-01   1.339691e-05   0.000000e+00   0.000000e+00   4.981264e-01   4.417581e+00   9.999377e-01   4.417594e+00   4.417607e+00
1     9.079973e+01   9.999618e-01   1.340809e-05   0.000000e+00   0.000000e+00   5.013140e-01   5.042333e+00   9.999376e-01   5.042346e+00   5.042358e+00
1     9.089966e+01   9.999617e-01   1.339216e-05   0.000000e+00   0.000000e+00   5.043879e-01   5.667208e+00   9.999376e-01   5.667216e+00   5.667224e+00
1     9.099960e+01   9.999617e-01   1.335514e-05   0.000000e+00   0.000000e+00   5.061876e-01   1.017808e-02   9.999375e-01   1.017795e-02   1.017781e-02
1     9.109953e+01   9.999616e-01   1.331103e-05   0.000000e+00   0.000000e+00   5.060195e-01   6.383009e-01   9.999374e-01   6.382930e-01   6.382850e-01
1     9.119946e+01   9.999616e-01   1.327668e-05   0.000000e+00   0.000000e+00   5.039308e-01   1.268338e+00   9.999374e-01   1.268326e+00   1.268313e+00
1     9.129940e+01   9.999615e-01   1.326531e-05   0.000000e+00   0.000000e+00   5.007149e-01   1.899493e+00   9.999373e-01   1.899481e+00   1.899468e+00
1     9.139933e+01   9.999615e-01   1.328132e-05   0.000000e+00   0.000000e+00   4.976135e-01   2.530524e+00   9.999372e-01   2.530516e+00   2.530509e+00
1     9.149926e+01   9.999615e-01   1.331851e-05   0.000000e+00   0.000000e+00   4.958226e-01   3.160238e+00   9.999372e-01   3.160238e+00   3.160239e+00
1     9.159920e+01   9.999614e-01   1.336260e-05   0.000000e+00   0.000000e+00   4.960182e-01   3.787966e+00   9.999371e-01   3.787974e+00   3.787982e+00
1     9.169913e+01   9.999614e-01   1.339678e-05   0.000000e+00   0.000000e+00   4.981089e-01   4.413805e+00   9.999370e-01   4.413818e+00   4.413831e+00
1     9.179906e+01   9.999613e-01   1.340811e-05   0.000000e+00   0.000000e+00   5.012935e-01   5.038560e+00   9.999370e-01   5.038573e+00   5.038586e+00
1     9.189900e+01   9.999613e-01   1.339234e-05   0.000000e+00   0.000000e+00   5.043719e-01   5.663431e+00   9.999369e-01   5.663439e+00   5.663447e+00
1     9.199893e+01   9.999612e-01   1.335540e-05   0.000000e+00   0.000000e+00   5.061820e-01   6.391381e-03   9.999369e-01   6.391295e-03   6.391210e-03
1     9.209886e+01   9.999612e-01   1.331129e-05   0.000000e+00   0.000000e+00   5.060263e-01   6.345022e-01   9.999368e-01   6.344943e-01   6.344864e-01
1     9.219880e+01   9.999611e-01   1.327684e-05   0.000000e+00   0.000000e+00   5.039474e-01   1.264530e+00   9.999367e-01   1.264518e+00   1.264505e+00
1     9.229873e+01   9.999611e-01   1.326531e-05   0.000000e+00   0.000000e+00   5.007346e-01   1.895682e+00   9.999367e-01   1.895670e+00   1.895657e+00
1     9.239866e+01   9.999611e-01   1.328116e-05   0.000000e+00   0.000000e+00   4.976286e-01   2.526718e+00   9.999366e-01   2.526711e+00   2.526703e+00
1     9.249860e+01   9.999610e-01   1.331826e-05   0.000000e+00   0.000000e+00   4.958271e-01   3.156444e+00   9.999365e-01   3.156444e+00   3.156444e+00
1     9.259853e+01   9.999610e-01   1.336236e-05   0.000000e+00   0.000000e+00   4.960104e-01   3.784184e+00   9.999365e-01   3.784192e+00   3.784200e+00
1     9.269846e+01   9.999609e-01   1.339664e-05   0.000000e+00   0.000000e+00   4.980915e-01   4.410033e+00   9.999364e-01   4.410046e+00   4.410059e+00
1     9.279840e+01   9.999609e-01   1.340814e-05   0.000000e+00   0.000000e+00   5.012732e-01   5.034792e+00   9.999363e-01   5.034805e+00   5.034817e+00
1     9.289833e+01   9.999608e-01   1.339252e-05   0.000000e+00   0.000000e+00   5.043560e-01   5.659659e+00   9.999363e-01   5.659667e+00   5.659674e+00
1     9.299826e+01   9.999608e-01   1.335567e-05   0.000000e+00   0.000000e+00   5.061765e-01   2.608672e-03   9.999362e-01   2.608637e-03   2.608603e-03
1     9.309995e+01   9.999608e-01   1.331081e-05   0.000000e+00   0.000000e+00   5.060122e-01   6.417452e-01   9.999361e-01   6.417373e-01   6.417293e-01
1     9.319988e+01   9.999607e-01   1.327656e-05   0.000000e+00   0.000000e+00   5.039143e-01   1.271793e+00   9.999361e-01   1.271780e+00   1.271767e+00
1     9.329982e+01   9.999607e-01   1.326534e-05   0.000000e+00   0.000000e+00   5.006951e-01   1.902951e+00   9.999360e-01   1.902939e+00   1.902926e+00
1     9.339975e+01   9.999606e-01   1.328149e-05   0.000000e+00   0.000000e+00   4.975978e-01   2.533979e+00   9.999359e-01   2.533971e+00   2.533964e+00
1     9.349968e+01   9.999606e-01   1.331877e-05   0.000000e+00   0.000000e+00   4.958167e-01   3.163684e+00   9.999359e-01   3.163684e+00   3.163685e+00
1     9.359962e+01   9.999605e-01   1.336285e-05   0.000000e+00   0.000000e+00   4.960240e-01   3.791401e+00   9.999358e-01   3.791409e+00   3.791418e+00
1     9.369955e+01   9.999605e-01   1.339693e-05   0.000000e+00   0.000000e+00   4.981236e-01   4.417233e+00   9.999357e-01   4.417245e+00   4.417258e+00
1     9.379948e+01   9.999605e-01   1.340812e-05   0.000000e+00   0.000000e+00   5.013114e-01   5.041985e+00   9.999357e-01   5.041998e+00   5.042011e+00
1     9.389942e+01   9.999604e-01   1.339220e-05   0.000000e+00   0.000000e+00   5.043858e-01   5.666861e+00   9.999356e-01   5.666869e+00   5.666877e+00
1     9.399935e+01   9.999604e-01   1.335518e-05   0.000000e+00   0.000000e+00   5.061863e-01   9.831510e-03   9.999356e-01   9.831379e-03   9.831248e-03
1     9.409928e+01   9.999603e-01   1.331106e-05   0.000000e+00   0.000000e+00   5.060190e-01   6.379548e-01   9.999355e-01   6.379469e-01   6.379389e-01
1     9.419922e+01   9.999603e-01   1.327671e-05   0.000000e+00   0.000000e+00   5.039307e-01   1.267993e+00   9.999354e-01   1.267980e+00   1.267968e+00
1     9.429915e+01   9.999602e-01   1.326533e-05   0.000000e+00   0.000000e+00   5.007146e-01   1.899149e+00   9.999354e-01   1.899137e+00   1.899124e+00
1     9.439908e+01   9.999602e-01   1.328133e-05   0.000000e+00   0.000000e+00   4.976126e-01   2.530182e+00   9.999353e-01   2.530174e+00   2.530166e+00
1     9.449902e+01   9.999602e-01   1.331852e-05   0.000000e+00   0.000000e+00   4.958210e-01   3.159898e+00   9.999352e-01   3.159898e+00   3.159898e+00
1     9.459895e+01   9.999601e-01   1.336261e-05   0.000000e+00   0.000000e+00   4.960159e-01   3.787628e+00   9.999352e-01   3.787636e+00   3.787644e+00
1     9.469888e+01   9.999601e-01   1.339679e-05   0.000000e+00   0.000000e+00   4.981061e-01   4.413469e+00   9.999351e-01   4.413482e+00   4.413494e+00
1     9.479882e+01   9.999600e-01   1.340814e-05   0.000000e+00   0.000000e+00   5.012909e-01   5.038225e+00   9.999350e-01   5.038238e+00   5.038250e+00
1     9.489875e+01   9.999600e-01   1.339238e-05   0.000000e+00   0.000000e+00   5.043698e-01   5.663097e+00   9.999350e-01   5.663104e+00   5.663112e+00
1     9.499868e+01   9.999599e-01   1.335544e-05   0.000000e+00   0.000000e+00   5.061807e-01   6.057023e-03   9.999349e-01   6.056942e-03   6.056861e-03
1     9.509862e+01   9.999599e-01   1.331132e-05   0.000000e+00   0.000000e+00   5.060258e-01   6.341683e-01   9.999348e-01   6.341604e-01   6.341525e-01
1     9.519855e+01   9.999599e-01   1.327686e-05   0.000000e+00   0.000000e+00   5.039472e-01   1.264197e+00   9.999348e-01   1.264185e+00   1.264172e+00
1     9.529848e+01   9.999598e-01   1.326532e-05   0.000000e+00   0.000000e+00   5.007344e-01   1.895351e+00   9.999347e-01   1.895338e+00   1.895326e+00
1     9.539842e+01   9.999598e-01   1.328116e-05   0.000000e+00   0.000000e+00   4.976279e-01   2.526388e+00   9.999346e-01   2.526380e+00   2.526373e+00
1     9.549835e+01   9.999597e-01   1.331827e-05   0.000000e+00   0.000000e+00   4.958257e-01   3.156115e+00   9.999346e-01   3.156116e+00   3.156116e+00
1     9.559828e+01   9.999597e-01   1.336237e-05   0.000000e+00   0.000000e+00   4.960082e-01   3.783858e+00   9.999345e-01   3.783866e+00   3.783874e+00
1     9.569997e+01   9.999596e-01   1.339708e-05   0.000000e+00   0.000000e+00   4.981384e-01   4.420676e+00   9.999345e-01   4.420689e+00   4.420702e+00
1     9.579990e+01   9.999596e-01   1.340812e-05   0.000000e+00   0.000000e+00   5.013293e-01   5.045426e+00   9.999344e-01   5.045439e+00   5.045452e+00
1     9.589984e+01   9.999595e-01   1.339206e-05   0.000000e+00   0.000000e+00   5.043997e-01   5.670307e+00   9.999343e-01   5.670315e+00   5.670323e+00
1     9.599977e+01   9.999595e-01   1.335494e-05   0.000000e+00   0.000000e+00   5.061905e-01   1.328801e-02   9.999343e-01   1.328783e-02   1.328766e-02
1     9.609970e+01   9.999595e-01   1.331084e-05   0.000000e+00   0.000000e+00   5.060115e-01   6.414238e-01   9.999342e-01   6.414158e-01   6.414079e-01
1     9.619964e+01   9.999594e-01   1.327658e-05   0.000000e+00   0.000000e+00   5.039139e-01   1.271472e+00   9.999341e-01   1.271459e+00   1.271447e+00
1     9.629957e+01   9.999594e-01   1.326535e-05   0.000000e+00   0.000000e+00   5.006946e-01   1.902632e+00   9.999341e-01   1.902620e+00   1.902607e+00
1     9.639951e+01   9.999593e-01   1.328150e-05   0.000000e+00   0.000000e+00   4.975968e-01   2.533661e+00   9.999340e-01   2.533654e+00   2.533646e+00
1     9.649944e+01   9.999593e-01   1.331877e-05   0.000000e+00   0.000000e+00   4.958151e-01   3.163368e+00   9.999339e-01   3.163369e+00   3.163369e+00
1     9.659937e+01   9.999592e-01   1.336286e-05   0.000000e+00   0.000000e+00   4.960217e-01   3.791088e+00   9.999339e-01   3.791096e+00   3.791104e+00
1     9.669931e+01   9.999592e-01   1.339695e-05   0.000000e+00   0.000000e+00   4.981211e-01   4.416920e+00   9.999338e-01   4.416933e+00   4.416946e+00
1     9.679924e+01   9.999592e-01   1.340814e-05   0.000000e+00   0.000000e+00   5.013089e-01   5.041674e+00   9.999337e-01   5.041687e+00   5.041700e+00
1     9.689917e+01   9.999591e-01   1.339223e-05   0.000000e+00   0.000000e+00   5.043838e-01   5.666551e+00   9.999337e-01   5.666558e+00   5.666566e+00
1     9.699911e+01   9.999591e-01   1.335521e-05   0.000000e+00   0.000000e+00   5.061850e-01   9.521605e-03   9.999336e-01   9.521478e-03   9.521351e-03
1     9.709904e+01   9.999590e-01   1.331110e-05   0.000000e+00   0.000000e+00   5.060183e-01   6.376454e-01   9.999335e-01   6.376375e-01   6.376296e-01
1     9.719897e+01   9.999590e-01   1.327673e-05   0.000000e+00   0.000000e+00   5.039305e-01   1.267684e+00   9.999335e-01   1.267672e+00   1.267659e+00
1     9.729891e+01   9.999589e-01   1.326534e-05   0.000000e+00   0.000000e+00   5.007144e-01   1.898842e+00   9.999334e-01   1.898829e+00   1.898817e+00
1     9.739884e+01   9.999589e-01   1.328133e-05   0.000000e+00   0.000000e+00   4.976120e-01   2.529876e+00   9.999333e-01   2.529868e+00   2.529861e+00
1     9.749877e+01   9.999589e-01   1.331852e-05   0.000000e+00   0.000000e+00   4.958197e-01   3.159594e+00   9.999333e-01   3.159594e+00   3.159595e+00
1     9.759871e+01   9.999588e-01   1.336262e-05   0.000000e+00   0.000000e+00   4.960140e-01   3.787326e+00   9.999332e-01   3.787334e+00   3.787342e+00
1     9.769864e+01   9.999588e-01   1.339681e-05   0.000000e+00   0.000000e+00   4.981039e-01   4.413168e+00   9.999332e-01   4.413181e+00   4.413194e+00
1     9.779857e+01   9.999587e-01   1.340816e-05   0.000000e+00   0.000000e+00   5.012887e-01   5.037926e+00   9.999331e-01   5.037938e+00   5.037951e+00
1     9.789851e+01   9.999587e-01   1.339241e-05   0.000000e+00   0.000000e+00   5.043680e-01   5.662798e+00   9.999330e-01   5.662806e+00   5.662814e+00
1     9.799844e+01   9.999586e-01   1.335547e-05   0.000000e+00   0.000000e+00   5.061794e-01   5.759307e-03   9.999330e-01   5.759230e-03   5.759153e-03
1     9.809837e+01   9.999586e-01   1.331135e-05   0.000000e+00   0.000000e+00   5.060251e-01   6.338712e-01   9.999329e-01   6.338634e-01   6.338555e-01
1     9.819831e+01   9.999586e-01   1.327688e-05   0.000000e+00   0.000000e+00   5.039469e-01   1.263901e+00   9.999328e-01   1.263888e+00   1.263876e+00
1     9.829999e+01   9.999585e-01   1.326538e-05   0.000000e+00   0.000000e+00   5.006746e-01   1.906132e+00   9.999328e-01   1.906119e+00   1.906106e+00
1     9.839993e+01   9.999585e-01   1.328167e-05   0.000000e+00   0.000000e+00   4.975811e-01   2.537157e+00   9.999327e-01   2.537150e+00   2.537142e+00
1     9.849986e+01   9.999584e-01   1.331903e-05   0.000000e+00   0.000000e+00   4.958093e-01   3.166855e+00   9.999326e-01   3.166855e+00   3.166856e+00
1     9.859979e+01   9.999584e-01   1.336311e-05   0.000000e+00   0.000000e+00   4.960277e-01   3.794563e+00   9.999326e-01   3.794571e+00   3.794580e+00
1     9.869973e+01   9.999583e-01   1.339710e-05   0.000000e+00   0.000000e+00   4.981361e-01   4.420388e+00   9.999325e-01   4.420401e+00   4.420413e+00
1     9.879966e+01   9.999583e-01   1.340814e-05   0.000000e+00   0.000000e+00   5.013270e-01   5.045140e+00   9.999324e-01   5.045152e+00   5.045165e+00
1     9.889959e+01   9.999582e-01   1.339209e-05   0.000000e+00   0.000000e+00   5.043978e-01   5.670021e+00   9.999324e-01   5.670029e+00   5.670036e+00
1     9.899953e+01   9.999582e-01   1.335498e-05   0.000000e+00   0.000000e+00   5.061892e-01   1.300257e-02   9.999323e-01   1.300240e-02   1.300222e-02
1     9.909946e+01   9.999582e-01   1.331087e-05   0.000000e+00   0.000000e+00   5.060107e-01   6.411390e-01   9.999322e-01   6.411311e-01   6.411231e-01
1     9.919939e+01   9.999581e-01   1.327661e-05   0.000000e+00   0.000000e+00   5.039135e-01   1.271188e+00   9.999322e-01   1.271175e+00   1.271163e+00
1     9.929933e+01   9.999581e-01   1.326537e-05   0.000000e+00   0.000000e+00   5.006942e-01   1.902350e+00   9.999321e-01   1.902337e+00   1.902324e+00
1     9.939926e+01   9.999580e-01   1.328151e-05   0.000000e+00   0.000000e+00   4.975960e-01   2.533380e+00   9.999321e-01   2.533373e+00   2.533365e+00
1     9.949919e+01   9.999580e-01   1.331878e-05   0.000000e+00   0.000000e+00   4.958137e-01   3.163089e+00   9.999320e-01   3.163090e+00   3.163090e+00
1     9.959913e+01   9.999579e-01   1.336287e-05   0.000000e+00   0.000000e+00   4.960198e-01   3.790810e+00   9.999319e-01   3.790818e+00   3.790826e+00
1     9.969906e+01   9.999579e-01   1.339696e-05   0.000000e+00   0.000000e+00   4.981188e-01   4.416644e+00   9.999319e-01   4.416657e+00   4.416670e+00
1     9.979899e+01   9.999579e-01   1.340817e-05   0.000000e+00   0.000000e+00   5.013067e-01   5.041399e+00   9.999318e-01   5.041412e+00   5.041425e+00
1     9.989893e+01   9.999578e-01   1.339227e-05   0.000000e+00   0.000000e+00   5.043819e-01   5.666277e+00   9.999317e-01   5.666285e+00   5.666292e+00
1     9.999886e+01   9.999578e-01   1.335525e-05   0.000000e+00   0.000000e+00   5.061836e-01   9.248497e-03   9.999317e-01   9.248374e-03   9.248250e-03
1     1.000988e+02   9.999577e-01   1.331113e-05   0.000000e+00   0.000000e+00   5.060174e-01   6.373731e-01   9.999316e-01   6.373651e-01   6.373572e-01
1     1.001987e+02   9.999577e-01   1.327676e-05   0.000000e+00   0.000000e+00   5.039298e-01   1.267413e+00   9.999315e-01   1.267400e+00   1.267388e+00
1     1.002987e+02   9.999576e-01   1.326536e-05   0.000000e+00   0.000000e+00   5.007136e-01   1.898572e+00   9.999315e-01   1.898559e+00   1.898547e+00
1     1.003986e+02   9.999576e-01   1.328134e-05   0.000000e+00   0.000000e+00   4.976109e-01   2.529607e+00   9.999314e-01   2.529600e+00   2.529592e+00
1     1.004985e+02   9.999576e-01   1.331853e-05   0.000000e+00   0.000000e+00   4.958181e-01   3.159327e+00   9.999313e-01   3.159328e+00   3.159328e+00
1     1.005985e+02   9.999575e-01   1.336263e-05   0.000000e+00   0.000000e+00   4.960118e-01   3.787061e+00   9.999313e-01   3.787069e+00   3.787077e+00
1     1.006984e+02   9.999575e-01   1.339683e-05   0.000000e+00   0.000000e+00   4.981014e-01   4.412905e+00   9.999312e-01   4.412918e+00   4.412931e+00
1     1.007983e+02   9.999574e-01   1.340819e-05   0.000000e+00   0.000000e+00   5.012862e-01   5.037664e+00   9.999311e-01   5.037676e+00   5.037689e+00
1     1.008983e+02   9.999574e-01   1.339244e-05   0.000000e+00   0.000000e+00   5.043657e-01   5.662537e+00   9.999311e-01   5.662545e+00   5.662553e+00
1     1.009999e+02   9.999573e-01   1.335475e-05   0.000000e+00   0.000000e+00   5.061930e-01   1.650027e-02   9.999310e-01   1.650005e-02   1.649983e-02
1     1.010999e+02   9.999573e-01   1.331065e-05   0.000000e+00   0.000000e+00   5.060027e-01   6.446494e-01   9.999309e-01   6.446414e-01   6.446334e-01
1     1.011998e+02   9.999573e-01   1.327648e-05   0.000000e+00   0.000000e+00   5.038962e-01   1.274708e+00   9.999309e-01   1.274696e+00   1.274683e+00
1     1.012997e+02   9.999572e-01   1.326540e-05   0.000000e+00   0.000000e+00   5.006737e-01   1.905874e+00   9.999308e-01   1.905861e+00   1.905849e+00
1     1.013997e+02   9.999572e-01   1.328168e-05   0.000000e+00   0.000000e+00   4.975799e-01   2.536901e+00   9.999308e-01   2.536893e+00   2.536886e+00
1     1.014996e+02   9.999571e-01   1.331904e-05   0.000000e+00   0.000000e+00   4.958076e-01   3.166601e+00   9.999307e-01   3.166601e+00   3.166601e+00
1     1.015995e+02   9.999571e-01   1.336312e-05   0.000000e+00   0.000000e+00   4.960255e-01   3.794311e+00   9.999306e-01   3.794319e+00   3.794327e+00
1     1.016995e+02   9.999570e-01   1.339712e-05   0.000000e+00   0.000000e+00   4.981336e-01   4.420136e+00   9.999306e-01   4.420149e+00   4.420162e+00
1     1.017994e+02   9.999570e-01   1.340817e-05   0.000000e+00   0.000000e+00   5.013246e-01   5.044889e+00   9.999305e-01   5.044902e+00   5.044915e+00
1     1.018993e+02   9.999570e-01   1.339212e-05   0.000000e+00   0.000000e+00   5.043957e-01   5.669772e+00   9.999304e-01   5.669780e+00   5.669787e+00
1     1.019993e+02   9.999569e-01   1.335501e-05   0.000000e+00   0.000000e+00   5.061875e-01   1.275415e-02   9.999304e-01   1.275398e-02   1.275381e-02
1     1.020992e+02   9.999569e-01   1.331090e-05   0.000000e+00   0.000000e+00   5.060096e-01   6.408914e-01   9.999303e-01   6.408834e-01   6.408754e-01
1     1.021991e+02   9.999568e-01   1.327663e-05   0.000000e+00   0.000000e+00   5.039127e-01   1.270941e+00   9.999302e-01   1.270929e+00   1.270916e+00
1     1.022991e+02   9.999568e-01   1.326539e-05   0.000000e+00   0.000000e+00   5.006934e-01   1.902104e+00   9.999302e-01   1.902091e+00   1.902079e+00
1     1.023990e+02   9.999567e-01   1.328152e-05   0.000000e+00   0.000000e+00   4.975951e-01   2.533136e+00   9.999301e-01   2.533128e+00   2.533121e+00
1     1.024989e+02   9.999567e-01   1.331879e-05   0.000000e+00   0.000000e+00   4.958123e-01   3.162847e+00   9.999300e-01   3.162847e+00   3.162847e+00
1     1.025989e+02   9.999566e-01   1.336288e-05   0.000000e+00   0.000000e+00   4.960179e-01   3.790569e+00   9.999300e-01   3.790577e+00   3.790585e+00
1     1.026988e+02   9.999566e-01   1.339698e-05   0.000000e+00   0.000000e+00   4.981166e-01   4.416405e+00   9.999299e-01   4.416418e+00   4.416431e+00
1     1.027987e+02   9.999566e-01   1.340819e-05   0.000000e+00   0.000000e+00   5.013044e-01   5.041161e+00   9.999298e-01   5.041174e+00   5.041187e+00
1     1.028987e+02   9.999565e-01   1.339230e-05   0.000000e+00   0.000000e+00   5.043799e-01   5.666040e+00   9.999298e-01   5.666048e+00   5.666055e+00
1     1.029986e+02   9.999565e-01   1.335528e-05   0.000000e+00   0.000000e+00   5.061820e-01   9.012167e-03   9.999297e-01   9.012047e-03   9.011926e-03
1     1.030985e+02   9.999564e-01   1.331116e-05   0.000000e+00   0.000000e+00   5.060163e-01   6.371375e-01   9.999296e-01   6.371296e-01   6.371217e-01
1     1.031985e+02   9.999564e-01   1.327678e-05   0.000000e+00   0.000000e+00   5.039290e-01   1.267178e+00   9.999296e-01   1.267166e+00   1.267153e+00
1     1.032984e+02   9.999563e-01   1.326538e-05   0.000000e+00   0.000000e+00   5.007128e-01   1.898338e+00   9.999295e-01   1.898326e+00   1.898313e+00
1     1.033983e+02   9.999563e-01   1.328136e-05   0.000000e+00   0.000000e+00   4.976098e-01   2.529376e+00   9.999295e-01   2.529368e+00   2.529360e+00
1     1.034983e+02   9.999563e-01   1.331854e-05   0.000000e+00   0.000000e+00   4.958166e-01   3.159097e+00   9.999294e-01   3.159097e+00   3.159098e+00
1     1.036000e+02   9.999562e-01   1.336338e-05   0.000000e+00   0.000000e+00   4.960317e-01   3.797827e+00   9.999293e-01   3.797835e+00   3.797843e+00
1     1.036999e+02   9.999562e-01   1.339727e-05   0.000000e+00   0.000000e+00   4.981489e-01   4.423645e+00   9.999293e-01   4.423657e+00   4.423670e+00
1     1.037998e+02   9.999561e-01   1.340817e-05   0.000000e+00   0.000000e+00   5.013428e-01   5.048395e+00   9.999292e-01   5.048408e+00   5.048421e+00
1     1.038998e+02   9.999561e-01   1.339197e-05   0.000000e+00   0.000000e+00   5.044096e-01   5.673283e+00   9.999291e-01   5.673291e+00   5.673298e+00
1     1.039997e+02   9.999560e-01   1.335478e-05   0.000000e+00   0.000000e+00   5.061916e-01   1.627598e-02   9.999291e-01   1.627577e-02   1.627555e-02
1     1.040996e+02   9.999560e-01   1.331067e-05   0.000000e+00   0.000000e+00   5.060017e-01   6.444259e-01   9.999290e-01   6.444179e-01   6.444099e-01
1     1.041996e+02   9.999560e-01   1.327650e-05   0.000000e+00   0.000000e+00   5.038954e-01   1.274486e+00   9.999289e-01   1.274473e+00   1.274461e+00
1     1.042995e+02   9.999559e-01   1.326541e-05   0.000000e+00   0.000000e+00   5.006729e-01   1.905653e+00   9.999289e-01   1.905640e+00   1.905628e+00
1     1.043994e+02   9.999559e-01   1.328169e-05   0.000000e+00   0.000000e+00   4.975789e-01   2.536681e+00   9.999288e-01   2.536674e+00   2.536666e+00
1     1.044994e+02   9.999558e-01   1.331905e-05   0.000000e+00   0.000000e+00   4.958061e-01   3.166383e+00   9.999287e-01   3.166383e+00   3.166383e+00
1     1.045993e+02   9.999558e-01   1.336314e-05   0.000000e+00   0.000000e+00   4.960236e-01   3.794094e+00   9.999287e-01   3.794102e+00   3.794110e+00
1     1.046992e+02   9.999557e-01   1.339714e-05   0.000000e+00   0.000000e+00   4.981315e-01   4.419922e+00   9.999286e-01   4.419934e+00   4.419947e+00
1     1.047992e+02   9.999557e-01   1.340819e-05   0.000000e+00   0.000000e+00   5.013225e-01   5.044676e+00   9.999285e-01   5.044688e+00   5.044701e+00
1     1.048991e+02   9.999557e-01   1.339215e-05   0.000000e+00   0.000000e+00   5.043937e-01   5.669559e+00   9.999285e-01   5.669567e+00   5.669575e+00
1     1.049990e+02   9.999556e-01   1.335504e-05   0.000000e+00   0.000000e+00   5.061860e-01   1.254232e-02   9.999284e-01   1.254216e-02   1.254199e-02
1     1.050990e+02   9.999556e-01   1.331093e-05   0.000000e+00   0.000000e+00   5.060084e-01   6.406804e-01   9.999284e-01   6.406724e-01   6.406645e-01
1     1.051989e+02   9.999555e-01   1.327665e-05   0.000000e+00   0.000000e+00   5.039116e-01   1.270731e+00   9.999283e-01   1.270719e+00   1.270706e+00
1     1.052988e+02   9.999555e-01   1.326540e-05   0.000000e+00   0.000000e+00   5.006923e-01   1.901895e+00   9.999282e-01   1.901883e+00   1.901870e+00
1     1.053988e+02   9.999554e-01   1.328153e-05   0.000000e+00   0.000000e+00   4.975936e-01   2.532929e+00   9.999282e-01   2.532921e+00   2.532914e+00
1     1.054987e+02   9.999554e-01   1.331881e-05   0.000000e+00   0.000000e+00   4.958104e-01   3.162641e+00   9.999281e-01   3.162642e+00   3.162642e+00
1     1.055986e+02   9.999554e-01   1.336290e-05   0.000000e+00   0.000000e+00   4.960157e-01   3.790365e+00   9.999280e-01   3.790374e+00   3.790382e+00
1     1.056986e+02   9.999553e-01   1.339700e-05   0.000000e+00   0.000000e+00   4.981142e-01   4.416202e+00   9.999280e-01   4.416215e+00   4.416228e+00
1     1.057985e+02   9.999553e-01   1.340822e-05   0.000000e+00   0.000000e+00   5.013021e-01   5.040960e+00   9.999279e-01   5.040973e+00   5.040985e+00
1     1.058984e+02   9.999552e-01   1.339232e-05   0.000000e+00   0.000000e+00   5.043778e-01   5.665840e+00   9.999278e-01   5.665847e+00   5.665855e+00
1     1.059984e+02   9.999552e-01   1.335531e-05   0.000000e+00   0.000000e+00   5.061803e-01   8.812721e-03   9.999278e-01   8.812603e-03   8.812486e-03
1     1.060983e+02   9.999551e-01   1.331118e-05   0.000000e+00   0.000000e+00   5.060150e-01   6.369389e-01   9.999277e-01   6.369310e-01   6.369231e-01
1     1.062000e+02   9.999551e-01   1.327638e-05   0.000000e+00   0.000000e+00   5.038780e-01   1.278047e+00   9.999276e-01   1.278035e+00   1.278022e+00
1     1.062999e+02   9.999550e-01   1.326544e-05   0.000000e+00   0.000000e+00   5.006525e-01   1.909218e+00   9.999276e-01   1.909205e+00   1.909193e+00
1     1.063999e+02   9.999550e-01   1.328187e-05   0.000000e+00   0.000000e+00   4.975629e-01   2.540242e+00   9.999275e-01   2.540235e+00   2.540227e+00
1     1.064998e+02   9.999550e-01   1.331932e-05   0.000000e+00   0.000000e+00   4.958004e-01   3.169935e+00   9.999274e-01   3.169935e+00   3.169935e+00
1     1.065997e+02   9.999549e-01   1.336339e-05   0.000000e+00   0.000000e+00   4.960298e-01   3.797635e+00   9.999274e-01   3.797643e+00   3.797651e+00
1     1.066997e+02   9.999549e-01   1.339729e-05   0.000000e+00   0.000000e+00   4.981468e-01   4.423454e+00   9.999273e-01   4.423467e+00   4.423480e+00
1     1.067996e+02   9.999548e-01   1.340819e-05   0.000000e+00   0.000000e+00   5.013407e-01   5.048206e+00   9.999272e-01   5.048219e+00   5.048231e+00
1     1.068995e+02   9.999548e-01   1.339200e-05   0.000000e+00   0.000000e+00   5.044078e-01   5.673095e+00   9.999272e-01   5.673102e+00   5.673110e+00
1     1.069995e+02   9.999547e-01   1.335480e-05   0.000000e+00   0.000000e+00   5.061902e-01   1.608851e-02   9.999271e-01   1.608830e-02   1.608808e-02
1     1.070994e+02   9.999547e-01   1.331070e-05   0.000000e+00   0.000000e+00   5.060006e-01   6.442393e-01   9.999271e-01   6.442313e-01   6.442233e-01
1     1.071993e+02   9.999547e-01   1.327652e-05   0.000000e+00   0.000000e+00   5.038944e-01   1.274301e+00   9.999270e-01   1.274288e+00   1.274275e+00
1     1.072993e+02   9.999546e-01   1.326543e-05   0.000000e+00   0.000000e+00   5.006720e-01   1.905468e+00   9.999269e-01   1.905456e+00   1.905443e+00
1     1.073992e+02   9.999546e-01   1.328171e-05   0.000000e+00   0.000000e+00   4.975777e-01   2.536498e+00   9.999269e-01   2.536491e+00   2.536483e+00
1     1.074991e+02   9.999545e-01   1.331907e-05   0.000000e+00   0.000000e+00   4.958047e-01   3.166201e+00   9.999268e-01   3.166202e+00   3.166202e+00
1     1.075991e+02   9.999545e-01   1.336315e-05   0.000000e+00   0.000000e+00   4.960219e-01   3.793914e+00   9.999267e-01   3.793922e+00   3.793931e+00
1     1.076990e+02   9.999544e-01   1.339715e-05   0.000000e+00   0.000000e+00   4.981296e-01   4.419743e+00   9.999267e-01   4.419756e+00   4.419769e+00
1     1.077989e+02   9.999544e-01   1.340822e-05   0.000000e+00   0.000000e+00   5.013205e-01   5.044498e+00   9.999266e-01   5.044511e+00   5.044524e+00
1     1.078989e+02   9.999544e-01   1.339217e-05   0.000000e+00   0.000000e+00   5.043920e-01   5.669383e+00   9.999265e-01   5.669391e+00   5.669398e+00
1     1.079988e+02   9.999543e-01   1.335507e-05   0.000000e+00   0.000000e+00   5.061846e-01   1.236696e-02   9.999265e-01   1.236680e-02   1.236663e-02
1     1.080987e+02   9.999543e-01   1.331095e-05   0.000000e+00   0.000000e+00   5.060073e-01   6.405060e-01   9.999264e-01   6.404980e-01   6.404901e-01
1     1.081987e+02   9.999542e-01   1.327667e-05   0.000000e+00   0.000000e+00   5.039107e-01   1.270558e+00   9.999263e-01   1.270545e+00   1.270533e+00
1     1.082986e+02   9.999542e-01   1.326542e-05   0.000000e+00   0.000000e+00   5.006914e-01   1.901723e+00   9.999263e-01   1.901711e+00   1.901698e+00
1     1.083985e+02   9.999541e-01   1.328155e-05   0.000000e+00   0.000000e+00   4.975925e-01   2.532758e+00   9.999262e-01   2.532751e+00   2.532743e+00
1     1.084985e+02   9.999541e-01   1.331882e-05   0.000000e+00   0.000000e+00   4.958091e-01   3.162472e+00   9.999261e-01   3.162472e+00   3.162473e+00
1     1.085984e+02   9.999541e-01   1.336291e-05   0.000000e+00   0.000000e+00   4.960141e-01   3.790198e+00   9.999261e-01   3.790206e+00   3.790214e+00
1     1.086983e+02   9.999540e-01   1.339702e-05   0.000000e+00   0.000000e+00   4.981125e-01   4.416036e+00   9.999260e-01   4.416049e+00   4.416062e+00
1     1.087983e+02   9.999540e-01   1.340824e-05   0.000000e+00   0.000000e+00   5.013004e-01   5.040795e+00   9.999259e-01   5.040808e+00   5.040820e+00
1     1.088999e+02   9.999539e-01   1.339185e-05   0.000000e+00   0.000000e+00   5.044218e-01   5.676647e+00   9.999259e-01   5.676654e+00   5.676662e+00
1     1.089999e+02   9.999539e-01   1.335456e-05   0.000000e+00   0.000000e+00   5.061941e-01   1.965133e-02   9.999258e-01   1.965106e-02   1.965080e-02
1     1.090998e+02   9.999538e-01   1.331047e-05   0.000000e+00   0.000000e+00   5.059925e-01   6.478150e-01   9.999258e-01   6.478069e-01   6.477989e-01
1     1.091997e+02   9.999538e-01   1.327639e-05   0.000000e+00   0.000000e+00   5.038769e-01   1.277886e+00   9.999257e-01   1.277874e+00   1.277861e+00
1     1.092997e+02   9.999537e-01   1.326546e-05   0.000000e+00   0.000000e+00   5.006513e-01   1.909058e+00   9.999256e-01   1.909046e+00   1.909033e+00
1     1.093996e+02   9.999537e-01   1.328189e-05   0.000000e+00   0.000000e+00   4.975615e-01   2.540084e+00   9.999256e-01   2.540077e+00   2.540069e+00
1     1.094995e+02   9.999537e-01   1.331933e-05   0.000000e+00   0.000000e+00   4.957987e-01   3.169778e+00   9.999255e-01   3.169778e+00   3.169779e+00
1     1.095995e+02   9.999536e-01   1.336341e-05   0.000000e+00   0.000000e+00   4.960279e-01   3.797480e+00   9.999254e-01   3.797488e+00   3.797496e+00
1     1.096994e+02   9.999536e-01   1.339731e-05   0.000000e+00   0.000000e+00   4.981449e-01   4.423300e+00   9.999254e-01   4.423313e+00   4.423326e+00
1     1.097993e+02   9.999535e-01   1.340821e-05   0.000000e+00   0.000000e+00   5.013388e-01   5.048053e+00   9.999253e-01   5.048066e+00   5.048079e+00
1     1.098993e+02   9.999535e-01   1.339202e-05   0.000000e+00   0.000000e+00   5.044060e-01   5.672943e+00   9.999252e-01   5.672951e+00   5.672958e+00
1     1.099992e+02   9.999534e-01   1.335483e-05   0.000000e+00   0.000000e+00   5.061886e-01   1.593782e-02   9.999252e-01   1.593761e-02   1.593740e-02
1     1.100991e+02   9.999534e-01   1.331072e-05   0.000000e+00   0.000000e+00   5.059992e-01   6.440897e-01   9.999251e-01   6.440817e-01   6.440737e-01
1     1.101991e+02   9.999534e-01   1.327654e-05   0.000000e+00   0.000000e+00   5.038931e-01   1.274152e+00   9.999250e-01   1.274139e+00   1.274127e+00
1     1.102990e+02   9.999533e-01   1.326545e-05   0.000000e+00   0.000000e+00   5.006706e-01   1.905321e+00   9.999250e-01   1.905309e+00   1.905296e+00
1     1.103989e+02   9.999533e-01   1.328172e-05   0.000000e+00   0.000000e+00   4.975761e-01   2.536353e+00   9.999249e-01   2.536345e+00   2.536337e+00
1     1.104989e+02   9.999532e-01   1.331908e-05   0.000000e+00   0.000000e+00   4.958029e-01   3.166057e+00   9.999248e-01   3.166057e+00   3.166058e+00
1     1.105988e+02   9.999532e-01   1.336317e-05   0.000000e+00   0.000000e+00   4.960200e-01   3.793771e+00   9.999248e-01   3.793779e+00   3.793788e+00
1     1.106987e+02   9.999531e-01   1.339717e-05   0.000000e+00   0.000000e+00   4.981277e-01   4.419601e+00   9.999247e-01   4.419614e+00   4.419627e+00
1     1.107987e+02   9.999531e-01   1.340824e-05   0.000000e+00   0.000000e+00   5.013187e-01   5.044358e+00   9.999247e-01   5.044371e+00   5.044383e+00
1     1.108986e+02   9.999531e-01   1.339219e-05   0.000000e+00   0.000000e+00   5.043903e-01   5.669243e+00   9.999246e-01   5.669251e+00   5.669259e+00
1     1.109985e+02   9.999530e-01   1.335509e-05   0.000000e+00   0.000000e+00   5.061831e-01   1.222847e-02   9.999245e-01   1.222830e-02   1.222814e-02
1     1.110985e+02   9.999530e-01   1.331097e-05   0.000000e+00   0.000000e+00   5.060058e-01   6.403686e-01   9.999245e-01   6.403606e-01   6.403527e-01
1     1.111984e+02   9.999529e-01   1.327669e-05   0.000000e+00   0.000000e+00   5.039093e-01   1.270422e+00   9.999244e-01   1.270409e+00   1.270397e+00
1     1.112983e+02   9.999529e-01   1.326544e-05   0.000000e+00   0.000000e+00   5.006899e-01   1.901588e+00   9.999243e-01   1.901576e+00   1.901563e+00
1     1.113983e+02   9.999528e-01   1.328156e-05   0.000000e+00   0.000000e+00   4.975909e-01   2.532625e+00   9.999243e-01   2.532617e+00   2.532610e+00
1     1.115000e+02   9.999528e-01   1.331960e-05   0.000000e+00   0.000000e+00   4.957928e-01   3.173371e+00   9.999242e-01   3.173371e+00   3.173372e+00
1     1.115999e+02   9.999528e-01   1.336366e-05   0.000000e+00   0.000000e+00   4.960342e-01   3.801061e+00   9.999241e-01   3.801069e+00   3.801078e+00
1     1.116998e+02   9.999527e-01   1.339746e-05   0.000000e+00   0.000000e+00   4.981603e-01   4.426873e+00   9.999241e-01   4.426886e+00   4.426899e+00
1     1.117998e+02   9.999527e-01   1.340821e-05   0.000000e+00   0.000000e+00   5.013572e-01   5.051624e+00   9.999240e-01   5.051637e+00   5.051650e+00
1     1.118997e+02   9.999526e-01   1.339187e-05   0.000000e+00   0.000000e+00   5.044202e-01   5.676519e+00   9.999239e-01   5.676527e+00   5.676535e+00
1     1.119996e+02   9.999526e-01   1.335459e-05   0.000000e+00   0.000000e+00   5.061927e-01   1.952501e-02   9.999239e-01   1.952475e-02   1.952449e-02
1     1.120996e+02   9.999525e-01   1.331049e-05   0.000000e+00   0.000000e+00   5.059911e-01   6.476898e-01   9.999238e-01   6.476818e-01   6.476737e-01
1     1.121995e+02   9.999525e-01   1.327641e-05   0.000000e+00   0.000000e+00   5.038756e-01   1.277762e+00   9.999237e-01   1.277750e+00   1.277737e+00
1     1.122994e+02   9.999525e-01   1.326547e-05   0.000000e+00   0.000000e+00   5.006500e-01   1.908935e+00   9.999237e-01   1.908923e+00   1.908910e+00
1     1.123994e+02   9.999524e-01   1.328190e-05   0.000000e+00   0.000000e+00   4.975600e-01   2.539963e+00   9.999236e-01   2.539955e+00   2.539948e+00
1     1.124993e+02   9.999524e-01   1.331935e-05   0.000000e+00   0.000000e+00   4.957971e-01   3.169658e+00   9.999235e-01   3.169658e+00   3.169659e+00
1     1.125992e+02   9.999523e-01   1.336342e-05   0.000000e+00   0.000000e+00   4.960263e-01   3.797361e+00   9.999235e-01   3.797369e+00   3.797377e+00
1     1.126992e+02   9.999523e-01   1.339733e-05   0.000000e+00   0.000000e+00   4.981432e-01   4.423183e+00   9.999234e-01   4.423195e+00   4.423208e+00
1     1.127991e+02   9.999522e-01   1.340824e-05   0.000000e+00   0.000000e+00   5.013372e-01   5.047937e+00   9.999234e-01   5.047950e+00   5.047962e+00
1     1.128990e+02   9.999522e-01   1.339204e-05   0.000000e+00   0.000000e+00   5.044046e-01   5.672828e+00   9.999233e-01   5.672835e+00   5.672843e+00
1     1.129990e+02   9.999521e-01   1.335485e-05   0.000000e+00   0.000000e+00   5.061872e-01   1.582365e-02   9.999232e-01   1.582344e-02   1.582322e-02
1     1.130989e+02   9.999521e-01   1.331074e-05   0.000000e+00   0.000000e+00   5.059979e-01   6.439767e-01   9.999232e-01   6.439687e-01   6.439607e-01
1     1.131988e+02   9.999521e-01   1.327656e-05   0.000000e+00   0.000000e+00   5.038918e-01   1.274040e+00   9.999231e-01   1.274028e+00   1.274015e+00
1     1.132988e+02   9.999520e-01   1.326546e-05   0.000000e+00   0.000000e+00   5.006693e-01   1.905211e+00   9.999230e-01   1.905198e+00   1.905186e+00
1     1.133987e+02   9.999520e-01   1.328174e-05   0.000000e+00   0.000000e+00   4.975747e-01   2.536243e+00   9.999230e-01   2.536236e+00   2.536228e+00
1     1.134986e+02   9.999519e-01   1.331910e-05   0.000000e+00   0.000000e+00   4.958014e-01   3.165949e+00   9.999229e-01   3.165949e+00   3.165950e+00
1     1.135986e+02   9.999519e-01   1.336319e-05   0.000000e+00   0.000000e+00   4.960185e-01   3.793665e+00   9.999228e-01   3.793673e+00   3.793681e+00
1     1.136985e+02   9.999518e-01   1.339719e-05   0.000000e+00   0.000000e+00   4.981261e-01   4.419496e+00   9.999228e-01   4.419509e+00   4.419522e+00
1     1.137984e+02   9.999518e-01   1.340826e-05   0.000000e+00   0.000000e+00   5.013172e-01   5.044254e+00   9.999227e-01   5.044266e+00   5.044279e+00
1     1.138984e+02   9.999518e-01   1.339222e-05   0.000000e+00   0.000000e+00   5.043889e-01   5.669140e+00   9.999226e-01   5.669148e+00   5.669156e+00
1     1.139983e+02   9.999517e-01   1.335511e-05   0.000000e+00   0.000000e+00   5.061818e-01   1.212646e-02   9.999226e-01   1.212630e-02   1.212614e-02
1     1.141000e+02   9.999517e-01   1.331026e-05   0.000000e+00   0.000000e+00   5.059830e-01   6.513062e-01   9.999225e-01   6.512982e-01   6.512901e-01
1     1.141999e+02   9.999516e-01   1.327628e-05   0.000000e+00   0.000000e+00   5.038580e-01   1.281389e+00   9.999224e-01   1.281376e+00   1.281364e+00
1     1.142998e+02   9.999516e-01   1.326550e-05   0.000000e+00   0.000000e+00   5.006293e-01   1.912566e+00   9.999224e-01   1.912553e+00   1.912541e+00
1     1.143998e+02   9.999515e-01   1.328209e-05   0.000000e+00   0.000000e+00   4.975439e-01   2.543590e+00   9.999223e-01   2.543582e+00   2.543575e+00
1     1.144997e+02   9.999515e-01   1.331962e-05   0.000000e+00   0.000000e+00   4.957914e-01   3.173275e+00   9.999222e-01   3.173275e+00   3.173276e+00
1     1.145996e+02   9.999515e-01   1.336368e-05   0.000000e+00   0.000000e+00   4.960327e-01   3.800967e+00   9.999222e-01   3.800975e+00   3.800983e+00
1     1.146996e+02   9.999514e-01   1.339748e-05   0.000000e+00   0.000000e+00   4.981588e-01   4.426780e+00   9.999221e-01   4.426793e+00   4.426806e+00
1     1.147995e+02   9.999514e-01   1.340823e-05   0.000000e+00   0.000000e+00   5.013558e-01   5.051532e+00   9.999221e-01   5.051545e+00   5.051558e+00
1     1.148994e+02   9.999513e-01   1.339189e-05   0.000000e+00   0.000000e+00   5.044188e-01   5.676428e+00   9.999220e-01   5.676436e+00   5.676444e+00
1     1.149994e+02   9.999513e-01   1.335461e-05   0.000000e+00   0.000000e+00   5.061913e-01   1.943528e-02   9.999219e-01   1.943502e-02   1.943476e-02
1     1.150993e+02   9.999512e-01   1.331051e-05   0.000000e+00   0.000000e+00   5.059898e-01   6.476013e-01   9.999219e-01   6.475932e-01   6.475852e-01
1     1.151992e+02   9.999512e-01   1.327643e-05   0.000000e+00   0.000000e+00   5.038742e-01   1.277675e+00   9.999218e-01   1.277662e+00   1.277650e+00
1     1.152992e+02   9.999512e-01   1.326549e-05   0.000000e+00   0.000000e+00   5.006485e-01   1.908849e+00   9.999217e-01   1.908837e+00   1.908824e+00
1     1.153991e+02   9.999511e-01   1.328192e-05   0.000000e+00   0.000000e+00   4.975585e-01   2.539878e+00   9.999217e-01   2.539871e+00   2.539863e+00
1     1.154990e+02   9.999511e-01   1.331937e-05   0.000000e+00   0.000000e+00   4.957955e-01   3.169574e+00   9.999216e-01   3.169575e+00   3.169575e+00
1     1.155990e+02   9.999510e-01   1.336344e-05   0.000000e+00   0.000000e+00   4.960247e-01   3.797279e+00   9.999215e-01   3.797287e+00   3.797295e+00
1     1.156989e+02   9.999510e-01   1.339735e-05   0.000000e+00   0.000000e+00   4.981417e-01   4.423102e+00   9.999215e-01   4.423114e+00   4.423127e+00
1     1.157988e+02   9.999509e-01   1.340825e-05   0.000000e+00   0.000000e+00   5.013358e-01   5.047857e+00   9.999214e-01   5.047870e+00   5.047882e+00
1     1.158988e+02   9.999509e-01   1.339206e-05   0.000000e+00   0.000000e+00   5.044032e-01   5.672749e+00   9.999213e-01   5.672757e+00   5.672764e+00
1     1.159987e+02   9.999508e-01   1.335487e-05   0.000000e+00   0.000000e+00   5.061859e-01   1.574615e-02   9.999213e-01   1.574594e-02   1.574573e-02
1     1.160987e+02   9.999508e-01   1.331076e-05   0.000000e+00   0.000000e+00   5.059965e-01   6.439004e-01   9.999212e-01   6.438925e-01   6.438845e-01
1     1.161986e+02   9.999508e-01   1.327658e-05   0.000000e+00   0.000000e+00   5.038904e-01   1.273965e+00   9.999211e-01   1.273953e+00   1.273940e+00
1     1.162985e+02   9.999507e-01   1.326548e-05   0.000000e+00   0.000000e+00   5.006678e-01   1.905137e+00   9.999211e-01   1.905124e+00   1.905112e+00
1     1.163985e+02   9.999507e-01   1.328176e-05   0.000000e+00   0.000000e+00   4.975732e-01   2.536171e+00   9.999210e-01   2.536163e+00   2.536156e+00
1     1.164984e+02   9.999506e-01   1.331912e-05   0.000000e+00   0.000000e+00   4.957999e-01   3.165878e+00   9.999210e-01   3.165878e+00   3.165878e+00
1     1.165983e+02   9.999506e-01   1.336321e-05   0.000000e+00   0.000000e+00   4.960170e-01   3.793595e+00   9.999209e-01   3.793603e+00   3.793611e+00
1     1.166983e+02   9.999505e-01   1.339721e-05   0.000000e+00   0.000000e+00   4.981247e-01   4.419427e+00   9.999208e-01   4.419440e+00   4.419453e+00
1     1.167999e+02   9.999505e-01   1.340823e-05   0.000000e+00   0.000000e+00   5.013744e-01   5.055144e+00   9.999208e-01   5.055157e+00   5.055169e+00
1     1.168999e+02   9.999505e-01   1.339173e-05   0.000000e+00   0.000000e+00   5.044330e-01   5.680045e+00   9.999207e-01   5.680053e+00   5.680061e+00
1     1.169998e+02   9.999504e-01   1.335436e-05   0.000000e+00   0.000000e+00   5.061953e-01   2.306330e-02   9.999206e-01   2.306299e-02   2.306268e-02
1     1.170997e+02   9.999504e-01   1.331027e-05   0.000000e+00   0.000000e+00   5.059815e-01   6.512423e-01   9.999206e-01   6.512342e-01   6.512262e-01
1     1.171997e+02   9.999503e-01   1.327630e-05   0.000000e+00   0.000000e+00   5.038565e-01   1.281326e+00   9.999205e-01   1.281314e+00   1.281301e+00
1     1.172996e+02   9.999503e-01   1.326552e-05   0.000000e+00   0.000000e+00   5.006278e-01   1.912504e+00   9.999204e-01   1.912492e+00   1.912479e+00
1     1.173995e+02   9.999502e-01   1.328210e-05   0.000000e+00   0.000000e+00   4.975425e-01   2.543529e+00   9.999204e-01   2.543522e+00   2.543514e+00
1     1.174995e+02   9.999502e-01   1.331964e-05   0.000000e+00   0.000000e+00   4.957900e-01   3.173216e+00   9.999203e-01   3.173216e+00   3.173217e+00
1     1.175994e+02   9.999502e-01   1.336370e-05   0.000000e+00   0.000000e+00   4.960314e-01   3.800909e+00   9.999202e-01   3.800917e+00   3.800925e+00
1     1.176993e+02   9.999501e-01   1.339750e-05   0.000000e+00   0.000000e+00   4.981575e-01   4.426723e+00   9.999202e-01   4.426736e+00   4.426749e+00
1     1.177993e+02   9.999501e-01   1.340825e-05   0.000000e+00   0.000000e+00   5.013545e-01   5.051477e+00   9.999201e-01   5.051490e+00   5.051502e+00
1     1.178992e+02   9.999500e-01   1.339190e-05   0.000000e+00   0.000000e+00   5.044174e-01   5.676374e+00   9.999200e-01   5.676382e+00   5.676389e+00
1     1.179991e+02   9.999500e-01   1.335462e-05   0.000000e+00   0.000000e+00   5.061898e-01   1.938235e-02   9.999200e-01   1.938209e-02   1.938184e-02
1     1.180991e+02   9.999499e-01   1.331052e-05   0.000000e+00   0.000000e+00   5.059882e-01   6.475496e-01   9.999199e-01   6.475416e-01   6.475336e-01
1     1.181990e+02   9.999499e-01   1.327645e-05   0.000000e+00   0.000000e+00   5.038727e-01   1.277625e+00   9.999198e-01   1.277612e+00   1.277599e+00
1     1.182989e+02   9.999499e-01   1.326551e-05   0.000000e+00   0.000000e+00   5.006470e-01   1.908800e+00   9.999198e-01   1.908788e+00   1.908775e+00
1     1.183989e+02   9.999498e-01   1.328194e-05   0.000000e+00   0.000000e+00   4.975571e-01   2.539830e+00   9.999197e-01   2.539823e+00   2.539815e+00
1     1.184988e+02   9.999498e-01   1.331939e-05   0.000000e+00   0.000000e+00   4.957942e-01   3.169527e+00   9.999197e-01   3.169528e+00   3.169528e+00
1     1.185987e+02   9.999497e-01   1.336346e-05   0.000000e+00   0.000000e+00   4.960235e-01   3.797233e+00   9.999196e-01   3.797241e+00   3.797249e+00
1     1.186987e+02   9.999497e-01   1.339737e-05   0.000000e+00   0.000000e+00   4.981405e-01   4.423057e+00   9.999195e-01   4.423070e+00   4.423083e+00
1     1.187986e+02   9.999496e-01   1.340827e-05   0.000000e+00   0.000000e+00   5.013345e-01   5.047814e+00   9.999195e-01   5.047826e+00   5.047839e+00
1     1.188985e+02   9.999496e-01   1.339208e-05   0.000000e+00   0.000000e+00   5.044019e-01   5.672707e+00   9.999194e-01   5.672715e+00   5.672722e+00
1     1.189985e+02   9.999496e-01   1.335488e-05   0.000000e+00   0.000000e+00   5.061845e-01   1.570541e-02   9.999193e-01   1.570520e-02   1.570499e-02
1     1.190984e+02   9.999495e-01   1.331077e-05   0.000000e+00   0.000000e+00   5.059949e-01   6.438610e-01   9.999193e-01   6.438531e-01   6.438451e-01
1     1.191983e+02   9.999495e-01   1.327659e-05   0.000000e+00   0.000000e+00   5.038888e-01   1.273927e+00   9.999192e-01   1.273914e+00   1.273902e+00
1     1.192983e+02   9.999494e-01   1.326550e-05   0.000000e+00   0.000000e+00   5.006661e-01   1.905100e+00   9.999191e-01   1.905088e+00   1.905075e+00
1     1.194000e+02   9.999494e-01   1.328229e-05   0.000000e+00   0.000000e+00   4.975261e-01   2.547197e+00   9.999191e-01   2.547190e+00   2.547182e+00
1     1.194999e+02   9.999493e-01   1.331991e-05   0.000000e+00   0.000000e+00   4.957841e-01   3.176874e+00   9.999190e-01   3.176874e+00   3.176875e+00
1     1.195998e+02   9.999493e-01   1.336396e-05   0.000000e+00   0.000000e+00   4.960378e-01   3.804555e+00   9.999189e-01   3.804564e+00   3.804572e+00
1     1.196998e+02   9.999492e-01   1.339765e-05   0.000000e+00   0.000000e+00   4.981733e-01   4.430362e+00   9.999189e-01   4.430374e+00   4.430387e+00
1     1.197997e+02   9.999492e-01   1.340825e-05   0.000000e+00   0.000000e+00   5.013732e-01   5.055113e+00   9.999188e-01   5.055126e+00   5.055138e+00
1     1.198996e+02   9.999492e-01   1.339175e-05   0.000000e+00   0.000000e+00   5.044318e-01   5.680015e+00   9.999187e-01   5.680023e+00   5.680031e+00
1     1.199996e+02   9.999491e-01   1.335438e-05   0.000000e+00   0.000000e+00   5.061939e-01   2.303476e-02   9.999187e-01   2.303445e-02   2.303414e-02
1     1.200995e+02   9.999491e-01   1.331029e-05   0.000000e+00   0.000000e+00   5.059800e-01   6.512151e-01   9.999186e-01   6.512071e-01   6.511990e-01
1     1.201994e+02   9.999490e-01   1.327632e-05   0.000000e+00   0.000000e+00   5.038548e-01   1.281301e+00   9.999185e-01   1.281288e+00   1.281275e+00
1     1.202994e+02   9.999490e-01   1.326554e-05   0.000000e+00   0.000000e+00   5.006260e-01   1.912480e+00   9.999185e-01   1.912467e+00   1.912455e+00
1     1.203993e+02   9.999489e-01   1.328213e-05   0.000000e+00   0.000000e+00   4.975407e-01   2.543506e+00   9.999184e-01   2.543499e+00   2.543491e+00
1     1.204992e+02   9.999489e-01   1.331966e-05   0.000000e+00   0.000000e+00   4.957883e-01   3.173194e+00   9.999184e-01   3.173194e+00   3.173195e+00
1     1.205992e+02   9.999489e-01   1.336372e-05   0.000000e+00   0.000000e+00   4.960299e-01   3.800888e+00   9.999183e-01   3.800896e+00   3.800904e+00
1     1.206991e+02   9.999488e-01   1.339752e-05   0.000000e+00   0.000000e+00   4.981563e-01   4.426703e+00   9.999182e-01   4.426716e+00   4.426729e+00
1     1.207990e+02   9.999488e-01   1.340827e-05   0.000000e+00   0.000000e+00   5.013534e-01   5.051458e+00   9.999182e-01   5.051470e+00   5.051483e+00
1     1.208990e+02   9.999487e-01   1.339192e-05   0.000000e+00   0.000000e+00   5.044164e-01   5.676356e+00   9.999181e-01   5.676364e+00   5.676372e+00
1     1.209989e+02   9.999487e-01   1.335464e-05   0.000000e+00   0.000000e+00   5.061886e-01   1.936586e-02   9.999180e-01   1.936561e-02   1.936535e-02
1     1.210988e+02   9.999486e-01   1.331054e-05   0.000000e+00   0.000000e+00   5.059868e-01   6.475346e-01   9.999180e-01   6.475266e-01   6.475186e-01
1     1.211988e+02   9.999486e-01   1.327646e-05   0.000000e+00   0.000000e+00   5.038710e-01   1.277611e+00   9.999179e-01   1.277598e+00   1.277586e+00
1     1.212987e+02   9.999486e-01   1.326553e-05   0.000000e+00   0.000000e+00   5.006452e-01   1.908788e+00   9.999178e-01   1.908775e+00   1.908763e+00
1     1.213986e+02   9.999485e-01   1.328196e-05   0.000000e+00   0.000000e+00   4.975553e-01   2.539819e+00   9.999178e-01   2.539812e+00   2.539804e+00
1     1.214986e+02   9.999485e-01   1.331941e-05   0.000000e+00   0.000000e+00   4.957927e-01   3.169517e+00   9.999177e-01   3.169518e+00   3.169518e+00
1     1.215985e+02   9.999484e-01   1.336349e-05   0.000000e+00   0.000000e+00   4.960223e-01   3.797224e+00   9.999176e-01   3.797232e+00   3.797240e+00
1     1.216984e+02   9.999484e-01   1.339739e-05   0.000000e+00   0.000000e+00   4.981394e-01   4.423049e+00   9.999176e-01   4.423062e+00   4.423075e+00
1     1.217984e+02   9.999483e-01   1.340829e-05   0.000000e+00   0.000000e+00   5.013336e-01   5.047807e+00   9.999175e-01   5.047820e+00   5.047832e+00
1     1.218983e+02   9.999483e-01   1.339209e-05   0.000000e+00   0.000000e+00   5.044008e-01   5.672701e+00   9.999174e-01   5.672709e+00   5.672717e+00
1     1.220000e+02   9.999483e-01   1.335413e-05   0.000000e+00   0.000000e+00   5.061978e-01   2.670358e-02   9.999174e-01   2.670322e-02   2.670286e-02
1     1.220999e+02   9.999482e-01   1.331005e-05   0.000000e+00   0.000000e+00   5.059716e-01   6.548971e-01   9.999173e-01   6.548890e-01   6.548809e-01
1     1.221998e+02   9.999482e-01   1.327619e-05   0.000000e+00   0.000000e+00   5.038369e-01   1.284993e+00   9.999172e-01   1.284980e+00   1.284967e+00
1     1.222998e+02   9.999481e-01   1.326558e-05   0.000000e+00   0.000000e+00   5.006051e-01   1.916176e+00   9.999172e-01   1.916163e+00   1.916151e+00
1     1.223997e+02   9.999481e-01   1.328231e-05   0.000000e+00   0.000000e+00   4.975245e-01   2.547198e+00   9.999171e-01   2.547191e+00   2.547183e+00
1     1.224996e+02   9.999480e-01   1.331994e-05   0.000000e+00   0.000000e+00   4.957828e-01   3.176876e+00   9.999171e-01   3.176876e+00   3.176877e+00
1     1.225996e+02   9.999480e-01   1.336399e-05   0.000000e+00   0.000000e+00   4.960367e-01   3.804558e+00   9.999170e-01   3.804567e+00   3.804575e+00
1     1.226995e+02   9.999479e-01   1.339768e-05   0.000000e+00   0.000000e+00   4.981724e-01   4.430366e+00   9.999169e-01   4.430378e+00   4.430391e+00
1     1.227994e+02   9.999479e-01   1.340827e-05   0.000000e+00   0.000000e+00   5.013724e-01   5.055118e+00   9.999169e-01   5.055131e+00   5.055143e+00
1     1.228994e+02   9.999479e-01   1.339177e-05   0.000000e+00   0.000000e+00   5.044309e-01   5.680022e+00   9.999168e-01   5.680030e+00   5.680037e+00
1     1.229993e+02   9.999478e-01   1.335439e-05   0.000000e+00   0.000000e+00   5.061928e-01   2.304271e-02   9.999167e-01   2.304240e-02   2.304209e-02
1     1.230992e+02   9.999478e-01   1.331030e-05   0.000000e+00   0.000000e+00   5.059786e-01   6.512246e-01   9.999167e-01   6.512165e-01   6.512085e-01
1     1.231992e+02   9.999477e-01   1.327634e-05   0.000000e+00   0.000000e+00   5.038531e-01   1.281312e+00   9.999166e-01   1.281299e+00   1.281286e+00
1     1.232991e+02   9.999477e-01   1.326556e-05   0.000000e+00   0.000000e+00   5.006242e-01   1.912492e+00   9.999165e-01   1.912480e+00   1.912467e+00
1     1.233990e+02   9.999476e-01   1.328215e-05   0.000000e+00   0.000000e+00   4.975389e-01   2.543520e+00   9.999165e-01   2.543512e+00   2.543505e+00
1     1.234990e+02   9.999476e-01   1.331969e-05   0.000000e+00   0.000000e+00   4.957869e-01   3.173208e+00   9.999164e-01   3.173209e+00   3.173209e+00
1     1.235989e+02   9.999476e-01   1.336375e-05   0.000000e+00   0.000000e+00   4.960288e-01   3.800903e+00   9.999163e-01   3.800911e+00   3.800919e+00
1     1.236988e+02   9.999475e-01   1.339754e-05   0.000000e+00   0.000000e+00   4.981553e-01   4.426720e+00   9.999163e-01   4.426732e+00   4.426745e+00
1     1.237988e+02   9.999475e-01   1.340829e-05   0.000000e+00   0.000000e+00   5.013526e-01   5.051475e+00   9.999162e-01   5.051488e+00   5.051501e+00
1     1.238987e+02   9.999474e-01   1.339194e-05   0.000000e+00   0.000000e+00   5.044154e-01   5.676375e+00   9.999161e-01   5.676383e+00   5.676390e+00
1     1.239986e+02   9.999474e-01   1.335465e-05   0.000000e+00   0.000000e+00   5.061874e-01   1.938612e-02   9.999161e-01   1.938586e-02   1.938560e-02
1     1.240986e+02   9.999473e-01   1.331055e-05   0.000000e+00   0.000000e+00   5.059853e-01   6.475564e-01   9.999160e-01   6.475484e-01   6.475403e-01
1     1.241985e+02   9.999473e-01   1.327648e-05   0.000000e+00   0.000000e+00   5.038692e-01   1.277634e+00   9.999160e-01   1.277622e+00   1.277609e+00
1     1.242984e+02   9.999473e-01   1.326555e-05   0.000000e+00   0.000000e+00   5.006434e-01   1.908812e+00   9.999159e-01   1.908800e+00   1.908787e+00
1     1.243984e+02   9.999472e-01   1.328199e-05   0.000000e+00   0.000000e+00   4.975536e-01   2.539845e+00   9.999158e-01   2.539837e+00   2.539830e+00
1     1.244983e+02   9.999472e-01   1.331944e-05   0.000000e+00   0.000000e+00   4.957913e-01   3.169544e+00   9.999158e-01   3.169544e+00   3.169545e+00
1     1.246000e+02   9.999471e-01   1.336424e-05   0.000000e+00   0.000000e+00   4.960435e-01   3.808245e+00   9.999157e-01   3.808254e+00   3.808262e+00
1     1.246999e+02   9.999471e-01   1.339783e-05   0.000000e+00   0.000000e+00   4.981886e-01   4.434044e+00   9.999156e-01   4.434057e+00   4.434070e+00
1     1.247999e+02   9.999470e-01   1.340826e-05   0.000000e+00   0.000000e+00   5.013915e-01   5.058795e+00   9.999156e-01   5.058807e+00   5.058820e+00
1     1.248998e+02   9.999470e-01   1.339160e-05   0.000000e+00   0.000000e+00   5.044452e-01   5.683704e+00   9.999155e-01   5.683711e+00   5.683719e+00
1     1.249997e+02   9.999470e-01   1.335414e-05   0.000000e+00   0.000000e+00   5.061967e-01   2.673602e-02   9.999154e-01   2.673567e-02   2.673531e-02
1     1.250997e+02   9.999469e-01   1.331006e-05   0.000000e+00   0.000000e+00   5.059701e-01   6.549311e-01   9.999154e-01   6.549230e-01   6.549149e-01
1     1.251996e+02   9.999469e-01   1.327620e-05   0.000000e+00   0.000000e+00   5.038351e-01   1.285028e+00   9.999153e-01   1.285016e+00   1.285003e+00
1     1.252995e+02   9.999468e-01   1.326559e-05   0.000000e+00   0.000000e+00   5.006031e-01   1.916213e+00   9.999152e-01   1.916200e+00   1.916188e+00
1     1.253995e+02   9.999468e-01   1.328234e-05   0.000000e+00   0.000000e+00   4.975226e-01   2.547236e+00   9.999152e-01   2.547229e+00   2.547221e+00
1     1.254994e+02   9.999467e-01   1.331996e-05   0.000000e+00   0.000000e+00   4.957812e-01   3.176915e+00   9.999151e-01   3.176915e+00   3.176916e+00
1     1.255993e+02   9.999467e-01   1.336401e-05   0.000000e+00   0.000000e+00   4.960355e-01   3.804598e+00   9.999150e-01   3.804606e+00   3.804615e+00
1     1.256993e+02   9.999467e-01   1.339770e-05   0.000000e+00   0.000000e+00   4.981715e-01   4.430406e+00   9.999150e-01   4.430419e+00   4.430432e+00
1     1.257992e+02   9.999466e-01   1.340828e-05   0.000000e+00   0.000000e+00   5.013717e-01   5.055160e+00   9.999149e-01   5.055173e+00   5.055185e+00
1     1.258991e+02   9.999466e-01   1.339178e-05   0.000000e+00   0.000000e+00   5.044299e-01   5.680065e+00   9.999148e-01   5.680073e+00   5.680080e+00
1     1.259991e+02   9.999465e-01   1.335440e-05   0.000000e+00   0.000000e+00   5.061915e-01   2.308746e-02   9.999148e-01   2.308715e-02   2.308684e-02
1     1.260990e+02   9.999465e-01   1.331031e-05   0.000000e+00   0.000000e+00   5.059769e-01   6.512710e-01   9.999147e-01   6.512629e-01   6.512549e-01
1     1.261989e+02   9.999464e-01   1.327635e-05   0.000000e+00   0.000000e+00   5.038512e-01   1.281359e+00   9.999147e-01   1.281347e+00   1.281334e+00
1     1.262989e+02   9.999464e-01   1.326558e-05   0.000000e+00   0.000000e+00   5.006222e-01   1.912541e+00   9.999146e-01   1.912529e+00   1.912516e+00
1     1.263988e+02   9.999463e-01   1.328217e-05   0.000000e+00   0.000000e+00   4.975371e-01   2.543570e+00   9.999145e-01   2.543562e+00   2.543555e+00
1     1.264987e+02   9.999463e-01   1.331972e-05   0.000000e+00   0.000000e+00   4.957853e-01   3.173259e+00   9.999145e-01   3.173260e+00   3.173260e+00
1     1.265987e+02   9.999463e-01   1.336378e-05   0.000000e+00   0.000000e+00   4.960276e-01   3.800955e+00   9.999144e-01   3.800963e+00   3.800971e+00
1     1.266986e+02   9.999462e-01   1.339757e-05   0.000000e+00   0.000000e+00   4.981545e-01   4.426772e+00   9.999143e-01   4.426785e+00   4.426798e+00
1     1.267985e+02   9.999462e-01   1.340831e-05   0.000000e+00   0.000000e+00   5.013518e-01   5.051529e+00   9.999143e-01   5.051542e+00   5.051555e+00
1     1.268985e+02   9.999461e-01   1.339195e-05   0.000000e+00   0.000000e+00   5.044144e-01   5.676431e+00   9.999142e-01   5.676438e+00   5.676446e+00
1     1.269984e+02   9.999461e-01   1.335466e-05   0.000000e+00   0.000000e+00   5.061860e-01   1.944324e-02   9.999141e-01   1.944298e-02   1.944272e-02
1     1.270983e+02   9.999460e-01   1.331056e-05   0.000000e+00   0.000000e+00   5.059834e-01   6.476152e-01   9.999141e-01   6.476072e-01   6.475991e-01
1     1.271983e+02   9.999460e-01   1.327650e-05   0.000000e+00   0.000000e+00   5.038670e-01   1.277695e+00   9.999140e-01   1.277682e+00   1.277669e+00
1     1.273000e+02   9.999460e-01   1.326563e-05   0.000000e+00   0.000000e+00   5.005818e-01   1.919950e+00   9.999139e-01   1.919938e+00   1.919925e+00
1     1.273999e+02   9.999459e-01   1.328252e-05   0.000000e+00   0.000000e+00   4.975061e-01   2.550969e+00   9.999139e-01   2.550962e+00   2.550955e+00
1     1.274998e+02   9.999459e-01   1.332024e-05   0.000000e+00   0.000000e+00   4.957755e-01   3.180638e+00   9.999138e-01   3.180639e+00   3.180639e+00
1     1.275998e+02   9.999458e-01   1.336427e-05   0.000000e+00   0.000000e+00   4.960422e-01   3.808310e+00   9.999137e-01   3.808318e+00   3.808326e+00
1     1.276997e+02   9.999458e-01   1.339785e-05   0.000000e+00   0.000000e+00   4.981876e-01   4.434109e+00   9.999137e-01   4.434122e+00   4.434135e+00
1     1.277996e+02   9.999457e-01   1.340828e-05   0.000000e+00   0.000000e+00   5.013907e-01   5.058861e+00   9.999136e-01   5.058874e+00   5.058886e+00
1     1.278996e+02   9.999457e-01   1.339162e-05   0.000000e+00   0.000000e+00   5.044443e-01   5.683772e+00   9.999135e-01   5.683779e+00   5.683787e+00
1     1.279995e+02   9.999457e-01   1.335415e-05   0.000000e+00   0.000000e+00   5.061954e-01   2.680528e-02   9.999135e-01   2.680492e-02   2.680457e-02
1     1.280994e+02   9.999456e-01   1.331008e-05   0.000000e+00   0.000000e+00   5.059683e-01   6.550021e-01   9.999134e-01   6.549940e-01   6.549859e-01
1     1.281994e+02   9.999456e-01   1.327622e-05   0.000000e+00   0.000000e+00   5.038329e-01   1.285101e+00   9.999134e-01   1.285088e+00   1.285076e+00
1     1.282993e+02   9.999455e-01   1.326561e-05   0.000000e+00   0.000000e+00   5.006009e-01   1.916287e+00   9.999133e-01   1.916274e+00   1.916262e+00
1     1.283992e+02   9.999455e-01   1.328236e-05   0.000000e+00   0.000000e+00   4.975205e-01   2.547311e+00   9.999132e-01   2.547304e+00   2.547296e+00
1     1.284992e+02   9.999454e-01   1.331999e-05   0.000000e+00   0.000000e+00   4.957796e-01   3.176991e+00   9.999132e-01   3.176991e+00   3.176992e+00
1     1.285991e+02   9.999454e-01   1.336404e-05   0.000000e+00   0.000000e+00   4.960343e-01   3.804675e+00   9.999131e-01   3.804683e+00   3.804691e+00
1     1.286990e+02   9.999454e-01   1.339772e-05   0.000000e+00   0.000000e+00   4.981707e-01   4.430484e+00   9.999130e-01   4.430496e+00   4.430509e+00
1     1.287990e+02   9.999453e-01   1.340830e-05   0.000000e+00   0.000000e+00   5.013709e-01   5.055238e+00   9.999130e-01   5.055251e+00   5.055264e+00
1     1.288989e+02   9.999453e-01   1.339179e-05   0.000000e+00   0.000000e+00   5.044289e-01   5.680145e+00   9.999129e-01   5.680153e+00   5.680160e+00
1     1.289988e+02   9.999452e-01   1.335441e-05   0.000000e+00   0.000000e+00   5.061900e-01   2.316918e-02   9.999128e-01   2.316887e-02   2.316856e-02
1     1.290988e+02   9.999452e-01   1.331032e-05   0.000000e+00   0.000000e+00   5.059749e-01   6.513545e-01   9.999128e-01   6.513464e-01   6.513383e-01
1     1.291987e+02   9.999451e-01   1.327636e-05   0.000000e+00   0.000000e+00   5.038488e-01   1.281445e+00   9.999127e-01   1.281432e+00   1.281419e+00
1     1.292986e+02   9.999451e-01   1.326560e-05   0.000000e+00   0.000000e+00   5.006197e-01   1.912628e+00   9.999126e-01   1.912615e+00   1.912603e+00
1     1.293986e+02   9.999450e-01   1.328220e-05   0.000000e+00   0.000000e+00   4.975348e-01   2.543657e+00   9.999126e-01   2.543650e+00   2.543642e+00
1     1.294985e+02   9.999450e-01   1.331975e-05   0.000000e+00   0.000000e+00   4.957836e-01   3.173347e+00   9.999125e-01   3.173348e+00   3.173348e+00
1     1.295984e+02   9.999450e-01   1.336381e-05   0.000000e+00   0.000000e+00   4.960264e-01   3.801044e+00   9.999124e-01   3.801052e+00   3.801060e+00
1     1.296984e+02   9.999449e-01   1.339760e-05   0.000000e+00   0.000000e+00   4.981537e-01   4.426862e+00   9.999124e-01   4.426875e+00   4.426888e+00
1     1.297983e+02   9.999449e-01   1.340833e-05   0.000000e+00   0.000000e+00   5.013512e-01   5.051620e+00   9.999123e-01   5.051633e+00   5.051645e+00
1     1.299000e+02   9.999448e-01   1.339146e-05   0.000000e+00   0.000000e+00   5.044587e-01   5.687494e+00   9.999122e-01   5.687502e+00   5.687510e+00
1     1.299999e+02   9.999448e-01   1.335391e-05   0.000000e+00   0.000000e+00   5.061992e-01   3.053956e-02   9.999122e-01   3.053916e-02   3.053875e-02
1     1.300998e+02   9.999447e-01   1.330984e-05   0.000000e+00   0.000000e+00   5.059596e-01   6.587497e-01   9.999121e-01   6.587415e-01   6.587334e-01
1     1.301998e+02   9.999447e-01   1.327609e-05   0.000000e+00   0.000000e+00   5.038146e-01   1.288859e+00   9.999121e-01   1.288846e+00   1.288833e+00
1     1.302997e+02   9.999447e-01   1.326565e-05   0.000000e+00   0.000000e+00   5.005795e-01   1.920048e+00   9.999120e-01   1.920036e+00   1.920024e+00
1     1.303996e+02   9.999446e-01   1.328255e-05   0.000000e+00   0.000000e+00   4.975042e-01   2.551069e+00   9.999119e-01   2.551061e+00   2.551054e+00
1     1.304996e+02   9.999446e-01   1.332027e-05   0.000000e+00   0.000000e+00   4.957740e-01   3.180738e+00   9.999119e-01   3.180739e+00   3.180739e+00
1     1.305995e+02   9.999445e-01   1.336430e-05   0.000000e+00   0.000000e+00   4.960412e-01   3.808411e+00   9.999118e-01   3.808419e+00   3.808427e+00
1     1.306994e+02   9.999445e-01   1.339788e-05   0.000000e+00   0.000000e+00   4.981870e-01   4.434211e+00   9.999117e-01   4.434224e+00   4.434237e+00
1     1.307994e+02   9.999444e-01   1.340829e-05   0.000000e+00   0.000000e+00   5.013901e-01   5.058964e+00   9.999117e-01   5.058976e+00   5.058989e+00
1     1.308993e+02   9.999444e-01   1.339163e-05   0.000000e+00   0.000000e+00   5.044434e-01   5.683876e+00   9.999116e-01   5.683884e+00   5.683891e+00
1     1.309992e+02   9.999444e-01   1.335416e-05   0.000000e+00   0.000000e+00   5.061940e-01   2.691143e-02   9.999115e-01   2.691107e-02   2.691071e-02
1     1.310992e+02   9.999443e-01   1.331008e-05   0.000000e+00   0.000000e+00   5.059663e-01   6.551101e-01   9.999115e-01   6.551019e-01   6.550938e-01
1     1.311991e+02   9.999443e-01   1.327623e-05   0.000000e+00   0.000000e+00   5.038305e-01   1.285211e+00   9.999114e-01   1.285198e+00   1.285185e+00
1     1.312990e+02   9.999442e-01   1.326564e-05   0.000000e+00   0.000000e+00   5.005983e-01   1.916398e+00   9.999113e-01   1.916385e+00   1.916373e+00
1     1.313990e+02   9.999442e-01   1.328239e-05   0.000000e+00   0.000000e+00   4.975183e-01   2.547423e+00   9.999113e-01   2.547416e+00   2.547408e+00
1     1.314989e+02   9.999441e-01   1.332002e-05   0.000000e+00   0.000000e+00   4.957778e-01   3.177103e+00   9.999112e-01   3.177104e+00   3.177104e+00
1     1.315988e+02   9.999441e-01   1.336407e-05   0.000000e+00   0.000000e+00   4.960332e-01   3.804788e+00   9.999111e-01   3.804796e+00   3.804804e+00
1     1.316988e+02   9.999441e-01   1.339775e-05   0.000000e+00   0.000000e+00   4.981700e-01   4.430598e+00   9.999111e-01   4.430610e+00   4.430623e+00
1     1.317987e+02   9.999440e-01   1.340832e-05   0.000000e+00   0.000000e+00   5.013703e-01   5.055354e+00   9.999110e-01   5.055366e+00   5.055379e+00
1     1.318986e+02   9.999440e-01   1.339180e-05   0.000000e+00   0.000000e+00   5.044280e-01   5.680262e+00   9.999110e-01   5.680269e+00   5.680277e+00
1     1.319986e+02   9.999439e-01   1.335442e-05   0.000000e+00   0.000000e+00   5.061886e-01   2.328753e-02   9.999109e-01   2.328721e-02   2.328690e-02
1     1.320985e+02   9.999439e-01   1.331033e-05   0.000000e+00   0.000000e+00   5.059729e-01   6.514746e-01   9.999108e-01   6.514666e-01   6.514585e-01
1     1.321984e+02   9.999438e-01   1.327638e-05   0.000000e+00   0.000000e+00   5.038463e-01   1.281566e+00   9.999108e-01   1.281554e+00   1.281541e+00
1     1.322984e+02   9.999438e-01   1.326563e-05   0.000000e+00   0.000000e+00   5.006171e-01   1.912751e+00   9.999107e-01   1.912738e+00   1.912726e+00
1     1.323983e+02   9.999438e-01   1.328223e-05   0.000000e+00   0.000000e+00   4.975325e-01   2.543781e+00   9.999106e-01   2.543774e+00   2.543766e+00
1     1.325000e+02   9.999437e-01   1.332055e-05   0.000000e+00   0.000000e+00   4.957681e-01   3.184502e+00   9.999106e-01   3.184503e+00   3.184504e+00
1     1.325999e+02   9.999437e-01   1.336457e-05   0.000000e+00   0.000000e+00   4.960479e-01   3.812163e+00   9.999105e-01   3.812171e+00   3.812180e+00
1     1.326999e+02   9.999436e-01   1.339804e-05   0.000000e+00   0.000000e+00   4.982032e-01   4.437955e+00   9.999104e-01   4.437968e+00   4.437980e+00
1     1.327998e+02   9.999436e-01   1.340829e-05   0.000000e+00   0.000000e+00   5.014093e-01   5.062705e+00   9.999104e-01   5.062718e+00   5.062731e+00
1     1.328997e+02   9.999435e-01   1.339147e-05   0.000000e+00   0.000000e+00   5.044579e-01   5.687623e+00   9.999103e-01   5.687631e+00   5.687638e+00
1     1.329997e+02   9.999435e-01   1.335391e-05   0.000000e+00   0.000000e+00   5.061979e-01   3.067014e-02   9.999102e-01   3.066973e-02   3.066932e-02
1     1.330996e+02   9.999434e-01   1.330985e-05   0.000000e+00   0.000000e+00   5.059576e-01   6.588821e-01   9.999102e-01   6.588740e-01   6.588658e-01
1     1.331995e+02   9.999434e-01   1.327610e-05   0.000000e+00   0.000000e+00   5.038120e-01   1.288993e+00   9.999101e-01   1.288980e+00   1.288968e+00
1     1.332995e+02   9.999434e-01   1.326567e-05   0.000000e+00   0.000000e+00   5.005769e-01   1.920184e+00   9.999100e-01   1.920172e+00   1.920159e+00
1     1.333994e+02   9.999433e-01   1.328258e-05   0.000000e+00   0.000000e+00   4.975018e-01   2.551205e+00   9.999100e-01   2.551198e+00   2.551190e+00
1     1.334993e+02   9.999433e-01   1.332030e-05   0.000000e+00   0.000000e+00   4.957723e-01   3.180875e+00   9.999099e-01   3.180876e+00   3.180876e+00
1     1.335993e+02   9.999432e-01   1.336434e-05   0.000000e+00   0.000000e+00   4.960402e-01   3.808548e+00   9.999098e-01   3.808556e+00   3.808565e+00
1     1.336992e+02   9.999432e-01   1.339791e-05   0.000000e+00   0.000000e+00   4.981865e-01   4.434349e+00   9.999098e-01   4.434362e+00   4.434375e+00
1     1.337991e+02   9.999431e-01   1.340831e-05   0.000000e+00   0.000000e+00   5.013897e-01   5.059103e+00   9.999097e-01   5.059116e+00   5.059128e+00
1     1.338991e+02   9.999431e-01   1.339164e-05   0.000000e+00   0.000000e+00   5.044427e-01   5.684017e+00   9.999097e-01   5.684024e+00   5.684032e+00
1     1.339990e+02   9.999431e-01   1.335417e-05   0.000000e+00   0.000000e+00   5.061927e-01   2.705418e-02   9.999096e-01   2.705382e-02   2.705345e-02
1     1.340989e+02   9.999430e-01   1.331009e-05   0.000000e+00   0.000000e+00   5.059643e-01   6.552547e-01   9.999095e-01   6.552466e-01   6.552385e-01
1     1.341989e+02   9.999430e-01   1.327625e-05   0.000000e+00   0.000000e+00   5.038279e-01   1.285357e+00   9.999095e-01   1.285344e+00   1.285332e+00
1     1.342988e+02   9.999429e-01   1.326566e-05   0.000000e+00   0.000000e+00   5.005956e-01   1.916546e+00   9.999094e-01   1.916533e+00   1.916521e+00
1     1.343987e+02   9.999429e-01   1.328242e-05   0.000000e+00   0.000000e+00   4.975159e-01   2.547572e+00   9.999093e-01   2.547564e+00   2.547557e+00
1     1.344987e+02   9.999428e-01   1.332006e-05   0.000000e+00   0.000000e+00   4.957761e-01   3.177253e+00   9.999093e-01   3.177253e+00   3.177254e+00
1     1.345986e+02   9.999428e-01   1.336411e-05   0.000000e+00   0.000000e+00   4.960322e-01   3.804938e+00   9.999092e-01   3.804946e+00   3.804954e+00
1     1.346985e+02   9.999428e-01   1.339778e-05   0.000000e+00   0.000000e+00   4.981695e-01   4.430748e+00   9.999091e-01   4.430761e+00   4.430774e+00
1     1.347985e+02   9.999427e-01   1.340834e-05   0.000000e+00   0.000000e+00   5.013699e-01   5.055505e+00   9.999091e-01   5.055518e+00   5.055530e+00
1     1.348984e+02   9.999427e-01   1.339181e-05   0.000000e+00   0.000000e+00   5.044274e-01   5.680415e+00   9.999090e-01   5.680422e+00   5.680430e+00
1     1.349983e+02   9.999426e-01   1.335442e-05   0.000000e+00   0.000000e+00   5.061874e-01   2.344248e-02   9.999089e-01   2.344216e-02   2.344185e-02
1     1.350983e+02   9.999426e-01   1.331034e-05   0.000000e+00   0.000000e+00   5.059709e-01   6.516316e-01   9.999089e-01   6.516235e-01   6.516154e-01
1     1.351999e+02   9.999425e-01   1.327597e-05   0.000000e+00   0.000000e+00   5.037933e-01   1.292792e+00   9.999088e-01   1.292780e+00   1.292767e+00
1     1.352999e+02   9.999425e-01   1.326571e-05   0.000000e+00   0.000000e+00   5.005551e-01   1.923987e+00   9.999087e-01   1.923975e+00   1.923962e+00
1     1.353998e+02   9.999425e-01   1.328277e-05   0.000000e+00   0.000000e+00   4.974850e-01   2.555004e+00   9.999087e-01   2.554997e+00   2.554989e+00
1     1.354997e+02   9.999424e-01   1.332058e-05   0.000000e+00   0.000000e+00   4.957664e-01   3.184664e+00   9.999086e-01   3.184665e+00   3.184665e+00
1     1.355997e+02   9.999424e-01   1.336461e-05   0.000000e+00   0.000000e+00   4.960469e-01   3.812325e+00   9.999085e-01   3.812333e+00   3.812342e+00
1     1.356996e+02   9.999423e-01   1.339806e-05   0.000000e+00   0.000000e+00   4.982028e-01   4.438117e+00   9.999085e-01   4.438130e+00   4.438143e+00
1     1.357995e+02   9.999423e-01   1.340831e-05   0.000000e+00   0.000000e+00   5.014090e-01   5.062869e+00   9.999084e-01   5.062882e+00   5.062894e+00
1     1.358995e+02   9.999422e-01   1.339148e-05   0.000000e+00   0.000000e+00   5.044573e-01   5.687789e+00   9.999084e-01   5.687796e+00   5.687804e+00
1     1.359994e+02   9.999422e-01   1.335392e-05   0.000000e+00   0.000000e+00   5.061965e-01   3.083739e-02   9.999083e-01   3.083698e-02   3.083657e-02
1     1.360993e+02   9.999421e-01   1.330985e-05   0.000000e+00   0.000000e+00   5.059555e-01   6.590514e-01   9.999082e-01   6.590433e-01   6.590351e-01
1     1.361993e+02   9.999421e-01   1.327611e-05   0.000000e+00   0.000000e+00   5.038092e-01   1.289164e+00   9.999082e-01   1.289152e+00   1.289139e+00
1     1.362992e+02   9.999421e-01   1.326569e-05   0.000000e+00   0.000000e+00   5.005739e-01   1.920357e+00   9.999081e-01   1.920344e+00   1.920332e+00
1     1.363991e+02   9.999420e-01   1.328261e-05   0.000000e+00   0.000000e+00   4.974991e-01   2.551379e+00   9.999080e-01   2.551371e+00   2.551364e+00
1     1.364991e+02   9.999420e-01   1.332034e-05   0.000000e+00   0.000000e+00   4.957702e-01   3.181049e+00   9.999080e-01   3.181050e+00   3.181050e+00
1     1.365990e+02   9.999419e-01   1.336437e-05   0.000000e+00   0.000000e+00   4.960390e-01   3.808723e+00   9.999079e-01   3.808731e+00   3.808739e+00
1     1.366989e+02   9.999419e-01   1.339794e-05   0.000000e+00   0.000000e+00   4.981860e-01   4.434524e+00   9.999078e-01   4.434537e+00   4.434550e+00
1     1.367989e+02   9.999418e-01   1.340833e-05   0.000000e+00   0.000000e+00   5.013894e-01   5.059279e+00   9.999078e-01   5.059292e+00   5.059304e+00
1     1.368988e+02   9.999418e-01   1.339165e-05   0.000000e+00   0.000000e+00   5.044421e-01   5.684194e+00   9.999077e-01   5.684202e+00   5.684210e+00
1     1.369987e+02   9.999418e-01   1.335417e-05   0.000000e+00   0.000000e+00   5.061914e-01   2.723363e-02   9.999076e-01   2.723327e-02   2.723290e-02
1     1.370987e+02   9.999417e-01   1.331010e-05   0.000000e+00   0.000000e+00   5.059622e-01   6.554363e-01   9.999076e-01   6.554281e-01   6.554200e-01
1     1.371986e+02   9.999417e-01   1.327626e-05   0.000000e+00   0.000000e+00   5.038251e-01   1.285540e+00   9.999075e-01   1.285528e+00   1.285515e+00
1     1.372985e+02   9.999416e-01   1.326568e-05   0.000000e+00   0.000000e+00   5.005926e-01   1.916730e+00   9.999074e-01   1.916718e+00   1.916705e+00
1     1.373985e+02   9.999416e-01   1.328245e-05   0.000000e+00   0.000000e+00   4.975133e-01   2.547757e+00   9.999074e-01   2.547750e+00   2.547743e+00
1     1.374984e+02   9.999415e-01   1.332010e-05   0.000000e+00   0.000000e+00   4.957742e-01   3.177439e+00   9.999073e-01   3.177439e+00   3.177440e+00
1     1.375983e+02   9.999415e-01   1.336414e-05   0.000000e+00   0.000000e+00   4.960312e-01   3.805124e+00   9.999073e-01   3.805132e+00   3.805141e+00
1     1.376983e+02   9.999415e-01   1.339781e-05   0.000000e+00   0.000000e+00   4.981693e-01   4.430935e+00   9.999072e-01   4.430948e+00   4.430961e+00
1     1.378000e+02   9.999414e-01   1.340830e-05   0.000000e+00   0.000000e+00   5.014285e-01   5.066651e+00   9.999071e-01   5.066664e+00   5.066677e+00
1     1.378999e+02   9.999414e-01   1.339131e-05   0.000000e+00   0.000000e+00   5.044719e-01   5.691576e+00   9.999071e-01   5.691584e+00   5.691591e+00
1     1.379998e+02   9.999413e-01   1.335366e-05   0.000000e+00   0.000000e+00   5.062004e-01   3.463690e-02   9.999070e-01   3.463644e-02   3.463598e-02
1     1.380998e+02   9.999413e-01   1.330961e-05   0.000000e+00   0.000000e+00   5.059466e-01   6.628644e-01   9.999069e-01   6.628563e-01   6.628481e-01
1     1.381997e+02   9.999412e-01   1.327599e-05   0.000000e+00   0.000000e+00   5.037906e-01   1.292988e+00   9.999069e-01   1.292975e+00   1.292962e+00
1     1.382996e+02   9.999412e-01   1.326573e-05   0.000000e+00   0.000000e+00   5.005523e-01   1.924184e+00   9.999068e-01   1.924171e+00   1.924159e+00
1     1.383996e+02   9.999412e-01   1.328281e-05   0.000000e+00   0.000000e+00   4.974826e-01   2.555202e+00   9.999067e-01   2.555194e+00   2.555187e+00
1     1.384995e+02   9.999411e-01   1.332062e-05   0.000000e+00   0.000000e+00   4.957647e-01   3.184862e+00   9.999067e-01   3.184863e+00   3.184863e+00
1     1.385994e+02   9.999411e-01   1.336464e-05   0.000000e+00   0.000000e+00   4.960461e-01   3.812524e+00   9.999066e-01   3.812532e+00   3.812540e+00
1     1.386994e+02   9.999410e-01   1.339809e-05   0.000000e+00   0.000000e+00   4.982026e-01   4.438317e+00   9.999065e-01   4.438329e+00   4.438342e+00
1     1.387993e+02   9.999410e-01   1.340832e-05   0.000000e+00   0.000000e+00   5.014089e-01   5.063069e+00   9.999065e-01   5.063082e+00   5.063095e+00
1     1.388992e+02   9.999409e-01   1.339148e-05   0.000000e+00   0.000000e+00   5.044568e-01   5.687991e+00   9.999064e-01   5.687998e+00   5.688006e+00
1     1.389992e+02   9.999409e-01   1.335392e-05   0.000000e+00   0.000000e+00   5.061952e-01   3.104133e-02   9.999063e-01   3.104092e-02   3.104050e-02
1     1.390991e+02   9.999408e-01   1.330985e-05   0.000000e+00   0.000000e+00   5.059533e-01   6.592575e-01   9.999063e-01   6.592493e-01   6.592412e-01
1     1.391990e+02   9.999408e-01   1.327613e-05   0.000000e+00   0.000000e+00   5.038064e-01   1.289372e+00   9.999062e-01   1.289359e+00   1.289347e+00
1     1.392990e+02   9.999408e-01   1.326572e-05   0.000000e+00   0.000000e+00   5.005709e-01   1.920566e+00   9.999061e-01   1.920553e+00   1.920541e+00
1     1.393989e+02   9.999407e-01   1.328265e-05   0.000000e+00   0.000000e+00   4.974966e-01   2.551589e+00   9.999061e-01   2.551581e+00   2.551574e+00
1     1.394988e+02   9.999407e-01   1.332038e-05   0.000000e+00   0.000000e+00   4.957686e-01   3.181260e+00   9.999060e-01   3.181260e+00   3.181261e+00
1     1.395988e+02   9.999406e-01   1.336441e-05   0.000000e+00   0.000000e+00   4.960382e-01   3.808933e+00   9.999060e-01   3.808942e+00   3.808950e+00
1     1.396987e+02   9.999406e-01   1.339796e-05   0.000000e+00   0.000000e+00   4.981858e-01   4.434736e+00   9.999059e-01   4.434748e+00   4.434761e+00
1     1.397986e+02   9.999405e-01   1.340835e-05   0.000000e+00   0.000000e+00   5.013894e-01   5.059492e+00   9.999058e-01   5.059504e+00   5.059517e+00
1     1.398986e+02   9.999405e-01   1.339166e-05   0.000000e+00   0.000000e+00   5.044416e-01   5.684409e+00   9.999058e-01   5.684416e+00   5.684424e+00
1     1.399985e+02   9.999405e-01   1.335417e-05   0.000000e+00   0.000000e+00   5.061901e-01   2.744984e-02   9.999057e-01   2.744948e-02   2.744911e-02
1     1.400984e+02   9.999404e-01   1.331010e-05   0.000000e+00   0.000000e+00   5.059599e-01   6.556546e-01   9.999056e-01   6.556465e-01   6.556384e-01
1     1.401984e+02   9.999404e-01   1.327627e-05   0.000000e+00   0.000000e+00   5.038222e-01   1.285761e+00   9.999056e-01   1.285748e+00   1.285735e+00
1     1.402983e+02   9.999403e-01   1.326570e-05   0.000000e+00   0.000000e+00   5.005895e-01   1.916952e+00   9.999055e-01   1.916939e+00   1.916927e+00
1     1.404000e+02   9.999403e-01   1.328300e-05   0.000000e+00   0.000000e+00   4.974657e-01   2.559041e+00   9.999054e-01   2.559034e+00   2.559027e+00
1     1.404999e+02   9.999402e-01   1.332090e-05   0.000000e+00   0.000000e+00   4.957589e-01   3.188691e+00   9.999054e-01   3.188692e+00   3.188693e+00
1     1.405999e+02   9.999402e-01   1.336491e-05   0.000000e+00   0.000000e+00   4.960531e-01   3.816341e+00   9.999053e-01   3.816349e+00   3.816358e+00
1     1.406998e+02   9.999402e-01   1.339825e-05   0.000000e+00   0.000000e+00   4.982192e-01   4.442125e+00   9.999052e-01   4.442138e+00   4.442151e+00
1     1.407997e+02   9.999401e-01   1.340832e-05   0.000000e+00   0.000000e+00   5.014284e-01   5.066876e+00   9.999052e-01   5.066889e+00   5.066901e+00
1     1.408997e+02   9.999401e-01   1.339132e-05   0.000000e+00   0.000000e+00   5.044714e-01   5.691803e+00   9.999051e-01   5.691810e+00   5.691818e+00
1     1.409996e+02   9.999400e-01   1.335366e-05   0.000000e+00   0.000000e+00   5.061991e-01   3.486540e-02   9.999050e-01   3.486493e-02   3.486447e-02
1     1.410995e+02   9.999400e-01   1.330961e-05   0.000000e+00   0.000000e+00   5.059443e-01   6.630951e-01   9.999050e-01   6.630869e-01   6.630788e-01
1     1.411995e+02   9.999399e-01   1.327600e-05   0.000000e+00   0.000000e+00   5.037875e-01   1.293221e+00   9.999049e-01   1.293208e+00   1.293195e+00
1     1.412994e+02   9.999399e-01   1.326575e-05   0.000000e+00   0.000000e+00   5.005490e-01   1.924418e+00   9.999048e-01   1.924406e+00   1.924393e+00
1     1.413993e+02   9.999399e-01   1.328284e-05   0.000000e+00   0.000000e+00   4.974797e-01   2.555437e+00   9.999048e-01   2.555429e+00   2.555422e+00
1     1.414993e+02   9.999398e-01   1.332066e-05   0.000000e+00   0.000000e+00   4.957628e-01   3.185097e+00   9.999047e-01   3.185098e+00   3.185098e+00
1     1.415992e+02   9.999398e-01   1.336468e-05   0.000000e+00   0.000000e+00   4.960452e-01   3.812759e+00   9.999047e-01   3.812767e+00   3.812776e+00
1     1.416991e+02   9.999397e-01   1.339812e-05   0.000000e+00   0.000000e+00   4.982025e-01   4.438552e+00   9.999046e-01   4.438565e+00   4.438578e+00
1     1.417991e+02   9.999397e-01   1.340834e-05   0.000000e+00   0.000000e+00   5.014090e-01   5.063306e+00   9.999045e-01   5.063319e+00   5.063332e+00
1     1.418990e+02   9.999396e-01   1.339149e-05   0.000000e+00   0.000000e+00   5.044565e-01   5.688229e+00   9.999045e-01   5.688236e+00   5.688244e+00
1     1.419989e+02   9.999396e-01   1.335392e-05   0.000000e+00   0.000000e+00   5.061941e-01   3.128189e-02   9.999044e-01   3.128147e-02   3.128105e-02
1     1.420989e+02   9.999396e-01   1.330986e-05   0.000000e+00   0.000000e+00   5.059511e-01   6.595003e-01   9.999043e-01   6.594921e-01   6.594840e-01
1     1.421988e+02   9.999395e-01   1.327614e-05   0.000000e+00   0.000000e+00   5.038034e-01   1.289617e+00   9.999043e-01   1.289604e+00   1.289592e+00
1     1.422987e+02   9.999395e-01   1.326574e-05   0.000000e+00   0.000000e+00   5.005677e-01   1.920812e+00   9.999042e-01   1.920800e+00   1.920787e+00
1     1.423987e+02   9.999394e-01   1.328268e-05   0.000000e+00   0.000000e+00   4.974938e-01   2.551836e+00   9.999041e-01   2.551828e+00   2.551821e+00
1     1.424986e+02   9.999394e-01   1.332042e-05   0.000000e+00   0.000000e+00   4.957666e-01   3.181507e+00   9.999041e-01   3.181508e+00   3.181508e+00
1     1.425985e+02   9.999393e-01   1.336446e-05   0.000000e+00   0.000000e+00   4.960373e-01   3.809181e+00   9.999040e-01   3.809189e+00   3.809198e+00
1     1.426985e+02   9.999393e-01   1.339800e-05   0.000000e+00   0.000000e+00   4.981858e-01   4.434984e+00   9.999039e-01   4.434996e+00   4.435009e+00
1     1.427984e+02   9.999392e-01   1.340837e-05   0.000000e+00   0.000000e+00   5.013896e-01   5.059741e+00   9.999039e-01   5.059753e+00   5.059766e+00
1     1.428983e+02   9.999392e-01   1.339167e-05   0.000000e+00   0.000000e+00   5.044415e-01   5.684659e+00   9.999038e-01   5.684667e+00   5.684674e+00
1     1.429983e+02   9.999392e-01   1.335418e-05   0.000000e+00   0.000000e+00   5.061890e-01   2.770246e-02   9.999037e-01   2.770209e-02   2.770172e-02
1     1.430999e+02   9.999391e-01   1.330937e-05   0.000000e+00   0.000000e+00   5.059354e-01   6.669490e-01   9.999037e-01   6.669408e-01   6.669326e-01
1     1.431999e+02   9.999391e-01   1.327587e-05   0.000000e+00   0.000000e+00   5.037687e-01   1.297085e+00   9.999036e-01   1.297072e+00   1.297060e+00
1     1.432998e+02   9.999390e-01   1.326579e-05   0.000000e+00   0.000000e+00   5.005272e-01   1.928286e+00   9.999035e-01   1.928274e+00   1.928261e+00
1     1.433997e+02   9.999390e-01   1.328304e-05   0.000000e+00   0.000000e+00   4.974631e-01   2.559301e+00   9.999035e-01   2.559293e+00   2.559286e+00
1     1.434997e+02   9.999389e-01   1.332095e-05   0.000000e+00   0.000000e+00   4.957572e-01   3.188951e+00   9.999034e-01   3.188952e+00   3.188952e+00
1     1.435996e+02   9.999389e-01   1.336495e-05   0.000000e+00   0.000000e+00   4.960525e-01   3.816601e+00   9.999034e-01   3.816609e+00   3.816617e+00
1     1.436995e+02   9.999389e-01   1.339828e-05   0.000000e+00   0.000000e+00   4.982194e-01   4.442385e+00   9.999033e-01   4.442398e+00   4.442411e+00
1     1.437995e+02   9.999388e-01   1.340834e-05   0.000000e+00   0.000000e+00   5.014288e-01   5.067137e+00   9.999032e-01   5.067150e+00   5.067162e+00
1     1.438994e+02   9.999388e-01   1.339133e-05   0.000000e+00   0.000000e+00   5.044713e-01   5.692066e+00   9.999032e-01   5.692073e+00   5.692081e+00
1     1.439993e+02   9.999387e-01   1.335367e-05   0.000000e+00   0.000000e+00   5.061980e-01   3.513032e-02   9.999031e-01   3.512986e-02   3.512939e-02
1     1.440993e+02   9.999387e-01   1.330962e-05   0.000000e+00   0.000000e+00   5.059422e-01   6.633624e-01   9.999030e-01   6.633542e-01   6.633460e-01
1     1.441992e+02   9.999386e-01   1.327601e-05   0.000000e+00   0.000000e+00   5.037846e-01   1.293490e+00   9.999030e-01   1.293477e+00   1.293464e+00
1     1.442991e+02   9.999386e-01   1.326578e-05   0.000000e+00   0.000000e+00   5.005458e-01   1.924689e+00   9.999029e-01   1.924676e+00   1.924664e+00
1     1.443991e+02   9.999386e-01   1.328288e-05   0.000000e+00   0.000000e+00   4.974770e-01   2.555708e+00   9.999028e-01   2.555701e+00   2.555693e+00
1     1.444990e+02   9.999385e-01   1.332071e-05   0.000000e+00   0.000000e+00   4.957610e-01   3.185369e+00   9.999028e-01   3.185370e+00   3.185370e+00
1     1.445989e+02   9.999385e-01   1.336473e-05   0.000000e+00   0.000000e+00   4.960445e-01   3.813031e+00   9.999027e-01   3.813039e+00   3.813048e+00
1     1.446989e+02   9.999384e-01   1.339816e-05   0.000000e+00   0.000000e+00   4.982026e-01   4.438825e+00   9.999026e-01   4.438838e+00   4.438851e+00
1     1.447988e+02   9.999384e-01   1.340836e-05   0.000000e+00   0.000000e+00   5.014094e-01   5.063580e+00   9.999026e-01   5.063592e+00   5.063605e+00
1     1.448987e+02   9.999383e-01   1.339150e-05   0.000000e+00   0.000000e+00   5.044564e-01   5.688504e+00   9.999025e-01   5.688511e+00   5.688519e+00
1     1.449987e+02   9.999383e-01   1.335392e-05   0.000000e+00   0.000000e+00   5.061930e-01   3.155910e-02   9.999024e-01   3.155868e-02   3.155826e-02
1     1.450986e+02   9.999383e-01   1.330986e-05   0.000000e+00   0.000000e+00   5.059490e-01   6.597798e-01   9.999024e-01   6.597716e-01   6.597635e-01
1     1.451985e+02   9.999382e-01   1.327615e-05   0.000000e+00   0.000000e+00   5.038004e-01   1.289899e+00   9.999023e-01   1.289886e+00   1.289873e+00
1     1.452985e+02   9.999382e-01   1.326577e-05   0.000000e+00   0.000000e+00   5.005644e-01   1.921095e+00   9.999023e-01   1.921083e+00   1.921070e+00
1     1.453984e+02   9.999381e-01   1.328273e-05   0.000000e+00   0.000000e+00   4.974911e-01   2.552120e+00   9.999022e-01   2.552112e+00   2.552105e+00
1     1.454983e+02   9.999381e-01   1.332047e-05   0.000000e+00   0.000000e+00   4.957649e-01   3.181791e+00   9.999021e-01   3.181792e+00   3.181792e+00
1     1.455983e+02   9.999380e-01   1.336450e-05   0.000000e+00   0.000000e+00   4.960367e-01   3.809465e+00   9.999021e-01   3.809473e+00   3.809482e+00
1     1.457000e+02   9.999380e-01   1.339844e-05   0.000000e+00   0.000000e+00   4.982363e-01   4.446235e+00   9.999020e-01   4.446247e+00   4.446260e+00
1     1.457999e+02   9.999379e-01   1.340832e-05   0.000000e+00   0.000000e+00   5.014486e-01   5.070984e+00   9.999019e-01   5.070997e+00   5.071009e+00
1     1.458998e+02   9.999379e-01   1.339116e-05   0.000000e+00   0.000000e+00   5.044863e-01   5.695919e+00   9.999019e-01   5.695926e+00   5.695933e+00
1     1.459998e+02   9.999379e-01   1.335341e-05   0.000000e+00   0.000000e+00   5.062020e-01   3.899503e-02   9.999018e-01   3.899451e-02   3.899399e-02
1     1.460997e+02   9.999378e-01   1.330937e-05   0.000000e+00   0.000000e+00   5.059333e-01   6.672408e-01   9.999017e-01   6.672325e-01   6.672243e-01
1     1.461996e+02   9.999378e-01   1.327588e-05   0.000000e+00   0.000000e+00   5.037657e-01   1.297379e+00   9.999017e-01   1.297366e+00   1.297353e+00
1     1.462996e+02   9.999377e-01   1.326582e-05   0.000000e+00   0.000000e+00   5.005238e-01   1.928582e+00   9.999016e-01   1.928569e+00   1.928557e+00
1     1.463995e+02   9.999377e-01   1.328308e-05   0.000000e+00   0.000000e+00   4.974600e-01   2.559597e+00   9.999015e-01   2.559590e+00   2.559582e+00
1     1.464994e+02   9.999376e-01   1.332100e-05   0.000000e+00   0.000000e+00   4.957552e-01   3.189247e+00   9.999015e-01   3.189248e+00   3.189249e+00
1     1.465994e+02   9.999376e-01   1.336500e-05   0.000000e+00   0.000000e+00   4.960516e-01   3.816897e+00   9.999014e-01   3.816906e+00   3.816914e+00
1     1.466993e+02   9.999376e-01   1.339832e-05   0.000000e+00   0.000000e+00   4.982194e-01   4.442682e+00   9.999013e-01   4.442695e+00   4.442708e+00
1     1.467992e+02   9.999375e-01   1.340835e-05   0.000000e+00   0.000000e+00   5.014292e-01   5.067435e+00   9.999013e-01   5.067448e+00   5.067460e+00
1     1.468992e+02   9.999375e-01   1.339133e-05   0.000000e+00   0.000000e+00   5.044714e-01   5.692365e+00   9.999012e-01   5.692372e+00   5.692380e+00
1     1.469991e+02   9.999374e-01   1.335366e-05   0.000000e+00   0.000000e+00   5.061970e-01   3.543191e-02   9.999011e-01   3.543143e-02   3.543096e-02
1     1.470990e+02   9.999374e-01   1.330961e-05   0.000000e+00   0.000000e+00   5.059401e-01   6.636663e-01   9.999011e-01   6.636581e-01   6.636499e-01
1     1.471990e+02   9.999373e-01   1.327602e-05   0.000000e+00   0.000000e+00   5.037815e-01   1.293796e+00   9.999010e-01   1.293783e+00   1.293770e+00
1     1.472989e+02   9.999373e-01   1.326580e-05   0.000000e+00   0.000000e+00   5.005423e-01   1.924996e+00   9.999010e-01   1.924984e+00   1.924972e+00
1     1.473988e+02   9.999373e-01   1.328292e-05   0.000000e+00   0.000000e+00   4.974740e-01   2.556017e+00   9.999009e-01   2.556009e+00   2.556002e+00
1     1.474988e+02   9.999372e-01   1.332076e-05   0.000000e+00   0.000000e+00   4.957590e-01   3.185678e+00   9.999008e-01   3.185678e+00   3.185679e+00
1     1.475987e+02   9.999372e-01   1.336477e-05   0.000000e+00   0.000000e+00   4.960437e-01   3.813340e+00   9.999008e-01   3.813348e+00   3.813356e+00
1     1.476986e+02   9.999371e-01   1.339819e-05   0.000000e+00   0.000000e+00   4.982027e-01   4.439134e+00   9.999007e-01   4.439147e+00   4.439160e+00
1     1.477986e+02   9.999371e-01   1.340838e-05   0.000000e+00   0.000000e+00   5.014098e-01   5.063890e+00   9.999006e-01   5.063902e+00   5.063915e+00
1     1.478985e+02   9.999370e-01   1.339150e-05   0.000000e+00   0.000000e+00   5.044564e-01   5.688816e+00   9.999006e-01   5.688823e+00   5.688831e+00
1     1.479984e+02   9.999370e-01   1.335391e-05   0.000000e+00   0.000000e+00   5.061920e-01   3.187288e-02   9.999005e-01   3.187246e-02   3.187203e-02
1     1.480984e+02   9.999370e-01   1.330986e-05   0.000000e+00   0.000000e+00   5.059468e-01   6.600960e-01   9.999004e-01   6.600878e-01   6.600797e-01
1     1.481983e+02   9.999369e-01   1.327616e-05   0.000000e+00   0.000000e+00   5.037973e-01   1.290217e+00   9.999004e-01   1.290204e+00   1.290192e+00
1     1.483000e+02   9.999369e-01   1.326586e-05   0.000000e+00   0.000000e+00   5.005017e-01   1.932491e+00   9.999003e-01   1.932479e+00   1.932466e+00
1     1.483999e+02   9.999368e-01   1.328328e-05   0.000000e+00   0.000000e+00   4.974431e-01   2.563502e+00   9.999002e-01   2.563495e+00   2.563487e+00
1     1.484999e+02   9.999368e-01   1.332129e-05   0.000000e+00   0.000000e+00   4.957496e-01   3.193142e+00   9.999002e-01   3.193143e+00   3.193143e+00
1     1.485998e+02   9.999367e-01   1.336527e-05   0.000000e+00   0.000000e+00   4.960589e-01   3.820780e+00   9.999001e-01   3.820788e+00   3.820797e+00
1     1.486997e+02   9.999367e-01   1.339848e-05   0.000000e+00   0.000000e+00   4.982364e-01   4.446556e+00   9.999000e-01   4.446569e+00   4.446582e+00
1     1.487997e+02   9.999367e-01   1.340834e-05   0.000000e+00   0.000000e+00   5.014490e-01   5.071307e+00   9.999000e-01   5.071319e+00   5.071332e+00
1     1.488996e+02   9.999366e-01   1.339116e-05   0.000000e+00   0.000000e+00   5.044862e-01   5.696243e+00   9.998999e-01   5.696250e+00   5.696257e+00
1     1.489995e+02   9.999366e-01   1.335340e-05   0.000000e+00   0.000000e+00   5.062009e-01   3.932124e-02   9.998998e-01   3.932072e-02   3.932019e-02
1     1.490995e+02   9.999365e-01   1.330937e-05   0.000000e+00   0.000000e+00   5.059310e-01   6.675694e-01   9.998998e-01   6.675612e-01   6.675529e-01
1     1.491994e+02   9.999365e-01   1.327589e-05   0.000000e+00   0.000000e+00   5.037626e-01   1.297710e+00   9.998997e-01   1.297697e+00   1.297684e+00
1     1.492993e+02   9.999364e-01   1.326585e-05   0.000000e+00   0.000000e+00   5.005204e-01   1.928914e+00   9.998997e-01   1.928901e+00   1.928889e+00
1     1.493993e+02   9.999364e-01   1.328312e-05   0.000000e+00   0.000000e+00   4.974572e-01   2.559930e+00   9.998996e-01   2.559922e+00   2.559915e+00
1     1.494992e+02   9.999363e-01   1.332105e-05   0.000000e+00   0.000000e+00   4.957536e-01   3.189580e+00   9.998995e-01   3.189581e+00   3.189582e+00
1     1.495991e+02   9.999363e-01   1.336505e-05   0.000000e+00   0.000000e+00   4.960512e-01   3.817230e+00   9.998995e-01   3.817239e+00   3.817247e+00
1     1.496991e+02   9.999363e-01   1.339835e-05   0.000000e+00   0.000000e+00   4.982198e-01   4.443016e+00   9.998994e-01   4.443028e+00   4.443041e+00
1     1.497990e+02   9.999362e-01   1.340837e-05   0.000000e+00   0.000000e+00   5.014298e-01   5.067769e+00   9.998993e-01   5.067782e+00   5.067794e+00
1     1.498989e+02   9.999362e-01   1.339133e-05   0.000000e+00   0.000000e+00   5.044714e-01   5.692701e+00   9.998993e-01   5.692709e+00   5.692716e+00
1     1.499989e+02   9.999361e-01   1.335365e-05   0.000000e+00   0.000000e+00   5.061960e-01   3.577031e-02   9.998992e-01   3.576984e-02   3.576936e-02
1     1.500988e+02   9.999361e-01   1.330961e-05   0.000000e+00   0.000000e+00   5.059377e-01   6.640072e-01   9.998991e-01   6.639990e-01   6.639908e-01
1     1.501987e+02   9.999360e-01   1.327603e-05   0.000000e+00   0.000000e+00   5.037783e-01   1.294139e+00   9.998991e-01   1.294126e+00   1.294113e+00
1     1.502987e+02   9.999360e-01   1.326583e-05   0.000000e+00   0.000000e+00   5.005390e-01   1.925341e+00   9.998990e-01   1.925328e+00   1.925316e+00
1     1.503986e+02   9.999360e-01   1.328296e-05   0.000000e+00   0.000000e+00   4.974711e-01   2.556362e+00   9.998989e-01   2.556354e+00   2.556347e+00
1     1.504985e+02   9.999359e-01   1.332081e-05   0.000000e+00   0.000000e+00   4.957573e-01   3.186023e+00   9.998989e-01   3.186023e+00   3.186024e+00
1     1.505985e+02   9.999359e-01   1.336482e-05   0.000000e+00   0.000000e+00   4.960433e-01   3.813685e+00   9.998988e-01   3.813693e+00   3.813701e+00
1     1.506984e+02   9.999358e-01   1.339823e-05   0.000000e+00   0.000000e+00   4.982030e-01   4.439479e+00   9.998987e-01   4.439492e+00   4.439505e+00
1     1.507983e+02   9.999358e-01   1.340840e-05   0.000000e+00   0.000000e+00   5.014104e-01   5.064236e+00   9.998987e-01   5.064249e+00   5.064261e+00
1     1.508983e+02   9.999357e-01   1.339150e-05   0.000000e+00   0.000000e+00   5.044565e-01   5.689164e+00   9.998986e-01   5.689171e+00   5.689179e+00
1     1.509999e+02   9.999357e-01   1.335314e-05   0.000000e+00   0.000000e+00   5.062046e-01   4.322710e-02   9.998985e-01   4.322653e-02   4.322595e-02
1     1.510999e+02   9.999357e-01   1.330912e-05   0.000000e+00   0.000000e+00   5.059216e-01   6.714891e-01   9.998985e-01   6.714808e-01   6.714725e-01
1     1.511998e+02   9.999356e-01   1.327575e-05   0.000000e+00   0.000000e+00   5.037433e-01   1.301640e+00   9.998984e-01   1.301627e+00   1.301614e+00
1     1.512997e+02   9.999356e-01   1.326588e-05   0.000000e+00   0.000000e+00   5.004983e-01   1.932848e+00   9.998984e-01   1.932836e+00   1.932823e+00
1     1.513997e+02   9.999355e-01   1.328332e-05   0.000000e+00   0.000000e+00   4.974402e-01   2.563859e+00   9.998983e-01   2.563852e+00   2.563845e+00
1     1.514996e+02   9.999355e-01   1.332134e-05   0.000000e+00   0.000000e+00   4.957479e-01   3.193499e+00   9.998982e-01   3.193500e+00   3.193501e+00
1     1.515995e+02   9.999354e-01   1.336532e-05   0.000000e+00   0.000000e+00   4.960585e-01   3.821137e+00   9.998982e-01   3.821145e+00   3.821154e+00
1     1.516995e+02   9.999354e-01   1.339851e-05   0.000000e+00   0.000000e+00   4.982368e-01   4.446914e+00   9.998981e-01   4.446926e+00   4.446939e+00
1     1.517994e+02   9.999354e-01   1.340836e-05   0.000000e+00   0.000000e+00   5.014497e-01   5.071665e+00   9.998980e-01   5.071678e+00   5.071691e+00
1     1.518993e+02   9.999353e-01   1.339116e-05   0.000000e+00   0.000000e+00   5.044863e-01   5.696603e+00   9.998980e-01   5.696610e+00   5.696618e+00
1     1.519993e+02   9.999353e-01   1.335339e-05   0.000000e+00   0.000000e+00   5.061998e-01   3.968421e-02   9.998979e-01   3.968368e-02   3.968315e-02
1     1.520992e+02   9.999352e-01   1.330936e-05   0.000000e+00   0.000000e+00   5.059285e-01   6.679350e-01   9.998978e-01   6.679267e-01   6.679185e-01
1     1.521991e+02   9.999352e-01   1.327589e-05   0.000000e+00   0.000000e+00   5.037591e-01   1.298077e+00   9.998978e-01   1.298065e+00   1.298052e+00
1     1.522991e+02   9.999351e-01   1.326587e-05   0.000000e+00   0.000000e+00   5.005169e-01   1.929283e+00   9.998977e-01   1.929271e+00   1.929258e+00
1     1.523990e+02   9.999351e-01   1.328317e-05   0.000000e+00   0.000000e+00   4.974542e-01   2.560299e+00   9.998976e-01   2.560292e+00   2.560285e+00
1     1.524989e+02   9.999350e-01   1.332110e-05   0.000000e+00   0.000000e+00   4.957518e-01   3.189950e+00   9.998976e-01   3.189951e+00   3.189951e+00
1     1.525989e+02   9.999350e-01   1.336509e-05   0.000000e+00   0.000000e+00   4.960508e-01   3.817600e+00   9.998975e-01   3.817608e+00   3.817616e+00
1     1.526988e+02   9.999350e-01   1.339839e-05   0.000000e+00   0.000000e+00   4.982204e-01   4.443385e+00   9.998974e-01   4.443398e+00   4.443411e+00
1     1.527987e+02   9.999349e-01   1.340839e-05   0.000000e+00   0.000000e+00   5.014305e-01   5.068140e+00   9.998974e-01   5.068153e+00   5.068165e+00
1     1.528987e+02   9.999349e-01   1.339133e-05   0.000000e+00   0.000000e+00   5.044717e-01   5.693074e+00   9.998973e-01   5.693081e+00   5.693089e+00
1     1.529986e+02   9.999348e-01   1.335364e-05   0.000000e+00   0.000000e+00   5.061950e-01   3.614537e-02   9.998973e-01   3.614488e-02   3.614440e-02
1     1.530985e+02   9.999348e-01   1.330960e-05   0.000000e+00   0.000000e+00   5.059353e-01   6.643849e-01   9.998972e-01   6.643767e-01   6.643685e-01
1     1.531985e+02   9.999347e-01   1.327603e-05   0.000000e+00   0.000000e+00   5.037749e-01   1.294519e+00   9.998971e-01   1.294506e+00   1.294493e+00
1     1.532984e+02   9.999347e-01   1.326585e-05   0.000000e+00   0.000000e+00   5.005353e-01   1.925722e+00   9.998971e-01   1.925710e+00   1.925697e+00
1     1.533983e+02   9.999347e-01   1.328300e-05   0.000000e+00   0.000000e+00   4.974680e-01   2.556744e+00   9.998970e-01   2.556736e+00   2.556729e+00
1     1.534983e+02   9.999346e-01   1.332086e-05   0.000000e+00   0.000000e+00   4.957555e-01   3.186405e+00   9.998969e-01   3.186406e+00   3.186406e+00
1     1.536000e+02   9.999346e-01   1.336559e-05   0.000000e+00   0.000000e+00   4.960662e-01   3.825060e+00   9.998969e-01   3.825068e+00   3.825077e+00
1     1.536999e+02   9.999345e-01   1.339867e-05   0.000000e+00   0.000000e+00   4.982542e-01   4.450828e+00   9.998968e-01   4.450841e+00   4.450854e+00
1     1.537998e+02   9.999345e-01   1.340835e-05   0.000000e+00   0.000000e+00   5.014697e-01   5.075578e+00   9.998967e-01   5.075590e+00   5.075603e+00
1     1.538998e+02   9.999344e-01   1.339099e-05   0.000000e+00   0.000000e+00   5.045012e-01   5.700521e+00   9.998967e-01   5.700529e+00   5.700536e+00
1     1.539997e+02   9.999344e-01   1.335313e-05   0.000000e+00   0.000000e+00   5.062035e-01   4.361456e-02   9.998966e-01   4.361398e-02   4.361340e-02
1     1.540996e+02   9.999344e-01   1.330911e-05   0.000000e+00   0.000000e+00   5.059190e-01   6.718793e-01   9.998965e-01   6.718710e-01   6.718627e-01
1     1.541996e+02   9.999343e-01   1.327576e-05   0.000000e+00   0.000000e+00   5.037396e-01   1.302032e+00   9.998965e-01   1.302020e+00   1.302007e+00
1     1.542995e+02   9.999343e-01   1.326590e-05   0.000000e+00   0.000000e+00   5.004945e-01   1.933242e+00   9.998964e-01   1.933229e+00   1.933217e+00
1     1.543994e+02   9.999342e-01   1.328336e-05   0.000000e+00   0.000000e+00   4.974371e-01   2.564254e+00   9.998963e-01   2.564246e+00   2.564239e+00
1     1.544994e+02   9.999342e-01   1.332139e-05   0.000000e+00   0.000000e+00   4.957460e-01   3.193894e+00   9.998963e-01   3.193894e+00   3.193895e+00
1     1.545993e+02   9.999341e-01   1.336537e-05   0.000000e+00   0.000000e+00   4.960582e-01   3.821531e+00   9.998962e-01   3.821539e+00   3.821548e+00
1     1.546992e+02   9.999341e-01   1.339855e-05   0.000000e+00   0.000000e+00   4.982377e-01   4.447308e+00   9.998961e-01   4.447321e+00   4.447333e+00
1     1.547992e+02   9.999341e-01   1.340838e-05   0.000000e+00   0.000000e+00   5.014507e-01   5.072061e+00   9.998961e-01   5.072073e+00   5.072086e+00
1     1.548991e+02   9.999340e-01   1.339116e-05   0.000000e+00   0.000000e+00   5.044867e-01   5.697000e+00   9.998960e-01   5.697007e+00   5.697015e+00
1     1.549990e+02   9.999340e-01   1.335338e-05   0.000000e+00   0.000000e+00   5.061988e-01   4.008375e-02   9.998960e-01   4.008321e-02   4.008268e-02
1     1.550990e+02   9.999339e-01   1.330935e-05   0.000000e+00   0.000000e+00   5.059259e-01   6.683373e-01   9.998959e-01   6.683290e-01   6.683208e-01
1     1.551989e+02   9.999339e-01   1.327590e-05   0.000000e+00   0.000000e+00   5.037554e-01   1.298482e+00   9.998958e-01   1.298469e+00   1.298457e+00
1     1.552988e+02   9.999338e-01   1.326589e-05   0.000000e+00   0.000000e+00   5.005129e-01   1.929689e+00   9.998958e-01   1.929677e+00   1.929664e+00
1     1.553988e+02   9.999338e-01   1.328320e-05   0.000000e+00   0.000000e+00   4.974509e-01   2.560706e+00   9.998957e-01   2.560699e+00   2.560692e+00
1     1.554987e+02   9.999338e-01   1.332115e-05   0.000000e+00   0.000000e+00   4.957498e-01   3.190357e+00   9.998956e-01   3.190357e+00   3.190358e+00
1     1.555986e+02   9.999337e-01   1.336514e-05   0.000000e+00   0.000000e+00   4.960503e-01   3.818006e+00   9.998956e-01   3.818014e+00   3.818023e+00
1     1.556986e+02   9.999337e-01   1.339842e-05   0.000000e+00   0.000000e+00   4.982211e-01   4.443792e+00   9.998955e-01   4.443805e+00   4.443818e+00
1     1.557985e+02   9.999336e-01   1.340841e-05   0.000000e+00   0.000000e+00   5.014314e-01   5.068548e+00   9.998954e-01   5.068560e+00   5.068573e+00
1     1.558984e+02   9.999336e-01   1.339133e-05   0.000000e+00   0.000000e+00   5.044718e-01   5.693483e+00   9.998954e-01   5.693491e+00   5.693498e+00
1     1.559984e+02   9.999335e-01   1.335363e-05   0.000000e+00   0.000000e+00   5.061938e-01   3.655743e-02   9.998953e-01   3.655694e-02   3.655645e-02
1     1.560983e+02   9.999335e-01   1.330959e-05   0.000000e+00   0.000000e+00   5.059325e-01   6.647998e-01   9.998952e-01   6.647916e-01   6.647834e-01
1     1.562000e+02   9.999334e-01   1.327563e-05   0.000000e+00   0.000000e+00   5.037201e-01   1.306004e+00   9.998952e-01   1.305991e+00   1.305978e+00
1     1.562999e+02   9.999334e-01   1.326595e-05   0.000000e+00   0.000000e+00   5.004720e-01   1.937217e+00   9.998951e-01   1.937205e+00   1.937192e+00
1     1.563998e+02   9.999334e-01   1.328357e-05   0.000000e+00   0.000000e+00   4.974201e-01   2.568224e+00   9.998950e-01   2.568217e+00   2.568210e+00
1     1.564998e+02   9.999333e-01   1.332168e-05   0.000000e+00   0.000000e+00   4.957405e-01   3.197853e+00   9.998950e-01   3.197854e+00   3.197855e+00
1     1.565997e+02   9.999333e-01   1.336565e-05   0.000000e+00   0.000000e+00   4.960659e-01   3.825479e+00   9.998949e-01   3.825487e+00   3.825495e+00
1     1.566996e+02   9.999332e-01   1.339871e-05   0.000000e+00   0.000000e+00   4.982551e-01   4.451246e+00   9.998948e-01   4.451259e+00   4.451272e+00
1     1.567996e+02   9.999332e-01   1.340837e-05   0.000000e+00   0.000000e+00   5.014710e-01   5.075997e+00   9.998948e-01   5.076010e+00   5.076022e+00
1     1.568995e+02   9.999331e-01   1.339099e-05   0.000000e+00   0.000000e+00   5.045018e-01   5.700943e+00   9.998947e-01   5.700950e+00   5.700957e+00
1     1.569994e+02   9.999331e-01   1.335312e-05   0.000000e+00   0.000000e+00   5.062027e-01   4.403842e-02   9.998947e-01   4.403783e-02   4.403724e-02
1     1.570994e+02   9.999331e-01   1.330910e-05   0.000000e+00   0.000000e+00   5.059166e-01   6.723060e-01   9.998946e-01   6.722977e-01   6.722894e-01
1     1.571993e+02   9.999330e-01   1.327576e-05   0.000000e+00   0.000000e+00   5.037359e-01   1.302462e+00   9.998945e-01   1.302449e+00   1.302436e+00
1     1.572992e+02   9.999330e-01   1.326593e-05   0.000000e+00   0.000000e+00   5.004904e-01   1.933673e+00   9.998945e-01   1.933660e+00   1.933648e+00
1     1.573992e+02   9.999329e-01   1.328341e-05   0.000000e+00   0.000000e+00   4.974338e-01   2.564685e+00   9.998944e-01   2.564678e+00   2.564670e+00
1     1.574991e+02   9.999329e-01   1.332144e-05   0.000000e+00   0.000000e+00   4.957442e-01   3.194325e+00   9.998943e-01   3.194325e+00   3.194326e+00
1     1.575990e+02   9.999328e-01   1.336542e-05   0.000000e+00   0.000000e+00   4.960579e-01   3.821962e+00   9.998943e-01   3.821970e+00   3.821979e+00
1     1.576990e+02   9.999328e-01   1.339859e-05   0.000000e+00   0.000000e+00   4.982385e-01   4.447738e+00   9.998942e-01   4.447751e+00   4.447764e+00
1     1.577989e+02   9.999328e-01   1.340840e-05   0.000000e+00   0.000000e+00   5.014518e-01   5.072492e+00   9.998941e-01   5.072505e+00   5.072517e+00
1     1.578988e+02   9.999327e-01   1.339116e-05   0.000000e+00   0.000000e+00   5.044871e-01   5.697434e+00   9.998941e-01   5.697441e+00   5.697449e+00
1     1.579988e+02   9.999327e-01   1.335337e-05   0.000000e+00   0.000000e+00   5.061978e-01   4.052011e-02   9.998940e-01   4.051956e-02   4.051902e-02
1     1.580987e+02   9.999326e-01   1.330934e-05   0.000000e+00   0.000000e+00   5.059233e-01   6.687765e-01   9.998939e-01   6.687683e-01   6.687600e-01
1     1.581986e+02   9.999326e-01   1.327590e-05   0.000000e+00   0.000000e+00   5.037514e-01   1.298924e+00   9.998939e-01   1.298911e+00   1.298898e+00
1     1.582986e+02   9.999325e-01   1.326592e-05   0.000000e+00   0.000000e+00   5.005085e-01   1.930132e+00   9.998938e-01   1.930120e+00   1.930108e+00
1     1.583985e+02   9.999325e-01   1.328325e-05   0.000000e+00   0.000000e+00   4.974473e-01   2.561150e+00   9.998937e-01   2.561143e+00   2.561135e+00
1     1.584984e+02   9.999325e-01   1.332120e-05   0.000000e+00   0.000000e+00   4.957477e-01   3.190800e+00   9.998937e-01   3.190801e+00   3.190802e+00
1     1.585984e+02   9.999324e-01   1.336520e-05   0.000000e+00   0.000000e+00   4.960499e-01   3.818449e+00   9.998936e-01   3.818458e+00   3.818466e+00
1     1.586983e+02   9.999324e-01   1.339846e-05   0.000000e+00   0.000000e+00   4.982220e-01   4.444235e+00   9.998936e-01   4.444248e+00   4.444261e+00
1     1.587982e+02   9.999323e-01   1.340843e-05   0.000000e+00   0.000000e+00   5.014328e-01   5.068991e+00   9.998935e-01   5.069004e+00   5.069017e+00
1     1.588999e+02   9.999323e-01   1.339081e-05   0.000000e+00   0.000000e+00   5.045169e-01   5.704902e+00   9.998934e-01   5.704909e+00   5.704916e+00
1     1.589999e+02   9.999322e-01   1.335285e-05   0.000000e+00   0.000000e+00   5.062065e-01   4.800955e-02   9.998934e-01   4.800891e-02   4.800827e-02
1     1.590998e+02   9.999322e-01   1.330886e-05   0.000000e+00   0.000000e+00   5.059071e-01   6.762912e-01   9.998933e-01   6.762828e-01   6.762745e-01
1     1.591997e+02   9.999321e-01   1.327563e-05   0.000000e+00   0.000000e+00   5.037163e-01   1.306458e+00   9.998932e-01   1.306445e+00   1.306432e+00
1     1.592997e+02   9.999321e-01   1.326597e-05   0.000000e+00   0.000000e+00   5.004677e-01   1.937672e+00   9.998932e-01   1.937660e+00   1.937648e+00
1     1.593996e+02   9.999321e-01   1.328361e-05   0.000000e+00   0.000000e+00   4.974165e-01   2.568680e+00   9.998931e-01   2.568673e+00   2.568666e+00
1     1.594995e+02   9.999320e-01   1.332174e-05   0.000000e+00   0.000000e+00   4.957385e-01   3.198309e+00   9.998930e-01   3.198310e+00   3.198311e+00
1     1.595995e+02   9.999320e-01   1.336570e-05   0.000000e+00   0.000000e+00   4.960654e-01   3.825934e+00   9.998930e-01   3.825942e+00   3.825951e+00
1     1.596994e+02   9.999319e-01   1.339875e-05   0.000000e+00   0.000000e+00   4.982560e-01   4.451701e+00   9.998929e-01   4.451714e+00   4.451727e+00
1     1.597993e+02   9.999319e-01   1.340838e-05   0.000000e+00   0.000000e+00   5.014722e-01   5.076453e+00   9.998928e-01   5.076466e+00   5.076478e+00
1     1.598993e+02   9.999318e-01   1.339099e-05   0.000000e+00   0.000000e+00   5.045023e-01   5.701401e+00   9.998928e-01   5.701408e+00   5.701416e+00
1     1.599992e+02   9.999318e-01   1.335311e-05   0.000000e+00   0.000000e+00   5.062017e-01   4.449928e-02   9.998927e-01   4.449869e-02   4.449809e-02
1     1.600991e+02   9.999318e-01   1.330910e-05   0.000000e+00   0.000000e+00   5.059140e-01   6.727697e-01   9.998926e-01   6.727614e-01   6.727531e-01
1     1.601991e+02   9.999317e-01   1.327577e-05   0.000000e+00   0.000000e+00   5.037319e-01   1.302928e+00   9.998926e-01   1.302915e+00   1.302902e+00
1     1.602990e+02   9.999317e-01   1.326596e-05   0.000000e+00   0.000000e+00   5.004860e-01   1.934140e+00   9.998925e-01   1.934128e+00   1.934116e+00
1     1.603989e+02   9.999316e-01   1.328346e-05   0.000000e+00   0.000000e+00   4.974301e-01   2.565153e+00   9.998924e-01   2.565146e+00   2.565139e+00
1     1.604989e+02   9.999316e-01   1.332150e-05   0.000000e+00   0.000000e+00   4.957420e-01   3.194793e+00   9.998924e-01   3.194794e+00   3.194794e+00
1     1.605988e+02   9.999315e-01   1.336548e-05   0.000000e+00   0.000000e+00   4.960574e-01   3.822429e+00   9.998923e-01   3.822438e+00   3.822446e+00
1     1.606987e+02   9.999315e-01   1.339863e-05   0.000000e+00   0.000000e+00   4.982394e-01   4.448206e+00   9.998923e-01   4.448219e+00   4.448232e+00
1     1.607987e+02   9.999315e-01   1.340842e-05   0.000000e+00   0.000000e+00   5.014532e-01   5.072961e+00   9.998922e-01   5.072973e+00   5.072986e+00
1     1.608986e+02   9.999314e-01   1.339116e-05   0.000000e+00   0.000000e+00   5.044877e-01   5.697904e+00   9.998921e-01   5.697911e+00   5.697919e+00
1     1.609985e+02   9.999314e-01   1.335336e-05   0.000000e+00   0.000000e+00   5.061970e-01   4.099301e-02   9.998921e-01   4.099246e-02   4.099192e-02
1     1.610985e+02   9.999313e-01   1.330934e-05   0.000000e+00   0.000000e+00   5.059208e-01   6.692523e-01   9.998920e-01   6.692440e-01   6.692357e-01
1     1.611984e+02   9.999313e-01   1.327591e-05   0.000000e+00   0.000000e+00   5.037477e-01   1.299402e+00   9.998919e-01   1.299389e+00   1.299377e+00
1     1.612983e+02   9.999312e-01   1.326595e-05   0.000000e+00   0.000000e+00   5.005044e-01   1.930612e+00   9.998919e-01   1.930600e+00   1.930588e+00
1     1.613983e+02   9.999312e-01   1.328330e-05   0.000000e+00   0.000000e+00   4.974440e-01   2.561630e+00   9.998918e-01   2.561623e+00   2.561616e+00
1     1.615000e+02   9.999312e-01   1.332204e-05   0.000000e+00   0.000000e+00   4.957331e-01   3.202310e+00   9.998917e-01   3.202310e+00   3.202311e+00
1     1.615999e+02   9.999311e-01   1.336598e-05   0.000000e+00   0.000000e+00   4.960732e-01   3.829922e+00   9.998917e-01   3.829930e+00   3.829939e+00
1     1.616998e+02   9.999311e-01   1.339890e-05   0.000000e+00   0.000000e+00   4.982736e-01   4.455681e+00   9.998916e-01   4.455694e+00   4.455707e+00
1     1.617998e+02   9.999310e-01   1.340837e-05   0.000000e+00   0.000000e+00   5.014927e-01   5.080430e+00   9.998915e-01   5.080443e+00   5.080455e+00
1     1.618997e+02   9.999310e-01   1.339081e-05   0.000000e+00   0.000000e+00   5.045176e-01   5.705384e+00   9.998915e-01   5.705391e+00   5.705399e+00
1     1.619996e+02   9.999309e-01   1.335284e-05   0.000000e+00   0.000000e+00   5.062056e-01   4.849473e-02   9.998914e-01   4.849408e-02   4.849344e-02
1     1.620996e+02   9.999309e-01   1.330885e-05   0.000000e+00   0.000000e+00   5.059046e-01   6.767792e-01   9.998913e-01   6.767709e-01   6.767625e-01
1     1.621995e+02   9.999308e-01   1.327564e-05   0.000000e+00   0.000000e+00   5.037125e-01   1.306948e+00   9.998913e-01   1.306936e+00   1.306923e+00
1     1.622994e+02   9.999308e-01   1.326600e-05   0.000000e+00   0.000000e+00   5.004635e-01   1.938165e+00   9.998912e-01   1.938152e+00   1.938140e+00
1     1.623994e+02   9.999308e-01   1.328367e-05   0.000000e+00   0.000000e+00   4.974130e-01   2.569173e+00   9.998911e-01   2.569166e+00   2.569158e+00
1     1.624993e+02   9.999307e-01   1.332180e-05   0.000000e+00   0.000000e+00   4.957365e-01   3.198802e+00   9.998911e-01   3.198802e+00   3.198803e+00
1     1.625992e+02   9.999307e-01   1.336576e-05   0.000000e+00   0.000000e+00   4.960651e-01   3.826426e+00   9.998910e-01   3.826434e+00   3.826443e+00
1     1.626992e+02   9.999306e-01   1.339879e-05   0.000000e+00   0.000000e+00   4.982569e-01   4.452193e+00   9.998910e-01   4.452206e+00   4.452219e+00
1     1.627991e+02   9.999306e-01   1.340840e-05   0.000000e+00   0.000000e+00   5.014736e-01   5.076946e+00   9.998909e-01   5.076958e+00   5.076971e+00
1     1.628990e+02   9.999305e-01   1.339098e-05   0.000000e+00   0.000000e+00   5.045031e-01   5.701895e+00   9.998908e-01   5.701903e+00   5.701910e+00
1     1.629990e+02   9.999305e-01   1.335309e-05   0.000000e+00   0.000000e+00   5.062010e-01   4.499656e-02   9.998908e-01   4.499596e-02   4.499535e-02
1     1.630989e+02   9.999305e-01   1.330908e-05   0.000000e+00   0.000000e+00   5.059115e-01   6.732699e-01   9.998907e-01   6.732616e-01   6.732533e-01
1     1.631988e+02   9.999304e-01   1.327577e-05   0.000000e+00   0.000000e+00   5.037283e-01   1.303431e+00   9.998906e-01   1.303418e+00   1.303405e+00
1     1.632988e+02   9.999304e-01   1.326599e-05   0.000000e+00   0.000000e+00   5.004819e-01   1.934645e+00   9.998906e-01   1.934632e+00   1.934620e+00
1     1.633987e+02   9.999303e-01   1.328351e-05   0.000000e+00   0.000000e+00   4.974267e-01   2.565658e+00   9.998905e-01   2.565651e+00   2.565644e+00
1     1.634986e+02   9.999303e-01   1.332156e-05   0.000000e+00   0.000000e+00   4.957402e-01   3.195297e+00   9.998904e-01   3.195298e+00   3.195299e+00
1     1.635986e+02   9.999302e-01   1.336554e-05   0.000000e+00   0.000000e+00   4.960573e-01   3.822933e+00   9.998904e-01   3.822942e+00   3.822950e+00
1     1.636985e+02   9.999302e-01   1.339867e-05   0.000000e+00   0.000000e+00   4.982405e-01   4.448710e+00   9.998903e-01   4.448723e+00   4.448736e+00
1     1.637984e+02   9.999302e-01   1.340843e-05   0.000000e+00   0.000000e+00   5.014546e-01   5.073465e+00   9.998902e-01   5.073478e+00   5.073491e+00
1     1.638984e+02   9.999301e-01   1.339115e-05   0.000000e+00   0.000000e+00   5.044885e-01   5.698411e+00   9.998902e-01   5.698418e+00   5.698426e+00
1     1.639983e+02   9.999301e-01   1.335334e-05   0.000000e+00   0.000000e+00   5.061962e-01   4.150259e-02   9.998901e-01   4.150204e-02   4.150148e-02
1     1.641000e+02   9.999300e-01   1.330859e-05   0.000000e+00   0.000000e+00   5.058950e-01   6.808054e-01   9.998900e-01   6.807970e-01   6.807886e-01
1     1.641999e+02   9.999300e-01   1.327550e-05   0.000000e+00   0.000000e+00   5.036929e-01   1.310985e+00   9.998900e-01   1.310972e+00   1.310960e+00
1     1.642998e+02   9.999299e-01   1.326605e-05   0.000000e+00   0.000000e+00   5.004410e-01   1.942205e+00   9.998899e-01   1.942193e+00   1.942180e+00
1     1.643998e+02   9.999299e-01   1.328387e-05   0.000000e+00   0.000000e+00   4.973959e-01   2.573209e+00   9.998898e-01   2.573202e+00   2.573194e+00
1     1.644997e+02   9.999299e-01   1.332210e-05   0.000000e+00   0.000000e+00   4.957312e-01   3.202826e+00   9.998898e-01   3.202827e+00   3.202828e+00
1     1.645996e+02   9.999298e-01   1.336604e-05   0.000000e+00   0.000000e+00   4.960731e-01   3.830438e+00   9.998897e-01   3.830447e+00   3.830455e+00
1     1.646996e+02   9.999298e-01   1.339895e-05   0.000000e+00   0.000000e+00   4.982747e-01   4.456197e+00   9.998897e-01   4.456210e+00   4.456223e+00
1     1.647995e+02   9.999297e-01   1.340839e-05   0.000000e+00   0.000000e+00   5.014941e-01   5.080948e+00   9.998896e-01   5.080960e+00   5.080973e+00
1     1.648994e+02   9.999297e-01   1.339080e-05   0.000000e+00   0.000000e+00   5.045183e-01   5.705903e+00   9.998895e-01   5.705911e+00   5.705918e+00
1     1.649994e+02   9.999296e-01   1.335282e-05   0.000000e+00   0.000000e+00   5.062047e-01   4.901673e-02   9.998895e-01   4.901607e-02   4.901542e-02
1     1.650993e+02   9.999296e-01   1.330883e-05   0.000000e+00   0.000000e+00   5.059018e-01   6.773043e-01   9.998894e-01   6.772960e-01   6.772876e-01
1     1.651992e+02   9.999296e-01   1.327564e-05   0.000000e+00   0.000000e+00   5.037084e-01   1.307476e+00   9.998893e-01   1.307463e+00   1.307450e+00
1     1.652992e+02   9.999295e-01   1.326603e-05   0.000000e+00   0.000000e+00   5.004592e-01   1.938694e+00   9.998893e-01   1.938681e+00   1.938669e+00
1     1.653991e+02   9.999295e-01   1.328371e-05   0.000000e+00   0.000000e+00   4.974095e-01   2.569702e+00   9.998892e-01   2.569695e+00   2.569688e+00
1     1.654990e+02   9.999294e-01   1.332186e-05   0.000000e+00   0.000000e+00   4.957346e-01   3.199331e+00   9.998891e-01   3.199331e+00   3.199332e+00
1     1.655990e+02   9.999294e-01   1.336581e-05   0.000000e+00   0.000000e+00   4.960652e-01   3.826954e+00   9.998891e-01   3.826963e+00   3.826971e+00
1     1.656989e+02   9.999293e-01   1.339883e-05   0.000000e+00   0.000000e+00   4.982582e-01   4.452722e+00   9.998890e-01   4.452735e+00   4.452748e+00
1     1.657988e+02   9.999293e-01   1.340842e-05   0.000000e+00   0.000000e+00   5.014750e-01   5.077475e+00   9.998889e-01   5.077488e+00   5.077501e+00
1     1.658988e+02   9.999292e-01   1.339097e-05   0.000000e+00   0.000000e+00   5.045036e-01   5.702427e+00   9.998889e-01   5.702434e+00   5.702442e+00
1     1.659987e+02   9.999292e-01   1.335307e-05   0.000000e+00   0.000000e+00   5.061998e-01   4.553108e-02   9.998888e-01   4.553047e-02   4.552986e-02
1     1.660986e+02   9.999292e-01   1.330906e-05   0.000000e+00   0.000000e+00   5.059084e-01   6.738076e-01   9.998887e-01   6.737993e-01   6.737910e-01
1     1.661986e+02   9.999291e-01   1.327577e-05   0.000000e+00   0.000000e+00   5.037238e-01   1.303971e+00   9.998887e-01   1.303958e+00   1.303945e+00
1     1.662985e+02   9.999291e-01   1.326601e-05   0.000000e+00   0.000000e+00   5.004772e-01   1.935186e+00   9.998886e-01   1.935174e+00   1.935162e+00
1     1.663984e+02   9.999290e-01   1.328355e-05   0.000000e+00   0.000000e+00   4.974229e-01   2.566200e+00   9.998886e-01   2.566193e+00   2.566186e+00
1     1.664984e+02   9.999290e-01   1.332162e-05   0.000000e+00   0.000000e+00   4.957381e-01   3.195839e+00   9.998885e-01   3.195840e+00   3.195840e+00
1     1.665983e+02   9.999289e-01   1.336559e-05   0.000000e+00   0.000000e+00   4.960572e-01   3.823474e+00   9.998884e-01   3.823483e+00   3.823491e+00
1     1.667000e+02   9.999289e-01   1.339911e-05   0.000000e+00   0.000000e+00   4.982925e-01   4.460217e+00   9.998884e-01   4.460230e+00   4.460243e+00
1     1.667999e+02   9.999289e-01   1.340837e-05   0.000000e+00   0.000000e+00   5.015145e-01   5.084966e+00   9.998883e-01   5.084978e+00   5.084991e+00
1     1.668999e+02   9.999288e-01   1.339063e-05   0.000000e+00   0.000000e+00   5.045332e-01   5.709928e+00   9.998882e-01   5.709935e+00   5.709942e+00
1     1.669998e+02   9.999288e-01   1.335255e-05   0.000000e+00   0.000000e+00   5.062081e-01   5.305362e-02   9.998882e-01   5.305292e-02   5.305221e-02
1     1.670997e+02   9.999287e-01   1.330857e-05   0.000000e+00   0.000000e+00   5.058917e-01   6.813555e-01   9.998881e-01   6.813471e-01   6.813387e-01
1     1.671997e+02   9.999287e-01   1.327551e-05   0.000000e+00   0.000000e+00   5.036881e-01   1.311538e+00   9.998880e-01   1.311525e+00   1.311512e+00
1     1.672996e+02   9.999286e-01   1.326607e-05   0.000000e+00   0.000000e+00   5.004361e-01   1.942759e+00   9.998880e-01   1.942747e+00   1.942735e+00
1     1.673995e+02   9.999286e-01   1.328392e-05   0.000000e+00   0.000000e+00   4.973920e-01   2.573763e+00   9.998879e-01   2.573756e+00   2.573749e+00
1     1.674995e+02   9.999286e-01   1.332216e-05   0.000000e+00   0.000000e+00   4.957289e-01   3.203380e+00   9.998878e-01   3.203381e+00   3.203382e+00
1     1.675994e+02   9.999285e-01   1.336610e-05   0.000000e+00   0.000000e+00   4.960730e-01   3.830991e+00   9.998878e-01   3.831000e+00   3.831008e+00
1     1.676993e+02   9.999285e-01   1.339899e-05   0.000000e+00   0.000000e+00   4.982760e-01   4.456750e+00   9.998877e-01   4.456763e+00   4.456776e+00
1     1.677993e+02   9.999284e-01   1.340841e-05   0.000000e+00   0.000000e+00   5.014957e-01   5.081501e+00   9.998876e-01   5.081514e+00   5.081526e+00
1     1.678992e+02   9.999284e-01   1.339080e-05   0.000000e+00   0.000000e+00   5.045189e-01   5.706459e+00   9.998876e-01   5.706466e+00   5.706474e+00
1     1.679991e+02   9.999283e-01   1.335280e-05   0.000000e+00   0.000000e+00   5.062036e-01   4.957568e-02   9.998875e-01   4.957502e-02   4.957436e-02
1     1.680991e+02   9.999283e-01   1.330881e-05   0.000000e+00   0.000000e+00   5.058986e-01   6.778666e-01   9.998874e-01   6.778583e-01   6.778499e-01
1     1.681990e+02   9.999283e-01   1.327564e-05   0.000000e+00   0.000000e+00   5.037036e-01   1.308041e+00   9.998874e-01   1.308028e+00   1.308015e+00
1     1.682989e+02   9.999282e-01   1.326605e-05   0.000000e+00   0.000000e+00   5.004541e-01   1.939260e+00   9.998873e-01   1.939248e+00   1.939235e+00
1     1.683989e+02   9.999282e-01   1.328376e-05   0.000000e+00   0.000000e+00   4.974053e-01   2.570269e+00   9.998873e-01   2.570262e+00   2.570255e+00
1     1.684988e+02   9.999281e-01   1.332192e-05   0.000000e+00   0.000000e+00   4.957323e-01   3.199897e+00   9.998872e-01   3.199898e+00   3.199898e+00
1     1.685987e+02   9.999281e-01   1.336587e-05   0.000000e+00   0.000000e+00   4.960649e-01   3.827520e+00   9.998871e-01   3.827528e+00   3.827537e+00
1     1.686987e+02   9.999280e-01   1.339887e-05   0.000000e+00   0.000000e+00   4.982595e-01   4.453287e+00   9.998871e-01   4.453300e+00   4.453313e+00
1     1.687986e+02   9.999280e-01   1.340843e-05   0.000000e+00   0.000000e+00   5.014768e-01   5.078041e+00   9.998870e-01   5.078054e+00   5.078066e+00
1     1.688985e+02   9.999279e-01   1.339097e-05   0.000000e+00   0.000000e+00   5.045045e-01   5.702995e+00   9.998869e-01   5.703002e+00   5.703010e+00
1     1.689985e+02   9.999279e-01   1.335305e-05   0.000000e+00   0.000000e+00   5.061989e-01   4.610203e-02   9.998869e-01   4.610142e-02   4.610080e-02
1     1.690984e+02   9.999279e-01   1.330905e-05   0.000000e+00   0.000000e+00   5.059054e-01   6.743819e-01   9.998868e-01   6.743736e-01   6.743653e-01
1     1.691983e+02   9.999278e-01   1.327577e-05   0.000000e+00   0.000000e+00   5.037191e-01   1.304548e+00   9.998867e-01   1.304535e+00   1.304523e+00
1     1.692983e+02   9.999278e-01   1.326604e-05   0.000000e+00   0.000000e+00   5.004722e-01   1.935765e+00   9.998867e-01   1.935753e+00   1.935740e+00
1     1.693999e+02   9.999277e-01   1.328413e-05   0.000000e+00   0.000000e+00   4.973746e-01   2.577840e+00   9.998866e-01   2.577833e+00   2.577826e+00
1     1.694999e+02   9.999277e-01   1.332246e-05   0.000000e+00   0.000000e+00   4.957234e-01   3.207446e+00   9.998865e-01   3.207447e+00   3.207448e+00
1     1.695998e+02   9.999276e-01   1.336637e-05   0.000000e+00   0.000000e+00   4.960809e-01   3.835045e+00   9.998865e-01   3.835053e+00   3.835062e+00
1     1.696997e+02   9.999276e-01   1.339915e-05   0.000000e+00   0.000000e+00   4.982940e-01   4.460794e+00   9.998864e-01   4.460807e+00   4.460820e+00
1     1.697997e+02   9.999276e-01   1.340839e-05   0.000000e+00   0.000000e+00   5.015165e-01   5.085544e+00   9.998863e-01   5.085556e+00   5.085569e+00
1     1.698996e+02   9.999275e-01   1.339061e-05   0.000000e+00   0.000000e+00   5.045343e-01   5.710508e+00   9.998863e-01   5.710515e+00   5.710522e+00
1     1.699995e+02   9.999275e-01   1.335253e-05   0.000000e+00   0.000000e+00   5.062074e-01   5.363666e-02   9.998862e-01   5.363595e-02   5.363523e-02
1     1.700995e+02   9.999274e-01   1.330856e-05   0.000000e+00   0.000000e+00   5.058889e-01   6.819419e-01   9.998861e-01   6.819335e-01   6.819251e-01
1     1.701994e+02   9.999274e-01   1.327550e-05   0.000000e+00   0.000000e+00   5.036836e-01   1.312127e+00   9.998861e-01   1.312115e+00   1.312102e+00
1     1.702993e+02   9.999273e-01   1.326610e-05   0.000000e+00   0.000000e+00   5.004310e-01   1.943350e+00   9.998860e-01   1.943338e+00   1.943326e+00
1     1.703993e+02   9.999273e-01   1.328397e-05   0.000000e+00   0.000000e+00   4.973879e-01   2.574354e+00   9.998860e-01   2.574347e+00   2.574340e+00
1     1.704992e+02   9.999273e-01   1.332222e-05   0.000000e+00   0.000000e+00   4.957267e-01   3.203971e+00   9.998859e-01   3.203972e+00   3.203973e+00
1     1.705992e+02   9.999272e-01   1.336615e-05   0.000000e+00   0.000000e+00   4.960728e-01   3.831581e+00   9.998858e-01   3.831590e+00   3.831598e+00
1     1.706991e+02   9.999272e-01   1.339903e-05   0.000000e+00   0.000000e+00   4.982774e-01   4.457339e+00   9.998858e-01   4.457352e+00   4.457365e+00
1     1.707990e+02   9.999271e-01   1.340842e-05   0.000000e+00   0.000000e+00   5.014976e-01   5.082092e+00   9.998857e-01   5.082104e+00   5.082117e+00
1     1.708990e+02   9.999271e-01   1.339078e-05   0.000000e+00   0.000000e+00   5.045199e-01   5.707051e+00   9.998856e-01   5.707059e+00   5.707066e+00
1     1.709989e+02   9.999270e-01   1.335277e-05   0.000000e+00   0.000000e+00   5.062028e-01   5.017106e-02   9.998856e-01   5.017039e-02   5.016972e-02
1     1.710988e+02   9.999270e-01   1.330879e-05   0.000000e+00   0.000000e+00   5.058958e-01   6.784652e-01   9.998855e-01   6.784569e-01   6.784485e-01
1     1.711988e+02   9.999270e-01   1.327564e-05   0.000000e+00   0.000000e+00   5.036991e-01   1.308643e+00   9.998854e-01   1.308630e+00   1.308617e+00
1     1.712987e+02   9.999269e-01   1.326608e-05   0.000000e+00   0.000000e+00   5.004490e-01   1.939864e+00   9.998854e-01   1.939851e+00   1.939839e+00
1     1.713986e+02   9.999269e-01   1.328381e-05   0.000000e+00   0.000000e+00   4.974012e-01   2.570873e+00   9.998853e-01   2.570866e+00   2.570858e+00
1     1.714986e+02   9.999268e-01   1.332199e-05   0.000000e+00   0.000000e+00   4.957300e-01   3.200500e+00   9.998852e-01   3.200501e+00   3.200501e+00
1     1.715985e+02   9.999268e-01   1.336593e-05   0.000000e+00   0.000000e+00   4.960647e-01   3.828122e+00   9.998852e-01   3.828130e+00   3.828139e+00
1     1.716984e+02   9.999267e-01   1.339891e-05   0.000000e+00   0.000000e+00   4.982608e-01   4.453889e+00   9.998851e-01   4.453902e+00   4.453915e+00
1     1.717984e+02   9.999267e-01   1.340844e-05   0.000000e+00   0.000000e+00   5.014786e-01   5.078644e+00   9.998850e-01   5.078656e+00   5.078669e+00
1     1.718983e+02   9.999267e-01   1.339095e-05   0.000000e+00   0.000000e+00   5.045055e-01   5.703600e+00   9.998850e-01   5.703607e+00   5.703614e+00
1     1.720000e+02   9.999266e-01   1.335225e-05   0.000000e+00   0.000000e+00   5.062109e-01   5.771425e-02   9.998849e-01   5.771348e-02   5.771271e-02
1     1.720999e+02   9.999266e-01   1.330830e-05   0.000000e+00   0.000000e+00   5.058790e-01   6.860337e-01   9.998848e-01   6.860253e-01   6.860168e-01
1     1.721998e+02   9.999265e-01   1.327537e-05   0.000000e+00   0.000000e+00   5.036635e-01   1.316230e+00   9.998848e-01   1.316217e+00   1.316204e+00
1     1.722998e+02   9.999265e-01   1.326614e-05   0.000000e+00   0.000000e+00   5.004079e-01   1.947457e+00   9.998847e-01   1.947445e+00   1.947432e+00
1     1.723997e+02   9.999264e-01   1.328418e-05   0.000000e+00   0.000000e+00   4.973704e-01   2.578456e+00   9.998847e-01   2.578449e+00   2.578442e+00
1     1.724996e+02   9.999264e-01   1.332252e-05   0.000000e+00   0.000000e+00   4.957211e-01   3.208062e+00   9.998846e-01   3.208063e+00   3.208063e+00
1     1.725996e+02   9.999263e-01   1.336643e-05   0.000000e+00   0.000000e+00   4.960806e-01   3.835659e+00   9.998845e-01   3.835668e+00   3.835676e+00
1     1.726995e+02   9.999263e-01   1.339919e-05   0.000000e+00   0.000000e+00   4.982951e-01   4.461408e+00   9.998845e-01   4.461421e+00   4.461434e+00
1     1.727994e+02   9.999263e-01   1.340840e-05   0.000000e+00   0.000000e+00   5.015182e-01   5.086159e+00   9.998844e-01   5.086171e+00   5.086184e+00
1     1.728994e+02   9.999262e-01   1.339060e-05   0.000000e+00   0.000000e+00   5.045352e-01   5.711125e+00   9.998843e-01   5.711132e+00   5.711139e+00
1     1.729993e+02   9.999262e-01   1.335250e-05   0.000000e+00   0.000000e+00   5.062063e-01   5.425681e-02   9.998843e-01   5.425608e-02   5.425536e-02
1     1.730992e+02   9.999261e-01   1.330853e-05   0.000000e+00   0.000000e+00   5.058858e-01   6.825653e-01   9.998842e-01   6.825569e-01   6.825485e-01
1     1.731992e+02   9.999261e-01   1.327550e-05   0.000000e+00   0.000000e+00   5.036790e-01   1.312754e+00   9.998841e-01   1.312741e+00   1.312728e+00
1     1.732991e+02   9.999260e-01   1.326612e-05   0.000000e+00   0.000000e+00   5.004259e-01   1.943978e+00   9.998841e-01   1.943966e+00   1.943954e+00
1     1.733990e+02   9.999260e-01   1.328403e-05   0.000000e+00   0.000000e+00   4.973836e-01   2.574983e+00   9.998840e-01   2.574976e+00   2.574968e+00
1     1.734990e+02   9.999260e-01   1.332229e-05   0.000000e+00   0.000000e+00   4.957243e-01   3.204599e+00   9.998839e-01   3.204599e+00   3.204600e+00
1     1.735989e+02   9.999259e-01   1.336622e-05   0.000000e+00   0.000000e+00   4.960725e-01   3.832208e+00   9.998839e-01   3.832216e+00   3.832225e+00
1     1.736988e+02   9.999259e-01   1.339907e-05   0.000000e+00   0.000000e+00   4.982786e-01   4.457966e+00   9.998838e-01   4.457979e+00   4.457992e+00
1     1.737988e+02   9.999258e-01   1.340843e-05   0.000000e+00   0.000000e+00   5.014993e-01   5.082719e+00   9.998837e-01   5.082731e+00   5.082744e+00
1     1.738987e+02   9.999258e-01   1.339077e-05   0.000000e+00   0.000000e+00   5.045209e-01   5.707681e+00   9.998837e-01   5.707688e+00   5.707695e+00
1     1.739986e+02   9.999257e-01   1.335274e-05   0.000000e+00   0.000000e+00   5.062018e-01   5.080339e-02   9.998836e-01   5.080271e-02   5.080203e-02
1     1.740986e+02   9.999257e-01   1.330876e-05   0.000000e+00   0.000000e+00   5.058926e-01   6.791009e-01   9.998836e-01   6.790926e-01   6.790842e-01
1     1.741985e+02   9.999257e-01   1.327563e-05   0.000000e+00   0.000000e+00   5.036945e-01   1.309281e+00   9.998835e-01   1.309268e+00   1.309255e+00
1     1.742984e+02   9.999256e-01   1.326610e-05   0.000000e+00   0.000000e+00   5.004439e-01   1.940504e+00   9.998834e-01   1.940491e+00   1.940479e+00
1     1.743984e+02   9.999256e-01   1.328387e-05   0.000000e+00   0.000000e+00   4.973969e-01   2.571513e+00   9.998834e-01   2.571506e+00   2.571499e+00
1     1.744983e+02   9.999255e-01   1.332206e-05   0.000000e+00   0.000000e+00   4.957277e-01   3.201140e+00   9.998833e-01   3.201140e+00   3.201141e+00
1     1.746000e+02   9.999255e-01   1.336672e-05   0.000000e+00   0.000000e+00   4.960887e-01   3.839753e+00   9.998832e-01   3.839762e+00   3.839770e+00
1     1.746999e+02   9.999254e-01   1.339935e-05   0.000000e+00   0.000000e+00   4.983132e-01   4.465493e+00   9.998832e-01   4.465506e+00   4.465519e+00
1     1.747999e+02   9.999254e-01   1.340838e-05   0.000000e+00   0.000000e+00   5.015388e-01   5.090242e+00   9.998831e-01   5.090254e+00   5.090267e+00
1     1.748998e+02   9.999254e-01   1.339042e-05   0.000000e+00   0.000000e+00   5.045504e-01   5.715214e+00   9.998830e-01   5.715221e+00   5.715229e+00
1     1.749997e+02   9.999253e-01   1.335222e-05   0.000000e+00   0.000000e+00   5.062099e-01   5.835891e-02   9.998830e-01   5.835813e-02   5.835735e-02
1     1.750997e+02   9.999253e-01   1.330827e-05   0.000000e+00   0.000000e+00   5.058757e-01   6.866819e-01   9.998829e-01   6.866734e-01   6.866650e-01
1     1.751996e+02   9.999252e-01   1.327536e-05   0.000000e+00   0.000000e+00   5.036586e-01   1.316881e+00   9.998828e-01   1.316868e+00   1.316855e+00
1     1.752995e+02   9.999252e-01   1.326617e-05   0.000000e+00   0.000000e+00   5.004028e-01   1.948109e+00   9.998828e-01   1.948097e+00   1.948085e+00
1     1.753995e+02   9.999251e-01   1.328424e-05   0.000000e+00   0.000000e+00   4.973662e-01   2.579109e+00   9.998827e-01   2.579102e+00   2.579095e+00
1     1.754994e+02   9.999251e-01   1.332260e-05   0.000000e+00   0.000000e+00   4.957190e-01   3.208713e+00   9.998826e-01   3.208714e+00   3.208715e+00
1     1.755993e+02   9.999250e-01   1.336650e-05   0.000000e+00   0.000000e+00   4.960808e-01   3.836310e+00   9.998826e-01   3.836318e+00   3.836327e+00
1     1.756993e+02   9.999250e-01   1.339924e-05   0.000000e+00   0.000000e+00   4.982970e-01   4.462059e+00   9.998825e-01   4.462071e+00   4.462084e+00
1     1.757992e+02   9.999250e-01   1.340842e-05   0.000000e+00   0.000000e+00   5.015203e-01   5.086810e+00   9.998824e-01   5.086822e+00   5.086835e+00
1     1.758991e+02   9.999249e-01   1.339059e-05   0.000000e+00   0.000000e+00   5.045363e-01   5.711778e+00   9.998824e-01   5.711786e+00   5.711793e+00
1     1.759991e+02   9.999249e-01   1.335247e-05   0.000000e+00   0.000000e+00   5.062055e-01   5.491354e-02   9.998823e-01   5.491281e-02   5.491208e-02
1     1.760990e+02   9.999248e-01   1.330851e-05   0.000000e+00   0.000000e+00   5.058826e-01   6.832256e-01   9.998823e-01   6.832172e-01   6.832088e-01
1     1.761989e+02   9.999248e-01   1.327550e-05   0.000000e+00   0.000000e+00   5.036741e-01   1.313417e+00   9.998822e-01   1.313404e+00   1.313391e+00
1     1.762989e+02   9.999247e-01   1.326615e-05   0.000000e+00   0.000000e+00   5.004207e-01   1.944643e+00   9.998821e-01   1.944631e+00   1.944618e+00
1     1.763988e+02   9.999247e-01   1.328408e-05   0.000000e+00   0.000000e+00   4.973795e-01   2.575648e+00   9.998821e-01   2.575640e+00   2.575633e+00
1     1.764987e+02   9.999247e-01   1.332236e-05   0.000000e+00   0.000000e+00   4.957223e-01   3.205263e+00   9.998820e-01   3.205263e+00   3.205264e+00
1     1.765987e+02   9.999246e-01   1.336629e-05   0.000000e+00   0.000000e+00   4.960729e-01   3.832871e+00   9.998819e-01   3.832879e+00   3.832888e+00
1     1.766986e+02   9.999246e-01   1.339912e-05   0.000000e+00   0.000000e+00   4.982808e-01   4.458628e+00   9.998819e-01   4.458641e+00   4.458654e+00
1     1.767985e+02   9.999245e-01   1.340845e-05   0.000000e+00   0.000000e+00   5.015017e-01   5.083382e+00   9.998818e-01   5.083395e+00   5.083407e+00
1     1.768985e+02   9.999245e-01   1.339076e-05   0.000000e+00   0.000000e+00   5.045222e-01   5.708346e+00   9.998817e-01   5.708354e+00   5.708361e+00
1     1.769984e+02   9.999244e-01   1.335272e-05   0.000000e+00   0.000000e+00   5.062011e-01   5.147225e-02   9.998817e-01   5.147157e-02   5.147088e-02
1     1.770983e+02   9.999244e-01   1.330874e-05   0.000000e+00   0.000000e+00   5.058894e-01   6.797735e-01   9.998816e-01   6.797651e-01   6.797568e-01
1     1.771983e+02   9.999244e-01   1.327563e-05   0.000000e+00   0.000000e+00   5.036894e-01   1.309957e+00   9.998815e-01   1.309944e+00   1.309931e+00
1     1.772999e+02   9.999243e-01   1.326621e-05   0.000000e+00   0.000000e+00   5.003794e-01   1.952257e+00   9.998815e-01   1.952245e+00   1.952232e+00
1     1.773999e+02   9.999243e-01   1.328445e-05   0.000000e+00   0.000000e+00   4.973486e-01   2.583251e+00   9.998814e-01   2.583244e+00   2.583237e+00
1     1.774998e+02   9.999242e-01   1.332290e-05   0.000000e+00   0.000000e+00   4.957134e-01   3.212845e+00   9.998813e-01   3.212846e+00   3.212847e+00
1     1.775997e+02   9.999242e-01   1.336679e-05   0.000000e+00   0.000000e+00   4.960890e-01   3.840428e+00   9.998813e-01   3.840437e+00   3.840446e+00
1     1.776997e+02   9.999241e-01   1.339940e-05   0.000000e+00   0.000000e+00   4.983153e-01   4.466168e+00   9.998812e-01   4.466181e+00   4.466194e+00
1     1.777996e+02   9.999241e-01   1.340840e-05   0.000000e+00   0.000000e+00   5.015413e-01   5.090917e+00   9.998811e-01   5.090930e+00   5.090942e+00
1     1.778995e+02   9.999241e-01   1.339041e-05   0.000000e+00   0.000000e+00   5.045518e-01   5.715892e+00   9.998811e-01   5.715899e+00   5.715906e+00
1     1.779995e+02   9.999240e-01   1.335220e-05   0.000000e+00   0.000000e+00   5.062091e-01   5.904005e-02   9.998810e-01   5.903926e-02   5.903848e-02
1     1.780994e+02   9.999240e-01   1.330825e-05   0.000000e+00   0.000000e+00   5.058724e-01   6.873667e-01   9.998810e-01   6.873582e-01   6.873498e-01
1     1.781993e+02   9.999239e-01   1.327537e-05   0.000000e+00   0.000000e+00   5.036535e-01   1.317569e+00   9.998809e-01   1.317556e+00   1.317543e+00
1     1.782993e+02   9.999239e-01   1.326620e-05   0.000000e+00   0.000000e+00   5.003972e-01   1.948799e+00   9.998808e-01   1.948787e+00   1.948774e+00
1     1.783992e+02   9.999238e-01   1.328430e-05   0.000000e+00   0.000000e+00   4.973618e-01   2.579798e+00   9.998808e-01   2.579791e+00   2.579784e+00
1     1.784991e+02   9.999238e-01   1.332267e-05   0.000000e+00   0.000000e+00   4.957167e-01   3.209402e+00   9.998807e-01   3.209403e+00   3.209404e+00
1     1.785991e+02   9.999238e-01   1.336657e-05   0.000000e+00   0.000000e+00   4.960810e-01   3.836997e+00   9.998806e-01   3.837006e+00   3.837015e+00
1     1.786990e+02   9.999237e-01   1.339928e-05   0.000000e+00   0.000000e+00   4.982990e-01   4.462745e+00   9.998806e-01   4.462758e+00   4.462771e+00
1     1.787989e+02   9.999237e-01   1.340843e-05   0.000000e+00   0.000000e+00   5.015229e-01   5.087498e+00   9.998805e-01   5.087510e+00   5.087523e+00
1     1.788989e+02   9.999236e-01   1.339058e-05   0.000000e+00   0.000000e+00   5.045378e-01   5.712468e+00   9.998804e-01   5.712475e+00   5.712483e+00
1     1.789988e+02   9.999236e-01   1.335244e-05   0.000000e+00   0.000000e+00   5.062049e-01   5.560673e-02   9.998804e-01   5.560598e-02   5.560524e-02
1     1.790987e+02   9.999235e-01   1.330848e-05   0.000000e+00   0.000000e+00   5.058796e-01   6.839225e-01   9.998803e-01   6.839140e-01   6.839056e-01
1     1.791987e+02   9.999235e-01   1.327550e-05   0.000000e+00   0.000000e+00   5.036691e-01   1.314117e+00   9.998802e-01   1.314104e+00   1.314091e+00
1     1.792986e+02   9.999234e-01   1.326618e-05   0.000000e+00   0.000000e+00   5.004151e-01   1.945345e+00   9.998802e-01   1.945332e+00   1.945320e+00
1     1.793985e+02   9.999234e-01   1.328414e-05   0.000000e+00   0.000000e+00   4.973750e-01   2.576349e+00   9.998801e-01   2.576342e+00   2.576335e+00
1     1.794985e+02   9.999234e-01   1.332243e-05   0.000000e+00   0.000000e+00   4.957200e-01   3.205964e+00   9.998800e-01   3.205965e+00   3.205965e+00
1     1.795984e+02   9.999233e-01   1.336635e-05   0.000000e+00   0.000000e+00   4.960729e-01   3.833571e+00   9.998800e-01   3.833579e+00   3.833588e+00
1     1.796983e+02   9.999233e-01   1.339917e-05   0.000000e+00   0.000000e+00   4.982827e-01   4.459327e+00   9.998799e-01   4.459340e+00   4.459353e+00
1     1.797983e+02   9.999232e-01   1.340846e-05   0.000000e+00   0.000000e+00   5.015043e-01   5.084082e+00   9.998798e-01   5.084094e+00   5.084107e+00
1     1.799000e+02   9.999232e-01   1.339022e-05   0.000000e+00   0.000000e+00   5.045676e-01   5.720022e+00   9.998798e-01   5.720029e+00   5.720036e+00
1     1.799999e+02   9.999231e-01   1.335192e-05   0.000000e+00   0.000000e+00   5.062130e-01   6.318254e-02   9.998797e-01   6.318170e-02   6.318085e-02
1     1.800998e+02   9.999231e-01   1.330799e-05   0.000000e+00   0.000000e+00   5.058627e-01   6.915236e-01   9.998797e-01   6.915151e-01   6.915067e-01
1     1.801998e+02   9.999231e-01   1.327523e-05   0.000000e+00   0.000000e+00   5.036334e-01   1.321737e+00   9.998796e-01   1.321724e+00   1.321711e+00
1     1.802997e+02   9.999230e-01   1.326625e-05   0.000000e+00   0.000000e+00   5.003740e-01   1.952971e+00   9.998795e-01   1.952959e+00   1.952946e+00
1     1.803996e+02   9.999230e-01   1.328451e-05   0.000000e+00   0.000000e+00   4.973443e-01   2.583965e+00   9.998795e-01   2.583958e+00   2.583951e+00
1     1.804996e+02   9.999229e-01   1.332298e-05   0.000000e+00   0.000000e+00   4.957113e-01   3.213558e+00   9.998794e-01   3.213559e+00   3.213560e+00
1     1.805995e+02   9.999229e-01   1.336686e-05   0.000000e+00   0.000000e+00   4.960892e-01   3.841140e+00   9.998793e-01   3.841149e+00   3.841158e+00
1     1.806994e+02   9.999228e-01   1.339944e-05   0.000000e+00   0.000000e+00   4.983173e-01   4.466879e+00   9.998793e-01   4.466892e+00   4.466905e+00
1     1.807994e+02   9.999228e-01   1.340841e-05   0.000000e+00   0.000000e+00   5.015440e-01   5.091629e+00   9.998792e-01   5.091642e+00   5.091654e+00
1     1.808993e+02   9.999228e-01   1.339039e-05   0.000000e+00   0.000000e+00   5.045534e-01   5.716606e+00   9.998791e-01   5.716614e+00   5.716621e+00
1     1.809992e+02   9.999227e-01   1.335216e-05   0.000000e+00   0.000000e+00   5.062086e-01   5.975765e-02   9.998791e-01   5.975685e-02   5.975605e-02
1     1.810992e+02   9.999227e-01   1.330822e-05   0.000000e+00   0.000000e+00   5.058696e-01   6.880879e-01   9.998790e-01   6.880794e-01   6.880710e-01
1     1.811991e+02   9.999226e-01   1.327536e-05   0.000000e+00   0.000000e+00   5.036489e-01   1.318293e+00   9.998789e-01   1.318280e+00   1.318268e+00
1     1.812990e+02   9.999226e-01   1.326623e-05   0.000000e+00   0.000000e+00   5.003919e-01   1.949525e+00   9.998789e-01   1.949513e+00   1.949500e+00
1     1.813990e+02   9.999225e-01   1.328436e-05   0.000000e+00   0.000000e+00   4.973574e-01   2.580525e+00   9.998788e-01   2.580518e+00   2.580511e+00
1     1.814989e+02   9.999225e-01   1.332274e-05   0.000000e+00   0.000000e+00   4.957146e-01   3.210128e+00   9.998787e-01   3.210129e+00   3.210129e+00
1     1.815988e+02   9.999225e-01   1.336664e-05   0.000000e+00   0.000000e+00   4.960812e-01   3.837722e+00   9.998787e-01   3.837730e+00   3.837739e+00
1     1.816988e+02   9.999224e-01   1.339933e-05   0.000000e+00   0.000000e+00   4.983009e-01   4.463469e+00   9.998786e-01   4.463482e+00   4.463495e+00
1     1.817987e+02   9.999224e-01   1.340845e-05   0.000000e+00   0.000000e+00   5.015253e-01   5.088222e+00   9.998786e-01   5.088235e+00   5.088247e+00
1     1.818986e+02   9.999223e-01   1.339056e-05   0.000000e+00   0.000000e+00   5.045393e-01   5.713195e+00   9.998785e-01   5.713202e+00   5.713209e+00
1     1.819986e+02   9.999223e-01   1.335241e-05   0.000000e+00   0.000000e+00   5.062042e-01   5.633682e-02   9.998784e-01   5.633607e-02   5.633532e-02
1     1.820985e+02   9.999222e-01   1.330845e-05   0.000000e+00   0.000000e+00   5.058764e-01   6.846562e-01   9.998784e-01   6.846478e-01   6.846394e-01
1     1.821984e+02   9.999222e-01   1.327549e-05   0.000000e+00   0.000000e+00   5.036643e-01   1.314853e+00   9.998783e-01   1.314841e+00   1.314828e+00
1     1.822984e+02   9.999221e-01   1.326621e-05   0.000000e+00   0.000000e+00   5.004099e-01   1.946083e+00   9.998782e-01   1.946071e+00   1.946058e+00
1     1.823983e+02   9.999221e-01   1.328420e-05   0.000000e+00   0.000000e+00   4.973707e-01   2.577088e+00   9.998782e-01   2.577081e+00   2.577074e+00
1     1.825000e+02   9.999221e-01   1.332329e-05   0.000000e+00   0.000000e+00   4.957061e-01   3.217730e+00   9.998781e-01   3.217731e+00   3.217732e+00
1     1.825999e+02   9.999220e-01   1.336715e-05   0.000000e+00   0.000000e+00   4.960978e-01   3.845299e+00   9.998780e-01   3.845308e+00   3.845317e+00
1     1.826999e+02   9.999220e-01   1.339961e-05   0.000000e+00   0.000000e+00   4.983358e-01   4.471029e+00   9.998780e-01   4.471042e+00   4.471055e+00
1     1.827998e+02   9.999219e-01   1.340839e-05   0.000000e+00   0.000000e+00   5.015650e-01   5.095778e+00   9.998779e-01   5.095790e+00   5.095803e+00
1     1.828997e+02   9.999219e-01   1.339020e-05   0.000000e+00   0.000000e+00   5.045688e-01   5.720761e+00   9.998778e-01   5.720768e+00   5.720775e+00
1     1.829997e+02   9.999218e-01   1.335188e-05   0.000000e+00   0.000000e+00   5.062120e-01   6.392523e-02   9.998778e-01   6.392438e-02   6.392352e-02
1     1.830996e+02   9.999218e-01   1.330796e-05   0.000000e+00   0.000000e+00   5.058591e-01   6.922701e-01   9.998777e-01   6.922616e-01   6.922531e-01
1     1.831995e+02   9.999218e-01   1.327522e-05   0.000000e+00   0.000000e+00   5.036280e-01   1.322487e+00   9.998776e-01   1.322474e+00   1.322461e+00
1     1.832995e+02   9.999217e-01   1.326627e-05   0.000000e+00   0.000000e+00   5.003684e-01   1.953722e+00   9.998776e-01   1.953709e+00   1.953697e+00
1     1.833994e+02   9.999217e-01   1.328457e-05   0.000000e+00   0.000000e+00   4.973397e-01   2.584717e+00   9.998775e-01   2.584709e+00   2.584702e+00
1     1.834993e+02   9.999216e-01   1.332305e-05   0.000000e+00   0.000000e+00   4.957090e-01   3.214308e+00   9.998774e-01   3.214309e+00   3.214310e+00
1     1.835993e+02   9.999216e-01   1.336693e-05   0.000000e+00   0.000000e+00   4.960896e-01   3.841889e+00   9.998774e-01   3.841898e+00   3.841906e+00
1     1.836992e+02   9.999215e-01   1.339950e-05   0.000000e+00   0.000000e+00   4.983194e-01   4.467627e+00   9.998773e-01   4.467640e+00   4.467653e+00
1     1.837991e+02   9.999215e-01   1.340843e-05   0.000000e+00   0.000000e+00   5.015464e-01   5.092378e+00   9.998773e-01   5.092391e+00   5.092403e+00
1     1.838991e+02   9.999215e-01   1.339038e-05   0.000000e+00   0.000000e+00   5.045548e-01   5.717358e+00   9.998772e-01   5.717365e+00   5.717372e+00
1     1.839990e+02   9.999214e-01   1.335213e-05   0.000000e+00   0.000000e+00   5.062077e-01   6.051249e-02   9.998771e-01   6.051168e-02   6.051087e-02
1     1.840989e+02   9.999214e-01   1.330819e-05   0.000000e+00   0.000000e+00   5.058659e-01   6.888466e-01   9.998771e-01   6.888382e-01   6.888297e-01
1     1.841989e+02   9.999213e-01   1.327535e-05   0.000000e+00   0.000000e+00   5.036434e-01   1.319055e+00   9.998770e-01   1.319042e+00   1.319029e+00
1     1.842988e+02   9.999213e-01   1.326626e-05   0.000000e+00   0.000000e+00   5.003862e-01   1.950288e+00   9.998769e-01   1.950276e+00   1.950264e+00
1     1.843987e+02   9.999212e-01   1.328442e-05   0.000000e+00   0.000000e+00   4.973529e-01   2.581288e+00   9.998769e-01   2.581281e+00   2.581274e+00
1     1.844987e+02   9.999212e-01   1.332282e-05   0.000000e+00   0.000000e+00   4.957124e-01   3.210890e+00   9.998768e-01   3.210891e+00   3.210892e+00
1     1.845986e+02   9.999212e-01   1.336672e-05   0.000000e+00   0.000000e+00   4.960818e-01   3.838482e+00   9.998767e-01   3.838491e+00   3.838499e+00
1     1.846985e+02   9.999211e-01   1.339938e-05   0.000000e+00   0.000000e+00   4.983034e-01   4.464229e+00   9.998767e-01   4.464242e+00   4.464255e+00
1     1.847985e+02   9.999211e-01   1.340846e-05   0.000000e+00   0.000000e+00   5.015280e-01   5.088983e+00   9.998766e-01   5.088995e+00   5.089008e+00
1     1.848984e+02   9.999210e-01   1.339055e-05   0.000000e+00   0.000000e+00   5.045408e-01   5.713958e+00   9.998765e-01   5.713965e+00   5.713973e+00
1     1.849983e+02   9.999210e-01   1.335238e-05   0.000000e+00   0.000000e+00   5.062033e-01   5.710382e-02   9.998765e-01   5.710306e-02   5.710229e-02
1     1.850983e+02   9.999209e-01   1.330843e-05   0.000000e+00   0.000000e+00   5.058728e-01   6.854272e-01   9.998764e-01   6.854188e-01   6.854104e-01
1     1.851999e+02   9.999209e-01   1.327509e-05   0.000000e+00   0.000000e+00   5.036071e-01   1.326696e+00   9.998763e-01   1.326683e+00   1.326671e+00
1     1.852999e+02   9.999208e-01   1.326633e-05   0.000000e+00   0.000000e+00   5.003447e-01   1.957935e+00   9.998763e-01   1.957923e+00   1.957910e+00
1     1.853998e+02   9.999208e-01   1.328479e-05   0.000000e+00   0.000000e+00   4.973221e-01   2.588924e+00   9.998762e-01   2.588917e+00   2.588911e+00
1     1.854997e+02   9.999208e-01   1.332336e-05   0.000000e+00   0.000000e+00   4.957038e-01   3.218504e+00   9.998761e-01   3.218505e+00   3.218506e+00
1     1.855997e+02   9.999207e-01   1.336722e-05   0.000000e+00   0.000000e+00   4.960982e-01   3.846072e+00   9.998761e-01   3.846081e+00   3.846090e+00
1     1.856996e+02   9.999207e-01   1.339966e-05   0.000000e+00   0.000000e+00   4.983384e-01   4.471801e+00   9.998760e-01   4.471814e+00   4.471827e+00
1     1.857995e+02   9.999206e-01   1.340841e-05   0.000000e+00   0.000000e+00   5.015681e-01   5.096550e+00   9.998760e-01   5.096563e+00   5.096575e+00
1     1.858995e+02   9.999206e-01   1.339019e-05   0.000000e+00   0.000000e+00   5.045707e-01   5.721536e+00   9.998759e-01   5.721544e+00   5.721551e+00
1     1.859994e+02   9.999205e-01   1.335185e-05   0.000000e+00   0.000000e+00   5.062115e-01   6.470410e-02   9.998758e-01   6.470324e-02   6.470237e-02
1     1.860993e+02   9.999205e-01   1.330794e-05   0.000000e+00   0.000000e+00   5.058558e-01   6.930530e-01   9.998758e-01   6.930445e-01   6.930360e-01
1     1.861993e+02   9.999205e-01   1.327522e-05   0.000000e+00   0.000000e+00   5.036225e-01   1.323273e+00   9.998757e-01   1.323260e+00   1.323247e+00
1     1.862992e+02   9.999204e-01   1.326631e-05   0.000000e+00   0.000000e+00   5.003623e-01   1.954510e+00   9.998756e-01   1.954498e+00   1.954485e+00
1     1.863991e+02   9.999204e-01   1.328464e-05   0.000000e+00   0.000000e+00   4.973349e-01   2.585505e+00   9.998756e-01   2.585498e+00   2.585491e+00
1     1.864991e+02   9.999203e-01   1.332313e-05   0.000000e+00   0.000000e+00   4.957067e-01   3.215095e+00   9.998755e-01   3.215096e+00   3.215097e+00
1     1.865990e+02   9.999203e-01   1.336701e-05   0.000000e+00   0.000000e+00   4.960899e-01   3.842674e+00   9.998754e-01   3.842683e+00   3.842692e+00
1     1.866989e+02   9.999202e-01   1.339955e-05   0.000000e+00   0.000000e+00   4.983220e-01   4.468412e+00   9.998754e-01   4.468425e+00   4.468438e+00
1     1.867989e+02   9.999202e-01   1.340845e-05   0.000000e+00   0.000000e+00   5.015496e-01   5.093163e+00   9.998753e-01   5.093176e+00   5.093188e+00
1     1.868988e+02   9.999202e-01   1.339036e-05   0.000000e+00   0.000000e+00   5.045567e-01   5.718145e+00   9.998752e-01   5.718152e+00   5.718159e+00
1     1.869987e+02   9.999201e-01   1.335210e-05   0.000000e+00   0.000000e+00   5.062072e-01   6.130353e-02   9.998752e-01   6.130271e-02   6.130190e-02
1     1.870987e+02   9.999201e-01   1.330817e-05   0.000000e+00   0.000000e+00   5.058629e-01   6.896416e-01   9.998751e-01   6.896331e-01   6.896246e-01
1     1.871986e+02   9.999200e-01   1.327535e-05   0.000000e+00   0.000000e+00   5.036381e-01   1.319853e+00   9.998750e-01   1.319841e+00   1.319828e+00
1     1.872985e+02   9.999200e-01   1.326629e-05   0.000000e+00   0.000000e+00   5.003802e-01   1.951089e+00   9.998750e-01   1.951076e+00   1.951064e+00
1     1.873985e+02   9.999199e-01   1.328449e-05   0.000000e+00   0.000000e+00   4.973481e-01   2.582088e+00   9.998749e-01   2.582081e+00   2.582074e+00
1     1.874984e+02   9.999199e-01   1.332291e-05   0.000000e+00   0.000000e+00   4.957100e-01   3.211689e+00   9.998748e-01   3.211690e+00   3.211691e+00
1     1.875983e+02   9.999199e-01   1.336680e-05   0.000000e+00   0.000000e+00   4.960820e-01   3.839280e+00   9.998748e-01   3.839289e+00   3.839297e+00
1     1.876983e+02   9.999198e-01   1.339943e-05   0.000000e+00   0.000000e+00   4.983058e-01   4.465026e+00   9.998747e-01   4.465039e+00   4.465052e+00
1     1.878000e+02   9.999198e-01   1.340839e-05   0.000000e+00   0.000000e+00   5.015896e-01   5.100739e+00   9.998747e-01   5.100752e+00   5.100764e+00
1     1.878999e+02   9.999197e-01   1.339000e-05   0.000000e+00   0.000000e+00   5.045864e-01   5.725732e+00   9.998746e-01   5.725739e+00   5.725746e+00
1     1.879998e+02   9.999197e-01   1.335157e-05   0.000000e+00   0.000000e+00   5.062152e-01   6.891226e-02   9.998745e-01   6.891135e-02   6.891043e-02
1     1.880998e+02   9.999196e-01   1.330768e-05   0.000000e+00   0.000000e+00   5.058457e-01   6.972758e-01   9.998745e-01   6.972672e-01   6.972587e-01
1     1.881997e+02   9.999196e-01   1.327509e-05   0.000000e+00   0.000000e+00   5.036021e-01   1.327507e+00   9.998744e-01   1.327494e+00   1.327481e+00
1     1.882996e+02   9.999196e-01   1.326636e-05   0.000000e+00   0.000000e+00   5.003389e-01   1.958747e+00   9.998743e-01   1.958735e+00   1.958723e+00
1     1.883996e+02   9.999195e-01   1.328486e-05   0.000000e+00   0.000000e+00   4.973174e-01   2.589737e+00   9.998743e-01   2.589730e+00   2.589723e+00
1     1.884995e+02   9.999195e-01   1.332345e-05   0.000000e+00   0.000000e+00   4.957015e-01   3.219316e+00   9.998742e-01   3.219317e+00   3.219318e+00
1     1.885994e+02   9.999194e-01   1.336730e-05   0.000000e+00   0.000000e+00   4.960986e-01   3.846882e+00   9.998741e-01   3.846891e+00   3.846900e+00
1     1.886994e+02   9.999194e-01   1.339971e-05   0.000000e+00   0.000000e+00   4.983406e-01   4.472610e+00   9.998741e-01   4.472623e+00   4.472636e+00
1     1.887993e+02   9.999193e-01   1.340843e-05   0.000000e+00   0.000000e+00   5.015710e-01   5.097360e+00   9.998740e-01   5.097373e+00   5.097385e+00
1     1.888992e+02   9.999193e-01   1.339017e-05   0.000000e+00   0.000000e+00   5.045725e-01   5.722348e+00   9.998739e-01   5.722356e+00   5.722363e+00
1     1.889992e+02   9.999192e-01   1.335182e-05   0.000000e+00   0.000000e+00   5.062110e-01   6.551984e-02   9.998739e-01   6.551897e-02   6.551809e-02
1     1.890991e+02   9.999192e-01   1.330790e-05   0.000000e+00   0.000000e+00   5.058526e-01   6.938726e-01   9.998738e-01   6.938641e-01   6.938556e-01
1     1.891990e+02   9.999192e-01   1.327522e-05   0.000000e+00   0.000000e+00   5.036175e-01   1.324096e+00   9.998737e-01   1.324083e+00   1.324070e+00
1     1.892990e+02   9.999191e-01   1.326634e-05   0.000000e+00   0.000000e+00   5.003568e-01   1.955334e+00   9.998737e-01   1.955322e+00   1.955310e+00
1     1.893989e+02   9.999191e-01   1.328471e-05   0.000000e+00   0.000000e+00   4.973305e-01   2.586329e+00   9.998736e-01   2.586322e+00   2.586315e+00
1     1.894988e+02   9.999190e-01   1.332322e-05   0.000000e+00   0.000000e+00   4.957047e-01   3.215918e+00   9.998736e-01   3.215919e+00   3.215920e+00
1     1.895988e+02   9.999190e-01   1.336709e-05   0.000000e+00   0.000000e+00   4.960907e-01   3.843496e+00   9.998735e-01   3.843505e+00   3.843513e+00
1     1.896987e+02   9.999189e-01   1.339960e-05   0.000000e+00   0.000000e+00   4.983244e-01   4.469233e+00   9.998734e-01   4.469246e+00   4.469259e+00
1     1.897986e+02   9.999189e-01   1.340846e-05   0.000000e+00   0.000000e+00   5.015524e-01   5.093986e+00   9.998734e-01   5.093998e+00   5.094010e+00
1     1.898986e+02   9.999189e-01   1.339034e-05   0.000000e+00   0.000000e+00   5.045584e-01   5.718970e+00   9.998733e-01   5.718977e+00   5.718984e+00
1     1.899985e+02   9.999188e-01   1.335206e-05   0.000000e+00   0.000000e+00   5.062065e-01   6.213173e-02   9.998732e-01   6.213090e-02   6.213008e-02
1     1.900984e+02   9.999188e-01   1.330813e-05   0.000000e+00   0.000000e+00   5.058593e-01   6.904738e-01   9.998732e-01   6.904653e-01   6.904568e-01
1     1.901984e+02   9.999187e-01   1.327534e-05   0.000000e+00   0.000000e+00   5.036326e-01   1.320689e+00   9.998731e-01   1.320676e+00   1.320663e+00
1     1.902983e+02   9.999187e-01   1.326632e-05   0.000000e+00   0.000000e+00   5.003743e-01   1.951925e+00   9.998730e-01   1.951913e+00   1.951901e+00
1     1.904000e+02   9.999186e-01   1.328508e-05   0.000000e+00   0.000000e+00   4.972999e-01   2.593986e+00   9.998730e-01   2.593979e+00   2.593972e+00
1     1.904999e+02   9.999186e-01   1.332376e-05   0.000000e+00   0.000000e+00   4.956964e-01   3.223553e+00   9.998729e-01   3.223554e+00   3.223555e+00
1     1.905998e+02   9.999186e-01   1.336759e-05   0.000000e+00   0.000000e+00   4.961075e-01   3.851106e+00   9.998728e-01   3.851115e+00   3.851124e+00
1     1.906998e+02   9.999185e-01   1.339987e-05   0.000000e+00   0.000000e+00   4.983597e-01   4.476825e+00   9.998728e-01   4.476838e+00   4.476851e+00
1     1.907997e+02   9.999185e-01   1.340841e-05   0.000000e+00   0.000000e+00   5.015925e-01   5.101573e+00   9.998727e-01   5.101586e+00   5.101598e+00
1     1.908996e+02   9.999184e-01   1.338998e-05   0.000000e+00   0.000000e+00   5.045882e-01   5.726568e+00   9.998726e-01   5.726575e+00   5.726583e+00
1     1.909996e+02   9.999184e-01   1.335153e-05   0.000000e+00   0.000000e+00   5.062144e-01   6.975279e-02   9.998726e-01   6.975186e-02   6.975093e-02
1     1.910995e+02   9.999183e-01   1.330764e-05   0.000000e+00   0.000000e+00   5.058419e-01   6.981205e-01   9.998725e-01   6.981120e-01   6.981034e-01
1     1.911994e+02   9.999183e-01   1.327508e-05   0.000000e+00   0.000000e+00   5.035962e-01   1.328355e+00   9.998724e-01   1.328342e+00   1.328329e+00
1     1.912994e+02   9.999183e-01   1.326639e-05   0.000000e+00   0.000000e+00   5.003328e-01   1.959597e+00   9.998724e-01   1.959585e+00   1.959572e+00
1     1.913993e+02   9.999182e-01   1.328492e-05   0.000000e+00   0.000000e+00   4.973127e-01   2.590586e+00   9.998723e-01   2.590579e+00   2.590572e+00
1     1.914992e+02   9.999182e-01   1.332353e-05   0.000000e+00   0.000000e+00   4.956994e-01   3.220164e+00   9.998723e-01   3.220165e+00   3.220166e+00
1     1.915992e+02   9.999181e-01   1.336738e-05   0.000000e+00   0.000000e+00   4.960995e-01   3.847728e+00   9.998722e-01   3.847737e+00   3.847746e+00
1     1.916991e+02   9.999181e-01   1.339976e-05   0.000000e+00   0.000000e+00   4.983436e-01   4.473456e+00   9.998721e-01   4.473469e+00   4.473482e+00
1     1.917990e+02   9.999180e-01   1.340844e-05   0.000000e+00   0.000000e+00   5.015742e-01   5.098206e+00   9.998721e-01   5.098219e+00   5.098231e+00
1     1.918990e+02   9.999180e-01   1.339015e-05   0.000000e+00   0.000000e+00   5.045744e-01   5.723197e+00   9.998720e-01   5.723204e+00   5.723212e+00
1     1.919989e+02   9.999179e-01   1.335178e-05   0.000000e+00   0.000000e+00   5.062102e-01   6.637250e-02   9.998719e-01   6.637161e-02   6.637073e-02
1     1.920988e+02   9.999179e-01   1.330787e-05   0.000000e+00   0.000000e+00   5.058488e-01   6.947296e-01   9.998719e-01   6.947211e-01   6.947125e-01
1     1.921988e+02   9.999179e-01   1.327521e-05   0.000000e+00   0.000000e+00   5.036114e-01   1.324956e+00   9.998718e-01   1.324943e+00   1.324930e+00
1     1.922987e+02   9.999178e-01   1.326637e-05   0.000000e+00   0.000000e+00   5.003502e-01   1.956196e+00   9.998717e-01   1.956184e+00   1.956172e+00
1     1.923986e+02   9.999178e-01   1.328477e-05   0.000000e+00   0.000000e+00   4.973254e-01   2.587191e+00   9.998717e-01   2.587184e+00   2.587177e+00
1     1.924986e+02   9.999177e-01   1.332330e-05   0.000000e+00   0.000000e+00   4.957022e-01   3.216778e+00   9.998716e-01   3.216779e+00   3.216780e+00
1     1.925985e+02   9.999177e-01   1.336716e-05   0.000000e+00   0.000000e+00   4.960913e-01   3.844355e+00   9.998715e-01   3.844363e+00   3.844372e+00
1     1.926984e+02   9.999176e-01   1.339965e-05   0.000000e+00   0.000000e+00   4.983274e-01   4.470090e+00   9.998715e-01   4.470103e+00   4.470116e+00
1     1.927984e+02   9.999176e-01   1.340847e-05   0.000000e+00   0.000000e+00   5.015559e-01   5.094844e+00   9.998714e-01   5.094856e+00   5.094869e+00
1     1.928983e+02   9.999176e-01   1.339032e-05   0.000000e+00   0.000000e+00   5.045606e-01   5.719830e+00   9.998713e-01   5.719837e+00   5.719845e+00
1     1.929982e+02   9.999175e-01   1.335202e-05   0.000000e+00   0.000000e+00   5.062061e-01   6.299625e-02   9.998713e-01   6.299541e-02   6.299457e-02
1     1.930999e+02   9.999175e-01   1.330738e-05   0.000000e+00   0.000000e+00   5.058314e-01   7.023844e-01   9.998712e-01   7.023759e-01   7.023673e-01
1     1.931999e+02   9.999174e-01   1.327495e-05   0.000000e+00   0.000000e+00   5.035750e-01   1.332630e+00   9.998711e-01   1.332617e+00   1.332604e+00
1     1.932998e+02   9.999174e-01   1.326644e-05   0.000000e+00   0.000000e+00   5.003087e-01   1.963876e+00   9.998711e-01   1.963864e+00   1.963851e+00
1     1.933997e+02   9.999173e-01   1.328515e-05   0.000000e+00   0.000000e+00   4.972946e-01   2.594860e+00   9.998710e-01   2.594853e+00   2.594846e+00
1     1.934997e+02   9.999173e-01   1.332385e-05   0.000000e+00   0.000000e+00   4.956938e-01   3.224426e+00   9.998710e-01   3.224427e+00   3.224428e+00
1     1.935996e+02   9.999173e-01   1.336767e-05   0.000000e+00   0.000000e+00   4.961078e-01   3.851977e+00   9.998709e-01   3.851986e+00   3.851995e+00
1     1.936995e+02   9.999172e-01   1.339992e-05   0.000000e+00   0.000000e+00   4.983624e-01   4.477695e+00   9.998708e-01   4.477708e+00   4.477721e+00
1     1.937995e+02   9.999172e-01   1.340842e-05   0.000000e+00   0.000000e+00   5.015960e-01   5.102444e+00   9.998708e-01   5.102456e+00   5.102469e+00
1     1.938994e+02   9.999171e-01   1.338995e-05   0.000000e+00   0.000000e+00   5.045903e-01   5.727441e+00   9.998707e-01   5.727448e+00   5.727456e+00
1     1.939993e+02   9.999171e-01   1.335149e-05   0.000000e+00   0.000000e+00   5.062139e-01   7.062967e-02   9.998706e-01   7.062872e-02   7.062778e-02
1     1.940993e+02   9.999170e-01   1.330761e-05   0.000000e+00   0.000000e+00   5.058385e-01   6.990015e-01   9.998706e-01   6.989929e-01   6.989844e-01
1     1.941992e+02   9.999170e-01   1.327507e-05   0.000000e+00   0.000000e+00   5.035905e-01   1.329239e+00   9.998705e-01   1.329226e+00   1.329214e+00
1     1.942991e+02   9.999170e-01   1.326642e-05   0.000000e+00   0.000000e+00   5.003263e-01   1.960483e+00   9.998704e-01   1.960471e+00   1.960459e+00
1     1.943991e+02   9.999169e-01   1.328499e-05   0.000000e+00   0.000000e+00   4.973075e-01   2.591473e+00   9.998704e-01   2.591466e+00   2.591459e+00
1     1.944990e+02   9.999169e-01   1.332362e-05   0.000000e+00   0.000000e+00   4.956969e-01   3.221049e+00   9.998703e-01   3.221050e+00   3.221051e+00
1     1.945989e+02   9.999168e-01   1.336746e-05   0.000000e+00   0.000000e+00   4.960998e-01   3.848612e+00   9.998702e-01   3.848620e+00   3.848629e+00
1     1.946989e+02   9.999168e-01   1.339981e-05   0.000000e+00   0.000000e+00   4.983461e-01   4.474338e+00   9.998702e-01   4.474351e+00   4.474364e+00
1     1.947988e+02   9.999167e-01   1.340845e-05   0.000000e+00   0.000000e+00   5.015775e-01   5.099089e+00   9.998701e-01   5.099102e+00   5.099114e+00
1     1.948987e+02   9.999167e-01   1.339012e-05   0.000000e+00   0.000000e+00   5.045765e-01   5.724083e+00   9.998700e-01   5.724090e+00   5.724097e+00
1     1.949987e+02   9.999167e-01   1.335173e-05   0.000000e+00   0.000000e+00   5.062097e-01   6.726173e-02   9.998700e-01   6.726083e-02   6.725994e-02
1     1.950986e+02   9.999166e-01   1.330783e-05   0.000000e+00   0.000000e+00   5.058454e-01   6.956229e-01   9.998699e-01   6.956143e-01   6.956058e-01
1     1.951985e+02   9.999166e-01   1.327520e-05   0.000000e+00   0.000000e+00   5.036058e-01   1.325853e+00   9.998699e-01   1.325840e+00   1.325827e+00
1     1.952985e+02   9.999165e-01   1.326640e-05   0.000000e+00   0.000000e+00   5.003440e-01   1.957095e+00   9.998698e-01   1.957083e+00   1.957070e+00
1     1.953984e+02   9.999165e-01   1.328484e-05   0.000000e+00   0.000000e+00   4.973203e-01   2.588090e+00   9.998697e-01   2.588083e+00   2.588076e+00
1     1.954983e+02   9.999164e-01   1.332339e-05   0.000000e+00   0.000000e+00   4.956999e-01   3.217676e+00   9.998697e-01   3.217677e+00   3.217678e+00
1     1.955983e+02   9.999164e-01   1.336725e-05   0.000000e+00   0.000000e+00   4.960918e-01   3.845250e+00   9.998696e-01   3.845259e+00   3.845267e+00
1     1.957000e+02   9.999163e-01   1.340008e-05   0.000000e+00   0.000000e+00   4.983813e-01   4.481951e+00   9.998695e-01   4.481964e+00   4.481977e+00
1     1.957999e+02   9.999163e-01   1.340839e-05   0.000000e+00   0.000000e+00   5.016173e-01   5.106698e+00   9.998695e-01   5.106710e+00   5.106723e+00
1     1.958998e+02   9.999163e-01   1.338976e-05   0.000000e+00   0.000000e+00   5.046058e-01   5.731702e+00   9.998694e-01   5.731709e+00   5.731716e+00
1     1.959998e+02   9.999162e-01   1.335120e-05   0.000000e+00   0.000000e+00   5.062171e-01   7.490369e-02   9.998693e-01   7.490269e-02   7.490169e-02
1     1.960997e+02   9.999162e-01   1.330734e-05   0.000000e+00   0.000000e+00   5.058276e-01   7.032904e-01   9.998693e-01   7.032818e-01   7.032732e-01
1     1.961996e+02   9.999161e-01   1.327493e-05   0.000000e+00   0.000000e+00   5.035692e-01   1.333539e+00   9.998692e-01   1.333526e+00   1.333514e+00
1     1.962996e+02   9.999161e-01   1.326647e-05   0.000000e+00   0.000000e+00   5.003025e-01   1.964787e+00   9.998691e-01   1.964774e+00   1.964762e+00
1     1.963995e+02   9.999160e-01   1.328522e-05   0.000000e+00   0.000000e+00   4.972897e-01   2.595771e+00   9.998691e-01   2.595764e+00   2.595757e+00
1     1.964994e+02   9.999160e-01   1.332394e-05   0.000000e+00   0.000000e+00   4.956917e-01   3.225335e+00   9.998690e-01   3.225336e+00   3.225337e+00
1     1.965994e+02   9.999160e-01   1.336775e-05   0.000000e+00   0.000000e+00   4.961087e-01   3.852885e+00   9.998689e-01   3.852893e+00   3.852902e+00
1     1.966993e+02   9.999159e-01   1.339998e-05   0.000000e+00   0.000000e+00   4.983652e-01   4.478602e+00   9.998689e-01   4.478615e+00   4.478628e+00
1     1.967992e+02   9.999159e-01   1.340843e-05   0.000000e+00   0.000000e+00   5.015990e-01   5.103352e+00   9.998688e-01   5.103364e+00   5.103376e+00
1     1.968992e+02   9.999158e-01   1.338993e-05   0.000000e+00   0.000000e+00   5.045920e-01   5.728352e+00   9.998687e-01   5.728359e+00   5.728366e+00
1     1.969991e+02   9.999158e-01   1.335144e-05   0.000000e+00   0.000000e+00   5.062129e-01   7.154391e-02   9.998687e-01   7.154295e-02   7.154200e-02
1     1.970990e+02   9.999157e-01   1.330756e-05   0.000000e+00   0.000000e+00   5.058343e-01   6.999201e-01   9.998686e-01   6.999115e-01   6.999030e-01
1     1.971990e+02   9.999157e-01   1.327506e-05   0.000000e+00   0.000000e+00   5.035842e-01   1.330161e+00   9.998686e-01   1.330148e+00   1.330135e+00
1     1.972989e+02   9.999157e-01   1.326645e-05   0.000000e+00   0.000000e+00   5.003197e-01   1.961407e+00   9.998685e-01   1.961395e+00   1.961382e+00
1     1.973988e+02   9.999156e-01   1.328506e-05   0.000000e+00   0.000000e+00   4.973023e-01   2.592396e+00   9.998684e-01   2.592389e+00   2.592382e+00
1     1.974988e+02   9.999156e-01   1.332371e-05   0.000000e+00   0.000000e+00   4.956945e-01   3.221970e+00   9.998684e-01   3.221971e+00   3.221972e+00
1     1.975987e+02   9.999155e-01   1.336754e-05   0.000000e+00   0.000000e+00   4.961007e-01   3.849531e+00   9.998683e-01   3.849540e+00   3.849549e+00
1     1.976986e+02   9.999155e-01   1.339987e-05   0.000000e+00   0.000000e+00   4.983492e-01   4.475257e+00   9.998682e-01   4.475270e+00   4.475283e+00
1     1.977986e+02   9.999154e-01   1.340847e-05   0.000000e+00   0.000000e+00   5.015809e-01   5.100009e+00   9.998682e-01   5.100021e+00   5.100034e+00
1     1.978985e+02   9.999154e-01   1.339010e-05   0.000000e+00   0.000000e+00   5.045784e-01   5.725005e+00   9.998681e-01   5.725012e+00   5.725019e+00
1     1.979984e+02   9.999154e-01   1.335169e-05   0.000000e+00   0.000000e+00   5.062088e-01   6.818806e-02   9.998680e-01   6.818715e-02   6.818624e-02
1     1.980984e+02   9.999153e-01   1.330779e-05   0.000000e+00   0.000000e+00   5.058412e-01   6.965538e-01   9.998680e-01   6.965452e-01   6.965367e-01
1     1.981983e+02   9.999153e-01   1.327519e-05   0.000000e+00   0.000000e+00   5.035993e-01   1.326787e+00   9.998679e-01   1.326774e+00   1.326761e+00
1     1.983000e+02   9.999152e-01   1.326652e-05   0.000000e+00   0.000000e+00   5.002781e-01   1.969107e+00   9.998678e-01   1.969095e+00   1.969083e+00
1     1.983999e+02   9.999152e-01   1.328544e-05   0.000000e+00   0.000000e+00   4.972717e-01   2.600085e+00   9.998678e-01   2.600079e+00   2.600072e+00
1     1.984998e+02   9.999151e-01   1.332425e-05   0.000000e+00   0.000000e+00   4.956863e-01   3.229638e+00   9.998677e-01   3.229639e+00   3.229640e+00
1     1.985998e+02   9.999151e-01   1.336804e-05   0.000000e+00   0.000000e+00   4.961177e-01   3.857174e+00   9.998676e-01   3.857183e+00   3.857192e+00
1     1.986997e+02   9.999150e-01   1.340014e-05   0.000000e+00   0.000000e+00   4.983846e-01   4.482882e+00   9.998676e-01   4.482895e+00   4.482908e+00
1     1.987996e+02   9.999150e-01   1.340841e-05   0.000000e+00   0.000000e+00   5.016212e-01   5.107630e+00   9.998675e-01   5.107642e+00   5.107654e+00
1     1.988996e+02   9.999150e-01   1.338974e-05   0.000000e+00   0.000000e+00   5.046082e-01   5.732636e+00   9.998674e-01   5.732643e+00   5.732650e+00
1     1.989995e+02   9.999149e-01   1.335116e-05   0.000000e+00   0.000000e+00   5.062166e-01   7.584190e-02   9.998674e-01   7.584089e-02   7.583988e-02
1     1.990994e+02   9.999149e-01   1.330730e-05   0.000000e+00   0.000000e+00   5.058238e-01   7.042332e-01   9.998673e-01   7.042246e-01   7.042160e-01
1     1.991994e+02   9.999148e-01   1.327493e-05   0.000000e+00   0.000000e+00   5.035628e-01   1.334486e+00   9.998673e-01   1.334473e+00   1.334460e+00
1     1.992993e+02   9.999148e-01   1.326650e-05   0.000000e+00   0.000000e+00   5.002955e-01   1.965735e+00   9.998672e-01   1.965723e+00   1.965711e+00
1     1.993992e+02   9.999147e-01   1.328529e-05   0.000000e+00   0.000000e+00   4.972843e-01   2.596719e+00   9.998671e-01   2.596712e+00   2.596705e+00
1     1.994992e+02   9.999147e-01   1.332402e-05   0.000000e+00   0.000000e+00   4.956892e-01   3.226281e+00   9.998671e-01   3.226282e+00   3.226283e+00
1     1.995991e+02   9.999147e-01   1.336783e-05   0.000000e+00   0.000000e+00   4.961095e-01   3.853829e+00   9.998670e-01   3.853838e+00   3.853846e+00
1     1.996990e+02   9.999146e-01   1.340003e-05   0.000000e+00   0.000000e+00   4.983685e-01   4.479545e+00   9.998669e-01   4.479558e+00   4.479571e+00
1     1.997990e+02   9.999146e-01   1.340844e-05   0.000000e+00   0.000000e+00   5.016032e-01   5.104295e+00   9.998669e-01   5.104307e+00   5.104320e+00
1     1.998989e+02   9.999145e-01   1.338990e-05   0.000000e+00   0.000000e+00   5.045948e-01   5.729298e+00   9.998668e-01   5.729305e+00   5.729312e+00
1     1.999988e+02   9.999145e-01   1.335140e-05   0.000000e+00   0.000000e+00   5.062129e-01   7.249386e-02   9.998667e-01   7.249289e-02   7.249192e-02
1     2.000000e+02   9.999145e-01   1.335089e-05   0.000000e+00   0.000000e+00   5.062203e-01   7.974741e-02   9.998667e-01   7.974635e-02   7.974529e-02
