# id = 0: COM of central object
# id = 1: COM of all objects
# Time in code units
# comX in code units
# comY in code units
# comZ in code units
# comVelX in code units
# comVelY in code units
# comVelZ in code units
#id   t              x              y              z              vx             vy             vz          
0     0.000000e+00   0.000000e+00   0.000000e+00   0.000000e+00   0.000000e+00   0.000000e+00   0.000000e+00
1     0.000000e+00   8.775738e-06   4.794207e-06   0.000000e+00  -3.012304e-05   5.513986e-05   0.000000e+00
0     9.957531e-02   0.000000e+00   0.000000e+00   0.000000e+00   0.000000e+00   0.000000e+00   0.000000e+00
1     9.957531e-02   1.008639e-07   2.114194e-07   0.000000e+00  -1.328385e-06   6.337552e-07   0.000000e+00
0     1.996177e-01   0.000000e+00   0.000000e+00   0.000000e+00   0.000000e+00   0.000000e+00   0.000000e+00
1     1.996177e-01  -1.706056e-07   9.195867e-07   0.000000e+00  -5.777894e-06  -1.071885e-06   0.000000e+00
0     2.996431e-01   0.000000e+00   0.000000e+00   0.000000e+00   0.000000e+00   0.000000e+00   0.000000e+00
1     2.996431e-01  -1.476110e-06   1.399850e-06   0.000000e+00  -8.795418e-06  -9.274412e-06   0.000000e+00
0     3.996653e-01   0.000000e+00   0.000000e+00   0.000000e+00   0.000000e+00   0.000000e+00   0.000000e+00
1     3.996653e-01  -3.394690e-06   4.453514e-07   0.000000e+00  -2.798226e-06  -2.132886e-05   0.000000e+00
0     4.996889e-01   0.000000e+00   0.000000e+00   0.000000e+00   0.000000e+00   0.000000e+00   0.000000e+00
1     4.996889e-01  -4.364233e-06  -2.372887e-06   0.000000e+00   1.490895e-05  -2.742046e-05   0.000000e+00
0     5.997104e-01   0.000000e+00   0.000000e+00   0.000000e+00   0.000000e+00   0.000000e+00   0.000000e+00
1     5.997104e-01  -2.800449e-06  -5.881910e-06   0.000000e+00   3.695657e-05  -1.759502e-05   0.000000e+00
0     6.997257e-01   0.000000e+00   0.000000e+00   0.000000e+00   0.000000e+00   0.000000e+00   0.000000e+00
1     6.997257e-01   1.448203e-06  -7.779409e-06   0.000000e+00   4.887913e-05   9.099960e-06   0.000000e+00
0     7.997329e-01   0.000000e+00   0.000000e+00   0.000000e+00   0.000000e+00   0.000000e+00   0.000000e+00
1     7.997329e-01   6.552606e-06  -6.207740e-06   0.000000e+00   3.900434e-05   4.117228e-05   0.000000e+00
0     8.997327e-01   0.000000e+00   0.000000e+00   0.000000e+00   0.000000e+00   0.000000e+00   0.000000e+00
1     8.997327e-01   9.662881e-06  -1.263777e-06   0.000000e+00   7.940276e-06   6.071535e-05   0.000000e+00
0     9.997279e-01   0.000000e+00   0.000000e+00   0.000000e+00   0.000000e+00   0.000000e+00   0.000000e+00
1     9.997279e-01   8.783866e-06   4.778807e-06   0.000000e+00  -3.002708e-05   5.519241e-05   0.000000e+00
0     1.099719e+00   0.000000e+00   0.000000e+00   0.000000e+00   0.000000e+00   0.000000e+00   0.000000e+00
1     1.099719e+00   4.297786e-06   9.029112e-06   0.000000e+00  -5.673289e-05   2.700495e-05   0.000000e+00
0     1.199699e+00   0.000000e+00   0.000000e+00   0.000000e+00   0.000000e+00   0.000000e+00   0.000000e+00
1     1.199699e+00  -1.829145e-06   9.831143e-06   0.000000e+00  -6.177187e-05  -1.149223e-05   0.000000e+00
0     1.299669e+00   0.000000e+00   0.000000e+00   0.000000e+00   0.000000e+00   0.000000e+00   0.000000e+00
1     1.299669e+00  -7.257156e-06   6.879860e-06   0.000000e+00  -4.322789e-05  -4.559737e-05   0.000000e+00
0     1.399625e+00   0.000000e+00   0.000000e+00   0.000000e+00   0.000000e+00   0.000000e+00   0.000000e+00
1     1.399625e+00  -9.914748e-06   1.303031e-06   0.000000e+00  -8.187540e-06  -6.229512e-05   0.000000e+00
0     1.499571e+00   0.000000e+00   0.000000e+00   0.000000e+00   0.000000e+00   0.000000e+00   0.000000e+00
1     1.499571e+00  -8.788822e-06  -4.770455e-06   0.000000e+00   2.997301e-05  -5.522061e-05   0.000000e+00
0     1.599508e+00   0.000000e+00   0.000000e+00   0.000000e+00   0.000000e+00   0.000000e+00   0.000000e+00
1     1.599508e+00  -4.309993e-06  -9.023530e-06   0.000000e+00   5.669579e-05  -2.707960e-05   0.000000e+00
0     1.699437e+00   0.000000e+00   0.000000e+00   0.000000e+00   0.000000e+00   0.000000e+00   0.000000e+00
1     1.699437e+00   1.812606e-06  -9.834289e-06   0.000000e+00   6.179033e-05   1.138969e-05   0.000000e+00
0     1.799364e+00   0.000000e+00   0.000000e+00   0.000000e+00   0.000000e+00   0.000000e+00   0.000000e+00
1     1.799364e+00   7.243665e-06  -6.893943e-06   0.000000e+00   4.331593e-05   4.551446e-05   0.000000e+00
0     1.899294e+00   0.000000e+00   0.000000e+00   0.000000e+00   0.000000e+00   0.000000e+00   0.000000e+00
1     1.899294e+00   9.911777e-06  -1.323809e-06   0.000000e+00   8.317463e-06   6.227928e-05   0.000000e+00
0     1.999228e+00   0.000000e+00   0.000000e+00   0.000000e+00   0.000000e+00   0.000000e+00   0.000000e+00
1     1.999228e+00   8.798754e-06   4.751545e-06   0.000000e+00  -2.985581e-05   5.528598e-05   0.000000e+00
0     2.099165e+00   0.000000e+00   0.000000e+00   0.000000e+00   0.000000e+00   0.000000e+00   0.000000e+00
1     2.099165e+00   4.328856e-06   9.014253e-06   0.000000e+00  -5.663956e-05   2.720018e-05   0.000000e+00
0     2.199103e+00   0.000000e+00   0.000000e+00   0.000000e+00   0.000000e+00   0.000000e+00   0.000000e+00
1     2.199103e+00  -1.792637e-06   9.837861e-06   0.000000e+00  -6.181412e-05  -1.126285e-05   0.000000e+00
0     2.299041e+00   0.000000e+00   0.000000e+00   0.000000e+00   0.000000e+00   0.000000e+00   0.000000e+00
1     2.299041e+00  -7.230214e-06   6.908163e-06   0.000000e+00  -4.340574e-05  -4.542812e-05   0.000000e+00
0     2.398978e+00   0.000000e+00   0.000000e+00   0.000000e+00   0.000000e+00   0.000000e+00   0.000000e+00
1     2.398978e+00  -9.909411e-06   1.342987e-06   0.000000e+00  -8.438591e-06  -6.226163e-05   0.000000e+00
0     2.498915e+00   0.000000e+00   0.000000e+00   0.000000e+00   0.000000e+00   0.000000e+00   0.000000e+00
1     2.498915e+00  -8.808241e-06  -4.734495e-06   0.000000e+00   2.974709e-05  -5.534266e-05   0.000000e+00
0     2.598851e+00   0.000000e+00   0.000000e+00   0.000000e+00   0.000000e+00   0.000000e+00   0.000000e+00
1     2.598851e+00  -4.346884e-06  -9.005812e-06   0.000000e+00   5.658451e-05  -2.731140e-05   0.000000e+00
0     2.698786e+00   0.000000e+00   0.000000e+00   0.000000e+00   0.000000e+00   0.000000e+00   0.000000e+00
1     2.698786e+00   1.772703e-06  -9.841557e-06   0.000000e+00   6.183603e-05   1.113898e-05   0.000000e+00
0     2.798721e+00   0.000000e+00   0.000000e+00   0.000000e+00   0.000000e+00   0.000000e+00   0.000000e+00
1     2.798721e+00   7.216001e-06  -6.922888e-06   0.000000e+00   4.349782e-05   4.534067e-05   0.000000e+00
0     2.898655e+00   0.000000e+00   0.000000e+00   0.000000e+00   0.000000e+00   0.000000e+00   0.000000e+00
1     2.898655e+00   9.906432e-06  -1.363195e-06   0.000000e+00   8.564943e-06   6.224574e-05   0.000000e+00
0     2.998590e+00   0.000000e+00   0.000000e+00   0.000000e+00   0.000000e+00   0.000000e+00   0.000000e+00
1     2.998590e+00   8.817551e-06   4.716563e-06   0.000000e+00  -2.963603e-05   5.540412e-05   0.000000e+00
0     3.098525e+00   0.000000e+00   0.000000e+00   0.000000e+00   0.000000e+00   0.000000e+00   0.000000e+00
1     3.098525e+00   4.364733e-06   8.996930e-06   0.000000e+00  -5.653076e-05   2.742563e-05   0.000000e+00
0     3.198461e+00   0.000000e+00   0.000000e+00   0.000000e+00   0.000000e+00   0.000000e+00   0.000000e+00
1     3.198461e+00  -1.753279e-06   9.844947e-06   0.000000e+00  -6.185869e-05  -1.101557e-05   0.000000e+00
0     3.298396e+00   0.000000e+00   0.000000e+00   0.000000e+00   0.000000e+00   0.000000e+00   0.000000e+00
1     3.298396e+00  -7.202419e-06   6.937129e-06   0.000000e+00  -4.358777e-05  -4.525352e-05   0.000000e+00
0     3.398331e+00   0.000000e+00   0.000000e+00   0.000000e+00   0.000000e+00   0.000000e+00   0.000000e+00
1     3.398331e+00  -9.903912e-06   1.382919e-06   0.000000e+00  -8.689499e-06  -6.222712e-05   0.000000e+00
0     3.498266e+00   0.000000e+00   0.000000e+00   0.000000e+00   0.000000e+00   0.000000e+00   0.000000e+00
1     3.498266e+00  -8.827282e-06  -4.698889e-06   0.000000e+00   2.952339e-05  -5.546233e-05   0.000000e+00
0     3.599955e+00   0.000000e+00   0.000000e+00   0.000000e+00   0.000000e+00   0.000000e+00   0.000000e+00
1     3.599955e+00  -4.283933e-06  -9.035921e-06   0.000000e+00   5.677373e-05  -2.691589e-05   0.000000e+00
0     3.699889e+00   0.000000e+00   0.000000e+00   0.000000e+00   0.000000e+00   0.000000e+00   0.000000e+00
1     3.699889e+00   1.841276e-06  -9.828953e-06   0.000000e+00   6.175688e-05   1.156985e-05   0.000000e+00
0     3.799822e+00   0.000000e+00   0.000000e+00   0.000000e+00   0.000000e+00   0.000000e+00   0.000000e+00
1     3.799822e+00   7.263990e-06  -6.872511e-06   0.000000e+00   4.318132e-05   4.564223e-05   0.000000e+00
0     3.899754e+00   0.000000e+00   0.000000e+00   0.000000e+00   0.000000e+00   0.000000e+00   0.000000e+00
1     3.899754e+00   9.915659e-06  -1.294341e-06   0.000000e+00   8.132322e-06   6.230375e-05   0.000000e+00
0     3.999689e+00   0.000000e+00   0.000000e+00   0.000000e+00   0.000000e+00   0.000000e+00   0.000000e+00
1     3.999689e+00   8.784582e-06   4.777677e-06   0.000000e+00  -3.002004e-05   5.519701e-05   0.000000e+00
0     4.099625e+00   0.000000e+00   0.000000e+00   0.000000e+00   0.000000e+00   0.000000e+00   0.000000e+00
1     4.099625e+00   4.302096e-06   9.027045e-06   0.000000e+00  -5.672001e-05   2.703208e-05   0.000000e+00
0     4.199561e+00   0.000000e+00   0.000000e+00   0.000000e+00   0.000000e+00   0.000000e+00   0.000000e+00
1     4.199561e+00  -1.821707e-06   9.832511e-06   0.000000e+00  -6.178058e-05  -1.144552e-05   0.000000e+00
0     4.299496e+00   0.000000e+00   0.000000e+00   0.000000e+00   0.000000e+00   0.000000e+00   0.000000e+00
1     4.299496e+00  -7.250453e-06   6.886905e-06   0.000000e+00  -4.327223e-05  -4.555535e-05   0.000000e+00
0     4.399428e+00   0.000000e+00   0.000000e+00   0.000000e+00   0.000000e+00   0.000000e+00   0.000000e+00
1     4.399428e+00  -9.913264e-06   1.314181e-06   0.000000e+00  -8.257611e-06  -6.228591e-05   0.000000e+00
0     4.499360e+00   0.000000e+00   0.000000e+00   0.000000e+00   0.000000e+00   0.000000e+00   0.000000e+00
1     4.499360e+00  -8.794578e-06  -4.759808e-06   0.000000e+00   2.990617e-05  -5.525689e-05   0.000000e+00
0     4.599292e+00   0.000000e+00   0.000000e+00   0.000000e+00   0.000000e+00   0.000000e+00   0.000000e+00
1     4.599292e+00  -4.321160e-06  -9.018173e-06   0.000000e+00   5.666225e-05  -2.714981e-05   0.000000e+00
0     4.699225e+00   0.000000e+00   0.000000e+00   0.000000e+00   0.000000e+00   0.000000e+00   0.000000e+00
1     4.699225e+00   1.800706e-06  -9.836462e-06   0.000000e+00   6.180410e-05   1.131494e-05   0.000000e+00
0     4.799161e+00   0.000000e+00   0.000000e+00   0.000000e+00   0.000000e+00   0.000000e+00   0.000000e+00
1     4.799161e+00   7.235692e-06  -6.902292e-06   0.000000e+00   4.336847e-05   4.546445e-05   0.000000e+00
0     4.899096e+00   0.000000e+00   0.000000e+00   0.000000e+00   0.000000e+00   0.000000e+00   0.000000e+00
1     4.899096e+00   9.910276e-06  -1.334905e-06   0.000000e+00   8.387199e-06   6.226996e-05   0.000000e+00
0     4.999031e+00   0.000000e+00   0.000000e+00   0.000000e+00   0.000000e+00   0.000000e+00   0.000000e+00
1     4.999031e+00   8.804048e-06   4.741702e-06   0.000000e+00  -2.979402e-05   5.531935e-05   0.000000e+00
0     5.098964e+00   0.000000e+00   0.000000e+00   0.000000e+00   0.000000e+00   0.000000e+00   0.000000e+00
1     5.098964e+00   4.339117e-06   9.009304e-06   0.000000e+00  -5.660857e-05   2.726471e-05   0.000000e+00
0     5.198897e+00   0.000000e+00   0.000000e+00   0.000000e+00   0.000000e+00   0.000000e+00   0.000000e+00
1     5.198897e+00  -1.781120e-06   9.839940e-06   0.000000e+00  -6.182730e-05  -1.119051e-05   0.000000e+00
0     5.298830e+00   0.000000e+00   0.000000e+00   0.000000e+00   0.000000e+00   0.000000e+00   0.000000e+00
1     5.298830e+00  -7.221908e-06   6.916826e-06   0.000000e+00  -4.346026e-05  -4.537602e-05   0.000000e+00
0     5.398764e+00   0.000000e+00   0.000000e+00   0.000000e+00   0.000000e+00   0.000000e+00   0.000000e+00
1     5.398764e+00  -9.907750e-06   1.355089e-06   0.000000e+00  -8.514650e-06  -6.225131e-05   0.000000e+00
0     5.498698e+00   0.000000e+00   0.000000e+00   0.000000e+00   0.000000e+00   0.000000e+00   0.000000e+00
1     5.498698e+00  -8.814062e-06  -4.723623e-06   0.000000e+00   2.967883e-05  -5.537934e-05   0.000000e+00
0     5.598633e+00   0.000000e+00   0.000000e+00   0.000000e+00   0.000000e+00   0.000000e+00   0.000000e+00
1     5.598633e+00  -4.358021e-06  -9.000414e-06   0.000000e+00   5.655070e-05  -2.738143e-05   0.000000e+00
0     5.698567e+00   0.000000e+00   0.000000e+00   0.000000e+00   0.000000e+00   0.000000e+00   0.000000e+00
1     5.698567e+00   1.760494e-06  -9.843735e-06   0.000000e+00   6.184984e-05   1.106229e-05   0.000000e+00
0     5.798501e+00   0.000000e+00   0.000000e+00   0.000000e+00   0.000000e+00   0.000000e+00   0.000000e+00
1     5.798501e+00   7.207367e-06  -6.931858e-06   0.000000e+00   4.355427e-05   4.528650e-05   0.000000e+00
0     5.898434e+00   0.000000e+00   0.000000e+00   0.000000e+00   0.000000e+00   0.000000e+00   0.000000e+00
1     5.898434e+00   9.904702e-06  -1.375618e-06   0.000000e+00   8.643018e-06   6.223498e-05   0.000000e+00
0     5.998367e+00   0.000000e+00   0.000000e+00   0.000000e+00   0.000000e+00   0.000000e+00   0.000000e+00
1     5.998367e+00   8.823511e-06   4.705378e-06   0.000000e+00  -2.956580e-05   5.544167e-05   0.000000e+00
0     6.098300e+00   0.000000e+00   0.000000e+00   0.000000e+00   0.000000e+00   0.000000e+00   0.000000e+00
1     6.098300e+00   4.376237e-06   8.991326e-06   0.000000e+00  -5.649565e-05   2.749797e-05   0.000000e+00
0     6.199986e+00   0.000000e+00   0.000000e+00   0.000000e+00   0.000000e+00   0.000000e+00   0.000000e+00
1     6.199986e+00  -1.848924e-06   9.827422e-06   0.000000e+00  -6.174868e-05  -1.161655e-05   0.000000e+00
0     6.299920e+00   0.000000e+00   0.000000e+00   0.000000e+00   0.000000e+00   0.000000e+00   0.000000e+00
1     6.299920e+00  -7.269468e-06   6.866819e-06   0.000000e+00  -4.314608e-05  -4.567488e-05   0.000000e+00
0     6.399854e+00   0.000000e+00   0.000000e+00   0.000000e+00   0.000000e+00   0.000000e+00   0.000000e+00
1     6.399854e+00  -9.916867e-06   1.286647e-06   0.000000e+00  -8.084623e-06  -6.230863e-05   0.000000e+00
0     6.499788e+00   0.000000e+00   0.000000e+00   0.000000e+00   0.000000e+00   0.000000e+00   0.000000e+00
1     6.499788e+00  -8.781245e-06  -4.784345e-06   0.000000e+00   3.006038e-05  -5.517318e-05   0.000000e+00
0     6.599722e+00   0.000000e+00   0.000000e+00   0.000000e+00   0.000000e+00   0.000000e+00   0.000000e+00
1     6.599722e+00  -4.295857e-06  -9.030244e-06   0.000000e+00   5.673816e-05  -2.699086e-05   0.000000e+00
0     6.699655e+00   0.000000e+00   0.000000e+00   0.000000e+00   0.000000e+00   0.000000e+00   0.000000e+00
1     6.699655e+00   1.828253e-06  -9.831371e-06   0.000000e+00   6.177219e-05   1.148804e-05   0.000000e+00
0     6.799589e+00   0.000000e+00   0.000000e+00   0.000000e+00   0.000000e+00   0.000000e+00   0.000000e+00
1     6.799589e+00   7.254921e-06  -6.882066e-06   0.000000e+00   4.324144e-05   4.558533e-05   0.000000e+00
0     6.899522e+00   0.000000e+00   0.000000e+00   0.000000e+00   0.000000e+00   0.000000e+00   0.000000e+00
1     6.899522e+00   9.913939e-06  -1.307357e-06   0.000000e+00   8.214118e-06   6.229306e-05   0.000000e+00
0     6.999456e+00   0.000000e+00   0.000000e+00   0.000000e+00   0.000000e+00   0.000000e+00   0.000000e+00
1     6.999456e+00   8.790858e-06   4.766094e-06   0.000000e+00  -2.994732e-05   5.523654e-05   0.000000e+00
0     7.099389e+00   0.000000e+00   0.000000e+00   0.000000e+00   0.000000e+00   0.000000e+00   0.000000e+00
1     7.099389e+00   4.314104e-06   9.021299e-06   0.000000e+00  -5.668401e-05   2.710758e-05   0.000000e+00
0     7.199323e+00   0.000000e+00   0.000000e+00   0.000000e+00   0.000000e+00   0.000000e+00   0.000000e+00
1     7.199323e+00  -1.808456e-06   9.834945e-06   0.000000e+00  -6.179599e-05  -1.136228e-05   0.000000e+00
0     7.299256e+00   0.000000e+00   0.000000e+00   0.000000e+00   0.000000e+00   0.000000e+00   0.000000e+00
1     7.299256e+00  -7.241123e-06   6.896697e-06   0.000000e+00  -4.333383e-05  -4.549681e-05   0.000000e+00
0     7.399190e+00   0.000000e+00   0.000000e+00   0.000000e+00   0.000000e+00   0.000000e+00   0.000000e+00
1     7.399190e+00  -9.911474e-06   1.327516e-06   0.000000e+00  -8.341410e-06  -6.227478e-05   0.000000e+00
0     7.499123e+00   0.000000e+00   0.000000e+00   0.000000e+00   0.000000e+00   0.000000e+00   0.000000e+00
1     7.499123e+00  -8.800903e-06  -4.748078e-06   0.000000e+00   2.983252e-05  -5.529673e-05   0.000000e+00
0     7.599057e+00   0.000000e+00   0.000000e+00   0.000000e+00   0.000000e+00   0.000000e+00   0.000000e+00
1     7.599057e+00  -4.333075e-06  -9.012441e-06   0.000000e+00   5.662633e-05  -2.722473e-05   0.000000e+00
0     7.698990e+00   0.000000e+00   0.000000e+00   0.000000e+00   0.000000e+00   0.000000e+00   0.000000e+00
1     7.698990e+00   1.787695e-06  -9.838823e-06   0.000000e+00   6.181905e-05   1.123321e-05   0.000000e+00
0     7.798924e+00   0.000000e+00   0.000000e+00   0.000000e+00   0.000000e+00   0.000000e+00   0.000000e+00
1     7.798924e+00   7.226490e-06  -6.911909e-06   0.000000e+00   4.342897e-05   4.540671e-05   0.000000e+00
0     7.898858e+00   0.000000e+00   0.000000e+00   0.000000e+00   0.000000e+00   0.000000e+00   0.000000e+00
1     7.898858e+00   9.908463e-06  -1.348203e-06   0.000000e+00   8.470770e-06   6.225869e-05   0.000000e+00
0     7.998791e+00   0.000000e+00   0.000000e+00   0.000000e+00   0.000000e+00   0.000000e+00   0.000000e+00
1     7.998791e+00   8.810424e-06   4.729820e-06   0.000000e+00  -2.971941e-05   5.535951e-05   0.000000e+00
0     8.098724e+00   0.000000e+00   0.000000e+00   0.000000e+00   0.000000e+00   0.000000e+00   0.000000e+00
1     8.098724e+00   4.351253e-06   9.003435e-06   0.000000e+00  -5.657180e-05   2.734101e-05   0.000000e+00
0     8.198658e+00   0.000000e+00   0.000000e+00   0.000000e+00   0.000000e+00   0.000000e+00   0.000000e+00
1     8.198658e+00  -1.767896e-06   9.842312e-06   0.000000e+00  -6.184232e-05  -1.110744e-05   0.000000e+00
0     8.298591e+00   0.000000e+00   0.000000e+00   0.000000e+00   0.000000e+00   0.000000e+00   0.000000e+00
1     8.298591e+00  -7.212635e-06   6.926478e-06   0.000000e+00  -4.352098e-05  -4.531784e-05   0.000000e+00
0     8.398525e+00   0.000000e+00   0.000000e+00   0.000000e+00   0.000000e+00   0.000000e+00   0.000000e+00
1     8.398525e+00  -9.905918e-06   1.368330e-06   0.000000e+00  -8.597859e-06  -6.223991e-05   0.000000e+00
0     8.498459e+00   0.000000e+00   0.000000e+00   0.000000e+00   0.000000e+00   0.000000e+00   0.000000e+00
1     8.498459e+00  -8.820374e-06  -4.711800e-06   0.000000e+00   2.960460e-05  -5.541910e-05   0.000000e+00
0     8.598392e+00   0.000000e+00   0.000000e+00   0.000000e+00   0.000000e+00   0.000000e+00   0.000000e+00
1     8.598392e+00  -4.370144e-06  -8.994521e-06   0.000000e+00   5.651377e-05  -2.745765e-05   0.000000e+00
0     8.698325e+00   0.000000e+00   0.000000e+00   0.000000e+00   0.000000e+00   0.000000e+00   0.000000e+00
1     8.698325e+00   1.747149e-06  -9.846101e-06   0.000000e+00   6.186481e-05   1.097846e-05   0.000000e+00
0     8.798259e+00   0.000000e+00   0.000000e+00   0.000000e+00   0.000000e+00   0.000000e+00   0.000000e+00
1     8.798259e+00   7.197940e-06  -6.941631e-06   0.000000e+00   4.361575e-05   4.522735e-05   0.000000e+00
0     8.899945e+00   0.000000e+00   0.000000e+00   0.000000e+00   0.000000e+00   0.000000e+00   0.000000e+00
1     8.899945e+00   9.917519e-06  -1.279854e-06   0.000000e+00   8.041319e-06   6.231563e-05   0.000000e+00
0     8.999879e+00   0.000000e+00   0.000000e+00   0.000000e+00   0.000000e+00   0.000000e+00   0.000000e+00
1     8.999879e+00   8.777590e-06   4.790470e-06   0.000000e+00  -3.010051e-05   5.515324e-05   0.000000e+00
0     9.099813e+00   0.000000e+00   0.000000e+00   0.000000e+00   0.000000e+00   0.000000e+00   0.000000e+00
1     9.099813e+00   4.289027e-06   9.033240e-06   0.000000e+00  -5.675910e-05   2.695004e-05   0.000000e+00
0     9.199746e+00   0.000000e+00   0.000000e+00   0.000000e+00   0.000000e+00   0.000000e+00   0.000000e+00
1     9.199746e+00  -1.835777e-06   9.829874e-06   0.000000e+00  -6.176420e-05  -1.153396e-05   0.000000e+00
0     9.299680e+00   0.000000e+00   0.000000e+00   0.000000e+00   0.000000e+00   0.000000e+00   0.000000e+00
1     9.299680e+00  -7.260254e-06   6.876543e-06   0.000000e+00  -4.320725e-05  -4.561706e-05   0.000000e+00
0     9.399613e+00   0.000000e+00   0.000000e+00   0.000000e+00   0.000000e+00   0.000000e+00   0.000000e+00
1     9.399613e+00  -9.915117e-06   1.299973e-06   0.000000e+00  -8.168364e-06  -6.229774e-05   0.000000e+00
0     9.499546e+00   0.000000e+00   0.000000e+00   0.000000e+00   0.000000e+00   0.000000e+00   0.000000e+00
1     9.499546e+00  -8.787673e-06  -4.772502e-06   0.000000e+00   2.998602e-05  -5.521367e-05   0.000000e+00
0     9.599479e+00   0.000000e+00   0.000000e+00   0.000000e+00   0.000000e+00   0.000000e+00   0.000000e+00
1     9.599479e+00  -4.308021e-06  -9.024435e-06   0.000000e+00   5.670176e-05  -2.706734e-05   0.000000e+00
0     9.699413e+00   0.000000e+00   0.000000e+00   0.000000e+00   0.000000e+00   0.000000e+00   0.000000e+00
1     9.699413e+00   1.815024e-06  -9.833810e-06   0.000000e+00   6.178763e-05   1.140494e-05   0.000000e+00
0     9.799347e+00   0.000000e+00   0.000000e+00   0.000000e+00   0.000000e+00   0.000000e+00   0.000000e+00
1     9.799347e+00   7.245672e-06  -6.891786e-06   0.000000e+00   4.330258e-05   4.552729e-05   0.000000e+00
0     9.899281e+00   0.000000e+00   0.000000e+00   0.000000e+00   0.000000e+00   0.000000e+00   0.000000e+00
1     9.899281e+00   9.912168e-06  -1.320627e-06   0.000000e+00   8.297515e-06   6.228204e-05   0.000000e+00
0     9.999214e+00   0.000000e+00   0.000000e+00   0.000000e+00   0.000000e+00   0.000000e+00   0.000000e+00
1     9.999214e+00   8.797213e-06   4.754329e-06   0.000000e+00  -2.987345e-05   5.527657e-05   0.000000e+00
0     1.009915e+01   0.000000e+00   0.000000e+00   0.000000e+00   0.000000e+00   0.000000e+00   0.000000e+00
1     1.009915e+01   4.326155e-06   9.015514e-06   0.000000e+00  -5.664776e-05   2.718334e-05   0.000000e+00
0     1.019908e+01   0.000000e+00   0.000000e+00   0.000000e+00   0.000000e+00   0.000000e+00   0.000000e+00
1     1.019908e+01  -1.795299e-06   9.837343e-06   0.000000e+00  -6.181116e-05  -1.127963e-05   0.000000e+00
0     1.029901e+01   0.000000e+00   0.000000e+00   0.000000e+00   0.000000e+00   0.000000e+00   0.000000e+00
1     1.029901e+01  -7.231882e-06   6.906369e-06   0.000000e+00  -4.339468e-05  -4.543882e-05   0.000000e+00
0     1.039895e+01   0.000000e+00   0.000000e+00   0.000000e+00   0.000000e+00   0.000000e+00   0.000000e+00
1     1.039895e+01  -9.909679e-06   1.340763e-06   0.000000e+00  -8.424664e-06  -6.226361e-05   0.000000e+00
0     1.049888e+01   0.000000e+00   0.000000e+00   0.000000e+00   0.000000e+00   0.000000e+00   0.000000e+00
1     1.049888e+01  -8.807223e-06  -4.736320e-06   0.000000e+00   2.975870e-05  -5.533653e-05   0.000000e+00
0     1.059881e+01   0.000000e+00   0.000000e+00   0.000000e+00   0.000000e+00   0.000000e+00   0.000000e+00
1     1.059881e+01  -4.345077e-06  -9.006648e-06   0.000000e+00   5.659003e-05  -2.730019e-05   0.000000e+00
0     1.069875e+01   0.000000e+00   0.000000e+00   0.000000e+00   0.000000e+00   0.000000e+00   0.000000e+00
1     1.069875e+01   1.774592e-06  -9.841183e-06   0.000000e+00   6.183399e-05   1.115090e-05   0.000000e+00
0     1.079868e+01   0.000000e+00   0.000000e+00   0.000000e+00   0.000000e+00   0.000000e+00   0.000000e+00
1     1.079868e+01   7.217278e-06  -6.921511e-06   0.000000e+00   4.348938e-05   4.534891e-05   0.000000e+00
0     1.089862e+01   0.000000e+00   0.000000e+00   0.000000e+00   0.000000e+00   0.000000e+00   0.000000e+00
1     1.089862e+01   9.906650e-06  -1.361378e-06   0.000000e+00   8.553567e-06   6.224740e-05   0.000000e+00
0     1.099855e+01   0.000000e+00   0.000000e+00   0.000000e+00   0.000000e+00   0.000000e+00   0.000000e+00
1     1.099855e+01   8.816690e-06   4.718103e-06   0.000000e+00  -2.964585e-05   5.539898e-05   0.000000e+00
0     1.109848e+01   0.000000e+00   0.000000e+00   0.000000e+00   0.000000e+00   0.000000e+00   0.000000e+00
1     1.109848e+01   4.363194e-06   8.997642e-06   0.000000e+00  -5.653550e-05   2.741609e-05   0.000000e+00
0     1.119842e+01   0.000000e+00   0.000000e+00   0.000000e+00   0.000000e+00   0.000000e+00   0.000000e+00
1     1.119842e+01  -1.754842e-06   9.844636e-06   0.000000e+00  -6.185703e-05  -1.102543e-05   0.000000e+00
0     1.129835e+01   0.000000e+00   0.000000e+00   0.000000e+00   0.000000e+00   0.000000e+00   0.000000e+00
1     1.129835e+01  -7.203439e-06   6.936024e-06   0.000000e+00  -4.358104e-05  -4.526014e-05   0.000000e+00
0     1.139828e+01   0.000000e+00   0.000000e+00   0.000000e+00   0.000000e+00   0.000000e+00   0.000000e+00
1     1.139828e+01  -9.904084e-06   1.381457e-06   0.000000e+00  -8.680352e-06  -6.222850e-05   0.000000e+00
0     1.149997e+01   0.000000e+00   0.000000e+00   0.000000e+00   0.000000e+00   0.000000e+00   0.000000e+00
1     1.149997e+01  -8.774289e-06  -4.797048e-06   0.000000e+00   3.014028e-05  -5.512964e-05   0.000000e+00
0     1.159990e+01   0.000000e+00   0.000000e+00   0.000000e+00   0.000000e+00   0.000000e+00   0.000000e+00
1     1.159990e+01  -4.282755e-06  -9.036444e-06   0.000000e+00   5.677728e-05  -2.690862e-05   0.000000e+00
0     1.169984e+01   0.000000e+00   0.000000e+00   0.000000e+00   0.000000e+00   0.000000e+00   0.000000e+00
1     1.169984e+01   1.842524e-06  -9.828686e-06   0.000000e+00   6.175551e-05   1.157774e-05   0.000000e+00
0     1.179977e+01   0.000000e+00   0.000000e+00   0.000000e+00   0.000000e+00   0.000000e+00   0.000000e+00
1     1.179977e+01   7.264909e-06  -6.871493e-06   0.000000e+00   4.317513e-05   4.564822e-05   0.000000e+00
0     1.189970e+01   0.000000e+00   0.000000e+00   0.000000e+00   0.000000e+00   0.000000e+00   0.000000e+00
1     1.189970e+01   9.915813e-06  -1.292915e-06   0.000000e+00   8.123399e-06   6.230502e-05   0.000000e+00
0     1.199964e+01   0.000000e+00   0.000000e+00   0.000000e+00   0.000000e+00   0.000000e+00   0.000000e+00
1     1.199964e+01   8.783882e-06   4.778897e-06   0.000000e+00  -3.002785e-05   5.519287e-05   0.000000e+00
0     1.209957e+01   0.000000e+00   0.000000e+00   0.000000e+00   0.000000e+00   0.000000e+00   0.000000e+00
1     1.209957e+01   4.300920e-06   9.027571e-06   0.000000e+00  -5.672358e-05   2.702482e-05   0.000000e+00
0     1.219950e+01   0.000000e+00   0.000000e+00   0.000000e+00   0.000000e+00   0.000000e+00   0.000000e+00
1     1.219950e+01  -1.822826e-06   9.832272e-06   0.000000e+00  -6.177937e-05  -1.145260e-05   0.000000e+00
0     1.229944e+01   0.000000e+00   0.000000e+00   0.000000e+00   0.000000e+00   0.000000e+00   0.000000e+00
1     1.229944e+01  -7.251194e-06   6.886079e-06   0.000000e+00  -4.326725e-05  -4.556022e-05   0.000000e+00
0     1.239937e+01   0.000000e+00   0.000000e+00   0.000000e+00   0.000000e+00   0.000000e+00   0.000000e+00
1     1.239937e+01  -9.913390e-06   1.312984e-06   0.000000e+00  -8.250133e-06  -6.228700e-05   0.000000e+00
0     1.249930e+01   0.000000e+00   0.000000e+00   0.000000e+00   0.000000e+00   0.000000e+00   0.000000e+00
1     1.249930e+01  -8.793906e-06  -4.760984e-06   0.000000e+00   2.991370e-05  -5.525292e-05   0.000000e+00
0     1.259924e+01   0.000000e+00   0.000000e+00   0.000000e+00   0.000000e+00   0.000000e+00   0.000000e+00
1     1.259924e+01  -4.319814e-06  -9.018783e-06   0.000000e+00   5.666635e-05  -2.714148e-05   0.000000e+00
0     1.269917e+01   0.000000e+00   0.000000e+00   0.000000e+00   0.000000e+00   0.000000e+00   0.000000e+00
1     1.269917e+01   1.802163e-06  -9.836163e-06   0.000000e+00   6.180252e-05   1.132415e-05   0.000000e+00
0     1.279911e+01   0.000000e+00   0.000000e+00   0.000000e+00   0.000000e+00   0.000000e+00   0.000000e+00
1     1.279911e+01   7.236641e-06  -6.901251e-06   0.000000e+00   4.336214e-05   4.547063e-05   0.000000e+00
0     1.289904e+01   0.000000e+00   0.000000e+00   0.000000e+00   0.000000e+00   0.000000e+00   0.000000e+00
1     1.289904e+01   9.910419e-06  -1.333602e-06   0.000000e+00   8.379051e-06   6.227116e-05   0.000000e+00
0     1.299897e+01   0.000000e+00   0.000000e+00   0.000000e+00   0.000000e+00   0.000000e+00   0.000000e+00
1     1.299897e+01   8.803418e-06   4.742805e-06   0.000000e+00  -2.980109e-05   5.531566e-05   0.000000e+00
0     1.309891e+01   0.000000e+00   0.000000e+00   0.000000e+00   0.000000e+00   0.000000e+00   0.000000e+00
1     1.309891e+01   4.337931e-06   9.009840e-06   0.000000e+00  -5.661221e-05   2.725739e-05   0.000000e+00
0     1.319884e+01   0.000000e+00   0.000000e+00   0.000000e+00   0.000000e+00   0.000000e+00   0.000000e+00
1     1.319884e+01  -1.782464e-06   9.839665e-06   0.000000e+00  -6.182586e-05  -1.119900e-05   0.000000e+00
0     1.329877e+01   0.000000e+00   0.000000e+00   0.000000e+00   0.000000e+00   0.000000e+00   0.000000e+00
1     1.329877e+01  -7.222878e-06   6.915768e-06   0.000000e+00  -4.345382e-05  -4.538233e-05   0.000000e+00
0     1.339871e+01   0.000000e+00   0.000000e+00   0.000000e+00   0.000000e+00   0.000000e+00   0.000000e+00
1     1.339871e+01  -9.907916e-06   1.353640e-06   0.000000e+00  -8.505586e-06  -6.225265e-05   0.000000e+00
0     1.349864e+01   0.000000e+00   0.000000e+00   0.000000e+00   0.000000e+00   0.000000e+00   0.000000e+00
1     1.349864e+01  -8.813358e-06  -4.724869e-06   0.000000e+00   2.968680e-05  -5.537518e-05   0.000000e+00
0     1.359857e+01   0.000000e+00   0.000000e+00   0.000000e+00   0.000000e+00   0.000000e+00   0.000000e+00
1     1.359857e+01  -4.356773e-06  -9.000983e-06   0.000000e+00   5.655454e-05  -2.737372e-05   0.000000e+00
0     1.369851e+01   0.000000e+00   0.000000e+00   0.000000e+00   0.000000e+00   0.000000e+00   0.000000e+00
1     1.369851e+01   1.761795e-06  -9.843470e-06   0.000000e+00   6.184847e-05   1.107051e-05   0.000000e+00
0     1.379844e+01   0.000000e+00   0.000000e+00   0.000000e+00   0.000000e+00   0.000000e+00   0.000000e+00
1     1.379844e+01   7.208265e-06  -6.930879e-06   0.000000e+00   4.354832e-05   4.529236e-05   0.000000e+00
0     1.389837e+01   0.000000e+00   0.000000e+00   0.000000e+00   0.000000e+00   0.000000e+00   0.000000e+00
1     1.389837e+01   9.904861e-06  -1.374244e-06   0.000000e+00   8.634428e-06   6.223628e-05   0.000000e+00
0     1.399831e+01   0.000000e+00   0.000000e+00   0.000000e+00   0.000000e+00   0.000000e+00   0.000000e+00
1     1.399831e+01   8.822794e-06   4.706654e-06   0.000000e+00  -2.957396e-05   5.543743e-05   0.000000e+00
0     1.409999e+01   0.000000e+00   0.000000e+00   0.000000e+00   0.000000e+00   0.000000e+00   0.000000e+00
1     1.409999e+01   4.275523e-06   9.039618e-06   0.000000e+00  -5.679935e-05   2.686527e-05   0.000000e+00
0     1.419993e+01   0.000000e+00   0.000000e+00   0.000000e+00   0.000000e+00   0.000000e+00   0.000000e+00
1     1.419993e+01  -1.850463e-06   9.827100e-06   0.000000e+00  -6.174695e-05  -1.162627e-05   0.000000e+00
0     1.429986e+01   0.000000e+00   0.000000e+00   0.000000e+00   0.000000e+00   0.000000e+00   0.000000e+00
1     1.429986e+01  -7.270525e-06   6.865655e-06   0.000000e+00  -4.313897e-05  -4.568173e-05   0.000000e+00
0     1.439979e+01   0.000000e+00   0.000000e+00   0.000000e+00   0.000000e+00   0.000000e+00   0.000000e+00
1     1.439979e+01  -9.917036e-06   1.285099e-06   0.000000e+00  -8.074932e-06  -6.230998e-05   0.000000e+00
0     1.449973e+01   0.000000e+00   0.000000e+00   0.000000e+00   0.000000e+00   0.000000e+00   0.000000e+00
1     1.449973e+01  -8.780474e-06  -4.785692e-06   0.000000e+00   3.006899e-05  -5.516860e-05   0.000000e+00
0     1.459966e+01   0.000000e+00   0.000000e+00   0.000000e+00   0.000000e+00   0.000000e+00   0.000000e+00
1     1.459966e+01  -4.294429e-06  -9.030889e-06   0.000000e+00   5.674248e-05  -2.698202e-05   0.000000e+00
0     1.469959e+01   0.000000e+00   0.000000e+00   0.000000e+00   0.000000e+00   0.000000e+00   0.000000e+00
1     1.469959e+01   1.829819e-06  -9.831047e-06   0.000000e+00   6.177045e-05   1.149793e-05   0.000000e+00
0     1.479953e+01   0.000000e+00   0.000000e+00   0.000000e+00   0.000000e+00   0.000000e+00   0.000000e+00
1     1.479953e+01   7.256019e-06  -6.880862e-06   0.000000e+00   4.323408e-05   4.559245e-05   0.000000e+00
0     1.489946e+01   0.000000e+00   0.000000e+00   0.000000e+00   0.000000e+00   0.000000e+00   0.000000e+00
1     1.489946e+01   9.914124e-06  -1.305712e-06   0.000000e+00   8.203820e-06   6.229452e-05   0.000000e+00
0     1.499939e+01   0.000000e+00   0.000000e+00   0.000000e+00   0.000000e+00   0.000000e+00   0.000000e+00
1     1.499939e+01   8.790030e-06   4.767555e-06   0.000000e+00  -2.995664e-05   5.523160e-05   0.000000e+00
0     1.509933e+01   0.000000e+00   0.000000e+00   0.000000e+00   0.000000e+00   0.000000e+00   0.000000e+00
1     1.509933e+01   4.312554e-06   9.022005e-06   0.000000e+00  -5.668871e-05   2.709797e-05   0.000000e+00
0     1.519926e+01   0.000000e+00   0.000000e+00   0.000000e+00   0.000000e+00   0.000000e+00   0.000000e+00
1     1.519926e+01  -1.810146e-06   9.834602e-06   0.000000e+00  -6.179413e-05  -1.137295e-05   0.000000e+00
0     1.529919e+01   0.000000e+00   0.000000e+00   0.000000e+00   0.000000e+00   0.000000e+00   0.000000e+00
1     1.529919e+01  -7.242305e-06   6.895410e-06   0.000000e+00  -4.332595e-05  -4.550445e-05   0.000000e+00
0     1.539913e+01   0.000000e+00   0.000000e+00   0.000000e+00   0.000000e+00   0.000000e+00   0.000000e+00
1     1.539913e+01  -9.911678e-06   1.325753e-06   0.000000e+00  -8.330373e-06  -6.227636e-05   0.000000e+00
0     1.549906e+01   0.000000e+00   0.000000e+00   0.000000e+00   0.000000e+00   0.000000e+00   0.000000e+00
1     1.549906e+01  -8.800019e-06  -4.749649e-06   0.000000e+00   2.984254e-05  -5.529144e-05   0.000000e+00
0     1.559899e+01   0.000000e+00   0.000000e+00   0.000000e+00   0.000000e+00   0.000000e+00   0.000000e+00
1     1.559899e+01  -4.331416e-06  -9.013203e-06   0.000000e+00   5.663139e-05  -2.721443e-05   0.000000e+00
0     1.569893e+01   0.000000e+00   0.000000e+00   0.000000e+00   0.000000e+00   0.000000e+00   0.000000e+00
1     1.569893e+01   1.789498e-06  -9.838463e-06   0.000000e+00   6.181708e-05   1.124460e-05   0.000000e+00
0     1.579886e+01   0.000000e+00   0.000000e+00   0.000000e+00   0.000000e+00   0.000000e+00   0.000000e+00
1     1.579886e+01   7.227745e-06  -6.910550e-06   0.000000e+00   4.342064e-05   4.541482e-05   0.000000e+00
0     1.589879e+01   0.000000e+00   0.000000e+00   0.000000e+00   0.000000e+00   0.000000e+00   0.000000e+00
1     1.589879e+01   9.908683e-06  -1.346348e-06   0.000000e+00   8.459154e-06   6.226037e-05   0.000000e+00
0     1.599873e+01   0.000000e+00   0.000000e+00   0.000000e+00   0.000000e+00   0.000000e+00   0.000000e+00
1     1.599873e+01   8.809499e-06   4.731474e-06   0.000000e+00  -2.972995e-05   5.535397e-05   0.000000e+00
0     1.609866e+01   0.000000e+00   0.000000e+00   0.000000e+00   0.000000e+00   0.000000e+00   0.000000e+00
1     1.609866e+01   4.349504e-06   9.004245e-06   0.000000e+00  -5.657716e-05   2.733015e-05   0.000000e+00
0     1.619859e+01   0.000000e+00   0.000000e+00   0.000000e+00   0.000000e+00   0.000000e+00   0.000000e+00
1     1.619859e+01  -1.769815e-06   9.841935e-06   0.000000e+00  -6.184024e-05  -1.111955e-05   0.000000e+00
0     1.629853e+01   0.000000e+00   0.000000e+00   0.000000e+00   0.000000e+00   0.000000e+00   0.000000e+00
1     1.629853e+01  -7.213978e-06   6.925033e-06   0.000000e+00  -4.351211e-05  -4.532650e-05   0.000000e+00
0     1.639846e+01   0.000000e+00   0.000000e+00   0.000000e+00   0.000000e+00   0.000000e+00   0.000000e+00
1     1.639846e+01  -9.906157e-06   1.366361e-06   0.000000e+00  -8.585529e-06  -6.224171e-05   0.000000e+00
0     1.649839e+01   0.000000e+00   0.000000e+00   0.000000e+00   0.000000e+00   0.000000e+00   0.000000e+00
1     1.649839e+01  -8.819405e-06  -4.713546e-06   0.000000e+00   2.961571e-05  -5.541328e-05   0.000000e+00
0     1.659833e+01   0.000000e+00   0.000000e+00   0.000000e+00   0.000000e+00   0.000000e+00   0.000000e+00
1     1.659833e+01  -4.368312e-06  -8.995375e-06   0.000000e+00   5.651941e-05  -2.744627e-05   0.000000e+00
0     1.669826e+01   0.000000e+00   0.000000e+00   0.000000e+00   0.000000e+00   0.000000e+00   0.000000e+00
1     1.669826e+01   1.749169e-06  -9.845709e-06   0.000000e+00   6.186265e-05   1.099120e-05   0.000000e+00
0     1.679995e+01   0.000000e+00   0.000000e+00   0.000000e+00   0.000000e+00   0.000000e+00   0.000000e+00
1     1.679995e+01   7.275380e-06  -6.860375e-06   0.000000e+00   4.310541e-05   4.571415e-05   0.000000e+00
0     1.689988e+01   0.000000e+00   0.000000e+00   0.000000e+00   0.000000e+00   0.000000e+00   0.000000e+00
1     1.689988e+01   9.917757e-06  -1.277756e-06   0.000000e+00   8.028175e-06   6.231742e-05   0.000000e+00
0     1.699981e+01   0.000000e+00   0.000000e+00   0.000000e+00   0.000000e+00   0.000000e+00   0.000000e+00
1     1.699981e+01   8.776545e-06   4.792317e-06   0.000000e+00  -3.011227e-05   5.514694e-05   0.000000e+00
0     1.709975e+01   0.000000e+00   0.000000e+00   0.000000e+00   0.000000e+00   0.000000e+00   0.000000e+00
1     1.709975e+01   4.287089e-06   9.034125e-06   0.000000e+00  -5.676494e-05   2.693799e-05   0.000000e+00
0     1.719968e+01   0.000000e+00   0.000000e+00   0.000000e+00   0.000000e+00   0.000000e+00   0.000000e+00
1     1.719968e+01  -1.837882e-06   9.829448e-06   0.000000e+00  -6.176182e-05  -1.154724e-05   0.000000e+00
0     1.729961e+01   0.000000e+00   0.000000e+00   0.000000e+00   0.000000e+00   0.000000e+00   0.000000e+00
1     1.729961e+01  -7.261729e-06   6.874939e-06   0.000000e+00  -4.319738e-05  -4.562655e-05   0.000000e+00
0     1.739955e+01   0.000000e+00   0.000000e+00   0.000000e+00   0.000000e+00   0.000000e+00   0.000000e+00
1     1.739955e+01  -9.915373e-06   1.297768e-06   0.000000e+00  -8.154548e-06  -6.229965e-05   0.000000e+00
0     1.749948e+01   0.000000e+00   0.000000e+00   0.000000e+00   0.000000e+00   0.000000e+00   0.000000e+00
1     1.749948e+01  -8.786566e-06  -4.774473e-06   0.000000e+00   2.999855e-05  -5.520698e-05   0.000000e+00
0     1.759941e+01   0.000000e+00   0.000000e+00   0.000000e+00   0.000000e+00   0.000000e+00   0.000000e+00
1     1.759941e+01  -4.305941e-06  -9.025391e-06   0.000000e+00   5.670805e-05  -2.705440e-05   0.000000e+00
0     1.769935e+01   0.000000e+00   0.000000e+00   0.000000e+00   0.000000e+00   0.000000e+00   0.000000e+00
1     1.769935e+01   1.817281e-06  -9.833360e-06   0.000000e+00   6.178510e-05   1.141918e-05   0.000000e+00
0     1.779928e+01   0.000000e+00   0.000000e+00   0.000000e+00   0.000000e+00   0.000000e+00   0.000000e+00
1     1.779928e+01   7.247236e-06  -6.890094e-06   0.000000e+00   4.329217e-05   4.553734e-05   0.000000e+00
0     1.789921e+01   0.000000e+00   0.000000e+00   0.000000e+00   0.000000e+00   0.000000e+00   0.000000e+00
1     1.789921e+01   9.912440e-06  -1.318336e-06   0.000000e+00   8.283157e-06   6.228406e-05   0.000000e+00
0     1.799915e+01   0.000000e+00   0.000000e+00   0.000000e+00   0.000000e+00   0.000000e+00   0.000000e+00
1     1.799915e+01   8.796079e-06   4.756358e-06   0.000000e+00  -2.988634e-05   5.526972e-05   0.000000e+00
0     1.809908e+01   0.000000e+00   0.000000e+00   0.000000e+00   0.000000e+00   0.000000e+00   0.000000e+00
1     1.809908e+01   4.324017e-06   9.016503e-06   0.000000e+00  -5.665425e-05   2.717005e-05   0.000000e+00
0     1.819902e+01   0.000000e+00   0.000000e+00   0.000000e+00   0.000000e+00   0.000000e+00   0.000000e+00
1     1.819902e+01  -1.797650e-06   9.836880e-06   0.000000e+00  -6.180856e-05  -1.129446e-05   0.000000e+00
0     1.829895e+01   0.000000e+00   0.000000e+00   0.000000e+00   0.000000e+00   0.000000e+00   0.000000e+00
1     1.829895e+01  -7.233541e-06   6.904585e-06   0.000000e+00  -4.338368e-05  -4.544947e-05   0.000000e+00
0     1.839888e+01   0.000000e+00   0.000000e+00   0.000000e+00   0.000000e+00   0.000000e+00   0.000000e+00
1     1.839888e+01  -9.909977e-06   1.338314e-06   0.000000e+00  -8.409312e-06  -6.226579e-05   0.000000e+00
0     1.849882e+01   0.000000e+00   0.000000e+00   0.000000e+00   0.000000e+00   0.000000e+00   0.000000e+00
1     1.849882e+01  -8.806016e-06  -4.738494e-06   0.000000e+00   2.977251e-05  -5.532922e-05   0.000000e+00
0     1.859875e+01   0.000000e+00   0.000000e+00   0.000000e+00   0.000000e+00   0.000000e+00   0.000000e+00
1     1.859875e+01  -4.342814e-06  -9.007703e-06   0.000000e+00   5.659694e-05  -2.728610e-05   0.000000e+00
0     1.869868e+01   0.000000e+00   0.000000e+00   0.000000e+00   0.000000e+00   0.000000e+00   0.000000e+00
1     1.869868e+01   1.777053e-06  -9.840706e-06   0.000000e+00   6.183129e-05   1.116642e-05   0.000000e+00
0     1.879862e+01   0.000000e+00   0.000000e+00   0.000000e+00   0.000000e+00   0.000000e+00   0.000000e+00
1     1.879862e+01   7.219000e-06  -6.919667e-06   0.000000e+00   4.347801e-05   4.535995e-05   0.000000e+00
0     1.889855e+01   0.000000e+00   0.000000e+00   0.000000e+00   0.000000e+00   0.000000e+00   0.000000e+00
1     1.889855e+01   9.906963e-06  -1.358851e-06   0.000000e+00   8.537736e-06   6.224968e-05   0.000000e+00
0     1.899848e+01   0.000000e+00   0.000000e+00   0.000000e+00   0.000000e+00   0.000000e+00   0.000000e+00
1     1.899848e+01   8.815446e-06   4.720358e-06   0.000000e+00  -2.966016e-05   5.539144e-05   0.000000e+00
0     1.909842e+01   0.000000e+00   0.000000e+00   0.000000e+00   0.000000e+00   0.000000e+00   0.000000e+00
1     1.909842e+01   4.360834e-06   8.998749e-06   0.000000e+00  -5.654273e-05   2.740140e-05   0.000000e+00
0     1.919835e+01   0.000000e+00   0.000000e+00   0.000000e+00   0.000000e+00   0.000000e+00   0.000000e+00
1     1.919835e+01  -1.757430e-06   9.844141e-06   0.000000e+00  -6.185422e-05  -1.104175e-05   0.000000e+00
0     1.929828e+01   0.000000e+00   0.000000e+00   0.000000e+00   0.000000e+00   0.000000e+00   0.000000e+00
1     1.929828e+01  -7.205260e-06   6.934085e-06   0.000000e+00  -4.356907e-05  -4.527180e-05   0.000000e+00
0     1.939997e+01   0.000000e+00   0.000000e+00   0.000000e+00   0.000000e+00   0.000000e+00   0.000000e+00
1     1.939997e+01  -9.919009e-06   1.269612e-06   0.000000e+00  -7.977647e-06  -6.232258e-05   0.000000e+00
0     1.949990e+01   0.000000e+00   0.000000e+00   0.000000e+00   0.000000e+00   0.000000e+00   0.000000e+00
1     1.949990e+01  -8.772965e-06  -4.799401e-06   0.000000e+00   3.015522e-05  -5.512159e-05   0.000000e+00
0     1.959984e+01   0.000000e+00   0.000000e+00   0.000000e+00   0.000000e+00   0.000000e+00   0.000000e+00
1     1.959984e+01  -4.280283e-06  -9.037578e-06   0.000000e+00   5.678470e-05  -2.689322e-05   0.000000e+00
0     1.969977e+01   0.000000e+00   0.000000e+00   0.000000e+00   0.000000e+00   0.000000e+00   0.000000e+00
1     1.969977e+01   1.845213e-06  -9.828148e-06   0.000000e+00   6.175243e-05   1.159469e-05   0.000000e+00
0     1.979970e+01   0.000000e+00   0.000000e+00   0.000000e+00   0.000000e+00   0.000000e+00   0.000000e+00
1     1.979970e+01   7.266785e-06  -6.869461e-06   0.000000e+00   4.316258e-05   4.566023e-05   0.000000e+00
0     1.989964e+01   0.000000e+00   0.000000e+00   0.000000e+00   0.000000e+00   0.000000e+00   0.000000e+00
1     1.989964e+01   9.916140e-06  -1.290145e-06   0.000000e+00   8.106033e-06   6.230738e-05   0.000000e+00
0     1.999957e+01   0.000000e+00   0.000000e+00   0.000000e+00   0.000000e+00   0.000000e+00   0.000000e+00
1     1.999957e+01   8.782508e-06   4.781353e-06   0.000000e+00  -3.004343e-05   5.518451e-05   0.000000e+00
0     2.009950e+01   0.000000e+00   0.000000e+00   0.000000e+00   0.000000e+00   0.000000e+00   0.000000e+00
1     2.009950e+01   4.298343e-06   9.028761e-06   0.000000e+00  -5.673134e-05   2.700876e-05   0.000000e+00
0     2.019944e+01   0.000000e+00   0.000000e+00   0.000000e+00   0.000000e+00   0.000000e+00   0.000000e+00
1     2.019944e+01  -1.825635e-06   9.831717e-06   0.000000e+00  -6.177619e-05  -1.147032e-05   0.000000e+00
0     2.029937e+01   0.000000e+00   0.000000e+00   0.000000e+00   0.000000e+00   0.000000e+00   0.000000e+00
1     2.029937e+01  -7.253159e-06   6.883961e-06   0.000000e+00  -4.325415e-05  -4.557279e-05   0.000000e+00
0     2.039930e+01   0.000000e+00   0.000000e+00   0.000000e+00   0.000000e+00   0.000000e+00   0.000000e+00
1     2.039930e+01  -9.913739e-06   1.310092e-06   0.000000e+00  -8.231998e-06  -6.228951e-05   0.000000e+00
0     2.049924e+01   0.000000e+00   0.000000e+00   0.000000e+00   0.000000e+00   0.000000e+00   0.000000e+00
1     2.049924e+01  -8.792478e-06  -4.763550e-06   0.000000e+00   2.992998e-05  -5.524423e-05   0.000000e+00
0     2.059917e+01   0.000000e+00   0.000000e+00   0.000000e+00   0.000000e+00   0.000000e+00   0.000000e+00
1     2.059917e+01  -4.317131e-06  -9.020030e-06   0.000000e+00   5.667447e-05  -2.712476e-05   0.000000e+00
0     2.069910e+01   0.000000e+00   0.000000e+00   0.000000e+00   0.000000e+00   0.000000e+00   0.000000e+00
1     2.069910e+01   1.805088e-06  -9.835593e-06   0.000000e+00   6.179925e-05   1.134259e-05   0.000000e+00
0     2.079904e+01   0.000000e+00   0.000000e+00   0.000000e+00   0.000000e+00   0.000000e+00   0.000000e+00
1     2.079904e+01   7.238690e-06  -6.899054e-06   0.000000e+00   4.334855e-05   4.548373e-05   0.000000e+00
0     2.089897e+01   0.000000e+00   0.000000e+00   0.000000e+00   0.000000e+00   0.000000e+00   0.000000e+00
1     2.089897e+01   9.910789e-06  -1.330594e-06   0.000000e+00   8.360195e-06   6.227380e-05   0.000000e+00
0     2.099890e+01   0.000000e+00   0.000000e+00   0.000000e+00   0.000000e+00   0.000000e+00   0.000000e+00
1     2.099890e+01   8.801939e-06   4.745480e-06   0.000000e+00  -2.981805e-05   5.530664e-05   0.000000e+00
0     2.109884e+01   0.000000e+00   0.000000e+00   0.000000e+00   0.000000e+00   0.000000e+00   0.000000e+00
1     2.109884e+01   4.335138e-06   9.011147e-06   0.000000e+00  -5.662070e-05   2.723997e-05   0.000000e+00
0     2.119877e+01   0.000000e+00   0.000000e+00   0.000000e+00   0.000000e+00   0.000000e+00   0.000000e+00
1     2.119877e+01  -1.785516e-06   9.839077e-06   0.000000e+00  -6.182248e-05  -1.121824e-05   0.000000e+00
0     2.129870e+01   0.000000e+00   0.000000e+00   0.000000e+00   0.000000e+00   0.000000e+00   0.000000e+00
1     2.129870e+01  -7.225019e-06   6.913483e-06   0.000000e+00  -4.343968e-05  -4.539601e-05   0.000000e+00
0     2.139864e+01   0.000000e+00   0.000000e+00   0.000000e+00   0.000000e+00   0.000000e+00   0.000000e+00
1     2.139864e+01  -9.908310e-06   1.350509e-06   0.000000e+00  -8.485956e-06  -6.225543e-05   0.000000e+00
0     2.149857e+01   0.000000e+00   0.000000e+00   0.000000e+00   0.000000e+00   0.000000e+00   0.000000e+00
1     2.149857e+01  -8.811825e-06  -4.727655e-06   0.000000e+00   2.970446e-05  -5.536583e-05   0.000000e+00
0     2.159850e+01   0.000000e+00   0.000000e+00   0.000000e+00   0.000000e+00   0.000000e+00   0.000000e+00
1     2.159850e+01  -4.353871e-06  -9.002349e-06   0.000000e+00   5.656341e-05  -2.735563e-05   0.000000e+00
0     2.169844e+01   0.000000e+00   0.000000e+00   0.000000e+00   0.000000e+00   0.000000e+00   0.000000e+00
1     2.169844e+01   1.764973e-06  -9.842867e-06   0.000000e+00   6.184499e-05   1.109054e-05   0.000000e+00
0     2.179837e+01   0.000000e+00   0.000000e+00   0.000000e+00   0.000000e+00   0.000000e+00   0.000000e+00
1     2.179837e+01   7.210502e-06  -6.928504e-06   0.000000e+00   4.353361e-05   4.530664e-05   0.000000e+00
0     2.189830e+01   0.000000e+00   0.000000e+00   0.000000e+00   0.000000e+00   0.000000e+00   0.000000e+00
1     2.189830e+01   9.905279e-06  -1.370982e-06   0.000000e+00   8.613972e-06   6.223922e-05   0.000000e+00
0     2.199999e+01   0.000000e+00   0.000000e+00   0.000000e+00   0.000000e+00   0.000000e+00   0.000000e+00
1     2.199999e+01   8.768788e-06   4.806451e-06   0.000000e+00  -3.020117e-05   5.509837e-05   0.000000e+00
0     2.209992e+01   0.000000e+00   0.000000e+00   0.000000e+00   0.000000e+00   0.000000e+00   0.000000e+00
1     2.209992e+01   4.272489e-06   9.041015e-06   0.000000e+00  -5.680841e-05   2.684634e-05   0.000000e+00
0     2.219986e+01   0.000000e+00   0.000000e+00   0.000000e+00   0.000000e+00   0.000000e+00   0.000000e+00
1     2.219986e+01  -1.853765e-06   9.826444e-06   0.000000e+00  -6.174314e-05  -1.164707e-05   0.000000e+00
0     2.229979e+01   0.000000e+00   0.000000e+00   0.000000e+00   0.000000e+00   0.000000e+00   0.000000e+00
1     2.229979e+01  -7.272830e-06   6.863164e-06   0.000000e+00  -4.312353e-05  -4.569645e-05   0.000000e+00
0     2.239972e+01   0.000000e+00   0.000000e+00   0.000000e+00   0.000000e+00   0.000000e+00   0.000000e+00
1     2.239972e+01  -9.917442e-06   1.281698e-06   0.000000e+00  -8.053603e-06  -6.231285e-05   0.000000e+00
0     2.249966e+01   0.000000e+00   0.000000e+00   0.000000e+00   0.000000e+00   0.000000e+00   0.000000e+00
1     2.249966e+01  -8.778791e-06  -4.788710e-06   0.000000e+00   3.008810e-05  -5.515830e-05   0.000000e+00
0     2.259959e+01   0.000000e+00   0.000000e+00   0.000000e+00   0.000000e+00   0.000000e+00   0.000000e+00
1     2.259959e+01  -4.291267e-06  -9.032354e-06   0.000000e+00   5.675198e-05  -2.696229e-05   0.000000e+00
0     2.269952e+01   0.000000e+00   0.000000e+00   0.000000e+00   0.000000e+00   0.000000e+00   0.000000e+00
1     2.269952e+01   1.833266e-06  -9.830371e-06   0.000000e+00   6.176651e-05   1.151965e-05   0.000000e+00
0     2.279946e+01   0.000000e+00   0.000000e+00   0.000000e+00   0.000000e+00   0.000000e+00   0.000000e+00
1     2.279946e+01   7.258431e-06  -6.878268e-06   0.000000e+00   4.321800e-05   4.560783e-05   0.000000e+00
0     2.289939e+01   0.000000e+00   0.000000e+00   0.000000e+00   0.000000e+00   0.000000e+00   0.000000e+00
1     2.289939e+01   9.914556e-06  -1.302167e-06   0.000000e+00   8.181592e-06   6.229755e-05   0.000000e+00
0     2.299932e+01   0.000000e+00   0.000000e+00   0.000000e+00   0.000000e+00   0.000000e+00   0.000000e+00
1     2.299932e+01   8.788283e-06   4.770704e-06   0.000000e+00  -2.997658e-05   5.522090e-05   0.000000e+00
0     2.309926e+01   0.000000e+00   0.000000e+00   0.000000e+00   0.000000e+00   0.000000e+00   0.000000e+00
1     2.309926e+01   4.309262e-06   9.023541e-06   0.000000e+00  -5.669865e-05   2.707742e-05   0.000000e+00
0     2.319919e+01   0.000000e+00   0.000000e+00   0.000000e+00   0.000000e+00   0.000000e+00   0.000000e+00
1     2.319919e+01  -1.813745e-06   9.833904e-06   0.000000e+00  -6.179006e-05  -1.139562e-05   0.000000e+00
0     2.329912e+01   0.000000e+00   0.000000e+00   0.000000e+00   0.000000e+00   0.000000e+00   0.000000e+00
1     2.329912e+01  -7.244830e-06   6.892708e-06   0.000000e+00  -4.330920e-05  -4.552054e-05   0.000000e+00
0     2.339906e+01   0.000000e+00   0.000000e+00   0.000000e+00   0.000000e+00   0.000000e+00   0.000000e+00
1     2.339906e+01  -9.912138e-06   1.322052e-06   0.000000e+00  -8.307163e-06  -6.227957e-05   0.000000e+00
0     2.349899e+01   0.000000e+00   0.000000e+00   0.000000e+00   0.000000e+00   0.000000e+00   0.000000e+00
1     2.349899e+01  -8.798203e-06  -4.752941e-06   0.000000e+00   2.986337e-05  -5.528031e-05   0.000000e+00
0     2.359892e+01   0.000000e+00   0.000000e+00   0.000000e+00   0.000000e+00   0.000000e+00   0.000000e+00
1     2.359892e+01  -4.327986e-06  -9.014813e-06   0.000000e+00   5.664180e-05  -2.719302e-05   0.000000e+00
0     2.369886e+01   0.000000e+00   0.000000e+00   0.000000e+00   0.000000e+00   0.000000e+00   0.000000e+00
1     2.369886e+01   1.793251e-06  -9.837745e-06   0.000000e+00   6.181289e-05   1.126823e-05   0.000000e+00
0     2.379879e+01   0.000000e+00   0.000000e+00   0.000000e+00   0.000000e+00   0.000000e+00   0.000000e+00
1     2.379879e+01   7.230383e-06  -6.907740e-06   0.000000e+00   4.340321e-05   4.543163e-05   0.000000e+00
0     2.389872e+01   0.000000e+00   0.000000e+00   0.000000e+00   0.000000e+00   0.000000e+00   0.000000e+00
1     2.389872e+01   9.909172e-06  -1.342491e-06   0.000000e+00   8.434964e-06   6.226376e-05   0.000000e+00
0     2.399866e+01   0.000000e+00   0.000000e+00   0.000000e+00   0.000000e+00   0.000000e+00   0.000000e+00
1     2.399866e+01   8.807613e-06   4.734913e-06   0.000000e+00  -2.975171e-05   5.534240e-05   0.000000e+00
0     2.409859e+01   0.000000e+00   0.000000e+00   0.000000e+00   0.000000e+00   0.000000e+00   0.000000e+00
1     2.409859e+01   4.345926e-06   9.005934e-06   0.000000e+00  -5.658806e-05   2.730781e-05   0.000000e+00
0     2.419852e+01   0.000000e+00   0.000000e+00   0.000000e+00   0.000000e+00   0.000000e+00   0.000000e+00
1     2.419852e+01  -1.773734e-06   9.841195e-06   0.000000e+00  -6.183591e-05  -1.114423e-05   0.000000e+00
0     2.429846e+01   0.000000e+00   0.000000e+00   0.000000e+00   0.000000e+00   0.000000e+00   0.000000e+00
1     2.429846e+01  -7.216737e-06   6.922109e-06   0.000000e+00  -4.349396e-05  -4.534406e-05   0.000000e+00
0     2.439839e+01   0.000000e+00   0.000000e+00   0.000000e+00   0.000000e+00   0.000000e+00   0.000000e+00
1     2.439839e+01  -9.906676e-06   1.362344e-06   0.000000e+00  -8.560336e-06  -6.224529e-05   0.000000e+00
0     2.449832e+01   0.000000e+00   0.000000e+00   0.000000e+00   0.000000e+00   0.000000e+00   0.000000e+00
1     2.449832e+01  -8.817450e-06  -4.717129e-06   0.000000e+00   2.963838e-05  -5.540128e-05   0.000000e+00
0     2.459826e+01   0.000000e+00   0.000000e+00   0.000000e+00   0.000000e+00   0.000000e+00   0.000000e+00
1     2.459826e+01  -4.364596e-06  -8.997140e-06   0.000000e+00   5.653079e-05  -2.742307e-05   0.000000e+00
0     2.469994e+01   0.000000e+00   0.000000e+00   0.000000e+00   0.000000e+00   0.000000e+00   0.000000e+00
1     2.469994e+01   1.861588e-06  -9.825038e-06   0.000000e+00   6.173309e-05   1.169762e-05   0.000000e+00
0     2.479988e+01   0.000000e+00   0.000000e+00   0.000000e+00   0.000000e+00   0.000000e+00   0.000000e+00
1     2.479988e+01   7.278223e-06  -6.857308e-06   0.000000e+00   4.308636e-05   4.573225e-05   0.000000e+00
0     2.489981e+01   0.000000e+00   0.000000e+00   0.000000e+00   0.000000e+00   0.000000e+00   0.000000e+00
1     2.489981e+01   9.918261e-06  -1.273570e-06   0.000000e+00   8.001914e-06   6.232091e-05   0.000000e+00
0     2.499974e+01   0.000000e+00   0.000000e+00   0.000000e+00   0.000000e+00   0.000000e+00   0.000000e+00
1     2.499974e+01   8.774477e-06   4.796030e-06   0.000000e+00  -3.013575e-05   5.513423e-05   0.000000e+00
0     2.509968e+01   0.000000e+00   0.000000e+00   0.000000e+00   0.000000e+00   0.000000e+00   0.000000e+00
1     2.509968e+01   4.283204e-06   9.035929e-06   0.000000e+00  -5.677656e-05   2.691372e-05   0.000000e+00
0     2.519961e+01   0.000000e+00   0.000000e+00   0.000000e+00   0.000000e+00   0.000000e+00   0.000000e+00
1     2.519961e+01  -1.842116e-06   9.828621e-06   0.000000e+00  -6.175694e-05  -1.157391e-05   0.000000e+00
0     2.529954e+01   0.000000e+00   0.000000e+00   0.000000e+00   0.000000e+00   0.000000e+00   0.000000e+00
1     2.529954e+01  -7.264691e-06   6.871760e-06   0.000000e+00  -4.317763e-05  -4.564539e-05   0.000000e+00
0     2.539948e+01   0.000000e+00   0.000000e+00   0.000000e+00   0.000000e+00   0.000000e+00   0.000000e+00
1     2.539948e+01  -9.915906e-06   1.293424e-06   0.000000e+00  -8.127297e-06  -6.230332e-05   0.000000e+00
0     2.549941e+01   0.000000e+00   0.000000e+00   0.000000e+00   0.000000e+00   0.000000e+00   0.000000e+00
1     2.549941e+01  -8.784431e-06  -4.778329e-06   0.000000e+00   3.002293e-05  -5.519384e-05   0.000000e+00
0     2.559934e+01   0.000000e+00   0.000000e+00   0.000000e+00   0.000000e+00   0.000000e+00   0.000000e+00
1     2.559934e+01  -4.301918e-06  -9.027272e-06   0.000000e+00   5.672015e-05  -2.702927e-05   0.000000e+00
0     2.569928e+01   0.000000e+00   0.000000e+00   0.000000e+00   0.000000e+00   0.000000e+00   0.000000e+00
1     2.569928e+01   1.821673e-06  -9.832513e-06   0.000000e+00   6.178009e-05   1.144684e-05   0.000000e+00
0     2.579921e+01   0.000000e+00   0.000000e+00   0.000000e+00   0.000000e+00   0.000000e+00   0.000000e+00
1     2.579921e+01   7.250316e-06  -6.886803e-06   0.000000e+00   4.327171e-05   4.555693e-05   0.000000e+00
0     2.589914e+01   0.000000e+00   0.000000e+00   0.000000e+00   0.000000e+00   0.000000e+00   0.000000e+00
1     2.589914e+01   9.913004e-06  -1.313829e-06   0.000000e+00   8.254882e-06   6.228792e-05   0.000000e+00
0     2.599908e+01   0.000000e+00   0.000000e+00   0.000000e+00   0.000000e+00   0.000000e+00   0.000000e+00
1     2.599908e+01   8.793872e-06   4.760365e-06   0.000000e+00  -2.991168e-05   5.525613e-05   0.000000e+00
0     2.609901e+01   0.000000e+00   0.000000e+00   0.000000e+00   0.000000e+00   0.000000e+00   0.000000e+00
1     2.609901e+01   4.319848e-06   9.018463e-06   0.000000e+00  -5.666686e-05   2.714399e-05   0.000000e+00
0     2.619894e+01   0.000000e+00   0.000000e+00   0.000000e+00   0.000000e+00   0.000000e+00   0.000000e+00
1     2.619894e+01  -1.802206e-06   9.836012e-06   0.000000e+00  -6.180342e-05  -1.132315e-05   0.000000e+00
0     2.629888e+01   0.000000e+00   0.000000e+00   0.000000e+00   0.000000e+00   0.000000e+00   0.000000e+00
1     2.629888e+01  -7.236739e-06   6.901183e-06   0.000000e+00  -4.336253e-05  -4.546979e-05   0.000000e+00
0     2.639881e+01   0.000000e+00   0.000000e+00   0.000000e+00   0.000000e+00   0.000000e+00   0.000000e+00
1     2.639881e+01  -9.910571e-06   1.333652e-06   0.000000e+00  -8.380063e-06  -6.226984e-05   0.000000e+00
0     2.649874e+01   0.000000e+00   0.000000e+00   0.000000e+00   0.000000e+00   0.000000e+00   0.000000e+00
1     2.649874e+01  -8.803743e-06  -4.742644e-06   0.000000e+00   2.979873e-05  -5.531522e-05   0.000000e+00
0     2.659868e+01   0.000000e+00   0.000000e+00   0.000000e+00   0.000000e+00   0.000000e+00   0.000000e+00
1     2.659868e+01  -4.338507e-06  -9.009740e-06   0.000000e+00   5.661003e-05  -2.725918e-05   0.000000e+00
0     2.669861e+01   0.000000e+00   0.000000e+00   0.000000e+00   0.000000e+00   0.000000e+00   0.000000e+00
1     2.669861e+01   1.781769e-06  -9.839818e-06   0.000000e+00   6.182603e-05   1.119611e-05   0.000000e+00
0     2.679854e+01   0.000000e+00   0.000000e+00   0.000000e+00   0.000000e+00   0.000000e+00   0.000000e+00
1     2.679854e+01   7.222318e-06  -6.916154e-06   0.000000e+00   4.345616e-05   4.538103e-05   0.000000e+00
0     2.689848e+01   0.000000e+00   0.000000e+00   0.000000e+00   0.000000e+00   0.000000e+00   0.000000e+00
1     2.689848e+01   9.907589e-06  -1.354027e-06   0.000000e+00   8.507463e-06   6.225393e-05   0.000000e+00
0     2.699841e+01   0.000000e+00   0.000000e+00   0.000000e+00   0.000000e+00   0.000000e+00   0.000000e+00
1     2.699841e+01   8.813103e-06   4.724658e-06   0.000000e+00  -2.968733e-05   5.537700e-05   0.000000e+00
0     2.709835e+01   0.000000e+00   0.000000e+00   0.000000e+00   0.000000e+00   0.000000e+00   0.000000e+00
1     2.709835e+01   4.356384e-06   9.000866e-06   0.000000e+00  -5.655633e-05   2.737357e-05   0.000000e+00
0     2.719828e+01   0.000000e+00   0.000000e+00   0.000000e+00   0.000000e+00   0.000000e+00   0.000000e+00
1     2.719828e+01  -1.762306e-06   9.843234e-06   0.000000e+00  -6.184884e-05  -1.107245e-05   0.000000e+00
0     2.729996e+01   0.000000e+00   0.000000e+00   0.000000e+00   0.000000e+00   0.000000e+00   0.000000e+00
1     2.729996e+01  -7.284603e-06   6.850636e-06   0.000000e+00  -4.304496e-05  -4.577056e-05   0.000000e+00
0     2.739990e+01   0.000000e+00   0.000000e+00   0.000000e+00   0.000000e+00   0.000000e+00   0.000000e+00
1     2.739990e+01  -9.919612e-06   1.264625e-06   0.000000e+00  -7.946355e-06  -6.232669e-05   0.000000e+00
0     2.749983e+01   0.000000e+00   0.000000e+00   0.000000e+00   0.000000e+00   0.000000e+00   0.000000e+00
1     2.749983e+01  -8.770507e-06  -4.803819e-06   0.000000e+00   3.018313e-05  -5.510643e-05   0.000000e+00
0     2.759977e+01   0.000000e+00   0.000000e+00   0.000000e+00   0.000000e+00   0.000000e+00   0.000000e+00
1     2.759977e+01  -4.275669e-06  -9.039724e-06   0.000000e+00   5.679847e-05  -2.686437e-05   0.000000e+00
0     2.769970e+01   0.000000e+00   0.000000e+00   0.000000e+00   0.000000e+00   0.000000e+00   0.000000e+00
1     2.769970e+01   1.850239e-06  -9.827168e-06   0.000000e+00   6.174659e-05   1.162634e-05   0.000000e+00
0     2.779963e+01   0.000000e+00   0.000000e+00   0.000000e+00   0.000000e+00   0.000000e+00   0.000000e+00
1     2.779963e+01   7.270299e-06  -6.865691e-06   0.000000e+00   4.313911e-05   4.568255e-05   0.000000e+00
0     2.789957e+01   0.000000e+00   0.000000e+00   0.000000e+00   0.000000e+00   0.000000e+00   0.000000e+00
1     2.789957e+01   9.916774e-06  -1.284997e-06   0.000000e+00   8.073728e-06   6.231169e-05   0.000000e+00
0     2.799950e+01   0.000000e+00   0.000000e+00   0.000000e+00   0.000000e+00   0.000000e+00   0.000000e+00
1     2.799950e+01   8.779981e-06   4.785920e-06   0.000000e+00  -3.007228e-05   5.516892e-05   0.000000e+00
0     2.809943e+01   0.000000e+00   0.000000e+00   0.000000e+00   0.000000e+00   0.000000e+00   0.000000e+00
1     2.809943e+01   4.293587e-06   9.030986e-06   0.000000e+00  -5.674561e-05   2.697902e-05   0.000000e+00
0     2.819937e+01   0.000000e+00   0.000000e+00   0.000000e+00   0.000000e+00   0.000000e+00   0.000000e+00
1     2.819937e+01  -1.830822e-06   9.830718e-06   0.000000e+00  -6.177023e-05  -1.150296e-05   0.000000e+00
0     2.829930e+01   0.000000e+00   0.000000e+00   0.000000e+00   0.000000e+00   0.000000e+00   0.000000e+00
1     2.829930e+01  -7.256791e-06   6.880083e-06   0.000000e+00  -4.323001e-05  -4.559585e-05   0.000000e+00
0     2.839923e+01   0.000000e+00   0.000000e+00   0.000000e+00   0.000000e+00   0.000000e+00   0.000000e+00
1     2.839923e+01  -9.914404e-06   1.304788e-06   0.000000e+00  -8.198716e-06  -6.229401e-05   0.000000e+00
0     2.849917e+01   0.000000e+00   0.000000e+00   0.000000e+00   0.000000e+00   0.000000e+00   0.000000e+00
1     2.849917e+01  -8.789885e-06  -4.768261e-06   0.000000e+00   2.995973e-05  -5.522822e-05   0.000000e+00
0     2.859910e+01   0.000000e+00   0.000000e+00   0.000000e+00   0.000000e+00   0.000000e+00   0.000000e+00
1     2.859910e+01  -4.312235e-06  -9.022334e-06   0.000000e+00   5.668924e-05  -2.709414e-05   0.000000e+00
0     2.869903e+01   0.000000e+00   0.000000e+00   0.000000e+00   0.000000e+00   0.000000e+00   0.000000e+00
1     2.869903e+01   1.810436e-06  -9.834575e-06   0.000000e+00   6.179317e-05   1.137625e-05   0.000000e+00
0     2.879897e+01   0.000000e+00   0.000000e+00   0.000000e+00   0.000000e+00   0.000000e+00   0.000000e+00
1     2.879897e+01   7.242442e-06  -6.895065e-06   0.000000e+00   4.332371e-05   4.550754e-05   0.000000e+00
0     2.889890e+01   0.000000e+00   0.000000e+00   0.000000e+00   0.000000e+00   0.000000e+00   0.000000e+00
1     2.889890e+01   9.911487e-06  -1.325130e-06   0.000000e+00   8.325904e-06   6.227850e-05   0.000000e+00
0     2.899883e+01   0.000000e+00   0.000000e+00   0.000000e+00   0.000000e+00   0.000000e+00   0.000000e+00
1     2.899883e+01   8.799278e-06   4.750340e-06   0.000000e+00  -2.984874e-05   5.529020e-05   0.000000e+00
0     2.909877e+01   0.000000e+00   0.000000e+00   0.000000e+00   0.000000e+00   0.000000e+00   0.000000e+00
1     2.909877e+01   4.330101e-06   9.013530e-06   0.000000e+00  -5.663597e-05   2.720846e-05   0.000000e+00
0     2.919870e+01   0.000000e+00   0.000000e+00   0.000000e+00   0.000000e+00   0.000000e+00   0.000000e+00
1     2.919870e+01  -1.791023e-06   9.838041e-06   0.000000e+00  -6.181629e-05  -1.125290e-05   0.000000e+00
0     2.929863e+01   0.000000e+00   0.000000e+00   0.000000e+00   0.000000e+00   0.000000e+00   0.000000e+00
1     2.929863e+01  -7.228889e-06   6.909387e-06   0.000000e+00  -4.341416e-05  -4.542056e-05   0.000000e+00
0     2.939857e+01   0.000000e+00   0.000000e+00   0.000000e+00   0.000000e+00   0.000000e+00   0.000000e+00
1     2.939857e+01  -9.909040e-06   1.344889e-06   0.000000e+00  -8.450688e-06  -6.226034e-05   0.000000e+00
0     2.949850e+01   0.000000e+00   0.000000e+00   0.000000e+00   0.000000e+00   0.000000e+00   0.000000e+00
1     2.949850e+01  -8.809099e-06  -4.732661e-06   0.000000e+00   2.973607e-05  -5.534898e-05   0.000000e+00
0     2.959843e+01   0.000000e+00   0.000000e+00   0.000000e+00   0.000000e+00   0.000000e+00   0.000000e+00
1     2.959843e+01  -4.348695e-06  -9.004813e-06   0.000000e+00   5.657918e-05  -2.732324e-05   0.000000e+00
0     2.969837e+01   0.000000e+00   0.000000e+00   0.000000e+00   0.000000e+00   0.000000e+00   0.000000e+00
1     2.969837e+01   1.770642e-06  -9.841814e-06   0.000000e+00   6.183869e-05   1.112622e-05   0.000000e+00
0     2.979830e+01   0.000000e+00   0.000000e+00   0.000000e+00   0.000000e+00   0.000000e+00   0.000000e+00
1     2.979830e+01   7.214493e-06  -6.924298e-06   0.000000e+00   4.350741e-05   4.533196e-05   0.000000e+00
0     2.989999e+01   0.000000e+00   0.000000e+00   0.000000e+00   0.000000e+00   0.000000e+00   0.000000e+00
1     2.989999e+01   9.920480e-06  -1.255993e-06   0.000000e+00   7.891494e-06   6.233506e-05   0.000000e+00
0     2.999992e+01   0.000000e+00   0.000000e+00   0.000000e+00   0.000000e+00   0.000000e+00   0.000000e+00
1     2.999992e+01   8.765938e-06   4.811575e-06   0.000000e+00  -3.023353e-05   5.508075e-05   0.000000e+00
0     3.009985e+01   0.000000e+00   0.000000e+00   0.000000e+00   0.000000e+00   0.000000e+00   0.000000e+00
1     3.009985e+01   4.267144e-06   9.043501e-06   0.000000e+00  -5.682432e-05   2.681290e-05   0.000000e+00
0     3.019979e+01   0.000000e+00   0.000000e+00   0.000000e+00   0.000000e+00   0.000000e+00   0.000000e+00
1     3.019979e+01  -1.859581e-06   9.825310e-06   0.000000e+00  -6.173633e-05  -1.168368e-05   0.000000e+00
0     3.029972e+01   0.000000e+00   0.000000e+00   0.000000e+00   0.000000e+00   0.000000e+00   0.000000e+00
1     3.029972e+01  -7.276893e-06   6.858806e-06   0.000000e+00  -4.309637e-05  -4.572221e-05   0.000000e+00
0     3.039965e+01   0.000000e+00   0.000000e+00   0.000000e+00   0.000000e+00   0.000000e+00   0.000000e+00
1     3.039965e+01  -9.918174e-06   1.275752e-06   0.000000e+00  -8.016287e-06  -6.231777e-05   0.000000e+00
0     3.049959e+01   0.000000e+00   0.000000e+00   0.000000e+00   0.000000e+00   0.000000e+00   0.000000e+00
1     3.049959e+01  -8.775874e-06  -4.793980e-06   0.000000e+00   3.012137e-05  -5.514026e-05   0.000000e+00
0     3.059952e+01   0.000000e+00   0.000000e+00   0.000000e+00   0.000000e+00   0.000000e+00   0.000000e+00
1     3.059952e+01  -4.285781e-06  -9.034920e-06   0.000000e+00   5.676839e-05  -2.692796e-05   0.000000e+00
0     3.069945e+01   0.000000e+00   0.000000e+00   0.000000e+00   0.000000e+00   0.000000e+00   0.000000e+00
1     3.069945e+01   1.839246e-06  -9.829219e-06   0.000000e+00   6.175959e-05   1.155728e-05   0.000000e+00
0     3.079939e+01   0.000000e+00   0.000000e+00   0.000000e+00   0.000000e+00   0.000000e+00   0.000000e+00
1     3.079939e+01   7.262615e-06  -6.873800e-06   0.000000e+00   4.319015e-05   4.563436e-05   0.000000e+00
0     3.089932e+01   0.000000e+00   0.000000e+00   0.000000e+00   0.000000e+00   0.000000e+00   0.000000e+00
1     3.089932e+01   9.915321e-06  -1.296061e-06   0.000000e+00   8.143266e-06   6.230268e-05   0.000000e+00
0     3.099925e+01   0.000000e+00   0.000000e+00   0.000000e+00   0.000000e+00   0.000000e+00   0.000000e+00
1     3.099925e+01   8.785300e-06   4.776123e-06   0.000000e+00  -3.001078e-05   5.520244e-05   0.000000e+00
0     3.109919e+01   0.000000e+00   0.000000e+00   0.000000e+00   0.000000e+00   0.000000e+00   0.000000e+00
1     3.109919e+01   4.303636e-06   9.026187e-06   0.000000e+00  -5.671557e-05   2.704221e-05   0.000000e+00
0     3.119912e+01   0.000000e+00   0.000000e+00   0.000000e+00   0.000000e+00   0.000000e+00   0.000000e+00
1     3.119912e+01  -1.819883e-06   9.832735e-06   0.000000e+00  -6.178303e-05  -1.143425e-05   0.000000e+00
0     3.129905e+01   0.000000e+00   0.000000e+00   0.000000e+00   0.000000e+00   0.000000e+00   0.000000e+00
1     3.129905e+01  -7.249133e-06   6.888133e-06   0.000000e+00  -4.328067e-05  -4.554782e-05   0.000000e+00
0     3.139899e+01   0.000000e+00   0.000000e+00   0.000000e+00   0.000000e+00   0.000000e+00   0.000000e+00
1     3.139899e+01  -9.912937e-06   1.315789e-06   0.000000e+00  -8.267855e-06  -6.228491e-05   0.000000e+00
0     3.149892e+01   0.000000e+00   0.000000e+00   0.000000e+00   0.000000e+00   0.000000e+00   0.000000e+00
1     3.149892e+01  -8.795154e-06  -4.758507e-06   0.000000e+00   2.989850e-05  -5.526144e-05   0.000000e+00
0     3.159885e+01   0.000000e+00   0.000000e+00   0.000000e+00   0.000000e+00   0.000000e+00   0.000000e+00
1     3.159885e+01  -4.322219e-06  -9.017541e-06   0.000000e+00   5.665923e-05  -2.715692e-05   0.000000e+00
0     3.169879e+01   0.000000e+00   0.000000e+00   0.000000e+00   0.000000e+00   0.000000e+00   0.000000e+00
1     3.169879e+01   1.799553e-06  -9.836559e-06   0.000000e+00   6.180575e-05   1.130789e-05   0.000000e+00
0     3.179872e+01   0.000000e+00   0.000000e+00   0.000000e+00   0.000000e+00   0.000000e+00   0.000000e+00
1     3.179872e+01   7.234809e-06  -6.903055e-06   0.000000e+00   4.337400e-05   4.545967e-05   0.000000e+00
0     3.189865e+01   0.000000e+00   0.000000e+00   0.000000e+00   0.000000e+00   0.000000e+00   0.000000e+00
1     3.189865e+01   9.910005e-06  -1.336068e-06   0.000000e+00   8.394652e-06   6.226932e-05   0.000000e+00
0     3.199859e+01   0.000000e+00   0.000000e+00   0.000000e+00   0.000000e+00   0.000000e+00   0.000000e+00
1     3.199859e+01   8.804499e-06   4.740627e-06   0.000000e+00  -2.978777e-05   5.532312e-05   0.000000e+00
0     3.209852e+01   0.000000e+00   0.000000e+00   0.000000e+00   0.000000e+00   0.000000e+00   0.000000e+00
1     3.209852e+01   4.340021e-06   9.008743e-06   0.000000e+00  -5.660600e-05   2.727085e-05   0.000000e+00
0     3.219845e+01   0.000000e+00   0.000000e+00   0.000000e+00   0.000000e+00   0.000000e+00   0.000000e+00
1     3.219845e+01  -1.780195e-06   9.839993e-06   0.000000e+00  -6.182868e-05  -1.118489e-05   0.000000e+00
0     3.229839e+01   0.000000e+00   0.000000e+00   0.000000e+00   0.000000e+00   0.000000e+00   0.000000e+00
1     3.229839e+01  -7.221282e-06   6.917318e-06   0.000000e+00  -4.346408e-05  -4.537285e-05   0.000000e+00
0     3.239832e+01   0.000000e+00   0.000000e+00   0.000000e+00   0.000000e+00   0.000000e+00   0.000000e+00
1     3.239832e+01  -9.907544e-06   1.355765e-06   0.000000e+00  -8.519038e-06  -6.225107e-05   0.000000e+00
0     3.249825e+01   0.000000e+00   0.000000e+00   0.000000e+00   0.000000e+00   0.000000e+00   0.000000e+00
1     3.249825e+01  -8.814272e-06  -4.722992e-06   0.000000e+00   2.967537e-05  -5.538159e-05   0.000000e+00
0     3.259994e+01   0.000000e+00   0.000000e+00   0.000000e+00   0.000000e+00   0.000000e+00   0.000000e+00
1     3.259994e+01  -4.259144e-06  -9.047498e-06   0.000000e+00   5.684750e-05  -2.676063e-05   0.000000e+00
0     3.269987e+01   0.000000e+00   0.000000e+00   0.000000e+00   0.000000e+00   0.000000e+00   0.000000e+00
1     3.269987e+01   1.868199e-06  -9.823748e-06   0.000000e+00   6.172530e-05   1.173922e-05   0.000000e+00
0     3.279981e+01   0.000000e+00   0.000000e+00   0.000000e+00   0.000000e+00   0.000000e+00   0.000000e+00
1     3.279981e+01   7.282838e-06  -6.852358e-06   0.000000e+00   4.305548e-05   4.576148e-05   0.000000e+00
0     3.289974e+01   0.000000e+00   0.000000e+00   0.000000e+00   0.000000e+00   0.000000e+00   0.000000e+00
1     3.289974e+01   9.919090e-06  -1.266822e-06   0.000000e+00   7.959552e-06   6.232644e-05   0.000000e+00
0     3.299967e+01   0.000000e+00   0.000000e+00   0.000000e+00   0.000000e+00   0.000000e+00   0.000000e+00
1     3.299967e+01   8.771169e-06   4.802006e-06   0.000000e+00  -3.017346e-05   5.511373e-05   0.000000e+00
0     3.309961e+01   0.000000e+00   0.000000e+00   0.000000e+00   0.000000e+00   0.000000e+00   0.000000e+00
1     3.309961e+01   4.276987e-06   9.038835e-06   0.000000e+00  -5.679512e-05   2.687480e-05   0.000000e+00
0     3.319954e+01   0.000000e+00   0.000000e+00   0.000000e+00   0.000000e+00   0.000000e+00   0.000000e+00
1     3.319954e+01  -1.848887e-06   9.827314e-06   0.000000e+00  -6.174905e-05  -1.161651e-05   0.000000e+00
0     3.329947e+01   0.000000e+00   0.000000e+00   0.000000e+00   0.000000e+00   0.000000e+00   0.000000e+00
1     3.329947e+01  -7.269425e-06   6.866702e-06   0.000000e+00  -4.314607e-05  -4.567537e-05   0.000000e+00
0     3.339941e+01   0.000000e+00   0.000000e+00   0.000000e+00   0.000000e+00   0.000000e+00   0.000000e+00
1     3.339941e+01  -9.916770e-06   1.286518e-06   0.000000e+00  -8.083943e-06  -6.230907e-05   0.000000e+00
0     3.349934e+01   0.000000e+00   0.000000e+00   0.000000e+00   0.000000e+00   0.000000e+00   0.000000e+00
1     3.349934e+01  -8.781057e-06  -4.784454e-06   0.000000e+00   3.006157e-05  -5.517293e-05   0.000000e+00
0     3.359927e+01   0.000000e+00   0.000000e+00   0.000000e+00   0.000000e+00   0.000000e+00   0.000000e+00
1     3.359927e+01  -4.295560e-06  -9.030261e-06   0.000000e+00   5.673923e-05  -2.698945e-05   0.000000e+00
0     3.369921e+01   0.000000e+00   0.000000e+00   0.000000e+00   0.000000e+00   0.000000e+00   0.000000e+00
1     3.369921e+01   1.828607e-06  -9.831190e-06   0.000000e+00   6.177210e-05   1.149046e-05   0.000000e+00
0     3.379914e+01   0.000000e+00   0.000000e+00   0.000000e+00   0.000000e+00   0.000000e+00   0.000000e+00
1     3.379914e+01   7.255172e-06  -6.881637e-06   0.000000e+00   4.323947e-05   4.558768e-05   0.000000e+00
0     3.389907e+01   0.000000e+00   0.000000e+00   0.000000e+00   0.000000e+00   0.000000e+00   0.000000e+00
1     3.389907e+01   9.913903e-06  -1.306764e-06   0.000000e+00   8.210533e-06   6.229389e-05   0.000000e+00
0     3.399901e+01   0.000000e+00   0.000000e+00   0.000000e+00   0.000000e+00   0.000000e+00   0.000000e+00
1     3.399901e+01   8.790434e-06   4.766639e-06   0.000000e+00  -2.995125e-05   5.523481e-05   0.000000e+00
0     3.409894e+01   0.000000e+00   0.000000e+00   0.000000e+00   0.000000e+00   0.000000e+00   0.000000e+00
1     3.409894e+01   4.313351e-06   9.021534e-06   0.000000e+00  -5.668645e-05   2.710331e-05   0.000000e+00
0     3.419887e+01   0.000000e+00   0.000000e+00   0.000000e+00   0.000000e+00   0.000000e+00   0.000000e+00
1     3.419887e+01  -1.809300e-06   9.834675e-06   0.000000e+00  -6.179534e-05  -1.136778e-05   0.000000e+00
0     3.429881e+01   0.000000e+00   0.000000e+00   0.000000e+00   0.000000e+00   0.000000e+00   0.000000e+00
1     3.429881e+01  -7.241716e-06   6.895911e-06   0.000000e+00  -4.332963e-05  -4.550130e-05   0.000000e+00
0     3.439874e+01   0.000000e+00   0.000000e+00   0.000000e+00   0.000000e+00   0.000000e+00   0.000000e+00
1     3.439874e+01  -9.911506e-06   1.326428e-06   0.000000e+00  -8.334720e-06  -6.227604e-05   0.000000e+00
0     3.449867e+01   0.000000e+00   0.000000e+00   0.000000e+00   0.000000e+00   0.000000e+00   0.000000e+00
1     3.449867e+01  -8.800240e-06  -4.749068e-06   0.000000e+00   2.983925e-05  -5.529350e-05   0.000000e+00
0     3.459861e+01   0.000000e+00   0.000000e+00   0.000000e+00   0.000000e+00   0.000000e+00   0.000000e+00
1     3.459861e+01  -4.331869e-06  -9.012895e-06   0.000000e+00   5.663015e-05  -2.721761e-05   0.000000e+00
0     3.469854e+01   0.000000e+00   0.000000e+00   0.000000e+00   0.000000e+00   0.000000e+00   0.000000e+00
1     3.469854e+01   1.789025e-06  -9.838466e-06   0.000000e+00   6.181786e-05   1.124176e-05   0.000000e+00
0     3.479847e+01   0.000000e+00   0.000000e+00   0.000000e+00   0.000000e+00   0.000000e+00   0.000000e+00
1     3.479847e+01   7.227418e-06  -6.910775e-06   0.000000e+00   4.342258e-05   4.541331e-05   0.000000e+00
0     3.489841e+01   0.000000e+00   0.000000e+00   0.000000e+00   0.000000e+00   0.000000e+00   0.000000e+00
1     3.489841e+01   9.908561e-06  -1.346645e-06   0.000000e+00   8.461128e-06   6.226036e-05   0.000000e+00
0     3.499834e+01   0.000000e+00   0.000000e+00   0.000000e+00   0.000000e+00   0.000000e+00   0.000000e+00
1     3.499834e+01   8.809538e-06   4.731230e-06   0.000000e+00  -2.972878e-05   5.535488e-05   0.000000e+00
0     3.509827e+01   0.000000e+00   0.000000e+00   0.000000e+00   0.000000e+00   0.000000e+00   0.000000e+00
1     3.509827e+01   4.349609e-06   9.004104e-06   0.000000e+00  -5.657696e-05   2.733114e-05   0.000000e+00
0     3.519996e+01   0.000000e+00   0.000000e+00   0.000000e+00   0.000000e+00   0.000000e+00   0.000000e+00
1     3.519996e+01  -1.878033e-06   9.821778e-06   0.000000e+00  -6.171433e-05  -1.179966e-05   0.000000e+00
0     3.529989e+01   0.000000e+00   0.000000e+00   0.000000e+00   0.000000e+00   0.000000e+00   0.000000e+00
1     3.529989e+01  -7.289765e-06   6.845093e-06   0.000000e+00  -4.301035e-05  -4.580323e-05   0.000000e+00
0     3.539983e+01   0.000000e+00   0.000000e+00   0.000000e+00   0.000000e+00   0.000000e+00   0.000000e+00
1     3.539983e+01  -9.920537e-06   1.257074e-06   0.000000e+00  -7.898949e-06  -6.233282e-05   0.000000e+00
0     3.549976e+01   0.000000e+00   0.000000e+00   0.000000e+00   0.000000e+00   0.000000e+00   0.000000e+00
1     3.549976e+01  -8.766804e-06  -4.810502e-06   0.000000e+00   3.022528e-05  -5.508345e-05   0.000000e+00
0     3.559969e+01   0.000000e+00   0.000000e+00   0.000000e+00   0.000000e+00   0.000000e+00   0.000000e+00
1     3.559969e+01  -4.268718e-06  -9.042971e-06   0.000000e+00   5.681916e-05  -2.682083e-05   0.000000e+00
0     3.569963e+01   0.000000e+00   0.000000e+00   0.000000e+00   0.000000e+00   0.000000e+00   0.000000e+00
1     3.569963e+01   1.857804e-06  -9.825706e-06   0.000000e+00   6.173772e-05   1.167393e-05   0.000000e+00
0     3.579956e+01   0.000000e+00   0.000000e+00   0.000000e+00   0.000000e+00   0.000000e+00   0.000000e+00
1     3.579956e+01   7.275584e-06  -6.860040e-06   0.000000e+00   4.310383e-05   4.571599e-05   0.000000e+00
0     3.589949e+01   0.000000e+00   0.000000e+00   0.000000e+00   0.000000e+00   0.000000e+00   0.000000e+00
1     3.589949e+01   9.917735e-06  -1.277288e-06   0.000000e+00   8.025332e-06   6.231805e-05   0.000000e+00
0     3.599943e+01   0.000000e+00   0.000000e+00   0.000000e+00   0.000000e+00   0.000000e+00   0.000000e+00
1     3.599943e+01   8.776215e-06   4.792751e-06   0.000000e+00  -3.011536e-05   5.514554e-05   0.000000e+00
0     3.609936e+01   0.000000e+00   0.000000e+00   0.000000e+00   0.000000e+00   0.000000e+00   0.000000e+00
1     3.609936e+01   4.286497e-06   9.034315e-06   0.000000e+00  -5.676683e-05   2.693461e-05   0.000000e+00
0     3.619929e+01   0.000000e+00   0.000000e+00   0.000000e+00   0.000000e+00   0.000000e+00   0.000000e+00
1     3.619929e+01  -1.838547e-06   9.829241e-06   0.000000e+00  -6.176127e-05  -1.155156e-05   0.000000e+00
0     3.629923e+01   0.000000e+00   0.000000e+00   0.000000e+00   0.000000e+00   0.000000e+00   0.000000e+00
1     3.629923e+01  -7.262198e-06   6.874325e-06   0.000000e+00  -4.319405e-05  -4.563005e-05   0.000000e+00
0     3.639916e+01   0.000000e+00   0.000000e+00   0.000000e+00   0.000000e+00   0.000000e+00   0.000000e+00
1     3.639916e+01  -9.915402e-06   1.296920e-06   0.000000e+00  -8.149323e-06  -6.230060e-05   0.000000e+00
0     3.649909e+01   0.000000e+00   0.000000e+00   0.000000e+00   0.000000e+00   0.000000e+00   0.000000e+00
1     3.649909e+01  -8.786055e-06  -4.775243e-06   0.000000e+00   3.000375e-05  -5.520444e-05   0.000000e+00
0     3.659903e+01   0.000000e+00   0.000000e+00   0.000000e+00   0.000000e+00   0.000000e+00   0.000000e+00
1     3.659903e+01  -4.305006e-06  -9.025747e-06   0.000000e+00   5.671098e-05  -2.704886e-05   0.000000e+00
0     3.669896e+01   0.000000e+00   0.000000e+00   0.000000e+00   0.000000e+00   0.000000e+00   0.000000e+00
1     3.669896e+01   1.818323e-06  -9.833085e-06   0.000000e+00   6.178412e-05   1.142587e-05   0.000000e+00
0     3.679889e+01   0.000000e+00   0.000000e+00   0.000000e+00   0.000000e+00   0.000000e+00   0.000000e+00
1     3.679889e+01   7.247971e-06  -6.889202e-06   0.000000e+00   4.328709e-05   4.554252e-05   0.000000e+00
0     3.689883e+01   0.000000e+00   0.000000e+00   0.000000e+00   0.000000e+00   0.000000e+00   0.000000e+00
1     3.689883e+01   9.912522e-06  -1.317105e-06   0.000000e+00   8.275523e-06   6.228533e-05   0.000000e+00
0     3.699876e+01   0.000000e+00   0.000000e+00   0.000000e+00   0.000000e+00   0.000000e+00   0.000000e+00
1     3.699876e+01   8.795385e-06   4.757470e-06   0.000000e+00  -2.989369e-05   5.526603e-05   0.000000e+00
0     3.709870e+01   0.000000e+00   0.000000e+00   0.000000e+00   0.000000e+00   0.000000e+00   0.000000e+00
1     3.709870e+01   4.322733e-06   9.017028e-06   0.000000e+00  -5.665824e-05   2.716231e-05   0.000000e+00
0     3.719863e+01   0.000000e+00   0.000000e+00   0.000000e+00   0.000000e+00   0.000000e+00   0.000000e+00
1     3.719863e+01  -1.799072e-06   9.836538e-06   0.000000e+00  -6.180716e-05  -1.130354e-05   0.000000e+00
0     3.729856e+01   0.000000e+00   0.000000e+00   0.000000e+00   0.000000e+00   0.000000e+00   0.000000e+00
1     3.729856e+01  -7.234542e-06   6.903417e-06   0.000000e+00  -4.337688e-05  -4.545632e-05   0.000000e+00
0     3.739850e+01   0.000000e+00   0.000000e+00   0.000000e+00   0.000000e+00   0.000000e+00   0.000000e+00
1     3.739850e+01  -9.910112e-06   1.336706e-06   0.000000e+00  -8.399311e-06  -6.226740e-05   0.000000e+00
0     3.749843e+01   0.000000e+00   0.000000e+00   0.000000e+00   0.000000e+00   0.000000e+00   0.000000e+00
1     3.749843e+01  -8.805144e-06  -4.739942e-06   0.000000e+00   2.978197e-05  -5.532442e-05   0.000000e+00
0     3.759836e+01   0.000000e+00   0.000000e+00   0.000000e+00   0.000000e+00   0.000000e+00   0.000000e+00
1     3.759836e+01  -4.341188e-06  -9.008396e-06   0.000000e+00   5.660199e-05  -2.727621e-05   0.000000e+00
0     3.769830e+01   0.000000e+00   0.000000e+00   0.000000e+00   0.000000e+00   0.000000e+00   0.000000e+00
1     3.769830e+01   1.778853e-06  -9.840298e-06   0.000000e+00   6.182948e-05   1.117787e-05   0.000000e+00
0     3.779998e+01   0.000000e+00   0.000000e+00   0.000000e+00   0.000000e+00   0.000000e+00   0.000000e+00
1     3.779998e+01   7.296042e-06  -6.838265e-06   0.000000e+00   4.296707e-05   4.584460e-05   0.000000e+00
0     3.789992e+01   0.000000e+00   0.000000e+00   0.000000e+00   0.000000e+00   0.000000e+00   0.000000e+00
1     3.789992e+01   9.921499e-06  -1.247640e-06   0.000000e+00   7.839051e-06   6.234178e-05   0.000000e+00
0     3.799985e+01   0.000000e+00   0.000000e+00   0.000000e+00   0.000000e+00   0.000000e+00   0.000000e+00
1     3.799985e+01   8.761840e-06   4.818962e-06   0.000000e+00  -3.028010e-05   5.505529e-05   0.000000e+00
0     3.809978e+01   0.000000e+00   0.000000e+00   0.000000e+00   0.000000e+00   0.000000e+00   0.000000e+00
1     3.809978e+01   4.259459e-06   9.047085e-06   0.000000e+00  -5.684714e-05   2.676474e-05   0.000000e+00
0     3.819972e+01   0.000000e+00   0.000000e+00   0.000000e+00   0.000000e+00   0.000000e+00   0.000000e+00
1     3.819972e+01  -1.867938e-06   9.823689e-06   0.000000e+00  -6.172647e-05  -1.173625e-05   0.000000e+00
0     3.829965e+01   0.000000e+00   0.000000e+00   0.000000e+00   0.000000e+00   0.000000e+00   0.000000e+00
1     3.829965e+01  -7.282727e-06   6.852561e-06   0.000000e+00  -4.305736e-05  -4.575910e-05   0.000000e+00
0     3.839958e+01   0.000000e+00   0.000000e+00   0.000000e+00   0.000000e+00   0.000000e+00   0.000000e+00
1     3.839958e+01  -9.919230e-06   1.267240e-06   0.000000e+00  -7.962845e-06  -6.232473e-05   0.000000e+00
0     3.849952e+01   0.000000e+00   0.000000e+00   0.000000e+00   0.000000e+00   0.000000e+00   0.000000e+00
1     3.849952e+01  -8.771714e-06  -4.801517e-06   0.000000e+00   3.016888e-05  -5.511440e-05   0.000000e+00
0     3.859945e+01   0.000000e+00   0.000000e+00   0.000000e+00   0.000000e+00   0.000000e+00   0.000000e+00
1     3.859945e+01  -4.277957e-06  -9.038589e-06   0.000000e+00   5.679174e-05  -2.687894e-05   0.000000e+00
0     3.869938e+01   0.000000e+00   0.000000e+00   0.000000e+00   0.000000e+00   0.000000e+00   0.000000e+00
1     3.869938e+01   1.847764e-06  -9.827586e-06   0.000000e+00   6.174965e-05   1.161087e-05   0.000000e+00
0     3.879932e+01   0.000000e+00   0.000000e+00   0.000000e+00   0.000000e+00   0.000000e+00   0.000000e+00
1     3.879932e+01   7.268572e-06  -6.867451e-06   0.000000e+00   4.315048e-05   4.567202e-05   0.000000e+00
0     3.889925e+01   0.000000e+00   0.000000e+00   0.000000e+00   0.000000e+00   0.000000e+00   0.000000e+00
1     3.889925e+01   9.916415e-06  -1.287392e-06   0.000000e+00   8.088837e-06   6.230988e-05   0.000000e+00
0     3.899918e+01   0.000000e+00   0.000000e+00   0.000000e+00   0.000000e+00   0.000000e+00   0.000000e+00
1     3.899918e+01   8.781077e-06   4.783809e-06   0.000000e+00  -3.005924e-05   5.517620e-05   0.000000e+00
0     3.909912e+01   0.000000e+00   0.000000e+00   0.000000e+00   0.000000e+00   0.000000e+00   0.000000e+00
1     3.909912e+01   4.295674e-06   9.029941e-06   0.000000e+00  -5.673945e-05   2.699232e-05   0.000000e+00
0     3.919905e+01   0.000000e+00   0.000000e+00   0.000000e+00   0.000000e+00   0.000000e+00   0.000000e+00
1     3.919905e+01  -1.828564e-06   9.831090e-06   0.000000e+00  -6.177301e-05  -1.148886e-05   0.000000e+00
0     3.929898e+01   0.000000e+00   0.000000e+00   0.000000e+00   0.000000e+00   0.000000e+00   0.000000e+00
1     3.929898e+01  -7.255213e-06   6.881678e-06   0.000000e+00  -4.324034e-05  -4.558626e-05   0.000000e+00
0     3.939892e+01   0.000000e+00   0.000000e+00   0.000000e+00   0.000000e+00   0.000000e+00   0.000000e+00
1     3.939892e+01  -9.914070e-06   1.306961e-06   0.000000e+00  -8.212430e-06  -6.229235e-05   0.000000e+00
0     3.949885e+01   0.000000e+00   0.000000e+00   0.000000e+00   0.000000e+00   0.000000e+00   0.000000e+00
1     3.949885e+01  -8.790870e-06  -4.766345e-06   0.000000e+00   2.994791e-05  -5.523480e-05   0.000000e+00
0     3.959878e+01   0.000000e+00   0.000000e+00   0.000000e+00   0.000000e+00   0.000000e+00   0.000000e+00
1     3.959878e+01  -4.314118e-06  -9.021381e-06   0.000000e+00   5.668365e-05  -2.710617e-05   0.000000e+00
0     3.969872e+01   0.000000e+00   0.000000e+00   0.000000e+00   0.000000e+00   0.000000e+00   0.000000e+00
1     3.969872e+01   1.808395e-06  -9.834902e-06   0.000000e+00   6.179566e-05   1.136351e-05   0.000000e+00
0     3.979865e+01   0.000000e+00   0.000000e+00   0.000000e+00   0.000000e+00   0.000000e+00   0.000000e+00
1     3.979865e+01   7.241013e-06  -6.896497e-06   0.000000e+00   4.333301e-05   4.549889e-05   0.000000e+00
0     3.989858e+01   0.000000e+00   0.000000e+00   0.000000e+00   0.000000e+00   0.000000e+00   0.000000e+00
1     3.989858e+01   9.911178e-06  -1.327083e-06   0.000000e+00   8.338239e-06   6.227700e-05   0.000000e+00
0     3.999852e+01   0.000000e+00   0.000000e+00   0.000000e+00   0.000000e+00   0.000000e+00   0.000000e+00
1     3.999852e+01   8.800154e-06   4.748616e-06   0.000000e+00  -2.983812e-05   5.529610e-05   0.000000e+00
0     4.009845e+01   0.000000e+00   0.000000e+00   0.000000e+00   0.000000e+00   0.000000e+00   0.000000e+00
1     4.009845e+01   4.331783e-06   9.012670e-06   0.000000e+00  -5.663097e-05   2.721922e-05   0.000000e+00
0     4.019838e+01   0.000000e+00   0.000000e+00   0.000000e+00   0.000000e+00   0.000000e+00   0.000000e+00
1     4.019838e+01  -1.789201e-06   9.838325e-06   0.000000e+00  -6.181851e-05  -1.124153e-05   0.000000e+00
0     4.029832e+01   0.000000e+00   0.000000e+00   0.000000e+00   0.000000e+00   0.000000e+00   0.000000e+00
1     4.029832e+01  -7.227612e-06   6.910654e-06   0.000000e+00  -4.342243e-05  -4.541286e-05   0.000000e+00
0     4.039825e+01   0.000000e+00   0.000000e+00   0.000000e+00   0.000000e+00   0.000000e+00   0.000000e+00
1     4.039825e+01  -9.908757e-06   1.346621e-06   0.000000e+00  -8.461630e-06  -6.225900e-05   0.000000e+00
0     4.049994e+01   0.000000e+00   0.000000e+00   0.000000e+00   0.000000e+00   0.000000e+00   0.000000e+00
1     4.049994e+01  -8.757216e-06  -4.827891e-06   0.000000e+00   3.033464e-05  -5.502338e-05   0.000000e+00
0     4.059987e+01   0.000000e+00   0.000000e+00   0.000000e+00   0.000000e+00   0.000000e+00   0.000000e+00
1     4.059987e+01  -4.250724e-06  -9.051419e-06   0.000000e+00   5.687243e-05  -2.670786e-05   0.000000e+00
0     4.069980e+01   0.000000e+00   0.000000e+00   0.000000e+00   0.000000e+00   0.000000e+00   0.000000e+00
1     4.069980e+01   1.877348e-06  -9.821968e-06   0.000000e+00   6.171444e-05   1.179677e-05   0.000000e+00
0     4.079974e+01   0.000000e+00   0.000000e+00   0.000000e+00   0.000000e+00   0.000000e+00   0.000000e+00
1     4.079974e+01   7.289218e-06  -6.845519e-06   0.000000e+00   4.301273e-05   4.580181e-05   0.000000e+00
0     4.089967e+01   0.000000e+00   0.000000e+00   0.000000e+00   0.000000e+00   0.000000e+00   0.000000e+00
1     4.089967e+01   9.920241e-06  -1.257507e-06   0.000000e+00   7.901064e-06   6.233399e-05   0.000000e+00
0     4.099960e+01   0.000000e+00   0.000000e+00   0.000000e+00   0.000000e+00   0.000000e+00   0.000000e+00
1     4.099960e+01   8.766612e-06   4.810248e-06   0.000000e+00  -3.022540e-05   5.508538e-05   0.000000e+00
0     4.109954e+01   0.000000e+00   0.000000e+00   0.000000e+00   0.000000e+00   0.000000e+00   0.000000e+00
1     4.109954e+01   4.268428e-06   9.042842e-06   0.000000e+00  -5.682059e-05   2.682116e-05   0.000000e+00
0     4.119947e+01   0.000000e+00   0.000000e+00   0.000000e+00   0.000000e+00   0.000000e+00   0.000000e+00
1     4.119947e+01  -1.858199e-06   9.825523e-06   0.000000e+00  -6.173811e-05  -1.167508e-05   0.000000e+00
0     4.129940e+01   0.000000e+00   0.000000e+00   0.000000e+00   0.000000e+00   0.000000e+00   0.000000e+00
1     4.129940e+01  -7.275931e-06   6.859758e-06   0.000000e+00  -4.310266e-05  -4.571649e-05   0.000000e+00
0     4.139934e+01   0.000000e+00   0.000000e+00   0.000000e+00   0.000000e+00   0.000000e+00   0.000000e+00
1     4.139934e+01  -9.917960e-06   1.277045e-06   0.000000e+00  -8.024463e-06  -6.231687e-05   0.000000e+00
0     4.149927e+01   0.000000e+00   0.000000e+00   0.000000e+00   0.000000e+00   0.000000e+00   0.000000e+00
1     4.149927e+01  -8.776439e-06  -4.792848e-06   0.000000e+00   3.011447e-05  -5.514420e-05   0.000000e+00
0     4.159920e+01   0.000000e+00   0.000000e+00   0.000000e+00   0.000000e+00   0.000000e+00   0.000000e+00
1     4.159920e+01  -4.286864e-06  -9.034354e-06   0.000000e+00   5.676524e-05  -2.693495e-05   0.000000e+00
0     4.169914e+01   0.000000e+00   0.000000e+00   0.000000e+00   0.000000e+00   0.000000e+00   0.000000e+00
1     4.169914e+01   1.838080e-06  -9.829388e-06   0.000000e+00   6.176110e-05   1.155004e-05   0.000000e+00
0     4.179907e+01   0.000000e+00   0.000000e+00   0.000000e+00   0.000000e+00   0.000000e+00   0.000000e+00
1     4.179907e+01   7.261803e-06  -6.874589e-06   0.000000e+00   4.319542e-05   4.562958e-05   0.000000e+00
0     4.189900e+01   0.000000e+00   0.000000e+00   0.000000e+00   0.000000e+00   0.000000e+00   0.000000e+00
1     4.189900e+01   9.915133e-06  -1.297134e-06   0.000000e+00   8.150062e-06   6.230194e-05   0.000000e+00
0     4.199894e+01   0.000000e+00   0.000000e+00   0.000000e+00   0.000000e+00   0.000000e+00   0.000000e+00
1     4.199894e+01   8.785756e-06   4.775184e-06   0.000000e+00  -3.000509e-05   5.520571e-05   0.000000e+00
0     4.209887e+01   0.000000e+00   0.000000e+00   0.000000e+00   0.000000e+00   0.000000e+00   0.000000e+00
1     4.209887e+01   4.304517e-06   9.025715e-06   0.000000e+00  -5.671301e-05   2.704793e-05   0.000000e+00
0     4.219880e+01   0.000000e+00   0.000000e+00   0.000000e+00   0.000000e+00   0.000000e+00   0.000000e+00
1     4.219880e+01  -1.818937e-06   9.832862e-06   0.000000e+00  -6.178427e-05  -1.142839e-05   0.000000e+00
0     4.229874e+01   0.000000e+00   0.000000e+00   0.000000e+00   0.000000e+00   0.000000e+00   0.000000e+00
1     4.229874e+01  -7.248472e-06   6.888759e-06   0.000000e+00  -4.328491e-05  -4.554399e-05   0.000000e+00
0     4.239867e+01   0.000000e+00   0.000000e+00   0.000000e+00   0.000000e+00   0.000000e+00   0.000000e+00
1     4.239867e+01  -9.912776e-06   1.316640e-06   0.000000e+00  -8.273259e-06  -6.228434e-05   0.000000e+00
0     4.249860e+01   0.000000e+00   0.000000e+00   0.000000e+00   0.000000e+00   0.000000e+00   0.000000e+00
1     4.249860e+01  -8.795503e-06  -4.757763e-06   0.000000e+00   2.989404e-05  -5.526402e-05   0.000000e+00
0     4.259854e+01   0.000000e+00   0.000000e+00   0.000000e+00   0.000000e+00   0.000000e+00   0.000000e+00
1     4.259854e+01  -4.322898e-06  -9.017163e-06   0.000000e+00   5.665726e-05  -2.716139e-05   0.000000e+00
0     4.269847e+01   0.000000e+00   0.000000e+00   0.000000e+00   0.000000e+00   0.000000e+00   0.000000e+00
1     4.269847e+01   1.798824e-06  -9.836644e-06   0.000000e+00   6.180673e-05   1.130339e-05   0.000000e+00
0     4.279840e+01   0.000000e+00   0.000000e+00   0.000000e+00   0.000000e+00   0.000000e+00   0.000000e+00
1     4.279840e+01   7.234300e-06  -6.903520e-06   0.000000e+00   4.337723e-05   4.545679e-05   0.000000e+00
0     4.289834e+01   0.000000e+00   0.000000e+00   0.000000e+00   0.000000e+00   0.000000e+00   0.000000e+00
1     4.289834e+01   9.909872e-06  -1.336699e-06   0.000000e+00   8.398676e-06   6.226892e-05   0.000000e+00
0     4.299827e+01   0.000000e+00   0.000000e+00   0.000000e+00   0.000000e+00   0.000000e+00   0.000000e+00
1     4.299827e+01   8.804741e-06   4.740078e-06   0.000000e+00  -2.978453e-05   5.532503e-05   0.000000e+00
0     4.309996e+01   0.000000e+00   0.000000e+00   0.000000e+00   0.000000e+00   0.000000e+00   0.000000e+00
1     4.309996e+01   4.240998e-06   9.055730e-06   0.000000e+00  -5.690164e-05   2.664883e-05   0.000000e+00
0     4.319989e+01   0.000000e+00   0.000000e+00   0.000000e+00   0.000000e+00   0.000000e+00   0.000000e+00
1     4.319989e+01  -1.887976e-06   9.819836e-06   0.000000e+00  -6.170245e-05  -1.186220e-05   0.000000e+00
0     4.329982e+01   0.000000e+00   0.000000e+00   0.000000e+00   0.000000e+00   0.000000e+00   0.000000e+00
1     4.329982e+01  -7.296692e-06   6.837658e-06   0.000000e+00  -4.296385e-05  -4.584700e-05   0.000000e+00
0     4.339976e+01   0.000000e+00   0.000000e+00   0.000000e+00   0.000000e+00   0.000000e+00   0.000000e+00
1     4.339976e+01  -9.921779e-06   1.246955e-06   0.000000e+00  -7.835413e-06  -6.234095e-05   0.000000e+00
0     4.349969e+01   0.000000e+00   0.000000e+00   0.000000e+00   0.000000e+00   0.000000e+00   0.000000e+00
1     4.349969e+01  -8.761850e-06  -4.819448e-06   0.000000e+00   3.028165e-05  -5.505261e-05   0.000000e+00
0     4.359962e+01   0.000000e+00   0.000000e+00   0.000000e+00   0.000000e+00   0.000000e+00   0.000000e+00
1     4.359962e+01  -4.259423e-06  -9.047314e-06   0.000000e+00   5.684675e-05  -2.676257e-05   0.000000e+00
0     4.369956e+01   0.000000e+00   0.000000e+00   0.000000e+00   0.000000e+00   0.000000e+00   0.000000e+00
1     4.369956e+01   1.867908e-06  -9.823755e-06   0.000000e+00   6.172578e-05   1.173748e-05   0.000000e+00
0     4.379949e+01   0.000000e+00   0.000000e+00   0.000000e+00   0.000000e+00   0.000000e+00   0.000000e+00
1     4.379949e+01   7.282637e-06  -6.852501e-06   0.000000e+00   4.305668e-05   4.576055e-05   0.000000e+00
0     4.389942e+01   0.000000e+00   0.000000e+00   0.000000e+00   0.000000e+00   0.000000e+00   0.000000e+00
1     4.389942e+01   9.919018e-06  -1.267011e-06   0.000000e+00   7.960801e-06   6.232643e-05   0.000000e+00
0     4.399936e+01   0.000000e+00   0.000000e+00   0.000000e+00   0.000000e+00   0.000000e+00   0.000000e+00
1     4.399936e+01   8.771201e-06   4.801849e-06   0.000000e+00  -3.017269e-05   5.511432e-05   0.000000e+00
0     4.409929e+01   0.000000e+00   0.000000e+00   0.000000e+00   0.000000e+00   0.000000e+00   0.000000e+00
1     4.409929e+01   4.277065e-06   9.038747e-06   0.000000e+00  -5.679496e-05   2.687548e-05   0.000000e+00
0     4.419922e+01   0.000000e+00   0.000000e+00   0.000000e+00   0.000000e+00   0.000000e+00   0.000000e+00
1     4.419922e+01  -1.848816e-06   9.827280e-06   0.000000e+00  -6.174927e-05  -1.161614e-05   0.000000e+00
0     4.429916e+01   0.000000e+00   0.000000e+00   0.000000e+00   0.000000e+00   0.000000e+00   0.000000e+00
1     4.429916e+01  -7.269377e-06   6.866683e-06   0.000000e+00  -4.314626e-05  -4.567540e-05   0.000000e+00
0     4.439909e+01   0.000000e+00   0.000000e+00   0.000000e+00   0.000000e+00   0.000000e+00   0.000000e+00
1     4.439909e+01  -9.916726e-06   1.286486e-06   0.000000e+00  -8.083805e-06  -6.230924e-05   0.000000e+00
0     4.449902e+01   0.000000e+00   0.000000e+00   0.000000e+00   0.000000e+00   0.000000e+00   0.000000e+00
1     4.449902e+01  -8.780982e-06  -4.784493e-06   0.000000e+00   3.006203e-05  -5.517285e-05   0.000000e+00
0     4.459896e+01   0.000000e+00   0.000000e+00   0.000000e+00   0.000000e+00   0.000000e+00   0.000000e+00
1     4.459896e+01  -4.295437e-06  -9.030267e-06   0.000000e+00   5.673967e-05  -2.698887e-05   0.000000e+00
0     4.469889e+01   0.000000e+00   0.000000e+00   0.000000e+00   0.000000e+00   0.000000e+00   0.000000e+00
1     4.469889e+01   1.828754e-06  -9.831115e-06   0.000000e+00   6.177207e-05   1.149146e-05   0.000000e+00
0     4.479882e+01   0.000000e+00   0.000000e+00   0.000000e+00   0.000000e+00   0.000000e+00   0.000000e+00
1     4.479882e+01   7.255277e-06  -6.881457e-06   0.000000e+00   4.323865e-05   4.558866e-05   0.000000e+00
0     4.489876e+01   0.000000e+00   0.000000e+00   0.000000e+00   0.000000e+00   0.000000e+00   0.000000e+00
1     4.489876e+01   9.913888e-06  -1.306513e-06   0.000000e+00   8.209011e-06   6.229424e-05   0.000000e+00
0     4.499869e+01   0.000000e+00   0.000000e+00   0.000000e+00   0.000000e+00   0.000000e+00   0.000000e+00
1     4.499869e+01   8.790253e-06   4.766873e-06   0.000000e+00  -2.995293e-05   5.523407e-05   0.000000e+00
0     4.509862e+01   0.000000e+00   0.000000e+00   0.000000e+00   0.000000e+00   0.000000e+00   0.000000e+00
1     4.509862e+01   4.313027e-06   9.021637e-06   0.000000e+00  -5.668749e-05   2.710146e-05   0.000000e+00
0     4.519856e+01   0.000000e+00   0.000000e+00   0.000000e+00   0.000000e+00   0.000000e+00   0.000000e+00
1     4.519856e+01  -1.809666e-06   9.834559e-06   0.000000e+00  -6.179505e-05  -1.137016e-05   0.000000e+00
0     4.529849e+01   0.000000e+00   0.000000e+00   0.000000e+00   0.000000e+00   0.000000e+00   0.000000e+00
1     4.529849e+01  -7.241975e-06   6.895570e-06   0.000000e+00  -4.332779e-05  -4.550325e-05   0.000000e+00
0     4.539842e+01   0.000000e+00   0.000000e+00   0.000000e+00   0.000000e+00   0.000000e+00   0.000000e+00
1     4.539842e+01  -9.911521e-06   1.325956e-06   0.000000e+00  -8.331814e-06  -6.227658e-05   0.000000e+00
0     4.549836e+01   0.000000e+00   0.000000e+00   0.000000e+00   0.000000e+00   0.000000e+00   0.000000e+00
1     4.549836e+01  -8.799955e-06  -4.749497e-06   0.000000e+00   2.984216e-05  -5.529210e-05   0.000000e+00
0     4.559829e+01   0.000000e+00   0.000000e+00   0.000000e+00   0.000000e+00   0.000000e+00   0.000000e+00
1     4.559829e+01  -4.331346e-06  -9.013094e-06   0.000000e+00   5.663180e-05  -2.721451e-05   0.000000e+00
0     4.569998e+01   0.000000e+00   0.000000e+00   0.000000e+00   0.000000e+00   0.000000e+00   0.000000e+00
1     4.569998e+01   1.897878e-06  -9.818000e-06   0.000000e+00   6.168970e-05   1.192581e-05   0.000000e+00
0     4.579991e+01   0.000000e+00   0.000000e+00   0.000000e+00   0.000000e+00   0.000000e+00   0.000000e+00
1     4.579991e+01   7.303515e-06  -6.830232e-06   0.000000e+00   4.291681e-05   4.589179e-05   0.000000e+00
0     4.589984e+01   0.000000e+00   0.000000e+00   0.000000e+00   0.000000e+00   0.000000e+00   0.000000e+00
1     4.589984e+01   9.922832e-06  -1.236717e-06   0.000000e+00   7.770455e-06   6.235048e-05   0.000000e+00
0     4.599978e+01   0.000000e+00   0.000000e+00   0.000000e+00   0.000000e+00   0.000000e+00   0.000000e+00
1     4.599978e+01   8.756486e-06   4.828613e-06   0.000000e+00  -3.034090e-05   5.502193e-05   0.000000e+00
0     4.609971e+01   0.000000e+00   0.000000e+00   0.000000e+00   0.000000e+00   0.000000e+00   0.000000e+00
1     4.609971e+01   4.249427e-06   9.051764e-06   0.000000e+00  -5.687683e-05   2.670185e-05   0.000000e+00
0     4.619964e+01   0.000000e+00   0.000000e+00   0.000000e+00   0.000000e+00   0.000000e+00   0.000000e+00
1     4.619964e+01  -1.878836e-06   9.821576e-06   0.000000e+00  -6.171350e-05  -1.180479e-05   0.000000e+00
0     4.629958e+01   0.000000e+00   0.000000e+00   0.000000e+00   0.000000e+00   0.000000e+00   0.000000e+00
1     4.629958e+01  -7.290326e-06   6.844426e-06   0.000000e+00  -4.300646e-05  -4.580709e-05   0.000000e+00
0     4.639951e+01   0.000000e+00   0.000000e+00   0.000000e+00   0.000000e+00   0.000000e+00   0.000000e+00
1     4.639951e+01  -9.920605e-06   1.256160e-06   0.000000e+00  -7.893263e-06  -6.233369e-05   0.000000e+00
0     4.649944e+01   0.000000e+00   0.000000e+00   0.000000e+00   0.000000e+00   0.000000e+00   0.000000e+00
1     4.649944e+01  -8.766301e-06  -4.811320e-06   0.000000e+00   3.023063e-05  -5.508068e-05   0.000000e+00
0     4.659938e+01   0.000000e+00   0.000000e+00   0.000000e+00   0.000000e+00   0.000000e+00   0.000000e+00
1     4.659938e+01  -4.267789e-06  -9.043356e-06   0.000000e+00   5.682199e-05  -2.681519e-05   0.000000e+00
0     4.669931e+01   0.000000e+00   0.000000e+00   0.000000e+00   0.000000e+00   0.000000e+00   0.000000e+00
1     4.669931e+01   1.858825e-06  -9.825464e-06   0.000000e+00   6.173664e-05   1.168043e-05   0.000000e+00
0     4.679924e+01   0.000000e+00   0.000000e+00   0.000000e+00   0.000000e+00   0.000000e+00   0.000000e+00
1     4.679924e+01   7.276299e-06  -6.859212e-06   0.000000e+00   4.309893e-05   4.572081e-05   0.000000e+00
0     4.689918e+01   0.000000e+00   0.000000e+00   0.000000e+00   0.000000e+00   0.000000e+00   0.000000e+00
1     4.689918e+01   9.917833e-06  -1.276153e-06   0.000000e+00   8.018260e-06   6.231911e-05   0.000000e+00
0     4.699911e+01   0.000000e+00   0.000000e+00   0.000000e+00   0.000000e+00   0.000000e+00   0.000000e+00
1     4.699911e+01   8.775607e-06   4.793766e-06   0.000000e+00  -3.012195e-05   5.514211e-05   0.000000e+00
0     4.709904e+01   0.000000e+00   0.000000e+00   0.000000e+00   0.000000e+00   0.000000e+00   0.000000e+00
1     4.709904e+01   4.285368e-06   9.034798e-06   0.000000e+00  -5.677026e-05   2.692770e-05   0.000000e+00
0     4.719898e+01   0.000000e+00   0.000000e+00   0.000000e+00   0.000000e+00   0.000000e+00   0.000000e+00
1     4.719898e+01  -1.839788e-06   9.828960e-06   0.000000e+00  -6.175995e-05  -1.155944e-05   0.000000e+00
0     4.729891e+01   0.000000e+00   0.000000e+00   0.000000e+00   0.000000e+00   0.000000e+00   0.000000e+00
1     4.729891e+01  -7.263068e-06   6.873337e-06   0.000000e+00  -4.318815e-05  -4.563584e-05   0.000000e+00
0     4.739884e+01   0.000000e+00   0.000000e+00   0.000000e+00   0.000000e+00   0.000000e+00   0.000000e+00
1     4.739884e+01  -9.915531e-06   1.295566e-06   0.000000e+00  -8.140870e-06  -6.230185e-05   0.000000e+00
0     4.749878e+01   0.000000e+00   0.000000e+00   0.000000e+00   0.000000e+00   0.000000e+00   0.000000e+00
1     4.749878e+01  -8.785343e-06  -4.776454e-06   0.000000e+00   3.001158e-05  -5.520036e-05   0.000000e+00
0     4.759871e+01   0.000000e+00   0.000000e+00   0.000000e+00   0.000000e+00   0.000000e+00   0.000000e+00
1     4.759871e+01  -4.303678e-06  -9.026328e-06   0.000000e+00   5.671503e-05  -2.704070e-05   0.000000e+00
0     4.769865e+01   0.000000e+00   0.000000e+00   0.000000e+00   0.000000e+00   0.000000e+00   0.000000e+00
1     4.769865e+01   1.819783e-06  -9.832766e-06   0.000000e+00   6.178256e-05   1.143512e-05   0.000000e+00
0     4.779858e+01   0.000000e+00   0.000000e+00   0.000000e+00   0.000000e+00   0.000000e+00   0.000000e+00
1     4.779858e+01   7.248997e-06  -6.888055e-06   0.000000e+00   4.328019e-05   4.554929e-05   0.000000e+00
0     4.789851e+01   0.000000e+00   0.000000e+00   0.000000e+00   0.000000e+00   0.000000e+00   0.000000e+00
1     4.789851e+01   9.912683e-06  -1.315530e-06   0.000000e+00   8.265684e-06   6.228679e-05   0.000000e+00
0     4.799845e+01   0.000000e+00   0.000000e+00   0.000000e+00   0.000000e+00   0.000000e+00   0.000000e+00
1     4.799845e+01   8.794569e-06   4.758879e-06   0.000000e+00  -2.990276e-05   5.526130e-05   0.000000e+00
0     4.809838e+01   0.000000e+00   0.000000e+00   0.000000e+00   0.000000e+00   0.000000e+00   0.000000e+00
1     4.809838e+01   4.321205e-06   9.017708e-06   0.000000e+00  -5.666292e-05   2.715290e-05   0.000000e+00
0     4.819831e+01   0.000000e+00   0.000000e+00   0.000000e+00   0.000000e+00   0.000000e+00   0.000000e+00
1     4.819831e+01  -1.800752e-06   9.836182e-06   0.000000e+00  -6.180537e-05  -1.131417e-05   0.000000e+00
0     4.830000e+01   0.000000e+00   0.000000e+00   0.000000e+00   0.000000e+00   0.000000e+00   0.000000e+00
1     4.830000e+01  -7.311318e-06   6.821986e-06   0.000000e+00  -4.286551e-05  -4.593904e-05   0.000000e+00
0     4.839993e+01   0.000000e+00   0.000000e+00   0.000000e+00   0.000000e+00   0.000000e+00   0.000000e+00
1     4.839993e+01  -9.924411e-06   1.225661e-06   0.000000e+00  -7.701638e-06  -6.235768e-05   0.000000e+00
0     4.849987e+01   0.000000e+00   0.000000e+00   0.000000e+00   0.000000e+00   0.000000e+00   0.000000e+00
1     4.849987e+01  -8.751460e-06  -4.838244e-06   0.000000e+00   3.039985e-05  -5.498750e-05   0.000000e+00
0     4.859980e+01   0.000000e+00   0.000000e+00   0.000000e+00   0.000000e+00   0.000000e+00   0.000000e+00
1     4.859980e+01  -4.239955e-06  -9.056430e-06   0.000000e+00   5.690421e-05  -2.664033e-05   0.000000e+00
0     4.869973e+01   0.000000e+00   0.000000e+00   0.000000e+00   0.000000e+00   0.000000e+00   0.000000e+00
1     4.869973e+01   1.889039e-06  -9.819691e-06   0.000000e+00   6.170045e-05   1.187029e-05   0.000000e+00
0     4.879967e+01   0.000000e+00   0.000000e+00   0.000000e+00   0.000000e+00   0.000000e+00   0.000000e+00
1     4.879967e+01   7.297364e-06  -6.836785e-06   0.000000e+00   4.295807e-05   4.585323e-05   0.000000e+00
0     4.889960e+01   0.000000e+00   0.000000e+00   0.000000e+00   0.000000e+00   0.000000e+00   0.000000e+00
1     4.889960e+01   9.921705e-06  -1.245621e-06   0.000000e+00   7.826422e-06   6.234352e-05   0.000000e+00
0     4.899953e+01   0.000000e+00   0.000000e+00   0.000000e+00   0.000000e+00   0.000000e+00   0.000000e+00
1     4.899953e+01   8.760799e-06   4.820756e-06   0.000000e+00  -3.029158e-05   5.504914e-05   0.000000e+00
0     4.909947e+01   0.000000e+00   0.000000e+00   0.000000e+00   0.000000e+00   0.000000e+00   0.000000e+00
1     4.909947e+01   4.257523e-06   9.047944e-06   0.000000e+00  -5.685294e-05   2.675277e-05   0.000000e+00
0     4.919940e+01   0.000000e+00   0.000000e+00   0.000000e+00   0.000000e+00   0.000000e+00   0.000000e+00
1     4.919940e+01  -1.870053e-06   9.823239e-06   0.000000e+00  -6.172407e-05  -1.174963e-05   0.000000e+00
0     4.929933e+01   0.000000e+00   0.000000e+00   0.000000e+00   0.000000e+00   0.000000e+00   0.000000e+00
1     4.929933e+01  -7.284204e-06   6.850922e-06   0.000000e+00  -4.304736e-05  -4.576871e-05   0.000000e+00
0     4.939927e+01   0.000000e+00   0.000000e+00   0.000000e+00   0.000000e+00   0.000000e+00   0.000000e+00
1     4.939927e+01  -9.919468e-06   1.265002e-06   0.000000e+00  -7.948836e-06  -6.232667e-05   0.000000e+00
0     4.949920e+01   0.000000e+00   0.000000e+00   0.000000e+00   0.000000e+00   0.000000e+00   0.000000e+00
1     4.949920e+01  -8.770570e-06  -4.803508e-06   0.000000e+00   3.018160e-05  -5.510761e-05   0.000000e+00
0     4.959913e+01   0.000000e+00   0.000000e+00   0.000000e+00   0.000000e+00   0.000000e+00   0.000000e+00
1     4.959913e+01  -4.275822e-06  -9.039547e-06   0.000000e+00   5.679816e-05  -2.686571e-05   0.000000e+00
0     4.969907e+01   0.000000e+00   0.000000e+00   0.000000e+00   0.000000e+00   0.000000e+00   0.000000e+00
1     4.969907e+01   1.850099e-06  -9.827098e-06   0.000000e+00   6.174703e-05   1.162562e-05   0.000000e+00
0     4.979900e+01   0.000000e+00   0.000000e+00   0.000000e+00   0.000000e+00   0.000000e+00   0.000000e+00
1     4.979900e+01   7.270205e-06  -6.865652e-06   0.000000e+00   4.313948e-05   4.568261e-05   0.000000e+00
0     4.989893e+01   0.000000e+00   0.000000e+00   0.000000e+00   0.000000e+00   0.000000e+00   0.000000e+00
1     4.989893e+01   9.916687e-06  -1.284933e-06   0.000000e+00   8.073442e-06   6.231202e-05   0.000000e+00
0     4.999887e+01   0.000000e+00   0.000000e+00   0.000000e+00   0.000000e+00   0.000000e+00   0.000000e+00
1     4.999887e+01   8.779831e-06   4.785998e-06   0.000000e+00  -3.007320e-05   5.516876e-05   0.000000e+00
0     5.009880e+01   0.000000e+00   0.000000e+00   0.000000e+00   0.000000e+00   0.000000e+00   0.000000e+00
1     5.009880e+01   4.293339e-06   9.030999e-06   0.000000e+00  -5.674650e-05   2.697784e-05   0.000000e+00
0     5.019873e+01   0.000000e+00   0.000000e+00   0.000000e+00   0.000000e+00   0.000000e+00   0.000000e+00
1     5.019873e+01  -1.831118e-06   9.830566e-06   0.000000e+00  -6.177016e-05  -1.150499e-05   0.000000e+00
0     5.029867e+01   0.000000e+00   0.000000e+00   0.000000e+00   0.000000e+00   0.000000e+00   0.000000e+00
1     5.029867e+01  -7.257003e-06   6.879721e-06   0.000000e+00  -4.322835e-05  -4.559783e-05   0.000000e+00
0     5.039860e+01   0.000000e+00   0.000000e+00   0.000000e+00   0.000000e+00   0.000000e+00   0.000000e+00
1     5.039860e+01  -9.914375e-06   1.304283e-06   0.000000e+00  -8.195656e-06  -6.229471e-05   0.000000e+00
0     5.049853e+01   0.000000e+00   0.000000e+00   0.000000e+00   0.000000e+00   0.000000e+00   0.000000e+00
1     5.049853e+01  -8.789522e-06  -4.768731e-06   0.000000e+00   2.996311e-05  -5.522673e-05   0.000000e+00
0     5.059847e+01   0.000000e+00   0.000000e+00   0.000000e+00   0.000000e+00   0.000000e+00   0.000000e+00
1     5.059847e+01  -4.311585e-06  -9.022539e-06   0.000000e+00   5.669133e-05  -2.709044e-05   0.000000e+00
0     5.069840e+01   0.000000e+00   0.000000e+00   0.000000e+00   0.000000e+00   0.000000e+00   0.000000e+00
1     5.069840e+01   1.811170e-06  -9.834344e-06   0.000000e+00   6.179259e-05   1.138102e-05   0.000000e+00
0     5.079833e+01   0.000000e+00   0.000000e+00   0.000000e+00   0.000000e+00   0.000000e+00   0.000000e+00
1     5.079833e+01   7.242961e-06  -6.894382e-06   0.000000e+00   4.332003e-05   4.551145e-05   0.000000e+00
0     5.089827e+01   0.000000e+00   0.000000e+00   0.000000e+00   0.000000e+00   0.000000e+00   0.000000e+00
1     5.089827e+01   9.911518e-06  -1.324184e-06   0.000000e+00   8.320081e-06   6.227958e-05   0.000000e+00
0     5.099995e+01   0.000000e+00   0.000000e+00   0.000000e+00   0.000000e+00   0.000000e+00   0.000000e+00
1     5.099995e+01   8.745830e-06   4.847842e-06   0.000000e+00  -3.046182e-05   5.495515e-05   0.000000e+00
0     5.109989e+01   0.000000e+00   0.000000e+00   0.000000e+00   0.000000e+00   0.000000e+00   0.000000e+00
1     5.109989e+01   4.229490e-06   9.061073e-06   0.000000e+00  -5.693551e-05   2.657666e-05   0.000000e+00
0     5.119982e+01   0.000000e+00   0.000000e+00   0.000000e+00   0.000000e+00   0.000000e+00   0.000000e+00
1     5.119982e+01  -1.900459e-06   9.817393e-06   0.000000e+00  -6.168742e-05  -1.194069e-05   0.000000e+00
0     5.129975e+01   0.000000e+00   0.000000e+00   0.000000e+00   0.000000e+00   0.000000e+00   0.000000e+00
1     5.129975e+01  -7.305381e-06   6.828323e-06   0.000000e+00  -4.290542e-05  -4.590183e-05   0.000000e+00
0     5.139969e+01   0.000000e+00   0.000000e+00   0.000000e+00   0.000000e+00   0.000000e+00   0.000000e+00
1     5.139969e+01  -9.923331e-06   1.234265e-06   0.000000e+00  -7.755715e-06  -6.235102e-05   0.000000e+00
0     5.149962e+01   0.000000e+00   0.000000e+00   0.000000e+00   0.000000e+00   0.000000e+00   0.000000e+00
1     5.149962e+01  -8.755635e-06  -4.830658e-06   0.000000e+00   3.035224e-05  -5.501384e-05   0.000000e+00
0     5.159955e+01   0.000000e+00   0.000000e+00   0.000000e+00   0.000000e+00   0.000000e+00   0.000000e+00
1     5.159955e+01  -4.247779e-06  -9.052749e-06   0.000000e+00   5.688119e-05  -2.668955e-05   0.000000e+00
0     5.169949e+01   0.000000e+00   0.000000e+00   0.000000e+00   0.000000e+00   0.000000e+00   0.000000e+00
1     5.169949e+01   1.880556e-06  -9.821306e-06   0.000000e+00   6.171072e-05   1.181701e-05   0.000000e+00
0     5.179942e+01   0.000000e+00   0.000000e+00   0.000000e+00   0.000000e+00   0.000000e+00   0.000000e+00
1     5.179942e+01   7.291456e-06  -6.843066e-06   0.000000e+00   4.299762e-05   4.581620e-05   0.000000e+00
0     5.189935e+01   0.000000e+00   0.000000e+00   0.000000e+00   0.000000e+00   0.000000e+00   0.000000e+00
1     5.189935e+01   9.920616e-06  -1.254163e-06   0.000000e+00   7.880110e-06   6.233680e-05   0.000000e+00
0     5.199929e+01   0.000000e+00   0.000000e+00   0.000000e+00   0.000000e+00   0.000000e+00   0.000000e+00
1     5.199929e+01   8.764930e-06   4.813214e-06   0.000000e+00  -3.024425e-05   5.507520e-05   0.000000e+00
0     5.209922e+01   0.000000e+00   0.000000e+00   0.000000e+00   0.000000e+00   0.000000e+00   0.000000e+00
1     5.209922e+01   4.265285e-06   9.044273e-06   0.000000e+00  -5.682998e-05   2.680160e-05   0.000000e+00
0     5.219915e+01   0.000000e+00   0.000000e+00   0.000000e+00   0.000000e+00   0.000000e+00   0.000000e+00
1     5.219915e+01  -1.861627e-06   9.824826e-06   0.000000e+00  -6.173417e-05  -1.169670e-05   0.000000e+00
0     5.229909e+01   0.000000e+00   0.000000e+00   0.000000e+00   0.000000e+00   0.000000e+00   0.000000e+00
1     5.229909e+01  -7.278325e-06   6.857148e-06   0.000000e+00  -4.308657e-05  -4.573186e-05   0.000000e+00
0     5.239902e+01   0.000000e+00   0.000000e+00   0.000000e+00   0.000000e+00   0.000000e+00   0.000000e+00
1     5.239902e+01  -9.918370e-06   1.273481e-06   0.000000e+00  -8.002130e-06  -6.231989e-05   0.000000e+00
0     5.249895e+01   0.000000e+00   0.000000e+00   0.000000e+00   0.000000e+00   0.000000e+00   0.000000e+00
1     5.249895e+01  -8.774657e-06  -4.796011e-06   0.000000e+00   3.013456e-05  -5.513339e-05   0.000000e+00
0     5.259889e+01   0.000000e+00   0.000000e+00   0.000000e+00   0.000000e+00   0.000000e+00   0.000000e+00
1     5.259889e+01  -4.283522e-06  -9.035886e-06   0.000000e+00   5.677527e-05  -2.691415e-05   0.000000e+00
0     5.269882e+01   0.000000e+00   0.000000e+00   0.000000e+00   0.000000e+00   0.000000e+00   0.000000e+00
1     5.269882e+01   1.841729e-06  -9.828657e-06   0.000000e+00   6.175694e-05   1.157305e-05   0.000000e+00
0     5.279875e+01   0.000000e+00   0.000000e+00   0.000000e+00   0.000000e+00   0.000000e+00   0.000000e+00
1     5.279875e+01   7.264356e-06  -6.871822e-06   0.000000e+00   4.317834e-05   4.564595e-05   0.000000e+00
0     5.289869e+01   0.000000e+00   0.000000e+00   0.000000e+00   0.000000e+00   0.000000e+00   0.000000e+00
1     5.289869e+01   9.915579e-06  -1.293350e-06   0.000000e+00   8.126347e-06   6.230519e-05   0.000000e+00
0     5.299862e+01   0.000000e+00   0.000000e+00   0.000000e+00   0.000000e+00   0.000000e+00   0.000000e+00
1     5.299862e+01   8.783874e-06   4.778547e-06   0.000000e+00  -3.002644e-05   5.519427e-05   0.000000e+00
0     5.309855e+01   0.000000e+00   0.000000e+00   0.000000e+00   0.000000e+00   0.000000e+00   0.000000e+00
1     5.309855e+01   4.300977e-06   9.027349e-06   0.000000e+00  -5.672368e-05   2.702589e-05   0.000000e+00
0     5.319849e+01   0.000000e+00   0.000000e+00   0.000000e+00   0.000000e+00   0.000000e+00   0.000000e+00
1     5.319849e+01  -1.822805e-06   9.832098e-06   0.000000e+00  -6.177990e-05  -1.145277e-05   0.000000e+00
0     5.329842e+01   0.000000e+00   0.000000e+00   0.000000e+00   0.000000e+00   0.000000e+00   0.000000e+00
1     5.329842e+01  -7.251184e-06   6.885836e-06   0.000000e+00  -4.326685e-05  -4.556135e-05   0.000000e+00
0     5.339835e+01   0.000000e+00   0.000000e+00   0.000000e+00   0.000000e+00   0.000000e+00   0.000000e+00
1     5.339835e+01  -9.913259e-06   1.312637e-06   0.000000e+00  -8.248166e-06  -6.228782e-05   0.000000e+00
0     5.349829e+01   0.000000e+00   0.000000e+00   0.000000e+00   0.000000e+00   0.000000e+00   0.000000e+00
1     5.349829e+01  -8.793521e-06  -4.761326e-06   0.000000e+00   2.991664e-05  -5.525196e-05   0.000000e+00
0     5.359997e+01   0.000000e+00   0.000000e+00   0.000000e+00   0.000000e+00   0.000000e+00   0.000000e+00
1     5.359997e+01  -4.219549e-06  -9.065931e-06   0.000000e+00   5.696410e-05  -2.651220e-05   0.000000e+00
0     5.369991e+01   0.000000e+00   0.000000e+00   0.000000e+00   0.000000e+00   0.000000e+00   0.000000e+00
1     5.369991e+01   1.911154e-06  -9.815389e-06   0.000000e+00   6.167362e-05   1.200929e-05   0.000000e+00
0     5.379984e+01   0.000000e+00   0.000000e+00   0.000000e+00   0.000000e+00   0.000000e+00   0.000000e+00
1     5.379984e+01   7.312747e-06  -6.820296e-06   0.000000e+00   4.285461e-05   4.595004e-05   0.000000e+00
0     5.389977e+01   0.000000e+00   0.000000e+00   0.000000e+00   0.000000e+00   0.000000e+00   0.000000e+00
1     5.389977e+01   9.924470e-06  -1.223220e-06   0.000000e+00   7.685692e-06   6.236109e-05   0.000000e+00
0     5.399971e+01   0.000000e+00   0.000000e+00   0.000000e+00   0.000000e+00   0.000000e+00   0.000000e+00
1     5.399971e+01   8.749867e-06   4.840525e-06   0.000000e+00  -3.041590e-05   5.498062e-05   0.000000e+00
0     5.409964e+01   0.000000e+00   0.000000e+00   0.000000e+00   0.000000e+00   0.000000e+00   0.000000e+00
1     5.409964e+01   4.237043e-06   9.057529e-06   0.000000e+00  -5.691335e-05   2.662417e-05   0.000000e+00
0     5.419957e+01   0.000000e+00   0.000000e+00   0.000000e+00   0.000000e+00   0.000000e+00   0.000000e+00
1     5.419957e+01  -1.892277e-06   9.818960e-06   0.000000e+00  -6.169739e-05  -1.188930e-05   0.000000e+00
0     5.429951e+01   0.000000e+00   0.000000e+00   0.000000e+00   0.000000e+00   0.000000e+00   0.000000e+00
1     5.429951e+01  -7.299688e-06   6.834390e-06   0.000000e+00  -4.294362e-05  -4.586615e-05   0.000000e+00
0     5.439944e+01   0.000000e+00   0.000000e+00   0.000000e+00   0.000000e+00   0.000000e+00   0.000000e+00
1     5.439944e+01  -9.922290e-06   1.242506e-06   0.000000e+00  -7.807515e-06  -6.234460e-05   0.000000e+00
0     5.449937e+01   0.000000e+00   0.000000e+00   0.000000e+00   0.000000e+00   0.000000e+00   0.000000e+00
1     5.449937e+01  -8.759628e-06  -4.823387e-06   0.000000e+00   3.030661e-05  -5.503904e-05   0.000000e+00
0     5.459931e+01   0.000000e+00   0.000000e+00   0.000000e+00   0.000000e+00   0.000000e+00   0.000000e+00
1     5.459931e+01  -4.255271e-06  -9.049215e-06   0.000000e+00   5.685910e-05  -2.673667e-05   0.000000e+00
0     5.469924e+01   0.000000e+00   0.000000e+00   0.000000e+00   0.000000e+00   0.000000e+00   0.000000e+00
1     5.469924e+01   1.872430e-06  -9.822845e-06   0.000000e+00   6.172051e-05   1.176597e-05   0.000000e+00
0     5.479917e+01   0.000000e+00   0.000000e+00   0.000000e+00   0.000000e+00   0.000000e+00   0.000000e+00
1     5.479917e+01   7.285793e-06  -6.849077e-06   0.000000e+00   4.303547e-05   4.578070e-05   0.000000e+00
0     5.489911e+01   0.000000e+00   0.000000e+00   0.000000e+00   0.000000e+00   0.000000e+00   0.000000e+00
1     5.489911e+01   9.919566e-06  -1.262342e-06   0.000000e+00   7.931520e-06   6.233032e-05   0.000000e+00
0     5.499904e+01   0.000000e+00   0.000000e+00   0.000000e+00   0.000000e+00   0.000000e+00   0.000000e+00
1     5.499904e+01   8.768880e-06   4.805988e-06   0.000000e+00  -3.019891e-05   5.510012e-05   0.000000e+00
0     5.509897e+01   0.000000e+00   0.000000e+00   0.000000e+00   0.000000e+00   0.000000e+00   0.000000e+00
1     5.509897e+01   4.272715e-06   9.040751e-06   0.000000e+00  -5.680796e-05   2.684833e-05   0.000000e+00
0     5.519891e+01   0.000000e+00   0.000000e+00   0.000000e+00   0.000000e+00   0.000000e+00   0.000000e+00
1     5.519891e+01  -1.853557e-06   9.826338e-06   0.000000e+00  -6.174379e-05  -1.164602e-05   0.000000e+00
0     5.529884e+01   0.000000e+00   0.000000e+00   0.000000e+00   0.000000e+00   0.000000e+00   0.000000e+00
1     5.529884e+01  -7.272692e-06   6.863103e-06   0.000000e+00  -4.312407e-05  -4.569655e-05   0.000000e+00
0     5.539877e+01   0.000000e+00   0.000000e+00   0.000000e+00   0.000000e+00   0.000000e+00   0.000000e+00
1     5.539877e+01  -9.917312e-06   1.281598e-06   0.000000e+00  -8.053146e-06  -6.231336e-05   0.000000e+00
0     5.549871e+01   0.000000e+00   0.000000e+00   0.000000e+00   0.000000e+00   0.000000e+00   0.000000e+00
1     5.549871e+01  -8.778562e-06  -4.788832e-06   0.000000e+00   3.008951e-05  -5.515804e-05   0.000000e+00
0     5.559864e+01   0.000000e+00   0.000000e+00   0.000000e+00   0.000000e+00   0.000000e+00   0.000000e+00
1     5.559864e+01  -4.290890e-06  -9.032376e-06   0.000000e+00   5.675332e-05  -2.696049e-05   0.000000e+00
0     5.569857e+01   0.000000e+00   0.000000e+00   0.000000e+00   0.000000e+00   0.000000e+00   0.000000e+00
1     5.569857e+01   1.833716e-06  -9.830142e-06   0.000000e+00   6.176639e-05   1.152273e-05   0.000000e+00
0     5.579851e+01   0.000000e+00   0.000000e+00   0.000000e+00   0.000000e+00   0.000000e+00   0.000000e+00
1     5.579851e+01   7.258753e-06  -6.877722e-06   0.000000e+00   4.321549e-05   4.561082e-05   0.000000e+00
0     5.589844e+01   0.000000e+00   0.000000e+00   0.000000e+00   0.000000e+00   0.000000e+00   0.000000e+00
1     5.589844e+01   9.914512e-06  -1.301405e-06   0.000000e+00   8.176973e-06   6.229860e-05   0.000000e+00
0     5.599837e+01   0.000000e+00   0.000000e+00   0.000000e+00   0.000000e+00   0.000000e+00   0.000000e+00
1     5.599837e+01   8.787736e-06   4.771412e-06   0.000000e+00  -2.998167e-05   5.521865e-05   0.000000e+00
0     5.609831e+01   0.000000e+00   0.000000e+00   0.000000e+00   0.000000e+00   0.000000e+00   0.000000e+00
1     5.609831e+01   4.308283e-06   9.023851e-06   0.000000e+00  -5.670181e-05   2.707185e-05   0.000000e+00
0     5.619999e+01   0.000000e+00   0.000000e+00   0.000000e+00   0.000000e+00   0.000000e+00   0.000000e+00
1     5.619999e+01  -1.923067e-06   9.812968e-06   0.000000e+00  -6.165981e-05  -1.208279e-05   0.000000e+00
0     5.629993e+01   0.000000e+00   0.000000e+00   0.000000e+00   0.000000e+00   0.000000e+00   0.000000e+00
1     5.629993e+01  -7.321091e-06   6.811446e-06   0.000000e+00  -4.279951e-05  -4.600069e-05   0.000000e+00
0     5.639986e+01   0.000000e+00   0.000000e+00   0.000000e+00   0.000000e+00   0.000000e+00   0.000000e+00
1     5.639986e+01  -9.926132e-06   1.211359e-06   0.000000e+00  -7.611813e-06  -6.236882e-05   0.000000e+00
0     5.649979e+01   0.000000e+00   0.000000e+00   0.000000e+00   0.000000e+00   0.000000e+00   0.000000e+00
1     5.649979e+01  -8.744436e-06  -4.850858e-06   0.000000e+00   3.047926e-05  -5.494365e-05   0.000000e+00
0     5.659973e+01   0.000000e+00   0.000000e+00   0.000000e+00   0.000000e+00   0.000000e+00   0.000000e+00
1     5.659973e+01  -4.226831e-06  -9.062525e-06   0.000000e+00   5.694280e-05  -2.655801e-05   0.000000e+00
0     5.669966e+01   0.000000e+00   0.000000e+00   0.000000e+00   0.000000e+00   0.000000e+00   0.000000e+00
1     5.669966e+01   1.903272e-06  -9.816907e-06   0.000000e+00   6.168328e-05   1.195978e-05   0.000000e+00
0     5.679959e+01   0.000000e+00   0.000000e+00   0.000000e+00   0.000000e+00   0.000000e+00   0.000000e+00
1     5.679959e+01   7.307268e-06  -6.826147e-06   0.000000e+00   4.289145e-05   4.591570e-05   0.000000e+00
0     5.689953e+01   0.000000e+00   0.000000e+00   0.000000e+00   0.000000e+00   0.000000e+00   0.000000e+00
1     5.689953e+01   9.923475e-06  -1.231162e-06   0.000000e+00   7.735606e-06   6.235496e-05   0.000000e+00
0     5.699946e+01   0.000000e+00   0.000000e+00   0.000000e+00   0.000000e+00   0.000000e+00   0.000000e+00
1     5.699946e+01   8.753721e-06   4.833525e-06   0.000000e+00  -3.037198e-05   5.500495e-05   0.000000e+00
0     5.709939e+01   0.000000e+00   0.000000e+00   0.000000e+00   0.000000e+00   0.000000e+00   0.000000e+00
1     5.709939e+01   4.244263e-06   9.054134e-06   0.000000e+00  -5.689212e-05   2.666959e-05   0.000000e+00
0     5.719933e+01   0.000000e+00   0.000000e+00   0.000000e+00   0.000000e+00   0.000000e+00   0.000000e+00
1     5.719933e+01  -1.884451e-06   9.820452e-06   0.000000e+00  -6.170688e-05  -1.184015e-05   0.000000e+00
0     5.729926e+01   0.000000e+00   0.000000e+00   0.000000e+00   0.000000e+00   0.000000e+00   0.000000e+00
1     5.729926e+01  -7.294240e-06   6.840185e-06   0.000000e+00  -4.298012e-05  -4.583201e-05   0.000000e+00
0     5.739919e+01   0.000000e+00   0.000000e+00   0.000000e+00   0.000000e+00   0.000000e+00   0.000000e+00
1     5.739919e+01  -9.921287e-06   1.250385e-06   0.000000e+00  -7.857034e-06  -6.233842e-05   0.000000e+00
0     5.749913e+01   0.000000e+00   0.000000e+00   0.000000e+00   0.000000e+00   0.000000e+00   0.000000e+00
1     5.749913e+01  -8.763439e-06  -4.816433e-06   0.000000e+00   3.026298e-05  -5.506309e-05   0.000000e+00
0     5.759906e+01   0.000000e+00   0.000000e+00   0.000000e+00   0.000000e+00   0.000000e+00   0.000000e+00
1     5.759906e+01  -4.262429e-06  -9.045832e-06   0.000000e+00   5.683795e-05  -2.678170e-05   0.000000e+00
0     5.769899e+01   0.000000e+00   0.000000e+00   0.000000e+00   0.000000e+00   0.000000e+00   0.000000e+00
1     5.769899e+01   1.864661e-06  -9.824310e-06   0.000000e+00   6.172983e-05   1.171718e-05   0.000000e+00
0     5.779893e+01   0.000000e+00   0.000000e+00   0.000000e+00   0.000000e+00   0.000000e+00   0.000000e+00
1     5.779893e+01   7.280374e-06  -6.854818e-06   0.000000e+00   4.307163e-05   4.574674e-05   0.000000e+00
0     5.789886e+01   0.000000e+00   0.000000e+00   0.000000e+00   0.000000e+00   0.000000e+00   0.000000e+00
1     5.789886e+01   9.918555e-06  -1.270159e-06   0.000000e+00   7.980651e-06   6.232409e-05   0.000000e+00
0     5.799879e+01   0.000000e+00   0.000000e+00   0.000000e+00   0.000000e+00   0.000000e+00   0.000000e+00
1     5.799879e+01   8.772648e-06   4.799080e-06   0.000000e+00  -3.015556e-05   5.512391e-05   0.000000e+00
0     5.809873e+01   0.000000e+00   0.000000e+00   0.000000e+00   0.000000e+00   0.000000e+00   0.000000e+00
1     5.809873e+01   4.279812e-06   9.037379e-06   0.000000e+00  -5.678689e-05   2.689298e-05   0.000000e+00
0     5.819866e+01   0.000000e+00   0.000000e+00   0.000000e+00   0.000000e+00   0.000000e+00   0.000000e+00
1     5.819866e+01  -1.845845e-06   9.827777e-06   0.000000e+00  -6.175295e-05  -1.159758e-05   0.000000e+00
0     5.829859e+01   0.000000e+00   0.000000e+00   0.000000e+00   0.000000e+00   0.000000e+00   0.000000e+00
1     5.829859e+01  -7.267305e-06   6.868789e-06   0.000000e+00  -4.315988e-05  -4.566279e-05   0.000000e+00
0     5.839853e+01   0.000000e+00   0.000000e+00   0.000000e+00   0.000000e+00   0.000000e+00   0.000000e+00
1     5.839853e+01  -9.916293e-06   1.289352e-06   0.000000e+00  -8.101883e-06  -6.230708e-05   0.000000e+00
0     5.849846e+01   0.000000e+00   0.000000e+00   0.000000e+00   0.000000e+00   0.000000e+00   0.000000e+00
1     5.849846e+01  -8.782288e-06  -4.781969e-06   0.000000e+00   3.004645e-05  -5.518156e-05   0.000000e+00
0     5.859839e+01   0.000000e+00   0.000000e+00   0.000000e+00   0.000000e+00   0.000000e+00   0.000000e+00
1     5.859839e+01  -4.297925e-06  -9.029016e-06   0.000000e+00   5.673232e-05  -2.700475e-05   0.000000e+00
0     5.869833e+01   0.000000e+00   0.000000e+00   0.000000e+00   0.000000e+00   0.000000e+00   0.000000e+00
1     5.869833e+01   1.826061e-06  -9.831554e-06   0.000000e+00   6.177539e-05   1.147465e-05   0.000000e+00
0     5.879826e+01   0.000000e+00   0.000000e+00   0.000000e+00   0.000000e+00   0.000000e+00   0.000000e+00
1     5.879826e+01   7.253396e-06  -6.883353e-06   0.000000e+00   4.325096e-05   4.557725e-05   0.000000e+00
0     5.889995e+01   0.000000e+00   0.000000e+00   0.000000e+00   0.000000e+00   0.000000e+00   0.000000e+00
1     5.889995e+01   9.927306e-06  -1.199807e-06   0.000000e+00   7.538602e-06   6.237912e-05   0.000000e+00
0     5.899988e+01   0.000000e+00   0.000000e+00   0.000000e+00   0.000000e+00   0.000000e+00   0.000000e+00
1     5.899988e+01   8.738398e-06   4.861156e-06   0.000000e+00  -3.054563e-05   5.490873e-05   0.000000e+00
0     5.909982e+01   0.000000e+00   0.000000e+00   0.000000e+00   0.000000e+00   0.000000e+00   0.000000e+00
1     5.909982e+01   4.215623e-06   9.067495e-06   0.000000e+00  -5.697615e-05   2.648967e-05   0.000000e+00
0     5.919975e+01   0.000000e+00   0.000000e+00   0.000000e+00   0.000000e+00   0.000000e+00   0.000000e+00
1     5.919975e+01  -1.915485e-06   9.814438e-06   0.000000e+00  -6.166917e-05  -1.203517e-05   0.000000e+00
0     5.929968e+01   0.000000e+00   0.000000e+00   0.000000e+00   0.000000e+00   0.000000e+00   0.000000e+00
1     5.929968e+01  -7.315826e-06   6.817081e-06   0.000000e+00  -4.283500e-05  -4.596770e-05   0.000000e+00
0     5.939962e+01   0.000000e+00   0.000000e+00   0.000000e+00   0.000000e+00   0.000000e+00   0.000000e+00
1     5.939962e+01  -9.925184e-06   1.218999e-06   0.000000e+00  -7.659832e-06  -6.236298e-05   0.000000e+00
0     5.949955e+01   0.000000e+00   0.000000e+00   0.000000e+00   0.000000e+00   0.000000e+00   0.000000e+00
1     5.949955e+01  -8.748150e-06  -4.844129e-06   0.000000e+00   3.043704e-05  -5.496710e-05   0.000000e+00
0     5.959948e+01   0.000000e+00   0.000000e+00   0.000000e+00   0.000000e+00   0.000000e+00   0.000000e+00
1     5.959948e+01  -4.233779e-06  -9.059266e-06   0.000000e+00   5.692244e-05  -2.660172e-05   0.000000e+00
0     5.969942e+01   0.000000e+00   0.000000e+00   0.000000e+00   0.000000e+00   0.000000e+00   0.000000e+00
1     5.969942e+01   1.895746e-06  -9.818350e-06   0.000000e+00   6.169246e-05   1.191252e-05   0.000000e+00
0     5.979935e+01   0.000000e+00   0.000000e+00   0.000000e+00   0.000000e+00   0.000000e+00   0.000000e+00
1     5.979935e+01   7.302034e-06  -6.831726e-06   0.000000e+00   4.292659e-05   4.588291e-05   0.000000e+00
0     5.989928e+01   0.000000e+00   0.000000e+00   0.000000e+00   0.000000e+00   0.000000e+00   0.000000e+00
1     5.989928e+01   9.922519e-06  -1.238739e-06   0.000000e+00   7.783236e-06   6.234908e-05   0.000000e+00
0     5.999922e+01   0.000000e+00   0.000000e+00   0.000000e+00   0.000000e+00   0.000000e+00   0.000000e+00
1     5.999922e+01   8.757393e-06   4.826842e-06   0.000000e+00  -3.033004e-05   5.502813e-05   0.000000e+00
0     6.009915e+01   0.000000e+00   0.000000e+00   0.000000e+00   0.000000e+00   0.000000e+00   0.000000e+00
1     6.009915e+01   4.251151e-06   9.050887e-06   0.000000e+00  -5.687184e-05   2.671292e-05   0.000000e+00
0     6.019908e+01   0.000000e+00   0.000000e+00   0.000000e+00   0.000000e+00   0.000000e+00   0.000000e+00
1     6.019908e+01  -1.876982e-06   9.821869e-06   0.000000e+00  -6.171590e-05  -1.179325e-05   0.000000e+00
0     6.029902e+01   0.000000e+00   0.000000e+00   0.000000e+00   0.000000e+00   0.000000e+00   0.000000e+00
1     6.029902e+01  -7.289037e-06   6.845710e-06   0.000000e+00  -4.301492e-05  -4.579940e-05   0.000000e+00
0     6.039895e+01   0.000000e+00   0.000000e+00   0.000000e+00   0.000000e+00   0.000000e+00   0.000000e+00
1     6.039895e+01  -9.920324e-06   1.257901e-06   0.000000e+00  -7.904273e-06  -6.233249e-05   0.000000e+00
0     6.049888e+01   0.000000e+00   0.000000e+00   0.000000e+00   0.000000e+00   0.000000e+00   0.000000e+00
1     6.049888e+01  -8.767069e-06  -4.809796e-06   0.000000e+00   3.022133e-05  -5.508600e-05   0.000000e+00
0     6.059882e+01   0.000000e+00   0.000000e+00   0.000000e+00   0.000000e+00   0.000000e+00   0.000000e+00
1     6.059882e+01  -4.269255e-06  -9.042598e-06   0.000000e+00   5.681774e-05  -2.682464e-05   0.000000e+00
0     6.069875e+01   0.000000e+00   0.000000e+00   0.000000e+00   0.000000e+00   0.000000e+00   0.000000e+00
1     6.069875e+01   1.857249e-06  -9.825701e-06   0.000000e+00   6.173869e-05   1.167063e-05   0.000000e+00
0     6.079868e+01   0.000000e+00   0.000000e+00   0.000000e+00   0.000000e+00   0.000000e+00   0.000000e+00
1     6.079868e+01   7.275202e-06  -6.860288e-06   0.000000e+00   4.310608e-05   4.571433e-05   0.000000e+00
0     6.089862e+01   0.000000e+00   0.000000e+00   0.000000e+00   0.000000e+00   0.000000e+00   0.000000e+00
1     6.089862e+01   9.917584e-06  -1.277612e-06   0.000000e+00   8.027500e-06   6.231811e-05   0.000000e+00
0     6.099855e+01   0.000000e+00   0.000000e+00   0.000000e+00   0.000000e+00   0.000000e+00   0.000000e+00
1     6.099855e+01   8.776235e-06   4.792489e-06   0.000000e+00  -3.011420e-05   5.514656e-05   0.000000e+00
0     6.109848e+01   0.000000e+00   0.000000e+00   0.000000e+00   0.000000e+00   0.000000e+00   0.000000e+00
1     6.109848e+01   4.286576e-06   9.034158e-06   0.000000e+00  -5.676676e-05   2.693554e-05   0.000000e+00
0     6.119842e+01   0.000000e+00   0.000000e+00   0.000000e+00   0.000000e+00   0.000000e+00   0.000000e+00
1     6.119842e+01  -1.838491e-06   9.829142e-06   0.000000e+00  -6.176165e-05  -1.155140e-05   0.000000e+00
0     6.129835e+01   0.000000e+00   0.000000e+00   0.000000e+00   0.000000e+00   0.000000e+00   0.000000e+00
1     6.129835e+01  -7.262164e-06   6.874205e-06   0.000000e+00  -4.319400e-05  -4.563058e-05   0.000000e+00
0     6.139828e+01   0.000000e+00   0.000000e+00   0.000000e+00   0.000000e+00   0.000000e+00   0.000000e+00
1     6.139828e+01  -9.915316e-06   1.296743e-06   0.000000e+00  -8.148340e-06  -6.230107e-05   0.000000e+00
0     6.149997e+01   0.000000e+00   0.000000e+00   0.000000e+00   0.000000e+00   0.000000e+00   0.000000e+00
1     6.149997e+01  -8.732695e-06  -4.871917e-06   0.000000e+00   3.061168e-05  -5.487006e-05   0.000000e+00
0     6.159990e+01   0.000000e+00   0.000000e+00   0.000000e+00   0.000000e+00   0.000000e+00   0.000000e+00
1     6.159990e+01  -4.204940e-06  -9.072679e-06   0.000000e+00   5.700679e-05  -2.642054e-05   0.000000e+00
0     6.169984e+01   0.000000e+00   0.000000e+00   0.000000e+00   0.000000e+00   0.000000e+00   0.000000e+00
1     6.169984e+01   1.926972e-06  -9.812260e-06   0.000000e+00   6.165428e-05   1.210874e-05   0.000000e+00
0     6.179977e+01   0.000000e+00   0.000000e+00   0.000000e+00   0.000000e+00   0.000000e+00   0.000000e+00
1     6.179977e+01   7.323732e-06  -6.808448e-06   0.000000e+00   4.278038e-05   4.601930e-05   0.000000e+00
0     6.189970e+01   0.000000e+00   0.000000e+00   0.000000e+00   0.000000e+00   0.000000e+00   0.000000e+00
1     6.189970e+01   9.926403e-06  -1.207147e-06   0.000000e+00   7.584732e-06   6.237356e-05   0.000000e+00
0     6.199964e+01   0.000000e+00   0.000000e+00   0.000000e+00   0.000000e+00   0.000000e+00   0.000000e+00
1     6.199964e+01   8.741973e-06   4.854697e-06   0.000000e+00  -3.050511e-05   5.493130e-05   0.000000e+00
0     6.209957e+01   0.000000e+00   0.000000e+00   0.000000e+00   0.000000e+00   0.000000e+00   0.000000e+00
1     6.209957e+01   4.222300e-06   9.064373e-06   0.000000e+00  -5.695665e-05   2.653167e-05   0.000000e+00
0     6.219950e+01   0.000000e+00   0.000000e+00   0.000000e+00   0.000000e+00   0.000000e+00   0.000000e+00
1     6.219950e+01  -1.908260e-06   9.815832e-06   0.000000e+00  -6.167805e-05  -1.198980e-05   0.000000e+00
0     6.229944e+01   0.000000e+00   0.000000e+00   0.000000e+00   0.000000e+00   0.000000e+00   0.000000e+00
1     6.229944e+01  -7.310807e-06   6.822444e-06   0.000000e+00  -4.286879e-05  -4.593625e-05   0.000000e+00
0     6.239937e+01   0.000000e+00   0.000000e+00   0.000000e+00   0.000000e+00   0.000000e+00   0.000000e+00
1     6.239937e+01  -9.924274e-06   1.226276e-06   0.000000e+00  -7.705571e-06  -6.235739e-05   0.000000e+00
0     6.249930e+01   0.000000e+00   0.000000e+00   0.000000e+00   0.000000e+00   0.000000e+00   0.000000e+00
1     6.249930e+01  -8.751683e-06  -4.837716e-06   0.000000e+00   3.039680e-05  -5.498940e-05   0.000000e+00
0     6.259924e+01   0.000000e+00   0.000000e+00   0.000000e+00   0.000000e+00   0.000000e+00   0.000000e+00
1     6.259924e+01  -4.240395e-06  -9.056158e-06   0.000000e+00   5.690301e-05  -2.664333e-05   0.000000e+00
0     6.269917e+01   0.000000e+00   0.000000e+00   0.000000e+00   0.000000e+00   0.000000e+00   0.000000e+00
1     6.269917e+01   1.888579e-06  -9.819718e-06   0.000000e+00   6.170118e-05   1.186751e-05   0.000000e+00
0     6.279910e+01   0.000000e+00   0.000000e+00   0.000000e+00   0.000000e+00   0.000000e+00   0.000000e+00
1     6.279910e+01   7.297046e-06  -6.837036e-06   0.000000e+00   4.296004e-05   4.585165e-05   0.000000e+00
0     6.289904e+01   0.000000e+00   0.000000e+00   0.000000e+00   0.000000e+00   0.000000e+00   0.000000e+00
1     6.289904e+01   9.921602e-06  -1.245954e-06   0.000000e+00   7.828587e-06   6.234344e-05   0.000000e+00
0     6.299897e+01   0.000000e+00   0.000000e+00   0.000000e+00   0.000000e+00   0.000000e+00   0.000000e+00
1     6.299897e+01   8.760885e-06   4.820475e-06   0.000000e+00  -3.029009e-05   5.505017e-05   0.000000e+00
0     6.309890e+01   0.000000e+00   0.000000e+00   0.000000e+00   0.000000e+00   0.000000e+00   0.000000e+00
1     6.309890e+01   4.257705e-06   9.047792e-06   0.000000e+00  -5.685250e-05   2.675416e-05   0.000000e+00
0     6.319884e+01   0.000000e+00   0.000000e+00   0.000000e+00   0.000000e+00   0.000000e+00   0.000000e+00
1     6.319884e+01  -1.869872e-06   9.823212e-06   0.000000e+00  -6.172446e-05  -1.174859e-05   0.000000e+00
0     6.329877e+01   0.000000e+00   0.000000e+00   0.000000e+00   0.000000e+00   0.000000e+00   0.000000e+00
1     6.329877e+01  -7.284080e-06   6.850965e-06   0.000000e+00  -4.304803e-05  -4.576834e-05   0.000000e+00
0     6.339870e+01   0.000000e+00   0.000000e+00   0.000000e+00   0.000000e+00   0.000000e+00   0.000000e+00
1     6.339870e+01  -9.919401e-06   1.265053e-06   0.000000e+00  -7.949232e-06  -6.232681e-05   0.000000e+00
0     6.349864e+01   0.000000e+00   0.000000e+00   0.000000e+00   0.000000e+00   0.000000e+00   0.000000e+00
1     6.349864e+01  -8.770518e-06  -4.803476e-06   0.000000e+00   3.018168e-05  -5.510778e-05   0.000000e+00
0     6.359857e+01   0.000000e+00   0.000000e+00   0.000000e+00   0.000000e+00   0.000000e+00   0.000000e+00
1     6.359857e+01  -4.275748e-06  -9.039515e-06   0.000000e+00   5.679848e-05  -2.686549e-05   0.000000e+00
0     6.369850e+01   0.000000e+00   0.000000e+00   0.000000e+00   0.000000e+00   0.000000e+00   0.000000e+00
1     6.369850e+01   1.850196e-06  -9.827018e-06   0.000000e+00   6.174709e-05   1.162634e-05   0.000000e+00
0     6.379844e+01   0.000000e+00   0.000000e+00   0.000000e+00   0.000000e+00   0.000000e+00   0.000000e+00
1     6.379844e+01   7.270276e-06  -6.865489e-06   0.000000e+00   4.313885e-05   4.568347e-05   0.000000e+00
0     6.389837e+01   0.000000e+00   0.000000e+00   0.000000e+00   0.000000e+00   0.000000e+00   0.000000e+00
1     6.389837e+01   9.916655e-06  -1.284703e-06   0.000000e+00   8.072071e-06   6.231239e-05   0.000000e+00
0     6.399830e+01   0.000000e+00   0.000000e+00   0.000000e+00   0.000000e+00   0.000000e+00   0.000000e+00
1     6.399830e+01   8.779643e-06   4.786215e-06   0.000000e+00  -3.007484e-05   5.516808e-05   0.000000e+00
0     6.409999e+01   0.000000e+00   0.000000e+00   0.000000e+00   0.000000e+00   0.000000e+00   0.000000e+00
1     6.409999e+01   4.193259e-06   9.077835e-06   0.000000e+00  -5.704131e-05   2.634923e-05   0.000000e+00
0     6.419992e+01   0.000000e+00   0.000000e+00   0.000000e+00   0.000000e+00   0.000000e+00   0.000000e+00
1     6.419992e+01  -1.939677e-06   9.809663e-06   0.000000e+00  -6.163937e-05  -1.218722e-05   0.000000e+00
0     6.429986e+01   0.000000e+00   0.000000e+00   0.000000e+00   0.000000e+00   0.000000e+00   0.000000e+00
1     6.429986e+01  -7.332613e-06   6.798990e-06   0.000000e+00  -4.272147e-05  -4.607332e-05   0.000000e+00
0     6.439979e+01   0.000000e+00   0.000000e+00   0.000000e+00   0.000000e+00   0.000000e+00   0.000000e+00
1     6.439979e+01  -9.928143e-06   1.194477e-06   0.000000e+00  -7.505780e-06  -6.238178e-05   0.000000e+00
0     6.449972e+01   0.000000e+00   0.000000e+00   0.000000e+00   0.000000e+00   0.000000e+00   0.000000e+00
1     6.449972e+01  -8.736130e-06  -4.865729e-06   0.000000e+00   3.057286e-05  -5.489174e-05   0.000000e+00
0     6.459966e+01   0.000000e+00   0.000000e+00   0.000000e+00   0.000000e+00   0.000000e+00   0.000000e+00
1     6.459966e+01  -4.211344e-06  -9.069694e-06   0.000000e+00   5.698814e-05  -2.646083e-05   0.000000e+00
0     6.469959e+01   0.000000e+00   0.000000e+00   0.000000e+00   0.000000e+00   0.000000e+00   0.000000e+00
1     6.469959e+01   1.920048e-06  -9.813604e-06   0.000000e+00   6.166285e-05   1.206526e-05   0.000000e+00
0     6.479952e+01   0.000000e+00   0.000000e+00   0.000000e+00   0.000000e+00   0.000000e+00   0.000000e+00
1     6.479952e+01   7.318926e-06  -6.813595e-06   0.000000e+00   4.281280e-05   4.598920e-05   0.000000e+00
0     6.489946e+01   0.000000e+00   0.000000e+00   0.000000e+00   0.000000e+00   0.000000e+00   0.000000e+00
1     6.489946e+01   9.925539e-06  -1.214123e-06   0.000000e+00   7.628581e-06   6.236826e-05   0.000000e+00
0     6.499939e+01   0.000000e+00   0.000000e+00   0.000000e+00   0.000000e+00   0.000000e+00   0.000000e+00
1     6.499939e+01   8.745366e-06   4.848555e-06   0.000000e+00  -3.046657e-05   5.495273e-05   0.000000e+00
0     6.509932e+01   0.000000e+00   0.000000e+00   0.000000e+00   0.000000e+00   0.000000e+00   0.000000e+00
1     6.509932e+01   4.228643e-06   9.061401e-06   0.000000e+00  -5.693809e-05   2.657158e-05   0.000000e+00
0     6.519926e+01   0.000000e+00   0.000000e+00   0.000000e+00   0.000000e+00   0.000000e+00   0.000000e+00
1     6.519926e+01  -1.901393e-06   9.817151e-06   0.000000e+00  -6.168646e-05  -1.194667e-05   0.000000e+00
0     6.529919e+01   0.000000e+00   0.000000e+00   0.000000e+00   0.000000e+00   0.000000e+00   0.000000e+00
1     6.529919e+01  -7.306033e-06   6.827537e-06   0.000000e+00  -4.290087e-05  -4.590634e-05   0.000000e+00
0     6.539912e+01   0.000000e+00   0.000000e+00   0.000000e+00   0.000000e+00   0.000000e+00   0.000000e+00
1     6.539912e+01  -9.923404e-06   1.233189e-06   0.000000e+00  -7.749028e-06  -6.235204e-05   0.000000e+00
0     6.549906e+01   0.000000e+00   0.000000e+00   0.000000e+00   0.000000e+00   0.000000e+00   0.000000e+00
1     6.549906e+01  -8.755035e-06  -4.831621e-06   0.000000e+00   3.035856e-05  -5.501057e-05   0.000000e+00
0     6.559899e+01   0.000000e+00   0.000000e+00   0.000000e+00   0.000000e+00   0.000000e+00   0.000000e+00
1     6.559899e+01  -4.246677e-06  -9.053199e-06   0.000000e+00   5.688454e-05  -2.668286e-05   0.000000e+00
0     6.569892e+01   0.000000e+00   0.000000e+00   0.000000e+00   0.000000e+00   0.000000e+00   0.000000e+00
1     6.569892e+01   1.881769e-06  -9.821012e-06   0.000000e+00   6.170943e-05   1.182474e-05   0.000000e+00
0     6.579886e+01   0.000000e+00   0.000000e+00   0.000000e+00   0.000000e+00   0.000000e+00   0.000000e+00
1     6.579886e+01   7.292304e-06  -6.842075e-06   0.000000e+00   4.299178e-05   4.582194e-05   0.000000e+00
0     6.589879e+01   0.000000e+00   0.000000e+00   0.000000e+00   0.000000e+00   0.000000e+00   0.000000e+00
1     6.589879e+01   9.920727e-06  -1.252806e-06   0.000000e+00   7.871655e-06   6.233806e-05   0.000000e+00
0     6.599872e+01   0.000000e+00   0.000000e+00   0.000000e+00   0.000000e+00   0.000000e+00   0.000000e+00
1     6.599872e+01   8.764195e-06   4.814427e-06   0.000000e+00  -3.025215e-05   5.507108e-05   0.000000e+00
0     6.609866e+01   0.000000e+00   0.000000e+00   0.000000e+00   0.000000e+00   0.000000e+00   0.000000e+00
1     6.609866e+01   4.263926e-06   9.044847e-06   0.000000e+00  -5.683410e-05   2.679330e-05   0.000000e+00
0     6.619859e+01   0.000000e+00   0.000000e+00   0.000000e+00   0.000000e+00   0.000000e+00   0.000000e+00
1     6.619859e+01  -1.863119e-06   9.824482e-06   0.000000e+00  -6.173256e-05  -1.170618e-05   0.000000e+00
0     6.629852e+01   0.000000e+00   0.000000e+00   0.000000e+00   0.000000e+00   0.000000e+00   0.000000e+00
1     6.629852e+01  -7.279370e-06   6.855951e-06   0.000000e+00  -4.307944e-05  -4.573884e-05   0.000000e+00
0     6.639846e+01   0.000000e+00   0.000000e+00   0.000000e+00   0.000000e+00   0.000000e+00   0.000000e+00
1     6.639846e+01  -9.918520e-06   1.271843e-06   0.000000e+00  -7.991909e-06  -6.232139e-05   0.000000e+00
0     6.649839e+01   0.000000e+00   0.000000e+00   0.000000e+00   0.000000e+00   0.000000e+00   0.000000e+00
1     6.649839e+01  -8.773788e-06  -4.797475e-06   0.000000e+00   3.014403e-05  -5.512843e-05   0.000000e+00
0     6.659832e+01   0.000000e+00   0.000000e+00   0.000000e+00   0.000000e+00   0.000000e+00   0.000000e+00
1     6.659832e+01  -4.281908e-06  -9.036585e-06   0.000000e+00   5.678017e-05  -2.690425e-05   0.000000e+00
0     6.669826e+01   0.000000e+00   0.000000e+00   0.000000e+00   0.000000e+00   0.000000e+00   0.000000e+00
1     6.669826e+01   1.843501e-06  -9.828264e-06   0.000000e+00   6.175503e-05   1.158429e-05   0.000000e+00
0     6.679994e+01   0.000000e+00   0.000000e+00   0.000000e+00   0.000000e+00   0.000000e+00   0.000000e+00
1     6.679994e+01   7.340842e-06  -6.789965e-06   0.000000e+00   4.266438e-05   4.612696e-05   0.000000e+00
0     6.689988e+01   0.000000e+00   0.000000e+00   0.000000e+00   0.000000e+00   0.000000e+00   0.000000e+00
1     6.689988e+01   9.929393e-06  -1.182117e-06   0.000000e+00   7.427483e-06   6.239255e-05   0.000000e+00
0     6.699981e+01   0.000000e+00   0.000000e+00   0.000000e+00   0.000000e+00   0.000000e+00   0.000000e+00
1     6.699981e+01   8.729678e-06   4.876726e-06   0.000000e+00  -3.064363e-05   5.485423e-05   0.000000e+00
0     6.709974e+01   0.000000e+00   0.000000e+00   0.000000e+00   0.000000e+00   0.000000e+00   0.000000e+00
1     6.709974e+01   4.199391e-06   9.074986e-06   0.000000e+00  -5.702352e-05   2.638780e-05   0.000000e+00
0     6.719968e+01   0.000000e+00   0.000000e+00   0.000000e+00   0.000000e+00   0.000000e+00   0.000000e+00
1     6.719968e+01  -1.933054e-06   9.810957e-06   0.000000e+00  -6.164762e-05  -1.214562e-05   0.000000e+00
0     6.729961e+01   0.000000e+00   0.000000e+00   0.000000e+00   0.000000e+00   0.000000e+00   0.000000e+00
1     6.729961e+01  -7.328021e-06   6.803920e-06   0.000000e+00  -4.275252e-05  -4.604456e-05   0.000000e+00
0     6.739954e+01   0.000000e+00   0.000000e+00   0.000000e+00   0.000000e+00   0.000000e+00   0.000000e+00
1     6.739954e+01  -9.927325e-06   1.201152e-06   0.000000e+00  -7.547731e-06  -6.237676e-05   0.000000e+00
0     6.749948e+01   0.000000e+00   0.000000e+00   0.000000e+00   0.000000e+00   0.000000e+00   0.000000e+00
1     6.749948e+01  -8.739383e-06  -4.859858e-06   0.000000e+00   3.053602e-05  -5.491229e-05   0.000000e+00
0     6.759941e+01   0.000000e+00   0.000000e+00   0.000000e+00   0.000000e+00   0.000000e+00   0.000000e+00
1     6.759941e+01  -4.217414e-06  -9.066858e-06   0.000000e+00   5.697044e-05  -2.649903e-05   0.000000e+00
0     6.769934e+01   0.000000e+00   0.000000e+00   0.000000e+00   0.000000e+00   0.000000e+00   0.000000e+00
1     6.769934e+01   1.913481e-06  -9.814874e-06   0.000000e+00   6.167094e-05   1.202402e-05   0.000000e+00
0     6.779928e+01   0.000000e+00   0.000000e+00   0.000000e+00   0.000000e+00   0.000000e+00   0.000000e+00
1     6.779928e+01   7.314367e-06  -6.818470e-06   0.000000e+00   4.284352e-05   4.596063e-05   0.000000e+00
0     6.789921e+01   0.000000e+00   0.000000e+00   0.000000e+00   0.000000e+00   0.000000e+00   0.000000e+00
1     6.789921e+01   9.924715e-06  -1.220735e-06   0.000000e+00   7.670145e-06   6.236320e-05   0.000000e+00
0     6.799914e+01   0.000000e+00   0.000000e+00   0.000000e+00   0.000000e+00   0.000000e+00   0.000000e+00
1     6.799914e+01   8.748578e-06   4.842730e-06   0.000000e+00  -3.043003e-05   5.497302e-05   0.000000e+00
0     6.809908e+01   0.000000e+00   0.000000e+00   0.000000e+00   0.000000e+00   0.000000e+00   0.000000e+00
1     6.809908e+01   4.234653e-06   9.058580e-06   0.000000e+00  -5.692047e-05   2.660940e-05   0.000000e+00
0     6.819901e+01   0.000000e+00   0.000000e+00   0.000000e+00   0.000000e+00   0.000000e+00   0.000000e+00
1     6.819901e+01  -1.894884e-06   9.818396e-06   0.000000e+00  -6.169440e-05  -1.190579e-05   0.000000e+00
0     6.829894e+01   0.000000e+00   0.000000e+00   0.000000e+00   0.000000e+00   0.000000e+00   0.000000e+00
1     6.829894e+01  -7.301506e-06   6.832360e-06   0.000000e+00  -4.293126e-05  -4.587798e-05   0.000000e+00
0     6.839888e+01   0.000000e+00   0.000000e+00   0.000000e+00   0.000000e+00   0.000000e+00   0.000000e+00
1     6.839888e+01  -9.922575e-06   1.239740e-06   0.000000e+00  -7.790201e-06  -6.234695e-05   0.000000e+00
0     6.849881e+01   0.000000e+00   0.000000e+00   0.000000e+00   0.000000e+00   0.000000e+00   0.000000e+00
1     6.849881e+01  -8.758206e-06  -4.825844e-06   0.000000e+00   3.032232e-05  -5.503060e-05   0.000000e+00
0     6.859874e+01   0.000000e+00   0.000000e+00   0.000000e+00   0.000000e+00   0.000000e+00   0.000000e+00
1     6.859874e+01  -4.252626e-06  -9.050392e-06   0.000000e+00   5.686701e-05  -2.672029e-05   0.000000e+00
0     6.869868e+01   0.000000e+00   0.000000e+00   0.000000e+00   0.000000e+00   0.000000e+00   0.000000e+00
1     6.869868e+01   1.875317e-06  -9.822233e-06   0.000000e+00   6.171722e-05   1.178422e-05   0.000000e+00
0     6.879861e+01   0.000000e+00   0.000000e+00   0.000000e+00   0.000000e+00   0.000000e+00   0.000000e+00
1     6.879861e+01   7.287808e-06  -6.846844e-06   0.000000e+00   4.302183e-05   4.579378e-05   0.000000e+00
0     6.889854e+01   0.000000e+00   0.000000e+00   0.000000e+00   0.000000e+00   0.000000e+00   0.000000e+00
1     6.889854e+01   9.919892e-06  -1.259294e-06   0.000000e+00   7.912441e-06   6.233293e-05   0.000000e+00
0     6.899848e+01   0.000000e+00   0.000000e+00   0.000000e+00   0.000000e+00   0.000000e+00   0.000000e+00
1     6.899848e+01   8.767326e-06   4.808697e-06   0.000000e+00  -3.021620e-05   5.509086e-05   0.000000e+00
0     6.909841e+01   0.000000e+00   0.000000e+00   0.000000e+00   0.000000e+00   0.000000e+00   0.000000e+00
1     6.909841e+01   4.269815e-06   9.042054e-06   0.000000e+00  -5.681667e-05   2.683036e-05   0.000000e+00
0     6.919834e+01   0.000000e+00   0.000000e+00   0.000000e+00   0.000000e+00   0.000000e+00   0.000000e+00
1     6.919834e+01  -1.856725e-06   9.825679e-06   0.000000e+00  -6.174020e-05  -1.166603e-05   0.000000e+00
0     6.929828e+01   0.000000e+00   0.000000e+00   0.000000e+00   0.000000e+00   0.000000e+00   0.000000e+00
1     6.929828e+01  -7.274907e-06   6.860667e-06   0.000000e+00  -4.310916e-05  -4.571088e-05   0.000000e+00
0     6.939996e+01   0.000000e+00   0.000000e+00   0.000000e+00   0.000000e+00   0.000000e+00   0.000000e+00
1     6.939996e+01  -9.931161e-06   1.168940e-06   0.000000e+00  -7.345342e-06  -6.240094e-05   0.000000e+00
0     6.949990e+01   0.000000e+00   0.000000e+00   0.000000e+00   0.000000e+00   0.000000e+00   0.000000e+00
1     6.949990e+01  -8.723560e-06  -4.888185e-06   0.000000e+00   3.071406e-05  -5.481294e-05   0.000000e+00
0     6.959983e+01   0.000000e+00   0.000000e+00   0.000000e+00   0.000000e+00   0.000000e+00   0.000000e+00
1     6.959983e+01  -4.187961e-06  -9.080490e-06   0.000000e+00   5.705617e-05  -2.631399e-05   0.000000e+00
0     6.969976e+01   0.000000e+00   0.000000e+00   0.000000e+00   0.000000e+00   0.000000e+00   0.000000e+00
1     6.969976e+01   1.945333e-06  -9.808601e-06   0.000000e+00   6.163161e-05   1.222418e-05   0.000000e+00
0     6.979970e+01   0.000000e+00   0.000000e+00   0.000000e+00   0.000000e+00   0.000000e+00   0.000000e+00
1     6.979970e+01   7.336463e-06  -6.794676e-06   0.000000e+00   4.269407e-05   4.609954e-05   0.000000e+00
0     6.989963e+01   0.000000e+00   0.000000e+00   0.000000e+00   0.000000e+00   0.000000e+00   0.000000e+00
1     6.989963e+01   9.928619e-06  -1.188490e-06   0.000000e+00   7.467543e-06   6.238781e-05   0.000000e+00
0     6.999956e+01   0.000000e+00   0.000000e+00   0.000000e+00   0.000000e+00   0.000000e+00   0.000000e+00
1     6.999956e+01   8.732790e-06   4.871125e-06   0.000000e+00  -3.060849e-05   5.487389e-05   0.000000e+00
0     7.009950e+01   0.000000e+00   0.000000e+00   0.000000e+00   0.000000e+00   0.000000e+00   0.000000e+00
1     7.009950e+01   4.205189e-06   9.072286e-06   0.000000e+00  -5.700666e-05   2.642429e-05   0.000000e+00
0     7.019943e+01   0.000000e+00   0.000000e+00   0.000000e+00   0.000000e+00   0.000000e+00   0.000000e+00
1     7.019943e+01  -1.926788e-06   9.812177e-06   0.000000e+00  -6.165540e-05  -1.210628e-05   0.000000e+00
0     7.029936e+01   0.000000e+00   0.000000e+00   0.000000e+00   0.000000e+00   0.000000e+00   0.000000e+00
1     7.029936e+01  -7.323676e-06   6.808578e-06   0.000000e+00  -4.278188e-05  -4.601734e-05   0.000000e+00
0     7.039930e+01   0.000000e+00   0.000000e+00   0.000000e+00   0.000000e+00   0.000000e+00   0.000000e+00
1     7.039930e+01  -9.926546e-06   1.207463e-06   0.000000e+00  -7.587401e-06  -6.237198e-05   0.000000e+00
0     7.049923e+01   0.000000e+00   0.000000e+00   0.000000e+00   0.000000e+00   0.000000e+00   0.000000e+00
1     7.049923e+01  -8.742454e-06  -4.854304e-06   0.000000e+00   3.050119e-05  -5.493170e-05   0.000000e+00
0     7.059916e+01   0.000000e+00   0.000000e+00   0.000000e+00   0.000000e+00   0.000000e+00   0.000000e+00
1     7.059916e+01  -4.223152e-06  -9.064173e-06   0.000000e+00   5.695367e-05  -2.653513e-05   0.000000e+00
0     7.069910e+01   0.000000e+00   0.000000e+00   0.000000e+00   0.000000e+00   0.000000e+00   0.000000e+00
1     7.069910e+01   1.907273e-06  -9.816069e-06   0.000000e+00   6.167857e-05   1.198503e-05   0.000000e+00
0     7.079903e+01   0.000000e+00   0.000000e+00   0.000000e+00   0.000000e+00   0.000000e+00   0.000000e+00
1     7.079903e+01   7.310053e-06  -6.823076e-06   0.000000e+00   4.287254e-05   4.593362e-05   0.000000e+00
0     7.089897e+01   0.000000e+00   0.000000e+00   0.000000e+00   0.000000e+00   0.000000e+00   0.000000e+00
1     7.089897e+01   9.923931e-06  -1.226984e-06   0.000000e+00   7.709427e-06   6.235840e-05   0.000000e+00
0     7.099890e+01   0.000000e+00   0.000000e+00   0.000000e+00   0.000000e+00   0.000000e+00   0.000000e+00
1     7.099890e+01   8.751609e-06   4.837224e-06   0.000000e+00  -3.039549e-05   5.499217e-05   0.000000e+00
0     7.109883e+01   0.000000e+00   0.000000e+00   0.000000e+00   0.000000e+00   0.000000e+00   0.000000e+00
1     7.109883e+01   4.240330e-06   9.055910e-06   0.000000e+00  -5.690380e-05   2.664512e-05   0.000000e+00
0     7.119877e+01   0.000000e+00   0.000000e+00   0.000000e+00   0.000000e+00   0.000000e+00   0.000000e+00
1     7.119877e+01  -1.888733e-06   9.819568e-06   0.000000e+00  -6.170188e-05  -1.186717e-05   0.000000e+00
0     7.129870e+01   0.000000e+00   0.000000e+00   0.000000e+00   0.000000e+00   0.000000e+00   0.000000e+00
1     7.129870e+01  -7.297225e-06   6.836913e-06   0.000000e+00  -4.295995e-05  -4.585118e-05   0.000000e+00
0     7.139863e+01   0.000000e+00   0.000000e+00   0.000000e+00   0.000000e+00   0.000000e+00   0.000000e+00
1     7.139863e+01  -9.921787e-06   1.245927e-06   0.000000e+00  -7.829093e-06  -6.234212e-05   0.000000e+00
0     7.149857e+01   0.000000e+00   0.000000e+00   0.000000e+00   0.000000e+00   0.000000e+00   0.000000e+00
1     7.149857e+01  -8.761197e-06  -4.820384e-06   0.000000e+00   3.028808e-05  -5.504950e-05   0.000000e+00
0     7.159850e+01   0.000000e+00   0.000000e+00   0.000000e+00   0.000000e+00   0.000000e+00   0.000000e+00
1     7.159850e+01  -4.258242e-06  -9.047736e-06   0.000000e+00   5.685043e-05  -2.675563e-05   0.000000e+00
0     7.169843e+01   0.000000e+00   0.000000e+00   0.000000e+00   0.000000e+00   0.000000e+00   0.000000e+00
1     7.169843e+01   1.869224e-06  -9.823381e-06   0.000000e+00   6.172456e-05   1.174596e-05   0.000000e+00
0     7.179837e+01   0.000000e+00   0.000000e+00   0.000000e+00   0.000000e+00   0.000000e+00   0.000000e+00
1     7.179837e+01   7.283560e-06  -6.851344e-06   0.000000e+00   4.305019e-05   4.576718e-05   0.000000e+00
0     7.189830e+01   0.000000e+00   0.000000e+00   0.000000e+00   0.000000e+00   0.000000e+00   0.000000e+00
1     7.189830e+01   9.919100e-06  -1.265420e-06   0.000000e+00   7.950945e-06   6.232807e-05   0.000000e+00
0     7.199999e+01   0.000000e+00   0.000000e+00   0.000000e+00   0.000000e+00   0.000000e+00   0.000000e+00
1     7.199999e+01   8.716830e-06   4.899610e-06   0.000000e+00  -3.078752e-05   5.477367e-05   0.000000e+00
0     7.209992e+01   0.000000e+00   0.000000e+00   0.000000e+00   0.000000e+00   0.000000e+00   0.000000e+00
1     7.209992e+01   4.175531e-06   9.085965e-06   0.000000e+00  -5.709269e-05   2.623797e-05   0.000000e+00
0     7.219985e+01   0.000000e+00   0.000000e+00   0.000000e+00   0.000000e+00   0.000000e+00   0.000000e+00
1     7.219985e+01  -1.958831e-06   9.805822e-06   0.000000e+00  -6.161554e-05  -1.230764e-05   0.000000e+00
0     7.229979e+01   0.000000e+00   0.000000e+00   0.000000e+00   0.000000e+00   0.000000e+00   0.000000e+00
1     7.229979e+01  -7.345878e-06   6.784605e-06   0.000000e+00  -4.263130e-05  -4.615691e-05   0.000000e+00
0     7.239972e+01   0.000000e+00   0.000000e+00   0.000000e+00   0.000000e+00   0.000000e+00   0.000000e+00
1     7.239972e+01  -9.930431e-06   1.175011e-06   0.000000e+00  -7.383505e-06  -6.239648e-05   0.000000e+00
0     7.249965e+01   0.000000e+00   0.000000e+00   0.000000e+00   0.000000e+00   0.000000e+00   0.000000e+00
1     7.249965e+01  -8.726530e-06  -4.882854e-06   0.000000e+00   3.068062e-05  -5.483171e-05   0.000000e+00
0     7.259959e+01   0.000000e+00   0.000000e+00   0.000000e+00   0.000000e+00   0.000000e+00   0.000000e+00
1     7.259959e+01  -4.193485e-06  -9.077926e-06   0.000000e+00   5.704017e-05  -2.634876e-05   0.000000e+00
0     7.269952e+01   0.000000e+00   0.000000e+00   0.000000e+00   0.000000e+00   0.000000e+00   0.000000e+00
1     7.269952e+01   1.939368e-06  -9.809769e-06   0.000000e+00   6.163907e-05   1.218672e-05   0.000000e+00
0     7.279945e+01   0.000000e+00   0.000000e+00   0.000000e+00   0.000000e+00   0.000000e+00   0.000000e+00
1     7.279945e+01   7.332330e-06  -6.799117e-06   0.000000e+00   4.272205e-05   4.607366e-05   0.000000e+00
0     7.289939e+01   0.000000e+00   0.000000e+00   0.000000e+00   0.000000e+00   0.000000e+00   0.000000e+00
1     7.289939e+01   9.927885e-06  -1.194499e-06   0.000000e+00   7.505317e-06   6.238332e-05   0.000000e+00
0     7.299932e+01   0.000000e+00   0.000000e+00   0.000000e+00   0.000000e+00   0.000000e+00   0.000000e+00
1     7.299932e+01   8.735720e-06   4.865841e-06   0.000000e+00  -3.057535e-05   5.489241e-05   0.000000e+00
0     7.309925e+01   0.000000e+00   0.000000e+00   0.000000e+00   0.000000e+00   0.000000e+00   0.000000e+00
1     7.309925e+01   4.210653e-06   9.069737e-06   0.000000e+00  -5.699076e-05   2.645867e-05   0.000000e+00
0     7.319919e+01   0.000000e+00   0.000000e+00   0.000000e+00   0.000000e+00   0.000000e+00   0.000000e+00
1     7.319919e+01  -1.920881e-06   9.813322e-06   0.000000e+00  -6.166271e-05  -1.206918e-05   0.000000e+00
0     7.329912e+01   0.000000e+00   0.000000e+00   0.000000e+00   0.000000e+00   0.000000e+00   0.000000e+00
1     7.329912e+01  -7.319576e-06   6.812966e-06   0.000000e+00  -4.280954e-05  -4.599167e-05   0.000000e+00
0     7.339905e+01   0.000000e+00   0.000000e+00   0.000000e+00   0.000000e+00   0.000000e+00   0.000000e+00
1     7.339905e+01  -9.925807e-06   1.213410e-06   0.000000e+00  -7.624786e-06  -6.236747e-05   0.000000e+00
0     7.349899e+01   0.000000e+00   0.000000e+00   0.000000e+00   0.000000e+00   0.000000e+00   0.000000e+00
1     7.349899e+01  -8.745345e-06  -4.849068e-06   0.000000e+00   3.046835e-05  -5.494996e-05   0.000000e+00
0     7.359892e+01   0.000000e+00   0.000000e+00   0.000000e+00   0.000000e+00   0.000000e+00   0.000000e+00
1     7.359892e+01  -4.228556e-06  -9.061639e-06   0.000000e+00   5.693786e-05  -2.656914e-05   0.000000e+00
0     7.369885e+01   0.000000e+00   0.000000e+00   0.000000e+00   0.000000e+00   0.000000e+00   0.000000e+00
1     7.369885e+01   1.901423e-06  -9.817190e-06   0.000000e+00   6.168574e-05   1.194830e-05   0.000000e+00
0     7.379879e+01   0.000000e+00   0.000000e+00   0.000000e+00   0.000000e+00   0.000000e+00   0.000000e+00
1     7.379879e+01   7.305986e-06  -6.827412e-06   0.000000e+00   4.289987e-05   4.590815e-05   0.000000e+00
0     7.389872e+01   0.000000e+00   0.000000e+00   0.000000e+00   0.000000e+00   0.000000e+00   0.000000e+00
1     7.389872e+01   9.923189e-06  -1.232870e-06   0.000000e+00   7.746425e-06   6.235385e-05   0.000000e+00
0     7.399865e+01   0.000000e+00   0.000000e+00   0.000000e+00   0.000000e+00   0.000000e+00   0.000000e+00
1     7.399865e+01   8.754460e-06   4.832035e-06   0.000000e+00  -3.036295e-05   5.501019e-05   0.000000e+00
0     7.409859e+01   0.000000e+00   0.000000e+00   0.000000e+00   0.000000e+00   0.000000e+00   0.000000e+00
1     7.409859e+01   4.245674e-06   9.053391e-06   0.000000e+00  -5.688808e-05   2.667875e-05   0.000000e+00
0     7.419852e+01   0.000000e+00   0.000000e+00   0.000000e+00   0.000000e+00   0.000000e+00   0.000000e+00
1     7.419852e+01  -1.882941e-06   9.820667e-06   0.000000e+00  -6.170891e-05  -1.183079e-05   0.000000e+00
0     7.429845e+01   0.000000e+00   0.000000e+00   0.000000e+00   0.000000e+00   0.000000e+00   0.000000e+00
1     7.429845e+01  -7.293191e-06   6.841196e-06   0.000000e+00  -4.298695e-05  -4.582592e-05   0.000000e+00
0     7.439839e+01   0.000000e+00   0.000000e+00   0.000000e+00   0.000000e+00   0.000000e+00   0.000000e+00
1     7.439839e+01  -9.921041e-06   1.251751e-06   0.000000e+00  -7.865701e-06  -6.233756e-05   0.000000e+00
0     7.449832e+01   0.000000e+00   0.000000e+00   0.000000e+00   0.000000e+00   0.000000e+00   0.000000e+00
1     7.449832e+01  -8.764009e-06  -4.815244e-06   0.000000e+00   3.025584e-05  -5.506727e-05   0.000000e+00
0     7.459825e+01   0.000000e+00   0.000000e+00   0.000000e+00   0.000000e+00   0.000000e+00   0.000000e+00
1     7.459825e+01  -4.263526e-06  -9.045233e-06   0.000000e+00   5.683481e-05  -2.678889e-05   0.000000e+00
0     7.469994e+01   0.000000e+00   0.000000e+00   0.000000e+00   0.000000e+00   0.000000e+00   0.000000e+00
1     7.469994e+01   1.971602e-06  -9.803332e-06   0.000000e+00   6.159870e-05   1.238928e-05   0.000000e+00
0     7.479987e+01   0.000000e+00   0.000000e+00   0.000000e+00   0.000000e+00   0.000000e+00   0.000000e+00
1     7.479987e+01   7.354640e-06  -6.774965e-06   0.000000e+00   4.257035e-05   4.621390e-05   0.000000e+00
0     7.489981e+01   0.000000e+00   0.000000e+00   0.000000e+00   0.000000e+00   0.000000e+00   0.000000e+00
1     7.489981e+01   9.931751e-06  -1.161840e-06   0.000000e+00   7.300111e-06   6.240770e-05   0.000000e+00
0     7.499974e+01   0.000000e+00   0.000000e+00   0.000000e+00   0.000000e+00   0.000000e+00   0.000000e+00
1     7.499974e+01   8.719658e-06   4.894549e-06   0.000000e+00  -3.075578e-05   5.479155e-05   0.000000e+00
0     7.509967e+01   0.000000e+00   0.000000e+00   0.000000e+00   0.000000e+00   0.000000e+00   0.000000e+00
1     7.509967e+01   4.180783e-06   9.083536e-06   0.000000e+00  -5.707753e-05   2.627102e-05   0.000000e+00
0     7.519961e+01   0.000000e+00   0.000000e+00   0.000000e+00   0.000000e+00   0.000000e+00   0.000000e+00
1     7.519961e+01  -1.953167e-06   9.806938e-06   0.000000e+00  -6.162268e-05  -1.227207e-05   0.000000e+00
0     7.529954e+01   0.000000e+00   0.000000e+00   0.000000e+00   0.000000e+00   0.000000e+00   0.000000e+00
1     7.529954e+01  -7.341958e-06   6.788828e-06   0.000000e+00  -4.265791e-05  -4.613237e-05   0.000000e+00
0     7.539947e+01   0.000000e+00   0.000000e+00   0.000000e+00   0.000000e+00   0.000000e+00   0.000000e+00
1     7.539947e+01  -9.929741e-06   1.180719e-06   0.000000e+00  -7.419383e-06  -6.239226e-05   0.000000e+00
0     7.549941e+01   0.000000e+00   0.000000e+00   0.000000e+00   0.000000e+00   0.000000e+00   0.000000e+00
1     7.549941e+01  -8.729319e-06  -4.877841e-06   0.000000e+00   3.064918e-05  -5.484934e-05   0.000000e+00
0     7.559934e+01   0.000000e+00   0.000000e+00   0.000000e+00   0.000000e+00   0.000000e+00   0.000000e+00
1     7.559934e+01  -4.198676e-06  -9.075512e-06   0.000000e+00   5.702511e-05  -2.638143e-05   0.000000e+00
0     7.569927e+01   0.000000e+00   0.000000e+00   0.000000e+00   0.000000e+00   0.000000e+00   0.000000e+00
1     7.569927e+01   1.933761e-06  -9.810863e-06   0.000000e+00   6.164606e-05   1.215151e-05   0.000000e+00
0     7.579921e+01   0.000000e+00   0.000000e+00   0.000000e+00   0.000000e+00   0.000000e+00   0.000000e+00
1     7.579921e+01   7.328444e-06  -6.803287e-06   0.000000e+00   4.274834e-05   4.604933e-05   0.000000e+00
0     7.589914e+01   0.000000e+00   0.000000e+00   0.000000e+00   0.000000e+00   0.000000e+00   0.000000e+00
1     7.589914e+01   9.927191e-06  -1.200145e-06   0.000000e+00   7.540808e-06   6.237908e-05   0.000000e+00
0     7.599907e+01   0.000000e+00   0.000000e+00   0.000000e+00   0.000000e+00   0.000000e+00   0.000000e+00
1     7.599907e+01   8.738470e-06   4.860875e-06   0.000000e+00  -3.054421e-05   5.490979e-05   0.000000e+00
0     7.609901e+01   0.000000e+00   0.000000e+00   0.000000e+00   0.000000e+00   0.000000e+00   0.000000e+00
1     7.609901e+01   4.215784e-06   9.067339e-06   0.000000e+00  -5.697580e-05   2.649097e-05   0.000000e+00
0     7.619894e+01   0.000000e+00   0.000000e+00   0.000000e+00   0.000000e+00   0.000000e+00   0.000000e+00
1     7.619894e+01  -1.915331e-06   9.814393e-06   0.000000e+00  -6.166956e-05  -1.203434e-05   0.000000e+00
0     7.629887e+01   0.000000e+00   0.000000e+00   0.000000e+00   0.000000e+00   0.000000e+00   0.000000e+00
1     7.629887e+01  -7.315723e-06   6.817084e-06   0.000000e+00  -4.283549e-05  -4.596755e-05   0.000000e+00
0     7.639881e+01   0.000000e+00   0.000000e+00   0.000000e+00   0.000000e+00   0.000000e+00   0.000000e+00
1     7.639881e+01  -9.925110e-06   1.218994e-06   0.000000e+00  -7.659886e-06  -6.236321e-05   0.000000e+00
0     7.649874e+01   0.000000e+00   0.000000e+00   0.000000e+00   0.000000e+00   0.000000e+00   0.000000e+00
1     7.649874e+01  -8.748055e-06  -4.844150e-06   0.000000e+00   3.043750e-05  -5.496710e-05   0.000000e+00
0     7.659867e+01   0.000000e+00   0.000000e+00   0.000000e+00   0.000000e+00   0.000000e+00   0.000000e+00
1     7.659867e+01  -4.233627e-06  -9.059257e-06   0.000000e+00   5.692300e-05  -2.660105e-05   0.000000e+00
0     7.669861e+01   0.000000e+00   0.000000e+00   0.000000e+00   0.000000e+00   0.000000e+00   0.000000e+00
1     7.669861e+01   1.895932e-06  -9.818239e-06   0.000000e+00   6.169245e-05   1.191381e-05   0.000000e+00
0     7.679854e+01   0.000000e+00   0.000000e+00   0.000000e+00   0.000000e+00   0.000000e+00   0.000000e+00
1     7.679854e+01   7.302167e-06  -6.831478e-06   0.000000e+00   4.292550e-05   4.588424e-05   0.000000e+00
0     7.689847e+01   0.000000e+00   0.000000e+00   0.000000e+00   0.000000e+00   0.000000e+00   0.000000e+00
1     7.689847e+01   9.922488e-06  -1.238392e-06   0.000000e+00   7.781138e-06   6.234957e-05   0.000000e+00
0     7.699841e+01   0.000000e+00   0.000000e+00   0.000000e+00   0.000000e+00   0.000000e+00   0.000000e+00
1     7.699841e+01   8.757131e-06   4.827165e-06   0.000000e+00  -3.033241e-05   5.502709e-05   0.000000e+00
0     7.709834e+01   0.000000e+00   0.000000e+00   0.000000e+00   0.000000e+00   0.000000e+00   0.000000e+00
1     7.709834e+01   4.250686e-06   9.051025e-06   0.000000e+00  -5.687333e-05   2.671030e-05   0.000000e+00
0     7.719827e+01   0.000000e+00   0.000000e+00   0.000000e+00   0.000000e+00   0.000000e+00   0.000000e+00
1     7.719827e+01  -1.877507e-06   9.821694e-06   0.000000e+00  -6.171548e-05  -1.179667e-05   0.000000e+00
0     7.729996e+01   0.000000e+00   0.000000e+00   0.000000e+00   0.000000e+00   0.000000e+00   0.000000e+00
1     7.729996e+01  -7.364372e-06   6.764495e-06   0.000000e+00  -4.250508e-05  -4.627327e-05   0.000000e+00
0     7.739989e+01   0.000000e+00   0.000000e+00   0.000000e+00   0.000000e+00   0.000000e+00   0.000000e+00
1     7.739989e+01  -9.933585e-06   1.147853e-06   0.000000e+00  -7.212881e-06  -6.241650e-05   0.000000e+00
0     7.749983e+01   0.000000e+00   0.000000e+00   0.000000e+00   0.000000e+00   0.000000e+00   0.000000e+00
1     7.749983e+01  -8.713118e-06  -4.906703e-06   0.000000e+00   3.083057e-05  -5.474761e-05   0.000000e+00
0     7.759976e+01   0.000000e+00   0.000000e+00   0.000000e+00   0.000000e+00   0.000000e+00   0.000000e+00
1     7.759976e+01  -4.168603e-06  -9.089355e-06   0.000000e+00   5.711217e-05  -2.619250e-05   0.000000e+00
0     7.769969e+01   0.000000e+00   0.000000e+00   0.000000e+00   0.000000e+00   0.000000e+00   0.000000e+00
1     7.769969e+01   1.966238e-06  -9.804396e-06   0.000000e+00   6.160551e-05   1.235560e-05   0.000000e+00
0     7.779963e+01   0.000000e+00   0.000000e+00   0.000000e+00   0.000000e+00   0.000000e+00   0.000000e+00
1     7.779963e+01   7.350932e-06  -6.778968e-06   0.000000e+00   4.259559e-05   4.619070e-05   0.000000e+00
0     7.789956e+01   0.000000e+00   0.000000e+00   0.000000e+00   0.000000e+00   0.000000e+00   0.000000e+00
1     7.789956e+01   9.931104e-06  -1.167246e-06   0.000000e+00   7.334092e-06   6.240375e-05   0.000000e+00
0     7.799949e+01   0.000000e+00   0.000000e+00   0.000000e+00   0.000000e+00   0.000000e+00   0.000000e+00
1     7.799949e+01   8.722305e-06   4.889805e-06   0.000000e+00  -3.072603e-05   5.480828e-05   0.000000e+00
0     7.809943e+01   0.000000e+00   0.000000e+00   0.000000e+00   0.000000e+00   0.000000e+00   0.000000e+00
1     7.809943e+01   4.185700e-06   9.081256e-06   0.000000e+00  -5.706332e-05   2.630197e-05   0.000000e+00
0     7.819936e+01   0.000000e+00   0.000000e+00   0.000000e+00   0.000000e+00   0.000000e+00   0.000000e+00
1     7.819936e+01  -1.947860e-06   9.807980e-06   0.000000e+00  -6.162935e-05  -1.223875e-05   0.000000e+00
0     7.829929e+01   0.000000e+00   0.000000e+00   0.000000e+00   0.000000e+00   0.000000e+00   0.000000e+00
1     7.829929e+01  -7.338285e-06   6.792779e-06   0.000000e+00  -4.268283e-05  -4.610938e-05   0.000000e+00
0     7.839923e+01   0.000000e+00   0.000000e+00   0.000000e+00   0.000000e+00   0.000000e+00   0.000000e+00
1     7.839923e+01  -9.929091e-06   1.186063e-06   0.000000e+00  -7.452975e-06  -6.238830e-05   0.000000e+00
0     7.849916e+01   0.000000e+00   0.000000e+00   0.000000e+00   0.000000e+00   0.000000e+00   0.000000e+00
1     7.849916e+01  -8.731926e-06  -4.873145e-06   0.000000e+00   3.061973e-05  -5.486583e-05   0.000000e+00
0     7.859909e+01   0.000000e+00   0.000000e+00   0.000000e+00   0.000000e+00   0.000000e+00   0.000000e+00
1     7.859909e+01  -4.203534e-06  -9.073249e-06   0.000000e+00   5.701100e-05  -2.641200e-05   0.000000e+00
0     7.869903e+01   0.000000e+00   0.000000e+00   0.000000e+00   0.000000e+00   0.000000e+00   0.000000e+00
1     7.869903e+01   1.928513e-06  -9.811882e-06   0.000000e+00   6.165259e-05   1.211856e-05   0.000000e+00
0     7.879896e+01   0.000000e+00   0.000000e+00   0.000000e+00   0.000000e+00   0.000000e+00   0.000000e+00
1     7.879896e+01   7.324804e-06  -6.807187e-06   0.000000e+00   4.277293e-05   4.602655e-05   0.000000e+00
0     7.889889e+01   0.000000e+00   0.000000e+00   0.000000e+00   0.000000e+00   0.000000e+00   0.000000e+00
1     7.889889e+01   9.926538e-06  -1.205427e-06   0.000000e+00   7.574013e-06   6.237510e-05   0.000000e+00
0     7.899883e+01   0.000000e+00   0.000000e+00   0.000000e+00   0.000000e+00   0.000000e+00   0.000000e+00
1     7.899883e+01   8.741038e-06   4.856228e-06   0.000000e+00  -3.051506e-05   5.492604e-05   0.000000e+00
0     7.909876e+01   0.000000e+00   0.000000e+00   0.000000e+00   0.000000e+00   0.000000e+00   0.000000e+00
1     7.909876e+01   4.220582e-06   9.065092e-06   0.000000e+00  -5.696179e-05   2.652117e-05   0.000000e+00
0     7.919869e+01   0.000000e+00   0.000000e+00   0.000000e+00   0.000000e+00   0.000000e+00   0.000000e+00
1     7.919869e+01  -1.910141e-06   9.815391e-06   0.000000e+00  -6.167596e-05  -1.200174e-05   0.000000e+00
0     7.929863e+01   0.000000e+00   0.000000e+00   0.000000e+00   0.000000e+00   0.000000e+00   0.000000e+00
1     7.929863e+01  -7.312117e-06   6.820933e-06   0.000000e+00  -4.285976e-05  -4.594499e-05   0.000000e+00
0     7.939856e+01   0.000000e+00   0.000000e+00   0.000000e+00   0.000000e+00   0.000000e+00   0.000000e+00
1     7.939856e+01  -9.924455e-06   1.224214e-06   0.000000e+00  -7.692703e-06  -6.235921e-05   0.000000e+00
0     7.949849e+01   0.000000e+00   0.000000e+00   0.000000e+00   0.000000e+00   0.000000e+00   0.000000e+00
1     7.949849e+01  -8.750585e-06  -4.839551e-06   0.000000e+00   3.040867e-05  -5.498311e-05   0.000000e+00
0     7.959843e+01   0.000000e+00   0.000000e+00   0.000000e+00   0.000000e+00   0.000000e+00   0.000000e+00
1     7.959843e+01  -4.238365e-06  -9.057026e-06   0.000000e+00   5.690910e-05  -2.663088e-05   0.000000e+00
0     7.969836e+01   0.000000e+00   0.000000e+00   0.000000e+00   0.000000e+00   0.000000e+00   0.000000e+00
1     7.969836e+01   1.890799e-06  -9.819216e-06   0.000000e+00   6.169870e-05   1.188159e-05   0.000000e+00
0     7.979829e+01   0.000000e+00   0.000000e+00   0.000000e+00   0.000000e+00   0.000000e+00   0.000000e+00
1     7.979829e+01   7.298595e-06  -6.835274e-06   0.000000e+00   4.294944e-05   4.586189e-05   0.000000e+00
0     7.989998e+01   0.000000e+00   0.000000e+00   0.000000e+00   0.000000e+00   0.000000e+00   0.000000e+00
1     7.989998e+01   9.934926e-06  -1.134172e-06   0.000000e+00   7.126279e-06   6.242785e-05   0.000000e+00
0     7.999991e+01   0.000000e+00   0.000000e+00   0.000000e+00   0.000000e+00   0.000000e+00   0.000000e+00
1     7.999991e+01   8.705964e-06   4.918822e-06   0.000000e+00  -3.090840e-05   5.470568e-05   0.000000e+00
0     8.009985e+01   0.000000e+00   0.000000e+00   0.000000e+00   0.000000e+00   0.000000e+00   0.000000e+00
1     8.009985e+01   4.155422e-06   9.095142e-06   0.000000e+00  -5.715065e-05   2.611174e-05   0.000000e+00
0     8.019978e+01   0.000000e+00   0.000000e+00   0.000000e+00   0.000000e+00   0.000000e+00   0.000000e+00
1     8.019978e+01  -1.980528e-06   9.801428e-06   0.000000e+00  -6.158825e-05  -1.244403e-05   0.000000e+00
0     8.029971e+01   0.000000e+00   0.000000e+00   0.000000e+00   0.000000e+00   0.000000e+00   0.000000e+00
1     8.029971e+01  -7.360876e-06   6.768280e-06   0.000000e+00  -4.252894e-05  -4.625139e-05   0.000000e+00
0     8.039965e+01   0.000000e+00   0.000000e+00   0.000000e+00   0.000000e+00   0.000000e+00   0.000000e+00
1     8.039965e+01  -9.932981e-06   1.152957e-06   0.000000e+00  -7.244963e-06  -6.241282e-05   0.000000e+00
0     8.049958e+01   0.000000e+00   0.000000e+00   0.000000e+00   0.000000e+00   0.000000e+00   0.000000e+00
1     8.049958e+01  -8.715622e-06  -4.902228e-06   0.000000e+00   3.080252e-05  -5.476345e-05   0.000000e+00
0     8.059951e+01   0.000000e+00   0.000000e+00   0.000000e+00   0.000000e+00   0.000000e+00   0.000000e+00
1     8.059951e+01  -4.173247e-06  -9.087210e-06   0.000000e+00   5.709880e-05  -2.622173e-05   0.000000e+00
0     8.069945e+01   0.000000e+00   0.000000e+00   0.000000e+00   0.000000e+00   0.000000e+00   0.000000e+00
1     8.069945e+01   1.961232e-06  -9.805386e-06   0.000000e+00   6.161185e-05   1.232417e-05   0.000000e+00
0     8.079938e+01   0.000000e+00   0.000000e+00   0.000000e+00   0.000000e+00   0.000000e+00   0.000000e+00
1     8.079938e+01   7.347471e-06  -6.782701e-06   0.000000e+00   4.261913e-05   4.616904e-05   0.000000e+00
0     8.089931e+01   0.000000e+00   0.000000e+00   0.000000e+00   0.000000e+00   0.000000e+00   0.000000e+00
1     8.089931e+01   9.930497e-06  -1.172288e-06   0.000000e+00   7.365789e-06   6.240006e-05   0.000000e+00
0     8.099925e+01   0.000000e+00   0.000000e+00   0.000000e+00   0.000000e+00   0.000000e+00   0.000000e+00
1     8.099925e+01   8.724770e-06   4.885378e-06   0.000000e+00  -3.069827e-05   5.482388e-05   0.000000e+00
0     8.109918e+01   0.000000e+00   0.000000e+00   0.000000e+00   0.000000e+00   0.000000e+00   0.000000e+00
1     8.109918e+01   4.190284e-06   9.079128e-06   0.000000e+00  -5.705006e-05   2.633082e-05   0.000000e+00
0     8.119911e+01   0.000000e+00   0.000000e+00   0.000000e+00   0.000000e+00   0.000000e+00   0.000000e+00
1     8.119911e+01  -1.942912e-06   9.808948e-06   0.000000e+00  -6.163555e-05  -1.220768e-05   0.000000e+00
0     8.129905e+01   0.000000e+00   0.000000e+00   0.000000e+00   0.000000e+00   0.000000e+00   0.000000e+00
1     8.129905e+01  -7.334858e-06   6.796461e-06   0.000000e+00  -4.270604e-05  -4.608794e-05   0.000000e+00
0     8.139898e+01   0.000000e+00   0.000000e+00   0.000000e+00   0.000000e+00   0.000000e+00   0.000000e+00
1     8.139898e+01  -9.928482e-06   1.191043e-06   0.000000e+00  -7.484283e-06  -6.238459e-05   0.000000e+00
0     8.149891e+01   0.000000e+00   0.000000e+00   0.000000e+00   0.000000e+00   0.000000e+00   0.000000e+00
1     8.149891e+01  -8.734353e-06  -4.868767e-06   0.000000e+00   3.059229e-05  -5.488118e-05   0.000000e+00
0     8.159885e+01   0.000000e+00   0.000000e+00   0.000000e+00   0.000000e+00   0.000000e+00   0.000000e+00
1     8.159885e+01  -4.208058e-06  -9.071137e-06   0.000000e+00   5.699784e-05  -2.644048e-05   0.000000e+00
0     8.169878e+01   0.000000e+00   0.000000e+00   0.000000e+00   0.000000e+00   0.000000e+00   0.000000e+00
1     8.169878e+01   1.923623e-06  -9.812829e-06   0.000000e+00   6.165866e-05   1.208785e-05   0.000000e+00
0     8.179871e+01   0.000000e+00   0.000000e+00   0.000000e+00   0.000000e+00   0.000000e+00   0.000000e+00
1     8.179871e+01   7.321411e-06  -6.810817e-06   0.000000e+00   4.279582e-05   4.600532e-05   0.000000e+00
0     8.189865e+01   0.000000e+00   0.000000e+00   0.000000e+00   0.000000e+00   0.000000e+00   0.000000e+00
1     8.189865e+01   9.925926e-06  -1.210346e-06   0.000000e+00   7.604934e-06   6.237138e-05   0.000000e+00
0     8.199858e+01   0.000000e+00   0.000000e+00   0.000000e+00   0.000000e+00   0.000000e+00   0.000000e+00
1     8.199858e+01   8.743427e-06   4.851899e-06   0.000000e+00  -3.048792e-05   5.494115e-05   0.000000e+00
0     8.209851e+01   0.000000e+00   0.000000e+00   0.000000e+00   0.000000e+00   0.000000e+00   0.000000e+00
1     8.209851e+01   4.225047e-06   9.062998e-06   0.000000e+00  -5.694874e-05   2.654928e-05   0.000000e+00
0     8.219845e+01   0.000000e+00   0.000000e+00   0.000000e+00   0.000000e+00   0.000000e+00   0.000000e+00
1     8.219845e+01  -1.905309e-06   9.816317e-06   0.000000e+00  -6.168190e-05  -1.197141e-05   0.000000e+00
0     8.229838e+01   0.000000e+00   0.000000e+00   0.000000e+00   0.000000e+00   0.000000e+00   0.000000e+00
1     8.229838e+01  -7.308759e-06   6.824511e-06   0.000000e+00  -4.288233e-05  -4.592398e-05   0.000000e+00
0     8.239831e+01   0.000000e+00   0.000000e+00   0.000000e+00   0.000000e+00   0.000000e+00   0.000000e+00
1     8.239831e+01  -9.923841e-06   1.229071e-06   0.000000e+00  -7.723236e-06  -6.235548e-05   0.000000e+00
0     8.249825e+01   0.000000e+00   0.000000e+00   0.000000e+00   0.000000e+00   0.000000e+00   0.000000e+00
1     8.249825e+01  -8.752936e-06  -4.835271e-06   0.000000e+00   3.038183e-05  -5.499798e-05   0.000000e+00
0     8.259993e+01   0.000000e+00   0.000000e+00   0.000000e+00   0.000000e+00   0.000000e+00   0.000000e+00
1     8.259993e+01  -4.142764e-06  -9.101137e-06   0.000000e+00   5.718638e-05  -2.603023e-05   0.000000e+00
0     8.269987e+01   0.000000e+00   0.000000e+00   0.000000e+00   0.000000e+00   0.000000e+00   0.000000e+00
1     8.269987e+01   1.994090e-06  -9.798747e-06   0.000000e+00   6.157022e-05   1.253064e-05   0.000000e+00
0     8.279980e+01   0.000000e+00   0.000000e+00   0.000000e+00   0.000000e+00   0.000000e+00   0.000000e+00
1     8.279980e+01   7.370166e-06  -6.758020e-06   0.000000e+00   4.246410e-05   4.631171e-05   0.000000e+00
0     8.289973e+01   0.000000e+00   0.000000e+00   0.000000e+00   0.000000e+00   0.000000e+00   0.000000e+00
1     8.289973e+01   9.934364e-06  -1.138974e-06   0.000000e+00   7.156464e-06   6.242444e-05   0.000000e+00
0     8.299967e+01   0.000000e+00   0.000000e+00   0.000000e+00   0.000000e+00   0.000000e+00   0.000000e+00
1     8.299967e+01   8.708323e-06   4.914617e-06   0.000000e+00  -3.088204e-05   5.472061e-05   0.000000e+00
0     8.309960e+01   0.000000e+00   0.000000e+00   0.000000e+00   0.000000e+00   0.000000e+00   0.000000e+00
1     8.309960e+01   4.159791e-06   9.093130e-06   0.000000e+00  -5.713812e-05   2.613925e-05   0.000000e+00
0     8.319954e+01   0.000000e+00   0.000000e+00   0.000000e+00   0.000000e+00   0.000000e+00   0.000000e+00
1     8.319954e+01  -1.975822e-06   9.802364e-06   0.000000e+00  -6.159425e-05  -1.241449e-05   0.000000e+00
0     8.329947e+01   0.000000e+00   0.000000e+00   0.000000e+00   0.000000e+00   0.000000e+00   0.000000e+00
1     8.329947e+01  -7.357627e-06   6.771793e-06   0.000000e+00  -4.255109e-05  -4.623106e-05   0.000000e+00
0     8.339940e+01   0.000000e+00   0.000000e+00   0.000000e+00   0.000000e+00   0.000000e+00   0.000000e+00
1     8.339940e+01  -9.932417e-06   1.157697e-06   0.000000e+00  -7.274760e-06  -6.240940e-05   0.000000e+00
0     8.349934e+01   0.000000e+00   0.000000e+00   0.000000e+00   0.000000e+00   0.000000e+00   0.000000e+00
1     8.349934e+01  -8.717944e-06  -4.898072e-06   0.000000e+00   3.077646e-05  -5.477815e-05   0.000000e+00
0     8.359927e+01   0.000000e+00   0.000000e+00   0.000000e+00   0.000000e+00   0.000000e+00   0.000000e+00
1     8.359927e+01  -4.177556e-06  -9.085215e-06   0.000000e+00   5.708637e-05  -2.624886e-05   0.000000e+00
0     8.369920e+01   0.000000e+00   0.000000e+00   0.000000e+00   0.000000e+00   0.000000e+00   0.000000e+00
1     8.369920e+01   1.956585e-06  -9.806301e-06   0.000000e+00   6.161772e-05   1.229499e-05   0.000000e+00
0     8.379914e+01   0.000000e+00   0.000000e+00   0.000000e+00   0.000000e+00   0.000000e+00   0.000000e+00
1     8.379914e+01   7.344256e-06  -6.786163e-06   0.000000e+00   4.264096e-05   4.614893e-05   0.000000e+00
0     8.389907e+01   0.000000e+00   0.000000e+00   0.000000e+00   0.000000e+00   0.000000e+00   0.000000e+00
1     8.389907e+01   9.929931e-06  -1.176966e-06   0.000000e+00   7.395200e-06   6.239662e-05   0.000000e+00
0     8.399900e+01   0.000000e+00   0.000000e+00   0.000000e+00   0.000000e+00   0.000000e+00   0.000000e+00
1     8.399900e+01   8.727054e-06   4.881271e-06   0.000000e+00  -3.067252e-05   5.483834e-05   0.000000e+00
0     8.409894e+01   0.000000e+00   0.000000e+00   0.000000e+00   0.000000e+00   0.000000e+00   0.000000e+00
1     8.409894e+01   4.194534e-06   9.077151e-06   0.000000e+00  -5.703775e-05   2.635758e-05   0.000000e+00
0     8.419887e+01   0.000000e+00   0.000000e+00   0.000000e+00   0.000000e+00   0.000000e+00   0.000000e+00
1     8.419887e+01  -1.938323e-06   9.809843e-06   0.000000e+00  -6.164129e-05  -1.217887e-05   0.000000e+00
0     8.429880e+01   0.000000e+00   0.000000e+00   0.000000e+00   0.000000e+00   0.000000e+00   0.000000e+00
1     8.429880e+01  -7.331678e-06   6.799872e-06   0.000000e+00  -4.272756e-05  -4.606804e-05   0.000000e+00
0     8.439874e+01   0.000000e+00   0.000000e+00   0.000000e+00   0.000000e+00   0.000000e+00   0.000000e+00
1     8.439874e+01  -9.927914e-06   1.195659e-06   0.000000e+00  -7.513304e-06  -6.238114e-05   0.000000e+00
0     8.449867e+01   0.000000e+00   0.000000e+00   0.000000e+00   0.000000e+00   0.000000e+00   0.000000e+00
1     8.449867e+01  -8.736599e-06  -4.864709e-06   0.000000e+00   3.056684e-05  -5.489540e-05   0.000000e+00
0     8.459860e+01   0.000000e+00   0.000000e+00   0.000000e+00   0.000000e+00   0.000000e+00   0.000000e+00
1     8.459860e+01  -4.212249e-06  -9.069178e-06   0.000000e+00   5.698564e-05  -2.646687e-05   0.000000e+00
0     8.469854e+01   0.000000e+00   0.000000e+00   0.000000e+00   0.000000e+00   0.000000e+00   0.000000e+00
1     8.469854e+01   1.919092e-06  -9.813703e-06   0.000000e+00   6.166427e-05   1.205941e-05   0.000000e+00
0     8.479847e+01   0.000000e+00   0.000000e+00   0.000000e+00   0.000000e+00   0.000000e+00   0.000000e+00
1     8.479847e+01   7.318266e-06  -6.814177e-06   0.000000e+00   4.281702e-05   4.598564e-05   0.000000e+00
0     8.489840e+01   0.000000e+00   0.000000e+00   0.000000e+00   0.000000e+00   0.000000e+00   0.000000e+00
1     8.489840e+01   9.925357e-06  -1.214901e-06   0.000000e+00   7.633570e-06   6.236792e-05   0.000000e+00
0     8.499834e+01   0.000000e+00   0.000000e+00   0.000000e+00   0.000000e+00   0.000000e+00   0.000000e+00
1     8.499834e+01   8.745636e-06   4.847889e-06   0.000000e+00  -3.046279e-05   5.495514e-05   0.000000e+00
0     8.509827e+01   0.000000e+00   0.000000e+00   0.000000e+00   0.000000e+00   0.000000e+00   0.000000e+00
1     8.509827e+01   4.229179e-06   9.061056e-06   0.000000e+00  -5.693665e-05   2.657529e-05   0.000000e+00
0     8.519996e+01   0.000000e+00   0.000000e+00   0.000000e+00   0.000000e+00   0.000000e+00   0.000000e+00
1     8.519996e+01  -2.008870e-06   9.795636e-06   0.000000e+00  -6.155206e-05  -1.262216e-05   0.000000e+00
0     8.529989e+01   0.000000e+00   0.000000e+00   0.000000e+00   0.000000e+00   0.000000e+00   0.000000e+00
1     8.529989e+01  -7.380423e-06   6.746928e-06   0.000000e+00  -4.239491e-05  -4.637436e-05   0.000000e+00
0     8.539982e+01   0.000000e+00   0.000000e+00   0.000000e+00   0.000000e+00   0.000000e+00   0.000000e+00
1     8.539982e+01  -9.936258e-06   1.124175e-06   0.000000e+00  -7.064136e-06  -6.243361e-05   0.000000e+00
0     8.549976e+01   0.000000e+00   0.000000e+00   0.000000e+00   0.000000e+00   0.000000e+00   0.000000e+00
1     8.549976e+01  -8.701355e-06  -4.927463e-06   0.000000e+00   3.096118e-05  -5.467398e-05   0.000000e+00
0     8.559969e+01   0.000000e+00   0.000000e+00   0.000000e+00   0.000000e+00   0.000000e+00   0.000000e+00
1     8.559969e+01  -4.146858e-06  -9.099258e-06   0.000000e+00   5.717469e-05  -2.605600e-05   0.000000e+00
0     8.569962e+01   0.000000e+00   0.000000e+00   0.000000e+00   0.000000e+00   0.000000e+00   0.000000e+00
1     8.569962e+01   1.989685e-06  -9.799629e-06   0.000000e+00   6.157588e-05   1.250299e-05   0.000000e+00
0     8.579956e+01   0.000000e+00   0.000000e+00   0.000000e+00   0.000000e+00   0.000000e+00   0.000000e+00
1     8.579956e+01   7.367128e-06  -6.761312e-06   0.000000e+00   4.248487e-05   4.629271e-05   0.000000e+00
0     8.589949e+01   0.000000e+00   0.000000e+00   0.000000e+00   0.000000e+00   0.000000e+00   0.000000e+00
1     8.589949e+01   9.933841e-06  -1.143411e-06   0.000000e+00   7.184359e-06   6.242128e-05   0.000000e+00
0     8.599942e+01   0.000000e+00   0.000000e+00   0.000000e+00   0.000000e+00   0.000000e+00   0.000000e+00
1     8.599942e+01   8.710501e-06   4.910730e-06   0.000000e+00  -3.085767e-05   5.473440e-05   0.000000e+00
0     8.609936e+01   0.000000e+00   0.000000e+00   0.000000e+00   0.000000e+00   0.000000e+00   0.000000e+00
1     8.609936e+01   4.163826e-06   9.091269e-06   0.000000e+00  -5.712653e-05   2.616465e-05   0.000000e+00
0     8.619929e+01   0.000000e+00   0.000000e+00   0.000000e+00   0.000000e+00   0.000000e+00   0.000000e+00
1     8.619929e+01  -1.971476e-06   9.803226e-06   0.000000e+00  -6.159979e-05  -1.238720e-05   0.000000e+00
0     8.629922e+01   0.000000e+00   0.000000e+00   0.000000e+00   0.000000e+00   0.000000e+00   0.000000e+00
1     8.629922e+01  -7.354624e-06   6.775035e-06   0.000000e+00  -4.257155e-05  -4.621229e-05   0.000000e+00
0     8.639916e+01   0.000000e+00   0.000000e+00   0.000000e+00   0.000000e+00   0.000000e+00   0.000000e+00
1     8.639916e+01  -9.931893e-06   1.162072e-06   0.000000e+00  -7.302267e-06  -6.240623e-05   0.000000e+00
0     8.649909e+01   0.000000e+00   0.000000e+00   0.000000e+00   0.000000e+00   0.000000e+00   0.000000e+00
1     8.649909e+01  -8.720084e-06  -4.894234e-06   0.000000e+00   3.075240e-05  -5.479170e-05   0.000000e+00
0     8.659902e+01   0.000000e+00   0.000000e+00   0.000000e+00   0.000000e+00   0.000000e+00   0.000000e+00
1     8.659902e+01  -4.181532e-06  -9.083372e-06   0.000000e+00   5.707490e-05  -2.627389e-05   0.000000e+00
0     8.669896e+01   0.000000e+00   0.000000e+00   0.000000e+00   0.000000e+00   0.000000e+00   0.000000e+00
1     8.669896e+01   1.952297e-06  -9.807142e-06   0.000000e+00   6.162312e-05   1.226807e-05   0.000000e+00
0     8.679889e+01   0.000000e+00   0.000000e+00   0.000000e+00   0.000000e+00   0.000000e+00   0.000000e+00
1     8.679889e+01   7.341288e-06  -6.789354e-06   0.000000e+00   4.266110e-05   4.613037e-05   0.000000e+00
0     8.689882e+01   0.000000e+00   0.000000e+00   0.000000e+00   0.000000e+00   0.000000e+00   0.000000e+00
1     8.689882e+01   9.929405e-06  -1.181280e-06   0.000000e+00   7.422320e-06   6.239344e-05   0.000000e+00
0     8.699876e+01   0.000000e+00   0.000000e+00   0.000000e+00   0.000000e+00   0.000000e+00   0.000000e+00
1     8.699876e+01   8.729157e-06   4.877482e-06   0.000000e+00  -3.064877e-05   5.485166e-05   0.000000e+00
0     8.709869e+01   0.000000e+00   0.000000e+00   0.000000e+00   0.000000e+00   0.000000e+00   0.000000e+00
1     8.709869e+01   4.198451e-06   9.075325e-06   0.000000e+00  -5.702639e-05   2.638224e-05   0.000000e+00
0     8.719862e+01   0.000000e+00   0.000000e+00   0.000000e+00   0.000000e+00   0.000000e+00   0.000000e+00
1     8.719862e+01  -1.934093e-06   9.810665e-06   0.000000e+00  -6.164658e-05  -1.215231e-05   0.000000e+00
0     8.729856e+01   0.000000e+00   0.000000e+00   0.000000e+00   0.000000e+00   0.000000e+00   0.000000e+00
1     8.729856e+01  -7.328746e-06   6.803013e-06   0.000000e+00  -4.274738e-05  -4.604971e-05   0.000000e+00
0     8.739849e+01   0.000000e+00   0.000000e+00   0.000000e+00   0.000000e+00   0.000000e+00   0.000000e+00
1     8.739849e+01  -9.927388e-06   1.199911e-06   0.000000e+00  -7.540036e-06  -6.237796e-05   0.000000e+00
0     8.749842e+01   0.000000e+00   0.000000e+00   0.000000e+00   0.000000e+00   0.000000e+00   0.000000e+00
1     8.749842e+01  -8.738666e-06  -4.860969e-06   0.000000e+00   3.054341e-05  -5.490850e-05   0.000000e+00
0     8.759836e+01   0.000000e+00   0.000000e+00   0.000000e+00   0.000000e+00   0.000000e+00   0.000000e+00
1     8.759836e+01  -4.216107e-06  -9.067371e-06   0.000000e+00   5.697440e-05  -2.649116e-05   0.000000e+00
0     8.769829e+01   0.000000e+00   0.000000e+00   0.000000e+00   0.000000e+00   0.000000e+00   0.000000e+00
1     8.769829e+01   1.914920e-06  -9.814505e-06   0.000000e+00   6.166942e-05   1.203322e-05   0.000000e+00
0     8.779998e+01   0.000000e+00   0.000000e+00   0.000000e+00   0.000000e+00   0.000000e+00   0.000000e+00
1     8.779998e+01   7.390026e-06  -6.736264e-06   0.000000e+00   4.232753e-05   4.643665e-05   0.000000e+00
0     8.789991e+01   0.000000e+00   0.000000e+00   0.000000e+00   0.000000e+00   0.000000e+00   0.000000e+00
1     8.789991e+01   9.937657e-06  -1.109681e-06   0.000000e+00   6.972420e-06   6.244534e-05   0.000000e+00
0     8.799984e+01   0.000000e+00   0.000000e+00   0.000000e+00   0.000000e+00   0.000000e+00   0.000000e+00
1     8.799984e+01   8.693769e-06   4.940274e-06   0.000000e+00  -3.104336e-05   5.462933e-05   0.000000e+00
0     8.809978e+01   0.000000e+00   0.000000e+00   0.000000e+00   0.000000e+00   0.000000e+00   0.000000e+00
1     8.809978e+01   4.132921e-06   9.105351e-06   0.000000e+00  -5.721509e-05   2.597049e-05   0.000000e+00
0     8.819971e+01   0.000000e+00   0.000000e+00   0.000000e+00   0.000000e+00   0.000000e+00   0.000000e+00
1     8.819971e+01  -2.004765e-06   9.796464e-06   0.000000e+00  -6.155738e-05  -1.259640e-05   0.000000e+00
0     8.829964e+01   0.000000e+00   0.000000e+00   0.000000e+00   0.000000e+00   0.000000e+00   0.000000e+00
1     8.829964e+01  -7.377596e-06   6.750000e-06   0.000000e+00  -4.241429e-05  -4.635669e-05   0.000000e+00
0     8.839958e+01   0.000000e+00   0.000000e+00   0.000000e+00   0.000000e+00   0.000000e+00   0.000000e+00
1     8.839958e+01  -9.935776e-06   1.128309e-06   0.000000e+00  -7.090127e-06  -6.243071e-05   0.000000e+00
0     8.849951e+01   0.000000e+00   0.000000e+00   0.000000e+00   0.000000e+00   0.000000e+00   0.000000e+00
1     8.849951e+01  -8.703388e-06  -4.923845e-06   0.000000e+00   3.093850e-05  -5.468687e-05   0.000000e+00
0     8.859944e+01   0.000000e+00   0.000000e+00   0.000000e+00   0.000000e+00   0.000000e+00   0.000000e+00
1     8.859944e+01  -4.150618e-06  -9.097530e-06   0.000000e+00   5.716394e-05  -2.607967e-05   0.000000e+00
0     8.869938e+01   0.000000e+00   0.000000e+00   0.000000e+00   0.000000e+00   0.000000e+00   0.000000e+00
1     8.869938e+01   1.985639e-06  -9.800437e-06   0.000000e+00   6.158107e-05   1.247759e-05   0.000000e+00
0     8.879931e+01   0.000000e+00   0.000000e+00   0.000000e+00   0.000000e+00   0.000000e+00   0.000000e+00
1     8.879931e+01   7.364337e-06  -6.764334e-06   0.000000e+00   4.250394e-05   4.627526e-05   0.000000e+00
0     8.889924e+01   0.000000e+00   0.000000e+00   0.000000e+00   0.000000e+00   0.000000e+00   0.000000e+00
1     8.889924e+01   9.933359e-06  -1.147484e-06   0.000000e+00   7.209965e-06   6.241837e-05   0.000000e+00
0     8.899918e+01   0.000000e+00   0.000000e+00   0.000000e+00   0.000000e+00   0.000000e+00   0.000000e+00
1     8.899918e+01   8.712497e-06   4.907161e-06   0.000000e+00  -3.083531e-05   5.474705e-05   0.000000e+00
0     8.909911e+01   0.000000e+00   0.000000e+00   0.000000e+00   0.000000e+00   0.000000e+00   0.000000e+00
1     8.909911e+01   4.167527e-06   9.089559e-06   0.000000e+00  -5.711590e-05   2.618796e-05   0.000000e+00
0     8.919904e+01   0.000000e+00   0.000000e+00   0.000000e+00   0.000000e+00   0.000000e+00   0.000000e+00
1     8.919904e+01  -1.967488e-06   9.804014e-06   0.000000e+00  -6.160486e-05  -1.236217e-05   0.000000e+00
0     8.929898e+01   0.000000e+00   0.000000e+00   0.000000e+00   0.000000e+00   0.000000e+00   0.000000e+00
1     8.929898e+01  -7.351868e-06   6.778006e-06   0.000000e+00  -4.259030e-05  -4.619506e-05   0.000000e+00
0     8.939891e+01   0.000000e+00   0.000000e+00   0.000000e+00   0.000000e+00   0.000000e+00   0.000000e+00
1     8.939891e+01  -9.931409e-06   1.166083e-06   0.000000e+00  -7.327486e-06  -6.240331e-05   0.000000e+00
0     8.949884e+01   0.000000e+00   0.000000e+00   0.000000e+00   0.000000e+00   0.000000e+00   0.000000e+00
1     8.949884e+01  -8.722043e-06  -4.890715e-06   0.000000e+00   3.073035e-05  -5.480412e-05   0.000000e+00
0     8.959878e+01   0.000000e+00   0.000000e+00   0.000000e+00   0.000000e+00   0.000000e+00   0.000000e+00
1     8.959878e+01  -4.185174e-06  -9.081680e-06   0.000000e+00   5.706438e-05  -2.629682e-05   0.000000e+00
0     8.969871e+01   0.000000e+00   0.000000e+00   0.000000e+00   0.000000e+00   0.000000e+00   0.000000e+00
1     8.969871e+01   1.948367e-06  -9.807910e-06   0.000000e+00   6.162807e-05   1.224340e-05   0.000000e+00
0     8.979864e+01   0.000000e+00   0.000000e+00   0.000000e+00   0.000000e+00   0.000000e+00   0.000000e+00
1     8.979864e+01   7.338568e-06  -6.792275e-06   0.000000e+00   4.267954e-05   4.611336e-05   0.000000e+00
0     8.989858e+01   0.000000e+00   0.000000e+00   0.000000e+00   0.000000e+00   0.000000e+00   0.000000e+00
1     8.989858e+01   9.928922e-06  -1.185230e-06   0.000000e+00   7.447153e-06   6.239052e-05   0.000000e+00
0     8.999851e+01   0.000000e+00   0.000000e+00   0.000000e+00   0.000000e+00   0.000000e+00   0.000000e+00
1     8.999851e+01   8.731080e-06   4.874012e-06   0.000000e+00  -3.062703e-05   5.486385e-05   0.000000e+00
0     9.009844e+01   0.000000e+00   0.000000e+00   0.000000e+00   0.000000e+00   0.000000e+00   0.000000e+00
1     9.009844e+01   4.202035e-06   9.073652e-06   0.000000e+00  -5.701599e-05   2.640481e-05   0.000000e+00
0     9.019838e+01   0.000000e+00   0.000000e+00   0.000000e+00   0.000000e+00   0.000000e+00   0.000000e+00
1     9.019838e+01  -1.930222e-06   9.811414e-06   0.000000e+00  -6.165140e-05  -1.212801e-05   0.000000e+00
0     9.029831e+01   0.000000e+00   0.000000e+00   0.000000e+00   0.000000e+00   0.000000e+00   0.000000e+00
1     9.029831e+01  -7.326062e-06   6.805884e-06   0.000000e+00  -4.276550e-05  -4.603294e-05   0.000000e+00
0     9.040000e+01   0.000000e+00   0.000000e+00   0.000000e+00   0.000000e+00   0.000000e+00   0.000000e+00
1     9.040000e+01  -9.939563e-06   1.094372e-06   0.000000e+00  -6.876891e-06  -6.245458e-05   0.000000e+00
0     9.049993e+01   0.000000e+00   0.000000e+00   0.000000e+00   0.000000e+00   0.000000e+00   0.000000e+00
1     9.049993e+01  -8.686511e-06  -4.953540e-06   0.000000e+00   3.112513e-05  -5.458089e-05   0.000000e+00
0     9.059986e+01   0.000000e+00   0.000000e+00   0.000000e+00   0.000000e+00   0.000000e+00   0.000000e+00
1     9.059986e+01  -4.119508e-06  -9.111649e-06   0.000000e+00   5.725273e-05  -2.588423e-05   0.000000e+00
0     9.069980e+01   0.000000e+00   0.000000e+00   0.000000e+00   0.000000e+00   0.000000e+00   0.000000e+00
1     9.069980e+01   2.019118e-06  -9.793585e-06   0.000000e+00   6.153810e-05   1.268797e-05   0.000000e+00
0     9.079973e+01   0.000000e+00   0.000000e+00   0.000000e+00   0.000000e+00   0.000000e+00   0.000000e+00
1     9.079973e+01   7.387409e-06  -6.739114e-06   0.000000e+00   4.234553e-05   4.642030e-05   0.000000e+00
0     9.089966e+01   0.000000e+00   0.000000e+00   0.000000e+00   0.000000e+00   0.000000e+00   0.000000e+00
1     9.089966e+01   9.937215e-06  -1.113512e-06   0.000000e+00   6.996510e-06   6.244268e-05   0.000000e+00
0     9.099960e+01   0.000000e+00   0.000000e+00   0.000000e+00   0.000000e+00   0.000000e+00   0.000000e+00
1     9.099960e+01   8.695656e-06   4.936924e-06   0.000000e+00  -3.102237e-05   5.464130e-05   0.000000e+00
0     9.109953e+01   0.000000e+00   0.000000e+00   0.000000e+00   0.000000e+00   0.000000e+00   0.000000e+00
1     9.109953e+01   4.136405e-06   9.103754e-06   0.000000e+00  -5.720517e-05   2.599244e-05   0.000000e+00
0     9.119946e+01   0.000000e+00   0.000000e+00   0.000000e+00   0.000000e+00   0.000000e+00   0.000000e+00
1     9.119946e+01  -2.001020e-06   9.797216e-06   0.000000e+00  -6.156223e-05  -1.257289e-05   0.000000e+00
0     9.129940e+01   0.000000e+00   0.000000e+00   0.000000e+00   0.000000e+00   0.000000e+00   0.000000e+00
1     9.129940e+01  -7.375016e-06   6.752800e-06   0.000000e+00  -4.243197e-05  -4.634057e-05   0.000000e+00
0     9.139933e+01   0.000000e+00   0.000000e+00   0.000000e+00   0.000000e+00   0.000000e+00   0.000000e+00
1     9.139933e+01  -9.935334e-06   1.132079e-06   0.000000e+00  -7.113831e-06  -6.242805e-05   0.000000e+00
0     9.149926e+01   0.000000e+00   0.000000e+00   0.000000e+00   0.000000e+00   0.000000e+00   0.000000e+00
1     9.149926e+01  -8.705239e-06  -4.920545e-06   0.000000e+00   3.091783e-05  -5.469860e-05   0.000000e+00
0     9.159920e+01   0.000000e+00   0.000000e+00   0.000000e+00   0.000000e+00   0.000000e+00   0.000000e+00
1     9.159920e+01  -4.154044e-06  -9.095952e-06   0.000000e+00   5.715414e-05  -2.610125e-05   0.000000e+00
0     9.169913e+01   0.000000e+00   0.000000e+00   0.000000e+00   0.000000e+00   0.000000e+00   0.000000e+00
1     9.169913e+01   1.981952e-06  -9.801170e-06   0.000000e+00   6.158580e-05   1.245445e-05   0.000000e+00
0     9.179906e+01   0.000000e+00   0.000000e+00   0.000000e+00   0.000000e+00   0.000000e+00   0.000000e+00
1     9.179906e+01   7.361792e-06  -6.767084e-06   0.000000e+00   4.252130e-05   4.625936e-05   0.000000e+00
0     9.189900e+01   0.000000e+00   0.000000e+00   0.000000e+00   0.000000e+00   0.000000e+00   0.000000e+00
1     9.189900e+01   9.932917e-06  -1.151192e-06   0.000000e+00   7.233283e-06   6.241571e-05   0.000000e+00
0     9.199893e+01   0.000000e+00   0.000000e+00   0.000000e+00   0.000000e+00   0.000000e+00   0.000000e+00
1     9.199893e+01   8.714312e-06   4.903910e-06   0.000000e+00  -3.081494e-05   5.475856e-05   0.000000e+00
0     9.209886e+01   0.000000e+00   0.000000e+00   0.000000e+00   0.000000e+00   0.000000e+00   0.000000e+00
1     9.209886e+01   4.170894e-06   9.088000e-06   0.000000e+00  -5.710621e-05   2.620917e-05   0.000000e+00
0     9.219880e+01   0.000000e+00   0.000000e+00   0.000000e+00   0.000000e+00   0.000000e+00   0.000000e+00
1     9.219880e+01  -1.963859e-06   9.804728e-06   0.000000e+00  -6.160947e-05  -1.233939e-05   0.000000e+00
0     9.229873e+01   0.000000e+00   0.000000e+00   0.000000e+00   0.000000e+00   0.000000e+00   0.000000e+00
1     9.229873e+01  -7.349360e-06   6.780706e-06   0.000000e+00  -4.260735e-05  -4.617939e-05   0.000000e+00
0     9.239866e+01   0.000000e+00   0.000000e+00   0.000000e+00   0.000000e+00   0.000000e+00   0.000000e+00
1     9.239866e+01  -9.930967e-06   1.169730e-06   0.000000e+00  -7.350416e-06  -6.240065e-05   0.000000e+00
0     9.249860e+01   0.000000e+00   0.000000e+00   0.000000e+00   0.000000e+00   0.000000e+00   0.000000e+00
1     9.249860e+01  -8.723822e-06  -4.887514e-06   0.000000e+00   3.071030e-05  -5.481540e-05   0.000000e+00
0     9.259853e+01   0.000000e+00   0.000000e+00   0.000000e+00   0.000000e+00   0.000000e+00   0.000000e+00
1     9.259853e+01  -4.188483e-06  -9.080140e-06   0.000000e+00   5.705482e-05  -2.631766e-05   0.000000e+00
0     9.269846e+01   0.000000e+00   0.000000e+00   0.000000e+00   0.000000e+00   0.000000e+00   0.000000e+00
1     9.269846e+01   1.944797e-06  -9.808606e-06   0.000000e+00   6.163256e-05   1.222099e-05   0.000000e+00
0     9.279840e+01   0.000000e+00   0.000000e+00   0.000000e+00   0.000000e+00   0.000000e+00   0.000000e+00
1     9.279840e+01   7.336096e-06  -6.794926e-06   0.000000e+00   4.269628e-05   4.609792e-05   0.000000e+00
0     9.289833e+01   0.000000e+00   0.000000e+00   0.000000e+00   0.000000e+00   0.000000e+00   0.000000e+00
1     9.289833e+01   9.928480e-06  -1.188815e-06   0.000000e+00   7.469699e-06   6.238787e-05   0.000000e+00
0     9.299826e+01   0.000000e+00   0.000000e+00   0.000000e+00   0.000000e+00   0.000000e+00   0.000000e+00
1     9.299826e+01   8.732823e-06   4.870861e-06   0.000000e+00  -3.060729e-05   5.487491e-05   0.000000e+00
0     9.309995e+01   0.000000e+00   0.000000e+00   0.000000e+00   0.000000e+00   0.000000e+00   0.000000e+00
1     9.309995e+01   4.105087e-06   9.117910e-06   0.000000e+00  -5.729419e-05   2.579568e-05   0.000000e+00
0     9.319988e+01   0.000000e+00   0.000000e+00   0.000000e+00   0.000000e+00   0.000000e+00   0.000000e+00
1     9.319988e+01  -2.034688e-06   9.790271e-06   0.000000e+00  -6.151866e-05  -1.278446e-05   0.000000e+00
0     9.329982e+01   0.000000e+00   0.000000e+00   0.000000e+00   0.000000e+00   0.000000e+00   0.000000e+00
1     9.329982e+01  -7.398186e-06   6.727395e-06   0.000000e+00  -4.227239e-05  -4.648622e-05   0.000000e+00
0     9.339975e+01   0.000000e+00   0.000000e+00   0.000000e+00   0.000000e+00   0.000000e+00   0.000000e+00
1     9.339975e+01  -9.939161e-06   1.097900e-06   0.000000e+00  -6.899076e-06  -6.245218e-05   0.000000e+00
0     9.349968e+01   0.000000e+00   0.000000e+00   0.000000e+00   0.000000e+00   0.000000e+00   0.000000e+00
1     9.349968e+01  -8.688253e-06  -4.950459e-06   0.000000e+00   3.110583e-05  -5.459194e-05   0.000000e+00
0     9.359962e+01   0.000000e+00   0.000000e+00   0.000000e+00   0.000000e+00   0.000000e+00   0.000000e+00
1     9.359962e+01  -4.122716e-06  -9.110184e-06   0.000000e+00   5.724364e-05  -2.590444e-05   0.000000e+00
0     9.369955e+01   0.000000e+00   0.000000e+00   0.000000e+00   0.000000e+00   0.000000e+00   0.000000e+00
1     9.369955e+01   2.015673e-06  -9.794281e-06   0.000000e+00   6.154260e-05   1.266635e-05   0.000000e+00
0     9.379948e+01   0.000000e+00   0.000000e+00   0.000000e+00   0.000000e+00   0.000000e+00   0.000000e+00
1     9.379948e+01   7.385039e-06  -6.741693e-06   0.000000e+00   4.236181e-05   4.640549e-05   0.000000e+00
0     9.389942e+01   0.000000e+00   0.000000e+00   0.000000e+00   0.000000e+00   0.000000e+00   0.000000e+00
1     9.389942e+01   9.936813e-06  -1.116980e-06   0.000000e+00   7.018311e-06   6.244028e-05   0.000000e+00
0     9.399935e+01   0.000000e+00   0.000000e+00   0.000000e+00   0.000000e+00   0.000000e+00   0.000000e+00
1     9.399935e+01   8.697362e-06   4.933893e-06   0.000000e+00  -3.100338e-05   5.465212e-05   0.000000e+00
0     9.409928e+01   0.000000e+00   0.000000e+00   0.000000e+00   0.000000e+00   0.000000e+00   0.000000e+00
1     9.409928e+01   4.139555e-06   9.102308e-06   0.000000e+00  -5.719619e-05   2.601228e-05   0.000000e+00
0     9.419922e+01   0.000000e+00   0.000000e+00   0.000000e+00   0.000000e+00   0.000000e+00   0.000000e+00
1     9.419922e+01  -1.997633e-06   9.797894e-06   0.000000e+00  -6.156661e-05  -1.255163e-05   0.000000e+00
0     9.429915e+01   0.000000e+00   0.000000e+00   0.000000e+00   0.000000e+00   0.000000e+00   0.000000e+00
1     9.429915e+01  -7.372682e-06   6.755329e-06   0.000000e+00  -4.244795e-05  -4.632599e-05   0.000000e+00
0     9.439908e+01   0.000000e+00   0.000000e+00   0.000000e+00   0.000000e+00   0.000000e+00   0.000000e+00
1     9.439908e+01  -9.934933e-06   1.135485e-06   0.000000e+00  -7.135246e-06  -6.242565e-05   0.000000e+00
0     9.449902e+01   0.000000e+00   0.000000e+00   0.000000e+00   0.000000e+00   0.000000e+00   0.000000e+00
1     9.449902e+01  -8.706909e-06  -4.917563e-06   0.000000e+00   3.089915e-05  -5.470920e-05   0.000000e+00
0     9.459895e+01   0.000000e+00   0.000000e+00   0.000000e+00   0.000000e+00   0.000000e+00   0.000000e+00
1     9.459895e+01  -4.157135e-06  -9.094525e-06   0.000000e+00   5.714528e-05  -2.612073e-05   0.000000e+00
0     9.469888e+01   0.000000e+00   0.000000e+00   0.000000e+00   0.000000e+00   0.000000e+00   0.000000e+00
1     9.469888e+01   1.978624e-06  -9.801829e-06   0.000000e+00   6.159006e-05   1.243356e-05   0.000000e+00
0     9.479882e+01   0.000000e+00   0.000000e+00   0.000000e+00   0.000000e+00   0.000000e+00   0.000000e+00
1     9.479882e+01   7.359494e-06  -6.769564e-06   0.000000e+00   4.253696e-05   4.624501e-05   0.000000e+00
0     9.489875e+01   0.000000e+00   0.000000e+00   0.000000e+00   0.000000e+00   0.000000e+00   0.000000e+00
1     9.489875e+01   9.932515e-06  -1.154537e-06   0.000000e+00   7.254314e-06   6.241331e-05   0.000000e+00
0     9.499868e+01   0.000000e+00   0.000000e+00   0.000000e+00   0.000000e+00   0.000000e+00   0.000000e+00
1     9.499868e+01   8.715947e-06   4.900979e-06   0.000000e+00  -3.079658e-05   5.476894e-05   0.000000e+00
0     9.509862e+01   0.000000e+00   0.000000e+00   0.000000e+00   0.000000e+00   0.000000e+00   0.000000e+00
1     9.509862e+01   4.173927e-06   9.086593e-06   0.000000e+00  -5.709748e-05   2.622828e-05   0.000000e+00
0     9.519855e+01   0.000000e+00   0.000000e+00   0.000000e+00   0.000000e+00   0.000000e+00   0.000000e+00
1     9.519855e+01  -1.960590e-06   9.805369e-06   0.000000e+00  -6.161362e-05  -1.231887e-05   0.000000e+00
0     9.529848e+01   0.000000e+00   0.000000e+00   0.000000e+00   0.000000e+00   0.000000e+00   0.000000e+00
1     9.529848e+01  -7.347099e-06   6.783137e-06   0.000000e+00  -4.262271e-05  -4.616527e-05   0.000000e+00
0     9.539842e+01   0.000000e+00   0.000000e+00   0.000000e+00   0.000000e+00   0.000000e+00   0.000000e+00
1     9.539842e+01  -9.930567e-06   1.173013e-06   0.000000e+00  -7.371060e-06  -6.239826e-05   0.000000e+00
0     9.549835e+01   0.000000e+00   0.000000e+00   0.000000e+00   0.000000e+00   0.000000e+00   0.000000e+00
1     9.549835e+01  -8.725421e-06  -4.884633e-06   0.000000e+00   3.069225e-05  -5.482556e-05   0.000000e+00
0     9.559828e+01   0.000000e+00   0.000000e+00   0.000000e+00   0.000000e+00   0.000000e+00   0.000000e+00
1     9.559828e+01  -4.191458e-06  -9.078753e-06   0.000000e+00   5.704621e-05  -2.633641e-05   0.000000e+00
0     9.569997e+01   0.000000e+00   0.000000e+00   0.000000e+00   0.000000e+00   0.000000e+00   0.000000e+00
1     9.569997e+01   2.049529e-06  -9.787243e-06   0.000000e+00   6.149845e-05   1.287910e-05   0.000000e+00
0     9.579990e+01   0.000000e+00   0.000000e+00   0.000000e+00   0.000000e+00   0.000000e+00   0.000000e+00
1     9.579990e+01   7.408307e-06  -6.716102e-06   0.000000e+00   4.220106e-05   4.655177e-05   0.000000e+00
0     9.589984e+01   0.000000e+00   0.000000e+00   0.000000e+00   0.000000e+00   0.000000e+00   0.000000e+00
1     9.589984e+01   9.940609e-06  -1.082592e-06   0.000000e+00   6.802241e-06   6.246421e-05   0.000000e+00
0     9.599977e+01   0.000000e+00   0.000000e+00   0.000000e+00   0.000000e+00   0.000000e+00   0.000000e+00
1     9.599977e+01   8.680228e-06   4.963958e-06   0.000000e+00  -3.119234e-05   5.454453e-05   0.000000e+00
0     9.609970e+01   0.000000e+00   0.000000e+00   0.000000e+00   0.000000e+00   0.000000e+00   0.000000e+00
1     9.609970e+01   4.108019e-06   9.116575e-06   0.000000e+00  -5.728592e-05   2.581415e-05   0.000000e+00
0     9.619964e+01   0.000000e+00   0.000000e+00   0.000000e+00   0.000000e+00   0.000000e+00   0.000000e+00
1     9.619964e+01  -2.031543e-06   9.790911e-06   0.000000e+00  -6.152280e-05  -1.276472e-05   0.000000e+00
0     9.629957e+01   0.000000e+00   0.000000e+00   0.000000e+00   0.000000e+00   0.000000e+00   0.000000e+00
1     9.629957e+01  -7.396025e-06   6.729751e-06   0.000000e+00  -4.228728e-05  -4.647273e-05   0.000000e+00
0     9.639951e+01   0.000000e+00   0.000000e+00   0.000000e+00   0.000000e+00   0.000000e+00   0.000000e+00
1     9.639951e+01  -9.938798e-06   1.101065e-06   0.000000e+00  -6.918973e-06  -6.245002e-05   0.000000e+00
0     9.649944e+01   0.000000e+00   0.000000e+00   0.000000e+00   0.000000e+00   0.000000e+00   0.000000e+00
1     9.649944e+01  -8.689812e-06  -4.947695e-06   0.000000e+00   3.108853e-05  -5.460184e-05   0.000000e+00
0     9.659937e+01   0.000000e+00   0.000000e+00   0.000000e+00   0.000000e+00   0.000000e+00   0.000000e+00
1     9.659937e+01  -4.125590e-06  -9.108869e-06   0.000000e+00   5.723549e-05  -2.592255e-05   0.000000e+00
0     9.669931e+01   0.000000e+00   0.000000e+00   0.000000e+00   0.000000e+00   0.000000e+00   0.000000e+00
1     9.669931e+01   2.012586e-06  -9.794903e-06   0.000000e+00   6.154662e-05   1.264698e-05   0.000000e+00
0     9.679924e+01   0.000000e+00   0.000000e+00   0.000000e+00   0.000000e+00   0.000000e+00   0.000000e+00
1     9.679924e+01   7.382914e-06  -6.744000e-06   0.000000e+00   4.237639e-05   4.639223e-05   0.000000e+00
0     9.689917e+01   0.000000e+00   0.000000e+00   0.000000e+00   0.000000e+00   0.000000e+00   0.000000e+00
1     9.689917e+01   9.936451e-06  -1.120083e-06   0.000000e+00   7.037824e-06   6.243812e-05   0.000000e+00
0     9.699911e+01   0.000000e+00   0.000000e+00   0.000000e+00   0.000000e+00   0.000000e+00   0.000000e+00
1     9.699911e+01   8.698886e-06   4.931180e-06   0.000000e+00  -3.098639e-05   5.466180e-05   0.000000e+00
0     9.709904e+01   0.000000e+00   0.000000e+00   0.000000e+00   0.000000e+00   0.000000e+00   0.000000e+00
1     9.709904e+01   4.142371e-06   9.101012e-06   0.000000e+00  -5.718817e-05   2.603003e-05   0.000000e+00
0     9.719897e+01   0.000000e+00   0.000000e+00   0.000000e+00   0.000000e+00   0.000000e+00   0.000000e+00
1     9.719897e+01  -1.994605e-06   9.798498e-06   0.000000e+00  -6.157052e-05  -1.253263e-05   0.000000e+00
0     9.729891e+01   0.000000e+00   0.000000e+00   0.000000e+00   0.000000e+00   0.000000e+00   0.000000e+00
1     9.729891e+01  -7.370594e-06   6.757587e-06   0.000000e+00  -4.246222e-05  -4.631296e-05   0.000000e+00
0     9.739884e+01   0.000000e+00   0.000000e+00   0.000000e+00   0.000000e+00   0.000000e+00   0.000000e+00
1     9.739884e+01  -9.934572e-06   1.138527e-06   0.000000e+00  -7.154373e-06  -6.242350e-05   0.000000e+00
0     9.749877e+01   0.000000e+00   0.000000e+00   0.000000e+00   0.000000e+00   0.000000e+00   0.000000e+00
1     9.749877e+01  -8.708398e-06  -4.914900e-06   0.000000e+00   3.088248e-05  -5.471866e-05   0.000000e+00
0     9.759871e+01   0.000000e+00   0.000000e+00   0.000000e+00   0.000000e+00   0.000000e+00   0.000000e+00
1     9.759871e+01  -4.159893e-06  -9.093250e-06   0.000000e+00   5.713738e-05  -2.613811e-05   0.000000e+00
0     9.769864e+01   0.000000e+00   0.000000e+00   0.000000e+00   0.000000e+00   0.000000e+00   0.000000e+00
1     9.769864e+01   1.975655e-06  -9.802415e-06   0.000000e+00   6.159386e-05   1.241492e-05   0.000000e+00
0     9.779857e+01   0.000000e+00   0.000000e+00   0.000000e+00   0.000000e+00   0.000000e+00   0.000000e+00
1     9.779857e+01   7.357444e-06  -6.771773e-06   0.000000e+00   4.255093e-05   4.623221e-05   0.000000e+00
0     9.789851e+01   0.000000e+00   0.000000e+00   0.000000e+00   0.000000e+00   0.000000e+00   0.000000e+00
1     9.789851e+01   9.932155e-06  -1.157517e-06   0.000000e+00   7.273056e-06   6.241117e-05   0.000000e+00
0     9.799844e+01   0.000000e+00   0.000000e+00   0.000000e+00   0.000000e+00   0.000000e+00   0.000000e+00
1     9.799844e+01   8.717400e-06   4.898366e-06   0.000000e+00  -3.078022e-05   5.477818e-05   0.000000e+00
0     9.809837e+01   0.000000e+00   0.000000e+00   0.000000e+00   0.000000e+00   0.000000e+00   0.000000e+00
1     9.809837e+01   4.176627e-06   9.085338e-06   0.000000e+00  -5.708971e-05   2.624530e-05   0.000000e+00
0     9.819831e+01   0.000000e+00   0.000000e+00   0.000000e+00   0.000000e+00   0.000000e+00   0.000000e+00
1     9.819831e+01  -1.957679e-06   9.805937e-06   0.000000e+00  -6.161731e-05  -1.230061e-05   0.000000e+00
0     9.829999e+01   0.000000e+00   0.000000e+00   0.000000e+00   0.000000e+00   0.000000e+00   0.000000e+00
1     9.829999e+01  -7.419389e-06   6.703972e-06   0.000000e+00  -4.212535e-05  -4.661960e-05   0.000000e+00
0     9.839993e+01   0.000000e+00   0.000000e+00   0.000000e+00   0.000000e+00   0.000000e+00   0.000000e+00
1     9.839993e+01  -9.942561e-06   1.066469e-06   0.000000e+00  -6.701601e-06  -6.247374e-05   0.000000e+00
0     9.849986e+01   0.000000e+00   0.000000e+00   0.000000e+00   0.000000e+00   0.000000e+00   0.000000e+00
1     9.849986e+01  -8.672529e-06  -4.977909e-06   0.000000e+00   3.127842e-05  -5.449332e-05   0.000000e+00
0     9.859979e+01   0.000000e+00   0.000000e+00   0.000000e+00   0.000000e+00   0.000000e+00   0.000000e+00
1     9.859979e+01  -4.093847e-06  -9.123169e-06   0.000000e+00   5.732542e-05  -2.572312e-05   0.000000e+00
0     9.869973e+01   0.000000e+00   0.000000e+00   0.000000e+00   0.000000e+00   0.000000e+00   0.000000e+00
1     9.869973e+01   2.046684e-06  -9.787825e-06   0.000000e+00   6.150223e-05   1.286125e-05   0.000000e+00
0     9.879966e+01   0.000000e+00   0.000000e+00   0.000000e+00   0.000000e+00   0.000000e+00   0.000000e+00
1     9.879966e+01   7.406355e-06  -6.718235e-06   0.000000e+00   4.221455e-05   4.653959e-05   0.000000e+00
0     9.889959e+01   0.000000e+00   0.000000e+00   0.000000e+00   0.000000e+00   0.000000e+00   0.000000e+00
1     9.889959e+01   9.940284e-06  -1.085453e-06   0.000000e+00   6.820234e-06   6.246229e-05   0.000000e+00
0     9.899953e+01   0.000000e+00   0.000000e+00   0.000000e+00   0.000000e+00   0.000000e+00   0.000000e+00
1     9.899953e+01   8.681639e-06   4.961462e-06   0.000000e+00  -3.117672e-05   5.455350e-05   0.000000e+00
0     9.909946e+01   0.000000e+00   0.000000e+00   0.000000e+00   0.000000e+00   0.000000e+00   0.000000e+00
1     9.909946e+01   4.110617e-06   9.115390e-06   0.000000e+00  -5.727858e-05   2.583052e-05   0.000000e+00
0     9.919939e+01   0.000000e+00   0.000000e+00   0.000000e+00   0.000000e+00   0.000000e+00   0.000000e+00
1     9.919939e+01  -2.028756e-06   9.791475e-06   0.000000e+00  -6.152647e-05  -1.274724e-05   0.000000e+00
0     9.929933e+01   0.000000e+00   0.000000e+00   0.000000e+00   0.000000e+00   0.000000e+00   0.000000e+00
1     9.929933e+01  -7.394110e-06   6.731836e-06   0.000000e+00  -4.230046e-05  -4.646079e-05   0.000000e+00
0     9.939926e+01   0.000000e+00   0.000000e+00   0.000000e+00   0.000000e+00   0.000000e+00   0.000000e+00
1     9.939926e+01  -9.938474e-06   1.103865e-06   0.000000e+00  -6.936580e-06  -6.244810e-05   0.000000e+00
0     9.949919e+01   0.000000e+00   0.000000e+00   0.000000e+00   0.000000e+00   0.000000e+00   0.000000e+00
1     9.949919e+01  -8.691189e-06  -4.945250e-06   0.000000e+00   3.107323e-05  -5.461060e-05   0.000000e+00
0     9.959913e+01   0.000000e+00   0.000000e+00   0.000000e+00   0.000000e+00   0.000000e+00   0.000000e+00
1     9.959913e+01  -4.128129e-06  -9.107704e-06   0.000000e+00   5.722828e-05  -2.593855e-05   0.000000e+00
0     9.969906e+01   0.000000e+00   0.000000e+00   0.000000e+00   0.000000e+00   0.000000e+00   0.000000e+00
1     9.969906e+01   2.009859e-06  -9.795449e-06   0.000000e+00   6.155018e-05   1.262987e-05   0.000000e+00
0     9.979899e+01   0.000000e+00   0.000000e+00   0.000000e+00   0.000000e+00   0.000000e+00   0.000000e+00
1     9.979899e+01   7.381037e-06  -6.746036e-06   0.000000e+00   4.238927e-05   4.638052e-05   0.000000e+00
0     9.989893e+01   0.000000e+00   0.000000e+00   0.000000e+00   0.000000e+00   0.000000e+00   0.000000e+00
1     9.989893e+01   9.936129e-06  -1.122821e-06   0.000000e+00   7.055046e-06   6.243622e-05   0.000000e+00
0     9.999886e+01   0.000000e+00   0.000000e+00   0.000000e+00   0.000000e+00   0.000000e+00   0.000000e+00
1     9.999886e+01   8.700228e-06   4.928785e-06   0.000000e+00  -3.097141e-05   5.467034e-05   0.000000e+00
0     1.000988e+02   0.000000e+00   0.000000e+00   0.000000e+00   0.000000e+00   0.000000e+00   0.000000e+00
1     1.000988e+02   4.144853e-06   9.099868e-06   0.000000e+00  -5.718109e-05   2.604567e-05   0.000000e+00
0     1.001987e+02   0.000000e+00   0.000000e+00   0.000000e+00   0.000000e+00   0.000000e+00   0.000000e+00
1     1.001987e+02  -1.991937e-06   9.799027e-06   0.000000e+00  -6.157397e-05  -1.251588e-05   0.000000e+00
0     1.002987e+02   0.000000e+00   0.000000e+00   0.000000e+00   0.000000e+00   0.000000e+00   0.000000e+00
1     1.002987e+02  -7.368754e-06   6.759575e-06   0.000000e+00  -4.247479e-05  -4.630149e-05   0.000000e+00
0     1.003986e+02   0.000000e+00   0.000000e+00   0.000000e+00   0.000000e+00   0.000000e+00   0.000000e+00
1     1.003986e+02  -9.934251e-06   1.141204e-06   0.000000e+00  -7.171209e-06  -6.242161e-05   0.000000e+00
0     1.004985e+02   0.000000e+00   0.000000e+00   0.000000e+00   0.000000e+00   0.000000e+00   0.000000e+00
1     1.004985e+02  -8.709705e-06  -4.912556e-06   0.000000e+00   3.086781e-05  -5.472698e-05   0.000000e+00
0     1.005985e+02   0.000000e+00   0.000000e+00   0.000000e+00   0.000000e+00   0.000000e+00   0.000000e+00
1     1.005985e+02  -4.162317e-06  -9.092126e-06   0.000000e+00   5.713043e-05  -2.615339e-05   0.000000e+00
0     1.006984e+02   0.000000e+00   0.000000e+00   0.000000e+00   0.000000e+00   0.000000e+00   0.000000e+00
1     1.006984e+02   1.973045e-06  -9.802927e-06   0.000000e+00   6.159720e-05   1.239855e-05   0.000000e+00
0     1.007983e+02   0.000000e+00   0.000000e+00   0.000000e+00   0.000000e+00   0.000000e+00   0.000000e+00
1     1.007983e+02   7.355641e-06  -6.773712e-06   0.000000e+00   4.256320e-05   4.622097e-05   0.000000e+00
0     1.008983e+02   0.000000e+00   0.000000e+00   0.000000e+00   0.000000e+00   0.000000e+00   0.000000e+00
1     1.008983e+02   9.931837e-06  -1.160133e-06   0.000000e+00   7.289508e-06   6.240929e-05   0.000000e+00
0     1.009999e+02   0.000000e+00   0.000000e+00   0.000000e+00   0.000000e+00   0.000000e+00   0.000000e+00
1     1.009999e+02   8.664206e-06   4.991826e-06   0.000000e+00  -3.136756e-05   5.444403e-05   0.000000e+00
0     1.010999e+02   0.000000e+00   0.000000e+00   0.000000e+00   0.000000e+00   0.000000e+00   0.000000e+00
1     1.010999e+02   4.078664e-06   9.129723e-06   0.000000e+00  -5.736872e-05   2.562977e-05   0.000000e+00
0     1.011998e+02   0.000000e+00   0.000000e+00   0.000000e+00   0.000000e+00   0.000000e+00   0.000000e+00
1     1.011998e+02  -2.063042e-06   9.784300e-06   0.000000e+00  -6.148146e-05  -1.296269e-05   0.000000e+00
0     1.012997e+02   0.000000e+00   0.000000e+00   0.000000e+00   0.000000e+00   0.000000e+00   0.000000e+00
1     1.012997e+02  -7.417645e-06   6.705882e-06   0.000000e+00  -4.213743e-05  -4.660873e-05   0.000000e+00
0     1.013997e+02   0.000000e+00   0.000000e+00   0.000000e+00   0.000000e+00   0.000000e+00   0.000000e+00
1     1.013997e+02  -9.942273e-06   1.069027e-06   0.000000e+00  -6.717685e-06  -6.247206e-05   0.000000e+00
0     1.014996e+02   0.000000e+00   0.000000e+00   0.000000e+00   0.000000e+00   0.000000e+00   0.000000e+00
1     1.014996e+02  -8.673793e-06  -4.975681e-06   0.000000e+00   3.126448e-05  -5.450136e-05   0.000000e+00
0     1.015995e+02   0.000000e+00   0.000000e+00   0.000000e+00   0.000000e+00   0.000000e+00   0.000000e+00
1     1.015995e+02  -4.096167e-06  -9.122113e-06   0.000000e+00   5.731890e-05  -2.573775e-05   0.000000e+00
0     1.016995e+02   0.000000e+00   0.000000e+00   0.000000e+00   0.000000e+00   0.000000e+00   0.000000e+00
1     1.016995e+02   2.044197e-06  -9.788332e-06   0.000000e+00   6.150553e-05   1.284565e-05   0.000000e+00
0     1.017994e+02   0.000000e+00   0.000000e+00   0.000000e+00   0.000000e+00   0.000000e+00   0.000000e+00
1     1.017994e+02   7.404649e-06  -6.720097e-06   0.000000e+00   4.222633e-05   4.652896e-05   0.000000e+00
0     1.018993e+02   0.000000e+00   0.000000e+00   0.000000e+00   0.000000e+00   0.000000e+00   0.000000e+00
1     1.018993e+02   9.939998e-06  -1.087950e-06   0.000000e+00   6.835934e-06   6.246062e-05   0.000000e+00
0     1.019993e+02   0.000000e+00   0.000000e+00   0.000000e+00   0.000000e+00   0.000000e+00   0.000000e+00
1     1.019993e+02   8.682869e-06   4.959285e-06   0.000000e+00  -3.116310e-05   5.456133e-05   0.000000e+00
0     1.020992e+02   0.000000e+00   0.000000e+00   0.000000e+00   0.000000e+00   0.000000e+00   0.000000e+00
1     1.020992e+02   4.112880e-06   9.114355e-06   0.000000e+00  -5.727219e-05   2.584479e-05   0.000000e+00
0     1.021991e+02   0.000000e+00   0.000000e+00   0.000000e+00   0.000000e+00   0.000000e+00   0.000000e+00
1     1.021991e+02  -2.026329e-06   9.791965e-06   0.000000e+00  -6.152967e-05  -1.273201e-05   0.000000e+00
0     1.022991e+02   0.000000e+00   0.000000e+00   0.000000e+00   0.000000e+00   0.000000e+00   0.000000e+00
1     1.022991e+02  -7.392441e-06   6.733649e-06   0.000000e+00  -4.231194e-05  -4.645039e-05   0.000000e+00
0     1.023990e+02   0.000000e+00   0.000000e+00   0.000000e+00   0.000000e+00   0.000000e+00   0.000000e+00
1     1.023990e+02  -9.938190e-06   1.106300e-06   0.000000e+00  -6.951894e-06  -6.244644e-05   0.000000e+00
0     1.024989e+02   0.000000e+00   0.000000e+00   0.000000e+00   0.000000e+00   0.000000e+00   0.000000e+00
1     1.024989e+02  -8.692384e-06  -4.943124e-06   0.000000e+00   3.105992e-05  -5.461821e-05   0.000000e+00
0     1.025989e+02   0.000000e+00   0.000000e+00   0.000000e+00   0.000000e+00   0.000000e+00   0.000000e+00
1     1.025989e+02  -4.130335e-06  -9.106690e-06   0.000000e+00   5.722202e-05  -2.595246e-05   0.000000e+00
0     1.026988e+02   0.000000e+00   0.000000e+00   0.000000e+00   0.000000e+00   0.000000e+00   0.000000e+00
1     1.026988e+02   2.007490e-06  -9.795922e-06   0.000000e+00   6.155326e-05   1.261501e-05   0.000000e+00
0     1.027987e+02   0.000000e+00   0.000000e+00   0.000000e+00   0.000000e+00   0.000000e+00   0.000000e+00
1     1.027987e+02   7.379406e-06  -6.747801e-06   0.000000e+00   4.240044e-05   4.637037e-05   0.000000e+00
0     1.028987e+02   0.000000e+00   0.000000e+00   0.000000e+00   0.000000e+00   0.000000e+00   0.000000e+00
1     1.028987e+02   9.935847e-06  -1.125195e-06   0.000000e+00   7.069977e-06   6.243457e-05   0.000000e+00
0     1.029986e+02   0.000000e+00   0.000000e+00   0.000000e+00   0.000000e+00   0.000000e+00   0.000000e+00
1     1.029986e+02   8.701389e-06   4.926709e-06   0.000000e+00  -3.095842e-05   5.467774e-05   0.000000e+00
0     1.030985e+02   0.000000e+00   0.000000e+00   0.000000e+00   0.000000e+00   0.000000e+00   0.000000e+00
1     1.030985e+02   4.147001e-06   9.098875e-06   0.000000e+00  -5.717496e-05   2.605922e-05   0.000000e+00
0     1.031985e+02   0.000000e+00   0.000000e+00   0.000000e+00   0.000000e+00   0.000000e+00   0.000000e+00
1     1.031985e+02  -1.989627e-06   9.799483e-06   0.000000e+00  -6.157695e-05  -1.250139e-05   0.000000e+00
0     1.032984e+02   0.000000e+00   0.000000e+00   0.000000e+00   0.000000e+00   0.000000e+00   0.000000e+00
1     1.032984e+02  -7.367161e-06   6.761292e-06   0.000000e+00  -4.248566e-05  -4.629157e-05   0.000000e+00
0     1.033983e+02   0.000000e+00   0.000000e+00   0.000000e+00   0.000000e+00   0.000000e+00   0.000000e+00
1     1.033983e+02  -9.933972e-06   1.143517e-06   0.000000e+00  -7.185754e-06  -6.241998e-05   0.000000e+00
0     1.034983e+02   0.000000e+00   0.000000e+00   0.000000e+00   0.000000e+00   0.000000e+00   0.000000e+00
1     1.034983e+02  -8.710832e-06  -4.910531e-06   0.000000e+00   3.085515e-05  -5.473417e-05   0.000000e+00
0     1.036000e+02   0.000000e+00   0.000000e+00   0.000000e+00   0.000000e+00   0.000000e+00   0.000000e+00
1     1.036000e+02  -4.064005e-06  -9.136478e-06   0.000000e+00   5.740923e-05  -2.553569e-05   0.000000e+00
0     1.036999e+02   0.000000e+00   0.000000e+00   0.000000e+00   0.000000e+00   0.000000e+00   0.000000e+00
1     1.036999e+02   2.078671e-06  -9.781059e-06   0.000000e+00   6.145992e-05   1.306229e-05   0.000000e+00
0     1.037998e+02   0.000000e+00   0.000000e+00   0.000000e+00   0.000000e+00   0.000000e+00   0.000000e+00
1     1.037998e+02   7.428279e-06  -6.693953e-06   0.000000e+00   4.206211e-05   4.667751e-05   0.000000e+00
0     1.038998e+02   0.000000e+00   0.000000e+00   0.000000e+00   0.000000e+00   0.000000e+00   0.000000e+00
1     1.038998e+02   9.943763e-06  -1.052902e-06   0.000000e+00   6.615716e-06   6.248436e-05   0.000000e+00
0     1.039997e+02   0.000000e+00   0.000000e+00   0.000000e+00   0.000000e+00   0.000000e+00   0.000000e+00
1     1.039997e+02   8.665321e-06   4.989865e-06   0.000000e+00  -3.135529e-05   5.445114e-05   0.000000e+00
0     1.040996e+02   0.000000e+00   0.000000e+00   0.000000e+00   0.000000e+00   0.000000e+00   0.000000e+00
1     1.040996e+02   4.080707e-06   9.128795e-06   0.000000e+00  -5.736300e-05   2.564266e-05   0.000000e+00
0     1.041996e+02   0.000000e+00   0.000000e+00   0.000000e+00   0.000000e+00   0.000000e+00   0.000000e+00
1     1.041996e+02  -2.060855e-06   9.784748e-06   0.000000e+00  -6.148439e-05  -1.294898e-05   0.000000e+00
0     1.042995e+02   0.000000e+00   0.000000e+00   0.000000e+00   0.000000e+00   0.000000e+00   0.000000e+00
1     1.042995e+02  -7.416147e-06   6.707519e-06   0.000000e+00  -4.214780e-05  -4.659941e-05   0.000000e+00
0     1.043994e+02   0.000000e+00   0.000000e+00   0.000000e+00   0.000000e+00   0.000000e+00   0.000000e+00
1     1.043994e+02  -9.942024e-06   1.071220e-06   0.000000e+00  -6.731478e-06  -6.247061e-05   0.000000e+00
0     1.044994e+02   0.000000e+00   0.000000e+00   0.000000e+00   0.000000e+00   0.000000e+00   0.000000e+00
1     1.044994e+02  -8.674874e-06  -4.973771e-06   0.000000e+00   3.125254e-05  -5.450826e-05   0.000000e+00
0     1.045993e+02   0.000000e+00   0.000000e+00   0.000000e+00   0.000000e+00   0.000000e+00   0.000000e+00
1     1.045993e+02  -4.098153e-06  -9.121207e-06   0.000000e+00   5.731332e-05  -2.575028e-05   0.000000e+00
0     1.046992e+02   0.000000e+00   0.000000e+00   0.000000e+00   0.000000e+00   0.000000e+00   0.000000e+00
1     1.046992e+02   2.042070e-06  -9.788762e-06   0.000000e+00   6.150836e-05   1.283231e-05   0.000000e+00
0     1.047992e+02   0.000000e+00   0.000000e+00   0.000000e+00   0.000000e+00   0.000000e+00   0.000000e+00
1     1.047992e+02   7.403189e-06  -6.721686e-06   0.000000e+00   4.223640e-05   4.651987e-05   0.000000e+00
0     1.048991e+02   0.000000e+00   0.000000e+00   0.000000e+00   0.000000e+00   0.000000e+00   0.000000e+00
1     1.048991e+02   9.939752e-06  -1.090081e-06   0.000000e+00   6.849342e-06   6.245919e-05   0.000000e+00
0     1.049990e+02   0.000000e+00   0.000000e+00   0.000000e+00   0.000000e+00   0.000000e+00   0.000000e+00
1     1.049990e+02   8.683915e-06   4.957425e-06   0.000000e+00  -3.115148e-05   5.456802e-05   0.000000e+00
0     1.050990e+02   0.000000e+00   0.000000e+00   0.000000e+00   0.000000e+00   0.000000e+00   0.000000e+00
1     1.050990e+02   4.114808e-06   9.113470e-06   0.000000e+00  -5.726674e-05   2.585696e-05   0.000000e+00
0     1.051989e+02   0.000000e+00   0.000000e+00   0.000000e+00   0.000000e+00   0.000000e+00   0.000000e+00
1     1.051989e+02  -2.024261e-06   9.792379e-06   0.000000e+00  -6.153239e-05  -1.271904e-05   0.000000e+00
0     1.052988e+02   0.000000e+00   0.000000e+00   0.000000e+00   0.000000e+00   0.000000e+00   0.000000e+00
1     1.052988e+02  -7.391020e-06   6.735190e-06   0.000000e+00  -4.232170e-05  -4.644155e-05   0.000000e+00
0     1.053988e+02   0.000000e+00   0.000000e+00   0.000000e+00   0.000000e+00   0.000000e+00   0.000000e+00
1     1.053988e+02  -9.937947e-06   1.108370e-06   0.000000e+00  -6.964918e-06  -6.244503e-05   0.000000e+00
0     1.054987e+02   0.000000e+00   0.000000e+00   0.000000e+00   0.000000e+00   0.000000e+00   0.000000e+00
1     1.054987e+02  -8.693397e-06  -4.941315e-06   0.000000e+00   3.104862e-05  -5.462469e-05   0.000000e+00
0     1.055986e+02   0.000000e+00   0.000000e+00   0.000000e+00   0.000000e+00   0.000000e+00   0.000000e+00
1     1.055986e+02  -4.132206e-06  -9.105826e-06   0.000000e+00   5.721670e-05  -2.596427e-05   0.000000e+00
0     1.056986e+02   0.000000e+00   0.000000e+00   0.000000e+00   0.000000e+00   0.000000e+00   0.000000e+00
1     1.056986e+02   2.005481e-06  -9.796320e-06   0.000000e+00   6.155589e-05   1.260241e-05   0.000000e+00
0     1.057985e+02   0.000000e+00   0.000000e+00   0.000000e+00   0.000000e+00   0.000000e+00   0.000000e+00
1     1.057985e+02   7.378022e-06  -6.749295e-06   0.000000e+00   4.240991e-05   4.636176e-05   0.000000e+00
0     1.058984e+02   0.000000e+00   0.000000e+00   0.000000e+00   0.000000e+00   0.000000e+00   0.000000e+00
1     1.058984e+02   9.935606e-06  -1.127205e-06   0.000000e+00   7.082617e-06   6.243318e-05   0.000000e+00
0     1.059984e+02   0.000000e+00   0.000000e+00   0.000000e+00   0.000000e+00   0.000000e+00   0.000000e+00
1     1.059984e+02   8.702368e-06   4.924952e-06   0.000000e+00  -3.094744e-05   5.468401e-05   0.000000e+00
0     1.060983e+02   0.000000e+00   0.000000e+00   0.000000e+00   0.000000e+00   0.000000e+00   0.000000e+00
1     1.060983e+02   4.148815e-06   9.098034e-06   0.000000e+00  -5.716978e-05   2.607067e-05   0.000000e+00
0     1.062000e+02   0.000000e+00   0.000000e+00   0.000000e+00   0.000000e+00   0.000000e+00   0.000000e+00
1     1.062000e+02  -2.095516e-06   9.777375e-06   0.000000e+00  -6.143814e-05  -1.316679e-05   0.000000e+00
0     1.062999e+02   0.000000e+00   0.000000e+00   0.000000e+00   0.000000e+00   0.000000e+00   0.000000e+00
1     1.062999e+02  -7.439870e-06   6.681184e-06   0.000000e+00  -4.198237e-05  -4.674853e-05   0.000000e+00
0     1.063999e+02   0.000000e+00   0.000000e+00   0.000000e+00   0.000000e+00   0.000000e+00   0.000000e+00
1     1.063999e+02  -9.945751e-06   1.035964e-06   0.000000e+00  -6.509955e-06  -6.249411e-05   0.000000e+00
0     1.064998e+02   0.000000e+00   0.000000e+00   0.000000e+00   0.000000e+00   0.000000e+00   0.000000e+00
1     1.064998e+02  -8.657174e-06  -5.004498e-06   0.000000e+00   3.144565e-05  -5.439711e-05   0.000000e+00
0     1.065997e+02   0.000000e+00   0.000000e+00   0.000000e+00   0.000000e+00   0.000000e+00   0.000000e+00
1     1.065997e+02  -4.065771e-06  -9.135678e-06   0.000000e+00   5.740432e-05  -2.554684e-05   0.000000e+00
0     1.066997e+02   0.000000e+00   0.000000e+00   0.000000e+00   0.000000e+00   0.000000e+00   0.000000e+00
1     1.066997e+02   2.076784e-06  -9.781447e-06   0.000000e+00   6.146247e-05   1.305046e-05   0.000000e+00
0     1.067996e+02   0.000000e+00   0.000000e+00   0.000000e+00   0.000000e+00   0.000000e+00   0.000000e+00
1     1.067996e+02   7.426989e-06  -6.695366e-06   0.000000e+00   4.207107e-05   4.666949e-05   0.000000e+00
0     1.068995e+02   0.000000e+00   0.000000e+00   0.000000e+00   0.000000e+00   0.000000e+00   0.000000e+00
1     1.068995e+02   9.943550e-06  -1.054792e-06   0.000000e+00   6.627602e-06   6.248314e-05   0.000000e+00
0     1.069995e+02   0.000000e+00   0.000000e+00   0.000000e+00   0.000000e+00   0.000000e+00   0.000000e+00
1     1.069995e+02   8.666252e-06   4.988221e-06   0.000000e+00  -3.134503e-05   5.445710e-05   0.000000e+00
0     1.070994e+02   0.000000e+00   0.000000e+00   0.000000e+00   0.000000e+00   0.000000e+00   0.000000e+00
1     1.070994e+02   4.082415e-06   9.128017e-06   0.000000e+00  -5.735822e-05   2.565345e-05   0.000000e+00
0     1.071993e+02   0.000000e+00   0.000000e+00   0.000000e+00   0.000000e+00   0.000000e+00   0.000000e+00
1     1.071993e+02  -2.059028e-06   9.785119e-06   0.000000e+00  -6.148685e-05  -1.293752e-05   0.000000e+00
0     1.072993e+02   0.000000e+00   0.000000e+00   0.000000e+00   0.000000e+00   0.000000e+00   0.000000e+00
1     1.072993e+02  -7.414895e-06   6.708884e-06   0.000000e+00  -4.215646e-05  -4.659163e-05   0.000000e+00
0     1.073992e+02   0.000000e+00   0.000000e+00   0.000000e+00   0.000000e+00   0.000000e+00   0.000000e+00
1     1.073992e+02  -9.941814e-06   1.073048e-06   0.000000e+00  -6.742979e-06  -6.246941e-05   0.000000e+00
0     1.074991e+02   0.000000e+00   0.000000e+00   0.000000e+00   0.000000e+00   0.000000e+00   0.000000e+00
1     1.074991e+02  -8.675772e-06  -4.972178e-06   0.000000e+00   3.124259e-05  -5.451401e-05   0.000000e+00
0     1.075991e+02   0.000000e+00   0.000000e+00   0.000000e+00   0.000000e+00   0.000000e+00   0.000000e+00
1     1.075991e+02  -4.099804e-06  -9.120451e-06   0.000000e+00   5.730868e-05  -2.576070e-05   0.000000e+00
0     1.076990e+02   0.000000e+00   0.000000e+00   0.000000e+00   0.000000e+00   0.000000e+00   0.000000e+00
1     1.076990e+02   2.040302e-06  -9.789118e-06   0.000000e+00   6.151071e-05   1.282122e-05   0.000000e+00
0     1.077989e+02   0.000000e+00   0.000000e+00   0.000000e+00   0.000000e+00   0.000000e+00   0.000000e+00
1     1.077989e+02   7.401975e-06  -6.723003e-06   0.000000e+00   4.224476e-05   4.651234e-05   0.000000e+00
0     1.078989e+02   0.000000e+00   0.000000e+00   0.000000e+00   0.000000e+00   0.000000e+00   0.000000e+00
1     1.078989e+02   9.939545e-06  -1.091849e-06   0.000000e+00   6.860460e-06   6.245801e-05   0.000000e+00
0     1.079988e+02   0.000000e+00   0.000000e+00   0.000000e+00   0.000000e+00   0.000000e+00   0.000000e+00
1     1.079988e+02   8.684780e-06   4.955884e-06   0.000000e+00  -3.114185e-05   5.457356e-05   0.000000e+00
0     1.080987e+02   0.000000e+00   0.000000e+00   0.000000e+00   0.000000e+00   0.000000e+00   0.000000e+00
1     1.080987e+02   4.116402e-06   9.112736e-06   0.000000e+00  -5.726224e-05   2.586703e-05   0.000000e+00
0     1.081987e+02   0.000000e+00   0.000000e+00   0.000000e+00   0.000000e+00   0.000000e+00   0.000000e+00
1     1.081987e+02  -2.022551e-06   9.792719e-06   0.000000e+00  -6.153465e-05  -1.270832e-05   0.000000e+00
0     1.082986e+02   0.000000e+00   0.000000e+00   0.000000e+00   0.000000e+00   0.000000e+00   0.000000e+00
1     1.082986e+02  -7.389844e-06   6.736460e-06   0.000000e+00  -4.232977e-05  -4.643425e-05   0.000000e+00
0     1.083985e+02   0.000000e+00   0.000000e+00   0.000000e+00   0.000000e+00   0.000000e+00   0.000000e+00
1     1.083985e+02  -9.937743e-06   1.110076e-06   0.000000e+00  -6.975652e-06  -6.244388e-05   0.000000e+00
0     1.084985e+02   0.000000e+00   0.000000e+00   0.000000e+00   0.000000e+00   0.000000e+00   0.000000e+00
1     1.084985e+02  -8.694228e-06  -4.939826e-06   0.000000e+00   3.103932e-05  -5.463002e-05   0.000000e+00
0     1.085984e+02   0.000000e+00   0.000000e+00   0.000000e+00   0.000000e+00   0.000000e+00   0.000000e+00
1     1.085984e+02  -4.133743e-06  -9.105115e-06   0.000000e+00   5.721234e-05  -2.597398e-05   0.000000e+00
0     1.086983e+02   0.000000e+00   0.000000e+00   0.000000e+00   0.000000e+00   0.000000e+00   0.000000e+00
1     1.086983e+02   2.003831e-06  -9.796645e-06   0.000000e+00   6.155805e-05   1.259206e-05   0.000000e+00
0     1.087983e+02   0.000000e+00   0.000000e+00   0.000000e+00   0.000000e+00   0.000000e+00   0.000000e+00
1     1.087983e+02   7.376886e-06  -6.750517e-06   0.000000e+00   4.241767e-05   4.635471e-05   0.000000e+00
0     1.088999e+02   0.000000e+00   0.000000e+00   0.000000e+00   0.000000e+00   0.000000e+00   0.000000e+00
1     1.088999e+02   9.947239e-06  -1.019326e-06   0.000000e+00   6.404755e-06   6.250640e-05   0.000000e+00
0     1.089999e+02   0.000000e+00   0.000000e+00   0.000000e+00   0.000000e+00   0.000000e+00   0.000000e+00
1     1.089999e+02   8.648398e-06   5.019095e-06   0.000000e+00  -3.153907e-05   5.434498e-05   0.000000e+00
0     1.090998e+02   0.000000e+00   0.000000e+00   0.000000e+00   0.000000e+00   0.000000e+00   0.000000e+00
1     1.090998e+02   4.049821e-06   9.142516e-06   0.000000e+00  -5.744940e-05   2.544867e-05   0.000000e+00
0     1.091997e+02   0.000000e+00   0.000000e+00   0.000000e+00   0.000000e+00   0.000000e+00   0.000000e+00
1     1.091997e+02  -2.093929e-06   9.777702e-06   0.000000e+00  -6.144032e-05  -1.315684e-05   0.000000e+00
0     1.092997e+02   0.000000e+00   0.000000e+00   0.000000e+00   0.000000e+00   0.000000e+00   0.000000e+00
1     1.092997e+02  -7.438786e-06   6.682372e-06   0.000000e+00  -4.198992e-05  -4.674181e-05   0.000000e+00
0     1.093996e+02   0.000000e+00   0.000000e+00   0.000000e+00   0.000000e+00   0.000000e+00   0.000000e+00
1     1.093996e+02  -9.945573e-06   1.037550e-06   0.000000e+00  -6.519932e-06  -6.249311e-05   0.000000e+00
0     1.094995e+02   0.000000e+00   0.000000e+00   0.000000e+00   0.000000e+00   0.000000e+00   0.000000e+00
1     1.094995e+02  -8.657955e-06  -5.003120e-06   0.000000e+00   3.143706e-05  -5.440213e-05   0.000000e+00
0     1.095995e+02   0.000000e+00   0.000000e+00   0.000000e+00   0.000000e+00   0.000000e+00   0.000000e+00
1     1.095995e+02  -4.067201e-06  -9.135027e-06   0.000000e+00   5.740034e-05  -2.555587e-05   0.000000e+00
0     1.096994e+02   0.000000e+00   0.000000e+00   0.000000e+00   0.000000e+00   0.000000e+00   0.000000e+00
1     1.096994e+02   2.075257e-06  -9.781758e-06   0.000000e+00   6.146455e-05   1.304088e-05   0.000000e+00
0     1.097993e+02   0.000000e+00   0.000000e+00   0.000000e+00   0.000000e+00   0.000000e+00   0.000000e+00
1     1.097993e+02   7.425943e-06  -6.696506e-06   0.000000e+00   4.207831e-05   4.666301e-05   0.000000e+00
0     1.098993e+02   0.000000e+00   0.000000e+00   0.000000e+00   0.000000e+00   0.000000e+00   0.000000e+00
1     1.098993e+02   9.943375e-06  -1.056317e-06   0.000000e+00   6.637195e-06   6.248216e-05   0.000000e+00
0     1.099992e+02   0.000000e+00   0.000000e+00   0.000000e+00   0.000000e+00   0.000000e+00   0.000000e+00
1     1.099992e+02   8.667000e-06   4.986895e-06   0.000000e+00  -3.133676e-05   5.446191e-05   0.000000e+00
0     1.100991e+02   0.000000e+00   0.000000e+00   0.000000e+00   0.000000e+00   0.000000e+00   0.000000e+00
1     1.100991e+02   4.083788e-06   9.127389e-06   0.000000e+00  -5.735439e-05   2.566213e-05   0.000000e+00
0     1.101991e+02   0.000000e+00   0.000000e+00   0.000000e+00   0.000000e+00   0.000000e+00   0.000000e+00
1     1.101991e+02  -2.057559e-06   9.785415e-06   0.000000e+00  -6.148883e-05  -1.292832e-05   0.000000e+00
0     1.102990e+02   0.000000e+00   0.000000e+00   0.000000e+00   0.000000e+00   0.000000e+00   0.000000e+00
1     1.102990e+02  -7.413888e-06   6.709977e-06   0.000000e+00  -4.216341e-05  -4.658540e-05   0.000000e+00
0     1.103989e+02   0.000000e+00   0.000000e+00   0.000000e+00   0.000000e+00   0.000000e+00   0.000000e+00
1     1.103989e+02  -9.941643e-06   1.074512e-06   0.000000e+00  -6.752189e-06  -6.246846e-05   0.000000e+00
0     1.104989e+02   0.000000e+00   0.000000e+00   0.000000e+00   0.000000e+00   0.000000e+00   0.000000e+00
1     1.104989e+02  -8.676487e-06  -4.970904e-06   0.000000e+00   3.123464e-05  -5.451861e-05   0.000000e+00
0     1.105988e+02   0.000000e+00   0.000000e+00   0.000000e+00   0.000000e+00   0.000000e+00   0.000000e+00
1     1.105988e+02  -4.101120e-06  -9.119845e-06   0.000000e+00   5.730498e-05  -2.576903e-05   0.000000e+00
0     1.106987e+02   0.000000e+00   0.000000e+00   0.000000e+00   0.000000e+00   0.000000e+00   0.000000e+00
1     1.106987e+02   2.038893e-06  -9.789398e-06   0.000000e+00   6.151259e-05   1.281239e-05   0.000000e+00
0     1.107987e+02   0.000000e+00   0.000000e+00   0.000000e+00   0.000000e+00   0.000000e+00   0.000000e+00
1     1.107987e+02   7.401007e-06  -6.724049e-06   0.000000e+00   4.225141e-05   4.650635e-05   0.000000e+00
0     1.108986e+02   0.000000e+00   0.000000e+00   0.000000e+00   0.000000e+00   0.000000e+00   0.000000e+00
1     1.108986e+02   9.939377e-06  -1.093251e-06   0.000000e+00   6.869285e-06   6.245708e-05   0.000000e+00
0     1.109985e+02   0.000000e+00   0.000000e+00   0.000000e+00   0.000000e+00   0.000000e+00   0.000000e+00
1     1.109985e+02   8.685463e-06   4.954662e-06   0.000000e+00  -3.113423e-05   5.457795e-05   0.000000e+00
0     1.110985e+02   0.000000e+00   0.000000e+00   0.000000e+00   0.000000e+00   0.000000e+00   0.000000e+00
1     1.110985e+02   4.117662e-06   9.112153e-06   0.000000e+00  -5.725868e-05   2.587499e-05   0.000000e+00
0     1.111984e+02   0.000000e+00   0.000000e+00   0.000000e+00   0.000000e+00   0.000000e+00   0.000000e+00
1     1.111984e+02  -2.021201e-06   9.792984e-06   0.000000e+00  -6.153643e-05  -1.269986e-05   0.000000e+00
0     1.112983e+02   0.000000e+00   0.000000e+00   0.000000e+00   0.000000e+00   0.000000e+00   0.000000e+00
1     1.112983e+02  -7.388916e-06   6.737459e-06   0.000000e+00  -4.233613e-05  -4.642851e-05   0.000000e+00
0     1.113983e+02   0.000000e+00   0.000000e+00   0.000000e+00   0.000000e+00   0.000000e+00   0.000000e+00
1     1.113983e+02  -9.937580e-06   1.111418e-06   0.000000e+00  -6.984094e-06  -6.244297e-05   0.000000e+00
0     1.115000e+02   0.000000e+00   0.000000e+00   0.000000e+00   0.000000e+00   0.000000e+00   0.000000e+00
1     1.115000e+02  -8.639946e-06  -5.034139e-06   0.000000e+00   3.163201e-05  -5.428904e-05   0.000000e+00
0     1.115999e+02   0.000000e+00   0.000000e+00   0.000000e+00   0.000000e+00   0.000000e+00   0.000000e+00
1     1.115999e+02  -4.034397e-06  -9.149552e-06   0.000000e+00   5.749169e-05  -2.534978e-05   0.000000e+00
0     1.116998e+02   0.000000e+00   0.000000e+00   0.000000e+00   0.000000e+00   0.000000e+00   0.000000e+00
1     1.116998e+02   2.110345e-06  -9.774239e-06   0.000000e+00   6.141738e-05   1.326138e-05   0.000000e+00
0     1.117998e+02   0.000000e+00   0.000000e+00   0.000000e+00   0.000000e+00   0.000000e+00   0.000000e+00
1     1.117998e+02   7.449926e-06  -6.669801e-06   0.000000e+00   4.191056e-05   4.681377e-05   0.000000e+00
0     1.118997e+02   0.000000e+00   0.000000e+00   0.000000e+00   0.000000e+00   0.000000e+00   0.000000e+00
1     1.118997e+02   9.947094e-06  -1.020608e-06   0.000000e+00   6.412822e-06   6.250562e-05   0.000000e+00
0     1.119996e+02   0.000000e+00   0.000000e+00   0.000000e+00   0.000000e+00   0.000000e+00   0.000000e+00
1     1.119996e+02   8.649028e-06   5.017984e-06   0.000000e+00  -3.153215e-05   5.434904e-05   0.000000e+00
0     1.120996e+02   0.000000e+00   0.000000e+00   0.000000e+00   0.000000e+00   0.000000e+00   0.000000e+00
1     1.120996e+02   4.050973e-06   9.141991e-06   0.000000e+00  -5.744622e-05   2.545596e-05   0.000000e+00
0     1.121995e+02   0.000000e+00   0.000000e+00   0.000000e+00   0.000000e+00   0.000000e+00   0.000000e+00
1     1.121995e+02  -2.092701e-06   9.777951e-06   0.000000e+00  -6.144200e-05  -1.314915e-05   0.000000e+00
0     1.122994e+02   0.000000e+00   0.000000e+00   0.000000e+00   0.000000e+00   0.000000e+00   0.000000e+00
1     1.122994e+02  -7.437947e-06   6.683286e-06   0.000000e+00  -4.199575e-05  -4.673663e-05   0.000000e+00
0     1.123994e+02   0.000000e+00   0.000000e+00   0.000000e+00   0.000000e+00   0.000000e+00   0.000000e+00
1     1.123994e+02  -9.945432e-06   1.038771e-06   0.000000e+00  -6.527615e-06  -6.249235e-05   0.000000e+00
0     1.124993e+02   0.000000e+00   0.000000e+00   0.000000e+00   0.000000e+00   0.000000e+00   0.000000e+00
1     1.124993e+02  -8.658552e-06  -5.002060e-06   0.000000e+00   3.143046e-05  -5.440599e-05   0.000000e+00
0     1.125992e+02   0.000000e+00   0.000000e+00   0.000000e+00   0.000000e+00   0.000000e+00   0.000000e+00
1     1.125992e+02  -4.068296e-06  -9.134525e-06   0.000000e+00   5.739730e-05  -2.556280e-05   0.000000e+00
0     1.126992e+02   0.000000e+00   0.000000e+00   0.000000e+00   0.000000e+00   0.000000e+00   0.000000e+00
1     1.126992e+02   2.074088e-06  -9.781993e-06   0.000000e+00   6.146614e-05   1.303357e-05   0.000000e+00
0     1.127991e+02   0.000000e+00   0.000000e+00   0.000000e+00   0.000000e+00   0.000000e+00   0.000000e+00
1     1.127991e+02   7.425143e-06  -6.697373e-06   0.000000e+00   4.208384e-05   4.665807e-05   0.000000e+00
0     1.128990e+02   0.000000e+00   0.000000e+00   0.000000e+00   0.000000e+00   0.000000e+00   0.000000e+00
1     1.128990e+02   9.943238e-06  -1.057476e-06   0.000000e+00   6.644495e-06   6.248142e-05   0.000000e+00
0     1.129990e+02   0.000000e+00   0.000000e+00   0.000000e+00   0.000000e+00   0.000000e+00   0.000000e+00
1     1.129990e+02   8.667565e-06   4.985887e-06   0.000000e+00  -3.133048e-05   5.446556e-05   0.000000e+00
0     1.130989e+02   0.000000e+00   0.000000e+00   0.000000e+00   0.000000e+00   0.000000e+00   0.000000e+00
1     1.130989e+02   4.084827e-06   9.126910e-06   0.000000e+00  -5.735149e-05   2.566870e-05   0.000000e+00
0     1.131988e+02   0.000000e+00   0.000000e+00   0.000000e+00   0.000000e+00   0.000000e+00   0.000000e+00
1     1.131988e+02  -2.056450e-06   9.785635e-06   0.000000e+00  -6.149033e-05  -1.292137e-05   0.000000e+00
0     1.132988e+02   0.000000e+00   0.000000e+00   0.000000e+00   0.000000e+00   0.000000e+00   0.000000e+00
1     1.132988e+02  -7.413128e-06   6.710798e-06   0.000000e+00  -4.216865e-05  -4.658071e-05   0.000000e+00
0     1.133987e+02   0.000000e+00   0.000000e+00   0.000000e+00   0.000000e+00   0.000000e+00   0.000000e+00
1     1.133987e+02  -9.941511e-06   1.075610e-06   0.000000e+00  -6.759105e-06  -6.246775e-05   0.000000e+00
0     1.134986e+02   0.000000e+00   0.000000e+00   0.000000e+00   0.000000e+00   0.000000e+00   0.000000e+00
1     1.134986e+02  -8.677019e-06  -4.969948e-06   0.000000e+00   3.122870e-05  -5.452206e-05   0.000000e+00
0     1.135986e+02   0.000000e+00   0.000000e+00   0.000000e+00   0.000000e+00   0.000000e+00   0.000000e+00
1     1.135986e+02  -4.102102e-06  -9.119389e-06   0.000000e+00   5.730223e-05  -2.577524e-05   0.000000e+00
0     1.136985e+02   0.000000e+00   0.000000e+00   0.000000e+00   0.000000e+00   0.000000e+00   0.000000e+00
1     1.136985e+02   2.037843e-06  -9.789604e-06   0.000000e+00   6.151400e-05   1.280582e-05   0.000000e+00
0     1.137984e+02   0.000000e+00   0.000000e+00   0.000000e+00   0.000000e+00   0.000000e+00   0.000000e+00
1     1.137984e+02   7.400287e-06  -6.724823e-06   0.000000e+00   4.225636e-05   4.650191e-05   0.000000e+00
0     1.138984e+02   0.000000e+00   0.000000e+00   0.000000e+00   0.000000e+00   0.000000e+00   0.000000e+00
1     1.138984e+02   9.939250e-06  -1.094289e-06   0.000000e+00   6.875819e-06   6.245640e-05   0.000000e+00
0     1.139983e+02   0.000000e+00   0.000000e+00   0.000000e+00   0.000000e+00   0.000000e+00   0.000000e+00
1     1.139983e+02   8.685963e-06   4.953758e-06   0.000000e+00  -3.112861e-05   5.458120e-05   0.000000e+00
0     1.141000e+02   0.000000e+00   0.000000e+00   0.000000e+00   0.000000e+00   0.000000e+00   0.000000e+00
1     1.141000e+02   4.017956e-06   9.156541e-06   0.000000e+00  -5.753772e-05   2.524852e-05   0.000000e+00
0     1.141999e+02   0.000000e+00   0.000000e+00   0.000000e+00   0.000000e+00   0.000000e+00   0.000000e+00
1     1.141999e+02  -2.127976e-06   9.770327e-06   0.000000e+00  -6.139417e-05  -1.337082e-05   0.000000e+00
0     1.142998e+02   0.000000e+00   0.000000e+00   0.000000e+00   0.000000e+00   0.000000e+00   0.000000e+00
1     1.142998e+02  -7.462018e-06   6.656387e-06   0.000000e+00  -4.182678e-05  -4.688794e-05   0.000000e+00
0     1.143998e+02   0.000000e+00   0.000000e+00   0.000000e+00   0.000000e+00   0.000000e+00   0.000000e+00
1     1.143998e+02  -9.949110e-06   1.002854e-06   0.000000e+00  -6.301935e-06  -6.251554e-05   0.000000e+00
0     1.144997e+02   0.000000e+00   0.000000e+00   0.000000e+00   0.000000e+00   0.000000e+00   0.000000e+00
1     1.144997e+02  -8.640424e-06  -5.033293e-06   0.000000e+00   3.162675e-05  -5.429215e-05   0.000000e+00
0     1.145996e+02   0.000000e+00   0.000000e+00   0.000000e+00   0.000000e+00   0.000000e+00   0.000000e+00
1     1.145996e+02  -4.035270e-06  -9.149153e-06   0.000000e+00   5.748929e-05  -2.535531e-05   0.000000e+00
0     1.146996e+02   0.000000e+00   0.000000e+00   0.000000e+00   0.000000e+00   0.000000e+00   0.000000e+00
1     1.146996e+02   2.109416e-06  -9.774426e-06   0.000000e+00   6.141868e-05   1.325557e-05   0.000000e+00
0     1.147995e+02   0.000000e+00   0.000000e+00   0.000000e+00   0.000000e+00   0.000000e+00   0.000000e+00
1     1.147995e+02   7.449293e-06  -6.670489e-06   0.000000e+00   4.191497e-05   4.680988e-05   0.000000e+00
0     1.148994e+02   0.000000e+00   0.000000e+00   0.000000e+00   0.000000e+00   0.000000e+00   0.000000e+00
1     1.148994e+02   9.946987e-06  -1.021525e-06   0.000000e+00   6.418595e-06   6.250506e-05   0.000000e+00
0     1.149994e+02   0.000000e+00   0.000000e+00   0.000000e+00   0.000000e+00   0.000000e+00   0.000000e+00
1     1.149994e+02   8.649474e-06   5.017189e-06   0.000000e+00  -3.152722e-05   5.435195e-05   0.000000e+00
0     1.150993e+02   0.000000e+00   0.000000e+00   0.000000e+00   0.000000e+00   0.000000e+00   0.000000e+00
1     1.150993e+02   4.051789e-06   9.141615e-06   0.000000e+00  -5.744397e-05   2.546113e-05   0.000000e+00
0     1.151992e+02   0.000000e+00   0.000000e+00   0.000000e+00   0.000000e+00   0.000000e+00   0.000000e+00
1     1.151992e+02  -2.091832e-06   9.778124e-06   0.000000e+00  -6.144321e-05  -1.314372e-05   0.000000e+00
0     1.152992e+02   0.000000e+00   0.000000e+00   0.000000e+00   0.000000e+00   0.000000e+00   0.000000e+00
1     1.152992e+02  -7.437353e-06   6.683928e-06   0.000000e+00  -4.199986e-05  -4.673299e-05   0.000000e+00
0     1.153991e+02   0.000000e+00   0.000000e+00   0.000000e+00   0.000000e+00   0.000000e+00   0.000000e+00
1     1.153991e+02  -9.945330e-06   1.039627e-06   0.000000e+00  -6.533005e-06  -6.249183e-05   0.000000e+00
0     1.154990e+02   0.000000e+00   0.000000e+00   0.000000e+00   0.000000e+00   0.000000e+00   0.000000e+00
1     1.154990e+02  -8.658966e-06  -5.001318e-06   0.000000e+00   3.142586e-05  -5.440869e-05   0.000000e+00
0     1.155990e+02   0.000000e+00   0.000000e+00   0.000000e+00   0.000000e+00   0.000000e+00   0.000000e+00
1     1.155990e+02  -4.069056e-06  -9.134173e-06   0.000000e+00   5.739520e-05  -2.556763e-05   0.000000e+00
0     1.156989e+02   0.000000e+00   0.000000e+00   0.000000e+00   0.000000e+00   0.000000e+00   0.000000e+00
1     1.156989e+02   2.073278e-06  -9.782151e-06   0.000000e+00   6.146726e-05   1.302850e-05   0.000000e+00
0     1.157988e+02   0.000000e+00   0.000000e+00   0.000000e+00   0.000000e+00   0.000000e+00   0.000000e+00
1     1.157988e+02   7.424589e-06  -6.697968e-06   0.000000e+00   4.208766e-05   4.665468e-05   0.000000e+00
0     1.158988e+02   0.000000e+00   0.000000e+00   0.000000e+00   0.000000e+00   0.000000e+00   0.000000e+00
1     1.158988e+02   9.943141e-06  -1.058271e-06   0.000000e+00   6.649503e-06   6.248093e-05   0.000000e+00
0     1.159987e+02   0.000000e+00   0.000000e+00   0.000000e+00   0.000000e+00   0.000000e+00   0.000000e+00
1     1.159987e+02   8.667947e-06   4.985197e-06   0.000000e+00  -3.132621e-05   5.446807e-05   0.000000e+00
0     1.160987e+02   0.000000e+00   0.000000e+00   0.000000e+00   0.000000e+00   0.000000e+00   0.000000e+00
1     1.160987e+02   4.085530e-06   9.126581e-06   0.000000e+00  -5.734953e-05   2.567317e-05   0.000000e+00
0     1.161986e+02   0.000000e+00   0.000000e+00   0.000000e+00   0.000000e+00   0.000000e+00   0.000000e+00
1     1.161986e+02  -2.055700e-06   9.785779e-06   0.000000e+00  -6.149135e-05  -1.291668e-05   0.000000e+00
0     1.162985e+02   0.000000e+00   0.000000e+00   0.000000e+00   0.000000e+00   0.000000e+00   0.000000e+00
1     1.162985e+02  -7.412614e-06   6.711346e-06   0.000000e+00  -4.217218e-05  -4.657757e-05   0.000000e+00
0     1.163985e+02   0.000000e+00   0.000000e+00   0.000000e+00   0.000000e+00   0.000000e+00   0.000000e+00
1     1.163985e+02  -9.941419e-06   1.076345e-06   0.000000e+00  -6.763731e-06  -6.246729e-05   0.000000e+00
0     1.164984e+02   0.000000e+00   0.000000e+00   0.000000e+00   0.000000e+00   0.000000e+00   0.000000e+00
1     1.164984e+02  -8.677370e-06  -4.969310e-06   0.000000e+00   3.122475e-05  -5.452437e-05   0.000000e+00
0     1.165983e+02   0.000000e+00   0.000000e+00   0.000000e+00   0.000000e+00   0.000000e+00   0.000000e+00
1     1.165983e+02  -4.102749e-06  -9.119084e-06   0.000000e+00   5.730042e-05  -2.577936e-05   0.000000e+00
0     1.166983e+02   0.000000e+00   0.000000e+00   0.000000e+00   0.000000e+00   0.000000e+00   0.000000e+00
1     1.166983e+02   2.037152e-06  -9.789734e-06   0.000000e+00   6.151494e-05   1.280151e-05   0.000000e+00
0     1.167999e+02   0.000000e+00   0.000000e+00   0.000000e+00   0.000000e+00   0.000000e+00   0.000000e+00
1     1.167999e+02   7.473452e-06  -6.643396e-06   0.000000e+00   4.174478e-05   4.696176e-05   0.000000e+00
0     1.168999e+02   0.000000e+00   0.000000e+00   0.000000e+00   0.000000e+00   0.000000e+00   0.000000e+00
1     1.168999e+02   9.950622e-06  -9.853984e-07   0.000000e+00   6.191593e-06   6.252799e-05   0.000000e+00
0     1.169998e+02   0.000000e+00   0.000000e+00   0.000000e+00   0.000000e+00   0.000000e+00   0.000000e+00
1     1.169998e+02   8.631187e-06   5.048567e-06   0.000000e+00  -3.172443e-05   5.423711e-05   0.000000e+00
0     1.170997e+02   0.000000e+00   0.000000e+00   0.000000e+00   0.000000e+00   0.000000e+00   0.000000e+00
1     1.170997e+02   4.018550e-06   9.156267e-06   0.000000e+00  -5.753610e-05   2.525230e-05   0.000000e+00
0     1.171997e+02   0.000000e+00   0.000000e+00   0.000000e+00   0.000000e+00   0.000000e+00   0.000000e+00
1     1.171997e+02  -2.127346e-06   9.770451e-06   0.000000e+00  -6.139507e-05  -1.336689e-05   0.000000e+00
0     1.172996e+02   0.000000e+00   0.000000e+00   0.000000e+00   0.000000e+00   0.000000e+00   0.000000e+00
1     1.172996e+02  -7.461589e-06   6.656848e-06   0.000000e+00  -4.182975e-05  -4.688534e-05   0.000000e+00
0     1.173995e+02   0.000000e+00   0.000000e+00   0.000000e+00   0.000000e+00   0.000000e+00   0.000000e+00
1     1.173995e+02  -9.949035e-06   1.003467e-06   0.000000e+00  -6.305799e-06  -6.251519e-05   0.000000e+00
0     1.174995e+02   0.000000e+00   0.000000e+00   0.000000e+00   0.000000e+00   0.000000e+00   0.000000e+00
1     1.174995e+02  -8.640717e-06  -5.032764e-06   0.000000e+00   3.162349e-05  -5.429410e-05   0.000000e+00
0     1.175994e+02   0.000000e+00   0.000000e+00   0.000000e+00   0.000000e+00   0.000000e+00   0.000000e+00
1     1.175994e+02  -4.035807e-06  -9.148902e-06   0.000000e+00   5.748783e-05  -2.535874e-05   0.000000e+00
0     1.176993e+02   0.000000e+00   0.000000e+00   0.000000e+00   0.000000e+00   0.000000e+00   0.000000e+00
1     1.176993e+02   2.108846e-06  -9.774536e-06   0.000000e+00   6.141949e-05   1.325202e-05   0.000000e+00
0     1.177993e+02   0.000000e+00   0.000000e+00   0.000000e+00   0.000000e+00   0.000000e+00   0.000000e+00
1     1.177993e+02   7.448904e-06  -6.670904e-06   0.000000e+00   4.191765e-05   4.680753e-05   0.000000e+00
0     1.178992e+02   0.000000e+00   0.000000e+00   0.000000e+00   0.000000e+00   0.000000e+00   0.000000e+00
1     1.178992e+02   9.946917e-06  -1.022077e-06   0.000000e+00   6.422075e-06   6.250475e-05   0.000000e+00
0     1.179991e+02   0.000000e+00   0.000000e+00   0.000000e+00   0.000000e+00   0.000000e+00   0.000000e+00
1     1.179991e+02   8.649735e-06   5.016712e-06   0.000000e+00  -3.152428e-05   5.435370e-05   0.000000e+00
0     1.180991e+02   0.000000e+00   0.000000e+00   0.000000e+00   0.000000e+00   0.000000e+00   0.000000e+00
1     1.180991e+02   4.052270e-06   9.141388e-06   0.000000e+00  -5.744265e-05   2.546420e-05   0.000000e+00
0     1.181990e+02   0.000000e+00   0.000000e+00   0.000000e+00   0.000000e+00   0.000000e+00   0.000000e+00
1     1.181990e+02  -2.091321e-06   9.778220e-06   0.000000e+00  -6.144393e-05  -1.314053e-05   0.000000e+00
0     1.182989e+02   0.000000e+00   0.000000e+00   0.000000e+00   0.000000e+00   0.000000e+00   0.000000e+00
1     1.182989e+02  -7.437004e-06   6.684296e-06   0.000000e+00  -4.200226e-05  -4.673089e-05   0.000000e+00
0     1.183989e+02   0.000000e+00   0.000000e+00   0.000000e+00   0.000000e+00   0.000000e+00   0.000000e+00
1     1.183989e+02  -9.945266e-06   1.040117e-06   0.000000e+00  -6.536102e-06  -6.249155e-05   0.000000e+00
0     1.184988e+02   0.000000e+00   0.000000e+00   0.000000e+00   0.000000e+00   0.000000e+00   0.000000e+00
1     1.184988e+02  -8.659196e-06  -5.000894e-06   0.000000e+00   3.142325e-05  -5.441025e-05   0.000000e+00
0     1.185987e+02   0.000000e+00   0.000000e+00   0.000000e+00   0.000000e+00   0.000000e+00   0.000000e+00
1     1.185987e+02  -4.069480e-06  -9.133969e-06   0.000000e+00   5.739403e-05  -2.557034e-05   0.000000e+00
0     1.186987e+02   0.000000e+00   0.000000e+00   0.000000e+00   0.000000e+00   0.000000e+00   0.000000e+00
1     1.186987e+02   2.072827e-06  -9.782233e-06   0.000000e+00   6.146789e-05   1.302569e-05   0.000000e+00
0     1.187986e+02   0.000000e+00   0.000000e+00   0.000000e+00   0.000000e+00   0.000000e+00   0.000000e+00
1     1.187986e+02   7.424281e-06  -6.698291e-06   0.000000e+00   4.208977e-05   4.665283e-05   0.000000e+00
0     1.188985e+02   0.000000e+00   0.000000e+00   0.000000e+00   0.000000e+00   0.000000e+00   0.000000e+00
1     1.188985e+02   9.943082e-06  -1.058701e-06   0.000000e+00   6.652218e-06   6.248068e-05   0.000000e+00
0     1.189985e+02   0.000000e+00   0.000000e+00   0.000000e+00   0.000000e+00   0.000000e+00   0.000000e+00
1     1.189985e+02   8.668146e-06   4.984825e-06   0.000000e+00  -3.132393e-05   5.446942e-05   0.000000e+00
0     1.190984e+02   0.000000e+00   0.000000e+00   0.000000e+00   0.000000e+00   0.000000e+00   0.000000e+00
1     1.190984e+02   4.085898e-06   9.126402e-06   0.000000e+00  -5.734852e-05   2.567553e-05   0.000000e+00
0     1.191983e+02   0.000000e+00   0.000000e+00   0.000000e+00   0.000000e+00   0.000000e+00   0.000000e+00
1     1.191983e+02  -2.055308e-06   9.785848e-06   0.000000e+00  -6.149191e-05  -1.291425e-05   0.000000e+00
0     1.192983e+02   0.000000e+00   0.000000e+00   0.000000e+00   0.000000e+00   0.000000e+00   0.000000e+00
1     1.192983e+02  -7.412346e-06   6.711623e-06   0.000000e+00  -4.217400e-05  -4.657598e-05   0.000000e+00
0     1.194000e+02   0.000000e+00   0.000000e+00   0.000000e+00   0.000000e+00   0.000000e+00   0.000000e+00
1     1.194000e+02  -9.952624e-06   9.671316e-07   0.000000e+00  -6.077490e-06  -6.253782e-05   0.000000e+00
0     1.194999e+02   0.000000e+00   0.000000e+00   0.000000e+00   0.000000e+00   0.000000e+00   0.000000e+00
1     1.194999e+02  -8.622272e-06  -5.064283e-06   0.000000e+00   3.182158e-05  -5.417826e-05   0.000000e+00
0     1.195998e+02   0.000000e+00   0.000000e+00   0.000000e+00   0.000000e+00   0.000000e+00   0.000000e+00
1     1.195998e+02  -4.002355e-06  -9.163576e-06   0.000000e+00   5.758011e-05  -2.514857e-05   0.000000e+00
0     1.196998e+02   0.000000e+00   0.000000e+00   0.000000e+00   0.000000e+00   0.000000e+00   0.000000e+00
1     1.196998e+02   2.144545e-06  -9.766756e-06   0.000000e+00   6.137069e-05   1.347635e-05   0.000000e+00
0     1.197997e+02   0.000000e+00   0.000000e+00   0.000000e+00   0.000000e+00   0.000000e+00   0.000000e+00
1     1.197997e+02   7.473228e-06  -6.643629e-06   0.000000e+00   4.174633e-05   4.696044e-05   0.000000e+00
0     1.198996e+02   0.000000e+00   0.000000e+00   0.000000e+00   0.000000e+00   0.000000e+00   0.000000e+00
1     1.198996e+02   9.950578e-06  -9.857068e-07   0.000000e+00   6.193543e-06   6.252783e-05   0.000000e+00
0     1.199996e+02   0.000000e+00   0.000000e+00   0.000000e+00   0.000000e+00   0.000000e+00   0.000000e+00
1     1.199996e+02   8.631327e-06   5.048302e-06   0.000000e+00  -3.172283e-05   5.423809e-05   0.000000e+00
0     1.200995e+02   0.000000e+00   0.000000e+00   0.000000e+00   0.000000e+00   0.000000e+00   0.000000e+00
1     1.200995e+02   4.018807e-06   9.156139e-06   0.000000e+00  -5.753542e-05   2.525396e-05   0.000000e+00
0     1.201994e+02   0.000000e+00   0.000000e+00   0.000000e+00   0.000000e+00   0.000000e+00   0.000000e+00
1     1.201994e+02  -2.127075e-06   9.770496e-06   0.000000e+00  -6.139548e-05  -1.336521e-05   0.000000e+00
0     1.202994e+02   0.000000e+00   0.000000e+00   0.000000e+00   0.000000e+00   0.000000e+00   0.000000e+00
1     1.202994e+02  -7.461405e-06   6.657035e-06   0.000000e+00  -4.183101e-05  -4.688427e-05   0.000000e+00
0     1.203993e+02   0.000000e+00   0.000000e+00   0.000000e+00   0.000000e+00   0.000000e+00   0.000000e+00
1     1.203993e+02  -9.948997e-06   1.003714e-06   0.000000e+00  -6.307367e-06  -6.251507e-05   0.000000e+00
0     1.204992e+02   0.000000e+00   0.000000e+00   0.000000e+00   0.000000e+00   0.000000e+00   0.000000e+00
1     1.204992e+02  -8.640826e-06  -5.032552e-06   0.000000e+00   3.162222e-05  -5.429488e-05   0.000000e+00
0     1.205992e+02   0.000000e+00   0.000000e+00   0.000000e+00   0.000000e+00   0.000000e+00   0.000000e+00
1     1.205992e+02  -4.036008e-06  -9.148799e-06   0.000000e+00   5.748729e-05  -2.536005e-05   0.000000e+00
0     1.206991e+02   0.000000e+00   0.000000e+00   0.000000e+00   0.000000e+00   0.000000e+00   0.000000e+00
1     1.206991e+02   2.108634e-06  -9.774568e-06   0.000000e+00   6.141981e-05   1.325071e-05   0.000000e+00
0     1.207990e+02   0.000000e+00   0.000000e+00   0.000000e+00   0.000000e+00   0.000000e+00   0.000000e+00
1     1.207990e+02   7.448760e-06  -6.671045e-06   0.000000e+00   4.191862e-05   4.680672e-05   0.000000e+00
0     1.208990e+02   0.000000e+00   0.000000e+00   0.000000e+00   0.000000e+00   0.000000e+00   0.000000e+00
1     1.208990e+02   9.946885e-06  -1.022264e-06   0.000000e+00   6.423261e-06   6.250467e-05   0.000000e+00
0     1.209989e+02   0.000000e+00   0.000000e+00   0.000000e+00   0.000000e+00   0.000000e+00   0.000000e+00
1     1.209989e+02   8.649813e-06   5.016553e-06   0.000000e+00  -3.152334e-05   5.435429e-05   0.000000e+00
0     1.210988e+02   0.000000e+00   0.000000e+00   0.000000e+00   0.000000e+00   0.000000e+00   0.000000e+00
1     1.210988e+02   4.052415e-06   9.141309e-06   0.000000e+00  -5.744227e-05   2.546517e-05   0.000000e+00
0     1.211988e+02   0.000000e+00   0.000000e+00   0.000000e+00   0.000000e+00   0.000000e+00   0.000000e+00
1     1.211988e+02  -2.091170e-06   9.778239e-06   0.000000e+00  -6.144417e-05  -1.313961e-05   0.000000e+00
0     1.212987e+02   0.000000e+00   0.000000e+00   0.000000e+00   0.000000e+00   0.000000e+00   0.000000e+00
1     1.212987e+02  -7.436901e-06   6.684392e-06   0.000000e+00  -4.200294e-05  -4.673033e-05   0.000000e+00
0     1.213986e+02   0.000000e+00   0.000000e+00   0.000000e+00   0.000000e+00   0.000000e+00   0.000000e+00
1     1.213986e+02  -9.945239e-06   1.040243e-06   0.000000e+00  -6.536906e-06  -6.249150e-05   0.000000e+00
0     1.214986e+02   0.000000e+00   0.000000e+00   0.000000e+00   0.000000e+00   0.000000e+00   0.000000e+00
1     1.214986e+02  -8.659243e-06  -5.000787e-06   0.000000e+00   3.142264e-05  -5.441064e-05   0.000000e+00
0     1.215985e+02   0.000000e+00   0.000000e+00   0.000000e+00   0.000000e+00   0.000000e+00   0.000000e+00
1     1.215985e+02  -4.069569e-06  -9.133915e-06   0.000000e+00   5.739380e-05  -2.557095e-05   0.000000e+00
0     1.216984e+02   0.000000e+00   0.000000e+00   0.000000e+00   0.000000e+00   0.000000e+00   0.000000e+00
1     1.216984e+02   2.072735e-06  -9.782240e-06   0.000000e+00   6.146805e-05   1.302514e-05   0.000000e+00
0     1.217984e+02   0.000000e+00   0.000000e+00   0.000000e+00   0.000000e+00   0.000000e+00   0.000000e+00
1     1.217984e+02   7.424218e-06  -6.698341e-06   0.000000e+00   4.209017e-05   4.665253e-05   0.000000e+00
0     1.218983e+02   0.000000e+00   0.000000e+00   0.000000e+00   0.000000e+00   0.000000e+00   0.000000e+00
1     1.218983e+02   9.943062e-06  -1.058766e-06   0.000000e+00   6.652639e-06   6.248068e-05   0.000000e+00
0     1.220000e+02   0.000000e+00   0.000000e+00   0.000000e+00   0.000000e+00   0.000000e+00   0.000000e+00
1     1.220000e+02   8.612720e-06   5.079964e-06   0.000000e+00  -3.192183e-05   5.412124e-05   0.000000e+00
0     1.220999e+02   0.000000e+00   0.000000e+00   0.000000e+00   0.000000e+00   0.000000e+00   0.000000e+00
1     1.220999e+02   3.985141e-06   9.170833e-06   0.000000e+00  -5.762782e-05   2.504245e-05   0.000000e+00
0     1.221998e+02   0.000000e+00   0.000000e+00   0.000000e+00   0.000000e+00   0.000000e+00   0.000000e+00
1     1.221998e+02  -2.162959e-06   9.762607e-06   0.000000e+00  -6.134598e-05  -1.359071e-05   0.000000e+00
0     1.222998e+02   0.000000e+00   0.000000e+00   0.000000e+00   0.000000e+00   0.000000e+00   0.000000e+00
1     1.222998e+02  -7.485814e-06   6.629564e-06   0.000000e+00  -4.165844e-05  -4.703771e-05   0.000000e+00
0     1.223997e+02   0.000000e+00   0.000000e+00   0.000000e+00   0.000000e+00   0.000000e+00   0.000000e+00
1     1.223997e+02  -9.952611e-06   9.671357e-07   0.000000e+00  -6.077528e-06  -6.253786e-05   0.000000e+00
0     1.224996e+02   0.000000e+00   0.000000e+00   0.000000e+00   0.000000e+00   0.000000e+00   0.000000e+00
1     1.224996e+02  -8.622257e-06  -5.064282e-06   0.000000e+00   3.182164e-05  -5.417827e-05   0.000000e+00
0     1.225996e+02   0.000000e+00   0.000000e+00   0.000000e+00   0.000000e+00   0.000000e+00   0.000000e+00
1     1.225996e+02  -4.002332e-06  -9.163571e-06   0.000000e+00   5.758019e-05  -2.514848e-05   0.000000e+00
0     1.226995e+02   0.000000e+00   0.000000e+00   0.000000e+00   0.000000e+00   0.000000e+00   0.000000e+00
1     1.226995e+02   2.144573e-06  -9.766737e-06   0.000000e+00   6.137068e-05   1.347656e-05   0.000000e+00
0     1.227994e+02   0.000000e+00   0.000000e+00   0.000000e+00   0.000000e+00   0.000000e+00   0.000000e+00
1     1.227994e+02   7.473247e-06  -6.643588e-06   0.000000e+00   4.174615e-05   4.696065e-05   0.000000e+00
0     1.228994e+02   0.000000e+00   0.000000e+00   0.000000e+00   0.000000e+00   0.000000e+00   0.000000e+00
1     1.228994e+02   9.950571e-06  -9.856500e-07   0.000000e+00   6.193198e-06   6.252791e-05   0.000000e+00
0     1.229993e+02   0.000000e+00   0.000000e+00   0.000000e+00   0.000000e+00   0.000000e+00   0.000000e+00
1     1.229993e+02   8.631281e-06   5.048354e-06   0.000000e+00  -3.172322e-05   5.423791e-05   0.000000e+00
0     1.230992e+02   0.000000e+00   0.000000e+00   0.000000e+00   0.000000e+00   0.000000e+00   0.000000e+00
1     1.230992e+02   4.018728e-06   9.156160e-06   0.000000e+00  -5.753566e-05   2.525352e-05   0.000000e+00
0     1.231992e+02   0.000000e+00   0.000000e+00   0.000000e+00   0.000000e+00   0.000000e+00   0.000000e+00
1     1.231992e+02  -2.127162e-06   9.770464e-06   0.000000e+00  -6.139539e-05  -1.336579e-05   0.000000e+00
0     1.232991e+02   0.000000e+00   0.000000e+00   0.000000e+00   0.000000e+00   0.000000e+00   0.000000e+00
1     1.232991e+02  -7.461465e-06   6.656949e-06   0.000000e+00  -4.183055e-05  -4.688474e-05   0.000000e+00
0     1.233990e+02   0.000000e+00   0.000000e+00   0.000000e+00   0.000000e+00   0.000000e+00   0.000000e+00
1     1.233990e+02  -9.948996e-06   1.003597e-06   0.000000e+00  -6.306640e-06  -6.251519e-05   0.000000e+00
0     1.234990e+02   0.000000e+00   0.000000e+00   0.000000e+00   0.000000e+00   0.000000e+00   0.000000e+00
1     1.234990e+02  -8.640749e-06  -5.032657e-06   0.000000e+00   3.162294e-05  -5.429451e-05   0.000000e+00
0     1.235989e+02   0.000000e+00   0.000000e+00   0.000000e+00   0.000000e+00   0.000000e+00   0.000000e+00
1     1.235989e+02  -4.035873e-06  -9.148844e-06   0.000000e+00   5.748769e-05  -2.535926e-05   0.000000e+00
0     1.236988e+02   0.000000e+00   0.000000e+00   0.000000e+00   0.000000e+00   0.000000e+00   0.000000e+00
1     1.236988e+02   2.108782e-06  -9.774523e-06   0.000000e+00   6.141965e-05   1.325167e-05   0.000000e+00
0     1.237988e+02   0.000000e+00   0.000000e+00   0.000000e+00   0.000000e+00   0.000000e+00   0.000000e+00
1     1.237988e+02   7.448861e-06  -6.670913e-06   0.000000e+00   4.191788e-05   4.680744e-05   0.000000e+00
0     1.238987e+02   0.000000e+00   0.000000e+00   0.000000e+00   0.000000e+00   0.000000e+00   0.000000e+00
1     1.238987e+02   9.946890e-06  -1.022085e-06   0.000000e+00   6.422152e-06   6.250482e-05   0.000000e+00
0     1.239986e+02   0.000000e+00   0.000000e+00   0.000000e+00   0.000000e+00   0.000000e+00   0.000000e+00
1     1.239986e+02   8.649706e-06   5.016711e-06   0.000000e+00  -3.152440e-05   5.435373e-05   0.000000e+00
0     1.240986e+02   0.000000e+00   0.000000e+00   0.000000e+00   0.000000e+00   0.000000e+00   0.000000e+00
1     1.240986e+02   4.052225e-06   9.141380e-06   0.000000e+00  -5.744282e-05   2.546402e-05   0.000000e+00
0     1.241985e+02   0.000000e+00   0.000000e+00   0.000000e+00   0.000000e+00   0.000000e+00   0.000000e+00
1     1.241985e+02  -2.091377e-06   9.778182e-06   0.000000e+00  -6.144393e-05  -1.314093e-05   0.000000e+00
0     1.242984e+02   0.000000e+00   0.000000e+00   0.000000e+00   0.000000e+00   0.000000e+00   0.000000e+00
1     1.242984e+02  -7.437043e-06   6.684214e-06   0.000000e+00  -4.200190e-05  -4.673131e-05   0.000000e+00
0     1.243984e+02   0.000000e+00   0.000000e+00   0.000000e+00   0.000000e+00   0.000000e+00   0.000000e+00
1     1.243984e+02  -9.945251e-06   1.040004e-06   0.000000e+00  -6.535415e-06  -6.249170e-05   0.000000e+00
0     1.244983e+02   0.000000e+00   0.000000e+00   0.000000e+00   0.000000e+00   0.000000e+00   0.000000e+00
1     1.244983e+02  -8.659106e-06  -5.000998e-06   0.000000e+00   3.142403e-05  -5.440989e-05   0.000000e+00
0     1.246000e+02   0.000000e+00   0.000000e+00   0.000000e+00   0.000000e+00   0.000000e+00   0.000000e+00
1     1.246000e+02  -3.968453e-06  -9.178284e-06   0.000000e+00   5.767272e-05  -2.493563e-05   0.000000e+00
0     1.246999e+02   0.000000e+00   0.000000e+00   0.000000e+00   0.000000e+00   0.000000e+00   0.000000e+00
1     1.246999e+02   2.180641e-06  -9.758738e-06   0.000000e+00   6.132050e-05   1.370321e-05   0.000000e+00
0     1.247999e+02   0.000000e+00   0.000000e+00   0.000000e+00   0.000000e+00   0.000000e+00   0.000000e+00
1     1.247999e+02   7.497741e-06  -6.615919e-06   0.000000e+00   4.157234e-05   4.711463e-05   0.000000e+00
0     1.248998e+02   0.000000e+00   0.000000e+00   0.000000e+00   0.000000e+00   0.000000e+00   0.000000e+00
1     1.248998e+02   9.954137e-06  -9.488612e-07   0.000000e+00   5.962034e-06   6.255040e-05   0.000000e+00
0     1.249997e+02   0.000000e+00   0.000000e+00   0.000000e+00   0.000000e+00   0.000000e+00   0.000000e+00
1     1.249997e+02   8.612550e-06   5.080227e-06   0.000000e+00  -3.192354e-05   5.412028e-05   0.000000e+00
0     1.250997e+02   0.000000e+00   0.000000e+00   0.000000e+00   0.000000e+00   0.000000e+00   0.000000e+00
1     1.250997e+02   3.984838e-06   9.170951e-06   0.000000e+00  -5.762867e-05   2.504059e-05   0.000000e+00
0     1.251996e+02   0.000000e+00   0.000000e+00   0.000000e+00   0.000000e+00   0.000000e+00   0.000000e+00
1     1.251996e+02  -2.163285e-06   9.762521e-06   0.000000e+00  -6.134556e-05  -1.359279e-05   0.000000e+00
0     1.252995e+02   0.000000e+00   0.000000e+00   0.000000e+00   0.000000e+00   0.000000e+00   0.000000e+00
1     1.252995e+02  -7.486036e-06   6.629294e-06   0.000000e+00  -4.165682e-05  -4.703919e-05   0.000000e+00
0     1.253995e+02   0.000000e+00   0.000000e+00   0.000000e+00   0.000000e+00   0.000000e+00   0.000000e+00
1     1.253995e+02  -9.952633e-06   9.667744e-07   0.000000e+00  -6.075270e-06  -6.253812e-05   0.000000e+00
0     1.254994e+02   0.000000e+00   0.000000e+00   0.000000e+00   0.000000e+00   0.000000e+00   0.000000e+00
1     1.254994e+02  -8.622056e-06  -5.064598e-06   0.000000e+00   3.182369e-05  -5.417712e-05   0.000000e+00
0     1.255993e+02   0.000000e+00   0.000000e+00   0.000000e+00   0.000000e+00   0.000000e+00   0.000000e+00
1     1.255993e+02  -4.001973e-06  -9.163714e-06   0.000000e+00   5.758120e-05  -2.514627e-05   0.000000e+00
0     1.256993e+02   0.000000e+00   0.000000e+00   0.000000e+00   0.000000e+00   0.000000e+00   0.000000e+00
1     1.256993e+02   2.144959e-06  -9.766639e-06   0.000000e+00   6.137019e-05   1.347901e-05   0.000000e+00
0     1.257992e+02   0.000000e+00   0.000000e+00   0.000000e+00   0.000000e+00   0.000000e+00   0.000000e+00
1     1.257992e+02   7.473510e-06  -6.643272e-06   0.000000e+00   4.174425e-05   4.696239e-05   0.000000e+00
0     1.258991e+02   0.000000e+00   0.000000e+00   0.000000e+00   0.000000e+00   0.000000e+00   0.000000e+00
1     1.258991e+02   9.950600e-06  -9.852279e-07   0.000000e+00   6.190558e-06   6.252821e-05   0.000000e+00
0     1.259991e+02   0.000000e+00   0.000000e+00   0.000000e+00   0.000000e+00   0.000000e+00   0.000000e+00
1     1.259991e+02   8.631050e-06   5.048723e-06   0.000000e+00  -3.172560e-05   5.423657e-05   0.000000e+00
0     1.260990e+02   0.000000e+00   0.000000e+00   0.000000e+00   0.000000e+00   0.000000e+00   0.000000e+00
1     1.260990e+02   4.018314e-06   9.156328e-06   0.000000e+00  -5.753682e-05   2.525096e-05   0.000000e+00
0     1.261989e+02   0.000000e+00   0.000000e+00   0.000000e+00   0.000000e+00   0.000000e+00   0.000000e+00
1     1.261989e+02  -2.127609e-06   9.770354e-06   0.000000e+00  -6.139482e-05  -1.336862e-05   0.000000e+00
0     1.262989e+02   0.000000e+00   0.000000e+00   0.000000e+00   0.000000e+00   0.000000e+00   0.000000e+00
1     1.262989e+02  -7.461770e-06   6.656588e-06   0.000000e+00  -4.182836e-05  -4.688675e-05   0.000000e+00
0     1.263988e+02   0.000000e+00   0.000000e+00   0.000000e+00   0.000000e+00   0.000000e+00   0.000000e+00
1     1.263988e+02  -9.949032e-06   1.003114e-06   0.000000e+00  -6.303618e-06  -6.251553e-05   0.000000e+00
0     1.264987e+02   0.000000e+00   0.000000e+00   0.000000e+00   0.000000e+00   0.000000e+00   0.000000e+00
1     1.264987e+02  -8.640488e-06  -5.033079e-06   0.000000e+00   3.162565e-05  -5.429298e-05   0.000000e+00
0     1.265987e+02   0.000000e+00   0.000000e+00   0.000000e+00   0.000000e+00   0.000000e+00   0.000000e+00
1     1.265987e+02  -4.035403e-06  -9.149038e-06   0.000000e+00   5.748901e-05  -2.535635e-05   0.000000e+00
0     1.266986e+02   0.000000e+00   0.000000e+00   0.000000e+00   0.000000e+00   0.000000e+00   0.000000e+00
1     1.266986e+02   2.109288e-06  -9.774400e-06   0.000000e+00   6.141900e-05   1.325487e-05   0.000000e+00
0     1.267985e+02   0.000000e+00   0.000000e+00   0.000000e+00   0.000000e+00   0.000000e+00   0.000000e+00
1     1.267985e+02   7.449207e-06  -6.670507e-06   0.000000e+00   4.191541e-05   4.680971e-05   0.000000e+00
0     1.268985e+02   0.000000e+00   0.000000e+00   0.000000e+00   0.000000e+00   0.000000e+00   0.000000e+00
1     1.268985e+02   9.946933e-06  -1.021541e-06   0.000000e+00   6.418749e-06   6.250521e-05   0.000000e+00
0     1.269984e+02   0.000000e+00   0.000000e+00   0.000000e+00   0.000000e+00   0.000000e+00   0.000000e+00
1     1.269984e+02   8.649415e-06   5.017187e-06   0.000000e+00  -3.152745e-05   5.435201e-05   0.000000e+00
0     1.270983e+02   0.000000e+00   0.000000e+00   0.000000e+00   0.000000e+00   0.000000e+00   0.000000e+00
1     1.270983e+02   4.051699e-06   9.141599e-06   0.000000e+00  -5.744431e-05   2.546076e-05   0.000000e+00
0     1.271983e+02   0.000000e+00   0.000000e+00   0.000000e+00   0.000000e+00   0.000000e+00   0.000000e+00
1     1.271983e+02  -2.091943e-06   9.778047e-06   0.000000e+00  -6.144320e-05  -1.314452e-05   0.000000e+00
0     1.273000e+02   0.000000e+00   0.000000e+00   0.000000e+00   0.000000e+00   0.000000e+00   0.000000e+00
1     1.273000e+02  -7.510612e-06   6.601425e-06   0.000000e+00  -4.148176e-05  -4.719368e-05   0.000000e+00
0     1.273999e+02   0.000000e+00   0.000000e+00   0.000000e+00   0.000000e+00   0.000000e+00   0.000000e+00
1     1.273999e+02  -9.956149e-06   9.297765e-07   0.000000e+00  -5.842795e-06  -6.256029e-05   0.000000e+00
0     1.274998e+02   0.000000e+00   0.000000e+00   0.000000e+00   0.000000e+00   0.000000e+00   0.000000e+00
1     1.274998e+02  -8.603162e-06  -5.096611e-06   0.000000e+00   3.202489e-05  -5.405846e-05   0.000000e+00
0     1.275998e+02   0.000000e+00   0.000000e+00   0.000000e+00   0.000000e+00   0.000000e+00   0.000000e+00
1     1.275998e+02  -3.967869e-06  -9.178523e-06   0.000000e+00   5.767433e-05  -2.493201e-05   0.000000e+00
0     1.276997e+02   0.000000e+00   0.000000e+00   0.000000e+00   0.000000e+00   0.000000e+00   0.000000e+00
1     1.276997e+02   2.181266e-06  -9.758585e-06   0.000000e+00   6.131966e-05   1.370717e-05   0.000000e+00
0     1.277996e+02   0.000000e+00   0.000000e+00   0.000000e+00   0.000000e+00   0.000000e+00   0.000000e+00
1     1.277996e+02   7.498165e-06  -6.615419e-06   0.000000e+00   4.156928e-05   4.711738e-05   0.000000e+00
0     1.278996e+02   0.000000e+00   0.000000e+00   0.000000e+00   0.000000e+00   0.000000e+00   0.000000e+00
1     1.278996e+02   9.954188e-06  -9.481953e-07   0.000000e+00   5.957861e-06   6.255084e-05   0.000000e+00
0     1.279995e+02   0.000000e+00   0.000000e+00   0.000000e+00   0.000000e+00   0.000000e+00   0.000000e+00
1     1.279995e+02   8.612193e-06   5.080806e-06   0.000000e+00  -3.192724e-05   5.411814e-05   0.000000e+00
0     1.280994e+02   0.000000e+00   0.000000e+00   0.000000e+00   0.000000e+00   0.000000e+00   0.000000e+00
1     1.280994e+02   3.984198e-06   9.171215e-06   0.000000e+00  -5.763044e-05   2.503662e-05   0.000000e+00
0     1.281994e+02   0.000000e+00   0.000000e+00   0.000000e+00   0.000000e+00   0.000000e+00   0.000000e+00
1     1.281994e+02  -2.163970e-06   9.762356e-06   0.000000e+00  -6.134464e-05  -1.359712e-05   0.000000e+00
0     1.282993e+02   0.000000e+00   0.000000e+00   0.000000e+00   0.000000e+00   0.000000e+00   0.000000e+00
1     1.282993e+02  -7.486501e-06   6.628748e-06   0.000000e+00  -4.165348e-05  -4.704221e-05   0.000000e+00
0     1.283992e+02   0.000000e+00   0.000000e+00   0.000000e+00   0.000000e+00   0.000000e+00   0.000000e+00
1     1.283992e+02  -9.952691e-06   9.660477e-07   0.000000e+00  -6.070715e-06  -6.253860e-05   0.000000e+00
0     1.284992e+02   0.000000e+00   0.000000e+00   0.000000e+00   0.000000e+00   0.000000e+00   0.000000e+00
1     1.284992e+02  -8.621670e-06  -5.065231e-06   0.000000e+00   3.182773e-05  -5.417480e-05   0.000000e+00
0     1.285991e+02   0.000000e+00   0.000000e+00   0.000000e+00   0.000000e+00   0.000000e+00   0.000000e+00
1     1.285991e+02  -4.001278e-06  -9.164004e-06   0.000000e+00   5.758313e-05  -2.514195e-05   0.000000e+00
0     1.286990e+02   0.000000e+00   0.000000e+00   0.000000e+00   0.000000e+00   0.000000e+00   0.000000e+00
1     1.286990e+02   2.145704e-06  -9.766462e-06   0.000000e+00   6.136919e-05   1.348372e-05   0.000000e+00
0     1.287990e+02   0.000000e+00   0.000000e+00   0.000000e+00   0.000000e+00   0.000000e+00   0.000000e+00
1     1.287990e+02   7.474017e-06  -6.642682e-06   0.000000e+00   4.174062e-05   4.696567e-05   0.000000e+00
0     1.288989e+02   0.000000e+00   0.000000e+00   0.000000e+00   0.000000e+00   0.000000e+00   0.000000e+00
1     1.288989e+02   9.950665e-06  -9.844404e-07   0.000000e+00   6.185622e-06   6.252874e-05   0.000000e+00
0     1.289988e+02   0.000000e+00   0.000000e+00   0.000000e+00   0.000000e+00   0.000000e+00   0.000000e+00
1     1.289988e+02   8.630634e-06   5.049409e-06   0.000000e+00  -3.172997e-05   5.423406e-05   0.000000e+00
0     1.290988e+02   0.000000e+00   0.000000e+00   0.000000e+00   0.000000e+00   0.000000e+00   0.000000e+00
1     1.290988e+02   4.017562e-06   9.156643e-06   0.000000e+00  -5.753892e-05   2.524629e-05   0.000000e+00
0     1.291987e+02   0.000000e+00   0.000000e+00   0.000000e+00   0.000000e+00   0.000000e+00   0.000000e+00
1     1.291987e+02  -2.128414e-06   9.770165e-06   0.000000e+00  -6.139375e-05  -1.337371e-05   0.000000e+00
0     1.292986e+02   0.000000e+00   0.000000e+00   0.000000e+00   0.000000e+00   0.000000e+00   0.000000e+00
1     1.292986e+02  -7.462318e-06   6.655953e-06   0.000000e+00  -4.182446e-05  -4.689029e-05   0.000000e+00
0     1.293986e+02   0.000000e+00   0.000000e+00   0.000000e+00   0.000000e+00   0.000000e+00   0.000000e+00
1     1.293986e+02  -9.949104e-06   1.002265e-06   0.000000e+00  -6.298300e-06  -6.251611e-05   0.000000e+00
0     1.294985e+02   0.000000e+00   0.000000e+00   0.000000e+00   0.000000e+00   0.000000e+00   0.000000e+00
1     1.294985e+02  -8.640043e-06  -5.033818e-06   0.000000e+00   3.163036e-05  -5.429028e-05   0.000000e+00
0     1.295984e+02   0.000000e+00   0.000000e+00   0.000000e+00   0.000000e+00   0.000000e+00   0.000000e+00
1     1.295984e+02  -4.034596e-06  -9.149379e-06   0.000000e+00   5.749127e-05  -2.535133e-05   0.000000e+00
0     1.296984e+02   0.000000e+00   0.000000e+00   0.000000e+00   0.000000e+00   0.000000e+00   0.000000e+00
1     1.296984e+02   2.110153e-06  -9.774200e-06   0.000000e+00   6.141786e-05   1.326033e-05   0.000000e+00
0     1.297983e+02   0.000000e+00   0.000000e+00   0.000000e+00   0.000000e+00   0.000000e+00   0.000000e+00
1     1.297983e+02   7.449797e-06  -6.669828e-06   0.000000e+00   4.191122e-05   4.681351e-05   0.000000e+00
0     1.299000e+02   0.000000e+00   0.000000e+00   0.000000e+00   0.000000e+00   0.000000e+00   0.000000e+00
1     1.299000e+02   9.957653e-06  -9.109865e-07   0.000000e+00   5.724056e-06   6.257270e-05   0.000000e+00
0     1.299999e+02   0.000000e+00   0.000000e+00   0.000000e+00   0.000000e+00   0.000000e+00   0.000000e+00
1     1.299999e+02   8.593133e-06   5.112959e-06   0.000000e+00  -3.212933e-05   5.399844e-05   0.000000e+00
0     1.300998e+02   0.000000e+00   0.000000e+00   0.000000e+00   0.000000e+00   0.000000e+00   0.000000e+00
1     1.300998e+02   3.949877e-06   9.186039e-06   0.000000e+00  -5.772367e-05   2.482098e-05   0.000000e+00
0     1.301998e+02   0.000000e+00   0.000000e+00   0.000000e+00   0.000000e+00   0.000000e+00   0.000000e+00
1     1.301998e+02  -2.200460e-06   9.754188e-06   0.000000e+00  -6.129339e-05  -1.382644e-05   0.000000e+00
0     1.302997e+02   0.000000e+00   0.000000e+00   0.000000e+00   0.000000e+00   0.000000e+00   0.000000e+00
1     1.302997e+02  -7.511236e-06   6.600694e-06   0.000000e+00  -4.147725e-05  -4.719770e-05   0.000000e+00
0     1.303996e+02   0.000000e+00   0.000000e+00   0.000000e+00   0.000000e+00   0.000000e+00   0.000000e+00
1     1.303996e+02  -9.956227e-06   9.288058e-07   0.000000e+00  -5.836707e-06  -6.256090e-05   0.000000e+00
0     1.304996e+02   0.000000e+00   0.000000e+00   0.000000e+00   0.000000e+00   0.000000e+00   0.000000e+00
1     1.304996e+02  -8.602648e-06  -5.097453e-06   0.000000e+00   3.203024e-05  -5.405534e-05   0.000000e+00
0     1.305995e+02   0.000000e+00   0.000000e+00   0.000000e+00   0.000000e+00   0.000000e+00   0.000000e+00
1     1.305995e+02  -3.966947e-06  -9.178907e-06   0.000000e+00   5.767686e-05  -2.492626e-05   0.000000e+00
0     1.306994e+02   0.000000e+00   0.000000e+00   0.000000e+00   0.000000e+00   0.000000e+00   0.000000e+00
1     1.306994e+02   2.182249e-06  -9.758352e-06   0.000000e+00   6.131832e-05   1.371337e-05   0.000000e+00
0     1.307994e+02   0.000000e+00   0.000000e+00   0.000000e+00   0.000000e+00   0.000000e+00   0.000000e+00
1     1.307994e+02   7.498831e-06  -6.614643e-06   0.000000e+00   4.156449e-05   4.712166e-05   0.000000e+00
0     1.308993e+02   0.000000e+00   0.000000e+00   0.000000e+00   0.000000e+00   0.000000e+00   0.000000e+00
1     1.308993e+02   9.954273e-06  -9.471638e-07   0.000000e+00   5.951391e-06   6.255150e-05   0.000000e+00
0     1.309992e+02   0.000000e+00   0.000000e+00   0.000000e+00   0.000000e+00   0.000000e+00   0.000000e+00
1     1.309992e+02   8.611650e-06   5.081701e-06   0.000000e+00  -3.193293e-05   5.411484e-05   0.000000e+00
0     1.310992e+02   0.000000e+00   0.000000e+00   0.000000e+00   0.000000e+00   0.000000e+00   0.000000e+00
1     1.310992e+02   3.983221e-06   9.171625e-06   0.000000e+00  -5.763313e-05   2.503053e-05   0.000000e+00
0     1.311991e+02   0.000000e+00   0.000000e+00   0.000000e+00   0.000000e+00   0.000000e+00   0.000000e+00
1     1.311991e+02  -2.165013e-06   9.762112e-06   0.000000e+00  -6.134322e-05  -1.360370e-05   0.000000e+00
0     1.312990e+02   0.000000e+00   0.000000e+00   0.000000e+00   0.000000e+00   0.000000e+00   0.000000e+00
1     1.312990e+02  -7.487210e-06   6.627929e-06   0.000000e+00  -4.164841e-05  -4.704675e-05   0.000000e+00
0     1.313990e+02   0.000000e+00   0.000000e+00   0.000000e+00   0.000000e+00   0.000000e+00   0.000000e+00
1     1.313990e+02  -9.952783e-06   9.649557e-07   0.000000e+00  -6.063865e-06  -6.253931e-05   0.000000e+00
0     1.314989e+02   0.000000e+00   0.000000e+00   0.000000e+00   0.000000e+00   0.000000e+00   0.000000e+00
1     1.314989e+02  -8.621097e-06  -5.066180e-06   0.000000e+00   3.183375e-05  -5.417130e-05   0.000000e+00
0     1.315988e+02   0.000000e+00   0.000000e+00   0.000000e+00   0.000000e+00   0.000000e+00   0.000000e+00
1     1.315988e+02  -4.000246e-06  -9.164440e-06   0.000000e+00   5.758599e-05  -2.513552e-05   0.000000e+00
0     1.316988e+02   0.000000e+00   0.000000e+00   0.000000e+00   0.000000e+00   0.000000e+00   0.000000e+00
1     1.316988e+02   2.146807e-06  -9.766206e-06   0.000000e+00   6.136771e-05   1.349068e-05   0.000000e+00
0     1.317987e+02   0.000000e+00   0.000000e+00   0.000000e+00   0.000000e+00   0.000000e+00   0.000000e+00
1     1.317987e+02   7.474768e-06  -6.641818e-06   0.000000e+00   4.173527e-05   4.697048e-05   0.000000e+00
0     1.318986e+02   0.000000e+00   0.000000e+00   0.000000e+00   0.000000e+00   0.000000e+00   0.000000e+00
1     1.318986e+02   9.950765e-06  -9.832877e-07   0.000000e+00   6.178391e-06   6.252950e-05   0.000000e+00
0     1.319986e+02   0.000000e+00   0.000000e+00   0.000000e+00   0.000000e+00   0.000000e+00   0.000000e+00
1     1.319986e+02   8.630032e-06   5.050412e-06   0.000000e+00  -3.173633e-05   5.423038e-05   0.000000e+00
0     1.320985e+02   0.000000e+00   0.000000e+00   0.000000e+00   0.000000e+00   0.000000e+00   0.000000e+00
1     1.320985e+02   4.016475e-06   9.157106e-06   0.000000e+00  -5.754194e-05   2.523951e-05   0.000000e+00
0     1.321984e+02   0.000000e+00   0.000000e+00   0.000000e+00   0.000000e+00   0.000000e+00   0.000000e+00
1     1.321984e+02  -2.129577e-06   9.769898e-06   0.000000e+00  -6.139220e-05  -1.338104e-05   0.000000e+00
0     1.322984e+02   0.000000e+00   0.000000e+00   0.000000e+00   0.000000e+00   0.000000e+00   0.000000e+00
1     1.322984e+02  -7.463111e-06   6.655045e-06   0.000000e+00  -4.181883e-05  -4.689536e-05   0.000000e+00
0     1.323983e+02   0.000000e+00   0.000000e+00   0.000000e+00   0.000000e+00   0.000000e+00   0.000000e+00
1     1.323983e+02  -9.949213e-06   1.001052e-06   0.000000e+00  -6.290687e-06  -6.251692e-05   0.000000e+00
0     1.325000e+02   0.000000e+00   0.000000e+00   0.000000e+00   0.000000e+00   0.000000e+00   0.000000e+00
1     1.325000e+02  -8.583422e-06  -5.129743e-06   0.000000e+00   3.223318e-05  -5.393460e-05   0.000000e+00
0     1.325999e+02   0.000000e+00   0.000000e+00   0.000000e+00   0.000000e+00   0.000000e+00   0.000000e+00
1     1.325999e+02  -3.932411e-06  -9.193746e-06   0.000000e+00   5.777018e-05  -2.470928e-05   0.000000e+00
0     1.326999e+02   0.000000e+00   0.000000e+00   0.000000e+00   0.000000e+00   0.000000e+00   0.000000e+00
1     1.326999e+02   2.218923e-06  -9.750068e-06   0.000000e+00   6.126635e-05   1.394384e-05   0.000000e+00
0     1.327998e+02   0.000000e+00   0.000000e+00   0.000000e+00   0.000000e+00   0.000000e+00   0.000000e+00
1     1.327998e+02   7.523648e-06  -6.586388e-06   0.000000e+00   4.138699e-05   4.727767e-05   0.000000e+00
0     1.328997e+02   0.000000e+00   0.000000e+00   0.000000e+00   0.000000e+00   0.000000e+00   0.000000e+00
1     1.328997e+02   9.957757e-06  -9.097109e-07   0.000000e+00   5.716052e-06   6.257347e-05   0.000000e+00
0     1.329997e+02   0.000000e+00   0.000000e+00   0.000000e+00   0.000000e+00   0.000000e+00   0.000000e+00
1     1.329997e+02   8.592461e-06   5.114063e-06   0.000000e+00  -3.213633e-05   5.399433e-05   0.000000e+00
0     1.330996e+02   0.000000e+00   0.000000e+00   0.000000e+00   0.000000e+00   0.000000e+00   0.000000e+00
1     1.330996e+02   3.948673e-06   9.186543e-06   0.000000e+00  -5.772695e-05   2.481347e-05   0.000000e+00
0     1.331995e+02   0.000000e+00   0.000000e+00   0.000000e+00   0.000000e+00   0.000000e+00   0.000000e+00
1     1.331995e+02  -2.201742e-06   9.753885e-06   0.000000e+00  -6.129161e-05  -1.383451e-05   0.000000e+00
0     1.332995e+02   0.000000e+00   0.000000e+00   0.000000e+00   0.000000e+00   0.000000e+00   0.000000e+00
1     1.332995e+02  -7.512104e-06   6.599688e-06   0.000000e+00  -4.147100e-05  -4.720324e-05   0.000000e+00
0     1.333994e+02   0.000000e+00   0.000000e+00   0.000000e+00   0.000000e+00   0.000000e+00   0.000000e+00
1     1.333994e+02  -9.956338e-06   9.274696e-07   0.000000e+00  -5.828322e-06  -6.256173e-05   0.000000e+00
0     1.334993e+02   0.000000e+00   0.000000e+00   0.000000e+00   0.000000e+00   0.000000e+00   0.000000e+00
1     1.334993e+02  -8.601947e-06  -5.098610e-06   0.000000e+00   3.203757e-05  -5.405104e-05   0.000000e+00
0     1.335993e+02   0.000000e+00   0.000000e+00   0.000000e+00   0.000000e+00   0.000000e+00   0.000000e+00
1     1.335993e+02  -3.965689e-06  -9.179437e-06   0.000000e+00   5.768030e-05  -2.491841e-05   0.000000e+00
0     1.336992e+02   0.000000e+00   0.000000e+00   0.000000e+00   0.000000e+00   0.000000e+00   0.000000e+00
1     1.336992e+02   2.183590e-06  -9.758038e-06   0.000000e+00   6.131647e-05   1.372183e-05   0.000000e+00
0     1.337991e+02   0.000000e+00   0.000000e+00   0.000000e+00   0.000000e+00   0.000000e+00   0.000000e+00
1     1.337991e+02   7.499741e-06  -6.613593e-06   0.000000e+00   4.155796e-05   4.712747e-05   0.000000e+00
0     1.338991e+02   0.000000e+00   0.000000e+00   0.000000e+00   0.000000e+00   0.000000e+00   0.000000e+00
1     1.338991e+02   9.954393e-06  -9.457669e-07   0.000000e+00   5.942625e-06   6.255237e-05   0.000000e+00
0     1.339990e+02   0.000000e+00   0.000000e+00   0.000000e+00   0.000000e+00   0.000000e+00   0.000000e+00
1     1.339990e+02   8.610920e-06   5.082913e-06   0.000000e+00  -3.194060e-05   5.411035e-05   0.000000e+00
0     1.340989e+02   0.000000e+00   0.000000e+00   0.000000e+00   0.000000e+00   0.000000e+00   0.000000e+00
1     1.340989e+02   3.981907e-06   9.172181e-06   0.000000e+00  -5.763674e-05   2.502232e-05   0.000000e+00
0     1.341989e+02   0.000000e+00   0.000000e+00   0.000000e+00   0.000000e+00   0.000000e+00   0.000000e+00
1     1.341989e+02  -2.166415e-06   9.761787e-06   0.000000e+00  -6.134131e-05  -1.361254e-05   0.000000e+00
0     1.342988e+02   0.000000e+00   0.000000e+00   0.000000e+00   0.000000e+00   0.000000e+00   0.000000e+00
1     1.342988e+02  -7.488161e-06   6.626834e-06   0.000000e+00  -4.164161e-05  -4.705283e-05   0.000000e+00
0     1.343987e+02   0.000000e+00   0.000000e+00   0.000000e+00   0.000000e+00   0.000000e+00   0.000000e+00
1     1.343987e+02  -9.952912e-06   9.634982e-07   0.000000e+00  -6.054718e-06  -6.254024e-05   0.000000e+00
0     1.344987e+02   0.000000e+00   0.000000e+00   0.000000e+00   0.000000e+00   0.000000e+00   0.000000e+00
1     1.344987e+02  -8.620338e-06  -5.067445e-06   0.000000e+00   3.184176e-05  -5.416664e-05   0.000000e+00
0     1.345986e+02   0.000000e+00   0.000000e+00   0.000000e+00   0.000000e+00   0.000000e+00   0.000000e+00
1     1.345986e+02  -3.998877e-06  -9.165023e-06   0.000000e+00   5.758976e-05  -2.512696e-05   0.000000e+00
0     1.346985e+02   0.000000e+00   0.000000e+00   0.000000e+00   0.000000e+00   0.000000e+00   0.000000e+00
1     1.346985e+02   2.148269e-06  -9.765871e-06   0.000000e+00   6.136572e-05   1.349989e-05   0.000000e+00
0     1.347985e+02   0.000000e+00   0.000000e+00   0.000000e+00   0.000000e+00   0.000000e+00   0.000000e+00
1     1.347985e+02   7.475762e-06  -6.640679e-06   0.000000e+00   4.172819e-05   4.697682e-05   0.000000e+00
0     1.348984e+02   0.000000e+00   0.000000e+00   0.000000e+00   0.000000e+00   0.000000e+00   0.000000e+00
1     1.348984e+02   9.950902e-06  -9.817695e-07   0.000000e+00   6.168863e-06   6.253048e-05   0.000000e+00
0     1.349983e+02   0.000000e+00   0.000000e+00   0.000000e+00   0.000000e+00   0.000000e+00   0.000000e+00
1     1.349983e+02   8.629245e-06   5.051731e-06   0.000000e+00  -3.174469e-05   5.422554e-05   0.000000e+00
0     1.350983e+02   0.000000e+00   0.000000e+00   0.000000e+00   0.000000e+00   0.000000e+00   0.000000e+00
1     1.350983e+02   4.015052e-06   9.157716e-06   0.000000e+00  -5.754588e-05   2.523061e-05   0.000000e+00
0     1.351999e+02   0.000000e+00   0.000000e+00   0.000000e+00   0.000000e+00   0.000000e+00   0.000000e+00
1     1.351999e+02  -2.238598e-06   9.745484e-06   0.000000e+00  -6.123889e-05  -1.406613e-05   0.000000e+00
0     1.352999e+02   0.000000e+00   0.000000e+00   0.000000e+00   0.000000e+00   0.000000e+00   0.000000e+00
1     1.352999e+02  -7.536999e-06   6.571231e-06   0.000000e+00  -4.129224e-05  -4.735973e-05   0.000000e+00
0     1.353998e+02   0.000000e+00   0.000000e+00   0.000000e+00   0.000000e+00   0.000000e+00   0.000000e+00
1     1.353998e+02  -9.959766e-06   8.898077e-07   0.000000e+00  -5.591673e-06  -6.258335e-05   0.000000e+00
0     1.354997e+02   0.000000e+00   0.000000e+00   0.000000e+00   0.000000e+00   0.000000e+00   0.000000e+00
1     1.354997e+02  -8.582591e-06  -5.131108e-06   0.000000e+00   3.224182e-05  -5.392949e-05   0.000000e+00
0     1.355997e+02   0.000000e+00   0.000000e+00   0.000000e+00   0.000000e+00   0.000000e+00   0.000000e+00
1     1.355997e+02  -3.930926e-06  -9.194367e-06   0.000000e+00   5.777419e-05  -2.470000e-05   0.000000e+00
0     1.356996e+02   0.000000e+00   0.000000e+00   0.000000e+00   0.000000e+00   0.000000e+00   0.000000e+00
1     1.356996e+02   2.220501e-06  -9.749696e-06   0.000000e+00   6.126413e-05   1.395379e-05   0.000000e+00
0     1.357995e+02   0.000000e+00   0.000000e+00   0.000000e+00   0.000000e+00   0.000000e+00   0.000000e+00
1     1.357995e+02   7.524715e-06  -6.585150e-06   0.000000e+00   4.137929e-05   4.728447e-05   0.000000e+00
0     1.358995e+02   0.000000e+00   0.000000e+00   0.000000e+00   0.000000e+00   0.000000e+00   0.000000e+00
1     1.358995e+02   9.957893e-06  -9.080697e-07   0.000000e+00   5.705750e-06   6.257445e-05   0.000000e+00
0     1.359994e+02   0.000000e+00   0.000000e+00   0.000000e+00   0.000000e+00   0.000000e+00   0.000000e+00
1     1.359994e+02   8.591601e-06   5.115482e-06   0.000000e+00  -3.214530e-05   5.398903e-05   0.000000e+00
0     1.360993e+02   0.000000e+00   0.000000e+00   0.000000e+00   0.000000e+00   0.000000e+00   0.000000e+00
1     1.360993e+02   3.947133e-06   9.187191e-06   0.000000e+00  -5.773113e-05   2.480384e-05   0.000000e+00
0     1.361993e+02   0.000000e+00   0.000000e+00   0.000000e+00   0.000000e+00   0.000000e+00   0.000000e+00
1     1.361993e+02  -2.203381e-06   9.753502e-06   0.000000e+00  -6.128932e-05  -1.384484e-05   0.000000e+00
0     1.362992e+02   0.000000e+00   0.000000e+00   0.000000e+00   0.000000e+00   0.000000e+00   0.000000e+00
1     1.362992e+02  -7.513213e-06   6.598405e-06   0.000000e+00  -4.146303e-05  -4.721030e-05   0.000000e+00
0     1.363991e+02   0.000000e+00   0.000000e+00   0.000000e+00   0.000000e+00   0.000000e+00   0.000000e+00
1     1.363991e+02  -9.956484e-06   9.257678e-07   0.000000e+00  -5.817640e-06  -6.256276e-05   0.000000e+00
0     1.364991e+02   0.000000e+00   0.000000e+00   0.000000e+00   0.000000e+00   0.000000e+00   0.000000e+00
1     1.364991e+02  -8.601059e-06  -5.100083e-06   0.000000e+00   3.204689e-05  -5.404556e-05   0.000000e+00
0     1.365990e+02   0.000000e+00   0.000000e+00   0.000000e+00   0.000000e+00   0.000000e+00   0.000000e+00
1     1.365990e+02  -3.964093e-06  -9.180112e-06   0.000000e+00   5.768465e-05  -2.490843e-05   0.000000e+00
0     1.366989e+02   0.000000e+00   0.000000e+00   0.000000e+00   0.000000e+00   0.000000e+00   0.000000e+00
1     1.366989e+02   2.185290e-06  -9.757644e-06   0.000000e+00   6.131411e-05   1.373254e-05   0.000000e+00
0     1.367989e+02   0.000000e+00   0.000000e+00   0.000000e+00   0.000000e+00   0.000000e+00   0.000000e+00
1     1.367989e+02   7.500893e-06  -6.612266e-06   0.000000e+00   4.154971e-05   4.713480e-05   0.000000e+00
0     1.368988e+02   0.000000e+00   0.000000e+00   0.000000e+00   0.000000e+00   0.000000e+00   0.000000e+00
1     1.368988e+02   9.954547e-06  -9.440044e-07   0.000000e+00   5.931561e-06   6.255346e-05   0.000000e+00
0     1.369987e+02   0.000000e+00   0.000000e+00   0.000000e+00   0.000000e+00   0.000000e+00   0.000000e+00
1     1.369987e+02   8.610003e-06   5.084440e-06   0.000000e+00  -3.195026e-05   5.410470e-05   0.000000e+00
0     1.370987e+02   0.000000e+00   0.000000e+00   0.000000e+00   0.000000e+00   0.000000e+00   0.000000e+00
1     1.370987e+02   3.980257e-06   9.172883e-06   0.000000e+00  -5.764127e-05   2.501200e-05   0.000000e+00
0     1.371986e+02   0.000000e+00   0.000000e+00   0.000000e+00   0.000000e+00   0.000000e+00   0.000000e+00
1     1.371986e+02  -2.168175e-06   9.761383e-06   0.000000e+00  -6.133889e-05  -1.362363e-05   0.000000e+00
0     1.372985e+02   0.000000e+00   0.000000e+00   0.000000e+00   0.000000e+00   0.000000e+00   0.000000e+00
1     1.372985e+02  -7.489357e-06   6.625463e-06   0.000000e+00  -4.163308e-05  -4.706043e-05   0.000000e+00
0     1.373985e+02   0.000000e+00   0.000000e+00   0.000000e+00   0.000000e+00   0.000000e+00   0.000000e+00
1     1.373985e+02  -9.953075e-06   9.616751e-07   0.000000e+00  -6.043274e-06  -6.254138e-05   0.000000e+00
0     1.374984e+02   0.000000e+00   0.000000e+00   0.000000e+00   0.000000e+00   0.000000e+00   0.000000e+00
1     1.374984e+02  -8.619393e-06  -5.069027e-06   0.000000e+00   3.185176e-05  -5.416081e-05   0.000000e+00
0     1.375983e+02   0.000000e+00   0.000000e+00   0.000000e+00   0.000000e+00   0.000000e+00   0.000000e+00
1     1.375983e+02  -3.997172e-06  -9.165753e-06   0.000000e+00   5.759446e-05  -2.511630e-05   0.000000e+00
0     1.376983e+02   0.000000e+00   0.000000e+00   0.000000e+00   0.000000e+00   0.000000e+00   0.000000e+00
1     1.376983e+02   2.150090e-06  -9.765457e-06   0.000000e+00   6.136324e-05   1.351136e-05   0.000000e+00
0     1.378000e+02   0.000000e+00   0.000000e+00   0.000000e+00   0.000000e+00   0.000000e+00   0.000000e+00
1     1.378000e+02   7.549688e-06  -6.556490e-06   0.000000e+00   4.119925e-05   4.744146e-05   0.000000e+00
0     1.378999e+02   0.000000e+00   0.000000e+00   0.000000e+00   0.000000e+00   0.000000e+00   0.000000e+00
1     1.378999e+02   9.961265e-06  -8.701971e-07   0.000000e+00   5.467772e-06   6.259573e-05   0.000000e+00
0     1.379998e+02   0.000000e+00   0.000000e+00   0.000000e+00   0.000000e+00   0.000000e+00   0.000000e+00
1     1.379998e+02   8.572076e-06   5.148118e-06   0.000000e+00  -3.235042e-05   5.386640e-05   0.000000e+00
0     1.380998e+02   0.000000e+00   0.000000e+00   0.000000e+00   0.000000e+00   0.000000e+00   0.000000e+00
1     1.380998e+02   3.912151e-06   9.202132e-06   0.000000e+00  -5.782509e-05   2.458405e-05   0.000000e+00
0     1.381997e+02   0.000000e+00   0.000000e+00   0.000000e+00   0.000000e+00   0.000000e+00   0.000000e+00
1     1.381997e+02  -2.240475e-06   9.745039e-06   0.000000e+00  -6.123622e-05  -1.407795e-05   0.000000e+00
0     1.382996e+02   0.000000e+00   0.000000e+00   0.000000e+00   0.000000e+00   0.000000e+00   0.000000e+00
1     1.382996e+02  -7.538264e-06   6.569759e-06   0.000000e+00  -4.128307e-05  -4.736778e-05   0.000000e+00
0     1.383996e+02   0.000000e+00   0.000000e+00   0.000000e+00   0.000000e+00   0.000000e+00   0.000000e+00
1     1.383996e+02  -9.959927e-06   8.878613e-07   0.000000e+00  -5.579454e-06  -6.258448e-05   0.000000e+00
0     1.384995e+02   0.000000e+00   0.000000e+00   0.000000e+00   0.000000e+00   0.000000e+00   0.000000e+00
1     1.384995e+02  -8.581571e-06  -5.132788e-06   0.000000e+00   3.225244e-05  -5.392318e-05   0.000000e+00
0     1.385994e+02   0.000000e+00   0.000000e+00   0.000000e+00   0.000000e+00   0.000000e+00   0.000000e+00
1     1.385994e+02  -3.929102e-06  -9.195133e-06   0.000000e+00   5.777911e-05  -2.468859e-05   0.000000e+00
0     1.386994e+02   0.000000e+00   0.000000e+00   0.000000e+00   0.000000e+00   0.000000e+00   0.000000e+00
1     1.386994e+02   2.222439e-06  -9.749241e-06   0.000000e+00   6.126139e-05   1.396599e-05   0.000000e+00
0     1.387993e+02   0.000000e+00   0.000000e+00   0.000000e+00   0.000000e+00   0.000000e+00   0.000000e+00
1     1.387993e+02   7.526023e-06  -6.583635e-06   0.000000e+00   4.136985e-05   4.729278e-05   0.000000e+00
0     1.388992e+02   0.000000e+00   0.000000e+00   0.000000e+00   0.000000e+00   0.000000e+00   0.000000e+00
1     1.388992e+02   9.958063e-06  -9.060628e-07   0.000000e+00   5.693150e-06   6.257564e-05   0.000000e+00
0     1.389992e+02   0.000000e+00   0.000000e+00   0.000000e+00   0.000000e+00   0.000000e+00   0.000000e+00
1     1.389992e+02   8.590553e-06   5.117216e-06   0.000000e+00  -3.215627e-05   5.398255e-05   0.000000e+00
0     1.390991e+02   0.000000e+00   0.000000e+00   0.000000e+00   0.000000e+00   0.000000e+00   0.000000e+00
1     1.390991e+02   3.945254e-06   9.187983e-06   0.000000e+00  -5.773622e-05   2.479208e-05   0.000000e+00
0     1.391990e+02   0.000000e+00   0.000000e+00   0.000000e+00   0.000000e+00   0.000000e+00   0.000000e+00
1     1.391990e+02  -2.205379e-06   9.753037e-06   0.000000e+00  -6.128652e-05  -1.385742e-05   0.000000e+00
0     1.392990e+02   0.000000e+00   0.000000e+00   0.000000e+00   0.000000e+00   0.000000e+00   0.000000e+00
1     1.392990e+02  -7.514564e-06   6.596847e-06   0.000000e+00  -4.145331e-05  -4.721889e-05   0.000000e+00
0     1.393989e+02   0.000000e+00   0.000000e+00   0.000000e+00   0.000000e+00   0.000000e+00   0.000000e+00
1     1.393989e+02  -9.956663e-06   9.237003e-07   0.000000e+00  -5.804659e-06  -6.256401e-05   0.000000e+00
0     1.394988e+02   0.000000e+00   0.000000e+00   0.000000e+00   0.000000e+00   0.000000e+00   0.000000e+00
1     1.394988e+02  -8.599983e-06  -5.101872e-06   0.000000e+00   3.205819e-05  -5.403891e-05   0.000000e+00
0     1.395988e+02   0.000000e+00   0.000000e+00   0.000000e+00   0.000000e+00   0.000000e+00   0.000000e+00
1     1.395988e+02  -3.962160e-06  -9.180932e-06   0.000000e+00   5.768992e-05  -2.489633e-05   0.000000e+00
0     1.396987e+02   0.000000e+00   0.000000e+00   0.000000e+00   0.000000e+00   0.000000e+00   0.000000e+00
1     1.396987e+02   2.187348e-06  -9.757170e-06   0.000000e+00   6.131125e-05   1.374550e-05   0.000000e+00
0     1.397986e+02   0.000000e+00   0.000000e+00   0.000000e+00   0.000000e+00   0.000000e+00   0.000000e+00
1     1.397986e+02   7.502288e-06  -6.610664e-06   0.000000e+00   4.153972e-05   4.714366e-05   0.000000e+00
0     1.398986e+02   0.000000e+00   0.000000e+00   0.000000e+00   0.000000e+00   0.000000e+00   0.000000e+00
1     1.398986e+02   9.954735e-06  -9.418764e-07   0.000000e+00   5.918200e-06   6.255477e-05   0.000000e+00
0     1.399985e+02   0.000000e+00   0.000000e+00   0.000000e+00   0.000000e+00   0.000000e+00   0.000000e+00
1     1.399985e+02   8.608899e-06   5.086284e-06   0.000000e+00  -3.196191e-05   5.409787e-05   0.000000e+00
0     1.400984e+02   0.000000e+00   0.000000e+00   0.000000e+00   0.000000e+00   0.000000e+00   0.000000e+00
1     1.400984e+02   3.978269e-06   9.173731e-06   0.000000e+00  -5.764671e-05   2.499956e-05   0.000000e+00
0     1.401984e+02   0.000000e+00   0.000000e+00   0.000000e+00   0.000000e+00   0.000000e+00   0.000000e+00
1     1.401984e+02  -2.170293e-06   9.760899e-06   0.000000e+00  -6.133596e-05  -1.363696e-05   0.000000e+00
0     1.402983e+02   0.000000e+00   0.000000e+00   0.000000e+00   0.000000e+00   0.000000e+00   0.000000e+00
1     1.402983e+02  -7.490795e-06   6.623818e-06   0.000000e+00  -4.162282e-05  -4.706956e-05   0.000000e+00
0     1.404000e+02   0.000000e+00   0.000000e+00   0.000000e+00   0.000000e+00   0.000000e+00   0.000000e+00
1     1.404000e+02  -9.963240e-06   8.497797e-07   0.000000e+00  -5.340167e-06  -6.260538e-05   0.000000e+00
0     1.404999e+02   0.000000e+00   0.000000e+00   0.000000e+00   0.000000e+00   0.000000e+00   0.000000e+00
1     1.404999e+02  -8.561876e-06  -5.165558e-06   0.000000e+00   3.245840e-05  -5.379949e-05   0.000000e+00
0     1.405999e+02   0.000000e+00   0.000000e+00   0.000000e+00   0.000000e+00   0.000000e+00   0.000000e+00
1     1.405999e+02  -3.893904e-06  -9.210084e-06   0.000000e+00   5.787314e-05  -2.446744e-05   0.000000e+00
0     1.406998e+02   0.000000e+00   0.000000e+00   0.000000e+00   0.000000e+00   0.000000e+00   0.000000e+00
1     1.406998e+02   2.259714e-06  -9.740659e-06   0.000000e+00   6.120755e-05   1.420024e-05   0.000000e+00
0     1.407997e+02   0.000000e+00   0.000000e+00   0.000000e+00   0.000000e+00   0.000000e+00   0.000000e+00
1     1.407997e+02   7.551152e-06  -6.554785e-06   0.000000e+00   4.118862e-05   4.745074e-05   0.000000e+00
0     1.408997e+02   0.000000e+00   0.000000e+00   0.000000e+00   0.000000e+00   0.000000e+00   0.000000e+00
1     1.408997e+02   9.961449e-06  -8.679455e-07   0.000000e+00   5.453634e-06   6.259700e-05   0.000000e+00
0     1.409996e+02   0.000000e+00   0.000000e+00   0.000000e+00   0.000000e+00   0.000000e+00   0.000000e+00
1     1.409996e+02   8.570895e-06   5.150058e-06   0.000000e+00  -3.236268e-05   5.385909e-05   0.000000e+00
0     1.410995e+02   0.000000e+00   0.000000e+00   0.000000e+00   0.000000e+00   0.000000e+00   0.000000e+00
1     1.410995e+02   3.910044e-06   9.203013e-06   0.000000e+00  -5.783074e-05   2.457086e-05   0.000000e+00
0     1.411995e+02   0.000000e+00   0.000000e+00   0.000000e+00   0.000000e+00   0.000000e+00   0.000000e+00
1     1.411995e+02  -2.242709e-06   9.744512e-06   0.000000e+00  -6.123302e-05  -1.409202e-05   0.000000e+00
0     1.412994e+02   0.000000e+00   0.000000e+00   0.000000e+00   0.000000e+00   0.000000e+00   0.000000e+00
1     1.412994e+02  -7.539770e-06   6.568011e-06   0.000000e+00  -4.127217e-05  -4.737733e-05   0.000000e+00
0     1.413993e+02   0.000000e+00   0.000000e+00   0.000000e+00   0.000000e+00   0.000000e+00   0.000000e+00
1     1.413993e+02  -9.960120e-06   8.855493e-07   0.000000e+00  -5.564937e-06  -6.258581e-05   0.000000e+00
0     1.414993e+02   0.000000e+00   0.000000e+00   0.000000e+00   0.000000e+00   0.000000e+00   0.000000e+00
1     1.414993e+02  -8.580363e-06  -5.134783e-06   0.000000e+00   3.226504e-05  -5.391569e-05   0.000000e+00
0     1.415992e+02   0.000000e+00   0.000000e+00   0.000000e+00   0.000000e+00   0.000000e+00   0.000000e+00
1     1.415992e+02  -3.926941e-06  -9.196042e-06   0.000000e+00   5.778494e-05  -2.467505e-05   0.000000e+00
0     1.416991e+02   0.000000e+00   0.000000e+00   0.000000e+00   0.000000e+00   0.000000e+00   0.000000e+00
1     1.416991e+02   2.224734e-06  -9.748704e-06   0.000000e+00   6.125813e-05   1.398044e-05   0.000000e+00
0     1.417991e+02   0.000000e+00   0.000000e+00   0.000000e+00   0.000000e+00   0.000000e+00   0.000000e+00
1     1.417991e+02   7.527573e-06  -6.581843e-06   0.000000e+00   4.135867e-05   4.730261e-05   0.000000e+00
0     1.418990e+02   0.000000e+00   0.000000e+00   0.000000e+00   0.000000e+00   0.000000e+00   0.000000e+00
1     1.418990e+02   9.958266e-06  -9.036902e-07   0.000000e+00   5.678252e-06   6.257704e-05   0.000000e+00
0     1.419989e+02   0.000000e+00   0.000000e+00   0.000000e+00   0.000000e+00   0.000000e+00   0.000000e+00
1     1.419989e+02   8.589317e-06   5.119266e-06   0.000000e+00  -3.216921e-05   5.397489e-05   0.000000e+00
0     1.420989e+02   0.000000e+00   0.000000e+00   0.000000e+00   0.000000e+00   0.000000e+00   0.000000e+00
1     1.420989e+02   3.943039e-06   9.188920e-06   0.000000e+00  -5.774223e-05   2.477820e-05   0.000000e+00
0     1.421988e+02   0.000000e+00   0.000000e+00   0.000000e+00   0.000000e+00   0.000000e+00   0.000000e+00
1     1.421988e+02  -2.207734e-06   9.752491e-06   0.000000e+00  -6.128320e-05  -1.387225e-05   0.000000e+00
0     1.422987e+02   0.000000e+00   0.000000e+00   0.000000e+00   0.000000e+00   0.000000e+00   0.000000e+00
1     1.422987e+02  -7.516158e-06   6.595011e-06   0.000000e+00  -4.144186e-05  -4.722899e-05   0.000000e+00
0     1.423987e+02   0.000000e+00   0.000000e+00   0.000000e+00   0.000000e+00   0.000000e+00   0.000000e+00
1     1.423987e+02  -9.956875e-06   9.212672e-07   0.000000e+00  -5.789382e-06  -6.256546e-05   0.000000e+00
0     1.424986e+02   0.000000e+00   0.000000e+00   0.000000e+00   0.000000e+00   0.000000e+00   0.000000e+00
1     1.424986e+02  -8.598719e-06  -5.103976e-06   0.000000e+00   3.207148e-05  -5.403107e-05   0.000000e+00
0     1.425985e+02   0.000000e+00   0.000000e+00   0.000000e+00   0.000000e+00   0.000000e+00   0.000000e+00
1     1.425985e+02  -3.959890e-06  -9.181897e-06   0.000000e+00   5.769610e-05  -2.488211e-05   0.000000e+00
0     1.426985e+02   0.000000e+00   0.000000e+00   0.000000e+00   0.000000e+00   0.000000e+00   0.000000e+00
1     1.426985e+02   2.189764e-06  -9.756614e-06   0.000000e+00   6.130788e-05   1.376070e-05   0.000000e+00
0     1.427984e+02   0.000000e+00   0.000000e+00   0.000000e+00   0.000000e+00   0.000000e+00   0.000000e+00
1     1.427984e+02   7.503925e-06  -6.608786e-06   0.000000e+00   4.152800e-05   4.715404e-05   0.000000e+00
0     1.428983e+02   0.000000e+00   0.000000e+00   0.000000e+00   0.000000e+00   0.000000e+00   0.000000e+00
1     1.428983e+02   9.954958e-06  -9.393826e-07   0.000000e+00   5.902542e-06   6.255629e-05   0.000000e+00
0     1.429983e+02   0.000000e+00   0.000000e+00   0.000000e+00   0.000000e+00   0.000000e+00   0.000000e+00
1     1.429983e+02   8.607608e-06   5.088443e-06   0.000000e+00  -3.197554e-05   5.408986e-05   0.000000e+00
0     1.430999e+02   0.000000e+00   0.000000e+00   0.000000e+00   0.000000e+00   0.000000e+00   0.000000e+00
1     1.430999e+02   3.874627e-06   9.217971e-06   0.000000e+00  -5.792481e-05   2.434833e-05   0.000000e+00
0     1.431999e+02   0.000000e+00   0.000000e+00   0.000000e+00   0.000000e+00   0.000000e+00   0.000000e+00
1     1.431999e+02  -2.280166e-06   9.735807e-06   0.000000e+00  -6.117840e-05  -1.432740e-05   0.000000e+00
0     1.432998e+02   0.000000e+00   0.000000e+00   0.000000e+00   0.000000e+00   0.000000e+00   0.000000e+00
1     1.432998e+02  -7.564972e-06   6.538955e-06   0.000000e+00  -4.108964e-05  -4.753575e-05   0.000000e+00
0     1.433997e+02   0.000000e+00   0.000000e+00   0.000000e+00   0.000000e+00   0.000000e+00   0.000000e+00
1     1.433997e+02  -9.963445e-06   8.472229e-07   0.000000e+00  -5.324112e-06  -6.260678e-05   0.000000e+00
0     1.434997e+02   0.000000e+00   0.000000e+00   0.000000e+00   0.000000e+00   0.000000e+00   0.000000e+00
1     1.434997e+02  -8.560533e-06  -5.167758e-06   0.000000e+00   3.247229e-05  -5.379116e-05   0.000000e+00
0     1.435996e+02   0.000000e+00   0.000000e+00   0.000000e+00   0.000000e+00   0.000000e+00   0.000000e+00
1     1.435996e+02  -3.891514e-06  -9.211080e-06   0.000000e+00   5.787951e-05  -2.445247e-05   0.000000e+00
0     1.436995e+02   0.000000e+00   0.000000e+00   0.000000e+00   0.000000e+00   0.000000e+00   0.000000e+00
1     1.436995e+02   2.262246e-06  -9.740058e-06   0.000000e+00   6.120389e-05   1.421617e-05   0.000000e+00
0     1.437995e+02   0.000000e+00   0.000000e+00   0.000000e+00   0.000000e+00   0.000000e+00   0.000000e+00
1     1.437995e+02   7.552855e-06  -6.552802e-06   0.000000e+00   4.117624e-05   4.746154e-05   0.000000e+00
0     1.438994e+02   0.000000e+00   0.000000e+00   0.000000e+00   0.000000e+00   0.000000e+00   0.000000e+00
1     1.438994e+02   9.961663e-06  -8.653281e-07   0.000000e+00   5.437197e-06   6.259847e-05   0.000000e+00
0     1.439993e+02   0.000000e+00   0.000000e+00   0.000000e+00   0.000000e+00   0.000000e+00   0.000000e+00
1     1.439993e+02   8.569525e-06   5.152313e-06   0.000000e+00  -3.237691e-05   5.385058e-05   0.000000e+00
0     1.440993e+02   0.000000e+00   0.000000e+00   0.000000e+00   0.000000e+00   0.000000e+00   0.000000e+00
1     1.440993e+02   3.907599e-06   9.204038e-06   0.000000e+00  -5.783729e-05   2.455554e-05   0.000000e+00
0     1.441992e+02   0.000000e+00   0.000000e+00   0.000000e+00   0.000000e+00   0.000000e+00   0.000000e+00
1     1.441992e+02  -2.245301e-06   9.743902e-06   0.000000e+00  -6.122931e-05  -1.410833e-05   0.000000e+00
0     1.442991e+02   0.000000e+00   0.000000e+00   0.000000e+00   0.000000e+00   0.000000e+00   0.000000e+00
1     1.442991e+02  -7.541517e-06   6.565985e-06   0.000000e+00  -4.125951e-05  -4.738840e-05   0.000000e+00
0     1.443991e+02   0.000000e+00   0.000000e+00   0.000000e+00   0.000000e+00   0.000000e+00   0.000000e+00
1     1.443991e+02  -9.960345e-06   8.828713e-07   0.000000e+00  -5.548120e-06  -6.258735e-05   0.000000e+00
0     1.444990e+02   0.000000e+00   0.000000e+00   0.000000e+00   0.000000e+00   0.000000e+00   0.000000e+00
1     1.444990e+02  -8.578965e-06  -5.137093e-06   0.000000e+00   3.227962e-05  -5.390702e-05   0.000000e+00
0     1.445989e+02   0.000000e+00   0.000000e+00   0.000000e+00   0.000000e+00   0.000000e+00   0.000000e+00
1     1.445989e+02  -3.924441e-06  -9.197094e-06   0.000000e+00   5.779167e-05  -2.465940e-05   0.000000e+00
0     1.446989e+02   0.000000e+00   0.000000e+00   0.000000e+00   0.000000e+00   0.000000e+00   0.000000e+00
1     1.446989e+02   2.227387e-06  -9.748085e-06   0.000000e+00   6.125436e-05   1.399713e-05   0.000000e+00
0     1.447988e+02   0.000000e+00   0.000000e+00   0.000000e+00   0.000000e+00   0.000000e+00   0.000000e+00
1     1.447988e+02   7.529364e-06  -6.579774e-06   0.000000e+00   4.134575e-05   4.731396e-05   0.000000e+00
0     1.448987e+02   0.000000e+00   0.000000e+00   0.000000e+00   0.000000e+00   0.000000e+00   0.000000e+00
1     1.448987e+02   9.958501e-06  -9.009515e-07   0.000000e+00   5.661053e-06   6.257864e-05   0.000000e+00
0     1.449987e+02   0.000000e+00   0.000000e+00   0.000000e+00   0.000000e+00   0.000000e+00   0.000000e+00
1     1.449987e+02   8.587892e-06   5.121631e-06   0.000000e+00  -3.218413e-05   5.396604e-05   0.000000e+00
0     1.450986e+02   0.000000e+00   0.000000e+00   0.000000e+00   0.000000e+00   0.000000e+00   0.000000e+00
1     1.450986e+02   3.940485e-06   9.190002e-06   0.000000e+00  -5.774913e-05   2.476220e-05   0.000000e+00
0     1.451985e+02   0.000000e+00   0.000000e+00   0.000000e+00   0.000000e+00   0.000000e+00   0.000000e+00
1     1.451985e+02  -2.210448e-06   9.751863e-06   0.000000e+00  -6.127937e-05  -1.388933e-05   0.000000e+00
0     1.452985e+02   0.000000e+00   0.000000e+00   0.000000e+00   0.000000e+00   0.000000e+00   0.000000e+00
1     1.452985e+02  -7.517993e-06   6.592900e-06   0.000000e+00  -4.142867e-05  -4.724061e-05   0.000000e+00
0     1.453984e+02   0.000000e+00   0.000000e+00   0.000000e+00   0.000000e+00   0.000000e+00   0.000000e+00
1     1.453984e+02  -9.957121e-06   9.184680e-07   0.000000e+00  -5.771803e-06  -6.256713e-05   0.000000e+00
0     1.454983e+02   0.000000e+00   0.000000e+00   0.000000e+00   0.000000e+00   0.000000e+00   0.000000e+00
1     1.454983e+02  -8.597267e-06  -5.106396e-06   0.000000e+00   3.208675e-05  -5.402205e-05   0.000000e+00
0     1.455983e+02   0.000000e+00   0.000000e+00   0.000000e+00   0.000000e+00   0.000000e+00   0.000000e+00
1     1.455983e+02  -3.957282e-06  -9.183007e-06   0.000000e+00   5.770318e-05  -2.486577e-05   0.000000e+00
0     1.457000e+02   0.000000e+00   0.000000e+00   0.000000e+00   0.000000e+00   0.000000e+00   0.000000e+00
1     1.457000e+02   2.299883e-06  -9.731230e-06   0.000000e+00   6.114850e-05   1.445269e-05   0.000000e+00
0     1.457999e+02   0.000000e+00   0.000000e+00   0.000000e+00   0.000000e+00   0.000000e+00   0.000000e+00
1     1.457999e+02   7.578131e-06  -6.523540e-06   0.000000e+00   4.099242e-05   4.762044e-05   0.000000e+00
0     1.458998e+02   0.000000e+00   0.000000e+00   0.000000e+00   0.000000e+00   0.000000e+00   0.000000e+00
1     1.458998e+02   9.964927e-06  -8.267906e-07   0.000000e+00   5.195039e-06   6.261906e-05   0.000000e+00
0     1.459998e+02   0.000000e+00   0.000000e+00   0.000000e+00   0.000000e+00   0.000000e+00   0.000000e+00
1     1.459998e+02   8.549521e-06   5.185422e-06   0.000000e+00  -3.258501e-05   5.372495e-05   0.000000e+00
0     1.460997e+02   0.000000e+00   0.000000e+00   0.000000e+00   0.000000e+00   0.000000e+00   0.000000e+00
1     1.460997e+02   3.871952e-06   9.219081e-06   0.000000e+00  -5.793190e-05   2.433157e-05   0.000000e+00
0     1.461996e+02   0.000000e+00   0.000000e+00   0.000000e+00   0.000000e+00   0.000000e+00   0.000000e+00
1     1.461996e+02  -2.282994e-06   9.735131e-06   0.000000e+00  -6.117427e-05  -1.434521e-05   0.000000e+00
0     1.462996e+02   0.000000e+00   0.000000e+00   0.000000e+00   0.000000e+00   0.000000e+00   0.000000e+00
1     1.462996e+02  -7.566872e-06   6.536737e-06   0.000000e+00  -4.107578e-05  -4.754778e-05   0.000000e+00
0     1.463995e+02   0.000000e+00   0.000000e+00   0.000000e+00   0.000000e+00   0.000000e+00   0.000000e+00
1     1.463995e+02  -9.963680e-06   8.442999e-07   0.000000e+00  -5.305754e-06  -6.260838e-05   0.000000e+00
0     1.464994e+02   0.000000e+00   0.000000e+00   0.000000e+00   0.000000e+00   0.000000e+00   0.000000e+00
1     1.464994e+02  -8.559000e-06  -5.170272e-06   0.000000e+00   3.248815e-05  -5.378163e-05   0.000000e+00
0     1.465994e+02   0.000000e+00   0.000000e+00   0.000000e+00   0.000000e+00   0.000000e+00   0.000000e+00
1     1.465994e+02  -3.888785e-06  -9.212218e-06   0.000000e+00   5.788678e-05  -2.443537e-05   0.000000e+00
0     1.466993e+02   0.000000e+00   0.000000e+00   0.000000e+00   0.000000e+00   0.000000e+00   0.000000e+00
1     1.466993e+02   2.265135e-06  -9.739373e-06   0.000000e+00   6.119970e-05   1.423435e-05   0.000000e+00
0     1.467992e+02   0.000000e+00   0.000000e+00   0.000000e+00   0.000000e+00   0.000000e+00   0.000000e+00
1     1.467992e+02   7.554799e-06  -6.550541e-06   0.000000e+00   4.116211e-05   4.747385e-05   0.000000e+00
0     1.468992e+02   0.000000e+00   0.000000e+00   0.000000e+00   0.000000e+00   0.000000e+00   0.000000e+00
1     1.468992e+02   9.961909e-06  -8.623444e-07   0.000000e+00   5.418459e-06   6.260014e-05   0.000000e+00
0     1.469991e+02   0.000000e+00   0.000000e+00   0.000000e+00   0.000000e+00   0.000000e+00   0.000000e+00
1     1.469991e+02   8.567964e-06   5.154882e-06   0.000000e+00  -3.239312e-05   5.384088e-05   0.000000e+00
0     1.470990e+02   0.000000e+00   0.000000e+00   0.000000e+00   0.000000e+00   0.000000e+00   0.000000e+00
1     1.470990e+02   3.904816e-06   9.205205e-06   0.000000e+00  -5.784474e-05   2.453810e-05   0.000000e+00
0     1.471990e+02   0.000000e+00   0.000000e+00   0.000000e+00   0.000000e+00   0.000000e+00   0.000000e+00
1     1.471990e+02  -2.248251e-06   9.743208e-06   0.000000e+00  -6.122507e-05  -1.412690e-05   0.000000e+00
0     1.472989e+02   0.000000e+00   0.000000e+00   0.000000e+00   0.000000e+00   0.000000e+00   0.000000e+00
1     1.472989e+02  -7.543505e-06   6.563681e-06   0.000000e+00  -4.124512e-05  -4.740099e-05   0.000000e+00
0     1.473988e+02   0.000000e+00   0.000000e+00   0.000000e+00   0.000000e+00   0.000000e+00   0.000000e+00
1     1.473988e+02  -9.960601e-06   8.798272e-07   0.000000e+00  -5.529002e-06  -6.258908e-05   0.000000e+00
0     1.474988e+02   0.000000e+00   0.000000e+00   0.000000e+00   0.000000e+00   0.000000e+00   0.000000e+00
1     1.474988e+02  -8.577378e-06  -5.139717e-06   0.000000e+00   3.229617e-05  -5.389715e-05   0.000000e+00
0     1.475987e+02   0.000000e+00   0.000000e+00   0.000000e+00   0.000000e+00   0.000000e+00   0.000000e+00
1     1.475987e+02  -3.921604e-06  -9.198291e-06   0.000000e+00   5.779930e-05  -2.464161e-05   0.000000e+00
0     1.476986e+02   0.000000e+00   0.000000e+00   0.000000e+00   0.000000e+00   0.000000e+00   0.000000e+00
1     1.476986e+02   2.230398e-06  -9.747383e-06   0.000000e+00   6.125007e-05   1.401608e-05   0.000000e+00
0     1.477986e+02   0.000000e+00   0.000000e+00   0.000000e+00   0.000000e+00   0.000000e+00   0.000000e+00
1     1.477986e+02   7.531397e-06  -6.577428e-06   0.000000e+00   4.133109e-05   4.732682e-05   0.000000e+00
0     1.478985e+02   0.000000e+00   0.000000e+00   0.000000e+00   0.000000e+00   0.000000e+00   0.000000e+00
1     1.478985e+02   9.958768e-06  -8.978469e-07   0.000000e+00   5.641555e-06   6.258044e-05   0.000000e+00
0     1.479984e+02   0.000000e+00   0.000000e+00   0.000000e+00   0.000000e+00   0.000000e+00   0.000000e+00
1     1.479984e+02   8.586278e-06   5.124310e-06   0.000000e+00  -3.220103e-05   5.395600e-05   0.000000e+00
0     1.480984e+02   0.000000e+00   0.000000e+00   0.000000e+00   0.000000e+00   0.000000e+00   0.000000e+00
1     1.480984e+02   3.937593e-06   9.191227e-06   0.000000e+00  -5.775694e-05   2.474408e-05   0.000000e+00
0     1.481983e+02   0.000000e+00   0.000000e+00   0.000000e+00   0.000000e+00   0.000000e+00   0.000000e+00
1     1.481983e+02  -2.213520e-06   9.751153e-06   0.000000e+00  -6.127503e-05  -1.390866e-05   0.000000e+00
0     1.483000e+02   0.000000e+00   0.000000e+00   0.000000e+00   0.000000e+00   0.000000e+00   0.000000e+00
1     1.483000e+02  -7.592219e-06   6.507267e-06   0.000000e+00  -4.089065e-05  -4.770712e-05   0.000000e+00
0     1.483999e+02   0.000000e+00   0.000000e+00   0.000000e+00   0.000000e+00   0.000000e+00   0.000000e+00
1     1.483999e+02  -9.966879e-06   8.055528e-07   0.000000e+00  -5.062284e-06  -6.262856e-05   0.000000e+00
0     1.484999e+02   0.000000e+00   0.000000e+00   0.000000e+00   0.000000e+00   0.000000e+00   0.000000e+00
1     1.484999e+02  -8.538821e-06  -5.203514e-06   0.000000e+00   3.269707e-05  -5.365490e-05   0.000000e+00
0     1.485998e+02   0.000000e+00   0.000000e+00   0.000000e+00   0.000000e+00   0.000000e+00   0.000000e+00
1     1.485998e+02  -3.852919e-06  -9.227266e-06   0.000000e+00   5.798141e-05  -2.421003e-05   0.000000e+00
0     1.486997e+02   0.000000e+00   0.000000e+00   0.000000e+00   0.000000e+00   0.000000e+00   0.000000e+00
1     1.486997e+02   2.303007e-06  -9.730478e-06   0.000000e+00   6.114389e-05   1.447236e-05   0.000000e+00
0     1.487997e+02   0.000000e+00   0.000000e+00   0.000000e+00   0.000000e+00   0.000000e+00   0.000000e+00
1     1.487997e+02   7.580226e-06  -6.521086e-06   0.000000e+00   4.097708e-05   4.763369e-05   0.000000e+00
0     1.488996e+02   0.000000e+00   0.000000e+00   0.000000e+00   0.000000e+00   0.000000e+00   0.000000e+00
1     1.488996e+02   9.965181e-06  -8.235619e-07   0.000000e+00   5.174761e-06   6.262078e-05   0.000000e+00
0     1.489995e+02   0.000000e+00   0.000000e+00   0.000000e+00   0.000000e+00   0.000000e+00   0.000000e+00
1     1.489995e+02   8.547823e-06   5.188195e-06   0.000000e+00  -3.260250e-05   5.371439e-05   0.000000e+00
0     1.490995e+02   0.000000e+00   0.000000e+00   0.000000e+00   0.000000e+00   0.000000e+00   0.000000e+00
1     1.490995e+02   3.868939e-06   9.220332e-06   0.000000e+00  -5.793987e-05   2.431268e-05   0.000000e+00
0     1.491994e+02   0.000000e+00   0.000000e+00   0.000000e+00   0.000000e+00   0.000000e+00   0.000000e+00
1     1.491994e+02  -2.286180e-06   9.734370e-06   0.000000e+00  -6.116961e-05  -1.436525e-05   0.000000e+00
0     1.492993e+02   0.000000e+00   0.000000e+00   0.000000e+00   0.000000e+00   0.000000e+00   0.000000e+00
1     1.492993e+02  -7.569011e-06   6.534240e-06   0.000000e+00  -4.106017e-05  -4.756132e-05   0.000000e+00
0     1.493993e+02   0.000000e+00   0.000000e+00   0.000000e+00   0.000000e+00   0.000000e+00   0.000000e+00
1     1.493993e+02  -9.963945e-06   8.410108e-07   0.000000e+00  -5.285097e-06  -6.261017e-05   0.000000e+00
0     1.494992e+02   0.000000e+00   0.000000e+00   0.000000e+00   0.000000e+00   0.000000e+00   0.000000e+00
1     1.494992e+02  -8.557276e-06  -5.173100e-06   0.000000e+00   3.250598e-05  -5.377090e-05   0.000000e+00
0     1.495991e+02   0.000000e+00   0.000000e+00   0.000000e+00   0.000000e+00   0.000000e+00   0.000000e+00
1     1.495991e+02  -3.885717e-06  -9.213498e-06   0.000000e+00   5.789493e-05  -2.441614e-05   0.000000e+00
0     1.496991e+02   0.000000e+00   0.000000e+00   0.000000e+00   0.000000e+00   0.000000e+00   0.000000e+00
1     1.496991e+02   2.268381e-06  -9.738604e-06   0.000000e+00   6.119499e-05   1.425478e-05   0.000000e+00
0     1.497990e+02   0.000000e+00   0.000000e+00   0.000000e+00   0.000000e+00   0.000000e+00   0.000000e+00
1     1.497990e+02   7.556982e-06  -6.548002e-06   0.000000e+00   4.114624e-05   4.748766e-05   0.000000e+00
0     1.498989e+02   0.000000e+00   0.000000e+00   0.000000e+00   0.000000e+00   0.000000e+00   0.000000e+00
1     1.498989e+02   9.962185e-06  -8.589948e-07   0.000000e+00   5.397420e-06   6.260200e-05   0.000000e+00
0     1.499989e+02   0.000000e+00   0.000000e+00   0.000000e+00   0.000000e+00   0.000000e+00   0.000000e+00
1     1.499989e+02   8.566214e-06   5.157765e-06   0.000000e+00  -3.241130e-05   5.382999e-05   0.000000e+00
0     1.500988e+02   0.000000e+00   0.000000e+00   0.000000e+00   0.000000e+00   0.000000e+00   0.000000e+00
1     1.500988e+02   3.901694e-06   9.206514e-06   0.000000e+00  -5.785308e-05   2.451853e-05   0.000000e+00
0     1.501987e+02   0.000000e+00   0.000000e+00   0.000000e+00   0.000000e+00   0.000000e+00   0.000000e+00
1     1.501987e+02  -2.251559e-06   9.742431e-06   0.000000e+00  -6.122030e-05  -1.414771e-05   0.000000e+00
0     1.502987e+02   0.000000e+00   0.000000e+00   0.000000e+00   0.000000e+00   0.000000e+00   0.000000e+00
1     1.502987e+02  -7.545733e-06   6.561100e-06   0.000000e+00  -4.122898e-05  -4.741508e-05   0.000000e+00
0     1.503986e+02   0.000000e+00   0.000000e+00   0.000000e+00   0.000000e+00   0.000000e+00   0.000000e+00
1     1.503986e+02  -9.960888e-06   8.764171e-07   0.000000e+00  -5.507585e-06  -6.259101e-05   0.000000e+00
0     1.504985e+02   0.000000e+00   0.000000e+00   0.000000e+00   0.000000e+00   0.000000e+00   0.000000e+00
1     1.504985e+02  -8.575601e-06  -5.142656e-06   0.000000e+00   3.231470e-05  -5.388609e-05   0.000000e+00
0     1.505985e+02   0.000000e+00   0.000000e+00   0.000000e+00   0.000000e+00   0.000000e+00   0.000000e+00
1     1.505985e+02  -3.918428e-06  -9.199630e-06   0.000000e+00   5.780782e-05  -2.462171e-05   0.000000e+00
0     1.506984e+02   0.000000e+00   0.000000e+00   0.000000e+00   0.000000e+00   0.000000e+00   0.000000e+00
1     1.506984e+02   2.233766e-06  -9.746598e-06   0.000000e+00   6.124526e-05   1.403728e-05   0.000000e+00
0     1.507983e+02   0.000000e+00   0.000000e+00   0.000000e+00   0.000000e+00   0.000000e+00   0.000000e+00
1     1.507983e+02   7.533670e-06  -6.574804e-06   0.000000e+00   4.131469e-05   4.734120e-05   0.000000e+00
0     1.508983e+02   0.000000e+00   0.000000e+00   0.000000e+00   0.000000e+00   0.000000e+00   0.000000e+00
1     1.508983e+02   9.959067e-06  -8.943763e-07   0.000000e+00   5.619757e-06   6.258244e-05   0.000000e+00
0     1.509999e+02   0.000000e+00   0.000000e+00   0.000000e+00   0.000000e+00   0.000000e+00   0.000000e+00
1     1.509999e+02   8.527467e-06   5.221569e-06   0.000000e+00  -3.281226e-05   5.358654e-05   0.000000e+00
0     1.510999e+02   0.000000e+00   0.000000e+00   0.000000e+00   0.000000e+00   0.000000e+00   0.000000e+00
1     1.510999e+02   3.832851e-06   9.235383e-06   0.000000e+00  -5.803452e-05   2.408594e-05   0.000000e+00
0     1.511998e+02   0.000000e+00   0.000000e+00   0.000000e+00   0.000000e+00   0.000000e+00   0.000000e+00
1     1.511998e+02  -2.324232e-06   9.725346e-06   0.000000e+00  -6.111298e-05  -1.460439e-05   0.000000e+00
0     1.512997e+02   0.000000e+00   0.000000e+00   0.000000e+00   0.000000e+00   0.000000e+00   0.000000e+00
1     1.512997e+02  -7.594508e-06   6.504576e-06   0.000000e+00  -4.087382e-05  -4.772159e-05   0.000000e+00
0     1.513997e+02   0.000000e+00   0.000000e+00   0.000000e+00   0.000000e+00   0.000000e+00   0.000000e+00
1     1.513997e+02  -9.967151e-06   8.020184e-07   0.000000e+00  -5.040085e-06  -6.263040e-05   0.000000e+00
0     1.514996e+02   0.000000e+00   0.000000e+00   0.000000e+00   0.000000e+00   0.000000e+00   0.000000e+00
1     1.514996e+02  -8.536958e-06  -5.206544e-06   0.000000e+00   3.271618e-05  -5.364330e-05   0.000000e+00
0     1.515995e+02   0.000000e+00   0.000000e+00   0.000000e+00   0.000000e+00   0.000000e+00   0.000000e+00
1     1.515995e+02  -3.849620e-06  -9.228629e-06   0.000000e+00   5.799009e-05  -2.418935e-05   0.000000e+00
0     1.516995e+02   0.000000e+00   0.000000e+00   0.000000e+00   0.000000e+00   0.000000e+00   0.000000e+00
1     1.516995e+02   2.306489e-06  -9.729640e-06   0.000000e+00   6.113874e-05   1.449427e-05   0.000000e+00
0     1.517994e+02   0.000000e+00   0.000000e+00   0.000000e+00   0.000000e+00   0.000000e+00   0.000000e+00
1     1.517994e+02   7.582559e-06  -6.518353e-06   0.000000e+00   4.095998e-05   4.764845e-05   0.000000e+00
0     1.518993e+02   0.000000e+00   0.000000e+00   0.000000e+00   0.000000e+00   0.000000e+00   0.000000e+00
1     1.518993e+02   9.965465e-06  -8.199671e-07   0.000000e+00   5.152182e-06   6.262269e-05   0.000000e+00
0     1.519993e+02   0.000000e+00   0.000000e+00   0.000000e+00   0.000000e+00   0.000000e+00   0.000000e+00
1     1.519993e+02   8.545934e-06   5.191281e-06   0.000000e+00  -3.262195e-05   5.370262e-05   0.000000e+00
0     1.520992e+02   0.000000e+00   0.000000e+00   0.000000e+00   0.000000e+00   0.000000e+00   0.000000e+00
1     1.520992e+02   3.865586e-06   9.221724e-06   0.000000e+00  -5.794873e-05   2.429166e-05   0.000000e+00
0     1.521991e+02   0.000000e+00   0.000000e+00   0.000000e+00   0.000000e+00   0.000000e+00   0.000000e+00
1     1.521991e+02  -2.289723e-06   9.733524e-06   0.000000e+00  -6.116441e-05  -1.438754e-05   0.000000e+00
0     1.522991e+02   0.000000e+00   0.000000e+00   0.000000e+00   0.000000e+00   0.000000e+00   0.000000e+00
1     1.522991e+02  -7.571389e-06   6.531465e-06   0.000000e+00  -4.104281e-05  -4.757635e-05   0.000000e+00
0     1.523990e+02   0.000000e+00   0.000000e+00   0.000000e+00   0.000000e+00   0.000000e+00   0.000000e+00
1     1.523990e+02  -9.964240e-06   8.373556e-07   0.000000e+00  -5.262139e-06  -6.261215e-05   0.000000e+00
0     1.524989e+02   0.000000e+00   0.000000e+00   0.000000e+00   0.000000e+00   0.000000e+00   0.000000e+00
1     1.524989e+02  -8.555361e-06  -5.176241e-06   0.000000e+00   3.252579e-05  -5.375897e-05   0.000000e+00
0     1.525989e+02   0.000000e+00   0.000000e+00   0.000000e+00   0.000000e+00   0.000000e+00   0.000000e+00
1     1.525989e+02  -3.882310e-06  -9.214920e-06   0.000000e+00   5.790398e-05  -2.439478e-05   0.000000e+00
0     1.526988e+02   0.000000e+00   0.000000e+00   0.000000e+00   0.000000e+00   0.000000e+00   0.000000e+00
1     1.526988e+02   2.271985e-06  -9.737751e-06   0.000000e+00   6.118975e-05   1.427746e-05   0.000000e+00
0     1.527987e+02   0.000000e+00   0.000000e+00   0.000000e+00   0.000000e+00   0.000000e+00   0.000000e+00
1     1.527987e+02   7.559405e-06  -6.545185e-06   0.000000e+00   4.112862e-05   4.750298e-05   0.000000e+00
0     1.528987e+02   0.000000e+00   0.000000e+00   0.000000e+00   0.000000e+00   0.000000e+00   0.000000e+00
1     1.528987e+02   9.962492e-06  -8.552791e-07   0.000000e+00   5.374082e-06   6.260405e-05   0.000000e+00
0     1.529986e+02   0.000000e+00   0.000000e+00   0.000000e+00   0.000000e+00   0.000000e+00   0.000000e+00
1     1.529986e+02   8.564273e-06   5.160963e-06   0.000000e+00  -3.243146e-05   5.381789e-05   0.000000e+00
0     1.530985e+02   0.000000e+00   0.000000e+00   0.000000e+00   0.000000e+00   0.000000e+00   0.000000e+00
1     1.530985e+02   3.898234e-06   9.207966e-06   0.000000e+00  -5.786232e-05   2.449683e-05   0.000000e+00
0     1.531985e+02   0.000000e+00   0.000000e+00   0.000000e+00   0.000000e+00   0.000000e+00   0.000000e+00
1     1.531985e+02  -2.255224e-06   9.741570e-06   0.000000e+00  -6.121501e-05  -1.417077e-05   0.000000e+00
0     1.532984e+02   0.000000e+00   0.000000e+00   0.000000e+00   0.000000e+00   0.000000e+00   0.000000e+00
1     1.532984e+02  -7.548201e-06   6.558240e-06   0.000000e+00  -4.121109e-05  -4.743068e-05   0.000000e+00
0     1.533983e+02   0.000000e+00   0.000000e+00   0.000000e+00   0.000000e+00   0.000000e+00   0.000000e+00
1     1.533983e+02  -9.961207e-06   8.726410e-07   0.000000e+00  -5.483868e-06  -6.259313e-05   0.000000e+00
0     1.534983e+02   0.000000e+00   0.000000e+00   0.000000e+00   0.000000e+00   0.000000e+00   0.000000e+00
1     1.534983e+02  -8.573634e-06  -5.145909e-06   0.000000e+00   3.233521e-05  -5.387383e-05   0.000000e+00
0     1.536000e+02   0.000000e+00   0.000000e+00   0.000000e+00   0.000000e+00   0.000000e+00   0.000000e+00
1     1.536000e+02  -3.813313e-06  -9.243681e-06   0.000000e+00   5.808475e-05  -2.396123e-05   0.000000e+00
0     1.536999e+02   0.000000e+00   0.000000e+00   0.000000e+00   0.000000e+00   0.000000e+00   0.000000e+00
1     1.536999e+02   2.344721e-06  -9.720488e-06   0.000000e+00   6.108132e-05   1.473453e-05   0.000000e+00
0     1.537998e+02   0.000000e+00   0.000000e+00   0.000000e+00   0.000000e+00   0.000000e+00   0.000000e+00
1     1.537998e+02   7.608126e-06  -6.488479e-06   0.000000e+00   4.077232e-05   4.780917e-05   0.000000e+00
0     1.538998e+02   0.000000e+00   0.000000e+00   0.000000e+00   0.000000e+00   0.000000e+00   0.000000e+00
1     1.538998e+02   9.968604e-06  -7.807635e-07   0.000000e+00   4.905837e-06   6.264249e-05   0.000000e+00
0     1.539997e+02   0.000000e+00   0.000000e+00   0.000000e+00   0.000000e+00   0.000000e+00   0.000000e+00
1     1.539997e+02   8.525438e-06   5.224856e-06   0.000000e+00  -3.283298e-05   5.357389e-05   0.000000e+00
0     1.540996e+02   0.000000e+00   0.000000e+00   0.000000e+00   0.000000e+00   0.000000e+00   0.000000e+00
1     1.540996e+02   3.829267e-06   9.236856e-06   0.000000e+00  -5.804389e-05   2.406346e-05   0.000000e+00
0     1.541996e+02   0.000000e+00   0.000000e+00   0.000000e+00   0.000000e+00   0.000000e+00   0.000000e+00
1     1.541996e+02  -2.328010e-06   9.724429e-06   0.000000e+00  -6.110734e-05  -1.462815e-05   0.000000e+00
0     1.542995e+02   0.000000e+00   0.000000e+00   0.000000e+00   0.000000e+00   0.000000e+00   0.000000e+00
1     1.542995e+02  -7.597034e-06   6.501605e-06   0.000000e+00  -4.085523e-05  -4.773756e-05   0.000000e+00
0     1.543994e+02   0.000000e+00   0.000000e+00   0.000000e+00   0.000000e+00   0.000000e+00   0.000000e+00
1     1.543994e+02  -9.967451e-06   7.981179e-07   0.000000e+00  -5.015585e-06  -6.263240e-05   0.000000e+00
0     1.544994e+02   0.000000e+00   0.000000e+00   0.000000e+00   0.000000e+00   0.000000e+00   0.000000e+00
1     1.544994e+02  -8.534903e-06  -5.209887e-06   0.000000e+00   3.273725e-05  -5.363049e-05   0.000000e+00
0     1.545993e+02   0.000000e+00   0.000000e+00   0.000000e+00   0.000000e+00   0.000000e+00   0.000000e+00
1     1.545993e+02  -3.845981e-06  -9.230132e-06   0.000000e+00   5.799965e-05  -2.416653e-05   0.000000e+00
0     1.546992e+02   0.000000e+00   0.000000e+00   0.000000e+00   0.000000e+00   0.000000e+00   0.000000e+00
1     1.546992e+02   2.310328e-06  -9.728715e-06   0.000000e+00   6.113305e-05   1.451842e-05   0.000000e+00
0     1.547992e+02   0.000000e+00   0.000000e+00   0.000000e+00   0.000000e+00   0.000000e+00   0.000000e+00
1     1.547992e+02   7.585131e-06  -6.515340e-06   0.000000e+00   4.094113e-05   4.766470e-05   0.000000e+00
0     1.548991e+02   0.000000e+00   0.000000e+00   0.000000e+00   0.000000e+00   0.000000e+00   0.000000e+00
1     1.548991e+02   9.965777e-06  -8.160060e-07   0.000000e+00   5.127301e-06   6.262477e-05   0.000000e+00
0     1.549990e+02   0.000000e+00   0.000000e+00   0.000000e+00   0.000000e+00   0.000000e+00   0.000000e+00
1     1.549990e+02   8.543853e-06   5.194680e-06   0.000000e+00  -3.264338e-05   5.368965e-05   0.000000e+00
0     1.550990e+02   0.000000e+00   0.000000e+00   0.000000e+00   0.000000e+00   0.000000e+00   0.000000e+00
1     1.550990e+02   3.861894e-06   9.223257e-06   0.000000e+00  -5.795848e-05   2.426850e-05   0.000000e+00
0     1.551989e+02   0.000000e+00   0.000000e+00   0.000000e+00   0.000000e+00   0.000000e+00   0.000000e+00
1     1.551989e+02  -2.293623e-06   9.732593e-06   0.000000e+00  -6.115867e-05  -1.441208e-05   0.000000e+00
0     1.552988e+02   0.000000e+00   0.000000e+00   0.000000e+00   0.000000e+00   0.000000e+00   0.000000e+00
1     1.552988e+02  -7.574005e-06   6.528410e-06   0.000000e+00  -4.102370e-05  -4.759289e-05   0.000000e+00
0     1.553988e+02   0.000000e+00   0.000000e+00   0.000000e+00   0.000000e+00   0.000000e+00   0.000000e+00
1     1.553988e+02  -9.964564e-06   8.333343e-07   0.000000e+00  -5.236880e-06  -6.261430e-05   0.000000e+00
0     1.554987e+02   0.000000e+00   0.000000e+00   0.000000e+00   0.000000e+00   0.000000e+00   0.000000e+00
1     1.554987e+02  -8.553254e-06  -5.179697e-06   0.000000e+00   3.254756e-05  -5.374584e-05   0.000000e+00
0     1.555986e+02   0.000000e+00   0.000000e+00   0.000000e+00   0.000000e+00   0.000000e+00   0.000000e+00
1     1.555986e+02  -3.878565e-06  -9.216483e-06   0.000000e+00   5.791392e-05  -2.437129e-05   0.000000e+00
0     1.556986e+02   0.000000e+00   0.000000e+00   0.000000e+00   0.000000e+00   0.000000e+00   0.000000e+00
1     1.556986e+02   2.275946e-06  -9.736812e-06   0.000000e+00   6.118397e-05   1.430238e-05   0.000000e+00
0     1.557985e+02   0.000000e+00   0.000000e+00   0.000000e+00   0.000000e+00   0.000000e+00   0.000000e+00
1     1.557985e+02   7.562068e-06  -6.542089e-06   0.000000e+00   4.110924e-05   4.751980e-05   0.000000e+00
0     1.558984e+02   0.000000e+00   0.000000e+00   0.000000e+00   0.000000e+00   0.000000e+00   0.000000e+00
1     1.558984e+02   9.962829e-06  -8.511974e-07   0.000000e+00   5.348443e-06   6.260628e-05   0.000000e+00
0     1.559984e+02   0.000000e+00   0.000000e+00   0.000000e+00   0.000000e+00   0.000000e+00   0.000000e+00
1     1.559984e+02   8.562140e-06   5.164474e-06   0.000000e+00  -3.245358e-05   5.380460e-05   0.000000e+00
0     1.560983e+02   0.000000e+00   0.000000e+00   0.000000e+00   0.000000e+00   0.000000e+00   0.000000e+00
1     1.560983e+02   3.894434e-06   9.209560e-06   0.000000e+00  -5.787244e-05   2.447300e-05   0.000000e+00
0     1.562000e+02   0.000000e+00   0.000000e+00   0.000000e+00   0.000000e+00   0.000000e+00   0.000000e+00
1     1.562000e+02  -2.366420e-06   9.715145e-06   0.000000e+00  -6.104907e-05  -1.486954e-05   0.000000e+00
0     1.562999e+02   0.000000e+00   0.000000e+00   0.000000e+00   0.000000e+00   0.000000e+00   0.000000e+00
1     1.562999e+02  -7.622667e-06   6.471521e-06   0.000000e+00  -4.066624e-05  -4.789870e-05   0.000000e+00
0     1.563998e+02   0.000000e+00   0.000000e+00   0.000000e+00   0.000000e+00   0.000000e+00   0.000000e+00
1     1.563998e+02  -9.970520e-06   7.587052e-07   0.000000e+00  -4.767931e-06  -6.265177e-05   0.000000e+00
0     1.564998e+02   0.000000e+00   0.000000e+00   0.000000e+00   0.000000e+00   0.000000e+00   0.000000e+00
1     1.564998e+02  -8.514228e-06  -5.243591e-06   0.000000e+00   3.294908e-05  -5.350064e-05   0.000000e+00
0     1.565997e+02   0.000000e+00   0.000000e+00   0.000000e+00   0.000000e+00   0.000000e+00   0.000000e+00
1     1.565997e+02  -3.809442e-06  -9.245263e-06   0.000000e+00   5.809480e-05  -2.393696e-05   0.000000e+00
0     1.566996e+02   0.000000e+00   0.000000e+00   0.000000e+00   0.000000e+00   0.000000e+00   0.000000e+00
1     1.566996e+02   2.348795e-06  -9.719491e-06   0.000000e+00   6.107517e-05   1.476015e-05   0.000000e+00
0     1.567996e+02   0.000000e+00   0.000000e+00   0.000000e+00   0.000000e+00   0.000000e+00   0.000000e+00
1     1.567996e+02   7.610845e-06  -6.485270e-06   0.000000e+00   4.075223e-05   4.782635e-05   0.000000e+00
0     1.568995e+02   0.000000e+00   0.000000e+00   0.000000e+00   0.000000e+00   0.000000e+00   0.000000e+00
1     1.568995e+02   9.968919e-06  -7.765571e-07   0.000000e+00   4.879414e-06   6.264460e-05   0.000000e+00
0     1.569994e+02   0.000000e+00   0.000000e+00   0.000000e+00   0.000000e+00   0.000000e+00   0.000000e+00
1     1.569994e+02   8.523215e-06   5.228456e-06   0.000000e+00  -3.285567e-05   5.356003e-05   0.000000e+00
0     1.570994e+02   0.000000e+00   0.000000e+00   0.000000e+00   0.000000e+00   0.000000e+00   0.000000e+00
1     1.570994e+02   3.825342e-06   9.238468e-06   0.000000e+00  -5.805414e-05   2.403885e-05   0.000000e+00
0     1.571993e+02   0.000000e+00   0.000000e+00   0.000000e+00   0.000000e+00   0.000000e+00   0.000000e+00
1     1.571993e+02  -2.332145e-06   9.723425e-06   0.000000e+00  -6.110115e-05  -1.465417e-05   0.000000e+00
0     1.572992e+02   0.000000e+00   0.000000e+00   0.000000e+00   0.000000e+00   0.000000e+00   0.000000e+00
1     1.572992e+02  -7.599798e-06   6.498354e-06   0.000000e+00  -4.083488e-05  -4.775502e-05   0.000000e+00
0     1.573992e+02   0.000000e+00   0.000000e+00   0.000000e+00   0.000000e+00   0.000000e+00   0.000000e+00
1     1.573992e+02  -9.967779e-06   7.938513e-07   0.000000e+00  -4.988784e-06  -6.263458e-05   0.000000e+00
0     1.574991e+02   0.000000e+00   0.000000e+00   0.000000e+00   0.000000e+00   0.000000e+00   0.000000e+00
1     1.574991e+02  -8.532655e-06  -5.213543e-06   0.000000e+00   3.276029e-05  -5.361647e-05   0.000000e+00
0     1.575990e+02   0.000000e+00   0.000000e+00   0.000000e+00   0.000000e+00   0.000000e+00   0.000000e+00
1     1.575990e+02  -3.842003e-06  -9.231774e-06   0.000000e+00   5.801008e-05  -2.414158e-05   0.000000e+00
0     1.576990e+02   0.000000e+00   0.000000e+00   0.000000e+00   0.000000e+00   0.000000e+00   0.000000e+00
1     1.576990e+02   2.314525e-06  -9.727705e-06   0.000000e+00   6.112682e-05   1.454481e-05   0.000000e+00
0     1.577989e+02   0.000000e+00   0.000000e+00   0.000000e+00   0.000000e+00   0.000000e+00   0.000000e+00
1     1.577989e+02   7.587941e-06  -6.512048e-06   0.000000e+00   4.092052e-05   4.768245e-05   0.000000e+00
0     1.578988e+02   0.000000e+00   0.000000e+00   0.000000e+00   0.000000e+00   0.000000e+00   0.000000e+00
1     1.578988e+02   9.966117e-06  -8.116788e-07   0.000000e+00   5.100119e-06   6.262703e-05   0.000000e+00
0     1.579988e+02   0.000000e+00   0.000000e+00   0.000000e+00   0.000000e+00   0.000000e+00   0.000000e+00
1     1.579988e+02   8.541580e-06   5.198392e-06   0.000000e+00  -3.266677e-05   5.367547e-05   0.000000e+00
0     1.580987e+02   0.000000e+00   0.000000e+00   0.000000e+00   0.000000e+00   0.000000e+00   0.000000e+00
1     1.580987e+02   3.857862e-06   9.224930e-06   0.000000e+00  -5.796911e-05   2.424322e-05   0.000000e+00
0     1.581986e+02   0.000000e+00   0.000000e+00   0.000000e+00   0.000000e+00   0.000000e+00   0.000000e+00
1     1.581986e+02  -2.297880e-06   9.731575e-06   0.000000e+00  -6.115240e-05  -1.443886e-05   0.000000e+00
0     1.582986e+02   0.000000e+00   0.000000e+00   0.000000e+00   0.000000e+00   0.000000e+00   0.000000e+00
1     1.582986e+02  -7.576861e-06   6.525077e-06   0.000000e+00  -4.100283e-05  -4.761092e-05   0.000000e+00
0     1.583985e+02   0.000000e+00   0.000000e+00   0.000000e+00   0.000000e+00   0.000000e+00   0.000000e+00
1     1.583985e+02  -9.964917e-06   8.289468e-07   0.000000e+00  -5.209320e-06  -6.261664e-05   0.000000e+00
0     1.584984e+02   0.000000e+00   0.000000e+00   0.000000e+00   0.000000e+00   0.000000e+00   0.000000e+00
1     1.584984e+02  -8.550956e-06  -5.183465e-06   0.000000e+00   3.257130e-05  -5.373150e-05   0.000000e+00
0     1.585984e+02   0.000000e+00   0.000000e+00   0.000000e+00   0.000000e+00   0.000000e+00   0.000000e+00
1     1.585984e+02  -3.874479e-06  -9.218187e-06   0.000000e+00   5.792474e-05  -2.434567e-05   0.000000e+00
0     1.586983e+02   0.000000e+00   0.000000e+00   0.000000e+00   0.000000e+00   0.000000e+00   0.000000e+00
1     1.586983e+02   2.280265e-06  -9.735788e-06   0.000000e+00   6.117765e-05   1.432954e-05   0.000000e+00
0     1.587982e+02   0.000000e+00   0.000000e+00   0.000000e+00   0.000000e+00   0.000000e+00   0.000000e+00
1     1.587982e+02   7.564969e-06  -6.538714e-06   0.000000e+00   4.108811e-05   4.753813e-05   0.000000e+00
0     1.588999e+02   0.000000e+00   0.000000e+00   0.000000e+00   0.000000e+00   0.000000e+00   0.000000e+00
1     1.588999e+02   9.971918e-06  -7.369338e-07   0.000000e+00   4.630430e-06   6.266352e-05   0.000000e+00
0     1.589999e+02   0.000000e+00   0.000000e+00   0.000000e+00   0.000000e+00   0.000000e+00   0.000000e+00
1     1.589999e+02   8.502358e-06   5.262289e-06   0.000000e+00  -3.306831e-05   5.342904e-05   0.000000e+00
0     1.590998e+02   0.000000e+00   0.000000e+00   0.000000e+00   0.000000e+00   0.000000e+00   0.000000e+00
1     1.590998e+02   3.788579e-06   9.253595e-06   0.000000e+00  -5.814927e-05   2.380787e-05   0.000000e+00
0     1.591997e+02   0.000000e+00   0.000000e+00   0.000000e+00   0.000000e+00   0.000000e+00   0.000000e+00
1     1.591997e+02  -2.370789e-06   9.714067e-06   0.000000e+00  -6.104241e-05  -1.489702e-05   0.000000e+00
0     1.592997e+02   0.000000e+00   0.000000e+00   0.000000e+00   0.000000e+00   0.000000e+00   0.000000e+00
1     1.592997e+02  -7.625577e-06   6.468072e-06   0.000000e+00  -4.064464e-05  -4.791707e-05   0.000000e+00
0     1.593996e+02   0.000000e+00   0.000000e+00   0.000000e+00   0.000000e+00   0.000000e+00   0.000000e+00
1     1.593996e+02  -9.970849e-06   7.541931e-07   0.000000e+00  -4.739587e-06  -6.265396e-05   0.000000e+00
0     1.594995e+02   0.000000e+00   0.000000e+00   0.000000e+00   0.000000e+00   0.000000e+00   0.000000e+00
1     1.594995e+02  -8.511837e-06  -5.247447e-06   0.000000e+00   3.297337e-05  -5.348572e-05   0.000000e+00
0     1.595995e+02   0.000000e+00   0.000000e+00   0.000000e+00   0.000000e+00   0.000000e+00   0.000000e+00
1     1.595995e+02  -3.805231e-06  -9.246983e-06   0.000000e+00   5.810572e-05  -2.391054e-05   0.000000e+00
0     1.596994e+02   0.000000e+00   0.000000e+00   0.000000e+00   0.000000e+00   0.000000e+00   0.000000e+00
1     1.596994e+02   2.353225e-06  -9.718406e-06   0.000000e+00   6.106847e-05   1.478802e-05   0.000000e+00
0     1.597993e+02   0.000000e+00   0.000000e+00   0.000000e+00   0.000000e+00   0.000000e+00   0.000000e+00
1     1.597993e+02   7.613800e-06  -6.481780e-06   0.000000e+00   4.073038e-05   4.784501e-05   0.000000e+00
0     1.598993e+02   0.000000e+00   0.000000e+00   0.000000e+00   0.000000e+00   0.000000e+00   0.000000e+00
1     1.598993e+02   9.969261e-06  -7.719844e-07   0.000000e+00   4.850689e-06   6.264687e-05   0.000000e+00
0     1.599992e+02   0.000000e+00   0.000000e+00   0.000000e+00   0.000000e+00   0.000000e+00   0.000000e+00
1     1.599992e+02   8.520799e-06   5.232368e-06   0.000000e+00  -3.288031e-05   5.354495e-05   0.000000e+00
0     1.600991e+02   0.000000e+00   0.000000e+00   0.000000e+00   0.000000e+00   0.000000e+00   0.000000e+00
1     1.600991e+02   3.821077e-06   9.240219e-06   0.000000e+00  -5.806525e-05   2.401209e-05   0.000000e+00
0     1.601991e+02   0.000000e+00   0.000000e+00   0.000000e+00   0.000000e+00   0.000000e+00   0.000000e+00
1     1.601991e+02  -2.336637e-06   9.722334e-06   0.000000e+00  -6.109440e-05  -1.468242e-05   0.000000e+00
0     1.602990e+02   0.000000e+00   0.000000e+00   0.000000e+00   0.000000e+00   0.000000e+00   0.000000e+00
1     1.602990e+02  -7.602799e-06   6.494823e-06   0.000000e+00  -4.081277e-05  -4.777397e-05   0.000000e+00
0     1.603989e+02   0.000000e+00   0.000000e+00   0.000000e+00   0.000000e+00   0.000000e+00   0.000000e+00
1     1.603989e+02  -9.968134e-06   7.892181e-07   0.000000e+00  -4.959680e-06  -6.263694e-05   0.000000e+00
0     1.604989e+02   0.000000e+00   0.000000e+00   0.000000e+00   0.000000e+00   0.000000e+00   0.000000e+00
1     1.604989e+02  -8.530214e-06  -5.217511e-06   0.000000e+00   3.278528e-05  -5.360124e-05   0.000000e+00
0     1.605988e+02   0.000000e+00   0.000000e+00   0.000000e+00   0.000000e+00   0.000000e+00   0.000000e+00
1     1.605988e+02  -3.837685e-06  -9.233556e-06   0.000000e+00   5.802139e-05  -2.411449e-05   0.000000e+00
0     1.606987e+02   0.000000e+00   0.000000e+00   0.000000e+00   0.000000e+00   0.000000e+00   0.000000e+00
1     1.606987e+02   2.319078e-06  -9.726607e-06   0.000000e+00   6.112004e-05   1.457345e-05   0.000000e+00
0     1.607987e+02   0.000000e+00   0.000000e+00   0.000000e+00   0.000000e+00   0.000000e+00   0.000000e+00
1     1.607987e+02   7.590988e-06  -6.508475e-06   0.000000e+00   4.089815e-05   4.770169e-05   0.000000e+00
0     1.608986e+02   0.000000e+00   0.000000e+00   0.000000e+00   0.000000e+00   0.000000e+00   0.000000e+00
1     1.608986e+02   9.966485e-06  -8.069851e-07   0.000000e+00   5.070634e-06   6.262946e-05   0.000000e+00
0     1.609985e+02   0.000000e+00   0.000000e+00   0.000000e+00   0.000000e+00   0.000000e+00   0.000000e+00
1     1.609985e+02   8.539114e-06   5.202417e-06   0.000000e+00  -3.269212e-05   5.366008e-05   0.000000e+00
0     1.610985e+02   0.000000e+00   0.000000e+00   0.000000e+00   0.000000e+00   0.000000e+00   0.000000e+00
1     1.610985e+02   3.853490e-06   9.226743e-06   0.000000e+00  -5.798061e-05   2.421579e-05   0.000000e+00
0     1.611984e+02   0.000000e+00   0.000000e+00   0.000000e+00   0.000000e+00   0.000000e+00   0.000000e+00
1     1.611984e+02  -2.302495e-06   9.730471e-06   0.000000e+00  -6.114558e-05  -1.446789e-05   0.000000e+00
0     1.612983e+02   0.000000e+00   0.000000e+00   0.000000e+00   0.000000e+00   0.000000e+00   0.000000e+00
1     1.612983e+02  -7.579954e-06   6.521463e-06   0.000000e+00  -4.098020e-05  -4.763045e-05   0.000000e+00
0     1.613983e+02   0.000000e+00   0.000000e+00   0.000000e+00   0.000000e+00   0.000000e+00   0.000000e+00
1     1.613983e+02  -9.965298e-06   8.241929e-07   0.000000e+00  -5.179458e-06  -6.261916e-05   0.000000e+00
0     1.615000e+02   0.000000e+00   0.000000e+00   0.000000e+00   0.000000e+00   0.000000e+00   0.000000e+00
1     1.615000e+02  -8.490798e-06  -5.281405e-06   0.000000e+00   3.318680e-05  -5.335359e-05   0.000000e+00
0     1.615999e+02   0.000000e+00   0.000000e+00   0.000000e+00   0.000000e+00   0.000000e+00   0.000000e+00
1     1.615999e+02  -3.768247e-06  -9.262106e-06   0.000000e+00   5.820083e-05  -2.367818e-05   0.000000e+00
0     1.616998e+02   0.000000e+00   0.000000e+00   0.000000e+00   0.000000e+00   0.000000e+00   0.000000e+00
1     1.616998e+02   2.392046e-06  -9.708914e-06   0.000000e+00   6.100891e-05   1.503199e-05   0.000000e+00
0     1.617998e+02   0.000000e+00   0.000000e+00   0.000000e+00   0.000000e+00   0.000000e+00   0.000000e+00
1     1.617998e+02   7.639644e-06  -6.451285e-06   0.000000e+00   4.053881e-05   4.800748e-05   0.000000e+00
0     1.618997e+02   0.000000e+00   0.000000e+00   0.000000e+00   0.000000e+00   0.000000e+00   0.000000e+00
1     1.618997e+02   9.972260e-06  -7.321152e-07   0.000000e+00   4.600160e-06   6.266580e-05   0.000000e+00
0     1.619996e+02   0.000000e+00   0.000000e+00   0.000000e+00   0.000000e+00   0.000000e+00   0.000000e+00
1     1.619996e+02   8.499798e-06   5.266399e-06   0.000000e+00  -3.309420e-05   5.341305e-05   0.000000e+00
0     1.620996e+02   0.000000e+00   0.000000e+00   0.000000e+00   0.000000e+00   0.000000e+00   0.000000e+00
1     1.620996e+02   3.784081e-06   9.255422e-06   0.000000e+00  -5.816086e-05   2.377964e-05   0.000000e+00
0     1.621995e+02   0.000000e+00   0.000000e+00   0.000000e+00   0.000000e+00   0.000000e+00   0.000000e+00
1     1.621995e+02  -2.375514e-06   9.712899e-06   0.000000e+00  -6.103519e-05  -1.492674e-05   0.000000e+00
0     1.622994e+02   0.000000e+00   0.000000e+00   0.000000e+00   0.000000e+00   0.000000e+00   0.000000e+00
1     1.622994e+02  -7.628722e-06   6.464342e-06   0.000000e+00  -4.062128e-05  -4.793693e-05   0.000000e+00
0     1.623994e+02   0.000000e+00   0.000000e+00   0.000000e+00   0.000000e+00   0.000000e+00   0.000000e+00
1     1.623994e+02  -9.971204e-06   7.493142e-07   0.000000e+00  -4.708938e-06  -6.265631e-05   0.000000e+00
0     1.624993e+02   0.000000e+00   0.000000e+00   0.000000e+00   0.000000e+00   0.000000e+00   0.000000e+00
1     1.624993e+02  -8.509252e-06  -5.251613e-06   0.000000e+00   3.299962e-05  -5.346958e-05   0.000000e+00
0     1.625992e+02   0.000000e+00   0.000000e+00   0.000000e+00   0.000000e+00   0.000000e+00   0.000000e+00
1     1.625992e+02  -3.800679e-06  -9.248840e-06   0.000000e+00   5.811751e-05  -2.388199e-05   0.000000e+00
0     1.626992e+02   0.000000e+00   0.000000e+00   0.000000e+00   0.000000e+00   0.000000e+00   0.000000e+00
1     1.626992e+02   2.358012e-06  -9.717232e-06   0.000000e+00   6.106122e-05   1.481813e-05   0.000000e+00
0     1.627991e+02   0.000000e+00   0.000000e+00   0.000000e+00   0.000000e+00   0.000000e+00   0.000000e+00
1     1.627991e+02   7.616992e-06  -6.478008e-06   0.000000e+00   4.070676e-05   4.786516e-05   0.000000e+00
0     1.628990e+02   0.000000e+00   0.000000e+00   0.000000e+00   0.000000e+00   0.000000e+00   0.000000e+00
1     1.628990e+02   9.969630e-06  -7.670450e-07   0.000000e+00   4.819659e-06   6.264931e-05   0.000000e+00
0     1.629990e+02   0.000000e+00   0.000000e+00   0.000000e+00   0.000000e+00   0.000000e+00   0.000000e+00
1     1.629990e+02   8.518189e-06   5.236592e-06   0.000000e+00  -3.290692e-05   5.352865e-05   0.000000e+00
0     1.630989e+02   0.000000e+00   0.000000e+00   0.000000e+00   0.000000e+00   0.000000e+00   0.000000e+00
1     1.630989e+02   3.816472e-06   9.242108e-06   0.000000e+00  -5.807723e-05   2.398320e-05   0.000000e+00
0     1.631988e+02   0.000000e+00   0.000000e+00   0.000000e+00   0.000000e+00   0.000000e+00   0.000000e+00
1     1.631988e+02  -2.341485e-06   9.721154e-06   0.000000e+00  -6.108711e-05  -1.471291e-05   0.000000e+00
0     1.632988e+02   0.000000e+00   0.000000e+00   0.000000e+00   0.000000e+00   0.000000e+00   0.000000e+00
1     1.632988e+02  -7.606037e-06   6.491010e-06   0.000000e+00  -4.078889e-05  -4.779442e-05   0.000000e+00
0     1.633987e+02   0.000000e+00   0.000000e+00   0.000000e+00   0.000000e+00   0.000000e+00   0.000000e+00
1     1.633987e+02  -9.968515e-06   7.842184e-07   0.000000e+00  -4.928273e-06  -6.263946e-05   0.000000e+00
0     1.634986e+02   0.000000e+00   0.000000e+00   0.000000e+00   0.000000e+00   0.000000e+00   0.000000e+00
1     1.634986e+02  -8.527579e-06  -5.221792e-06   0.000000e+00   3.281224e-05  -5.358478e-05   0.000000e+00
0     1.635986e+02   0.000000e+00   0.000000e+00   0.000000e+00   0.000000e+00   0.000000e+00   0.000000e+00
1     1.635986e+02  -3.833027e-06  -9.235477e-06   0.000000e+00   5.803357e-05  -2.408527e-05   0.000000e+00
0     1.636985e+02   0.000000e+00   0.000000e+00   0.000000e+00   0.000000e+00   0.000000e+00   0.000000e+00
1     1.636985e+02   2.323987e-06  -9.725421e-06   0.000000e+00   6.111271e-05   1.460433e-05   0.000000e+00
0     1.637984e+02   0.000000e+00   0.000000e+00   0.000000e+00   0.000000e+00   0.000000e+00   0.000000e+00
1     1.637984e+02   7.594273e-06  -6.504622e-06   0.000000e+00   4.087402e-05   4.772243e-05   0.000000e+00
0     1.638984e+02   0.000000e+00   0.000000e+00   0.000000e+00   0.000000e+00   0.000000e+00   0.000000e+00
1     1.638984e+02   9.966881e-06  -8.019250e-07   0.000000e+00   5.038846e-06   6.263207e-05   0.000000e+00
0     1.639983e+02   0.000000e+00   0.000000e+00   0.000000e+00   0.000000e+00   0.000000e+00   0.000000e+00
1     1.639983e+02   8.536455e-06   5.206754e-06   0.000000e+00  -3.271944e-05   5.364347e-05   0.000000e+00
0     1.641000e+02   0.000000e+00   0.000000e+00   0.000000e+00   0.000000e+00   0.000000e+00   0.000000e+00
1     1.641000e+02   3.746873e-06   9.270538e-06   0.000000e+00  -5.825592e-05   2.354586e-05   0.000000e+00
0     1.641999e+02   0.000000e+00   0.000000e+00   0.000000e+00   0.000000e+00   0.000000e+00   0.000000e+00
1     1.641999e+02  -2.414513e-06   9.703270e-06   0.000000e+00  -6.097476e-05  -1.517182e-05   0.000000e+00
0     1.642998e+02   0.000000e+00   0.000000e+00   0.000000e+00   0.000000e+00   0.000000e+00   0.000000e+00
1     1.642998e+02  -7.654628e-06   6.433632e-06   0.000000e+00  -4.042836e-05  -4.809978e-05   0.000000e+00
0     1.643998e+02   0.000000e+00   0.000000e+00   0.000000e+00   0.000000e+00   0.000000e+00   0.000000e+00
1     1.643998e+02  -9.974127e-06   7.092355e-07   0.000000e+00  -4.457097e-06  -6.267476e-05   0.000000e+00
0     1.644997e+02   0.000000e+00   0.000000e+00   0.000000e+00   0.000000e+00   0.000000e+00   0.000000e+00
1     1.644997e+02  -8.488066e-06  -5.285770e-06   0.000000e+00   3.321429e-05  -5.333653e-05   0.000000e+00
0     1.645996e+02   0.000000e+00   0.000000e+00   0.000000e+00   0.000000e+00   0.000000e+00   0.000000e+00
1     1.645996e+02  -3.763461e-06  -9.264037e-06   0.000000e+00   5.821308e-05  -2.364815e-05   0.000000e+00
0     1.646996e+02   0.000000e+00   0.000000e+00   0.000000e+00   0.000000e+00   0.000000e+00   0.000000e+00
1     1.646996e+02   2.397066e-06  -9.707662e-06   0.000000e+00   6.100116e-05   1.506356e-05   0.000000e+00
0     1.647995e+02   0.000000e+00   0.000000e+00   0.000000e+00   0.000000e+00   0.000000e+00   0.000000e+00
1     1.647995e+02   7.642979e-06  -6.447313e-06   0.000000e+00   4.051393e-05   4.802853e-05   0.000000e+00
0     1.648994e+02   0.000000e+00   0.000000e+00   0.000000e+00   0.000000e+00   0.000000e+00   0.000000e+00
1     1.648994e+02   9.972626e-06  -7.269300e-07   0.000000e+00   4.567585e-06   6.266822e-05   0.000000e+00
0     1.649994e+02   0.000000e+00   0.000000e+00   0.000000e+00   0.000000e+00   0.000000e+00   0.000000e+00
1     1.649994e+02   8.497041e-06   5.270821e-06   0.000000e+00  -3.312205e-05   5.339583e-05   0.000000e+00
0     1.650993e+02   0.000000e+00   0.000000e+00   0.000000e+00   0.000000e+00   0.000000e+00   0.000000e+00
1     1.650993e+02   3.779242e-06   9.257385e-06   0.000000e+00  -5.817331e-05   2.374928e-05   0.000000e+00
0     1.651992e+02   0.000000e+00   0.000000e+00   0.000000e+00   0.000000e+00   0.000000e+00   0.000000e+00
1     1.651992e+02  -2.380596e-06   9.711642e-06   0.000000e+00  -6.102741e-05  -1.495870e-05   0.000000e+00
0     1.652992e+02   0.000000e+00   0.000000e+00   0.000000e+00   0.000000e+00   0.000000e+00   0.000000e+00
1     1.652992e+02  -7.632103e-06   6.460329e-06   0.000000e+00  -4.059615e-05  -4.795827e-05   0.000000e+00
0     1.653991e+02   0.000000e+00   0.000000e+00   0.000000e+00   0.000000e+00   0.000000e+00   0.000000e+00
1     1.653991e+02  -9.971584e-06   7.440685e-07   0.000000e+00  -4.675985e-06  -6.265882e-05   0.000000e+00
0     1.654990e+02   0.000000e+00   0.000000e+00   0.000000e+00   0.000000e+00   0.000000e+00   0.000000e+00
1     1.654990e+02  -8.506471e-06  -5.256092e-06   0.000000e+00   3.302782e-05  -5.345221e-05   0.000000e+00
0     1.655990e+02   0.000000e+00   0.000000e+00   0.000000e+00   0.000000e+00   0.000000e+00   0.000000e+00
1     1.655990e+02  -3.795786e-06  -9.250835e-06   0.000000e+00   5.813016e-05  -2.385129e-05   0.000000e+00
0     1.656989e+02   0.000000e+00   0.000000e+00   0.000000e+00   0.000000e+00   0.000000e+00   0.000000e+00
1     1.656989e+02   2.363155e-06  -9.715969e-06   0.000000e+00   6.105340e-05   1.485048e-05   0.000000e+00
0     1.657988e+02   0.000000e+00   0.000000e+00   0.000000e+00   0.000000e+00   0.000000e+00   0.000000e+00
1     1.657988e+02   7.620420e-06  -6.473955e-06   0.000000e+00   4.068137e-05   4.788680e-05   0.000000e+00
0     1.658988e+02   0.000000e+00   0.000000e+00   0.000000e+00   0.000000e+00   0.000000e+00   0.000000e+00
1     1.658988e+02   9.970023e-06  -7.617388e-07   0.000000e+00   4.786325e-06   6.265190e-05   0.000000e+00
0     1.659987e+02   0.000000e+00   0.000000e+00   0.000000e+00   0.000000e+00   0.000000e+00   0.000000e+00
1     1.659987e+02   8.515384e-06   5.241127e-06   0.000000e+00  -3.293548e-05   5.351113e-05   0.000000e+00
0     1.660986e+02   0.000000e+00   0.000000e+00   0.000000e+00   0.000000e+00   0.000000e+00   0.000000e+00
1     1.660986e+02   3.811526e-06   9.244134e-06   0.000000e+00  -5.809008e-05   2.395217e-05   0.000000e+00
0     1.661986e+02   0.000000e+00   0.000000e+00   0.000000e+00   0.000000e+00   0.000000e+00   0.000000e+00
1     1.661986e+02  -2.346690e-06   9.719885e-06   0.000000e+00  -6.107926e-05  -1.474565e-05   0.000000e+00
0     1.662985e+02   0.000000e+00   0.000000e+00   0.000000e+00   0.000000e+00   0.000000e+00   0.000000e+00
1     1.662985e+02  -7.609512e-06   6.486917e-06   0.000000e+00  -4.076325e-05  -4.781634e-05   0.000000e+00
0     1.663984e+02   0.000000e+00   0.000000e+00   0.000000e+00   0.000000e+00   0.000000e+00   0.000000e+00
1     1.663984e+02  -9.968923e-06   7.788520e-07   0.000000e+00  -4.894561e-06  -6.264214e-05   0.000000e+00
0     1.664984e+02   0.000000e+00   0.000000e+00   0.000000e+00   0.000000e+00   0.000000e+00   0.000000e+00
1     1.664984e+02  -8.524750e-06  -5.226384e-06   0.000000e+00   3.284117e-05  -5.356711e-05   0.000000e+00
0     1.665983e+02   0.000000e+00   0.000000e+00   0.000000e+00   0.000000e+00   0.000000e+00   0.000000e+00
1     1.665983e+02  -3.828028e-06  -9.237536e-06   0.000000e+00   5.804662e-05  -2.405391e-05   0.000000e+00
0     1.667000e+02   0.000000e+00   0.000000e+00   0.000000e+00   0.000000e+00   0.000000e+00   0.000000e+00
1     1.667000e+02   2.436241e-06  -9.697896e-06   0.000000e+00   6.093987e-05   1.530975e-05   0.000000e+00
0     1.667999e+02   0.000000e+00   0.000000e+00   0.000000e+00   0.000000e+00   0.000000e+00   0.000000e+00
1     1.667999e+02   7.668948e-06  -6.416388e-06   0.000000e+00   4.031965e-05   4.819178e-05   0.000000e+00
0     1.668999e+02   0.000000e+00   0.000000e+00   0.000000e+00   0.000000e+00   0.000000e+00   0.000000e+00
1     1.668999e+02   9.975472e-06  -6.866397e-07   0.000000e+00   4.314408e-06   6.268619e-05   0.000000e+00
0     1.669998e+02   0.000000e+00   0.000000e+00   0.000000e+00   0.000000e+00   0.000000e+00   0.000000e+00
1     1.669998e+02   8.475669e-06   5.305104e-06   0.000000e+00  -3.333753e-05   5.326160e-05   0.000000e+00
0     1.670997e+02   0.000000e+00   0.000000e+00   0.000000e+00   0.000000e+00   0.000000e+00   0.000000e+00
1     1.670997e+02   3.741798e-06   9.272574e-06   0.000000e+00  -5.826883e-05   2.351402e-05   0.000000e+00
0     1.671997e+02   0.000000e+00   0.000000e+00   0.000000e+00   0.000000e+00   0.000000e+00   0.000000e+00
1     1.671997e+02  -2.419827e-06   9.701933e-06   0.000000e+00  -6.096648e-05  -1.520524e-05   0.000000e+00
0     1.672996e+02   0.000000e+00   0.000000e+00   0.000000e+00   0.000000e+00   0.000000e+00   0.000000e+00
1     1.672996e+02  -7.658151e-06   6.429418e-06   0.000000e+00  -4.040196e-05  -4.812201e-05   0.000000e+00
0     1.673995e+02   0.000000e+00   0.000000e+00   0.000000e+00   0.000000e+00   0.000000e+00   0.000000e+00
1     1.673995e+02  -9.974503e-06   7.037439e-07   0.000000e+00  -4.422598e-06  -6.267724e-05   0.000000e+00
0     1.674995e+02   0.000000e+00   0.000000e+00   0.000000e+00   0.000000e+00   0.000000e+00   0.000000e+00
1     1.674995e+02  -8.485138e-06  -5.290445e-06   0.000000e+00   3.324374e-05  -5.331823e-05   0.000000e+00
0     1.675994e+02   0.000000e+00   0.000000e+00   0.000000e+00   0.000000e+00   0.000000e+00   0.000000e+00
1     1.675994e+02  -3.758333e-06  -9.266105e-06   0.000000e+00   5.822619e-05  -2.361597e-05   0.000000e+00
0     1.676993e+02   0.000000e+00   0.000000e+00   0.000000e+00   0.000000e+00   0.000000e+00   0.000000e+00
1     1.676993e+02   2.402442e-06  -9.706320e-06   0.000000e+00   6.099285e-05   1.509737e-05   0.000000e+00
0     1.677993e+02   0.000000e+00   0.000000e+00   0.000000e+00   0.000000e+00   0.000000e+00   0.000000e+00
1     1.677993e+02   7.646549e-06  -6.443059e-06   0.000000e+00   4.048728e-05   4.805105e-05   0.000000e+00
0     1.678992e+02   0.000000e+00   0.000000e+00   0.000000e+00   0.000000e+00   0.000000e+00   0.000000e+00
1     1.678992e+02   9.973016e-06  -7.213781e-07   0.000000e+00   4.532706e-06   6.267079e-05   0.000000e+00
0     1.679991e+02   0.000000e+00   0.000000e+00   0.000000e+00   0.000000e+00   0.000000e+00   0.000000e+00
1     1.679991e+02   8.494089e-06   5.275553e-06   0.000000e+00  -3.315186e-05   5.337738e-05   0.000000e+00
0     1.680991e+02   0.000000e+00   0.000000e+00   0.000000e+00   0.000000e+00   0.000000e+00   0.000000e+00
1     1.680991e+02   3.774061e-06   9.259484e-06   0.000000e+00  -5.818661e-05   2.371677e-05   0.000000e+00
0     1.681990e+02   0.000000e+00   0.000000e+00   0.000000e+00   0.000000e+00   0.000000e+00   0.000000e+00
1     1.681990e+02  -2.386033e-06   9.710294e-06   0.000000e+00  -6.101906e-05  -1.499290e-05   0.000000e+00
0     1.682989e+02   0.000000e+00   0.000000e+00   0.000000e+00   0.000000e+00   0.000000e+00   0.000000e+00
1     1.682989e+02  -7.635720e-06   6.456035e-06   0.000000e+00  -4.056924e-05  -4.798109e-05   0.000000e+00
0     1.683989e+02   0.000000e+00   0.000000e+00   0.000000e+00   0.000000e+00   0.000000e+00   0.000000e+00
1     1.683989e+02  -9.971988e-06   7.384566e-07   0.000000e+00  -4.640729e-06  -6.266148e-05   0.000000e+00
0     1.684988e+02   0.000000e+00   0.000000e+00   0.000000e+00   0.000000e+00   0.000000e+00   0.000000e+00
1     1.684988e+02  -8.503494e-06  -5.260881e-06   0.000000e+00   3.305798e-05  -5.343361e-05   0.000000e+00
0     1.685987e+02   0.000000e+00   0.000000e+00   0.000000e+00   0.000000e+00   0.000000e+00   0.000000e+00
1     1.685987e+02  -3.790553e-06  -9.252967e-06   0.000000e+00   5.814367e-05  -2.381845e-05   0.000000e+00
0     1.686987e+02   0.000000e+00   0.000000e+00   0.000000e+00   0.000000e+00   0.000000e+00   0.000000e+00
1     1.686987e+02   2.368654e-06  -9.714616e-06   0.000000e+00   6.104502e-05   1.488506e-05   0.000000e+00
0     1.687986e+02   0.000000e+00   0.000000e+00   0.000000e+00   0.000000e+00   0.000000e+00   0.000000e+00
1     1.687986e+02   7.624084e-06  -6.469621e-06   0.000000e+00   4.065421e-05   4.790991e-05   0.000000e+00
0     1.688985e+02   0.000000e+00   0.000000e+00   0.000000e+00   0.000000e+00   0.000000e+00   0.000000e+00
1     1.688985e+02   9.970442e-06  -7.560665e-07   0.000000e+00   4.750690e-06   6.265466e-05   0.000000e+00
0     1.689985e+02   0.000000e+00   0.000000e+00   0.000000e+00   0.000000e+00   0.000000e+00   0.000000e+00
1     1.689985e+02   8.512383e-06   5.245974e-06   0.000000e+00  -3.296600e-05   5.349238e-05   0.000000e+00
0     1.690984e+02   0.000000e+00   0.000000e+00   0.000000e+00   0.000000e+00   0.000000e+00   0.000000e+00
1     1.690984e+02   3.806239e-06   9.246299e-06   0.000000e+00  -5.810379e-05   2.391899e-05   0.000000e+00
0     1.691983e+02   0.000000e+00   0.000000e+00   0.000000e+00   0.000000e+00   0.000000e+00   0.000000e+00
1     1.691983e+02  -2.352251e-06   9.718528e-06   0.000000e+00  -6.107084e-05  -1.478063e-05   0.000000e+00
0     1.692983e+02   0.000000e+00   0.000000e+00   0.000000e+00   0.000000e+00   0.000000e+00   0.000000e+00
1     1.692983e+02  -7.613223e-06   6.482542e-06   0.000000e+00  -4.073583e-05  -4.783975e-05   0.000000e+00
0     1.693999e+02   0.000000e+00   0.000000e+00   0.000000e+00   0.000000e+00   0.000000e+00   0.000000e+00
1     1.693999e+02  -9.977269e-06   6.632445e-07   0.000000e+00  -4.168112e-06  -6.269470e-05   0.000000e+00
0     1.694999e+02   0.000000e+00   0.000000e+00   0.000000e+00   0.000000e+00   0.000000e+00   0.000000e+00
1     1.694999e+02  -8.463579e-06  -5.324851e-06   0.000000e+00   3.345998e-05  -5.318282e-05   0.000000e+00
0     1.695998e+02   0.000000e+00   0.000000e+00   0.000000e+00   0.000000e+00   0.000000e+00   0.000000e+00
1     1.695998e+02  -3.720666e-06  -9.281284e-06   0.000000e+00   5.832165e-05  -2.337931e-05   0.000000e+00
0     1.696997e+02   0.000000e+00   0.000000e+00   0.000000e+00   0.000000e+00   0.000000e+00   0.000000e+00
1     1.696997e+02   2.441849e-06  -9.696472e-06   0.000000e+00   6.093104e-05   1.534502e-05   0.000000e+00
0     1.697997e+02   0.000000e+00   0.000000e+00   0.000000e+00   0.000000e+00   0.000000e+00   0.000000e+00
1     1.697997e+02   7.672657e-06  -6.411932e-06   0.000000e+00   4.029173e-05   4.821518e-05   0.000000e+00
0     1.698996e+02   0.000000e+00   0.000000e+00   0.000000e+00   0.000000e+00   0.000000e+00   0.000000e+00
1     1.698996e+02   9.975856e-06  -6.808420e-07   0.000000e+00   4.277984e-06   6.268872e-05   0.000000e+00
0     1.699995e+02   0.000000e+00   0.000000e+00   0.000000e+00   0.000000e+00   0.000000e+00   0.000000e+00
1     1.699995e+02   8.472567e-06   5.310031e-06   0.000000e+00  -3.336856e-05   5.324221e-05   0.000000e+00
0     1.700995e+02   0.000000e+00   0.000000e+00   0.000000e+00   0.000000e+00   0.000000e+00   0.000000e+00
1     1.700995e+02   3.736381e-06   9.274744e-06   0.000000e+00  -5.828258e-05   2.348002e-05   0.000000e+00
0     1.701994e+02   0.000000e+00   0.000000e+00   0.000000e+00   0.000000e+00   0.000000e+00   0.000000e+00
1     1.701994e+02  -2.425497e-06   9.700503e-06   0.000000e+00  -6.095761e-05  -1.524090e-05   0.000000e+00
0     1.702993e+02   0.000000e+00   0.000000e+00   0.000000e+00   0.000000e+00   0.000000e+00   0.000000e+00
1     1.702993e+02  -7.661907e-06   6.424921e-06   0.000000e+00  -4.037378e-05  -4.814571e-05   0.000000e+00
0     1.703993e+02   0.000000e+00   0.000000e+00   0.000000e+00   0.000000e+00   0.000000e+00   0.000000e+00
1     1.703993e+02  -9.974901e-06   6.978859e-07   0.000000e+00  -4.385795e-06  -6.267987e-05   0.000000e+00
0     1.704992e+02   0.000000e+00   0.000000e+00   0.000000e+00   0.000000e+00   0.000000e+00   0.000000e+00
1     1.704992e+02  -8.482012e-06  -5.295430e-06   0.000000e+00   3.327513e-05  -5.329869e-05   0.000000e+00
0     1.705992e+02   0.000000e+00   0.000000e+00   0.000000e+00   0.000000e+00   0.000000e+00   0.000000e+00
1     1.705992e+02  -3.752864e-06  -9.268307e-06   0.000000e+00   5.824014e-05  -2.358165e-05   0.000000e+00
0     1.706991e+02   0.000000e+00   0.000000e+00   0.000000e+00   0.000000e+00   0.000000e+00   0.000000e+00
1     1.706991e+02   2.408174e-06  -9.704886e-06   0.000000e+00   6.098395e-05   1.513342e-05   0.000000e+00
0     1.707990e+02   0.000000e+00   0.000000e+00   0.000000e+00   0.000000e+00   0.000000e+00   0.000000e+00
1     1.707990e+02   7.650352e-06  -6.438522e-06   0.000000e+00   4.045884e-05   4.807505e-05   0.000000e+00
0     1.708990e+02   0.000000e+00   0.000000e+00   0.000000e+00   0.000000e+00   0.000000e+00   0.000000e+00
1     1.708990e+02   9.973429e-06  -7.154595e-07   0.000000e+00   4.495523e-06   6.267351e-05   0.000000e+00
0     1.709989e+02   0.000000e+00   0.000000e+00   0.000000e+00   0.000000e+00   0.000000e+00   0.000000e+00
1     1.709989e+02   8.490939e-06   5.280596e-06   0.000000e+00  -3.318361e-05   5.335770e-05   0.000000e+00
0     1.710988e+02   0.000000e+00   0.000000e+00   0.000000e+00   0.000000e+00   0.000000e+00   0.000000e+00
1     1.710988e+02   3.768538e-06   9.261719e-06   0.000000e+00  -5.820077e-05   2.368211e-05   0.000000e+00
0     1.711988e+02   0.000000e+00   0.000000e+00   0.000000e+00   0.000000e+00   0.000000e+00   0.000000e+00
1     1.711988e+02  -2.391827e-06   9.708855e-06   0.000000e+00  -6.101014e-05  -1.502934e-05   0.000000e+00
0     1.712987e+02   0.000000e+00   0.000000e+00   0.000000e+00   0.000000e+00   0.000000e+00   0.000000e+00
1     1.712987e+02  -7.639571e-06   6.451457e-06   0.000000e+00  -4.054055e-05  -4.800538e-05   0.000000e+00
0     1.713986e+02   0.000000e+00   0.000000e+00   0.000000e+00   0.000000e+00   0.000000e+00   0.000000e+00
1     1.713986e+02  -9.972416e-06   7.324779e-07   0.000000e+00  -4.603169e-06  -6.266429e-05   0.000000e+00
0     1.714986e+02   0.000000e+00   0.000000e+00   0.000000e+00   0.000000e+00   0.000000e+00   0.000000e+00
1     1.714986e+02  -8.500322e-06  -5.265981e-06   0.000000e+00   3.309009e-05  -5.341378e-05   0.000000e+00
0     1.715985e+02   0.000000e+00   0.000000e+00   0.000000e+00   0.000000e+00   0.000000e+00   0.000000e+00
1     1.715985e+02  -3.784978e-06  -9.255235e-06   0.000000e+00   5.815803e-05  -2.378346e-05   0.000000e+00
0     1.716984e+02   0.000000e+00   0.000000e+00   0.000000e+00   0.000000e+00   0.000000e+00   0.000000e+00
1     1.716984e+02   2.374510e-06  -9.713173e-06   0.000000e+00   6.103607e-05   1.492189e-05   0.000000e+00
0     1.717984e+02   0.000000e+00   0.000000e+00   0.000000e+00   0.000000e+00   0.000000e+00   0.000000e+00
1     1.717984e+02   7.627982e-06  -6.465003e-06   0.000000e+00   4.062527e-05   4.793451e-05   0.000000e+00
0     1.718983e+02   0.000000e+00   0.000000e+00   0.000000e+00   0.000000e+00   0.000000e+00   0.000000e+00
1     1.718983e+02   9.970885e-06  -7.500272e-07   0.000000e+00   4.712748e-06   6.265756e-05   0.000000e+00
0     1.720000e+02   0.000000e+00   0.000000e+00   0.000000e+00   0.000000e+00   0.000000e+00   0.000000e+00
1     1.720000e+02   8.450819e-06   5.344560e-06   0.000000e+00  -3.358558e-05   5.310561e-05   0.000000e+00
0     1.720999e+02   0.000000e+00   0.000000e+00   0.000000e+00   0.000000e+00   0.000000e+00   0.000000e+00
1     1.720999e+02   3.698489e-06   9.289910e-06   0.000000e+00  -5.837796e-05   2.324194e-05   0.000000e+00
0     1.721998e+02   0.000000e+00   0.000000e+00   0.000000e+00   0.000000e+00   0.000000e+00   0.000000e+00
1     1.721998e+02  -2.465079e-06   9.690512e-06   0.000000e+00  -6.089490e-05  -1.548965e-05   0.000000e+00
0     1.722998e+02   0.000000e+00   0.000000e+00   0.000000e+00   0.000000e+00   0.000000e+00   0.000000e+00
1     1.722998e+02  -7.688073e-06   6.393575e-06   0.000000e+00  -4.017685e-05  -4.831019e-05   0.000000e+00
0     1.723997e+02   0.000000e+00   0.000000e+00   0.000000e+00   0.000000e+00   0.000000e+00   0.000000e+00
1     1.723997e+02  -9.977660e-06   6.571400e-07   0.000000e+00  -4.129761e-06  -6.269728e-05   0.000000e+00
0     1.724996e+02   0.000000e+00   0.000000e+00   0.000000e+00   0.000000e+00   0.000000e+00   0.000000e+00
1     1.724996e+02  -8.460302e-06  -5.330030e-06   0.000000e+00   3.349259e-05  -5.316234e-05   0.000000e+00
0     1.725996e+02   0.000000e+00   0.000000e+00   0.000000e+00   0.000000e+00   0.000000e+00   0.000000e+00
1     1.725996e+02  -3.714960e-06  -9.283555e-06   0.000000e+00   5.833603e-05  -2.334350e-05   0.000000e+00
0     1.726995e+02   0.000000e+00   0.000000e+00   0.000000e+00   0.000000e+00   0.000000e+00   0.000000e+00
1     1.726995e+02   2.447813e-06  -9.694954e-06   0.000000e+00   6.092163e-05   1.538253e-05   0.000000e+00
0     1.727994e+02   0.000000e+00   0.000000e+00   0.000000e+00   0.000000e+00   0.000000e+00   0.000000e+00
1     1.727994e+02   7.676600e-06  -6.407191e-06   0.000000e+00   4.026201e-05   4.824005e-05   0.000000e+00
0     1.728994e+02   0.000000e+00   0.000000e+00   0.000000e+00   0.000000e+00   0.000000e+00   0.000000e+00
1     1.728994e+02   9.976262e-06  -6.746769e-07   0.000000e+00   4.239251e-06   6.269140e-05   0.000000e+00
0     1.729993e+02   0.000000e+00   0.000000e+00   0.000000e+00   0.000000e+00   0.000000e+00   0.000000e+00
1     1.729993e+02   8.469267e-06   5.315269e-06   0.000000e+00  -3.340154e-05   5.322158e-05   0.000000e+00
0     1.730992e+02   0.000000e+00   0.000000e+00   0.000000e+00   0.000000e+00   0.000000e+00   0.000000e+00
1     1.730992e+02   3.730623e-06   9.277048e-06   0.000000e+00  -5.829717e-05   2.344388e-05   0.000000e+00
0     1.731992e+02   0.000000e+00   0.000000e+00   0.000000e+00   0.000000e+00   0.000000e+00   0.000000e+00
1     1.731992e+02  -2.431523e-06   9.698981e-06   0.000000e+00  -6.094817e-05  -1.527880e-05   0.000000e+00
0     1.732991e+02   0.000000e+00   0.000000e+00   0.000000e+00   0.000000e+00   0.000000e+00   0.000000e+00
1     1.732991e+02  -7.665897e-06   6.420140e-06   0.000000e+00  -4.034381e-05  -4.817087e-05   0.000000e+00
0     1.733990e+02   0.000000e+00   0.000000e+00   0.000000e+00   0.000000e+00   0.000000e+00   0.000000e+00
1     1.733990e+02  -9.975322e-06   6.916605e-07   0.000000e+00  -4.346685e-06  -6.268263e-05   0.000000e+00
0     1.734990e+02   0.000000e+00   0.000000e+00   0.000000e+00   0.000000e+00   0.000000e+00   0.000000e+00
1     1.734990e+02  -8.478689e-06  -5.300725e-06   0.000000e+00   3.330846e-05  -5.327791e-05   0.000000e+00
0     1.735989e+02   0.000000e+00   0.000000e+00   0.000000e+00   0.000000e+00   0.000000e+00   0.000000e+00
1     1.735989e+02  -3.747052e-06  -9.270644e-06   0.000000e+00   5.825494e-05  -2.354518e-05   0.000000e+00
0     1.736988e+02   0.000000e+00   0.000000e+00   0.000000e+00   0.000000e+00   0.000000e+00   0.000000e+00
1     1.736988e+02   2.414262e-06  -9.703360e-06   0.000000e+00   6.097448e-05   1.517170e-05   0.000000e+00
0     1.737988e+02   0.000000e+00   0.000000e+00   0.000000e+00   0.000000e+00   0.000000e+00   0.000000e+00
1     1.737988e+02   7.654390e-06  -6.433701e-06   0.000000e+00   4.042863e-05   4.810052e-05   0.000000e+00
0     1.738987e+02   0.000000e+00   0.000000e+00   0.000000e+00   0.000000e+00   0.000000e+00   0.000000e+00
1     1.738987e+02   9.973865e-06  -7.091738e-07   0.000000e+00   4.456032e-06   6.267637e-05   0.000000e+00
0     1.739986e+02   0.000000e+00   0.000000e+00   0.000000e+00   0.000000e+00   0.000000e+00   0.000000e+00
1     1.739986e+02   8.487593e-06   5.285949e-06   0.000000e+00  -3.321731e-05   5.333677e-05   0.000000e+00
0     1.740986e+02   0.000000e+00   0.000000e+00   0.000000e+00   0.000000e+00   0.000000e+00   0.000000e+00
1     1.740986e+02   3.762674e-06   9.264089e-06   0.000000e+00  -5.821578e-05   2.364531e-05   0.000000e+00
0     1.741985e+02   0.000000e+00   0.000000e+00   0.000000e+00   0.000000e+00   0.000000e+00   0.000000e+00
1     1.741985e+02  -2.397977e-06   9.707325e-06   0.000000e+00  -6.100064e-05  -1.506801e-05   0.000000e+00
0     1.742984e+02   0.000000e+00   0.000000e+00   0.000000e+00   0.000000e+00   0.000000e+00   0.000000e+00
1     1.742984e+02  -7.643656e-06   6.446596e-06   0.000000e+00  -4.051009e-05  -4.803114e-05   0.000000e+00
0     1.743984e+02   0.000000e+00   0.000000e+00   0.000000e+00   0.000000e+00   0.000000e+00   0.000000e+00
1     1.743984e+02  -9.972867e-06   7.261321e-07   0.000000e+00  -4.563302e-06  -6.266725e-05   0.000000e+00
0     1.744983e+02   0.000000e+00   0.000000e+00   0.000000e+00   0.000000e+00   0.000000e+00   0.000000e+00
1     1.744983e+02  -8.496952e-06  -5.271392e-06   0.000000e+00   3.312416e-05  -5.339271e-05   0.000000e+00
0     1.746000e+02   0.000000e+00   0.000000e+00   0.000000e+00   0.000000e+00   0.000000e+00   0.000000e+00
1     1.746000e+02  -3.676843e-06  -9.298708e-06   0.000000e+00   5.843133e-05  -2.310401e-05   0.000000e+00
0     1.746999e+02   0.000000e+00   0.000000e+00   0.000000e+00   0.000000e+00   0.000000e+00   0.000000e+00
1     1.746999e+02   2.487568e-06  -9.684820e-06   0.000000e+00   6.085803e-05   1.563237e-05   0.000000e+00
0     1.747999e+02   0.000000e+00   0.000000e+00   0.000000e+00   0.000000e+00   0.000000e+00   0.000000e+00
1     1.747999e+02   7.702822e-06  -6.375627e-06   0.000000e+00   4.006372e-05   4.840490e-05   0.000000e+00
0     1.748998e+02   0.000000e+00   0.000000e+00   0.000000e+00   0.000000e+00   0.000000e+00   0.000000e+00
1     1.748998e+02   9.978938e-06  -6.337201e-07   0.000000e+00   3.981885e-06   6.270830e-05   0.000000e+00
0     1.749997e+02   0.000000e+00   0.000000e+00   0.000000e+00   0.000000e+00   0.000000e+00   0.000000e+00
1     1.749997e+02   8.447366e-06   5.349991e-06   0.000000e+00  -3.361978e-05   5.308402e-05   0.000000e+00
0     1.750997e+02   0.000000e+00   0.000000e+00   0.000000e+00   0.000000e+00   0.000000e+00   0.000000e+00
1     1.750997e+02   3.692493e-06   9.292281e-06   0.000000e+00  -5.839297e-05   2.320430e-05   0.000000e+00
0     1.751996e+02   0.000000e+00   0.000000e+00   0.000000e+00   0.000000e+00   0.000000e+00   0.000000e+00
1     1.751996e+02  -2.471335e-06   9.688905e-06   0.000000e+00  -6.088492e-05  -1.552900e-05   0.000000e+00
0     1.752995e+02   0.000000e+00   0.000000e+00   0.000000e+00   0.000000e+00   0.000000e+00   0.000000e+00
1     1.752995e+02  -7.692200e-06   6.388590e-06   0.000000e+00  -4.014560e-05  -4.833622e-05   0.000000e+00
0     1.753995e+02   0.000000e+00   0.000000e+00   0.000000e+00   0.000000e+00   0.000000e+00   0.000000e+00
1     1.753995e+02  -9.978071e-06   6.506685e-07   0.000000e+00  -4.089102e-06  -6.269999e-05   0.000000e+00
0     1.754994e+02   0.000000e+00   0.000000e+00   0.000000e+00   0.000000e+00   0.000000e+00   0.000000e+00
1     1.754994e+02  -8.456826e-06  -5.335519e-06   0.000000e+00   3.352715e-05  -5.314060e-05   0.000000e+00
0     1.755993e+02   0.000000e+00   0.000000e+00   0.000000e+00   0.000000e+00   0.000000e+00   0.000000e+00
1     1.755993e+02  -3.708912e-06  -9.285959e-06   0.000000e+00   5.835126e-05  -2.330554e-05   0.000000e+00
0     1.756993e+02   0.000000e+00   0.000000e+00   0.000000e+00   0.000000e+00   0.000000e+00   0.000000e+00
1     1.756993e+02   2.454131e-06  -9.693343e-06   0.000000e+00   6.091162e-05   1.542226e-05   0.000000e+00
0     1.757992e+02   0.000000e+00   0.000000e+00   0.000000e+00   0.000000e+00   0.000000e+00   0.000000e+00
1     1.757992e+02   7.680774e-06  -6.402165e-06   0.000000e+00   4.023051e-05   4.826638e-05   0.000000e+00
0     1.758991e+02   0.000000e+00   0.000000e+00   0.000000e+00   0.000000e+00   0.000000e+00   0.000000e+00
1     1.758991e+02   9.976689e-06  -6.681448e-07   0.000000e+00   4.198212e-06   6.269420e-05   0.000000e+00
0     1.759991e+02   0.000000e+00   0.000000e+00   0.000000e+00   0.000000e+00   0.000000e+00   0.000000e+00
1     1.759991e+02   8.465768e-06   5.320816e-06   0.000000e+00  -3.343646e-05   5.319969e-05   0.000000e+00
0     1.760990e+02   0.000000e+00   0.000000e+00   0.000000e+00   0.000000e+00   0.000000e+00   0.000000e+00
1     1.760990e+02   3.724521e-06   9.279485e-06   0.000000e+00  -5.831260e-05   2.340558e-05   0.000000e+00
0     1.761989e+02   0.000000e+00   0.000000e+00   0.000000e+00   0.000000e+00   0.000000e+00   0.000000e+00
1     1.761989e+02  -2.437904e-06   9.697366e-06   0.000000e+00  -6.093814e-05  -1.531893e-05   0.000000e+00
0     1.762989e+02   0.000000e+00   0.000000e+00   0.000000e+00   0.000000e+00   0.000000e+00   0.000000e+00
1     1.762989e+02  -7.670120e-06   6.415075e-06   0.000000e+00  -4.031206e-05  -4.819750e-05   0.000000e+00
0     1.763988e+02   0.000000e+00   0.000000e+00   0.000000e+00   0.000000e+00   0.000000e+00   0.000000e+00
1     1.763988e+02  -9.975764e-06   6.850684e-07   0.000000e+00  -4.305270e-06  -6.268553e-05   0.000000e+00
0     1.764987e+02   0.000000e+00   0.000000e+00   0.000000e+00   0.000000e+00   0.000000e+00   0.000000e+00
1     1.764987e+02  -8.475167e-06  -5.306330e-06   0.000000e+00   3.334375e-05  -5.325588e-05   0.000000e+00
0     1.765987e+02   0.000000e+00   0.000000e+00   0.000000e+00   0.000000e+00   0.000000e+00   0.000000e+00
1     1.765987e+02  -3.740898e-06  -9.273115e-06   0.000000e+00   5.827058e-05  -2.350655e-05   0.000000e+00
0     1.766986e+02   0.000000e+00   0.000000e+00   0.000000e+00   0.000000e+00   0.000000e+00   0.000000e+00
1     1.766986e+02   2.420705e-06  -9.701741e-06   0.000000e+00   6.096443e-05   1.521222e-05   0.000000e+00
0     1.767985e+02   0.000000e+00   0.000000e+00   0.000000e+00   0.000000e+00   0.000000e+00   0.000000e+00
1     1.767985e+02   7.658661e-06  -6.428596e-06   0.000000e+00   4.039663e-05   4.812745e-05   0.000000e+00
0     1.768985e+02   0.000000e+00   0.000000e+00   0.000000e+00   0.000000e+00   0.000000e+00   0.000000e+00
1     1.768985e+02   9.974323e-06  -7.025214e-07   0.000000e+00   4.414237e-06   6.267937e-05   0.000000e+00
0     1.769984e+02   0.000000e+00   0.000000e+00   0.000000e+00   0.000000e+00   0.000000e+00   0.000000e+00
1     1.769984e+02   8.484048e-06   5.291611e-06   0.000000e+00  -3.325296e-05   5.331460e-05   0.000000e+00
0     1.770983e+02   0.000000e+00   0.000000e+00   0.000000e+00   0.000000e+00   0.000000e+00   0.000000e+00
1     1.770983e+02   3.756468e-06   9.266594e-06   0.000000e+00  -5.823163e-05   2.360635e-05   0.000000e+00
0     1.771983e+02   0.000000e+00   0.000000e+00   0.000000e+00   0.000000e+00   0.000000e+00   0.000000e+00
1     1.771983e+02  -2.404483e-06   9.705702e-06   0.000000e+00  -6.099056e-05  -1.510892e-05   0.000000e+00
0     1.772999e+02   0.000000e+00   0.000000e+00   0.000000e+00   0.000000e+00   0.000000e+00   0.000000e+00
1     1.772999e+02  -7.718476e-06   6.356806e-06   0.000000e+00  -3.994593e-05  -4.850139e-05   0.000000e+00
0     1.773999e+02   0.000000e+00   0.000000e+00   0.000000e+00   0.000000e+00   0.000000e+00   0.000000e+00
1     1.773999e+02  -9.980662e-06   6.095031e-07   0.000000e+00  -3.830430e-06  -6.271635e-05   0.000000e+00
0     1.774998e+02   0.000000e+00   0.000000e+00   0.000000e+00   0.000000e+00   0.000000e+00   0.000000e+00
1     1.774998e+02  -8.434734e-06  -5.370360e-06   0.000000e+00   3.374613e-05  -5.300184e-05   0.000000e+00
0     1.775997e+02   0.000000e+00   0.000000e+00   0.000000e+00   0.000000e+00   0.000000e+00   0.000000e+00
1     1.775997e+02  -3.670557e-06  -9.301177e-06   0.000000e+00   5.844696e-05  -2.306455e-05   0.000000e+00
0     1.776997e+02   0.000000e+00   0.000000e+00   0.000000e+00   0.000000e+00   0.000000e+00   0.000000e+00
1     1.776997e+02   2.494118e-06  -9.683122e-06   0.000000e+00   6.084748e-05   1.567356e-05   0.000000e+00
0     1.777996e+02   0.000000e+00   0.000000e+00   0.000000e+00   0.000000e+00   0.000000e+00   0.000000e+00
1     1.777996e+02   7.707133e-06  -6.370395e-06   0.000000e+00   4.003093e-05   4.843208e-05   0.000000e+00
0     1.778995e+02   0.000000e+00   0.000000e+00   0.000000e+00   0.000000e+00   0.000000e+00   0.000000e+00
1     1.778995e+02   9.979354e-06  -6.269422e-07   0.000000e+00   3.939300e-06   6.271103e-05   0.000000e+00
0     1.779995e+02   0.000000e+00   0.000000e+00   0.000000e+00   0.000000e+00   0.000000e+00   0.000000e+00
1     1.779995e+02   8.443713e-06   5.355730e-06   0.000000e+00  -3.365591e-05   5.306117e-05   0.000000e+00
0     1.780994e+02   0.000000e+00   0.000000e+00   0.000000e+00   0.000000e+00   0.000000e+00   0.000000e+00
1     1.780994e+02   3.686153e-06   9.294784e-06   0.000000e+00  -5.840881e-05   2.316451e-05   0.000000e+00
0     1.781993e+02   0.000000e+00   0.000000e+00   0.000000e+00   0.000000e+00   0.000000e+00   0.000000e+00
1     1.781993e+02  -2.477948e-06   9.687203e-06   0.000000e+00  -6.087435e-05  -1.557058e-05   0.000000e+00
0     1.782993e+02   0.000000e+00   0.000000e+00   0.000000e+00   0.000000e+00   0.000000e+00   0.000000e+00
1     1.782993e+02  -7.696558e-06   6.383318e-06   0.000000e+00  -4.011256e-05  -4.836370e-05   0.000000e+00
0     1.783992e+02   0.000000e+00   0.000000e+00   0.000000e+00   0.000000e+00   0.000000e+00   0.000000e+00
1     1.783992e+02  -9.978502e-06   6.438303e-07   0.000000e+00  -4.046140e-06  -6.270281e-05   0.000000e+00
0     1.784991e+02   0.000000e+00   0.000000e+00   0.000000e+00   0.000000e+00   0.000000e+00   0.000000e+00
1     1.784991e+02  -8.453151e-06  -5.341316e-06   0.000000e+00   3.356364e-05  -5.311761e-05   0.000000e+00
0     1.785991e+02   0.000000e+00   0.000000e+00   0.000000e+00   0.000000e+00   0.000000e+00   0.000000e+00
1     1.785991e+02  -3.702520e-06  -9.288496e-06   0.000000e+00   5.836731e-05  -2.326542e-05   0.000000e+00
0     1.786990e+02   0.000000e+00   0.000000e+00   0.000000e+00   0.000000e+00   0.000000e+00   0.000000e+00
1     1.786990e+02   2.460806e-06  -9.691638e-06   0.000000e+00   6.090102e-05   1.546424e-05   0.000000e+00
0     1.787989e+02   0.000000e+00   0.000000e+00   0.000000e+00   0.000000e+00   0.000000e+00   0.000000e+00
1     1.787989e+02   7.685181e-06  -6.396854e-06   0.000000e+00   4.019722e-05   4.829416e-05   0.000000e+00
0     1.788989e+02   0.000000e+00   0.000000e+00   0.000000e+00   0.000000e+00   0.000000e+00   0.000000e+00
1     1.788989e+02   9.977135e-06  -6.612461e-07   0.000000e+00   4.154869e-06   6.269713e-05   0.000000e+00
0     1.789988e+02   0.000000e+00   0.000000e+00   0.000000e+00   0.000000e+00   0.000000e+00   0.000000e+00
1     1.789988e+02   8.462070e-06   5.326671e-06   0.000000e+00  -3.347332e-05   5.317656e-05   0.000000e+00
0     1.790987e+02   0.000000e+00   0.000000e+00   0.000000e+00   0.000000e+00   0.000000e+00   0.000000e+00
1     1.790987e+02   3.718077e-06   9.282055e-06   0.000000e+00  -5.832886e-05   2.336513e-05   0.000000e+00
0     1.791987e+02   0.000000e+00   0.000000e+00   0.000000e+00   0.000000e+00   0.000000e+00   0.000000e+00
1     1.791987e+02  -2.444640e-06   9.695657e-06   0.000000e+00  -6.092751e-05  -1.536129e-05   0.000000e+00
0     1.792986e+02   0.000000e+00   0.000000e+00   0.000000e+00   0.000000e+00   0.000000e+00   0.000000e+00
1     1.792986e+02  -7.674575e-06   6.409724e-06   0.000000e+00  -4.027852e-05  -4.822559e-05   0.000000e+00
0     1.793985e+02   0.000000e+00   0.000000e+00   0.000000e+00   0.000000e+00   0.000000e+00   0.000000e+00
1     1.793985e+02  -9.976226e-06   6.781096e-07   0.000000e+00  -4.261549e-06  -6.268856e-05   0.000000e+00
0     1.794985e+02   0.000000e+00   0.000000e+00   0.000000e+00   0.000000e+00   0.000000e+00   0.000000e+00
1     1.794985e+02  -8.471446e-06  -5.312243e-06   0.000000e+00   3.338097e-05  -5.323261e-05   0.000000e+00
0     1.795984e+02   0.000000e+00   0.000000e+00   0.000000e+00   0.000000e+00   0.000000e+00   0.000000e+00
1     1.795984e+02  -3.734402e-06  -9.275719e-06   0.000000e+00   5.828706e-05  -2.346577e-05   0.000000e+00
0     1.796983e+02   0.000000e+00   0.000000e+00   0.000000e+00   0.000000e+00   0.000000e+00   0.000000e+00
1     1.796983e+02   2.427504e-06  -9.700028e-06   0.000000e+00   6.095379e-05   1.525498e-05   0.000000e+00
0     1.797983e+02   0.000000e+00   0.000000e+00   0.000000e+00   0.000000e+00   0.000000e+00   0.000000e+00
1     1.797983e+02   7.663165e-06  -6.423206e-06   0.000000e+00   4.036284e-05   4.815584e-05   0.000000e+00
0     1.799000e+02   0.000000e+00   0.000000e+00   0.000000e+00   0.000000e+00   0.000000e+00   0.000000e+00
1     1.799000e+02   9.981858e-06  -5.855659e-07   0.000000e+00   3.679296e-06   6.272685e-05   0.000000e+00
0     1.799999e+02   0.000000e+00   0.000000e+00   0.000000e+00   0.000000e+00   0.000000e+00   0.000000e+00
1     1.799999e+02   8.421426e-06   5.390691e-06   0.000000e+00  -3.387564e-05   5.292119e-05   0.000000e+00
0     1.800998e+02   0.000000e+00   0.000000e+00   0.000000e+00   0.000000e+00   0.000000e+00   0.000000e+00
1     1.800998e+02   3.647571e-06   9.309984e-06   0.000000e+00  -5.850440e-05   2.292209e-05   0.000000e+00
0     1.801998e+02   0.000000e+00   0.000000e+00   0.000000e+00   0.000000e+00   0.000000e+00   0.000000e+00
1     1.801998e+02  -2.518106e-06   9.676833e-06   0.000000e+00  -6.080926e-05  -1.582296e-05   0.000000e+00
0     1.802997e+02   0.000000e+00   0.000000e+00   0.000000e+00   0.000000e+00   0.000000e+00   0.000000e+00
1     1.802997e+02  -7.722968e-06   6.351327e-06   0.000000e+00  -3.991158e-05  -4.852971e-05   0.000000e+00
0     1.803996e+02   0.000000e+00   0.000000e+00   0.000000e+00   0.000000e+00   0.000000e+00   0.000000e+00
1     1.803996e+02  -9.981079e-06   6.024186e-07   0.000000e+00  -3.785920e-06  -6.271909e-05   0.000000e+00
0     1.804996e+02   0.000000e+00   0.000000e+00   0.000000e+00   0.000000e+00   0.000000e+00   0.000000e+00
1     1.804996e+02  -8.430903e-06  -5.376348e-06   0.000000e+00   3.378382e-05  -5.297787e-05   0.000000e+00
0     1.805995e+02   0.000000e+00   0.000000e+00   0.000000e+00   0.000000e+00   0.000000e+00   0.000000e+00
1     1.805995e+02  -3.663927e-06  -9.303777e-06   0.000000e+00   5.846341e-05  -2.302294e-05   0.000000e+00
0     1.806994e+02   0.000000e+00   0.000000e+00   0.000000e+00   0.000000e+00   0.000000e+00   0.000000e+00
1     1.806994e+02   2.501022e-06  -9.681328e-06   0.000000e+00   6.083632e-05   1.571697e-05   0.000000e+00
0     1.807994e+02   0.000000e+00   0.000000e+00   0.000000e+00   0.000000e+00   0.000000e+00   0.000000e+00
1     1.807994e+02   7.711673e-06  -6.364877e-06   0.000000e+00   3.999633e-05   4.846071e-05   0.000000e+00
0     1.808993e+02   0.000000e+00   0.000000e+00   0.000000e+00   0.000000e+00   0.000000e+00   0.000000e+00
1     1.808993e+02   9.979787e-06  -6.197969e-07   0.000000e+00   3.894407e-06   6.271387e-05   0.000000e+00
0     1.809992e+02   0.000000e+00   0.000000e+00   0.000000e+00   0.000000e+00   0.000000e+00   0.000000e+00
1     1.809992e+02   8.439859e-06   5.361777e-06   0.000000e+00  -3.369397e-05   5.303705e-05   0.000000e+00
0     1.810992e+02   0.000000e+00   0.000000e+00   0.000000e+00   0.000000e+00   0.000000e+00   0.000000e+00
1     1.810992e+02   3.679471e-06   9.297418e-06   0.000000e+00  -5.842547e-05   2.312256e-05   0.000000e+00
0     1.811991e+02   0.000000e+00   0.000000e+00   0.000000e+00   0.000000e+00   0.000000e+00   0.000000e+00
1     1.811991e+02  -2.484914e-06   9.685405e-06   0.000000e+00  -6.086316e-05  -1.561439e-05   0.000000e+00
0     1.812990e+02   0.000000e+00   0.000000e+00   0.000000e+00   0.000000e+00   0.000000e+00   0.000000e+00
1     1.812990e+02  -7.701147e-06   6.377761e-06   0.000000e+00  -4.007771e-05  -4.839263e-05   0.000000e+00
0     1.813990e+02   0.000000e+00   0.000000e+00   0.000000e+00   0.000000e+00   0.000000e+00   0.000000e+00
1     1.813990e+02  -9.978951e-06   6.366249e-07   0.000000e+00  -4.000870e-06  -6.270576e-05   0.000000e+00
0     1.814989e+02   0.000000e+00   0.000000e+00   0.000000e+00   0.000000e+00   0.000000e+00   0.000000e+00
1     1.814989e+02  -8.449275e-06  -5.347421e-06   0.000000e+00   3.360207e-05  -5.309335e-05   0.000000e+00
0     1.815988e+02   0.000000e+00   0.000000e+00   0.000000e+00   0.000000e+00   0.000000e+00   0.000000e+00
1     1.815988e+02  -3.695785e-06  -9.291163e-06   0.000000e+00   5.838418e-05  -2.322314e-05   0.000000e+00
0     1.816988e+02   0.000000e+00   0.000000e+00   0.000000e+00   0.000000e+00   0.000000e+00   0.000000e+00
1     1.816988e+02   2.467835e-06  -9.689837e-06   0.000000e+00   6.088983e-05   1.550844e-05   0.000000e+00
0     1.817987e+02   0.000000e+00   0.000000e+00   0.000000e+00   0.000000e+00   0.000000e+00   0.000000e+00
1     1.817987e+02   7.689819e-06  -6.391258e-06   0.000000e+00   4.016213e-05   4.832340e-05   0.000000e+00
0     1.818986e+02   0.000000e+00   0.000000e+00   0.000000e+00   0.000000e+00   0.000000e+00   0.000000e+00
1     1.818986e+02   9.977601e-06  -6.539801e-07   0.000000e+00   4.109217e-06   6.270018e-05   0.000000e+00
0     1.819986e+02   0.000000e+00   0.000000e+00   0.000000e+00   0.000000e+00   0.000000e+00   0.000000e+00
1     1.819986e+02   8.458171e-06   5.332835e-06   0.000000e+00  -3.351212e-05   5.315216e-05   0.000000e+00
0     1.820985e+02   0.000000e+00   0.000000e+00   0.000000e+00   0.000000e+00   0.000000e+00   0.000000e+00
1     1.820985e+02   3.711290e-06   9.284757e-06   0.000000e+00  -5.834595e-05   2.332253e-05   0.000000e+00
0     1.821984e+02   0.000000e+00   0.000000e+00   0.000000e+00   0.000000e+00   0.000000e+00   0.000000e+00
1     1.821984e+02  -2.451732e-06   9.693853e-06   0.000000e+00  -6.091629e-05  -1.540588e-05   0.000000e+00
0     1.822984e+02   0.000000e+00   0.000000e+00   0.000000e+00   0.000000e+00   0.000000e+00   0.000000e+00
1     1.822984e+02  -7.679261e-06   6.404089e-06   0.000000e+00  -4.024318e-05  -4.825513e-05   0.000000e+00
0     1.823983e+02   0.000000e+00   0.000000e+00   0.000000e+00   0.000000e+00   0.000000e+00   0.000000e+00
1     1.823983e+02  -9.976709e-06   6.707834e-07   0.000000e+00  -4.215521e-06  -6.269171e-05   0.000000e+00
0     1.825000e+02   0.000000e+00   0.000000e+00   0.000000e+00   0.000000e+00   0.000000e+00   0.000000e+00
1     1.825000e+02  -8.408421e-06  -5.411426e-06   0.000000e+00   3.400429e-05  -5.283667e-05   0.000000e+00
0     1.825999e+02   0.000000e+00   0.000000e+00   0.000000e+00   0.000000e+00   0.000000e+00   0.000000e+00
1     1.825999e+02  -3.625118e-06  -9.318957e-06   0.000000e+00   5.855888e-05  -2.277910e-05   0.000000e+00
0     1.826999e+02   0.000000e+00   0.000000e+00   0.000000e+00   0.000000e+00   0.000000e+00   0.000000e+00
1     1.826999e+02   2.541353e-06  -9.670810e-06   0.000000e+00   6.077031e-05   1.597043e-05   0.000000e+00
0     1.827998e+02   0.000000e+00   0.000000e+00   0.000000e+00   0.000000e+00   0.000000e+00   0.000000e+00
1     1.827998e+02   7.738136e-06  -6.332664e-06   0.000000e+00   3.979396e-05   4.862706e-05   0.000000e+00
0     1.828997e+02   0.000000e+00   0.000000e+00   0.000000e+00   0.000000e+00   0.000000e+00   0.000000e+00
1     1.828997e+02   9.982276e-06  -5.781741e-07   0.000000e+00   3.632853e-06   6.272960e-05   0.000000e+00
0     1.829997e+02   0.000000e+00   0.000000e+00   0.000000e+00   0.000000e+00   0.000000e+00   0.000000e+00
1     1.829997e+02   8.417415e-06   5.396928e-06   0.000000e+00  -3.391490e-05   5.289608e-05   0.000000e+00
0     1.830996e+02   0.000000e+00   0.000000e+00   0.000000e+00   0.000000e+00   0.000000e+00   0.000000e+00
1     1.830996e+02   3.640649e-06   9.312679e-06   0.000000e+00  -5.852145e-05   2.287864e-05   0.000000e+00
0     1.831995e+02   0.000000e+00   0.000000e+00   0.000000e+00   0.000000e+00   0.000000e+00   0.000000e+00
1     1.831995e+02  -2.525303e-06   9.674944e-06   0.000000e+00  -6.079751e-05  -1.586821e-05   0.000000e+00
0     1.832995e+02   0.000000e+00   0.000000e+00   0.000000e+00   0.000000e+00   0.000000e+00   0.000000e+00
1     1.832995e+02  -7.727689e-06   6.345562e-06   0.000000e+00  -3.987542e-05  -4.855948e-05   0.000000e+00
0     1.833994e+02   0.000000e+00   0.000000e+00   0.000000e+00   0.000000e+00   0.000000e+00   0.000000e+00
1     1.833994e+02  -9.981513e-06   5.949667e-07   0.000000e+00  -3.739100e-06  -6.272194e-05   0.000000e+00
0     1.834993e+02   0.000000e+00   0.000000e+00   0.000000e+00   0.000000e+00   0.000000e+00   0.000000e+00
1     1.834993e+02  -8.426869e-06  -5.382644e-06   0.000000e+00   3.382345e-05  -5.295263e-05   0.000000e+00
0     1.835993e+02   0.000000e+00   0.000000e+00   0.000000e+00   0.000000e+00   0.000000e+00   0.000000e+00
1     1.835993e+02  -3.656953e-06  -9.306506e-06   0.000000e+00   5.848068e-05  -2.297916e-05   0.000000e+00
0     1.836992e+02   0.000000e+00   0.000000e+00   0.000000e+00   0.000000e+00   0.000000e+00   0.000000e+00
1     1.836992e+02   2.508281e-06  -9.679436e-06   0.000000e+00   6.082455e-05   1.576262e-05   0.000000e+00
0     1.837991e+02   0.000000e+00   0.000000e+00   0.000000e+00   0.000000e+00   0.000000e+00   0.000000e+00
1     1.837991e+02   7.716444e-06  -6.359073e-06   0.000000e+00   3.995993e-05   4.849078e-05   0.000000e+00
0     1.838991e+02   0.000000e+00   0.000000e+00   0.000000e+00   0.000000e+00   0.000000e+00   0.000000e+00
1     1.838991e+02   9.980237e-06  -6.122847e-07   0.000000e+00   3.847207e-06   6.271683e-05   0.000000e+00
0     1.839990e+02   0.000000e+00   0.000000e+00   0.000000e+00   0.000000e+00   0.000000e+00   0.000000e+00
1     1.839990e+02   8.435804e-06   5.368131e-06   0.000000e+00  -3.373397e-05   5.301167e-05   0.000000e+00
0     1.840989e+02   0.000000e+00   0.000000e+00   0.000000e+00   0.000000e+00   0.000000e+00   0.000000e+00
1     1.840989e+02   3.672444e-06   9.300181e-06   0.000000e+00  -5.844295e-05   2.307845e-05   0.000000e+00
0     1.841989e+02   0.000000e+00   0.000000e+00   0.000000e+00   0.000000e+00   0.000000e+00   0.000000e+00
1     1.841989e+02  -2.492235e-06   9.683510e-06   0.000000e+00  -6.085138e-05  -1.566042e-05   0.000000e+00
0     1.842988e+02   0.000000e+00   0.000000e+00   0.000000e+00   0.000000e+00   0.000000e+00   0.000000e+00
1     1.842988e+02  -7.705966e-06   6.371917e-06   0.000000e+00  -4.004107e-05  -4.842300e-05   0.000000e+00
0     1.843987e+02   0.000000e+00   0.000000e+00   0.000000e+00   0.000000e+00   0.000000e+00   0.000000e+00
1     1.843987e+02  -9.979418e-06   6.290524e-07   0.000000e+00  -3.953293e-06  -6.270882e-05   0.000000e+00
0     1.844987e+02   0.000000e+00   0.000000e+00   0.000000e+00   0.000000e+00   0.000000e+00   0.000000e+00
1     1.844987e+02  -8.445197e-06  -5.353834e-06   0.000000e+00   3.364243e-05  -5.306784e-05   0.000000e+00
0     1.845986e+02   0.000000e+00   0.000000e+00   0.000000e+00   0.000000e+00   0.000000e+00   0.000000e+00
1     1.845986e+02  -3.688707e-06  -9.293962e-06   0.000000e+00   5.840188e-05  -2.317871e-05   0.000000e+00
0     1.846985e+02   0.000000e+00   0.000000e+00   0.000000e+00   0.000000e+00   0.000000e+00   0.000000e+00
1     1.846985e+02   2.475219e-06  -9.687940e-06   0.000000e+00   6.087803e-05   1.555486e-05   0.000000e+00
0     1.847985e+02   0.000000e+00   0.000000e+00   0.000000e+00   0.000000e+00   0.000000e+00   0.000000e+00
1     1.847985e+02   7.694687e-06  -6.385375e-06   0.000000e+00   4.012524e-05   4.835409e-05   0.000000e+00
0     1.848984e+02   0.000000e+00   0.000000e+00   0.000000e+00   0.000000e+00   0.000000e+00   0.000000e+00
1     1.848984e+02   9.978085e-06  -6.463472e-07   0.000000e+00   4.061260e-06   6.270334e-05   0.000000e+00
0     1.849983e+02   0.000000e+00   0.000000e+00   0.000000e+00   0.000000e+00   0.000000e+00   0.000000e+00
1     1.849983e+02   8.454072e-06   5.339306e-06   0.000000e+00  -3.355285e-05   5.312651e-05   0.000000e+00
0     1.850983e+02   0.000000e+00   0.000000e+00   0.000000e+00   0.000000e+00   0.000000e+00   0.000000e+00
1     1.850983e+02   3.704159e-06   9.287590e-06   0.000000e+00  -5.836387e-05   2.327776e-05   0.000000e+00
0     1.851999e+02   0.000000e+00   0.000000e+00   0.000000e+00   0.000000e+00   0.000000e+00   0.000000e+00
1     1.851999e+02  -2.565806e-06   9.664273e-06   0.000000e+00  -6.073053e-05  -1.612275e-05   0.000000e+00
0     1.852999e+02   0.000000e+00   0.000000e+00   0.000000e+00   0.000000e+00   0.000000e+00   0.000000e+00
1     1.852999e+02  -7.754201e-06   6.313125e-06   0.000000e+00  -3.967164e-05  -4.872613e-05   0.000000e+00
0     1.853998e+02   0.000000e+00   0.000000e+00   0.000000e+00   0.000000e+00   0.000000e+00   0.000000e+00
1     1.853998e+02  -9.983910e-06   5.531348e-07   0.000000e+00  -3.476238e-06  -6.273708e-05   0.000000e+00
0     1.854997e+02   0.000000e+00   0.000000e+00   0.000000e+00   0.000000e+00   0.000000e+00   0.000000e+00
1     1.854997e+02  -8.404228e-06  -5.417911e-06   0.000000e+00   3.404510e-05  -5.281043e-05   0.000000e+00
0     1.855997e+02   0.000000e+00   0.000000e+00   0.000000e+00   0.000000e+00   0.000000e+00   0.000000e+00
1     1.855997e+02  -3.617905e-06  -9.321746e-06   0.000000e+00   5.857652e-05  -2.273381e-05   0.000000e+00
0     1.856996e+02   0.000000e+00   0.000000e+00   0.000000e+00   0.000000e+00   0.000000e+00   0.000000e+00
1     1.856996e+02   2.548841e-06  -9.668825e-06   0.000000e+00   6.075796e-05   1.601752e-05   0.000000e+00
0     1.857995e+02   0.000000e+00   0.000000e+00   0.000000e+00   0.000000e+00   0.000000e+00   0.000000e+00
1     1.857995e+02   7.743037e-06  -6.326650e-06   0.000000e+00   3.975624e-05   4.865796e-05   0.000000e+00
0     1.858995e+02   0.000000e+00   0.000000e+00   0.000000e+00   0.000000e+00   0.000000e+00   0.000000e+00
1     1.858995e+02   9.982709e-06  -5.704155e-07   0.000000e+00   3.584105e-06   6.273244e-05   0.000000e+00
0     1.859994e+02   0.000000e+00   0.000000e+00   0.000000e+00   0.000000e+00   0.000000e+00   0.000000e+00
1     1.859994e+02   8.413200e-06   5.403472e-06   0.000000e+00  -3.395609e-05   5.286970e-05   0.000000e+00
0     1.860993e+02   0.000000e+00   0.000000e+00   0.000000e+00   0.000000e+00   0.000000e+00   0.000000e+00
1     1.860993e+02   3.633383e-06   9.315502e-06   0.000000e+00  -5.853930e-05   2.283302e-05   0.000000e+00
0     1.861993e+02   0.000000e+00   0.000000e+00   0.000000e+00   0.000000e+00   0.000000e+00   0.000000e+00
1     1.861993e+02  -2.532853e-06   9.672957e-06   0.000000e+00  -6.078514e-05  -1.591569e-05   0.000000e+00
0     1.862992e+02   0.000000e+00   0.000000e+00   0.000000e+00   0.000000e+00   0.000000e+00   0.000000e+00
1     1.862992e+02  -7.732640e-06   6.339508e-06   0.000000e+00  -3.983746e-05  -4.859068e-05   0.000000e+00
0     1.863991e+02   0.000000e+00   0.000000e+00   0.000000e+00   0.000000e+00   0.000000e+00   0.000000e+00
1     1.863991e+02  -9.981963e-06   5.871478e-07   0.000000e+00  -3.689974e-06  -6.272489e-05   0.000000e+00
0     1.864991e+02   0.000000e+00   0.000000e+00   0.000000e+00   0.000000e+00   0.000000e+00   0.000000e+00
1     1.864991e+02  -8.422633e-06  -5.389246e-06   0.000000e+00   3.386500e-05  -5.292612e-05   0.000000e+00
0     1.865990e+02   0.000000e+00   0.000000e+00   0.000000e+00   0.000000e+00   0.000000e+00   0.000000e+00
1     1.865990e+02  -3.649635e-06  -9.309364e-06   0.000000e+00   5.849875e-05  -2.293322e-05   0.000000e+00
0     1.866989e+02   0.000000e+00   0.000000e+00   0.000000e+00   0.000000e+00   0.000000e+00   0.000000e+00
1     1.866989e+02   2.515894e-06  -9.677447e-06   0.000000e+00   6.081217e-05   1.581049e-05   0.000000e+00
0     1.867989e+02   0.000000e+00   0.000000e+00   0.000000e+00   0.000000e+00   0.000000e+00   0.000000e+00
1     1.867989e+02   7.721443e-06  -6.352980e-06   0.000000e+00   3.992172e-05   4.852229e-05   0.000000e+00
0     1.868988e+02   0.000000e+00   0.000000e+00   0.000000e+00   0.000000e+00   0.000000e+00   0.000000e+00
1     1.868988e+02   9.980705e-06  -6.044053e-07   0.000000e+00   3.797701e-06   6.271989e-05   0.000000e+00
0     1.869987e+02   0.000000e+00   0.000000e+00   0.000000e+00   0.000000e+00   0.000000e+00   0.000000e+00
1     1.869987e+02   8.431546e-06   5.374792e-06   0.000000e+00  -3.377589e-05   5.298502e-05   0.000000e+00
0     1.870987e+02   0.000000e+00   0.000000e+00   0.000000e+00   0.000000e+00   0.000000e+00   0.000000e+00
1     1.870987e+02   3.665074e-06   9.303074e-06   0.000000e+00  -5.846125e-05   2.303218e-05   0.000000e+00
0     1.871986e+02   0.000000e+00   0.000000e+00   0.000000e+00   0.000000e+00   0.000000e+00   0.000000e+00
1     1.871986e+02  -2.499911e-06   9.681518e-06   0.000000e+00  -6.083898e-05  -1.570869e-05   0.000000e+00
0     1.872985e+02   0.000000e+00   0.000000e+00   0.000000e+00   0.000000e+00   0.000000e+00   0.000000e+00
1     1.872985e+02  -7.711015e-06   6.365786e-06   0.000000e+00  -4.000262e-05  -4.845482e-05   0.000000e+00
0     1.873985e+02   0.000000e+00   0.000000e+00   0.000000e+00   0.000000e+00   0.000000e+00   0.000000e+00
1     1.873985e+02  -9.979903e-06   6.211129e-07   0.000000e+00  -3.903410e-06  -6.271198e-05   0.000000e+00
0     1.874984e+02   0.000000e+00   0.000000e+00   0.000000e+00   0.000000e+00   0.000000e+00   0.000000e+00
1     1.874984e+02  -8.440918e-06  -5.360554e-06   0.000000e+00   3.368472e-05  -5.304105e-05   0.000000e+00
0     1.875983e+02   0.000000e+00   0.000000e+00   0.000000e+00   0.000000e+00   0.000000e+00   0.000000e+00
1     1.875983e+02  -3.681285e-06  -9.296890e-06   0.000000e+00   5.842040e-05  -2.313212e-05   0.000000e+00
0     1.876983e+02   0.000000e+00   0.000000e+00   0.000000e+00   0.000000e+00   0.000000e+00   0.000000e+00
1     1.876983e+02   2.482957e-06  -9.685946e-06   0.000000e+00   6.086561e-05   1.560352e-05   0.000000e+00
0     1.878000e+02   0.000000e+00   0.000000e+00   0.000000e+00   0.000000e+00   0.000000e+00   0.000000e+00
1     1.878000e+02   7.769598e-06  -6.293989e-06   0.000000e+00   3.955105e-05   4.882493e-05   0.000000e+00
0     1.878999e+02   0.000000e+00   0.000000e+00   0.000000e+00   0.000000e+00   0.000000e+00   0.000000e+00
1     1.878999e+02   9.985014e-06  -5.283724e-07   0.000000e+00   3.319909e-06   6.274701e-05   0.000000e+00
0     1.879998e+02   0.000000e+00   0.000000e+00   0.000000e+00   0.000000e+00   0.000000e+00   0.000000e+00
1     1.879998e+02   8.390360e-06   5.438854e-06   0.000000e+00  -3.417848e-05   5.272624e-05   0.000000e+00
0     1.880998e+02   0.000000e+00   0.000000e+00   0.000000e+00   0.000000e+00   0.000000e+00   0.000000e+00
1     1.880998e+02   3.594105e-06   9.330718e-06   0.000000e+00  -5.863499e-05   2.258623e-05   0.000000e+00
0     1.881997e+02   0.000000e+00   0.000000e+00   0.000000e+00   0.000000e+00   0.000000e+00   0.000000e+00
1     1.881997e+02  -2.573585e-06   9.662191e-06   0.000000e+00  -6.071756e-05  -1.617166e-05   0.000000e+00
0     1.882996e+02   0.000000e+00   0.000000e+00   0.000000e+00   0.000000e+00   0.000000e+00   0.000000e+00
1     1.882996e+02  -7.759280e-06   6.306860e-06   0.000000e+00  -3.963235e-05  -4.875815e-05   0.000000e+00
0     1.883996e+02   0.000000e+00   0.000000e+00   0.000000e+00   0.000000e+00   0.000000e+00   0.000000e+00
1     1.883996e+02  -9.984341e-06   5.450689e-07   0.000000e+00  -3.425559e-06  -6.273991e-05   0.000000e+00
0     1.884995e+02   0.000000e+00   0.000000e+00   0.000000e+00   0.000000e+00   0.000000e+00   0.000000e+00
1     1.884995e+02  -8.399832e-06  -5.424701e-06   0.000000e+00   3.408784e-05  -5.278290e-05   0.000000e+00
0     1.885994e+02   0.000000e+00   0.000000e+00   0.000000e+00   0.000000e+00   0.000000e+00   0.000000e+00
1     1.885994e+02  -3.610346e-06  -9.324662e-06   0.000000e+00   5.859496e-05  -2.268636e-05   0.000000e+00
0     1.886994e+02   0.000000e+00   0.000000e+00   0.000000e+00   0.000000e+00   0.000000e+00   0.000000e+00
1     1.886994e+02   2.556683e-06  -9.666741e-06   0.000000e+00   6.074498e-05   1.606683e-05   0.000000e+00
0     1.887993e+02   0.000000e+00   0.000000e+00   0.000000e+00   0.000000e+00   0.000000e+00   0.000000e+00
1     1.887993e+02   7.748166e-06  -6.320346e-06   0.000000e+00   3.971671e-05   4.869028e-05   0.000000e+00
0     1.888992e+02   0.000000e+00   0.000000e+00   0.000000e+00   0.000000e+00   0.000000e+00   0.000000e+00
1     1.888992e+02   9.983157e-06  -5.622890e-07   0.000000e+00   3.533044e-06   6.273538e-05   0.000000e+00
0     1.889992e+02   0.000000e+00   0.000000e+00   0.000000e+00   0.000000e+00   0.000000e+00   0.000000e+00
1     1.889992e+02   8.408782e-06   5.410321e-06   0.000000e+00  -3.399920e-05   5.284204e-05   0.000000e+00
0     1.890991e+02   0.000000e+00   0.000000e+00   0.000000e+00   0.000000e+00   0.000000e+00   0.000000e+00
1     1.890991e+02   3.625772e-06   9.318453e-06   0.000000e+00  -5.855796e-05   2.278524e-05   0.000000e+00
0     1.891990e+02   0.000000e+00   0.000000e+00   0.000000e+00   0.000000e+00   0.000000e+00   0.000000e+00
1     1.891990e+02  -2.540758e-06   9.670870e-06   0.000000e+00  -6.077214e-05  -1.596539e-05   0.000000e+00
0     1.892990e+02   0.000000e+00   0.000000e+00   0.000000e+00   0.000000e+00   0.000000e+00   0.000000e+00
1     1.892990e+02  -7.737818e-06   6.333166e-06   0.000000e+00  -3.979768e-05  -4.862331e-05   0.000000e+00
0     1.893989e+02   0.000000e+00   0.000000e+00   0.000000e+00   0.000000e+00   0.000000e+00   0.000000e+00
1     1.893989e+02  -9.982428e-06   5.789611e-07   0.000000e+00  -3.638537e-06  -6.272793e-05   0.000000e+00
0     1.894988e+02   0.000000e+00   0.000000e+00   0.000000e+00   0.000000e+00   0.000000e+00   0.000000e+00
1     1.894988e+02  -8.418193e-06  -5.396154e-06   0.000000e+00   3.390848e-05  -5.289832e-05   0.000000e+00
0     1.895988e+02   0.000000e+00   0.000000e+00   0.000000e+00   0.000000e+00   0.000000e+00   0.000000e+00
1     1.895988e+02  -3.641972e-06  -9.312351e-06   0.000000e+00   5.851763e-05  -2.288511e-05   0.000000e+00
0     1.896987e+02   0.000000e+00   0.000000e+00   0.000000e+00   0.000000e+00   0.000000e+00   0.000000e+00
1     1.896987e+02   2.523861e-06  -9.675358e-06   0.000000e+00   6.079917e-05   1.586058e-05   0.000000e+00
0     1.897986e+02   0.000000e+00   0.000000e+00   0.000000e+00   0.000000e+00   0.000000e+00   0.000000e+00
1     1.897986e+02   7.726671e-06  -6.346600e-06   0.000000e+00   3.988171e-05   4.855524e-05   0.000000e+00
0     1.898986e+02   0.000000e+00   0.000000e+00   0.000000e+00   0.000000e+00   0.000000e+00   0.000000e+00
1     1.898986e+02   9.981188e-06  -5.961582e-07   0.000000e+00   3.745883e-06   6.272304e-05   0.000000e+00
0     1.899985e+02   0.000000e+00   0.000000e+00   0.000000e+00   0.000000e+00   0.000000e+00   0.000000e+00
1     1.899985e+02   8.427085e-06   5.381760e-06   0.000000e+00  -3.381974e-05   5.295709e-05   0.000000e+00
0     1.900984e+02   0.000000e+00   0.000000e+00   0.000000e+00   0.000000e+00   0.000000e+00   0.000000e+00
1     1.900984e+02   3.657359e-06   9.306096e-06   0.000000e+00  -5.848035e-05   2.298375e-05   0.000000e+00
0     1.901984e+02   0.000000e+00   0.000000e+00   0.000000e+00   0.000000e+00   0.000000e+00   0.000000e+00
1     1.901984e+02  -2.507941e-06   9.679428e-06   0.000000e+00  -6.082596e-05  -1.575918e-05   0.000000e+00
0     1.902983e+02   0.000000e+00   0.000000e+00   0.000000e+00   0.000000e+00   0.000000e+00   0.000000e+00
1     1.902983e+02  -7.716293e-06   6.359367e-06   0.000000e+00  -3.996236e-05  -4.848808e-05   0.000000e+00
0     1.904000e+02   0.000000e+00   0.000000e+00   0.000000e+00   0.000000e+00   0.000000e+00   0.000000e+00
1     1.904000e+02  -9.986550e-06   5.028176e-07   0.000000e+00  -3.160060e-06  -6.275387e-05   0.000000e+00
0     1.904999e+02   0.000000e+00   0.000000e+00   0.000000e+00   0.000000e+00   0.000000e+00   0.000000e+00
1     1.904999e+02  -8.376792e-06  -5.460196e-06   0.000000e+00   3.431093e-05  -5.263819e-05   0.000000e+00
0     1.905998e+02   0.000000e+00   0.000000e+00   0.000000e+00   0.000000e+00   0.000000e+00   0.000000e+00
1     1.905998e+02  -3.570840e-06  -9.339852e-06   0.000000e+00   5.869049e-05  -2.243814e-05   0.000000e+00
0     1.906998e+02   0.000000e+00   0.000000e+00   0.000000e+00   0.000000e+00   0.000000e+00   0.000000e+00
1     1.906998e+02   2.597584e-06  -9.655821e-06   0.000000e+00   6.067644e-05   1.632387e-05   0.000000e+00
0     1.907997e+02   0.000000e+00   0.000000e+00   0.000000e+00   0.000000e+00   0.000000e+00   0.000000e+00
1     1.907997e+02   7.774854e-06  -6.287473e-06   0.000000e+00   3.951019e-05   4.885805e-05   0.000000e+00
0     1.908996e+02   0.000000e+00   0.000000e+00   0.000000e+00   0.000000e+00   0.000000e+00   0.000000e+00
1     1.908996e+02   9.985440e-06  -5.199996e-07   0.000000e+00   3.267300e-06   6.274981e-05   0.000000e+00
0     1.909996e+02   0.000000e+00   0.000000e+00   0.000000e+00   0.000000e+00   0.000000e+00   0.000000e+00
1     1.909996e+02   8.385779e-06   5.445890e-06   0.000000e+00  -3.422276e-05   5.269755e-05   0.000000e+00
0     1.910995e+02   0.000000e+00   0.000000e+00   0.000000e+00   0.000000e+00   0.000000e+00   0.000000e+00
1     1.910995e+02   3.586253e-06   9.333725e-06   0.000000e+00  -5.865400e-05   2.253693e-05   0.000000e+00
0     1.911994e+02   0.000000e+00   0.000000e+00   0.000000e+00   0.000000e+00   0.000000e+00   0.000000e+00
1     1.911994e+02  -2.581717e-06   9.660008e-06   0.000000e+00  -6.070396e-05  -1.622280e-05   0.000000e+00
0     1.912994e+02   0.000000e+00   0.000000e+00   0.000000e+00   0.000000e+00   0.000000e+00   0.000000e+00
1     1.912994e+02  -7.764586e-06   6.300306e-06   0.000000e+00  -3.959125e-05  -4.879158e-05   0.000000e+00
0     1.913993e+02   0.000000e+00   0.000000e+00   0.000000e+00   0.000000e+00   0.000000e+00   0.000000e+00
1     1.913993e+02  -9.984785e-06   5.366359e-07   0.000000e+00  -3.372573e-06  -6.274282e-05   0.000000e+00
0     1.914992e+02   0.000000e+00   0.000000e+00   0.000000e+00   0.000000e+00   0.000000e+00   0.000000e+00
1     1.914992e+02  -8.395230e-06  -5.431796e-06   0.000000e+00   3.413249e-05  -5.275409e-05   0.000000e+00
0     1.915992e+02   0.000000e+00   0.000000e+00   0.000000e+00   0.000000e+00   0.000000e+00   0.000000e+00
1     1.915992e+02  -3.602442e-06  -9.327704e-06   0.000000e+00   5.861419e-05  -2.263674e-05   0.000000e+00
0     1.916991e+02   0.000000e+00   0.000000e+00   0.000000e+00   0.000000e+00   0.000000e+00   0.000000e+00
1     1.916991e+02   2.564878e-06  -9.664556e-06   0.000000e+00   6.073137e-05   1.611836e-05   0.000000e+00
0     1.917990e+02   0.000000e+00   0.000000e+00   0.000000e+00   0.000000e+00   0.000000e+00   0.000000e+00
1     1.917990e+02   7.753522e-06  -6.313754e-06   0.000000e+00   3.967536e-05   4.872403e-05   0.000000e+00
0     1.918990e+02   0.000000e+00   0.000000e+00   0.000000e+00   0.000000e+00   0.000000e+00   0.000000e+00
1     1.918990e+02   9.983619e-06  -5.537956e-07   0.000000e+00   3.479678e-06   6.273841e-05   0.000000e+00
0     1.919989e+02   0.000000e+00   0.000000e+00   0.000000e+00   0.000000e+00   0.000000e+00   0.000000e+00
1     1.919989e+02   8.404159e-06   5.417476e-06   0.000000e+00  -3.404422e-05   5.281309e-05   0.000000e+00
0     1.920988e+02   0.000000e+00   0.000000e+00   0.000000e+00   0.000000e+00   0.000000e+00   0.000000e+00
1     1.920988e+02   3.617816e-06   9.321531e-06   0.000000e+00  -5.857742e-05   2.273529e-05   0.000000e+00
0     1.921988e+02   0.000000e+00   0.000000e+00   0.000000e+00   0.000000e+00   0.000000e+00   0.000000e+00
1     1.921988e+02  -2.549016e-06   9.668684e-06   0.000000e+00  -6.075852e-05  -1.601731e-05   0.000000e+00
0     1.922987e+02   0.000000e+00   0.000000e+00   0.000000e+00   0.000000e+00   0.000000e+00   0.000000e+00
1     1.922987e+02  -7.743224e-06   6.326535e-06   0.000000e+00  -3.975610e-05  -4.865738e-05   0.000000e+00
0     1.923986e+02   0.000000e+00   0.000000e+00   0.000000e+00   0.000000e+00   0.000000e+00   0.000000e+00
1     1.923986e+02  -9.982908e-06   5.704076e-07   0.000000e+00  -3.584795e-06  -6.273107e-05   0.000000e+00
0     1.924986e+02   0.000000e+00   0.000000e+00   0.000000e+00   0.000000e+00   0.000000e+00   0.000000e+00
1     1.924986e+02  -8.413550e-06  -5.403368e-06   0.000000e+00   3.395387e-05  -5.286924e-05   0.000000e+00
0     1.925985e+02   0.000000e+00   0.000000e+00   0.000000e+00   0.000000e+00   0.000000e+00   0.000000e+00
1     1.925985e+02  -3.633965e-06  -9.315465e-06   0.000000e+00   5.853731e-05  -2.283484e-05   0.000000e+00
0     1.926984e+02   0.000000e+00   0.000000e+00   0.000000e+00   0.000000e+00   0.000000e+00   0.000000e+00
1     1.926984e+02   2.532182e-06  -9.673170e-06   0.000000e+00   6.078554e-05   1.591290e-05   0.000000e+00
0     1.927984e+02   0.000000e+00   0.000000e+00   0.000000e+00   0.000000e+00   0.000000e+00   0.000000e+00
1     1.927984e+02   7.732127e-06  -6.339931e-06   0.000000e+00   3.983988e-05   4.858962e-05   0.000000e+00
0     1.928983e+02   0.000000e+00   0.000000e+00   0.000000e+00   0.000000e+00   0.000000e+00   0.000000e+00
1     1.928983e+02   9.981685e-06  -5.875443e-07   0.000000e+00   3.691760e-06   6.272629e-05   0.000000e+00
0     1.929982e+02   0.000000e+00   0.000000e+00   0.000000e+00   0.000000e+00   0.000000e+00   0.000000e+00
1     1.929982e+02   8.422420e-06   5.389033e-06   0.000000e+00  -3.386551e-05   5.292788e-05   0.000000e+00
0     1.930999e+02   0.000000e+00   0.000000e+00   0.000000e+00   0.000000e+00   0.000000e+00   0.000000e+00
1     1.930999e+02   3.546517e-06   9.348887e-06   0.000000e+00  -5.874935e-05   2.228725e-05   0.000000e+00
0     1.931999e+02   0.000000e+00   0.000000e+00   0.000000e+00   0.000000e+00   0.000000e+00   0.000000e+00
1     1.931999e+02  -2.622787e-06   9.648930e-06   0.000000e+00  -6.063442e-05  -1.648090e-05   0.000000e+00
0     1.932998e+02   0.000000e+00   0.000000e+00   0.000000e+00   0.000000e+00   0.000000e+00   0.000000e+00
1     1.932998e+02  -7.791317e-06   6.267206e-06   0.000000e+00  -3.938329e-05  -4.895962e-05   0.000000e+00
0     1.933997e+02   0.000000e+00   0.000000e+00   0.000000e+00   0.000000e+00   0.000000e+00   0.000000e+00
1     1.933997e+02  -9.986970e-06   4.941383e-07   0.000000e+00  -3.105526e-06  -6.275663e-05   0.000000e+00
0     1.934997e+02   0.000000e+00   0.000000e+00   0.000000e+00   0.000000e+00   0.000000e+00   0.000000e+00
1     1.934997e+02  -8.372026e-06  -5.467477e-06   0.000000e+00   3.435675e-05  -5.260834e-05   0.000000e+00
0     1.935996e+02   0.000000e+00   0.000000e+00   0.000000e+00   0.000000e+00   0.000000e+00   0.000000e+00
1     1.935996e+02  -3.562695e-06  -9.342948e-06   0.000000e+00   5.871006e-05  -2.238700e-05   0.000000e+00
0     1.936995e+02   0.000000e+00   0.000000e+00   0.000000e+00   0.000000e+00   0.000000e+00   0.000000e+00
1     1.936995e+02   2.606007e-06  -9.653538e-06   0.000000e+00   6.066221e-05   1.637683e-05   0.000000e+00
0     1.937995e+02   0.000000e+00   0.000000e+00   0.000000e+00   0.000000e+00   0.000000e+00   0.000000e+00
1     1.937995e+02   7.780336e-06  -6.280668e-06   0.000000e+00   3.946750e-05   4.889260e-05   0.000000e+00
0     1.938994e+02   0.000000e+00   0.000000e+00   0.000000e+00   0.000000e+00   0.000000e+00   0.000000e+00
1     1.938994e+02   9.985878e-06  -5.112596e-07   0.000000e+00   3.212384e-06   6.275269e-05   0.000000e+00
0     1.939993e+02   0.000000e+00   0.000000e+00   0.000000e+00   0.000000e+00   0.000000e+00   0.000000e+00
1     1.939993e+02   8.380992e-06   5.453231e-06   0.000000e+00  -3.426895e-05   5.266758e-05   0.000000e+00
0     1.940993e+02   0.000000e+00   0.000000e+00   0.000000e+00   0.000000e+00   0.000000e+00   0.000000e+00
1     1.940993e+02   3.578055e-06   9.336857e-06   0.000000e+00  -5.867380e-05   2.248546e-05   0.000000e+00
0     1.941992e+02   0.000000e+00   0.000000e+00   0.000000e+00   0.000000e+00   0.000000e+00   0.000000e+00
1     1.941992e+02  -2.590203e-06   9.657723e-06   0.000000e+00  -6.068972e-05  -1.627615e-05   0.000000e+00
0     1.942991e+02   0.000000e+00   0.000000e+00   0.000000e+00   0.000000e+00   0.000000e+00   0.000000e+00
1     1.942991e+02  -7.770118e-06   6.293462e-06   0.000000e+00  -3.954831e-05  -4.882644e-05   0.000000e+00
0     1.943991e+02   0.000000e+00   0.000000e+00   0.000000e+00   0.000000e+00   0.000000e+00   0.000000e+00
1     1.943991e+02  -9.985241e-06   5.278354e-07   0.000000e+00  -3.317279e-06  -6.274581e-05   0.000000e+00
0     1.944990e+02   0.000000e+00   0.000000e+00   0.000000e+00   0.000000e+00   0.000000e+00   0.000000e+00
1     1.944990e+02  -8.390422e-06  -5.439196e-06   0.000000e+00   3.417906e-05  -5.272398e-05   0.000000e+00
0     1.945989e+02   0.000000e+00   0.000000e+00   0.000000e+00   0.000000e+00   0.000000e+00   0.000000e+00
1     1.945989e+02  -3.594193e-06  -9.330872e-06   0.000000e+00   5.863421e-05  -2.258494e-05   0.000000e+00
0     1.946989e+02   0.000000e+00   0.000000e+00   0.000000e+00   0.000000e+00   0.000000e+00   0.000000e+00
1     1.946989e+02   2.573427e-06  -9.662270e-06   0.000000e+00   6.071712e-05   1.617211e-05   0.000000e+00
0     1.947988e+02   0.000000e+00   0.000000e+00   0.000000e+00   0.000000e+00   0.000000e+00   0.000000e+00
1     1.947988e+02   7.759104e-06  -6.306872e-06   0.000000e+00   3.963219e-05   4.875921e-05   0.000000e+00
0     1.948987e+02   0.000000e+00   0.000000e+00   0.000000e+00   0.000000e+00   0.000000e+00   0.000000e+00
1     1.948987e+02   9.984093e-06  -5.449344e-07   0.000000e+00   3.424001e-06   6.274151e-05   0.000000e+00
0     1.949987e+02   0.000000e+00   0.000000e+00   0.000000e+00   0.000000e+00   0.000000e+00   0.000000e+00
1     1.949987e+02   8.399330e-06   5.424935e-06   0.000000e+00  -3.409117e-05   5.278285e-05   0.000000e+00
0     1.950986e+02   0.000000e+00   0.000000e+00   0.000000e+00   0.000000e+00   0.000000e+00   0.000000e+00
1     1.950986e+02   3.609515e-06   9.324735e-06   0.000000e+00  -5.859766e-05   2.268317e-05   0.000000e+00
0     1.951985e+02   0.000000e+00   0.000000e+00   0.000000e+00   0.000000e+00   0.000000e+00   0.000000e+00
1     1.951985e+02  -2.557628e-06   9.666396e-06   0.000000e+00  -6.074426e-05  -1.607146e-05   0.000000e+00
0     1.952985e+02   0.000000e+00   0.000000e+00   0.000000e+00   0.000000e+00   0.000000e+00   0.000000e+00
1     1.952985e+02  -7.748856e-06   6.319615e-06   0.000000e+00  -3.971269e-05  -4.869286e-05   0.000000e+00
0     1.953984e+02   0.000000e+00   0.000000e+00   0.000000e+00   0.000000e+00   0.000000e+00   0.000000e+00
1     1.953984e+02  -9.983401e-06   5.614862e-07   0.000000e+00  -3.528740e-06  -6.273429e-05   0.000000e+00
0     1.954983e+02   0.000000e+00   0.000000e+00   0.000000e+00   0.000000e+00   0.000000e+00   0.000000e+00
1     1.954983e+02  -8.408701e-06  -5.410887e-06   0.000000e+00   3.400119e-05  -5.283887e-05   0.000000e+00
0     1.955983e+02   0.000000e+00   0.000000e+00   0.000000e+00   0.000000e+00   0.000000e+00   0.000000e+00
1     1.955983e+02  -3.625612e-06  -9.318705e-06   0.000000e+00   5.855779e-05  -2.278239e-05   0.000000e+00
0     1.957000e+02   0.000000e+00   0.000000e+00   0.000000e+00   0.000000e+00   0.000000e+00   0.000000e+00
1     1.957000e+02   2.647246e-06  -9.642301e-06   0.000000e+00   6.059168e-05   1.663600e-05   0.000000e+00
0     1.957999e+02   0.000000e+00   0.000000e+00   0.000000e+00   0.000000e+00   0.000000e+00   0.000000e+00
1     1.957999e+02   7.807111e-06  -6.247340e-06   0.000000e+00   3.925812e-05   4.906092e-05   0.000000e+00
0     1.958998e+02   0.000000e+00   0.000000e+00   0.000000e+00   0.000000e+00   0.000000e+00   0.000000e+00
1     1.958998e+02   9.987964e-06  -4.685511e-07   0.000000e+00   2.944005e-06   6.276588e-05   0.000000e+00
0     1.959998e+02   0.000000e+00   0.000000e+00   0.000000e+00   0.000000e+00   0.000000e+00   0.000000e+00
1     1.959998e+02   8.357584e-06   5.489023e-06   0.000000e+00  -3.449392e-05   5.252054e-05   0.000000e+00
0     1.960997e+02   0.000000e+00   0.000000e+00   0.000000e+00   0.000000e+00   0.000000e+00   0.000000e+00
1     1.960997e+02   3.538077e-06   9.352070e-06   0.000000e+00  -5.876948e-05   2.223426e-05   0.000000e+00
0     1.961996e+02   0.000000e+00   0.000000e+00   0.000000e+00   0.000000e+00   0.000000e+00   0.000000e+00
1     1.961996e+02  -2.631499e-06   9.646544e-06   0.000000e+00  -6.061955e-05  -1.653568e-05   0.000000e+00
0     1.962996e+02   0.000000e+00   0.000000e+00   0.000000e+00   0.000000e+00   0.000000e+00   0.000000e+00
1     1.962996e+02  -7.796973e-06   6.260148e-06   0.000000e+00  -3.933901e-05  -4.899526e-05   0.000000e+00
0     1.963995e+02   0.000000e+00   0.000000e+00   0.000000e+00   0.000000e+00   0.000000e+00   0.000000e+00
1     1.963995e+02  -9.987400e-06   4.850910e-07   0.000000e+00  -3.048679e-06  -6.275946e-05   0.000000e+00
0     1.964994e+02   0.000000e+00   0.000000e+00   0.000000e+00   0.000000e+00   0.000000e+00   0.000000e+00
1     1.964994e+02  -8.367052e-06  -5.475061e-06   0.000000e+00   3.440447e-05  -5.257719e-05   0.000000e+00
0     1.965994e+02   0.000000e+00   0.000000e+00   0.000000e+00   0.000000e+00   0.000000e+00   0.000000e+00
1     1.965994e+02  -3.554203e-06  -9.346168e-06   0.000000e+00   5.873041e-05  -2.233368e-05   0.000000e+00
0     1.966993e+02   0.000000e+00   0.000000e+00   0.000000e+00   0.000000e+00   0.000000e+00   0.000000e+00
1     1.966993e+02   2.614782e-06  -9.651151e-06   0.000000e+00   6.064733e-05   1.643200e-05   0.000000e+00
0     1.967992e+02   0.000000e+00   0.000000e+00   0.000000e+00   0.000000e+00   0.000000e+00   0.000000e+00
1     1.967992e+02   7.786042e-06  -6.273571e-06   0.000000e+00   3.942298e-05   4.892856e-05   0.000000e+00
0     1.968992e+02   0.000000e+00   0.000000e+00   0.000000e+00   0.000000e+00   0.000000e+00   0.000000e+00
1     1.968992e+02   9.986327e-06  -5.021517e-07   0.000000e+00   3.155156e-06   6.275563e-05   0.000000e+00
0     1.969991e+02   0.000000e+00   0.000000e+00   0.000000e+00   0.000000e+00   0.000000e+00   0.000000e+00
1     1.969991e+02   8.375998e-06   5.460875e-06   0.000000e+00  -3.431706e-05   5.263629e-05   0.000000e+00
0     1.970990e+02   0.000000e+00   0.000000e+00   0.000000e+00   0.000000e+00   0.000000e+00   0.000000e+00
1     1.970990e+02   3.569511e-06   9.340113e-06   0.000000e+00  -5.869437e-05   2.243181e-05   0.000000e+00
0     1.971990e+02   0.000000e+00   0.000000e+00   0.000000e+00   0.000000e+00   0.000000e+00   0.000000e+00
1     1.971990e+02  -2.599041e-06   9.655335e-06   0.000000e+00  -6.067483e-05  -1.633172e-05   0.000000e+00
0     1.972989e+02   0.000000e+00   0.000000e+00   0.000000e+00   0.000000e+00   0.000000e+00   0.000000e+00
1     1.972989e+02  -7.775875e-06   6.286328e-06   0.000000e+00  -3.950356e-05  -4.886271e-05   0.000000e+00
0     1.973988e+02   0.000000e+00   0.000000e+00   0.000000e+00   0.000000e+00   0.000000e+00   0.000000e+00
1     1.973988e+02  -9.985708e-06   5.186676e-07   0.000000e+00  -3.259675e-06  -6.274887e-05   0.000000e+00
0     1.974988e+02   0.000000e+00   0.000000e+00   0.000000e+00   0.000000e+00   0.000000e+00   0.000000e+00
1     1.974988e+02  -8.385407e-06  -5.446900e-06   0.000000e+00   3.422753e-05  -5.269257e-05   0.000000e+00
0     1.975987e+02   0.000000e+00   0.000000e+00   0.000000e+00   0.000000e+00   0.000000e+00   0.000000e+00
1     1.975987e+02  -3.585597e-06  -9.334165e-06   0.000000e+00   5.865502e-05  -2.253097e-05   0.000000e+00
0     1.976986e+02   0.000000e+00   0.000000e+00   0.000000e+00   0.000000e+00   0.000000e+00   0.000000e+00
1     1.976986e+02   2.582329e-06  -9.659881e-06   0.000000e+00   6.070223e-05   1.622808e-05   0.000000e+00
0     1.977986e+02   0.000000e+00   0.000000e+00   0.000000e+00   0.000000e+00   0.000000e+00   0.000000e+00
1     1.977986e+02   7.764912e-06  -6.299700e-06   0.000000e+00   3.958720e-05   4.879580e-05   0.000000e+00
0     1.978985e+02   0.000000e+00   0.000000e+00   0.000000e+00   0.000000e+00   0.000000e+00   0.000000e+00
1     1.978985e+02   9.984580e-06  -5.357058e-07   0.000000e+00   3.366015e-06   6.274469e-05   0.000000e+00
0     1.979984e+02   0.000000e+00   0.000000e+00   0.000000e+00   0.000000e+00   0.000000e+00   0.000000e+00
1     1.979984e+02   8.394295e-06   5.432699e-06   0.000000e+00  -3.414002e-05   5.275131e-05   0.000000e+00
0     1.980984e+02   0.000000e+00   0.000000e+00   0.000000e+00   0.000000e+00   0.000000e+00   0.000000e+00
1     1.980984e+02   3.600867e-06   9.328064e-06   0.000000e+00  -5.861870e-05   2.262887e-05   0.000000e+00
0     1.981983e+02   0.000000e+00   0.000000e+00   0.000000e+00   0.000000e+00   0.000000e+00   0.000000e+00
1     1.981983e+02  -2.566593e-06   9.664006e-06   0.000000e+00  -6.072936e-05  -1.612783e-05   0.000000e+00
0     1.983000e+02   0.000000e+00   0.000000e+00   0.000000e+00   0.000000e+00   0.000000e+00   0.000000e+00
1     1.983000e+02  -7.823788e-06   6.226590e-06   0.000000e+00  -3.912819e-05  -4.916382e-05   0.000000e+00
0     1.983999e+02   0.000000e+00   0.000000e+00   0.000000e+00   0.000000e+00   0.000000e+00   0.000000e+00
1     1.983999e+02  -9.989384e-06   4.421740e-07   0.000000e+00  -2.778995e-06  -6.277200e-05   0.000000e+00
0     1.984998e+02   0.000000e+00   0.000000e+00   0.000000e+00   0.000000e+00   0.000000e+00   0.000000e+00
1     1.984998e+02  -8.343439e-06  -5.510963e-06   0.000000e+00   3.463012e-05  -5.242888e-05   0.000000e+00
0     1.985998e+02   0.000000e+00   0.000000e+00   0.000000e+00   0.000000e+00   0.000000e+00   0.000000e+00
1     1.985998e+02  -3.513994e-06  -9.361350e-06   0.000000e+00   5.882589e-05  -2.208104e-05   0.000000e+00
0     1.986997e+02   0.000000e+00   0.000000e+00   0.000000e+00   0.000000e+00   0.000000e+00   0.000000e+00
1     1.986997e+02   2.656248e-06  -9.639812e-06   0.000000e+00   6.057616e-05   1.669259e-05   0.000000e+00
0     1.987996e+02   0.000000e+00   0.000000e+00   0.000000e+00   0.000000e+00   0.000000e+00   0.000000e+00
1     1.987996e+02   7.812940e-06  -6.240027e-06   0.000000e+00   3.921224e-05   4.909765e-05   0.000000e+00
0     1.988996e+02   0.000000e+00   0.000000e+00   0.000000e+00   0.000000e+00   0.000000e+00   0.000000e+00
1     1.988996e+02   9.988386e-06  -4.591966e-07   0.000000e+00   2.885226e-06   6.276865e-05   0.000000e+00
0     1.989995e+02   0.000000e+00   0.000000e+00   0.000000e+00   0.000000e+00   0.000000e+00   0.000000e+00
1     1.989995e+02   8.352422e-06   5.496851e-06   0.000000e+00  -3.454318e-05   5.248821e-05   0.000000e+00
0     1.990994e+02   0.000000e+00   0.000000e+00   0.000000e+00   0.000000e+00   0.000000e+00   0.000000e+00
1     1.990994e+02   3.529289e-06   9.355376e-06   0.000000e+00  -5.879036e-05   2.217908e-05   0.000000e+00
0     1.991994e+02   0.000000e+00   0.000000e+00   0.000000e+00   0.000000e+00   0.000000e+00   0.000000e+00
1     1.991994e+02  -2.640564e-06   9.644053e-06   0.000000e+00  -6.060401e-05  -1.659268e-05   0.000000e+00
0     1.992993e+02   0.000000e+00   0.000000e+00   0.000000e+00   0.000000e+00   0.000000e+00   0.000000e+00
1     1.992993e+02  -7.802853e-06   6.252797e-06   0.000000e+00  -3.929290e-05  -4.903230e-05   0.000000e+00
0     1.993992e+02   0.000000e+00   0.000000e+00   0.000000e+00   0.000000e+00   0.000000e+00   0.000000e+00
1     1.993992e+02  -9.987840e-06   4.756763e-07   0.000000e+00  -2.989524e-06  -6.276234e-05   0.000000e+00
0     1.994992e+02   0.000000e+00   0.000000e+00   0.000000e+00   0.000000e+00   0.000000e+00   0.000000e+00
1     1.994992e+02  -8.361870e-06  -5.482948e-06   0.000000e+00   3.445410e-05  -5.254473e-05   0.000000e+00
0     1.995991e+02   0.000000e+00   0.000000e+00   0.000000e+00   0.000000e+00   0.000000e+00   0.000000e+00
1     1.995991e+02  -3.545364e-06  -9.349511e-06   0.000000e+00   5.875153e-05  -2.227818e-05   0.000000e+00
0     1.996990e+02   0.000000e+00   0.000000e+00   0.000000e+00   0.000000e+00   0.000000e+00   0.000000e+00
1     1.996990e+02   2.623910e-06  -9.648660e-06   0.000000e+00   6.063180e-05   1.648940e-05   0.000000e+00
0     1.997990e+02   0.000000e+00   0.000000e+00   0.000000e+00   0.000000e+00   0.000000e+00   0.000000e+00
1     1.997990e+02   7.791973e-06  -6.266183e-06   0.000000e+00   3.937663e-05   4.896592e-05   0.000000e+00
0     1.998989e+02   0.000000e+00   0.000000e+00   0.000000e+00   0.000000e+00   0.000000e+00   0.000000e+00
1     1.998989e+02   9.986786e-06  -4.926765e-07   0.000000e+00   3.095619e-06   6.275864e-05   0.000000e+00
0     1.999988e+02   0.000000e+00   0.000000e+00   0.000000e+00   0.000000e+00   0.000000e+00   0.000000e+00
1     1.999988e+02   8.370796e-06   5.468822e-06   0.000000e+00  -3.436707e-05   5.260370e-05   0.000000e+00
0     2.000000e+02   0.000000e+00   0.000000e+00   0.000000e+00   0.000000e+00   0.000000e+00   0.000000e+00
1     2.000000e+02   8.330867e-06   5.529457e-06   0.000000e+00  -3.474810e-05   5.235279e-05   0.000000e+00
