# id: Particle id
# t: time in code units
# a: semi-major axis in code units
# e: eccentricity 
# i: inclination in rad [0, pi]
# Omega: longitude of ascending node in rad [0, 2pi]
# omega: argument of pericentre in rad [0, 2pi]
# f: true anomaly in rad [0, 2pi]
# P: period in code units
# E: eccentric anomaly in rad [0, 2pi]
# M: mean anomaly in rad [0, 2pi]
#id   t              a              e              i              Omega          omega          f              P              E              M           
1     0.000000e+00   1.000000e+00   5.551117e-16   0.000000e+00   0.000000e+00   0.000000e+00   5.000000e-01   9.999985e-01   5.000000e-01   5.000000e-01
1     9.601723e-03   1.000003e+00   2.999900e-06   0.000000e+00   0.000000e+00   5.000001e-01   6.032943e-02   1.000004e+00   6.032925e-02   6.032906e-02
1     1.908535e-02   1.000003e+00   2.999900e-06   0.000000e+00   0.000000e+00   5.000011e-01   1.199159e-01   1.000004e+00   1.199155e-01   1.199152e-01
1     2.912078e-02   1.000003e+00   2.999899e-06   0.000000e+00   0.000000e+00   5.000023e-01   1.829692e-01   1.000004e+00   1.829686e-01   1.829681e-01
1     3.915589e-02   1.000003e+00   2.999892e-06   0.000000e+00   0.000000e+00   5.000031e-01   2.460210e-01   1.000004e+00   2.460203e-01   2.460196e-01
1     4.919073e-02   1.000003e+00   2.999830e-06   0.000000e+00   0.000000e+00   4.999985e-01   3.090764e-01   1.000004e+00   3.090755e-01   3.090746e-01
1     5.922535e-02   1.000003e+00   2.999754e-06   0.000000e+00   0.000000e+00   4.999910e-01   3.721333e-01   1.000004e+00   3.721322e-01   3.721311e-01
1     6.925976e-02   1.000003e+00   2.999666e-06   0.000000e+00   0.000000e+00   4.999800e-01   4.351925e-01   1.000004e+00   4.351912e-01   4.351899e-01
1     7.929399e-02   1.000003e+00   2.999568e-06   0.000000e+00   0.000000e+00   4.999650e-01   4.982545e-01   1.000004e+00   4.982530e-01   4.982516e-01
1     8.932806e-02   1.000003e+00   2.999459e-06   0.000000e+00   0.000000e+00   4.999454e-01   5.613200e-01   1.000004e+00   5.613184e-01   5.613168e-01
1     9.936201e-02   1.000003e+00   2.999342e-06   0.000000e+00   0.000000e+00   4.999208e-01   6.243898e-01   1.000004e+00   6.243880e-01   6.243863e-01
1     1.093959e-01   1.000003e+00   2.999218e-06   0.000000e+00   0.000000e+00   4.998908e-01   6.874644e-01   1.000004e+00   6.874625e-01   6.874606e-01
1     1.194297e-01   1.000003e+00   2.999089e-06   0.000000e+00   0.000000e+00   4.998550e-01   7.505444e-01   1.000004e+00   7.505424e-01   7.505403e-01
1     1.294634e-01   1.000003e+00   2.998956e-06   0.000000e+00   0.000000e+00   4.998131e-01   8.136304e-01   1.000004e+00   8.136282e-01   8.136260e-01
1     1.394972e-01   1.000003e+00   2.998821e-06   0.000000e+00   0.000000e+00   4.997647e-01   8.767228e-01   1.000004e+00   8.767205e-01   8.767182e-01
1     1.495310e-01   1.000003e+00   2.998687e-06   0.000000e+00   0.000000e+00   4.997097e-01   9.398220e-01   1.000004e+00   9.398195e-01   9.398171e-01
1     1.595649e-01   1.000003e+00   2.998554e-06   0.000000e+00   0.000000e+00   4.996479e-01   1.002928e+00   1.000004e+00   1.002926e+00   1.002923e+00
1     1.695988e-01   1.000003e+00   2.998426e-06   0.000000e+00   0.000000e+00   4.995792e-01   1.066042e+00   1.000004e+00   1.066039e+00   1.066037e+00
1     1.796328e-01   1.000003e+00   2.998305e-06   0.000000e+00   0.000000e+00   4.995035e-01   1.129163e+00   1.000004e+00   1.129160e+00   1.129157e+00
1     1.896668e-01   1.000003e+00   2.998192e-06   0.000000e+00   0.000000e+00   4.994208e-01   1.192291e+00   1.000004e+00   1.192288e+00   1.192286e+00
1     1.997009e-01   1.000003e+00   2.998090e-06   0.000000e+00   0.000000e+00   4.993313e-01   1.255427e+00   1.000004e+00   1.255424e+00   1.255421e+00
1     2.097351e-01   1.000003e+00   2.998001e-06   0.000000e+00   0.000000e+00   4.992350e-01   1.318569e+00   1.000004e+00   1.318566e+00   1.318563e+00
1     2.197692e-01   1.000003e+00   2.997926e-06   0.000000e+00   0.000000e+00   4.991323e-01   1.381718e+00   1.000004e+00   1.381715e+00   1.381712e+00
1     2.298034e-01   1.000003e+00   2.997869e-06   0.000000e+00   0.000000e+00   4.990232e-01   1.444873e+00   1.000004e+00   1.444870e+00   1.444867e+00
1     2.398375e-01   1.000003e+00   2.997832e-06   0.000000e+00   0.000000e+00   4.989083e-01   1.508035e+00   1.000004e+00   1.508032e+00   1.508029e+00
1     2.498717e-01   1.000003e+00   2.997815e-06   0.000000e+00   0.000000e+00   4.987878e-01   1.571201e+00   1.000004e+00   1.571198e+00   1.571195e+00
1     2.599058e-01   1.000003e+00   2.997822e-06   0.000000e+00   0.000000e+00   4.986623e-01   1.634372e+00   1.000004e+00   1.634369e+00   1.634366e+00
1     2.699395e-01   1.000003e+00   2.997854e-06   0.000000e+00   0.000000e+00   4.985322e-01   1.697546e+00   1.000004e+00   1.697543e+00   1.697540e+00
1     2.799733e-01   1.000003e+00   2.997913e-06   0.000000e+00   0.000000e+00   4.983982e-01   1.760724e+00   1.000004e+00   1.760721e+00   1.760718e+00
1     2.887532e-01   1.000003e+00   2.997988e-06   0.000000e+00   0.000000e+00   4.982782e-01   1.816009e+00   1.000004e+00   1.816006e+00   1.816003e+00
1     2.987873e-01   1.000003e+00   2.998101e-06   0.000000e+00   0.000000e+00   4.981385e-01   1.879195e+00   1.000004e+00   1.879192e+00   1.879189e+00
1     3.088214e-01   1.000003e+00   2.998246e-06   0.000000e+00   0.000000e+00   4.979968e-01   1.942382e+00   1.000004e+00   1.942379e+00   1.942377e+00
1     3.188554e-01   1.000003e+00   2.998422e-06   0.000000e+00   0.000000e+00   4.978538e-01   2.005570e+00   1.000004e+00   2.005568e+00   2.005565e+00
1     3.288893e-01   1.000003e+00   2.998633e-06   0.000000e+00   0.000000e+00   4.977105e-01   2.068758e+00   1.000004e+00   2.068755e+00   2.068752e+00
1     3.389228e-01   1.000003e+00   2.998877e-06   0.000000e+00   0.000000e+00   4.975677e-01   2.131943e+00   1.000004e+00   2.131940e+00   2.131938e+00
1     3.489560e-01   1.000003e+00   2.999156e-06   0.000000e+00   0.000000e+00   4.974261e-01   2.195124e+00   1.000004e+00   2.195121e+00   2.195119e+00
1     3.589889e-01   1.000003e+00   2.999470e-06   0.000000e+00   0.000000e+00   4.972869e-01   2.258301e+00   1.000004e+00   2.258299e+00   2.258297e+00
1     3.690215e-01   1.000003e+00   2.999820e-06   0.000000e+00   0.000000e+00   4.971508e-01   2.321474e+00   1.000004e+00   2.321472e+00   2.321469e+00
1     3.790540e-01   1.000003e+00   3.000205e-06   0.000000e+00   0.000000e+00   4.970189e-01   2.384641e+00   1.000004e+00   2.384639e+00   2.384637e+00
1     3.890863e-01   1.000003e+00   3.000626e-06   0.000000e+00   0.000000e+00   4.968920e-01   2.447802e+00   1.000004e+00   2.447800e+00   2.447798e+00
1     3.991184e-01   1.000003e+00   3.001081e-06   0.000000e+00   0.000000e+00   4.967713e-01   2.510956e+00   1.000004e+00   2.510954e+00   2.510953e+00
1     4.091505e-01   1.000003e+00   3.001570e-06   0.000000e+00   0.000000e+00   4.966576e-01   2.574103e+00   1.000004e+00   2.574101e+00   2.574099e+00
1     4.191824e-01   1.000003e+00   3.002093e-06   0.000000e+00   0.000000e+00   4.965519e-01   2.637240e+00   1.000004e+00   2.637239e+00   2.637237e+00
1     4.292141e-01   1.000003e+00   3.002647e-06   0.000000e+00   0.000000e+00   4.964551e-01   2.700367e+00   1.000004e+00   2.700366e+00   2.700365e+00
1     4.392456e-01   1.000003e+00   3.003233e-06   0.000000e+00   0.000000e+00   4.963681e-01   2.763483e+00   1.000004e+00   2.763482e+00   2.763481e+00
1     4.492769e-01   1.000003e+00   3.003847e-06   0.000000e+00   0.000000e+00   4.962920e-01   2.826588e+00   1.000004e+00   2.826587e+00   2.826586e+00
1     4.593082e-01   1.000003e+00   3.004489e-06   0.000000e+00   0.000000e+00   4.962275e-01   2.889679e+00   1.000004e+00   2.889679e+00   2.889678e+00
1     4.693392e-01   1.000003e+00   3.005156e-06   0.000000e+00   0.000000e+00   4.961755e-01   2.952758e+00   1.000004e+00   2.952757e+00   2.952757e+00
1     4.793702e-01   1.000003e+00   3.005847e-06   0.000000e+00   0.000000e+00   4.961369e-01   3.015822e+00   1.000004e+00   3.015822e+00   3.015821e+00
1     4.894011e-01   1.000003e+00   3.006558e-06   0.000000e+00   0.000000e+00   4.961123e-01   3.078872e+00   1.000004e+00   3.078872e+00   3.078871e+00
1     4.994318e-01   1.000003e+00   3.007287e-06   0.000000e+00   0.000000e+00   4.961025e-01   3.141906e+00   1.000004e+00   3.141906e+00   3.141906e+00
1     5.094624e-01   1.000003e+00   3.008031e-06   0.000000e+00   0.000000e+00   4.961082e-01   3.204924e+00   1.000004e+00   3.204924e+00   3.204924e+00
1     5.194930e-01   1.000003e+00   3.008787e-06   0.000000e+00   0.000000e+00   4.961299e-01   3.267926e+00   1.000004e+00   3.267926e+00   3.267926e+00
1     5.295235e-01   1.000003e+00   3.009552e-06   0.000000e+00   0.000000e+00   4.961681e-01   3.330910e+00   1.000004e+00   3.330911e+00   3.330911e+00
1     5.395539e-01   1.000003e+00   3.010322e-06   0.000000e+00   0.000000e+00   4.962232e-01   3.393877e+00   1.000004e+00   3.393878e+00   3.393879e+00
1     5.495843e-01   1.000003e+00   3.011095e-06   0.000000e+00   0.000000e+00   4.962957e-01   3.456827e+00   1.000004e+00   3.456828e+00   3.456829e+00
1     5.596147e-01   1.000003e+00   3.011866e-06   0.000000e+00   0.000000e+00   4.963858e-01   3.519759e+00   1.000004e+00   3.519760e+00   3.519761e+00
1     5.696450e-01   1.000003e+00   3.012632e-06   0.000000e+00   0.000000e+00   4.964937e-01   3.582672e+00   1.000004e+00   3.582674e+00   3.582675e+00
1     5.796752e-01   1.000003e+00   3.013389e-06   0.000000e+00   0.000000e+00   4.966196e-01   3.645568e+00   1.000004e+00   3.645569e+00   3.645571e+00
1     5.897055e-01   1.000003e+00   3.014133e-06   0.000000e+00   0.000000e+00   4.967634e-01   3.708446e+00   1.000004e+00   3.708447e+00   3.708449e+00
1     5.997357e-01   1.000003e+00   3.014861e-06   0.000000e+00   0.000000e+00   4.969251e-01   3.771305e+00   1.000004e+00   3.771307e+00   3.771309e+00
1     6.097659e-01   1.000003e+00   3.015568e-06   0.000000e+00   0.000000e+00   4.971046e-01   3.834147e+00   1.000004e+00   3.834148e+00   3.834150e+00
1     6.197961e-01   1.000003e+00   3.016250e-06   0.000000e+00   0.000000e+00   4.973016e-01   3.896971e+00   1.000004e+00   3.896973e+00   3.896975e+00
1     6.298263e-01   1.000003e+00   3.016905e-06   0.000000e+00   0.000000e+00   4.975157e-01   3.959777e+00   1.000004e+00   3.959779e+00   3.959782e+00
1     6.398564e-01   1.000003e+00   3.017527e-06   0.000000e+00   0.000000e+00   4.977467e-01   4.022567e+00   1.000004e+00   4.022569e+00   4.022572e+00
1     6.498866e-01   1.000003e+00   3.018113e-06   0.000000e+00   0.000000e+00   4.979938e-01   4.085341e+00   1.000004e+00   4.085343e+00   4.085346e+00
1     6.599167e-01   1.000003e+00   3.018660e-06   0.000000e+00   0.000000e+00   4.982566e-01   4.148098e+00   1.000004e+00   4.148101e+00   4.148104e+00
1     6.699468e-01   1.000003e+00   3.019163e-06   0.000000e+00   0.000000e+00   4.985344e-01   4.210841e+00   1.000004e+00   4.210844e+00   4.210846e+00
1     6.799768e-01   1.000003e+00   3.019620e-06   0.000000e+00   0.000000e+00   4.988262e-01   4.273570e+00   1.000004e+00   4.273572e+00   4.273575e+00
1     6.887531e-01   1.000003e+00   3.019978e-06   0.000000e+00   0.000000e+00   4.990925e-01   4.328446e+00   1.000004e+00   4.328449e+00   4.328452e+00
1     6.987831e-01   1.000003e+00   3.020337e-06   0.000000e+00   0.000000e+00   4.994085e-01   4.391150e+00   1.000004e+00   4.391153e+00   4.391156e+00
1     7.088131e-01   1.000003e+00   3.020640e-06   0.000000e+00   0.000000e+00   4.997358e-01   4.453843e+00   1.000004e+00   4.453845e+00   4.453848e+00
1     7.188431e-01   1.000003e+00   3.020884e-06   0.000000e+00   0.000000e+00   5.000734e-01   4.516525e+00   1.000004e+00   4.516528e+00   4.516531e+00
1     7.288730e-01   1.000003e+00   3.021066e-06   0.000000e+00   0.000000e+00   5.004202e-01   4.579197e+00   1.000004e+00   4.579200e+00   4.579203e+00
1     7.389029e-01   1.000003e+00   3.021183e-06   0.000000e+00   0.000000e+00   5.007748e-01   4.641862e+00   1.000004e+00   4.641865e+00   4.641868e+00
1     7.489327e-01   1.000003e+00   3.021234e-06   0.000000e+00   0.000000e+00   5.011359e-01   4.704520e+00   1.000004e+00   4.704523e+00   4.704526e+00
1     7.589625e-01   1.000003e+00   3.021216e-06   0.000000e+00   0.000000e+00   5.015021e-01   4.767172e+00   1.000004e+00   4.767176e+00   4.767179e+00
1     7.689922e-01   1.000003e+00   3.021128e-06   0.000000e+00   0.000000e+00   5.018720e-01   4.829821e+00   1.000004e+00   4.829824e+00   4.829827e+00
1     7.790219e-01   1.000003e+00   3.020968e-06   0.000000e+00   0.000000e+00   5.022442e-01   4.892467e+00   1.000004e+00   4.892470e+00   4.892473e+00
1     7.890515e-01   1.000003e+00   3.020735e-06   0.000000e+00   0.000000e+00   5.026170e-01   4.955112e+00   1.000004e+00   4.955115e+00   4.955118e+00
1     7.990810e-01   1.000003e+00   3.020428e-06   0.000000e+00   0.000000e+00   5.029889e-01   5.017757e+00   1.000004e+00   5.017760e+00   5.017763e+00
1     8.091105e-01   1.000003e+00   3.020047e-06   0.000000e+00   0.000000e+00   5.033583e-01   5.080405e+00   1.000004e+00   5.080408e+00   5.080411e+00
1     8.191400e-01   1.000003e+00   3.019591e-06   0.000000e+00   0.000000e+00   5.037235e-01   5.143056e+00   1.000004e+00   5.143059e+00   5.143062e+00
1     8.291694e-01   1.000003e+00   3.019061e-06   0.000000e+00   0.000000e+00   5.040829e-01   5.205713e+00   1.000004e+00   5.205716e+00   5.205719e+00
1     8.391987e-01   1.000003e+00   3.018456e-06   0.000000e+00   0.000000e+00   5.044348e-01   5.268377e+00   1.000004e+00   5.268380e+00   5.268383e+00
1     8.492280e-01   1.000003e+00   3.017778e-06   0.000000e+00   0.000000e+00   5.047775e-01   5.331050e+00   1.000004e+00   5.331053e+00   5.331055e+00
1     8.592572e-01   1.000003e+00   3.017028e-06   0.000000e+00   0.000000e+00   5.051094e-01   5.393734e+00   1.000004e+00   5.393736e+00   5.393738e+00
1     8.692863e-01   1.000003e+00   3.016208e-06   0.000000e+00   0.000000e+00   5.054288e-01   5.456429e+00   1.000004e+00   5.456432e+00   5.456434e+00
1     8.793154e-01   1.000003e+00   3.015319e-06   0.000000e+00   0.000000e+00   5.057341e-01   5.519139e+00   1.000004e+00   5.519141e+00   5.519143e+00
1     8.893445e-01   1.000003e+00   3.014363e-06   0.000000e+00   0.000000e+00   5.060236e-01   5.581864e+00   1.000004e+00   5.581866e+00   5.581868e+00
1     8.993735e-01   1.000003e+00   3.013343e-06   0.000000e+00   0.000000e+00   5.062957e-01   5.644606e+00   1.000004e+00   5.644607e+00   5.644609e+00
1     9.094024e-01   1.000003e+00   3.012262e-06   0.000000e+00   0.000000e+00   5.065488e-01   5.707366e+00   1.000004e+00   5.707368e+00   5.707370e+00
1     9.194313e-01   1.000003e+00   3.011123e-06   0.000000e+00   0.000000e+00   5.067816e-01   5.770147e+00   1.000004e+00   5.770148e+00   5.770150e+00
1     9.294602e-01   1.000003e+00   3.009930e-06   0.000000e+00   0.000000e+00   5.069925e-01   5.832949e+00   1.000004e+00   5.832951e+00   5.832952e+00
1     9.394890e-01   1.000003e+00   3.008686e-06   0.000000e+00   0.000000e+00   5.071801e-01   5.895775e+00   1.000004e+00   5.895776e+00   5.895777e+00
1     9.495178e-01   1.000003e+00   3.007396e-06   0.000000e+00   0.000000e+00   5.073432e-01   5.958624e+00   1.000004e+00   5.958625e+00   5.958626e+00
1     9.595465e-01   1.000003e+00   3.006063e-06   0.000000e+00   0.000000e+00   5.074805e-01   6.021500e+00   1.000004e+00   6.021501e+00   6.021501e+00
1     9.695752e-01   1.000003e+00   3.004694e-06   0.000000e+00   0.000000e+00   5.075908e-01   6.084402e+00   1.000004e+00   6.084402e+00   6.084403e+00
1     9.796039e-01   1.000003e+00   3.003292e-06   0.000000e+00   0.000000e+00   5.076731e-01   6.147332e+00   1.000004e+00   6.147332e+00   6.147333e+00
1     9.896326e-01   1.000003e+00   3.001863e-06   0.000000e+00   0.000000e+00   5.077265e-01   6.210290e+00   1.000004e+00   6.210291e+00   6.210291e+00
1     9.996613e-01   1.000003e+00   3.000413e-06   0.000000e+00   0.000000e+00   5.077500e-01   6.273279e+00   1.000004e+00   6.273279e+00   6.273279e+00
1     1.009690e+00   1.000003e+00   2.998947e-06   0.000000e+00   0.000000e+00   5.077431e-01   5.311236e-02   1.000004e+00   5.311220e-02   5.311204e-02
1     1.019718e+00   1.000003e+00   2.997471e-06   0.000000e+00   0.000000e+00   5.077049e-01   1.161622e-01   1.000004e+00   1.161618e-01   1.161615e-01
1     1.029747e+00   1.000003e+00   2.995991e-06   0.000000e+00   0.000000e+00   5.076351e-01   1.792435e-01   1.000004e+00   1.792430e-01   1.792424e-01
1     1.039776e+00   1.000003e+00   2.994513e-06   0.000000e+00   0.000000e+00   5.075334e-01   2.423567e-01   1.000004e+00   2.423560e-01   2.423553e-01
1     1.049804e+00   1.000003e+00   2.993044e-06   0.000000e+00   0.000000e+00   5.073993e-01   3.055021e-01   1.000004e+00   3.055012e-01   3.055003e-01
1     1.059833e+00   1.000003e+00   2.991590e-06   0.000000e+00   0.000000e+00   5.072330e-01   3.686796e-01   1.000004e+00   3.686785e-01   3.686775e-01
1     1.069861e+00   1.000003e+00   2.990156e-06   0.000000e+00   0.000000e+00   5.070344e-01   4.318893e-01   1.000004e+00   4.318881e-01   4.318868e-01
1     1.079890e+00   1.000003e+00   2.988751e-06   0.000000e+00   0.000000e+00   5.068037e-01   4.951310e-01   1.000004e+00   4.951296e-01   4.951282e-01
1     1.089918e+00   1.000003e+00   2.987379e-06   0.000000e+00   0.000000e+00   5.065412e-01   5.584043e-01   1.000004e+00   5.584027e-01   5.584012e-01
1     1.099947e+00   1.000003e+00   2.986048e-06   0.000000e+00   0.000000e+00   5.062475e-01   6.217088e-01   1.000004e+00   6.217070e-01   6.217053e-01
1     1.109975e+00   1.000003e+00   2.984764e-06   0.000000e+00   0.000000e+00   5.059232e-01   6.850437e-01   1.000004e+00   6.850418e-01   6.850399e-01
1     1.118750e+00   1.000003e+00   2.983683e-06   0.000000e+00   0.000000e+00   5.056150e-01   7.404861e-01   1.000004e+00   7.404841e-01   7.404821e-01
1     1.128778e+00   1.000003e+00   2.982504e-06   0.000000e+00   0.000000e+00   5.052356e-01   8.038759e-01   1.000004e+00   8.038738e-01   8.038716e-01
1     1.138807e+00   1.000003e+00   2.981389e-06   0.000000e+00   0.000000e+00   5.048283e-01   8.672935e-01   1.000004e+00   8.672913e-01   8.672890e-01
1     1.148835e+00   1.000003e+00   2.980344e-06   0.000000e+00   0.000000e+00   5.043942e-01   9.307378e-01   1.000004e+00   9.307354e-01   9.307330e-01
1     1.158864e+00   1.000003e+00   2.979375e-06   0.000000e+00   0.000000e+00   5.039349e-01   9.942072e-01   1.000004e+00   9.942047e-01   9.942022e-01
1     1.168892e+00   1.000003e+00   2.978488e-06   0.000000e+00   0.000000e+00   5.034516e-01   1.057700e+00   1.000004e+00   1.057698e+00   1.057695e+00
1     1.178920e+00   1.000003e+00   2.977687e-06   0.000000e+00   0.000000e+00   5.029461e-01   1.121216e+00   1.000004e+00   1.121213e+00   1.121210e+00
1     1.188949e+00   1.000003e+00   2.976978e-06   0.000000e+00   0.000000e+00   5.024202e-01   1.184751e+00   1.000004e+00   1.184748e+00   1.184746e+00
1     1.198977e+00   1.000003e+00   2.976365e-06   0.000000e+00   0.000000e+00   5.018757e-01   1.248305e+00   1.000004e+00   1.248302e+00   1.248299e+00
1     1.209005e+00   1.000003e+00   2.975851e-06   0.000000e+00   0.000000e+00   5.013146e-01   1.311875e+00   1.000004e+00   1.311873e+00   1.311870e+00
1     1.219033e+00   1.000003e+00   2.975441e-06   0.000000e+00   0.000000e+00   5.007390e-01   1.375460e+00   1.000004e+00   1.375457e+00   1.375454e+00
1     1.229062e+00   1.000003e+00   2.975139e-06   0.000000e+00   0.000000e+00   5.001511e-01   1.439057e+00   1.000004e+00   1.439054e+00   1.439051e+00
1     1.239090e+00   1.000003e+00   2.974947e-06   0.000000e+00   0.000000e+00   4.995532e-01   1.502664e+00   1.000004e+00   1.502661e+00   1.502658e+00
1     1.249118e+00   1.000003e+00   2.974868e-06   0.000000e+00   0.000000e+00   4.989478e-01   1.566278e+00   1.000004e+00   1.566275e+00   1.566272e+00
1     1.259146e+00   1.000003e+00   2.974903e-06   0.000000e+00   0.000000e+00   4.983372e-01   1.629897e+00   1.000004e+00   1.629894e+00   1.629891e+00
1     1.269174e+00   1.000003e+00   2.975055e-06   0.000000e+00   0.000000e+00   4.977239e-01   1.693519e+00   1.000004e+00   1.693516e+00   1.693513e+00
1     1.279202e+00   1.000003e+00   2.975325e-06   0.000000e+00   0.000000e+00   4.971106e-01   1.757140e+00   1.000004e+00   1.757137e+00   1.757134e+00
1     1.289230e+00   1.000003e+00   2.975713e-06   0.000000e+00   0.000000e+00   4.964997e-01   1.820759e+00   1.000004e+00   1.820756e+00   1.820753e+00
1     1.299259e+00   1.000003e+00   2.976220e-06   0.000000e+00   0.000000e+00   4.958940e-01   1.884373e+00   1.000004e+00   1.884370e+00   1.884367e+00
1     1.309287e+00   1.000003e+00   2.976844e-06   0.000000e+00   0.000000e+00   4.952961e-01   1.947978e+00   1.000004e+00   1.947976e+00   1.947973e+00
1     1.319315e+00   1.000003e+00   2.977586e-06   0.000000e+00   0.000000e+00   4.947085e-01   2.011573e+00   1.000004e+00   2.011571e+00   2.011568e+00
1     1.329343e+00   1.000003e+00   2.978443e-06   0.000000e+00   0.000000e+00   4.941340e-01   2.075155e+00   1.000004e+00   2.075153e+00   2.075150e+00
1     1.339371e+00   1.000003e+00   2.979415e-06   0.000000e+00   0.000000e+00   4.935750e-01   2.138722e+00   1.000004e+00   2.138719e+00   2.138717e+00
1     1.349399e+00   1.000003e+00   2.980498e-06   0.000000e+00   0.000000e+00   4.930343e-01   2.202270e+00   1.000004e+00   2.202267e+00   2.202265e+00
1     1.359427e+00   1.000003e+00   2.981689e-06   0.000000e+00   0.000000e+00   4.925142e-01   2.265797e+00   1.000004e+00   2.265794e+00   2.265792e+00
1     1.369455e+00   1.000003e+00   2.982985e-06   0.000000e+00   0.000000e+00   4.920173e-01   2.329301e+00   1.000004e+00   2.329298e+00   2.329296e+00
1     1.379482e+00   1.000003e+00   2.984383e-06   0.000000e+00   0.000000e+00   4.915460e-01   2.392779e+00   1.000004e+00   2.392777e+00   2.392775e+00
1     1.389510e+00   1.000003e+00   2.985876e-06   0.000000e+00   0.000000e+00   4.911024e-01   2.456229e+00   1.000004e+00   2.456227e+00   2.456225e+00
1     1.399538e+00   1.000003e+00   2.987462e-06   0.000000e+00   0.000000e+00   4.906888e-01   2.519649e+00   1.000004e+00   2.519647e+00   2.519646e+00
1     1.409566e+00   1.000003e+00   2.989134e-06   0.000000e+00   0.000000e+00   4.903073e-01   2.583037e+00   1.000004e+00   2.583036e+00   2.583034e+00
1     1.419594e+00   1.000003e+00   2.990887e-06   0.000000e+00   0.000000e+00   4.899598e-01   2.646391e+00   1.000004e+00   2.646390e+00   2.646388e+00
1     1.429622e+00   1.000003e+00   2.992714e-06   0.000000e+00   0.000000e+00   4.896482e-01   2.709709e+00   1.000004e+00   2.709708e+00   2.709706e+00
1     1.439650e+00   1.000003e+00   2.994608e-06   0.000000e+00   0.000000e+00   4.893742e-01   2.772989e+00   1.000004e+00   2.772988e+00   2.772987e+00
1     1.449678e+00   1.000003e+00   2.996564e-06   0.000000e+00   0.000000e+00   4.891393e-01   2.836230e+00   1.000004e+00   2.836229e+00   2.836228e+00
1     1.459705e+00   1.000003e+00   2.998573e-06   0.000000e+00   0.000000e+00   4.889450e-01   2.899430e+00   1.000004e+00   2.899430e+00   2.899429e+00
1     1.469733e+00   1.000003e+00   3.000628e-06   0.000000e+00   0.000000e+00   4.887925e-01   2.962589e+00   1.000004e+00   2.962588e+00   2.962588e+00
1     1.479761e+00   1.000003e+00   3.002722e-06   0.000000e+00   0.000000e+00   4.886829e-01   3.025704e+00   1.000004e+00   3.025704e+00   3.025704e+00
1     1.489789e+00   1.000003e+00   3.004845e-06   0.000000e+00   0.000000e+00   4.886170e-01   3.088776e+00   1.000004e+00   3.088776e+00   3.088776e+00
1     1.499817e+00   1.000003e+00   3.006990e-06   0.000000e+00   0.000000e+00   4.885956e-01   3.151803e+00   1.000004e+00   3.151803e+00   3.151803e+00
1     1.509844e+00   1.000003e+00   3.009148e-06   0.000000e+00   0.000000e+00   4.886193e-01   3.214785e+00   1.000004e+00   3.214785e+00   3.214786e+00
1     1.519872e+00   1.000003e+00   3.011311e-06   0.000000e+00   0.000000e+00   4.886884e-01   3.277722e+00   1.000004e+00   3.277722e+00   3.277723e+00
1     1.529900e+00   1.000003e+00   3.013470e-06   0.000000e+00   0.000000e+00   4.888032e-01   3.340613e+00   1.000004e+00   3.340613e+00   3.340614e+00
1     1.539928e+00   1.000003e+00   3.015617e-06   0.000000e+00   0.000000e+00   4.889635e-01   3.403458e+00   1.000004e+00   3.403458e+00   3.403459e+00
1     1.549955e+00   1.000003e+00   3.017741e-06   0.000000e+00   0.000000e+00   4.891694e-01   3.466257e+00   1.000004e+00   3.466258e+00   3.466259e+00
1     1.559983e+00   1.000003e+00   3.019836e-06   0.000000e+00   0.000000e+00   4.894203e-01   3.529012e+00   1.000004e+00   3.529013e+00   3.529014e+00
1     1.568757e+00   1.000003e+00   3.021636e-06   0.000000e+00   0.000000e+00   4.896765e-01   3.583885e+00   1.000004e+00   3.583887e+00   3.583888e+00
1     1.578785e+00   1.000003e+00   3.023650e-06   0.000000e+00   0.000000e+00   4.900103e-01   3.646557e+00   1.000004e+00   3.646558e+00   3.646560e+00
1     1.588813e+00   1.000003e+00   3.025608e-06   0.000000e+00   0.000000e+00   4.903872e-01   3.709185e+00   1.000004e+00   3.709187e+00   3.709188e+00
1     1.598840e+00   1.000003e+00   3.027502e-06   0.000000e+00   0.000000e+00   4.908060e-01   3.771771e+00   1.000004e+00   3.771773e+00   3.771775e+00
1     1.608868e+00   1.000003e+00   3.029324e-06   0.000000e+00   0.000000e+00   4.912655e-01   3.834317e+00   1.000004e+00   3.834319e+00   3.834321e+00
1     1.618896e+00   1.000003e+00   3.031065e-06   0.000000e+00   0.000000e+00   4.917642e-01   3.896824e+00   1.000004e+00   3.896826e+00   3.896828e+00
1     1.628923e+00   1.000003e+00   3.032719e-06   0.000000e+00   0.000000e+00   4.923006e-01   3.959292e+00   1.000004e+00   3.959295e+00   3.959297e+00
1     1.638951e+00   1.000003e+00   3.034276e-06   0.000000e+00   0.000000e+00   4.928729e-01   4.021725e+00   1.000004e+00   4.021727e+00   4.021730e+00
1     1.648979e+00   1.000003e+00   3.035731e-06   0.000000e+00   0.000000e+00   4.934792e-01   4.084124e+00   1.000004e+00   4.084126e+00   4.084129e+00
1     1.659006e+00   1.000003e+00   3.037076e-06   0.000000e+00   0.000000e+00   4.941175e-01   4.146490e+00   1.000004e+00   4.146493e+00   4.146495e+00
1     1.669034e+00   1.000003e+00   3.038304e-06   0.000000e+00   0.000000e+00   4.947856e-01   4.208827e+00   1.000004e+00   4.208830e+00   4.208832e+00
1     1.679061e+00   1.000003e+00   3.039410e-06   0.000000e+00   0.000000e+00   4.954812e-01   4.271136e+00   1.000004e+00   4.271139e+00   4.271142e+00
1     1.689089e+00   1.000003e+00   3.040387e-06   0.000000e+00   0.000000e+00   4.962018e-01   4.333421e+00   1.000004e+00   4.333423e+00   4.333426e+00
1     1.699117e+00   1.000003e+00   3.041231e-06   0.000000e+00   0.000000e+00   4.969449e-01   4.395682e+00   1.000004e+00   4.395685e+00   4.395688e+00
1     1.709144e+00   1.000003e+00   3.041937e-06   0.000000e+00   0.000000e+00   4.977077e-01   4.457924e+00   1.000004e+00   4.457927e+00   4.457930e+00
1     1.719172e+00   1.000003e+00   3.042500e-06   0.000000e+00   0.000000e+00   4.984876e-01   4.520149e+00   1.000004e+00   4.520152e+00   4.520155e+00
1     1.729199e+00   1.000003e+00   3.042917e-06   0.000000e+00   0.000000e+00   4.992815e-01   4.582360e+00   1.000004e+00   4.582363e+00   4.582366e+00
1     1.739227e+00   1.000003e+00   3.043185e-06   0.000000e+00   0.000000e+00   5.000867e-01   4.644559e+00   1.000004e+00   4.644562e+00   4.644565e+00
1     1.749254e+00   1.000003e+00   3.043300e-06   0.000000e+00   0.000000e+00   5.008999e-01   4.706751e+00   1.000004e+00   4.706754e+00   4.706757e+00
1     1.759282e+00   1.000003e+00   3.043261e-06   0.000000e+00   0.000000e+00   5.017183e-01   4.768937e+00   1.000004e+00   4.768940e+00   4.768943e+00
1     1.769309e+00   1.000003e+00   3.043067e-06   0.000000e+00   0.000000e+00   5.025385e-01   4.831121e+00   1.000004e+00   4.831124e+00   4.831127e+00
1     1.779337e+00   1.000003e+00   3.042716e-06   0.000000e+00   0.000000e+00   5.033575e-01   4.893307e+00   1.000004e+00   4.893310e+00   4.893313e+00
1     1.789365e+00   1.000003e+00   3.042209e-06   0.000000e+00   0.000000e+00   5.041719e-01   4.955497e+00   1.000004e+00   4.955500e+00   4.955503e+00
1     1.799392e+00   1.000003e+00   3.041545e-06   0.000000e+00   0.000000e+00   5.049787e-01   5.017694e+00   1.000004e+00   5.017697e+00   5.017700e+00
1     1.809419e+00   1.000003e+00   3.040726e-06   0.000000e+00   0.000000e+00   5.057745e-01   5.079903e+00   1.000004e+00   5.079906e+00   5.079909e+00
1     1.819447e+00   1.000003e+00   3.039754e-06   0.000000e+00   0.000000e+00   5.065562e-01   5.142126e+00   1.000004e+00   5.142129e+00   5.142131e+00
1     1.829474e+00   1.000003e+00   3.038630e-06   0.000000e+00   0.000000e+00   5.073206e-01   5.204366e+00   1.000004e+00   5.204368e+00   5.204371e+00
1     1.839502e+00   1.000003e+00   3.037358e-06   0.000000e+00   0.000000e+00   5.080645e-01   5.266626e+00   1.000004e+00   5.266629e+00   5.266631e+00
1     1.849529e+00   1.000003e+00   3.035941e-06   0.000000e+00   0.000000e+00   5.087848e-01   5.328910e+00   1.000004e+00   5.328913e+00   5.328915e+00
1     1.859557e+00   1.000003e+00   3.034383e-06   0.000000e+00   0.000000e+00   5.094784e-01   5.391221e+00   1.000004e+00   5.391223e+00   5.391226e+00
1     1.869584e+00   1.000003e+00   3.032688e-06   0.000000e+00   0.000000e+00   5.101422e-01   5.453561e+00   1.000004e+00   5.453564e+00   5.453566e+00
1     1.879612e+00   1.000003e+00   3.030863e-06   0.000000e+00   0.000000e+00   5.107734e-01   5.515935e+00   1.000004e+00   5.515937e+00   5.515939e+00
1     1.889639e+00   1.000003e+00   3.028912e-06   0.000000e+00   0.000000e+00   5.113690e-01   5.578343e+00   1.000004e+00   5.578345e+00   5.578347e+00
1     1.899667e+00   1.000003e+00   3.026843e-06   0.000000e+00   0.000000e+00   5.119263e-01   5.640790e+00   1.000004e+00   5.640792e+00   5.640794e+00
1     1.909694e+00   1.000003e+00   3.024663e-06   0.000000e+00   0.000000e+00   5.124428e-01   5.703278e+00   1.000004e+00   5.703279e+00   5.703281e+00
1     1.919721e+00   1.000003e+00   3.022379e-06   0.000000e+00   0.000000e+00   5.129158e-01   5.765809e+00   1.000004e+00   5.765810e+00   5.765812e+00
1     1.929749e+00   1.000003e+00   3.019998e-06   0.000000e+00   0.000000e+00   5.133430e-01   5.828386e+00   1.000004e+00   5.828387e+00   5.828389e+00
1     1.939776e+00   1.000003e+00   3.017530e-06   0.000000e+00   0.000000e+00   5.137221e-01   5.891011e+00   1.000004e+00   5.891012e+00   5.891013e+00
1     1.949804e+00   1.000003e+00   3.014984e-06   0.000000e+00   0.000000e+00   5.140512e-01   5.953686e+00   1.000004e+00   5.953687e+00   5.953688e+00
1     1.959831e+00   1.000003e+00   3.012368e-06   0.000000e+00   0.000000e+00   5.143282e-01   6.016413e+00   1.000004e+00   6.016414e+00   6.016415e+00
1     1.969858e+00   1.000003e+00   3.009693e-06   0.000000e+00   0.000000e+00   5.145515e-01   6.079194e+00   1.000004e+00   6.079194e+00   6.079195e+00
1     1.979886e+00   1.000003e+00   3.006969e-06   0.000000e+00   0.000000e+00   5.147196e-01   6.142030e+00   1.000004e+00   6.142030e+00   6.142030e+00
1     1.989913e+00   1.000003e+00   3.004206e-06   0.000000e+00   0.000000e+00   5.148310e-01   6.204922e+00   1.000004e+00   6.204922e+00   6.204923e+00
1     1.999940e+00   1.000003e+00   3.001416e-06   0.000000e+00   0.000000e+00   5.148848e-01   6.267872e+00   1.000004e+00   6.267872e+00   6.267872e+00
1     2.009968e+00   1.000003e+00   2.998608e-06   0.000000e+00   0.000000e+00   5.148800e-01   4.769556e-02   1.000004e+00   4.769542e-02   4.769527e-02
1     2.019995e+00   1.000003e+00   2.995795e-06   0.000000e+00   0.000000e+00   5.148160e-01   1.107634e-01   1.000004e+00   1.107631e-01   1.107628e-01
1     2.028769e+00   1.000003e+00   2.993338e-06   0.000000e+00   0.000000e+00   5.147111e-01   1.659967e-01   1.000004e+00   1.659962e-01   1.659957e-01
1     2.038796e+00   1.000003e+00   2.990544e-06   0.000000e+00   0.000000e+00   5.145351e-01   2.291765e-01   1.000004e+00   2.291758e-01   2.291751e-01
1     2.048824e+00   1.000003e+00   2.987778e-06   0.000000e+00   0.000000e+00   5.142993e-01   2.924160e-01   1.000004e+00   2.924151e-01   2.924142e-01
1     2.058851e+00   1.000003e+00   2.985050e-06   0.000000e+00   0.000000e+00   5.140041e-01   3.557149e-01   1.000004e+00   3.557139e-01   3.557128e-01
1     2.068878e+00   1.000003e+00   2.982372e-06   0.000000e+00   0.000000e+00   5.136499e-01   4.190727e-01   1.000004e+00   4.190715e-01   4.190703e-01
1     2.078906e+00   1.000003e+00   2.979756e-06   0.000000e+00   0.000000e+00   5.132377e-01   4.824886e-01   1.000004e+00   4.824873e-01   4.824859e-01
1     2.088933e+00   1.000003e+00   2.977212e-06   0.000000e+00   0.000000e+00   5.127683e-01   5.459616e-01   1.000004e+00   5.459600e-01   5.459585e-01
1     2.098960e+00   1.000003e+00   2.974752e-06   0.000000e+00   0.000000e+00   5.122432e-01   6.094902e-01   1.000004e+00   6.094885e-01   6.094868e-01
1     2.108988e+00   1.000003e+00   2.972386e-06   0.000000e+00   0.000000e+00   5.116639e-01   6.730730e-01   1.000004e+00   6.730712e-01   6.730693e-01
1     2.119015e+00   1.000003e+00   2.970125e-06   0.000000e+00   0.000000e+00   5.110322e-01   7.367082e-01   1.000004e+00   7.367062e-01   7.367042e-01
1     2.129042e+00   1.000003e+00   2.967979e-06   0.000000e+00   0.000000e+00   5.103502e-01   8.003936e-01   1.000004e+00   8.003914e-01   8.003893e-01
1     2.139070e+00   1.000003e+00   2.965958e-06   0.000000e+00   0.000000e+00   5.096202e-01   8.641269e-01   1.000004e+00   8.641247e-01   8.641224e-01
1     2.149097e+00   1.000003e+00   2.964071e-06   0.000000e+00   0.000000e+00   5.088447e-01   9.279057e-01   1.000004e+00   9.279033e-01   9.279010e-01
1     2.159124e+00   1.000003e+00   2.962328e-06   0.000000e+00   0.000000e+00   5.080265e-01   9.917271e-01   1.000004e+00   9.917246e-01   9.917222e-01
1     2.169151e+00   1.000003e+00   2.960736e-06   0.000000e+00   0.000000e+00   5.071686e-01   1.055588e+00   1.000004e+00   1.055586e+00   1.055583e+00
1     2.179179e+00   1.000003e+00   2.959304e-06   0.000000e+00   0.000000e+00   5.062743e-01   1.119486e+00   1.000004e+00   1.119483e+00   1.119480e+00
1     2.189206e+00   1.000003e+00   2.958039e-06   0.000000e+00   0.000000e+00   5.053468e-01   1.183416e+00   1.000004e+00   1.183414e+00   1.183411e+00
1     2.199233e+00   1.000003e+00   2.956946e-06   0.000000e+00   0.000000e+00   5.043898e-01   1.247376e+00   1.000004e+00   1.247374e+00   1.247371e+00
1     2.209261e+00   1.000003e+00   2.956034e-06   0.000000e+00   0.000000e+00   5.034070e-01   1.311362e+00   1.000004e+00   1.311359e+00   1.311356e+00
1     2.219288e+00   1.000003e+00   2.955306e-06   0.000000e+00   0.000000e+00   5.024024e-01   1.375370e+00   1.000004e+00   1.375367e+00   1.375364e+00
1     2.229315e+00   1.000003e+00   2.954767e-06   0.000000e+00   0.000000e+00   5.013798e-01   1.439395e+00   1.000004e+00   1.439392e+00   1.439389e+00
1     2.239342e+00   1.000003e+00   2.954420e-06   0.000000e+00   0.000000e+00   5.003436e-01   1.503434e+00   1.000004e+00   1.503431e+00   1.503428e+00
1     2.249370e+00   1.000003e+00   2.954270e-06   0.000000e+00   0.000000e+00   4.992980e-01   1.567483e+00   1.000004e+00   1.567480e+00   1.567477e+00
1     2.259397e+00   1.000003e+00   2.954318e-06   0.000000e+00   0.000000e+00   4.982472e-01   1.631536e+00   1.000004e+00   1.631533e+00   1.631530e+00
1     2.269424e+00   1.000003e+00   2.954565e-06   0.000000e+00   0.000000e+00   4.971957e-01   1.695590e+00   1.000004e+00   1.695587e+00   1.695584e+00
1     2.279451e+00   1.000003e+00   2.955012e-06   0.000000e+00   0.000000e+00   4.961479e-01   1.759641e+00   1.000004e+00   1.759638e+00   1.759635e+00
1     2.289478e+00   1.000003e+00   2.955658e-06   0.000000e+00   0.000000e+00   4.951082e-01   1.823683e+00   1.000004e+00   1.823680e+00   1.823677e+00
1     2.299506e+00   1.000003e+00   2.956502e-06   0.000000e+00   0.000000e+00   4.940811e-01   1.887713e+00   1.000004e+00   1.887710e+00   1.887707e+00
1     2.309533e+00   1.000003e+00   2.957543e-06   0.000000e+00   0.000000e+00   4.930709e-01   1.951725e+00   1.000004e+00   1.951723e+00   1.951720e+00
1     2.319560e+00   1.000003e+00   2.958776e-06   0.000000e+00   0.000000e+00   4.920821e-01   2.015717e+00   1.000004e+00   2.015714e+00   2.015711e+00
1     2.329587e+00   1.000003e+00   2.960199e-06   0.000000e+00   0.000000e+00   4.911188e-01   2.079682e+00   1.000004e+00   2.079680e+00   2.079677e+00
1     2.339614e+00   1.000003e+00   2.961808e-06   0.000000e+00   0.000000e+00   4.901853e-01   2.143618e+00   1.000004e+00   2.143616e+00   2.143613e+00
1     2.349642e+00   1.000003e+00   2.963595e-06   0.000000e+00   0.000000e+00   4.892857e-01   2.207520e+00   1.000004e+00   2.207518e+00   2.207515e+00
1     2.359669e+00   1.000003e+00   2.965556e-06   0.000000e+00   0.000000e+00   4.884238e-01   2.271384e+00   1.000004e+00   2.271382e+00   2.271380e+00
1     2.369696e+00   1.000003e+00   2.967683e-06   0.000000e+00   0.000000e+00   4.876035e-01   2.335207e+00   1.000004e+00   2.335205e+00   2.335203e+00
1     2.379723e+00   1.000003e+00   2.969969e-06   0.000000e+00   0.000000e+00   4.868283e-01   2.398984e+00   1.000004e+00   2.398982e+00   2.398980e+00
1     2.389750e+00   1.000003e+00   2.972406e-06   0.000000e+00   0.000000e+00   4.861018e-01   2.462713e+00   1.000004e+00   2.462711e+00   2.462709e+00
1     2.399778e+00   1.000003e+00   2.974984e-06   0.000000e+00   0.000000e+00   4.854271e-01   2.526390e+00   1.000004e+00   2.526388e+00   2.526386e+00
1     2.409805e+00   1.000003e+00   2.977693e-06   0.000000e+00   0.000000e+00   4.848073e-01   2.590012e+00   1.000004e+00   2.590010e+00   2.590009e+00
1     2.419832e+00   1.000003e+00   2.980524e-06   0.000000e+00   0.000000e+00   4.842451e-01   2.653576e+00   1.000004e+00   2.653574e+00   2.653573e+00
1     2.429859e+00   1.000003e+00   2.983466e-06   0.000000e+00   0.000000e+00   4.837431e-01   2.717080e+00   1.000004e+00   2.717079e+00   2.717077e+00
1     2.439886e+00   1.000003e+00   2.986506e-06   0.000000e+00   0.000000e+00   4.833036e-01   2.780521e+00   1.000004e+00   2.780520e+00   2.780519e+00
1     2.449914e+00   1.000003e+00   2.989635e-06   0.000000e+00   0.000000e+00   4.829286e-01   2.843898e+00   1.000004e+00   2.843897e+00   2.843897e+00
1     2.459941e+00   1.000003e+00   2.992838e-06   0.000000e+00   0.000000e+00   4.826199e-01   2.907209e+00   1.000004e+00   2.907208e+00   2.907208e+00
1     2.469968e+00   1.000003e+00   2.996104e-06   0.000000e+00   0.000000e+00   4.823788e-01   2.970452e+00   1.000004e+00   2.970451e+00   2.970451e+00
1     2.479995e+00   1.000003e+00   2.999421e-06   0.000000e+00   0.000000e+00   4.822068e-01   3.033626e+00   1.000004e+00   3.033626e+00   3.033625e+00
1     2.488769e+00   1.000003e+00   3.002353e-06   0.000000e+00   0.000000e+00   4.821135e-01   3.088846e+00   1.000004e+00   3.088846e+00   3.088845e+00
1     2.498796e+00   1.000003e+00   3.005728e-06   0.000000e+00   0.000000e+00   4.820730e-01   3.151888e+00   1.000004e+00   3.151888e+00   3.151888e+00
1     2.508823e+00   1.000003e+00   3.009115e-06   0.000000e+00   0.000000e+00   4.821032e-01   3.214860e+00   1.000004e+00   3.214860e+00   3.214860e+00
1     2.518850e+00   1.000003e+00   3.012500e-06   0.000000e+00   0.000000e+00   4.822044e-01   3.277760e+00   1.000004e+00   3.277761e+00   3.277761e+00
1     2.528877e+00   1.000003e+00   3.015870e-06   0.000000e+00   0.000000e+00   4.823763e-01   3.340590e+00   1.000004e+00   3.340591e+00   3.340591e+00
1     2.538904e+00   1.000003e+00   3.019211e-06   0.000000e+00   0.000000e+00   4.826185e-01   3.403350e+00   1.000004e+00   3.403351e+00   3.403351e+00
1     2.548932e+00   1.000003e+00   3.022511e-06   0.000000e+00   0.000000e+00   4.829302e-01   3.466040e+00   1.000004e+00   3.466041e+00   3.466042e+00
1     2.558959e+00   1.000003e+00   3.025755e-06   0.000000e+00   0.000000e+00   4.833103e-01   3.528662e+00   1.000004e+00   3.528663e+00   3.528664e+00
1     2.568986e+00   1.000003e+00   3.028931e-06   0.000000e+00   0.000000e+00   4.837577e-01   3.591216e+00   1.000004e+00   3.591217e+00   3.591219e+00
1     2.579013e+00   1.000003e+00   3.032026e-06   0.000000e+00   0.000000e+00   4.842707e-01   3.653705e+00   1.000004e+00   3.653706e+00   3.653708e+00
1     2.589040e+00   1.000003e+00   3.035027e-06   0.000000e+00   0.000000e+00   4.848476e-01   3.716129e+00   1.000004e+00   3.716131e+00   3.716133e+00
1     2.599067e+00   1.000003e+00   3.037922e-06   0.000000e+00   0.000000e+00   4.854864e-01   3.778492e+00   1.000004e+00   3.778494e+00   3.778496e+00
1     2.609094e+00   1.000003e+00   3.040699e-06   0.000000e+00   0.000000e+00   4.861847e-01   3.840796e+00   1.000004e+00   3.840798e+00   3.840800e+00
1     2.619122e+00   1.000003e+00   3.043347e-06   0.000000e+00   0.000000e+00   4.869400e-01   3.903042e+00   1.000004e+00   3.903044e+00   3.903047e+00
1     2.629149e+00   1.000003e+00   3.045854e-06   0.000000e+00   0.000000e+00   4.877496e-01   3.965234e+00   1.000004e+00   3.965237e+00   3.965239e+00
1     2.639176e+00   1.000003e+00   3.048211e-06   0.000000e+00   0.000000e+00   4.886107e-01   4.027375e+00   1.000004e+00   4.027377e+00   4.027380e+00
1     2.649203e+00   1.000003e+00   3.050407e-06   0.000000e+00   0.000000e+00   4.895201e-01   4.089467e+00   1.000004e+00   4.089470e+00   4.089472e+00
1     2.659230e+00   1.000003e+00   3.052433e-06   0.000000e+00   0.000000e+00   4.904745e-01   4.151515e+00   1.000004e+00   4.151517e+00   4.151520e+00
1     2.669257e+00   1.000002e+00   3.054280e-06   0.000000e+00   0.000000e+00   4.914705e-01   4.213520e+00   1.000004e+00   4.213523e+00   4.213526e+00
1     2.679284e+00   1.000002e+00   3.055940e-06   0.000000e+00   0.000000e+00   4.925044e-01   4.275488e+00   1.000003e+00   4.275491e+00   4.275494e+00
1     2.689311e+00   1.000002e+00   3.057406e-06   0.000000e+00   0.000000e+00   4.935724e-01   4.337422e+00   1.000003e+00   4.337425e+00   4.337428e+00
1     2.699338e+00   1.000002e+00   3.058672e-06   0.000000e+00   0.000000e+00   4.946708e-01   4.399325e+00   1.000003e+00   4.399328e+00   4.399331e+00
1     2.709365e+00   1.000002e+00   3.059730e-06   0.000000e+00   0.000000e+00   4.957954e-01   4.461203e+00   1.000003e+00   4.461205e+00   4.461208e+00
1     2.719393e+00   1.000002e+00   3.060576e-06   0.000000e+00   0.000000e+00   4.969421e-01   4.523058e+00   1.000003e+00   4.523061e+00   4.523064e+00
1     2.729420e+00   1.000002e+00   3.061206e-06   0.000000e+00   0.000000e+00   4.981066e-01   4.584895e+00   1.000003e+00   4.584898e+00   4.584901e+00
1     2.739447e+00   1.000002e+00   3.061616e-06   0.000000e+00   0.000000e+00   4.992848e-01   4.646718e+00   1.000003e+00   4.646721e+00   4.646725e+00
1     2.749474e+00   1.000002e+00   3.061803e-06   0.000000e+00   0.000000e+00   5.004721e-01   4.708533e+00   1.000003e+00   4.708536e+00   4.708539e+00
1     2.759501e+00   1.000002e+00   3.061765e-06   0.000000e+00   0.000000e+00   5.016642e-01   4.770343e+00   1.000003e+00   4.770346e+00   4.770349e+00
1     2.769528e+00   1.000002e+00   3.061502e-06   0.000000e+00   0.000000e+00   5.028565e-01   4.832152e+00   1.000003e+00   4.832155e+00   4.832158e+00
1     2.779555e+00   1.000002e+00   3.061012e-06   0.000000e+00   0.000000e+00   5.040447e-01   4.893966e+00   1.000003e+00   4.893969e+00   4.893972e+00
1     2.789582e+00   1.000002e+00   3.060298e-06   0.000000e+00   0.000000e+00   5.052241e-01   4.955788e+00   1.000003e+00   4.955791e+00   4.955794e+00
1     2.799609e+00   1.000002e+00   3.059359e-06   0.000000e+00   0.000000e+00   5.063903e-01   5.017624e+00   1.000003e+00   5.017627e+00   5.017630e+00
1     2.809636e+00   1.000002e+00   3.058199e-06   0.000000e+00   0.000000e+00   5.075388e-01   5.079477e+00   1.000003e+00   5.079480e+00   5.079483e+00
1     2.819663e+00   1.000002e+00   3.056821e-06   0.000000e+00   0.000000e+00   5.086652e-01   5.141353e+00   1.000003e+00   5.141355e+00   5.141358e+00
1     2.829690e+00   1.000002e+00   3.055228e-06   0.000000e+00   0.000000e+00   5.097650e-01   5.203255e+00   1.000003e+00   5.203257e+00   5.203260e+00
1     2.839717e+00   1.000002e+00   3.053426e-06   0.000000e+00   0.000000e+00   5.108340e-01   5.265187e+00   1.000003e+00   5.265190e+00   5.265193e+00
1     2.849744e+00   1.000002e+00   3.051420e-06   0.000000e+00   0.000000e+00   5.118678e-01   5.327156e+00   1.000003e+00   5.327158e+00   5.327161e+00
1     2.859772e+00   1.000002e+00   3.049217e-06   0.000000e+00   0.000000e+00   5.128622e-01   5.389163e+00   1.000003e+00   5.389165e+00   5.389168e+00
1     2.869799e+00   1.000002e+00   3.046824e-06   0.000000e+00   0.000000e+00   5.138132e-01   5.451214e+00   1.000003e+00   5.451216e+00   5.451218e+00
1     2.879826e+00   1.000002e+00   3.044249e-06   0.000000e+00   0.000000e+00   5.147168e-01   5.513312e+00   1.000003e+00   5.513314e+00   5.513316e+00
1     2.889853e+00   1.000002e+00   3.041502e-06   0.000000e+00   0.000000e+00   5.155693e-01   5.575461e+00   1.000003e+00   5.575463e+00   5.575465e+00
1     2.899880e+00   1.000002e+00   3.038591e-06   0.000000e+00   0.000000e+00   5.163668e-01   5.637666e+00   1.000003e+00   5.637668e+00   5.637669e+00
1     2.909907e+00   1.000002e+00   3.035527e-06   0.000000e+00   0.000000e+00   5.171059e-01   5.699928e+00   1.000003e+00   5.699930e+00   5.699932e+00
1     2.919934e+00   1.000002e+00   3.032322e-06   0.000000e+00   0.000000e+00   5.177834e-01   5.762253e+00   1.000003e+00   5.762254e+00   5.762256e+00
1     2.929961e+00   1.000002e+00   3.028986e-06   0.000000e+00   0.000000e+00   5.183960e-01   5.824642e+00   1.000003e+00   5.824643e+00   5.824645e+00
1     2.939988e+00   1.000002e+00   3.025533e-06   0.000000e+00   0.000000e+00   5.189408e-01   5.887099e+00   1.000003e+00   5.887100e+00   5.887102e+00
1     2.948761e+00   1.000002e+00   3.022425e-06   0.000000e+00   0.000000e+00   5.193597e-01   5.941807e+00   1.000003e+00   5.941808e+00   5.941809e+00
1     2.958789e+00   1.000002e+00   3.018785e-06   0.000000e+00   0.000000e+00   5.197703e-01   6.004398e+00   1.000003e+00   6.004399e+00   6.004400e+00
1     2.968816e+00   1.000002e+00   3.015066e-06   0.000000e+00   0.000000e+00   5.201060e-01   6.067064e+00   1.000003e+00   6.067065e+00   6.067065e+00
1     2.978843e+00   1.000002e+00   3.011282e-06   0.000000e+00   0.000000e+00   5.203649e-01   6.129807e+00   1.000003e+00   6.129808e+00   6.129808e+00
1     2.988870e+00   1.000002e+00   3.007447e-06   0.000000e+00   0.000000e+00   5.205451e-01   6.192629e+00   1.000003e+00   6.192629e+00   6.192629e+00
1     2.998897e+00   1.000002e+00   3.003577e-06   0.000000e+00   0.000000e+00   5.206455e-01   6.255530e+00   1.000003e+00   6.255530e+00   6.255530e+00
1     3.008924e+00   1.000002e+00   2.999685e-06   0.000000e+00   0.000000e+00   5.206648e-01   3.532728e-02   1.000003e+00   3.532717e-02   3.532707e-02
1     3.018951e+00   1.000002e+00   2.995789e-06   0.000000e+00   0.000000e+00   5.206022e-01   9.839158e-02   1.000003e+00   9.839129e-02   9.839099e-02
1     3.028978e+00   1.000002e+00   2.991903e-06   0.000000e+00   0.000000e+00   5.204574e-01   1.615381e-01   1.000003e+00   1.615377e-01   1.615372e-01
1     3.039005e+00   1.000002e+00   2.988044e-06   0.000000e+00   0.000000e+00   5.202302e-01   2.247671e-01   1.000003e+00   2.247664e-01   2.247658e-01
1     3.049032e+00   1.000002e+00   2.984226e-06   0.000000e+00   0.000000e+00   5.199208e-01   2.880782e-01   1.000003e+00   2.880773e-01   2.880765e-01
1     3.059059e+00   1.000002e+00   2.980466e-06   0.000000e+00   0.000000e+00   5.195298e-01   3.514709e-01   1.000003e+00   3.514699e-01   3.514688e-01
1     3.069086e+00   1.000002e+00   2.976779e-06   0.000000e+00   0.000000e+00   5.190581e-01   4.149442e-01   1.000003e+00   4.149430e-01   4.149418e-01
1     3.079113e+00   1.000002e+00   2.973180e-06   0.000000e+00   0.000000e+00   5.185070e-01   4.784970e-01   1.000003e+00   4.784956e-01   4.784942e-01
1     3.089140e+00   1.000002e+00   2.969685e-06   0.000000e+00   0.000000e+00   5.178782e-01   5.421275e-01   1.000003e+00   5.421259e-01   5.421244e-01
1     3.099167e+00   1.000002e+00   2.966308e-06   0.000000e+00   0.000000e+00   5.171735e-01   6.058338e-01   1.000003e+00   6.058321e-01   6.058304e-01
1     3.109194e+00   1.000002e+00   2.963065e-06   0.000000e+00   0.000000e+00   5.163953e-01   6.696135e-01   1.000003e+00   6.696117e-01   6.696098e-01
1     3.119221e+00   1.000002e+00   2.959968e-06   0.000000e+00   0.000000e+00   5.155463e-01   7.334641e-01   1.000003e+00   7.334621e-01   7.334601e-01
1     3.129248e+00   1.000002e+00   2.957031e-06   0.000000e+00   0.000000e+00   5.146295e-01   7.973824e-01   1.000003e+00   7.973803e-01   7.973782e-01
1     3.139275e+00   1.000002e+00   2.954268e-06   0.000000e+00   0.000000e+00   5.136482e-01   8.613652e-01   1.000003e+00   8.613630e-01   8.613607e-01
1     3.149302e+00   1.000002e+00   2.951690e-06   0.000000e+00   0.000000e+00   5.126060e-01   9.254088e-01   1.000003e+00   9.254065e-01   9.254041e-01
1     3.159329e+00   1.000002e+00   2.949309e-06   0.000000e+00   0.000000e+00   5.115069e-01   9.895093e-01   1.000003e+00   9.895069e-01   9.895044e-01
1     3.169356e+00   1.000002e+00   2.947136e-06   0.000000e+00   0.000000e+00   5.103552e-01   1.053662e+00   1.000003e+00   1.053660e+00   1.053657e+00
1     3.179383e+00   1.000002e+00   2.945181e-06   0.000000e+00   0.000000e+00   5.091553e-01   1.117864e+00   1.000003e+00   1.117861e+00   1.117858e+00
1     3.189410e+00   1.000002e+00   2.943453e-06   0.000000e+00   0.000000e+00   5.079119e-01   1.182108e+00   1.000003e+00   1.182106e+00   1.182103e+00
1     3.199437e+00   1.000002e+00   2.941960e-06   0.000000e+00   0.000000e+00   5.066300e-01   1.246392e+00   1.000003e+00   1.246389e+00   1.246386e+00
1     3.209464e+00   1.000002e+00   2.940711e-06   0.000000e+00   0.000000e+00   5.053150e-01   1.310708e+00   1.000003e+00   1.310705e+00   1.310702e+00
1     3.219491e+00   1.000002e+00   2.939710e-06   0.000000e+00   0.000000e+00   5.039721e-01   1.375052e+00   1.000003e+00   1.375049e+00   1.375046e+00
1     3.229517e+00   1.000002e+00   2.938963e-06   0.000000e+00   0.000000e+00   5.026069e-01   1.439418e+00   1.000003e+00   1.439415e+00   1.439413e+00
1     3.239544e+00   1.000002e+00   2.938474e-06   0.000000e+00   0.000000e+00   5.012252e-01   1.503801e+00   1.000003e+00   1.503798e+00   1.503795e+00
1     3.249571e+00   1.000002e+00   2.938247e-06   0.000000e+00   0.000000e+00   4.998328e-01   1.568195e+00   1.000003e+00   1.568192e+00   1.568189e+00
1     3.259598e+00   1.000002e+00   2.938284e-06   0.000000e+00   0.000000e+00   4.984354e-01   1.632593e+00   1.000003e+00   1.632590e+00   1.632587e+00
1     3.269625e+00   1.000002e+00   2.938585e-06   0.000000e+00   0.000000e+00   4.970390e-01   1.696991e+00   1.000003e+00   1.696988e+00   1.696985e+00
1     3.279652e+00   1.000002e+00   2.939149e-06   0.000000e+00   0.000000e+00   4.956496e-01   1.761381e+00   1.000003e+00   1.761378e+00   1.761375e+00
1     3.289679e+00   1.000002e+00   2.939977e-06   0.000000e+00   0.000000e+00   4.942730e-01   1.825759e+00   1.000003e+00   1.825756e+00   1.825753e+00
1     3.299706e+00   1.000002e+00   2.941065e-06   0.000000e+00   0.000000e+00   4.929151e-01   1.890118e+00   1.000003e+00   1.890115e+00   1.890112e+00
1     3.309733e+00   1.000002e+00   2.942409e-06   0.000000e+00   0.000000e+00   4.915816e-01   1.954452e+00   1.000003e+00   1.954449e+00   1.954447e+00
1     3.319760e+00   1.000002e+00   2.944005e-06   0.000000e+00   0.000000e+00   4.902784e-01   2.018756e+00   1.000003e+00   2.018753e+00   2.018751e+00
1     3.329787e+00   1.000002e+00   2.945848e-06   0.000000e+00   0.000000e+00   4.890109e-01   2.083024e+00   1.000003e+00   2.083022e+00   2.083019e+00
1     3.339814e+00   1.000002e+00   2.947930e-06   0.000000e+00   0.000000e+00   4.877845e-01   2.147252e+00   1.000003e+00   2.147249e+00   2.147247e+00
1     3.349841e+00   1.000002e+00   2.950244e-06   0.000000e+00   0.000000e+00   4.866045e-01   2.211432e+00   1.000003e+00   2.211430e+00   2.211428e+00
1     3.359868e+00   1.000002e+00   2.952781e-06   0.000000e+00   0.000000e+00   4.854758e-01   2.275562e+00   1.000003e+00   2.275560e+00   2.275557e+00
1     3.369895e+00   1.000002e+00   2.955531e-06   0.000000e+00   0.000000e+00   4.844034e-01   2.339635e+00   1.000003e+00   2.339633e+00   2.339631e+00
1     3.379922e+00   1.000002e+00   2.958484e-06   0.000000e+00   0.000000e+00   4.833916e-01   2.403648e+00   1.000003e+00   2.403646e+00   2.403644e+00
1     3.389949e+00   1.000002e+00   2.961627e-06   0.000000e+00   0.000000e+00   4.824448e-01   2.467595e+00   1.000003e+00   2.467593e+00   2.467591e+00
1     3.399976e+00   1.000002e+00   2.964950e-06   0.000000e+00   0.000000e+00   4.815669e-01   2.531474e+00   1.000003e+00   2.531472e+00   2.531470e+00
1     3.408749e+00   1.000002e+00   2.967993e-06   0.000000e+00   0.000000e+00   4.808582e-01   2.587308e+00   1.000003e+00   2.587306e+00   2.587305e+00
1     3.418776e+00   1.000002e+00   2.971614e-06   0.000000e+00   0.000000e+00   4.801192e-01   2.651047e+00   1.000003e+00   2.651046e+00   2.651045e+00
1     3.428803e+00   1.000002e+00   2.975375e-06   0.000000e+00   0.000000e+00   4.794588e-01   2.714708e+00   1.000003e+00   2.714707e+00   2.714706e+00
1     3.438830e+00   1.000002e+00   2.979259e-06   0.000000e+00   0.000000e+00   4.788798e-01   2.778288e+00   1.000003e+00   2.778287e+00   2.778286e+00
1     3.448857e+00   1.000002e+00   2.983253e-06   0.000000e+00   0.000000e+00   4.783844e-01   2.841784e+00   1.000003e+00   2.841783e+00   2.841782e+00
1     3.458884e+00   1.000002e+00   2.987339e-06   0.000000e+00   0.000000e+00   4.779746e-01   2.905194e+00   1.000003e+00   2.905194e+00   2.905193e+00
1     3.468911e+00   1.000002e+00   2.991502e-06   0.000000e+00   0.000000e+00   4.776521e-01   2.968517e+00   1.000003e+00   2.968517e+00   2.968516e+00
1     3.478938e+00   1.000002e+00   2.995725e-06   0.000000e+00   0.000000e+00   4.774181e-01   3.031752e+00   1.000003e+00   3.031751e+00   3.031751e+00
1     3.488965e+00   1.000002e+00   2.999990e-06   0.000000e+00   0.000000e+00   4.772734e-01   3.094897e+00   1.000003e+00   3.094897e+00   3.094897e+00
1     3.498992e+00   1.000002e+00   3.004282e-06   0.000000e+00   0.000000e+00   4.772186e-01   3.157952e+00   1.000003e+00   3.157952e+00   3.157952e+00
1     3.509019e+00   1.000002e+00   3.008584e-06   0.000000e+00   0.000000e+00   4.772537e-01   3.220918e+00   1.000003e+00   3.220918e+00   3.220918e+00
1     3.519046e+00   1.000002e+00   3.012877e-06   0.000000e+00   0.000000e+00   4.773787e-01   3.283793e+00   1.000003e+00   3.283793e+00   3.283794e+00
1     3.529072e+00   1.000002e+00   3.017145e-06   0.000000e+00   0.000000e+00   4.775928e-01   3.346579e+00   1.000003e+00   3.346580e+00   3.346581e+00
1     3.539099e+00   1.000002e+00   3.021371e-06   0.000000e+00   0.000000e+00   4.778951e-01   3.409278e+00   1.000003e+00   3.409278e+00   3.409279e+00
1     3.549126e+00   1.000002e+00   3.025539e-06   0.000000e+00   0.000000e+00   4.782844e-01   3.471889e+00   1.000003e+00   3.471890e+00   3.471891e+00
1     3.559153e+00   1.000002e+00   3.029631e-06   0.000000e+00   0.000000e+00   4.787591e-01   3.534414e+00   1.000003e+00   3.534416e+00   3.534417e+00
1     3.569180e+00   1.000002e+00   3.033633e-06   0.000000e+00   0.000000e+00   4.793172e-01   3.596857e+00   1.000003e+00   3.596858e+00   3.596859e+00
1     3.579207e+00   1.000002e+00   3.037527e-06   0.000000e+00   0.000000e+00   4.799566e-01   3.659218e+00   1.000003e+00   3.659219e+00   3.659221e+00
1     3.589234e+00   1.000002e+00   3.041300e-06   0.000000e+00   0.000000e+00   4.806746e-01   3.721500e+00   1.000003e+00   3.721502e+00   3.721504e+00
1     3.599261e+00   1.000002e+00   3.044935e-06   0.000000e+00   0.000000e+00   4.814686e-01   3.783707e+00   1.000003e+00   3.783708e+00   3.783710e+00
1     3.609288e+00   1.000002e+00   3.048419e-06   0.000000e+00   0.000000e+00   4.823355e-01   3.845840e+00   1.000003e+00   3.845842e+00   3.845844e+00
1     3.619315e+00   1.000002e+00   3.051738e-06   0.000000e+00   0.000000e+00   4.832720e-01   3.907904e+00   1.000003e+00   3.907906e+00   3.907908e+00
1     3.629342e+00   1.000002e+00   3.054878e-06   0.000000e+00   0.000000e+00   4.842744e-01   3.969902e+00   1.000003e+00   3.969904e+00   3.969907e+00
1     3.639368e+00   1.000002e+00   3.057828e-06   0.000000e+00   0.000000e+00   4.853391e-01   4.031838e+00   1.000003e+00   4.031840e+00   4.031843e+00
1     3.649395e+00   1.000002e+00   3.060576e-06   0.000000e+00   0.000000e+00   4.864619e-01   4.093716e+00   1.000003e+00   4.093718e+00   4.093721e+00
1     3.659422e+00   1.000002e+00   3.063109e-06   0.000000e+00   0.000000e+00   4.876388e-01   4.155539e+00   1.000003e+00   4.155542e+00   4.155544e+00
1     3.669449e+00   1.000002e+00   3.065420e-06   0.000000e+00   0.000000e+00   4.888653e-01   4.217313e+00   1.000003e+00   4.217316e+00   4.217319e+00
1     3.679476e+00   1.000002e+00   3.067497e-06   0.000000e+00   0.000000e+00   4.901369e-01   4.279042e+00   1.000003e+00   4.279045e+00   4.279048e+00
1     3.689503e+00   1.000002e+00   3.069333e-06   0.000000e+00   0.000000e+00   4.914488e-01   4.340731e+00   1.000003e+00   4.340734e+00   4.340736e+00
1     3.699530e+00   1.000002e+00   3.070920e-06   0.000000e+00   0.000000e+00   4.927962e-01   4.402384e+00   1.000003e+00   4.402387e+00   4.402390e+00
1     3.709557e+00   1.000002e+00   3.072252e-06   0.000000e+00   0.000000e+00   4.941742e-01   4.464006e+00   1.000003e+00   4.464009e+00   4.464012e+00
1     3.719584e+00   1.000002e+00   3.073322e-06   0.000000e+00   0.000000e+00   4.955776e-01   4.525604e+00   1.000003e+00   4.525607e+00   4.525610e+00
1     3.729611e+00   1.000002e+00   3.074127e-06   0.000000e+00   0.000000e+00   4.970013e-01   4.587180e+00   1.000003e+00   4.587183e+00   4.587187e+00
1     3.739637e+00   1.000002e+00   3.074662e-06   0.000000e+00   0.000000e+00   4.984401e-01   4.648742e+00   1.000003e+00   4.648745e+00   4.648748e+00
1     3.749664e+00   1.000002e+00   3.074924e-06   0.000000e+00   0.000000e+00   4.998887e-01   4.710294e+00   1.000003e+00   4.710297e+00   4.710300e+00
1     3.759691e+00   1.000002e+00   3.074913e-06   0.000000e+00   0.000000e+00   5.013416e-01   4.771842e+00   1.000003e+00   4.771845e+00   4.771848e+00
1     3.769718e+00   1.000002e+00   3.074627e-06   0.000000e+00   0.000000e+00   5.027937e-01   4.833390e+00   1.000003e+00   4.833393e+00   4.833397e+00
1     3.779745e+00   1.000002e+00   3.074066e-06   0.000000e+00   0.000000e+00   5.042394e-01   4.894945e+00   1.000003e+00   4.894948e+00   4.894951e+00
1     3.789772e+00   1.000002e+00   3.073233e-06   0.000000e+00   0.000000e+00   5.056734e-01   4.956512e+00   1.000003e+00   4.956515e+00   4.956518e+00
1     3.799799e+00   1.000002e+00   3.072129e-06   0.000000e+00   0.000000e+00   5.070904e-01   5.018096e+00   1.000003e+00   5.018099e+00   5.018102e+00
1     3.809826e+00   1.000002e+00   3.070757e-06   0.000000e+00   0.000000e+00   5.084849e-01   5.079702e+00   1.000003e+00   5.079705e+00   5.079708e+00
1     3.819852e+00   1.000002e+00   3.069123e-06   0.000000e+00   0.000000e+00   5.098518e-01   5.141336e+00   1.000003e+00   5.141338e+00   5.141341e+00
1     3.829879e+00   1.000002e+00   3.067231e-06   0.000000e+00   0.000000e+00   5.111858e-01   5.203002e+00   1.000003e+00   5.203005e+00   5.203008e+00
1     3.839906e+00   1.000002e+00   3.065089e-06   0.000000e+00   0.000000e+00   5.124816e-01   5.264707e+00   1.000003e+00   5.264710e+00   5.264712e+00
1     3.849933e+00   1.000002e+00   3.062703e-06   0.000000e+00   0.000000e+00   5.137344e-01   5.326455e+00   1.000003e+00   5.326458e+00   5.326460e+00
1     3.859960e+00   1.000002e+00   3.060082e-06   0.000000e+00   0.000000e+00   5.149393e-01   5.388251e+00   1.000003e+00   5.388253e+00   5.388256e+00
1     3.869987e+00   1.000002e+00   3.057235e-06   0.000000e+00   0.000000e+00   5.160913e-01   5.450100e+00   1.000003e+00   5.450102e+00   5.450104e+00
1     3.878760e+00   1.000002e+00   3.054567e-06   0.000000e+00   0.000000e+00   5.170524e-01   5.504264e+00   1.000003e+00   5.504266e+00   5.504269e+00
1     3.888787e+00   1.000002e+00   3.051326e-06   0.000000e+00   0.000000e+00   5.180932e-01   5.566224e+00   1.000003e+00   5.566226e+00   5.566228e+00
1     3.898814e+00   1.000002e+00   3.047890e-06   0.000000e+00   0.000000e+00   5.190684e-01   5.628250e+00   1.000002e+00   5.628252e+00   5.628254e+00
1     3.908841e+00   1.000002e+00   3.044274e-06   0.000000e+00   0.000000e+00   5.199741e-01   5.690345e+00   1.000002e+00   5.690347e+00   5.690348e+00
1     3.918868e+00   1.000002e+00   3.040490e-06   0.000000e+00   0.000000e+00   5.208063e-01   5.752513e+00   1.000002e+00   5.752515e+00   5.752517e+00
1     3.928895e+00   1.000002e+00   3.036552e-06   0.000000e+00   0.000000e+00   5.215615e-01   5.814759e+00   1.000002e+00   5.814760e+00   5.814762e+00
1     3.938921e+00   1.000002e+00   3.032475e-06   0.000000e+00   0.000000e+00   5.222364e-01   5.877085e+00   1.000002e+00   5.877086e+00   5.877087e+00
1     3.948948e+00   1.000002e+00   3.028274e-06   0.000000e+00   0.000000e+00   5.228278e-01   5.939494e+00   1.000002e+00   5.939495e+00   5.939496e+00
1     3.958975e+00   1.000002e+00   3.023966e-06   0.000000e+00   0.000000e+00   5.233330e-01   6.001990e+00   1.000002e+00   6.001991e+00   6.001992e+00
1     3.969002e+00   1.000002e+00   3.019566e-06   0.000000e+00   0.000000e+00   5.237495e-01   6.064574e+00   1.000002e+00   6.064575e+00   6.064576e+00
1     3.979029e+00   1.000002e+00   3.015092e-06   0.000000e+00   0.000000e+00   5.240751e-01   6.127249e+00   1.000002e+00   6.127250e+00   6.127250e+00
1     3.989056e+00   1.000002e+00   3.010560e-06   0.000000e+00   0.000000e+00   5.243079e-01   6.190017e+00   1.000002e+00   6.190018e+00   6.190018e+00
1     3.999083e+00   1.000002e+00   3.005989e-06   0.000000e+00   0.000000e+00   5.244464e-01   6.252880e+00   1.000002e+00   6.252880e+00   6.252880e+00
1     4.009109e+00   1.000002e+00   3.001395e-06   0.000000e+00   0.000000e+00   5.244893e-01   3.265222e-02   1.000002e+00   3.265212e-02   3.265203e-02
1     4.019136e+00   1.000002e+00   2.996798e-06   0.000000e+00   0.000000e+00   5.244358e-01   9.570642e-02   1.000002e+00   9.570613e-02   9.570585e-02
1     4.029163e+00   1.000002e+00   2.992215e-06   0.000000e+00   0.000000e+00   5.242855e-01   1.588574e-01   1.000002e+00   1.588569e-01   1.588565e-01
1     4.039190e+00   1.000002e+00   2.987664e-06   0.000000e+00   0.000000e+00   5.240384e-01   2.221053e-01   1.000002e+00   2.221046e-01   2.221039e-01
1     4.049217e+00   1.000002e+00   2.983165e-06   0.000000e+00   0.000000e+00   5.236948e-01   2.854496e-01   1.000002e+00   2.854488e-01   2.854479e-01
1     4.059244e+00   1.000002e+00   2.978735e-06   0.000000e+00   0.000000e+00   5.232553e-01   3.488897e-01   1.000002e+00   3.488887e-01   3.488877e-01
1     4.069270e+00   1.000002e+00   2.974392e-06   0.000000e+00   0.000000e+00   5.227213e-01   4.124244e-01   1.000002e+00   4.124232e-01   4.124220e-01
1     4.079297e+00   1.000002e+00   2.970155e-06   0.000000e+00   0.000000e+00   5.220942e-01   4.760521e-01   1.000002e+00   4.760508e-01   4.760494e-01
1     4.089324e+00   1.000002e+00   2.966040e-06   0.000000e+00   0.000000e+00   5.213761e-01   5.397709e-01   1.000002e+00   5.397694e-01   5.397678e-01
1     4.099351e+00   1.000002e+00   2.962065e-06   0.000000e+00   0.000000e+00   5.205693e-01   6.035783e-01   1.000002e+00   6.035766e-01   6.035749e-01
1     4.109378e+00   1.000002e+00   2.958247e-06   0.000000e+00   0.000000e+00   5.196766e-01   6.674715e-01   1.000002e+00   6.674697e-01   6.674679e-01
1     4.119405e+00   1.000002e+00   2.954601e-06   0.000000e+00   0.000000e+00   5.187013e-01   7.314474e-01   1.000002e+00   7.314455e-01   7.314435e-01
1     4.129431e+00   1.000002e+00   2.951144e-06   0.000000e+00   0.000000e+00   5.176468e-01   7.955024e-01   1.000002e+00   7.955003e-01   7.954982e-01
1     4.139458e+00   1.000002e+00   2.947890e-06   0.000000e+00   0.000000e+00   5.165173e-01   8.596324e-01   1.000002e+00   8.596302e-01   8.596279e-01
1     4.149485e+00   1.000002e+00   2.944852e-06   0.000000e+00   0.000000e+00   5.153170e-01   9.238332e-01   1.000002e+00   9.238308e-01   9.238285e-01
1     4.159512e+00   1.000002e+00   2.942045e-06   0.000000e+00   0.000000e+00   5.140507e-01   9.881000e-01   1.000002e+00   9.880975e-01   9.880950e-01
1     4.169539e+00   1.000002e+00   2.939481e-06   0.000000e+00   0.000000e+00   5.127233e-01   1.052428e+00   1.000002e+00   1.052425e+00   1.052423e+00
1     4.179566e+00   1.000002e+00   2.937170e-06   0.000000e+00   0.000000e+00   5.113403e-01   1.116811e+00   1.000002e+00   1.116809e+00   1.116806e+00
1     4.189592e+00   1.000002e+00   2.935123e-06   0.000000e+00   0.000000e+00   5.099071e-01   1.181245e+00   1.000002e+00   1.181242e+00   1.181239e+00
1     4.199619e+00   1.000002e+00   2.933350e-06   0.000000e+00   0.000000e+00   5.084298e-01   1.245722e+00   1.000002e+00   1.245720e+00   1.245717e+00
1     4.209646e+00   1.000002e+00   2.931857e-06   0.000000e+00   0.000000e+00   5.069145e-01   1.310238e+00   1.000002e+00   1.310235e+00   1.310232e+00
1     4.219673e+00   1.000002e+00   2.930653e-06   0.000000e+00   0.000000e+00   5.053675e-01   1.374785e+00   1.000002e+00   1.374782e+00   1.374780e+00
1     4.229700e+00   1.000002e+00   2.929743e-06   0.000000e+00   0.000000e+00   5.037952e-01   1.439358e+00   1.000002e+00   1.439355e+00   1.439352e+00
1     4.239726e+00   1.000002e+00   2.929130e-06   0.000000e+00   0.000000e+00   5.022044e-01   1.503949e+00   1.000002e+00   1.503946e+00   1.503943e+00
1     4.249753e+00   1.000002e+00   2.928819e-06   0.000000e+00   0.000000e+00   5.006017e-01   1.568552e+00   1.000002e+00   1.568549e+00   1.568546e+00
1     4.259780e+00   1.000002e+00   2.928811e-06   0.000000e+00   0.000000e+00   4.989940e-01   1.633159e+00   1.000002e+00   1.633157e+00   1.633154e+00
1     4.269807e+00   1.000002e+00   2.929107e-06   0.000000e+00   0.000000e+00   4.973883e-01   1.697765e+00   1.000002e+00   1.697762e+00   1.697760e+00
1     4.279834e+00   1.000002e+00   2.929706e-06   0.000000e+00   0.000000e+00   4.957912e-01   1.762363e+00   1.000002e+00   1.762360e+00   1.762357e+00
1     4.289860e+00   1.000002e+00   2.930606e-06   0.000000e+00   0.000000e+00   4.942097e-01   1.826944e+00   1.000002e+00   1.826941e+00   1.826938e+00
1     4.299887e+00   1.000002e+00   2.931803e-06   0.000000e+00   0.000000e+00   4.926505e-01   1.891503e+00   1.000002e+00   1.891501e+00   1.891498e+00
1     4.309914e+00   1.000002e+00   2.933294e-06   0.000000e+00   0.000000e+00   4.911202e-01   1.956034e+00   1.000002e+00   1.956031e+00   1.956028e+00
1     4.319941e+00   1.000002e+00   2.935071e-06   0.000000e+00   0.000000e+00   4.896255e-01   2.020528e+00   1.000002e+00   2.020526e+00   2.020523e+00
1     4.329968e+00   1.000002e+00   2.937129e-06   0.000000e+00   0.000000e+00   4.881726e-01   2.084981e+00   1.000002e+00   2.084979e+00   2.084976e+00
1     4.339994e+00   1.000002e+00   2.939459e-06   0.000000e+00   0.000000e+00   4.867677e-01   2.149386e+00   1.000002e+00   2.149384e+00   2.149381e+00
1     4.348768e+00   1.000002e+00   2.941712e-06   0.000000e+00   0.000000e+00   4.855824e-01   2.205696e+00   1.000002e+00   2.205694e+00   2.205691e+00
1     4.358795e+00   1.000002e+00   2.944525e-06   0.000000e+00   0.000000e+00   4.842831e-01   2.269995e+00   1.000002e+00   2.269993e+00   2.269991e+00
1     4.368821e+00   1.000002e+00   2.947580e-06   0.000000e+00   0.000000e+00   4.830481e-01   2.334230e+00   1.000002e+00   2.334228e+00   2.334226e+00
1     4.378848e+00   1.000002e+00   2.950863e-06   0.000000e+00   0.000000e+00   4.818824e-01   2.398396e+00   1.000002e+00   2.398394e+00   2.398392e+00
1     4.388875e+00   1.000002e+00   2.954362e-06   0.000000e+00   0.000000e+00   4.807907e-01   2.462487e+00   1.000002e+00   2.462485e+00   2.462483e+00
1     4.398902e+00   1.000002e+00   2.958063e-06   0.000000e+00   0.000000e+00   4.797775e-01   2.526500e+00   1.000002e+00   2.526498e+00   2.526497e+00
1     4.408929e+00   1.000002e+00   2.961950e-06   0.000000e+00   0.000000e+00   4.788468e-01   2.590431e+00   1.000002e+00   2.590429e+00   2.590427e+00
1     4.418955e+00   1.000002e+00   2.966007e-06   0.000000e+00   0.000000e+00   4.780021e-01   2.654275e+00   1.000002e+00   2.654273e+00   2.654272e+00
1     4.428982e+00   1.000002e+00   2.970219e-06   0.000000e+00   0.000000e+00   4.772467e-01   2.718030e+00   1.000002e+00   2.718029e+00   2.718027e+00
1     4.439009e+00   1.000002e+00   2.974567e-06   0.000000e+00   0.000000e+00   4.765834e-01   2.781693e+00   1.000002e+00   2.781692e+00   2.781691e+00
1     4.449036e+00   1.000002e+00   2.979035e-06   0.000000e+00   0.000000e+00   4.760145e-01   2.845261e+00   1.000002e+00   2.845261e+00   2.845260e+00
1     4.459063e+00   1.000002e+00   2.983604e-06   0.000000e+00   0.000000e+00   4.755420e-01   2.908734e+00   1.000002e+00   2.908733e+00   2.908732e+00
1     4.469089e+00   1.000002e+00   2.988256e-06   0.000000e+00   0.000000e+00   4.751676e-01   2.972108e+00   1.000002e+00   2.972107e+00   2.972107e+00
1     4.479116e+00   1.000002e+00   2.992973e-06   0.000000e+00   0.000000e+00   4.748923e-01   3.035382e+00   1.000002e+00   3.035382e+00   3.035382e+00
1     4.489143e+00   1.000002e+00   2.997735e-06   0.000000e+00   0.000000e+00   4.747171e-01   3.098557e+00   1.000002e+00   3.098557e+00   3.098557e+00
1     4.499170e+00   1.000002e+00   3.002524e-06   0.000000e+00   0.000000e+00   4.746422e-01   3.161632e+00   1.000002e+00   3.161632e+00   3.161632e+00
1     4.509196e+00   1.000002e+00   3.007322e-06   0.000000e+00   0.000000e+00   4.746676e-01   3.224606e+00   1.000002e+00   3.224606e+00   3.224606e+00
1     4.519223e+00   1.000002e+00   3.012107e-06   0.000000e+00   0.000000e+00   4.747930e-01   3.287480e+00   1.000002e+00   3.287480e+00   3.287481e+00
1     4.529250e+00   1.000002e+00   3.016863e-06   0.000000e+00   0.000000e+00   4.750175e-01   3.350255e+00   1.000002e+00   3.350256e+00   3.350256e+00
1     4.539277e+00   1.000002e+00   3.021570e-06   0.000000e+00   0.000000e+00   4.753398e-01   3.412932e+00   1.000002e+00   3.412933e+00   3.412934e+00
1     4.549303e+00   1.000002e+00   3.026210e-06   0.000000e+00   0.000000e+00   4.757584e-01   3.475513e+00   1.000002e+00   3.475514e+00   3.475515e+00
1     4.559330e+00   1.000002e+00   3.030764e-06   0.000000e+00   0.000000e+00   4.762713e-01   3.538000e+00   1.000002e+00   3.538001e+00   3.538002e+00
1     4.569357e+00   1.000002e+00   3.035216e-06   0.000000e+00   0.000000e+00   4.768761e-01   3.600394e+00   1.000002e+00   3.600396e+00   3.600397e+00
1     4.579384e+00   1.000002e+00   3.039546e-06   0.000000e+00   0.000000e+00   4.775701e-01   3.662700e+00   1.000002e+00   3.662701e+00   3.662703e+00
1     4.589411e+00   1.000002e+00   3.043739e-06   0.000000e+00   0.000000e+00   4.783505e-01   3.724919e+00   1.000002e+00   3.724921e+00   3.724922e+00
1     4.599437e+00   1.000002e+00   3.047779e-06   0.000000e+00   0.000000e+00   4.792139e-01   3.787055e+00   1.000002e+00   3.787057e+00   3.787059e+00
1     4.609464e+00   1.000002e+00   3.051650e-06   0.000000e+00   0.000000e+00   4.801569e-01   3.849112e+00   1.000002e+00   3.849114e+00   3.849116e+00
1     4.619491e+00   1.000002e+00   3.055338e-06   0.000000e+00   0.000000e+00   4.811760e-01   3.911092e+00   1.000002e+00   3.911094e+00   3.911097e+00
1     4.629518e+00   1.000002e+00   3.058827e-06   0.000000e+00   0.000000e+00   4.822670e-01   3.973001e+00   1.000002e+00   3.973003e+00   3.973005e+00
1     4.639544e+00   1.000002e+00   3.062105e-06   0.000000e+00   0.000000e+00   4.834256e-01   4.034842e+00   1.000002e+00   4.034844e+00   4.034847e+00
1     4.649571e+00   1.000002e+00   3.065159e-06   0.000000e+00   0.000000e+00   4.846475e-01   4.096619e+00   1.000002e+00   4.096622e+00   4.096624e+00
1     4.659598e+00   1.000002e+00   3.067977e-06   0.000000e+00   0.000000e+00   4.859279e-01   4.158339e+00   1.000002e+00   4.158341e+00   4.158344e+00
1     4.669625e+00   1.000002e+00   3.070549e-06   0.000000e+00   0.000000e+00   4.872618e-01   4.220004e+00   1.000002e+00   4.220007e+00   4.220010e+00
1     4.679651e+00   1.000002e+00   3.072864e-06   0.000000e+00   0.000000e+00   4.886442e-01   4.281621e+00   1.000002e+00   4.281624e+00   4.281627e+00
1     4.689678e+00   1.000002e+00   3.074915e-06   0.000000e+00   0.000000e+00   4.900697e-01   4.343195e+00   1.000002e+00   4.343198e+00   4.343201e+00
1     4.699705e+00   1.000002e+00   3.076692e-06   0.000000e+00   0.000000e+00   4.915330e-01   4.404732e+00   1.000002e+00   4.404735e+00   4.404738e+00
1     4.709731e+00   1.000002e+00   3.078189e-06   0.000000e+00   0.000000e+00   4.930286e-01   4.466236e+00   1.000002e+00   4.466239e+00   4.466242e+00
1     4.719758e+00   1.000002e+00   3.079402e-06   0.000000e+00   0.000000e+00   4.945509e-01   4.527713e+00   1.000002e+00   4.527716e+00   4.527719e+00
1     4.729785e+00   1.000002e+00   3.080324e-06   0.000000e+00   0.000000e+00   4.960942e-01   4.589169e+00   1.000002e+00   4.589172e+00   4.589176e+00
1     4.739812e+00   1.000002e+00   3.080953e-06   0.000000e+00   0.000000e+00   4.976528e-01   4.650610e+00   1.000002e+00   4.650614e+00   4.650617e+00
1     4.749838e+00   1.000002e+00   3.081287e-06   0.000000e+00   0.000000e+00   4.992210e-01   4.712042e+00   1.000002e+00   4.712045e+00   4.712048e+00
1     4.759865e+00   1.000002e+00   3.081323e-06   0.000000e+00   0.000000e+00   5.007930e-01   4.773470e+00   1.000002e+00   4.773473e+00   4.773476e+00
1     4.769892e+00   1.000002e+00   3.081063e-06   0.000000e+00   0.000000e+00   5.023630e-01   4.834899e+00   1.000002e+00   4.834902e+00   4.834905e+00
1     4.779919e+00   1.000002e+00   3.080506e-06   0.000000e+00   0.000000e+00   5.039254e-01   4.896337e+00   1.000002e+00   4.896340e+00   4.896343e+00
1     4.789945e+00   1.000002e+00   3.079655e-06   0.000000e+00   0.000000e+00   5.054743e-01   4.957787e+00   1.000002e+00   4.957790e+00   4.957793e+00
1     4.799972e+00   1.000002e+00   3.078514e-06   0.000000e+00   0.000000e+00   5.070041e-01   5.019257e+00   1.000002e+00   5.019260e+00   5.019263e+00
1     4.809999e+00   1.000002e+00   3.077085e-06   0.000000e+00   0.000000e+00   5.085091e-01   5.080752e+00   1.000002e+00   5.080755e+00   5.080758e+00
1     4.818772e+00   1.000002e+00   3.075604e-06   0.000000e+00   0.000000e+00   5.098012e-01   5.134585e+00   1.000002e+00   5.134587e+00   5.134590e+00
1     4.828799e+00   1.000002e+00   3.073652e-06   0.000000e+00   0.000000e+00   5.112448e-01   5.196141e+00   1.000002e+00   5.196144e+00   5.196146e+00
1     4.838825e+00   1.000002e+00   3.071432e-06   0.000000e+00   0.000000e+00   5.126478e-01   5.257738e+00   1.000002e+00   5.257740e+00   5.257743e+00
1     4.848852e+00   1.000002e+00   3.068950e-06   0.000000e+00   0.000000e+00   5.140049e-01   5.319380e+00   1.000002e+00   5.319383e+00   5.319385e+00
1     4.858879e+00   1.000002e+00   3.066217e-06   0.000000e+00   0.000000e+00   5.153111e-01   5.381074e+00   1.000002e+00   5.381076e+00   5.381079e+00
1     4.868906e+00   1.000002e+00   3.063242e-06   0.000000e+00   0.000000e+00   5.165614e-01   5.442823e+00   1.000002e+00   5.442825e+00   5.442828e+00
1     4.878932e+00   1.000002e+00   3.060037e-06   0.000000e+00   0.000000e+00   5.177509e-01   5.504633e+00   1.000002e+00   5.504636e+00   5.504638e+00
1     4.888959e+00   1.000002e+00   3.056613e-06   0.000000e+00   0.000000e+00   5.188750e-01   5.566509e+00   1.000002e+00   5.566511e+00   5.566513e+00
1     4.898986e+00   1.000002e+00   3.052982e-06   0.000000e+00   0.000000e+00   5.199293e-01   5.628455e+00   1.000002e+00   5.628457e+00   5.628458e+00
1     4.909012e+00   1.000002e+00   3.049159e-06   0.000000e+00   0.000000e+00   5.209095e-01   5.690474e+00   1.000002e+00   5.690476e+00   5.690478e+00
1     4.919039e+00   1.000002e+00   3.045159e-06   0.000000e+00   0.000000e+00   5.218118e-01   5.752572e+00   1.000002e+00   5.752573e+00   5.752575e+00
1     4.929066e+00   1.000002e+00   3.040995e-06   0.000000e+00   0.000000e+00   5.226324e-01   5.814751e+00   1.000002e+00   5.814752e+00   5.814754e+00
1     4.939092e+00   1.000002e+00   3.036685e-06   0.000000e+00   0.000000e+00   5.233677e-01   5.877015e+00   1.000002e+00   5.877017e+00   5.877018e+00
1     4.949119e+00   1.000001e+00   3.032243e-06   0.000000e+00   0.000000e+00   5.240145e-01   5.939368e+00   1.000002e+00   5.939369e+00   5.939370e+00
1     4.959146e+00   1.000001e+00   3.027687e-06   0.000000e+00   0.000000e+00   5.245699e-01   6.001813e+00   1.000002e+00   6.001814e+00   6.001814e+00
1     4.969172e+00   1.000001e+00   3.023035e-06   0.000000e+00   0.000000e+00   5.250312e-01   6.064351e+00   1.000001e+00   6.064352e+00   6.064353e+00
1     4.979199e+00   1.000001e+00   3.018304e-06   0.000000e+00   0.000000e+00   5.253963e-01   6.126986e+00   1.000001e+00   6.126986e+00   6.126987e+00
1     4.989226e+00   1.000001e+00   3.013512e-06   0.000000e+00   0.000000e+00   5.256633e-01   6.189719e+00   1.000001e+00   6.189719e+00   6.189719e+00
1     4.999253e+00   1.000001e+00   3.008679e-06   0.000000e+00   0.000000e+00   5.258305e-01   6.252551e+00   1.000001e+00   6.252551e+00   6.252551e+00
1     5.009279e+00   1.000001e+00   3.003824e-06   0.000000e+00   0.000000e+00   5.258969e-01   3.229939e-02   1.000001e+00   3.229930e-02   3.229920e-02
1     5.019306e+00   1.000001e+00   2.998965e-06   0.000000e+00   0.000000e+00   5.258616e-01   9.533442e-02   1.000001e+00   9.533413e-02   9.533385e-02
1     5.029333e+00   1.000001e+00   2.994122e-06   0.000000e+00   0.000000e+00   5.257243e-01   1.584714e-01   1.000001e+00   1.584710e-01   1.584705e-01
1     5.039359e+00   1.000001e+00   2.989314e-06   0.000000e+00   0.000000e+00   5.254851e-01   2.217104e-01   1.000001e+00   2.217097e-01   2.217091e-01
1     5.049386e+00   1.000001e+00   2.984561e-06   0.000000e+00   0.000000e+00   5.251443e-01   2.850509e-01   1.000001e+00   2.850500e-01   2.850492e-01
1     5.059413e+00   1.000001e+00   2.979881e-06   0.000000e+00   0.000000e+00   5.247029e-01   3.484920e-01   1.000001e+00   3.484909e-01   3.484899e-01
1     5.069439e+00   1.000001e+00   2.975294e-06   0.000000e+00   0.000000e+00   5.241622e-01   4.120324e-01   1.000001e+00   4.120312e-01   4.120300e-01
1     5.079466e+00   1.000001e+00   2.970818e-06   0.000000e+00   0.000000e+00   5.235239e-01   4.756703e-01   1.000001e+00   4.756690e-01   4.756676e-01
1     5.089493e+00   1.000001e+00   2.966472e-06   0.000000e+00   0.000000e+00   5.227902e-01   5.394037e-01   1.000001e+00   5.394022e-01   5.394007e-01
1     5.099519e+00   1.000001e+00   2.962272e-06   0.000000e+00   0.000000e+00   5.219636e-01   6.032299e-01   1.000001e+00   6.032283e-01   6.032266e-01
1     5.109546e+00   1.000001e+00   2.958238e-06   0.000000e+00   0.000000e+00   5.210472e-01   6.671460e-01   1.000001e+00   6.671441e-01   6.671423e-01
1     5.119573e+00   1.000001e+00   2.954384e-06   0.000000e+00   0.000000e+00   5.200444e-01   7.311483e-01   1.000001e+00   7.311464e-01   7.311444e-01
1     5.129599e+00   1.000001e+00   2.950728e-06   0.000000e+00   0.000000e+00   5.189591e-01   7.952332e-01   1.000001e+00   7.952311e-01   7.952290e-01
1     5.139626e+00   1.000001e+00   2.947284e-06   0.000000e+00   0.000000e+00   5.177954e-01   8.593964e-01   1.000001e+00   8.593942e-01   8.593920e-01
1     5.149653e+00   1.000001e+00   2.944067e-06   0.000000e+00   0.000000e+00   5.165581e-01   9.236333e-01   1.000001e+00   9.236310e-01   9.236286e-01
1     5.159679e+00   1.000001e+00   2.941091e-06   0.000000e+00   0.000000e+00   5.152520e-01   9.879389e-01   1.000001e+00   9.879364e-01   9.879340e-01
1     5.169706e+00   1.000001e+00   2.938367e-06   0.000000e+00   0.000000e+00   5.138825e-01   1.052308e+00   1.000001e+00   1.052305e+00   1.052303e+00
1     5.179733e+00   1.000001e+00   2.935907e-06   0.000000e+00   0.000000e+00   5.124552e-01   1.116735e+00   1.000001e+00   1.116732e+00   1.116729e+00
1     5.189759e+00   1.000001e+00   2.933722e-06   0.000000e+00   0.000000e+00   5.109759e-01   1.181213e+00   1.000001e+00   1.181211e+00   1.181208e+00
1     5.199786e+00   1.000001e+00   2.931821e-06   0.000000e+00   0.000000e+00   5.094510e-01   1.245738e+00   1.000001e+00   1.245735e+00   1.245732e+00
1     5.209812e+00   1.000001e+00   2.930212e-06   0.000000e+00   0.000000e+00   5.078870e-01   1.310301e+00   1.000001e+00   1.310298e+00   1.310295e+00
1     5.219839e+00   1.000001e+00   2.928900e-06   0.000000e+00   0.000000e+00   5.062903e-01   1.374897e+00   1.000001e+00   1.374894e+00   1.374891e+00
1     5.229866e+00   1.000001e+00   2.927892e-06   0.000000e+00   0.000000e+00   5.046679e-01   1.439518e+00   1.000001e+00   1.439516e+00   1.439513e+00
1     5.239892e+00   1.000001e+00   2.927192e-06   0.000000e+00   0.000000e+00   5.030267e-01   1.504159e+00   1.000001e+00   1.504156e+00   1.504153e+00
1     5.249919e+00   1.000001e+00   2.926802e-06   0.000000e+00   0.000000e+00   5.013736e-01   1.568811e+00   1.000001e+00   1.568808e+00   1.568805e+00
1     5.259946e+00   1.000001e+00   2.926723e-06   0.000000e+00   0.000000e+00   4.997158e-01   1.633468e+00   1.000001e+00   1.633465e+00   1.633462e+00
1     5.269972e+00   1.000001e+00   2.926957e-06   0.000000e+00   0.000000e+00   4.980602e-01   1.698123e+00   1.000001e+00   1.698120e+00   1.698117e+00
1     5.279999e+00   1.000001e+00   2.927501e-06   0.000000e+00   0.000000e+00   4.964140e-01   1.762768e+00   1.000001e+00   1.762765e+00   1.762762e+00
1     5.288772e+00   1.000001e+00   2.928229e-06   0.000000e+00   0.000000e+00   4.949867e-01   1.819320e+00   1.000001e+00   1.819317e+00   1.819314e+00
1     5.298799e+00   1.000001e+00   2.929347e-06   0.000000e+00   0.000000e+00   4.933768e-01   1.883929e+00   1.000001e+00   1.883926e+00   1.883923e+00
1     5.308826e+00   1.000001e+00   2.930765e-06   0.000000e+00   0.000000e+00   4.917959e-01   1.948509e+00   1.000001e+00   1.948506e+00   1.948503e+00
1     5.318852e+00   1.000001e+00   2.932476e-06   0.000000e+00   0.000000e+00   4.902507e-01   2.013053e+00   1.000001e+00   2.013050e+00   2.013047e+00
1     5.328879e+00   1.000001e+00   2.934473e-06   0.000000e+00   0.000000e+00   4.887476e-01   2.077555e+00   1.000001e+00   2.077552e+00   2.077550e+00
1     5.338905e+00   1.000001e+00   2.936747e-06   0.000000e+00   0.000000e+00   4.872928e-01   2.142008e+00   1.000001e+00   2.142006e+00   2.142003e+00
1     5.348932e+00   1.000001e+00   2.939288e-06   0.000000e+00   0.000000e+00   4.858923e-01   2.206408e+00   1.000001e+00   2.206405e+00   2.206403e+00
1     5.358959e+00   1.000001e+00   2.942086e-06   0.000000e+00   0.000000e+00   4.845516e-01   2.270747e+00   1.000001e+00   2.270745e+00   2.270743e+00
1     5.368985e+00   1.000001e+00   2.945129e-06   0.000000e+00   0.000000e+00   4.832762e-01   2.335021e+00   1.000001e+00   2.335019e+00   2.335017e+00
1     5.379012e+00   1.000001e+00   2.948404e-06   0.000000e+00   0.000000e+00   4.820712e-01   2.399225e+00   1.000001e+00   2.399223e+00   2.399221e+00
1     5.389039e+00   1.000001e+00   2.951897e-06   0.000000e+00   0.000000e+00   4.809411e-01   2.463354e+00   1.000001e+00   2.463352e+00   2.463350e+00
1     5.399065e+00   1.000001e+00   2.955593e-06   0.000000e+00   0.000000e+00   4.798905e-01   2.527403e+00   1.000001e+00   2.527402e+00   2.527400e+00
1     5.409092e+00   1.000001e+00   2.959478e-06   0.000000e+00   0.000000e+00   4.789232e-01   2.591369e+00   1.000001e+00   2.591368e+00   2.591366e+00
1     5.419118e+00   1.000001e+00   2.963535e-06   0.000000e+00   0.000000e+00   4.780428e-01   2.655249e+00   1.000001e+00   2.655247e+00   2.655246e+00
1     5.429145e+00   1.000001e+00   2.967747e-06   0.000000e+00   0.000000e+00   4.772526e-01   2.719037e+00   1.000001e+00   2.719036e+00   2.719035e+00
1     5.439172e+00   1.000001e+00   2.972097e-06   0.000000e+00   0.000000e+00   4.765553e-01   2.782733e+00   1.000001e+00   2.782732e+00   2.782731e+00
1     5.449198e+00   1.000001e+00   2.976568e-06   0.000000e+00   0.000000e+00   4.759532e-01   2.846334e+00   1.000001e+00   2.846333e+00   2.846332e+00
1     5.459225e+00   1.000001e+00   2.981140e-06   0.000000e+00   0.000000e+00   4.754484e-01   2.909838e+00   1.000001e+00   2.909837e+00   2.909836e+00
1     5.469251e+00   1.000001e+00   2.985797e-06   0.000000e+00   0.000000e+00   4.750422e-01   2.973242e+00   1.000001e+00   2.973242e+00   2.973241e+00
1     5.479278e+00   1.000001e+00   2.990518e-06   0.000000e+00   0.000000e+00   4.747358e-01   3.036547e+00   1.000001e+00   3.036547e+00   3.036547e+00
1     5.489305e+00   1.000001e+00   2.995285e-06   0.000000e+00   0.000000e+00   4.745298e-01   3.099752e+00   1.000001e+00   3.099752e+00   3.099752e+00
1     5.499331e+00   1.000001e+00   3.000080e-06   0.000000e+00   0.000000e+00   4.744245e-01   3.162856e+00   1.000001e+00   3.162856e+00   3.162856e+00
1     5.509358e+00   1.000001e+00   3.004882e-06   0.000000e+00   0.000000e+00   4.744196e-01   3.225859e+00   1.000001e+00   3.225859e+00   3.225860e+00
1     5.519384e+00   1.000001e+00   3.009673e-06   0.000000e+00   0.000000e+00   4.745147e-01   3.288763e+00   1.000001e+00   3.288763e+00   3.288763e+00
1     5.529411e+00   1.000001e+00   3.014435e-06   0.000000e+00   0.000000e+00   4.747088e-01   3.351567e+00   1.000001e+00   3.351568e+00   3.351568e+00
1     5.539438e+00   1.000001e+00   3.019148e-06   0.000000e+00   0.000000e+00   4.750005e-01   3.414274e+00   1.000001e+00   3.414275e+00   3.414275e+00
1     5.549464e+00   1.000001e+00   3.023794e-06   0.000000e+00   0.000000e+00   4.753882e-01   3.476885e+00   1.000001e+00   3.476886e+00   3.476887e+00
1     5.559491e+00   1.000001e+00   3.028356e-06   0.000000e+00   0.000000e+00   4.758698e-01   3.539402e+00   1.000001e+00   3.539403e+00   3.539404e+00
1     5.569517e+00   1.000001e+00   3.032816e-06   0.000000e+00   0.000000e+00   4.764430e-01   3.601827e+00   1.000001e+00   3.601828e+00   3.601830e+00
1     5.579544e+00   1.000001e+00   3.037157e-06   0.000000e+00   0.000000e+00   4.771049e-01   3.664164e+00   1.000001e+00   3.664165e+00   3.664167e+00
1     5.589571e+00   1.000001e+00   3.041362e-06   0.000000e+00   0.000000e+00   4.778527e-01   3.726414e+00   1.000001e+00   3.726416e+00   3.726418e+00
1     5.599597e+00   1.000001e+00   3.045415e-06   0.000000e+00   0.000000e+00   4.786831e-01   3.788582e+00   1.000001e+00   3.788584e+00   3.788586e+00
1     5.609624e+00   1.000001e+00   3.049302e-06   0.000000e+00   0.000000e+00   4.795923e-01   3.850672e+00   1.000001e+00   3.850674e+00   3.850676e+00
1     5.619650e+00   1.000001e+00   3.053007e-06   0.000000e+00   0.000000e+00   4.805766e-01   3.912686e+00   1.000001e+00   3.912688e+00   3.912690e+00
1     5.629677e+00   1.000001e+00   3.056517e-06   0.000000e+00   0.000000e+00   4.816320e-01   3.974629e+00   1.000001e+00   3.974631e+00   3.974634e+00
1     5.639704e+00   1.000001e+00   3.059820e-06   0.000000e+00   0.000000e+00   4.827540e-01   4.036506e+00   1.000001e+00   4.036508e+00   4.036511e+00
1     5.649730e+00   1.000001e+00   3.062902e-06   0.000000e+00   0.000000e+00   4.839381e-01   4.098320e+00   1.000001e+00   4.098323e+00   4.098325e+00
1     5.659757e+00   1.000001e+00   3.065753e-06   0.000000e+00   0.000000e+00   4.851797e-01   4.160077e+00   1.000001e+00   4.160080e+00   4.160082e+00
1     5.669783e+00   1.000001e+00   3.068363e-06   0.000000e+00   0.000000e+00   4.864739e-01   4.221782e+00   1.000001e+00   4.221784e+00   4.221787e+00
1     5.679810e+00   1.000001e+00   3.070722e-06   0.000000e+00   0.000000e+00   4.878156e-01   4.283438e+00   1.000001e+00   4.283441e+00   4.283444e+00
1     5.689836e+00   1.000001e+00   3.072821e-06   0.000000e+00   0.000000e+00   4.891996e-01   4.345053e+00   1.000001e+00   4.345056e+00   4.345059e+00
1     5.699863e+00   1.000001e+00   3.074655e-06   0.000000e+00   0.000000e+00   4.906208e-01   4.406630e+00   1.000001e+00   4.406633e+00   4.406636e+00
1     5.709890e+00   1.000001e+00   3.076216e-06   0.000000e+00   0.000000e+00   4.920737e-01   4.468176e+00   1.000001e+00   4.468179e+00   4.468182e+00
1     5.719916e+00   1.000001e+00   3.077500e-06   0.000000e+00   0.000000e+00   4.935530e-01   4.529696e+00   1.000001e+00   4.529699e+00   4.529702e+00
1     5.729943e+00   1.000001e+00   3.078501e-06   0.000000e+00   0.000000e+00   4.950529e-01   4.591194e+00   1.000001e+00   4.591197e+00   4.591200e+00
1     5.739969e+00   1.000001e+00   3.079218e-06   0.000000e+00   0.000000e+00   4.965682e-01   4.652678e+00   1.000001e+00   4.652681e+00   4.652684e+00
1     5.749996e+00   1.000001e+00   3.079648e-06   0.000000e+00   0.000000e+00   4.980931e-01   4.714152e+00   1.000001e+00   4.714155e+00   4.714158e+00
1     5.758769e+00   1.000001e+00   3.079787e-06   0.000000e+00   0.000000e+00   4.994309e-01   4.767938e+00   1.000001e+00   4.767941e+00   4.767944e+00
1     5.768796e+00   1.000001e+00   3.079677e-06   0.000000e+00   0.000000e+00   5.009588e-01   4.829408e+00   1.000001e+00   4.829411e+00   4.829415e+00
1     5.778822e+00   1.000001e+00   3.079279e-06   0.000000e+00   0.000000e+00   5.024804e-01   4.890886e+00   1.000001e+00   4.890889e+00   4.890892e+00
1     5.788849e+00   1.000001e+00   3.078597e-06   0.000000e+00   0.000000e+00   5.039900e-01   4.952375e+00   1.000001e+00   4.952378e+00   4.952381e+00
1     5.798875e+00   1.000001e+00   3.077632e-06   0.000000e+00   0.000000e+00   5.054822e-01   5.013881e+00   1.000001e+00   5.013884e+00   5.013887e+00
1     5.808902e+00   1.000001e+00   3.076390e-06   0.000000e+00   0.000000e+00   5.069515e-01   5.075411e+00   1.000001e+00   5.075414e+00   5.075416e+00
1     5.818928e+00   1.000001e+00   3.074874e-06   0.000000e+00   0.000000e+00   5.083927e-01   5.136968e+00   1.000001e+00   5.136971e+00   5.136974e+00
1     5.828955e+00   1.000001e+00   3.073092e-06   0.000000e+00   0.000000e+00   5.098003e-01   5.198560e+00   1.000001e+00   5.198562e+00   5.198565e+00
1     5.838981e+00   1.000001e+00   3.071050e-06   0.000000e+00   0.000000e+00   5.111692e-01   5.260189e+00   1.000001e+00   5.260192e+00   5.260195e+00
1     5.849008e+00   1.000001e+00   3.068757e-06   0.000000e+00   0.000000e+00   5.124945e-01   5.321863e+00   1.000001e+00   5.321865e+00   5.321868e+00
1     5.859035e+00   1.000001e+00   3.066221e-06   0.000000e+00   0.000000e+00   5.137712e-01   5.383585e+00   1.000001e+00   5.383588e+00   5.383590e+00
1     5.869061e+00   1.000001e+00   3.063451e-06   0.000000e+00   0.000000e+00   5.149945e-01   5.445361e+00   1.000001e+00   5.445363e+00   5.445365e+00
1     5.879088e+00   1.000001e+00   3.060460e-06   0.000000e+00   0.000000e+00   5.161600e-01   5.507194e+00   1.000001e+00   5.507196e+00   5.507198e+00
1     5.889114e+00   1.000001e+00   3.057258e-06   0.000000e+00   0.000000e+00   5.172631e-01   5.569090e+00   1.000001e+00   5.569092e+00   5.569094e+00
1     5.899141e+00   1.000001e+00   3.053857e-06   0.000000e+00   0.000000e+00   5.182998e-01   5.631052e+00   1.000001e+00   5.631054e+00   5.631056e+00
1     5.909167e+00   1.000001e+00   3.050272e-06   0.000000e+00   0.000000e+00   5.192659e-01   5.693085e+00   1.000001e+00   5.693086e+00   5.693088e+00
1     5.919194e+00   1.000001e+00   3.046515e-06   0.000000e+00   0.000000e+00   5.201579e-01   5.755192e+00   1.000001e+00   5.755193e+00   5.755195e+00
1     5.929220e+00   1.000001e+00   3.042601e-06   0.000000e+00   0.000000e+00   5.209721e-01   5.817376e+00   1.000001e+00   5.817378e+00   5.817379e+00
1     5.939247e+00   1.000001e+00   3.038545e-06   0.000000e+00   0.000000e+00   5.217053e-01   5.879642e+00   1.000001e+00   5.879643e+00   5.879644e+00
1     5.949273e+00   1.000001e+00   3.034363e-06   0.000000e+00   0.000000e+00   5.223547e-01   5.941991e+00   1.000001e+00   5.941992e+00   5.941993e+00
1     5.959300e+00   1.000001e+00   3.030071e-06   0.000000e+00   0.000000e+00   5.229175e-01   6.004428e+00   1.000001e+00   6.004428e+00   6.004429e+00
1     5.969326e+00   1.000001e+00   3.025687e-06   0.000000e+00   0.000000e+00   5.233913e-01   6.066953e+00   1.000001e+00   6.066953e+00   6.066954e+00
1     5.979353e+00   1.000001e+00   3.021226e-06   0.000000e+00   0.000000e+00   5.237742e-01   6.129569e+00   1.000001e+00   6.129569e+00   6.129569e+00
1     5.989380e+00   1.000001e+00   3.016706e-06   0.000000e+00   0.000000e+00   5.240645e-01   6.192277e+00   1.000001e+00   6.192277e+00   6.192278e+00
1     5.999406e+00   1.000001e+00   3.012146e-06   0.000000e+00   0.000000e+00   5.242608e-01   6.255080e+00   1.000001e+00   6.255080e+00   6.255080e+00
1     6.009433e+00   1.000001e+00   3.007562e-06   0.000000e+00   0.000000e+00   5.243620e-01   3.479201e-02   1.000001e+00   3.479191e-02   3.479180e-02
1     6.019459e+00   1.000001e+00   3.002974e-06   0.000000e+00   0.000000e+00   5.243677e-01   9.778519e-02   1.000000e+00   9.778489e-02   9.778460e-02
1     6.029486e+00   1.000001e+00   2.998398e-06   0.000000e+00   0.000000e+00   5.242775e-01   1.608742e-01   1.000000e+00   1.608737e-01   1.608733e-01
1     6.039512e+00   1.000001e+00   2.993853e-06   0.000000e+00   0.000000e+00   5.240915e-01   2.240590e-01   1.000000e+00   2.240583e-01   2.240576e-01
1     6.049539e+00   1.000001e+00   2.989358e-06   0.000000e+00   0.000000e+00   5.238104e-01   2.873389e-01   1.000000e+00   2.873381e-01   2.873372e-01
1     6.059565e+00   1.000001e+00   2.984929e-06   0.000000e+00   0.000000e+00   5.234349e-01   3.507132e-01   1.000000e+00   3.507121e-01   3.507111e-01
1     6.069592e+00   1.000001e+00   2.980585e-06   0.000000e+00   0.000000e+00   5.229665e-01   4.141804e-01   1.000000e+00   4.141792e-01   4.141780e-01
1     6.079618e+00   1.000001e+00   2.976343e-06   0.000000e+00   0.000000e+00   5.224067e-01   4.777389e-01   1.000000e+00   4.777375e-01   4.777361e-01
1     6.089645e+00   1.000001e+00   2.972220e-06   0.000000e+00   0.000000e+00   5.217578e-01   5.413866e-01   1.000000e+00   5.413850e-01   5.413835e-01
1     6.099671e+00   1.000001e+00   2.968232e-06   0.000000e+00   0.000000e+00   5.210221e-01   6.051210e-01   1.000000e+00   6.051193e-01   6.051176e-01
1     6.109698e+00   1.000001e+00   2.964394e-06   0.000000e+00   0.000000e+00   5.202025e-01   6.689392e-01   1.000000e+00   6.689374e-01   6.689356e-01
1     6.119724e+00   1.000001e+00   2.960724e-06   0.000000e+00   0.000000e+00   5.193022e-01   7.328381e-01   1.000000e+00   7.328361e-01   7.328342e-01
1     6.129751e+00   1.000001e+00   2.957234e-06   0.000000e+00   0.000000e+00   5.183249e-01   7.968140e-01   1.000000e+00   7.968119e-01   7.968098e-01
1     6.139777e+00   1.000001e+00   2.953939e-06   0.000000e+00   0.000000e+00   5.172745e-01   8.608630e-01   1.000000e+00   8.608608e-01   8.608586e-01
1     6.149804e+00   1.000001e+00   2.950853e-06   0.000000e+00   0.000000e+00   5.161553e-01   9.249809e-01   1.000000e+00   9.249785e-01   9.249762e-01
1     6.159830e+00   1.000001e+00   2.947987e-06   0.000000e+00   0.000000e+00   5.149718e-01   9.891629e-01   1.000000e+00   9.891604e-01   9.891580e-01
1     6.169857e+00   1.000001e+00   2.945352e-06   0.000000e+00   0.000000e+00   5.137290e-01   1.053404e+00   1.000000e+00   1.053402e+00   1.053399e+00
1     6.179883e+00   1.000001e+00   2.942960e-06   0.000000e+00   0.000000e+00   5.124320e-01   1.117700e+00   1.000000e+00   1.117697e+00   1.117694e+00
1     6.189910e+00   1.000001e+00   2.940820e-06   0.000000e+00   0.000000e+00   5.110862e-01   1.182044e+00   1.000000e+00   1.182041e+00   1.182039e+00
1     6.199936e+00   1.000001e+00   2.938939e-06   0.000000e+00   0.000000e+00   5.096973e-01   1.246431e+00   1.000000e+00   1.246428e+00   1.246426e+00
1     6.209963e+00   1.000001e+00   2.937326e-06   0.000000e+00   0.000000e+00   5.082713e-01   1.310856e+00   1.000000e+00   1.310853e+00   1.310850e+00
1     6.219989e+00   1.000001e+00   2.935986e-06   0.000000e+00   0.000000e+00   5.068140e-01   1.375311e+00   1.000000e+00   1.375308e+00   1.375306e+00
1     6.228762e+00   1.000001e+00   2.935042e-06   0.000000e+00   0.000000e+00   5.055182e-01   1.431731e+00   1.000000e+00   1.431728e+00   1.431725e+00
1     6.238789e+00   1.000001e+00   2.934227e-06   0.000000e+00   0.000000e+00   5.040193e-01   1.496228e+00   1.000000e+00   1.496225e+00   1.496222e+00
1     6.248815e+00   1.000001e+00   2.933696e-06   0.000000e+00   0.000000e+00   5.025073e-01   1.560738e+00   1.000000e+00   1.560735e+00   1.560732e+00
1     6.258842e+00   1.000001e+00   2.933450e-06   0.000000e+00   0.000000e+00   5.009886e-01   1.625255e+00   1.000000e+00   1.625252e+00   1.625249e+00
1     6.268868e+00   1.000001e+00   2.933491e-06   0.000000e+00   0.000000e+00   4.994696e-01   1.689772e+00   1.000000e+00   1.689769e+00   1.689767e+00
1     6.278895e+00   1.000001e+00   2.933816e-06   0.000000e+00   0.000000e+00   4.979568e-01   1.754283e+00   1.000000e+00   1.754280e+00   1.754278e+00
1     6.288921e+00   1.000001e+00   2.934425e-06   0.000000e+00   0.000000e+00   4.964566e-01   1.818782e+00   1.000000e+00   1.818779e+00   1.818776e+00
1     6.298948e+00   1.000001e+00   2.935312e-06   0.000000e+00   0.000000e+00   4.949752e-01   1.883261e+00   1.000000e+00   1.883258e+00   1.883256e+00
1     6.308974e+00   1.000001e+00   2.936474e-06   0.000000e+00   0.000000e+00   4.935188e-01   1.947716e+00   1.000000e+00   1.947713e+00   1.947710e+00
1     6.319001e+00   1.000001e+00   2.937906e-06   0.000000e+00   0.000000e+00   4.920934e-01   2.012139e+00   1.000000e+00   2.012137e+00   2.012134e+00
1     6.329027e+00   1.000001e+00   2.939599e-06   0.000000e+00   0.000000e+00   4.907048e-01   2.076526e+00   1.000000e+00   2.076523e+00   2.076521e+00
1     6.339054e+00   1.000001e+00   2.941547e-06   0.000000e+00   0.000000e+00   4.893586e-01   2.140870e+00   1.000000e+00   2.140867e+00   2.140865e+00
1     6.349080e+00   1.000001e+00   2.943739e-06   0.000000e+00   0.000000e+00   4.880604e-01   2.205166e+00   1.000000e+00   2.205164e+00   2.205161e+00
1     6.359107e+00   1.000001e+00   2.946168e-06   0.000000e+00   0.000000e+00   4.868151e-01   2.269409e+00   1.000000e+00   2.269407e+00   2.269405e+00
1     6.369133e+00   1.000001e+00   2.948820e-06   0.000000e+00   0.000000e+00   4.856277e-01   2.333595e+00   1.000000e+00   2.333593e+00   2.333590e+00
1     6.379160e+00   1.000001e+00   2.951686e-06   0.000000e+00   0.000000e+00   4.845028e-01   2.397717e+00   1.000000e+00   2.397715e+00   2.397713e+00
1     6.389186e+00   1.000001e+00   2.954752e-06   0.000000e+00   0.000000e+00   4.834445e-01   2.461774e+00   1.000000e+00   2.461772e+00   2.461770e+00
1     6.399213e+00   1.000001e+00   2.958005e-06   0.000000e+00   0.000000e+00   4.824569e-01   2.525759e+00   1.000000e+00   2.525757e+00   2.525756e+00
1     6.409239e+00   1.000001e+00   2.961431e-06   0.000000e+00   0.000000e+00   4.815435e-01   2.589670e+00   1.000000e+00   2.589669e+00   2.589667e+00
1     6.419265e+00   1.000001e+00   2.965015e-06   0.000000e+00   0.000000e+00   4.807075e-01   2.653504e+00   1.000000e+00   2.653503e+00   2.653501e+00
1     6.429292e+00   1.000001e+00   2.968743e-06   0.000000e+00   0.000000e+00   4.799518e-01   2.717258e+00   1.000000e+00   2.717256e+00   2.717255e+00
1     6.439318e+00   1.000001e+00   2.972598e-06   0.000000e+00   0.000000e+00   4.792788e-01   2.780928e+00   1.000000e+00   2.780927e+00   2.780926e+00
1     6.449345e+00   1.000001e+00   2.976566e-06   0.000000e+00   0.000000e+00   4.786907e-01   2.844514e+00   1.000000e+00   2.844513e+00   2.844512e+00
1     6.459371e+00   1.000001e+00   2.980628e-06   0.000000e+00   0.000000e+00   4.781893e-01   2.908013e+00   1.000000e+00   2.908013e+00   2.908012e+00
1     6.469398e+00   1.000001e+00   2.984771e-06   0.000000e+00   0.000000e+00   4.777757e-01   2.971424e+00   1.000000e+00   2.971424e+00   2.971423e+00
1     6.479424e+00   1.000001e+00   2.988975e-06   0.000000e+00   0.000000e+00   4.774512e-01   3.034747e+00   1.000000e+00   3.034746e+00   3.034746e+00
1     6.489451e+00   1.000001e+00   2.993226e-06   0.000000e+00   0.000000e+00   4.772163e-01   3.097979e+00   1.000000e+00   3.097979e+00   3.097979e+00
1     6.499477e+00   1.000001e+00   2.997505e-06   0.000000e+00   0.000000e+00   4.770713e-01   3.161122e+00   1.000000e+00   3.161122e+00   3.161122e+00
1     6.509504e+00   1.000001e+00   3.001797e-06   0.000000e+00   0.000000e+00   4.770161e-01   3.224175e+00   1.000000e+00   3.224175e+00   3.224175e+00
1     6.519530e+00   1.000001e+00   3.006084e-06   0.000000e+00   0.000000e+00   4.770503e-01   3.287138e+00   1.000000e+00   3.287139e+00   3.287139e+00
1     6.529556e+00   1.000001e+00   3.010350e-06   0.000000e+00   0.000000e+00   4.771733e-01   3.350013e+00   1.000000e+00   3.350013e+00   3.350014e+00
1     6.539583e+00   1.000001e+00   3.014580e-06   0.000000e+00   0.000000e+00   4.773839e-01   3.412800e+00   1.000000e+00   3.412801e+00   3.412801e+00
1     6.549609e+00   1.000001e+00   3.018755e-06   0.000000e+00   0.000000e+00   4.776807e-01   3.475501e+00   1.000000e+00   3.475502e+00   3.475503e+00
1     6.559636e+00   1.000001e+00   3.022862e-06   0.000000e+00   0.000000e+00   4.780622e-01   3.538117e+00   1.000000e+00   3.538118e+00   3.538119e+00
1     6.569662e+00   1.000001e+00   3.026885e-06   0.000000e+00   0.000000e+00   4.785263e-01   3.600650e+00   1.000000e+00   3.600652e+00   3.600653e+00
1     6.579689e+00   1.000001e+00   3.030807e-06   0.000000e+00   0.000000e+00   4.790709e-01   3.663103e+00   1.000000e+00   3.663105e+00   3.663106e+00
1     6.589715e+00   1.000001e+00   3.034615e-06   0.000000e+00   0.000000e+00   4.796933e-01   3.725479e+00   1.000000e+00   3.725480e+00   3.725482e+00
1     6.599741e+00   1.000001e+00   3.038294e-06   0.000000e+00   0.000000e+00   4.803906e-01   3.787779e+00   1.000000e+00   3.787781e+00   3.787782e+00
1     6.609768e+00   1.000001e+00   3.041830e-06   0.000000e+00   0.000000e+00   4.811598e-01   3.850007e+00   1.000000e+00   3.850009e+00   3.850011e+00
1     6.619794e+00   1.000001e+00   3.045209e-06   0.000000e+00   0.000000e+00   4.819973e-01   3.912167e+00   1.000000e+00   3.912169e+00   3.912172e+00
1     6.629821e+00   1.000001e+00   3.048420e-06   0.000000e+00   0.000000e+00   4.828997e-01   3.974263e+00   1.000000e+00   3.974265e+00   3.974267e+00
1     6.639847e+00   1.000001e+00   3.051450e-06   0.000000e+00   0.000000e+00   4.838629e-01   4.036297e+00   1.000000e+00   4.036299e+00   4.036302e+00
1     6.649874e+00   1.000001e+00   3.054288e-06   0.000000e+00   0.000000e+00   4.848831e-01   4.098274e+00   9.999999e-01   4.098277e+00   4.098279e+00
1     6.659900e+00   1.000001e+00   3.056925e-06   0.000000e+00   0.000000e+00   4.859561e-01   4.160199e+00   9.999999e-01   4.160202e+00   4.160204e+00
1     6.669926e+00   1.000001e+00   3.059352e-06   0.000000e+00   0.000000e+00   4.870776e-01   4.222075e+00   9.999999e-01   4.222078e+00   4.222081e+00
1     6.679953e+00   1.000001e+00   3.061559e-06   0.000000e+00   0.000000e+00   4.882431e-01   4.283908e+00   9.999999e-01   4.283910e+00   4.283913e+00
1     6.689979e+00   1.000001e+00   3.063540e-06   0.000000e+00   0.000000e+00   4.894482e-01   4.345700e+00   9.999999e-01   4.345703e+00   4.345706e+00
1     6.698752e+00   1.000001e+00   3.065082e-06   0.000000e+00   0.000000e+00   4.905314e-01   4.399740e+00   9.999999e-01   4.399743e+00   4.399746e+00
1     6.708779e+00   1.000001e+00   3.066621e-06   0.000000e+00   0.000000e+00   4.917980e-01   4.461471e+00   9.999999e-01   4.461474e+00   4.461477e+00
1     6.718805e+00   1.000001e+00   3.067917e-06   0.000000e+00   0.000000e+00   4.930905e-01   4.523176e+00   9.999999e-01   4.523179e+00   4.523182e+00
1     6.728832e+00   1.000001e+00   3.068966e-06   0.000000e+00   0.000000e+00   4.944043e-01   4.584860e+00   9.999999e-01   4.584863e+00   4.584867e+00
1     6.738858e+00   1.000001e+00   3.069765e-06   0.000000e+00   0.000000e+00   4.957343e-01   4.646528e+00   9.999999e-01   4.646531e+00   4.646534e+00
1     6.748885e+00   1.000001e+00   3.070312e-06   0.000000e+00   0.000000e+00   4.970756e-01   4.708185e+00   9.999999e-01   4.708188e+00   4.708191e+00
1     6.758911e+00   1.000001e+00   3.070606e-06   0.000000e+00   0.000000e+00   4.984235e-01   4.769835e+00   9.999999e-01   4.769838e+00   4.769841e+00
1     6.768937e+00   1.000001e+00   3.070645e-06   0.000000e+00   0.000000e+00   4.997728e-01   4.831483e+00   9.999999e-01   4.831486e+00   4.831489e+00
1     6.778964e+00   1.000001e+00   3.070432e-06   0.000000e+00   0.000000e+00   5.011187e-01   4.893135e+00   9.999998e-01   4.893138e+00   4.893141e+00
1     6.788990e+00   1.000001e+00   3.069966e-06   0.000000e+00   0.000000e+00   5.024563e-01   4.954795e+00   9.999998e-01   4.954798e+00   4.954801e+00
1     6.799017e+00   1.000001e+00   3.069251e-06   0.000000e+00   0.000000e+00   5.037807e-01   5.016469e+00   9.999998e-01   5.016472e+00   5.016475e+00
1     6.809043e+00   1.000001e+00   3.068290e-06   0.000000e+00   0.000000e+00   5.050872e-01   5.078160e+00   9.999998e-01   5.078163e+00   5.078166e+00
1     6.819069e+00   1.000001e+00   3.067087e-06   0.000000e+00   0.000000e+00   5.063710e-01   5.139875e+00   9.999998e-01   5.139877e+00   5.139880e+00
1     6.829096e+00   1.000001e+00   3.065646e-06   0.000000e+00   0.000000e+00   5.076273e-01   5.201616e+00   9.999998e-01   5.201619e+00   5.201622e+00
1     6.839122e+00   1.000001e+00   3.063975e-06   0.000000e+00   0.000000e+00   5.088518e-01   5.263390e+00   9.999998e-01   5.263392e+00   5.263395e+00
1     6.849149e+00   1.000001e+00   3.062079e-06   0.000000e+00   0.000000e+00   5.100398e-01   5.325200e+00   9.999998e-01   5.325202e+00   5.325205e+00
1     6.859175e+00   1.000001e+00   3.059967e-06   0.000000e+00   0.000000e+00   5.111870e-01   5.387050e+00   9.999998e-01   5.387053e+00   5.387055e+00
1     6.869201e+00   1.000001e+00   3.057646e-06   0.000000e+00   0.000000e+00   5.122892e-01   5.448946e+00   9.999998e-01   5.448948e+00   5.448951e+00
1     6.879228e+00   1.000001e+00   3.055125e-06   0.000000e+00   0.000000e+00   5.133424e-01   5.510891e+00   9.999998e-01   5.510893e+00   5.510895e+00
1     6.889254e+00   1.000001e+00   3.052415e-06   0.000000e+00   0.000000e+00   5.143427e-01   5.572889e+00   9.999998e-01   5.572891e+00   5.572893e+00
1     6.899281e+00   1.000001e+00   3.049526e-06   0.000000e+00   0.000000e+00   5.152862e-01   5.634943e+00   9.999997e-01   5.634945e+00   5.634947e+00
1     6.909307e+00   1.000001e+00   3.046470e-06   0.000000e+00   0.000000e+00   5.161696e-01   5.697058e+00   9.999997e-01   5.697059e+00   5.697061e+00
1     6.919333e+00   1.000001e+00   3.043258e-06   0.000000e+00   0.000000e+00   5.169895e-01   5.759236e+00   9.999997e-01   5.759237e+00   5.759239e+00
1     6.929360e+00   1.000001e+00   3.039902e-06   0.000000e+00   0.000000e+00   5.177428e-01   5.821481e+00   9.999997e-01   5.821482e+00   5.821483e+00
1     6.939386e+00   1.000001e+00   3.036417e-06   0.000000e+00   0.000000e+00   5.184266e-01   5.883795e+00   9.999997e-01   5.883796e+00   5.883797e+00
1     6.949413e+00   1.000001e+00   3.032815e-06   0.000000e+00   0.000000e+00   5.190384e-01   5.946181e+00   9.999997e-01   5.946182e+00   5.946183e+00
1     6.959439e+00   1.000001e+00   3.029110e-06   0.000000e+00   0.000000e+00   5.195757e-01   6.008642e+00   9.999997e-01   6.008643e+00   6.008643e+00
1     6.969465e+00   1.000001e+00   3.025318e-06   0.000000e+00   0.000000e+00   5.200366e-01   6.071179e+00   9.999997e-01   6.071180e+00   6.071180e+00
1     6.979492e+00   1.000001e+00   3.021451e-06   0.000000e+00   0.000000e+00   5.204191e-01   6.133794e+00   9.999997e-01   6.133795e+00   6.133795e+00
1     6.989518e+00   1.000001e+00   3.017526e-06   0.000000e+00   0.000000e+00   5.207218e-01   6.196490e+00   9.999997e-01   6.196490e+00   6.196490e+00
1     6.999544e+00   1.000001e+00   3.013558e-06   0.000000e+00   0.000000e+00   5.209436e-01   6.259266e+00   9.999997e-01   6.259266e+00   6.259266e+00
1     7.009571e+00   1.000001e+00   3.009563e-06   0.000000e+00   0.000000e+00   5.210834e-01   3.893892e-02   9.999997e-01   3.893880e-02   3.893868e-02
1     7.019597e+00   1.000001e+00   3.005555e-06   0.000000e+00   0.000000e+00   5.211407e-01   1.018796e-01   9.999996e-01   1.018793e-01   1.018790e-01
1     7.029624e+00   1.000001e+00   3.001550e-06   0.000000e+00   0.000000e+00   5.211152e-01   1.649030e-01   9.999996e-01   1.649025e-01   1.649020e-01
1     7.039650e+00   1.000001e+00   2.997564e-06   0.000000e+00   0.000000e+00   5.210071e-01   2.280091e-01   9.999996e-01   2.280084e-01   2.280077e-01
1     7.049676e+00   1.000001e+00   2.993613e-06   0.000000e+00   0.000000e+00   5.208167e-01   2.911975e-01   9.999996e-01   2.911966e-01   2.911957e-01
1     7.059703e+00   1.000001e+00   2.989711e-06   0.000000e+00   0.000000e+00   5.205447e-01   3.544674e-01   9.999996e-01   3.544664e-01   3.544653e-01
1     7.069729e+00   1.000001e+00   2.985874e-06   0.000000e+00   0.000000e+00   5.201922e-01   4.178178e-01   9.999996e-01   4.178166e-01   4.178154e-01
1     7.079755e+00   1.000001e+00   2.982117e-06   0.000000e+00   0.000000e+00   5.197605e-01   4.812474e-01   9.999996e-01   4.812460e-01   4.812446e-01
1     7.089782e+00   1.000001e+00   2.978454e-06   0.000000e+00   0.000000e+00   5.192514e-01   5.447543e-01   9.999996e-01   5.447528e-01   5.447512e-01
1     7.099808e+00   1.000001e+00   2.974899e-06   0.000000e+00   0.000000e+00   5.186670e-01   6.083366e-01   9.999996e-01   6.083349e-01   6.083332e-01
1     7.109835e+00   1.000001e+00   2.971467e-06   0.000000e+00   0.000000e+00   5.180095e-01   6.719920e-01   9.999996e-01   6.719901e-01   6.719883e-01
1     7.119861e+00   1.000001e+00   2.968170e-06   0.000000e+00   0.000000e+00   5.172816e-01   7.357176e-01   9.999996e-01   7.357156e-01   7.357136e-01
1     7.129887e+00   1.000001e+00   2.965021e-06   0.000000e+00   0.000000e+00   5.164865e-01   7.995106e-01   9.999996e-01   7.995084e-01   7.995063e-01
1     7.139914e+00   1.000001e+00   2.962033e-06   0.000000e+00   0.000000e+00   5.156273e-01   8.633675e-01   9.999996e-01   8.633652e-01   8.633630e-01
1     7.149940e+00   1.000001e+00   2.959216e-06   0.000000e+00   0.000000e+00   5.147078e-01   9.272847e-01   9.999995e-01   9.272823e-01   9.272800e-01
1     7.159966e+00   1.000001e+00   2.956581e-06   0.000000e+00   0.000000e+00   5.137319e-01   9.912583e-01   9.999995e-01   9.912559e-01   9.912534e-01
1     7.169993e+00   1.000001e+00   2.954139e-06   0.000000e+00   0.000000e+00   5.127039e-01   1.055284e+00   9.999995e-01   1.055281e+00   1.055279e+00
1     7.178766e+00   1.000001e+00   2.952168e-06   0.000000e+00   0.000000e+00   5.117651e-01   1.111346e+00   9.999995e-01   1.111343e+00   1.111340e+00
1     7.188792e+00   1.000000e+00   2.950112e-06   0.000000e+00   0.000000e+00   5.106517e-01   1.175457e+00   9.999995e-01   1.175454e+00   1.175451e+00
1     7.198818e+00   1.000000e+00   2.948272e-06   0.000000e+00   0.000000e+00   5.094996e-01   1.239607e+00   9.999995e-01   1.239604e+00   1.239601e+00
1     7.208845e+00   1.000000e+00   2.946655e-06   0.000000e+00   0.000000e+00   5.083138e-01   1.303790e+00   9.999995e-01   1.303787e+00   1.303784e+00
1     7.218871e+00   1.000000e+00   2.945267e-06   0.000000e+00   0.000000e+00   5.070993e-01   1.368002e+00   9.999995e-01   1.367999e+00   1.367996e+00
1     7.228898e+00   1.000000e+00   2.944111e-06   0.000000e+00   0.000000e+00   5.058613e-01   1.432237e+00   9.999995e-01   1.432234e+00   1.432232e+00
1     7.238924e+00   1.000000e+00   2.943192e-06   0.000000e+00   0.000000e+00   5.046049e-01   1.496491e+00   9.999995e-01   1.496488e+00   1.496485e+00
1     7.248950e+00   1.000000e+00   2.942510e-06   0.000000e+00   0.000000e+00   5.033353e-01   1.560758e+00   9.999995e-01   1.560755e+00   1.560753e+00
1     7.258977e+00   1.000000e+00   2.942069e-06   0.000000e+00   0.000000e+00   5.020575e-01   1.625034e+00   9.999995e-01   1.625031e+00   1.625028e+00
1     7.269003e+00   1.000000e+00   2.941868e-06   0.000000e+00   0.000000e+00   5.007768e-01   1.689312e+00   9.999995e-01   1.689309e+00   1.689306e+00
1     7.279029e+00   1.000000e+00   2.941906e-06   0.000000e+00   0.000000e+00   4.994983e-01   1.753588e+00   9.999995e-01   1.753585e+00   1.753582e+00
1     7.289056e+00   1.000000e+00   2.942181e-06   0.000000e+00   0.000000e+00   4.982270e-01   1.817856e+00   9.999994e-01   1.817853e+00   1.817850e+00
1     7.299082e+00   1.000000e+00   2.942692e-06   0.000000e+00   0.000000e+00   4.969681e-01   1.882112e+00   9.999994e-01   1.882110e+00   1.882107e+00
1     7.309108e+00   1.000000e+00   2.943436e-06   0.000000e+00   0.000000e+00   4.957264e-01   1.946351e+00   9.999994e-01   1.946348e+00   1.946346e+00
1     7.319135e+00   1.000000e+00   2.944406e-06   0.000000e+00   0.000000e+00   4.945070e-01   2.010568e+00   9.999994e-01   2.010565e+00   2.010563e+00
1     7.329161e+00   1.000000e+00   2.945599e-06   0.000000e+00   0.000000e+00   4.933146e-01   2.074757e+00   9.999994e-01   2.074755e+00   2.074752e+00
1     7.339187e+00   1.000000e+00   2.947008e-06   0.000000e+00   0.000000e+00   4.921539e-01   2.138915e+00   9.999994e-01   2.138913e+00   2.138910e+00
1     7.349214e+00   1.000000e+00   2.948627e-06   0.000000e+00   0.000000e+00   4.910292e-01   2.203037e+00   9.999994e-01   2.203035e+00   2.203032e+00
1     7.359240e+00   1.000000e+00   2.950447e-06   0.000000e+00   0.000000e+00   4.899450e-01   2.267119e+00   9.999994e-01   2.267116e+00   2.267114e+00
1     7.369266e+00   1.000000e+00   2.952459e-06   0.000000e+00   0.000000e+00   4.889054e-01   2.331155e+00   9.999994e-01   2.331153e+00   2.331151e+00
1     7.379293e+00   1.000000e+00   2.954655e-06   0.000000e+00   0.000000e+00   4.879142e-01   2.395143e+00   9.999994e-01   2.395141e+00   2.395139e+00
1     7.389319e+00   1.000000e+00   2.957024e-06   0.000000e+00   0.000000e+00   4.869752e-01   2.459080e+00   9.999994e-01   2.459078e+00   2.459076e+00
1     7.399345e+00   1.000000e+00   2.959556e-06   0.000000e+00   0.000000e+00   4.860916e-01   2.522960e+00   9.999994e-01   2.522958e+00   2.522957e+00
1     7.409372e+00   1.000000e+00   2.962239e-06   0.000000e+00   0.000000e+00   4.852667e-01   2.586782e+00   9.999994e-01   2.586781e+00   2.586779e+00
1     7.419398e+00   1.000000e+00   2.965062e-06   0.000000e+00   0.000000e+00   4.845032e-01   2.650543e+00   9.999994e-01   2.650541e+00   2.650540e+00
1     7.429424e+00   1.000000e+00   2.968012e-06   0.000000e+00   0.000000e+00   4.838037e-01   2.714239e+00   9.999993e-01   2.714238e+00   2.714236e+00
1     7.439451e+00   1.000000e+00   2.971076e-06   0.000000e+00   0.000000e+00   4.831705e-01   2.777869e+00   9.999993e-01   2.777868e+00   2.777867e+00
1     7.449477e+00   1.000000e+00   2.974242e-06   0.000000e+00   0.000000e+00   4.826054e-01   2.841431e+00   9.999993e-01   2.841430e+00   2.841429e+00
1     7.459503e+00   1.000000e+00   2.977496e-06   0.000000e+00   0.000000e+00   4.821101e-01   2.904923e+00   9.999993e-01   2.904923e+00   2.904922e+00
1     7.469530e+00   1.000000e+00   2.980825e-06   0.000000e+00   0.000000e+00   4.816859e-01   2.968344e+00   9.999993e-01   2.968344e+00   2.968343e+00
1     7.479556e+00   1.000000e+00   2.984215e-06   0.000000e+00   0.000000e+00   4.813337e-01   3.031693e+00   9.999993e-01   3.031693e+00   3.031693e+00
1     7.489582e+00   1.000000e+00   2.987652e-06   0.000000e+00   0.000000e+00   4.810542e-01   3.094970e+00   9.999993e-01   3.094970e+00   3.094970e+00
1     7.499608e+00   1.000000e+00   2.991123e-06   0.000000e+00   0.000000e+00   4.808478e-01   3.158173e+00   9.999993e-01   3.158173e+00   3.158173e+00
1     7.509635e+00   1.000000e+00   2.994614e-06   0.000000e+00   0.000000e+00   4.807146e-01   3.221303e+00   9.999993e-01   3.221303e+00   3.221304e+00
1     7.519661e+00   1.000000e+00   2.998110e-06   0.000000e+00   0.000000e+00   4.806542e-01   3.284360e+00   9.999993e-01   3.284361e+00   3.284361e+00
1     7.529687e+00   1.000000e+00   3.001599e-06   0.000000e+00   0.000000e+00   4.806663e-01   3.347345e+00   9.999993e-01   3.347346e+00   3.347346e+00
1     7.539714e+00   1.000000e+00   3.005067e-06   0.000000e+00   0.000000e+00   4.807500e-01   3.410258e+00   9.999993e-01   3.410259e+00   3.410260e+00
1     7.549740e+00   1.000000e+00   3.008500e-06   0.000000e+00   0.000000e+00   4.809041e-01   3.473101e+00   9.999993e-01   3.473102e+00   3.473103e+00
1     7.559766e+00   1.000000e+00   3.011887e-06   0.000000e+00   0.000000e+00   4.811274e-01   3.535874e+00   9.999993e-01   3.535876e+00   3.535877e+00
1     7.569793e+00   1.000000e+00   3.015213e-06   0.000000e+00   0.000000e+00   4.814183e-01   3.598580e+00   9.999992e-01   3.598582e+00   3.598583e+00
1     7.579819e+00   1.000000e+00   3.018467e-06   0.000000e+00   0.000000e+00   4.817750e-01   3.661220e+00   9.999992e-01   3.661222e+00   3.661223e+00
1     7.589845e+00   1.000000e+00   3.021637e-06   0.000000e+00   0.000000e+00   4.821954e-01   3.723797e+00   9.999992e-01   3.723799e+00   3.723800e+00
1     7.599872e+00   1.000000e+00   3.024713e-06   0.000000e+00   0.000000e+00   4.826772e-01   3.786312e+00   9.999992e-01   3.786314e+00   3.786316e+00
1     7.609898e+00   1.000000e+00   3.027682e-06   0.000000e+00   0.000000e+00   4.832180e-01   3.848768e+00   9.999992e-01   3.848770e+00   3.848772e+00
1     7.619924e+00   1.000000e+00   3.030534e-06   0.000000e+00   0.000000e+00   4.838152e-01   3.911168e+00   9.999992e-01   3.911170e+00   3.911172e+00
1     7.629950e+00   1.000000e+00   3.033261e-06   0.000000e+00   0.000000e+00   4.844658e-01   3.973514e+00   9.999992e-01   3.973516e+00   3.973518e+00
1     7.639977e+00   1.000000e+00   3.035851e-06   0.000000e+00   0.000000e+00   4.851670e-01   4.035810e+00   9.999992e-01   4.035812e+00   4.035814e+00
1     7.648750e+00   1.000000e+00   3.038001e-06   0.000000e+00   0.000000e+00   4.858196e-01   4.090279e+00   9.999992e-01   4.090282e+00   4.090284e+00
1     7.658776e+00   1.000000e+00   3.040315e-06   0.000000e+00   0.000000e+00   4.866071e-01   4.152489e+00   9.999992e-01   4.152491e+00   4.152494e+00
1     7.668802e+00   1.000000e+00   3.042470e-06   0.000000e+00   0.000000e+00   4.874358e-01   4.214657e+00   9.999992e-01   4.214660e+00   4.214662e+00
1     7.678829e+00   1.000000e+00   3.044461e-06   0.000000e+00   0.000000e+00   4.883023e-01   4.276787e+00   9.999992e-01   4.276790e+00   4.276793e+00
1     7.688855e+00   1.000000e+00   3.046280e-06   0.000000e+00   0.000000e+00   4.892029e-01   4.338884e+00   9.999992e-01   4.338886e+00   4.338889e+00
1     7.698881e+00   1.000000e+00   3.047922e-06   0.000000e+00   0.000000e+00   4.901342e-01   4.400949e+00   9.999992e-01   4.400952e+00   4.400955e+00
1     7.708907e+00   1.000000e+00   3.049383e-06   0.000000e+00   0.000000e+00   4.910922e-01   4.462988e+00   9.999992e-01   4.462991e+00   4.462994e+00
1     7.718934e+00   1.000000e+00   3.050658e-06   0.000000e+00   0.000000e+00   4.920734e-01   4.525004e+00   9.999992e-01   4.525007e+00   4.525010e+00
1     7.728960e+00   1.000000e+00   3.051745e-06   0.000000e+00   0.000000e+00   4.930738e-01   4.587001e+00   9.999991e-01   4.587004e+00   4.587007e+00
1     7.738986e+00   1.000000e+00   3.052640e-06   0.000000e+00   0.000000e+00   4.940897e-01   4.648982e+00   9.999991e-01   4.648985e+00   4.648988e+00
1     7.749013e+00   1.000000e+00   3.053342e-06   0.000000e+00   0.000000e+00   4.951171e-01   4.710951e+00   9.999991e-01   4.710954e+00   4.710957e+00
1     7.759039e+00   1.000000e+00   3.053851e-06   0.000000e+00   0.000000e+00   4.961523e-01   4.772913e+00   9.999991e-01   4.772916e+00   4.772919e+00
1     7.769065e+00   1.000000e+00   3.054165e-06   0.000000e+00   0.000000e+00   4.971913e-01   4.834871e+00   9.999991e-01   4.834874e+00   4.834877e+00
1     7.779091e+00   1.000000e+00   3.054285e-06   0.000000e+00   0.000000e+00   4.982303e-01   4.896829e+00   9.999991e-01   4.896832e+00   4.896835e+00
1     7.789118e+00   1.000000e+00   3.054212e-06   0.000000e+00   0.000000e+00   4.992656e-01   4.958791e+00   9.999991e-01   4.958794e+00   4.958797e+00
1     7.799144e+00   1.000000e+00   3.053947e-06   0.000000e+00   0.000000e+00   5.002934e-01   5.020760e+00   9.999991e-01   5.020763e+00   5.020766e+00
1     7.809170e+00   1.000000e+00   3.053494e-06   0.000000e+00   0.000000e+00   5.013099e-01   5.082741e+00   9.999991e-01   5.082744e+00   5.082747e+00
1     7.819197e+00   1.000000e+00   3.052855e-06   0.000000e+00   0.000000e+00   5.023116e-01   5.144736e+00   9.999991e-01   5.144739e+00   5.144742e+00
1     7.829223e+00   1.000000e+00   3.052035e-06   0.000000e+00   0.000000e+00   5.032949e-01   5.206750e+00   9.999991e-01   5.206753e+00   5.206756e+00
1     7.839249e+00   1.000000e+00   3.051037e-06   0.000000e+00   0.000000e+00   5.042563e-01   5.268786e+00   9.999991e-01   5.268789e+00   5.268791e+00
1     7.849275e+00   1.000000e+00   3.049867e-06   0.000000e+00   0.000000e+00   5.051924e-01   5.330847e+00   9.999991e-01   5.330850e+00   5.330852e+00
1     7.859302e+00   1.000000e+00   3.048530e-06   0.000000e+00   0.000000e+00   5.060999e-01   5.392937e+00   9.999991e-01   5.392939e+00   5.392941e+00
1     7.869328e+00   1.000000e+00   3.047033e-06   0.000000e+00   0.000000e+00   5.069758e-01   5.455058e+00   9.999991e-01   5.455060e+00   5.455062e+00
1     7.879354e+00   1.000000e+00   3.045382e-06   0.000000e+00   0.000000e+00   5.078170e-01   5.517214e+00   9.999991e-01   5.517216e+00   5.517218e+00
1     7.889380e+00   1.000000e+00   3.043585e-06   0.000000e+00   0.000000e+00   5.086206e-01   5.579408e+00   9.999990e-01   5.579410e+00   5.579412e+00
1     7.899407e+00   1.000000e+00   3.041650e-06   0.000000e+00   0.000000e+00   5.093838e-01   5.641642e+00   9.999990e-01   5.641643e+00   5.641645e+00
1     7.909433e+00   1.000000e+00   3.039585e-06   0.000000e+00   0.000000e+00   5.101042e-01   5.703918e+00   9.999990e-01   5.703920e+00   5.703922e+00
1     7.919459e+00   1.000000e+00   3.037398e-06   0.000000e+00   0.000000e+00   5.107792e-01   5.766241e+00   9.999990e-01   5.766242e+00   5.766244e+00
1     7.929485e+00   1.000000e+00   3.035100e-06   0.000000e+00   0.000000e+00   5.114068e-01   5.828610e+00   9.999990e-01   5.828612e+00   5.828613e+00
1     7.939512e+00   1.000000e+00   3.032699e-06   0.000000e+00   0.000000e+00   5.119847e-01   5.891030e+00   9.999990e-01   5.891031e+00   5.891032e+00
1     7.949538e+00   1.000000e+00   3.030205e-06   0.000000e+00   0.000000e+00   5.125111e-01   5.953500e+00   9.999990e-01   5.953501e+00   5.953502e+00
1     7.959564e+00   1.000000e+00   3.027630e-06   0.000000e+00   0.000000e+00   5.129845e-01   6.016024e+00   9.999990e-01   6.016025e+00   6.016026e+00
1     7.969590e+00   1.000000e+00   3.024982e-06   0.000000e+00   0.000000e+00   5.134033e-01   6.078603e+00   9.999990e-01   6.078603e+00   6.078604e+00
1     7.979617e+00   1.000000e+00   3.022273e-06   0.000000e+00   0.000000e+00   5.137664e-01   6.141237e+00   9.999990e-01   6.141237e+00   6.141238e+00
1     7.989643e+00   1.000000e+00   3.019514e-06   0.000000e+00   0.000000e+00   5.140726e-01   6.203928e+00   9.999990e-01   6.203928e+00   6.203928e+00
1     7.999669e+00   1.000000e+00   3.016715e-06   0.000000e+00   0.000000e+00   5.143213e-01   6.266676e+00   9.999990e-01   6.266676e+00   6.266676e+00
1     8.009695e+00   1.000000e+00   3.013887e-06   0.000000e+00   0.000000e+00   5.145119e-01   4.629769e-02   9.999990e-01   4.629755e-02   4.629741e-02
1     8.019722e+00   1.000000e+00   3.011042e-06   0.000000e+00   0.000000e+00   5.146440e-01   1.091628e-01   9.999990e-01   1.091625e-01   1.091622e-01
1     8.029748e+00   1.000000e+00   3.008190e-06   0.000000e+00   0.000000e+00   5.147174e-01   1.720865e-01   9.999990e-01   1.720860e-01   1.720855e-01
1     8.039774e+00   1.000000e+00   3.005342e-06   0.000000e+00   0.000000e+00   5.147325e-01   2.350687e-01   9.999990e-01   2.350680e-01   2.350673e-01
1     8.049800e+00   1.000000e+00   3.002510e-06   0.000000e+00   0.000000e+00   5.146893e-01   2.981090e-01   9.999990e-01   2.981081e-01   2.981072e-01
1     8.059827e+00   1.000000e+00   2.999703e-06   0.000000e+00   0.000000e+00   5.145886e-01   3.612068e-01   9.999989e-01   3.612058e-01   3.612047e-01
1     8.069853e+00   1.000000e+00   2.996932e-06   0.000000e+00   0.000000e+00   5.144310e-01   4.243616e-01   9.999989e-01   4.243603e-01   4.243591e-01
1     8.079879e+00   1.000000e+00   2.994207e-06   0.000000e+00   0.000000e+00   5.142175e-01   4.875722e-01   9.999989e-01   4.875707e-01   4.875693e-01
1     8.089905e+00   1.000000e+00   2.991538e-06   0.000000e+00   0.000000e+00   5.139493e-01   5.508375e-01   9.999989e-01   5.508359e-01   5.508343e-01
1     8.099932e+00   1.000000e+00   2.988935e-06   0.000000e+00   0.000000e+00   5.136277e-01   6.141561e-01   9.999989e-01   6.141544e-01   6.141526e-01
1     8.109958e+00   1.000000e+00   2.986407e-06   0.000000e+00   0.000000e+00   5.132543e-01   6.775265e-01   9.999989e-01   6.775246e-01   6.775228e-01
1     8.119984e+00   1.000000e+00   2.983963e-06   0.000000e+00   0.000000e+00   5.128309e-01   7.409470e-01   9.999989e-01   7.409450e-01   7.409429e-01
1     8.128757e+00   1.000000e+00   2.981900e-06   0.000000e+00   0.000000e+00   5.124209e-01   7.964794e-01   9.999989e-01   7.964772e-01   7.964751e-01
1     8.138783e+00   1.000000e+00   2.979637e-06   0.000000e+00   0.000000e+00   5.119090e-01   8.599882e-01   9.999989e-01   8.599859e-01   8.599837e-01
1     8.148809e+00   1.000000e+00   2.977481e-06   0.000000e+00   0.000000e+00   5.113532e-01   9.235410e-01   9.999989e-01   9.235386e-01   9.235362e-01
1     8.158836e+00   1.000000e+00   2.975441e-06   0.000000e+00   0.000000e+00   5.107558e-01   9.871353e-01   9.999989e-01   9.871328e-01   9.871303e-01
1     8.168862e+00   1.000000e+00   2.973522e-06   0.000000e+00   0.000000e+00   5.101195e-01   1.050768e+00   9.999989e-01   1.050766e+00   1.050763e+00
1     8.178888e+00   1.000000e+00   2.971732e-06   0.000000e+00   0.000000e+00   5.094470e-01   1.114438e+00   9.999989e-01   1.114435e+00   1.114433e+00
1     8.188914e+00   1.000000e+00   2.970077e-06   0.000000e+00   0.000000e+00   5.087411e-01   1.178141e+00   9.999989e-01   1.178138e+00   1.178135e+00
1     8.198941e+00   1.000000e+00   2.968560e-06   0.000000e+00   0.000000e+00   5.080047e-01   1.241874e+00   9.999989e-01   1.241871e+00   1.241868e+00
1     8.208967e+00   1.000000e+00   2.967188e-06   0.000000e+00   0.000000e+00   5.072409e-01   1.305634e+00   9.999989e-01   1.305632e+00   1.305629e+00
1     8.218993e+00   1.000000e+00   2.965965e-06   0.000000e+00   0.000000e+00   5.064527e-01   1.369419e+00   9.999989e-01   1.369416e+00   1.369413e+00
1     8.229019e+00   1.000000e+00   2.964894e-06   0.000000e+00   0.000000e+00   5.056434e-01   1.433225e+00   9.999989e-01   1.433222e+00   1.433219e+00
1     8.239045e+00   1.000000e+00   2.963977e-06   0.000000e+00   0.000000e+00   5.048163e-01   1.497049e+00   9.999989e-01   1.497046e+00   1.497043e+00
1     8.249072e+00   1.000000e+00   2.963218e-06   0.000000e+00   0.000000e+00   5.039746e-01   1.560888e+00   9.999989e-01   1.560885e+00   1.560882e+00
1     8.259098e+00   1.000000e+00   2.962619e-06   0.000000e+00   0.000000e+00   5.031216e-01   1.624737e+00   9.999988e-01   1.624734e+00   1.624731e+00
1     8.269124e+00   1.000000e+00   2.962181e-06   0.000000e+00   0.000000e+00   5.022608e-01   1.688595e+00   9.999988e-01   1.688592e+00   1.688589e+00
1     8.279150e+00   1.000000e+00   2.961904e-06   0.000000e+00   0.000000e+00   5.013954e-01   1.752456e+00   9.999988e-01   1.752454e+00   1.752451e+00
1     8.289176e+00   1.000000e+00   2.961789e-06   0.000000e+00   0.000000e+00   5.005290e-01   1.816319e+00   9.999988e-01   1.816317e+00   1.816314e+00
1     8.299203e+00   1.000000e+00   2.961835e-06   0.000000e+00   0.000000e+00   4.996650e-01   1.880180e+00   9.999988e-01   1.880177e+00   1.880174e+00
1     8.309229e+00   1.000000e+00   2.962042e-06   0.000000e+00   0.000000e+00   4.988068e-01   1.944035e+00   9.999988e-01   1.944032e+00   1.944029e+00
1     8.319255e+00   1.000000e+00   2.962408e-06   0.000000e+00   0.000000e+00   4.979580e-01   2.007880e+00   9.999988e-01   2.007877e+00   2.007874e+00
1     8.329281e+00   1.000000e+00   2.962929e-06   0.000000e+00   0.000000e+00   4.971220e-01   2.071712e+00   9.999988e-01   2.071710e+00   2.071707e+00
1     8.339308e+00   1.000000e+00   2.963602e-06   0.000000e+00   0.000000e+00   4.963022e-01   2.135528e+00   9.999988e-01   2.135526e+00   2.135523e+00
1     8.349334e+00   1.000000e+00   2.964424e-06   0.000000e+00   0.000000e+00   4.955019e-01   2.199325e+00   9.999988e-01   2.199323e+00   2.199320e+00
1     8.359360e+00   1.000000e+00   2.965389e-06   0.000000e+00   0.000000e+00   4.947242e-01   2.263099e+00   9.999988e-01   2.263097e+00   2.263095e+00
1     8.369386e+00   1.000000e+00   2.966492e-06   0.000000e+00   0.000000e+00   4.939723e-01   2.326848e+00   9.999988e-01   2.326845e+00   2.326843e+00
1     8.379412e+00   1.000000e+00   2.967727e-06   0.000000e+00   0.000000e+00   4.932488e-01   2.390567e+00   9.999988e-01   2.390565e+00   2.390563e+00
1     8.389439e+00   1.000000e+00   2.969087e-06   0.000000e+00   0.000000e+00   4.925565e-01   2.454256e+00   9.999988e-01   2.454254e+00   2.454252e+00
1     8.399465e+00   1.000000e+00   2.970566e-06   0.000000e+00   0.000000e+00   4.918979e-01   2.517911e+00   9.999988e-01   2.517909e+00   2.517907e+00
1     8.409491e+00   1.000000e+00   2.972156e-06   0.000000e+00   0.000000e+00   4.912750e-01   2.581530e+00   9.999988e-01   2.581528e+00   2.581527e+00
1     8.419517e+00   1.000000e+00   2.973849e-06   0.000000e+00   0.000000e+00   4.906900e-01   2.645111e+00   9.999988e-01   2.645110e+00   2.645108e+00
1     8.429543e+00   1.000000e+00   2.975639e-06   0.000000e+00   0.000000e+00   4.901445e-01   2.708653e+00   9.999988e-01   2.708651e+00   2.708650e+00
1     8.439570e+00   1.000000e+00   2.977516e-06   0.000000e+00   0.000000e+00   4.896402e-01   2.772153e+00   9.999988e-01   2.772152e+00   2.772151e+00
1     8.449596e+00   1.000000e+00   2.979473e-06   0.000000e+00   0.000000e+00   4.891784e-01   2.835611e+00   9.999988e-01   2.835610e+00   2.835609e+00
1     8.459622e+00   1.000000e+00   2.981502e-06   0.000000e+00   0.000000e+00   4.887603e-01   2.899025e+00   9.999988e-01   2.899025e+00   2.899024e+00
1     8.469648e+00   1.000000e+00   2.983594e-06   0.000000e+00   0.000000e+00   4.883868e-01   2.962395e+00   9.999987e-01   2.962394e+00   2.962394e+00
1     8.479674e+00   1.000000e+00   2.985741e-06   0.000000e+00   0.000000e+00   4.880587e-01   3.025719e+00   9.999987e-01   3.025719e+00   3.025718e+00
1     8.489700e+00   1.000000e+00   2.987935e-06   0.000000e+00   0.000000e+00   4.877768e-01   3.088997e+00   9.999987e-01   3.088997e+00   3.088997e+00
1     8.499727e+00   1.000000e+00   2.990168e-06   0.000000e+00   0.000000e+00   4.875415e-01   3.152229e+00   9.999987e-01   3.152229e+00   3.152229e+00
1     8.509753e+00   1.000000e+00   2.992431e-06   0.000000e+00   0.000000e+00   4.873531e-01   3.215413e+00   9.999987e-01   3.215413e+00   3.215413e+00
1     8.519779e+00   1.000000e+00   2.994716e-06   0.000000e+00   0.000000e+00   4.872120e-01   3.278550e+00   9.999987e-01   3.278550e+00   3.278551e+00
1     8.529805e+00   1.000000e+00   2.997014e-06   0.000000e+00   0.000000e+00   4.871181e-01   3.341640e+00   9.999987e-01   3.341641e+00   3.341641e+00
1     8.539831e+00   1.000000e+00   2.999317e-06   0.000000e+00   0.000000e+00   4.870714e-01   3.404683e+00   9.999987e-01   3.404684e+00   3.404684e+00
1     8.549858e+00   1.000000e+00   3.001617e-06   0.000000e+00   0.000000e+00   4.870717e-01   3.467679e+00   9.999987e-01   3.467679e+00   3.467680e+00
1     8.559884e+00   1.000000e+00   3.003906e-06   0.000000e+00   0.000000e+00   4.871184e-01   3.530628e+00   9.999987e-01   3.530629e+00   3.530630e+00
1     8.569910e+00   1.000000e+00   3.006174e-06   0.000000e+00   0.000000e+00   4.872113e-01   3.593531e+00   9.999987e-01   3.593532e+00   3.593534e+00
1     8.579936e+00   1.000000e+00   3.008415e-06   0.000000e+00   0.000000e+00   4.873494e-01   3.656389e+00   9.999987e-01   3.656390e+00   3.656392e+00
1     8.589962e+00   1.000000e+00   3.010619e-06   0.000000e+00   0.000000e+00   4.875321e-01   3.719202e+00   9.999987e-01   3.719204e+00   3.719206e+00
1     8.599988e+00   1.000000e+00   3.012780e-06   0.000000e+00   0.000000e+00   4.877583e-01   3.781972e+00   9.999987e-01   3.781974e+00   3.781976e+00
1     8.608761e+00   1.000000e+00   3.014627e-06   0.000000e+00   0.000000e+00   4.879909e-01   3.836861e+00   9.999987e-01   3.836863e+00   3.836865e+00
1     8.618787e+00   1.000000e+00   3.016684e-06   0.000000e+00   0.000000e+00   4.882955e-01   3.899553e+00   9.999987e-01   3.899555e+00   3.899557e+00
1     8.628814e+00   1.000000e+00   3.018674e-06   0.000000e+00   0.000000e+00   4.886398e-01   3.962204e+00   9.999987e-01   3.962207e+00   3.962209e+00
1     8.638840e+00   1.000000e+00   3.020591e-06   0.000000e+00   0.000000e+00   4.890223e-01   4.024818e+00   9.999987e-01   4.024820e+00   4.024823e+00
1     8.648866e+00   1.000000e+00   3.022427e-06   0.000000e+00   0.000000e+00   4.894412e-01   4.087395e+00   9.999987e-01   4.087398e+00   4.087400e+00
1     8.658892e+00   1.000000e+00   3.024176e-06   0.000000e+00   0.000000e+00   4.898945e-01   4.149938e+00   9.999987e-01   4.149941e+00   4.149943e+00
1     8.668918e+00   1.000000e+00   3.025832e-06   0.000000e+00   0.000000e+00   4.903803e-01   4.212448e+00   9.999987e-01   4.212451e+00   4.212454e+00
1     8.678945e+00   1.000000e+00   3.027389e-06   0.000000e+00   0.000000e+00   4.908962e-01   4.274929e+00   9.999987e-01   4.274932e+00   4.274934e+00
1     8.688971e+00   1.000000e+00   3.028841e-06   0.000000e+00   0.000000e+00   4.914398e-01   4.337381e+00   9.999987e-01   4.337384e+00   4.337387e+00
1     8.698997e+00   1.000000e+00   3.030185e-06   0.000000e+00   0.000000e+00   4.920088e-01   4.399809e+00   9.999986e-01   4.399811e+00   4.399814e+00
1     8.709023e+00   1.000000e+00   3.031415e-06   0.000000e+00   0.000000e+00   4.926005e-01   4.462213e+00   9.999986e-01   4.462216e+00   4.462219e+00
1     8.719049e+00   1.000000e+00   3.032530e-06   0.000000e+00   0.000000e+00   4.932124e-01   4.524597e+00   9.999986e-01   4.524600e+00   4.524603e+00
1     8.729075e+00   1.000000e+00   3.033526e-06   0.000000e+00   0.000000e+00   4.938418e-01   4.586964e+00   9.999986e-01   4.586967e+00   4.586970e+00
1     8.739101e+00   1.000000e+00   3.034401e-06   0.000000e+00   0.000000e+00   4.944860e-01   4.649316e+00   9.999986e-01   4.649320e+00   4.649323e+00
1     8.749128e+00   1.000000e+00   3.035155e-06   0.000000e+00   0.000000e+00   4.951422e-01   4.711657e+00   9.999986e-01   4.711660e+00   4.711663e+00
1     8.759154e+00   1.000000e+00   3.035785e-06   0.000000e+00   0.000000e+00   4.958078e-01   4.773987e+00   9.999986e-01   4.773990e+00   4.773993e+00
1     8.769180e+00   1.000000e+00   3.036292e-06   0.000000e+00   0.000000e+00   4.964802e-01   4.836311e+00   9.999986e-01   4.836314e+00   4.836317e+00
1     8.779206e+00   1.000000e+00   3.036677e-06   0.000000e+00   0.000000e+00   4.971567e-01   4.898631e+00   9.999986e-01   4.898634e+00   4.898637e+00
1     8.789232e+00   1.000000e+00   3.036940e-06   0.000000e+00   0.000000e+00   4.978348e-01   4.960949e+00   9.999986e-01   4.960952e+00   4.960955e+00
1     8.799258e+00   1.000000e+00   3.037082e-06   0.000000e+00   0.000000e+00   4.985121e-01   5.023268e+00   9.999986e-01   5.023271e+00   5.023274e+00
1     8.809285e+00   1.000000e+00   3.037106e-06   0.000000e+00   0.000000e+00   4.991861e-01   5.085591e+00   9.999986e-01   5.085594e+00   5.085596e+00
1     8.819311e+00   1.000000e+00   3.037012e-06   0.000000e+00   0.000000e+00   4.998545e-01   5.147919e+00   9.999986e-01   5.147921e+00   5.147924e+00
1     8.829337e+00   1.000000e+00   3.036805e-06   0.000000e+00   0.000000e+00   5.005149e-01   5.210255e+00   9.999986e-01   5.210257e+00   5.210260e+00
1     8.839363e+00   1.000000e+00   3.036486e-06   0.000000e+00   0.000000e+00   5.011651e-01   5.272601e+00   9.999986e-01   5.272603e+00   5.272606e+00
1     8.849389e+00   1.000000e+00   3.036059e-06   0.000000e+00   0.000000e+00   5.018031e-01   5.334959e+00   9.999986e-01   5.334962e+00   5.334964e+00
1     8.859415e+00   1.000000e+00   3.035526e-06   0.000000e+00   0.000000e+00   5.024269e-01   5.397332e+00   9.999986e-01   5.397334e+00   5.397337e+00
1     8.869441e+00   1.000000e+00   3.034891e-06   0.000000e+00   0.000000e+00   5.030345e-01   5.459721e+00   9.999986e-01   5.459723e+00   5.459725e+00
1     8.879468e+00   1.000000e+00   3.034158e-06   0.000000e+00   0.000000e+00   5.036243e-01   5.522128e+00   9.999986e-01   5.522130e+00   5.522132e+00
1     8.889494e+00   1.000000e+00   3.033329e-06   0.000000e+00   0.000000e+00   5.041945e-01   5.584554e+00   9.999986e-01   5.584556e+00   5.584558e+00
1     8.899520e+00   1.000000e+00   3.032409e-06   0.000000e+00   0.000000e+00   5.047436e-01   5.647001e+00   9.999986e-01   5.647003e+00   5.647005e+00
1     8.909546e+00   1.000000e+00   3.031402e-06   0.000000e+00   0.000000e+00   5.052702e-01   5.709471e+00   9.999986e-01   5.709473e+00   5.709475e+00
1     8.919572e+00   1.000000e+00   3.030312e-06   0.000000e+00   0.000000e+00   5.057727e-01   5.771965e+00   9.999986e-01   5.771967e+00   5.771968e+00
1     8.929598e+00   1.000000e+00   3.029143e-06   0.000000e+00   0.000000e+00   5.062497e-01   5.834485e+00   9.999986e-01   5.834486e+00   5.834487e+00
1     8.939624e+00   1.000000e+00   3.027900e-06   0.000000e+00   0.000000e+00   5.067001e-01   5.897031e+00   9.999986e-01   5.897032e+00   5.897033e+00
1     8.949651e+00   1.000000e+00   3.026589e-06   0.000000e+00   0.000000e+00   5.071226e-01   5.959605e+00   9.999986e-01   5.959606e+00   5.959607e+00
1     8.959677e+00   1.000000e+00   3.025214e-06   0.000000e+00   0.000000e+00   5.075162e-01   6.022208e+00   9.999986e-01   6.022209e+00   6.022209e+00
1     8.969703e+00   1.000000e+00   3.023782e-06   0.000000e+00   0.000000e+00   5.078798e-01   6.084841e+00   9.999985e-01   6.084841e+00   6.084842e+00
1     8.979729e+00   1.000000e+00   3.022298e-06   0.000000e+00   0.000000e+00   5.082126e-01   6.147505e+00   9.999985e-01   6.147505e+00   6.147505e+00
1     8.989755e+00   1.000000e+00   3.020769e-06   0.000000e+00   0.000000e+00   5.085140e-01   6.210200e+00   9.999985e-01   6.210200e+00   6.210200e+00
1     8.999781e+00   1.000000e+00   3.019200e-06   0.000000e+00   0.000000e+00   5.087833e-01   6.272927e+00   9.999985e-01   6.272927e+00   6.272927e+00
1     9.009807e+00   1.000000e+00   3.017598e-06   0.000000e+00   0.000000e+00   5.090201e-01   5.250139e-02   9.999985e-01   5.250123e-02   5.250107e-02
1     9.019834e+00   1.000000e+00   3.015969e-06   0.000000e+00   0.000000e+00   5.092242e-01   1.152938e-01   9.999985e-01   1.152934e-01   1.152931e-01
1     9.029860e+00   1.000000e+00   3.014320e-06   0.000000e+00   0.000000e+00   5.093955e-01   1.781190e-01   9.999985e-01   1.781185e-01   1.781180e-01
1     9.039886e+00   1.000000e+00   3.012656e-06   0.000000e+00   0.000000e+00   5.095339e-01   2.409772e-01   9.999985e-01   2.409764e-01   2.409757e-01
1     9.049912e+00   1.000000e+00   3.010983e-06   0.000000e+00   0.000000e+00   5.096396e-01   3.038679e-01   9.999985e-01   3.038670e-01   3.038661e-01
1     9.059938e+00   1.000000e+00   3.009309e-06   0.000000e+00   0.000000e+00   5.097128e-01   3.667911e-01   9.999985e-01   3.667901e-01   3.667890e-01
1     9.069964e+00   1.000000e+00   3.007638e-06   0.000000e+00   0.000000e+00   5.097540e-01   4.297464e-01   9.999985e-01   4.297451e-01   4.297438e-01
1     9.079990e+00   1.000000e+00   3.005975e-06   0.000000e+00   0.000000e+00   5.097637e-01   4.927331e-01   9.999985e-01   4.927317e-01   4.927303e-01
1     9.088763e+00   1.000000e+00   3.004533e-06   0.000000e+00   0.000000e+00   5.097467e-01   5.478719e-01   9.999985e-01   5.478704e-01   5.478688e-01
1     9.098789e+00   1.000000e+00   3.002902e-06   0.000000e+00   0.000000e+00   5.096988e-01   6.109162e-01   9.999985e-01   6.109145e-01   6.109127e-01
1     9.108815e+00   1.000000e+00   3.001295e-06   0.000000e+00   0.000000e+00   5.096213e-01   6.739901e-01   9.999985e-01   6.739882e-01   6.739863e-01
1     9.118842e+00   1.000000e+00   2.999717e-06   0.000000e+00   0.000000e+00   5.095148e-01   7.370928e-01   9.999985e-01   7.370908e-01   7.370888e-01
1     9.128868e+00   1.000000e+00   2.998172e-06   0.000000e+00   0.000000e+00   5.093803e-01   8.002236e-01   9.999985e-01   8.002215e-01   8.002193e-01
1     9.138894e+00   1.000000e+00   2.996664e-06   0.000000e+00   0.000000e+00   5.092187e-01   8.633816e-01   9.999985e-01   8.633793e-01   8.633770e-01
1     9.148920e+00   1.000000e+00   2.995199e-06   0.000000e+00   0.000000e+00   5.090308e-01   9.265657e-01   9.999985e-01   9.265633e-01   9.265609e-01
1     9.158946e+00   1.000000e+00   2.993778e-06   0.000000e+00   0.000000e+00   5.088176e-01   9.897750e-01   9.999985e-01   9.897725e-01   9.897700e-01
1     9.168972e+00   1.000000e+00   2.992408e-06   0.000000e+00   0.000000e+00   5.085803e-01   1.053009e+00   9.999985e-01   1.053006e+00   1.053003e+00
1     9.178998e+00   1.000000e+00   2.991090e-06   0.000000e+00   0.000000e+00   5.083200e-01   1.116265e+00   9.999985e-01   1.116262e+00   1.116260e+00
1     9.189024e+00   1.000000e+00   2.989828e-06   0.000000e+00   0.000000e+00   5.080377e-01   1.179544e+00   9.999985e-01   1.179541e+00   1.179538e+00
1     9.199050e+00   1.000000e+00   2.988627e-06   0.000000e+00   0.000000e+00   5.077347e-01   1.242843e+00   9.999985e-01   1.242840e+00   1.242837e+00
1     9.209077e+00   1.000000e+00   2.987487e-06   0.000000e+00   0.000000e+00   5.074123e-01   1.306161e+00   9.999985e-01   1.306158e+00   1.306155e+00
1     9.219103e+00   1.000000e+00   2.986414e-06   0.000000e+00   0.000000e+00   5.070719e-01   1.369498e+00   9.999985e-01   1.369495e+00   1.369492e+00
1     9.229129e+00   1.000000e+00   2.985408e-06   0.000000e+00   0.000000e+00   5.067150e-01   1.432851e+00   9.999985e-01   1.432848e+00   1.432845e+00
1     9.239155e+00   1.000000e+00   2.984471e-06   0.000000e+00   0.000000e+00   5.063429e-01   1.496219e+00   9.999985e-01   1.496216e+00   1.496213e+00
1     9.249181e+00   1.000000e+00   2.983607e-06   0.000000e+00   0.000000e+00   5.059573e-01   1.559600e+00   9.999985e-01   1.559597e+00   1.559594e+00
1     9.259207e+00   1.000000e+00   2.982816e-06   0.000000e+00   0.000000e+00   5.055597e-01   1.622994e+00   9.999985e-01   1.622991e+00   1.622988e+00
1     9.269233e+00   1.000000e+00   2.982099e-06   0.000000e+00   0.000000e+00   5.051516e-01   1.686398e+00   9.999985e-01   1.686395e+00   1.686392e+00
1     9.279259e+00   1.000000e+00   2.981457e-06   0.000000e+00   0.000000e+00   5.047348e-01   1.749811e+00   9.999985e-01   1.749808e+00   1.749805e+00
1     9.289285e+00   1.000000e+00   2.980891e-06   0.000000e+00   0.000000e+00   5.043107e-01   1.813231e+00   9.999985e-01   1.813228e+00   1.813225e+00
1     9.299311e+00   1.000000e+00   2.980400e-06   0.000000e+00   0.000000e+00   5.038810e-01   1.876656e+00   9.999985e-01   1.876653e+00   1.876651e+00
1     9.309338e+00   1.000000e+00   2.979984e-06   0.000000e+00   0.000000e+00   5.034473e-01   1.940086e+00   9.999985e-01   1.940083e+00   1.940080e+00
1     9.319364e+00   1.000000e+00   2.979643e-06   0.000000e+00   0.000000e+00   5.030111e-01   2.003518e+00   9.999985e-01   2.003515e+00   2.003512e+00
1     9.329390e+00   1.000000e+00   2.979375e-06   0.000000e+00   0.000000e+00   5.025739e-01   2.066951e+00   9.999985e-01   2.066948e+00   2.066946e+00
1     9.339416e+00   1.000000e+00   2.979180e-06   0.000000e+00   0.000000e+00   5.021371e-01   2.130383e+00   9.999985e-01   2.130381e+00   2.130378e+00
1     9.349442e+00   1.000000e+00   2.979055e-06   0.000000e+00   0.000000e+00   5.017020e-01   2.193814e+00   9.999985e-01   2.193812e+00   2.193809e+00
1     9.359468e+00   1.000000e+00   2.979000e-06   0.000000e+00   0.000000e+00   5.012701e-01   2.257242e+00   9.999984e-01   2.257240e+00   2.257237e+00
1     9.369494e+00   1.000000e+00   2.979012e-06   0.000000e+00   0.000000e+00   5.008425e-01   2.320665e+00   9.999984e-01   2.320663e+00   2.320661e+00
1     9.379520e+00   1.000000e+00   2.979089e-06   0.000000e+00   0.000000e+00   5.004204e-01   2.384083e+00   9.999984e-01   2.384081e+00   2.384079e+00
1     9.389546e+00   1.000000e+00   2.979230e-06   0.000000e+00   0.000000e+00   5.000049e-01   2.447494e+00   9.999984e-01   2.447492e+00   2.447490e+00
1     9.399572e+00   1.000000e+00   2.979431e-06   0.000000e+00   0.000000e+00   4.995969e-01   2.510898e+00   9.999984e-01   2.510896e+00   2.510894e+00
1     9.409599e+00   1.000000e+00   2.979691e-06   0.000000e+00   0.000000e+00   4.991975e-01   2.574293e+00   9.999984e-01   2.574291e+00   2.574290e+00
1     9.419625e+00   1.000000e+00   2.980008e-06   0.000000e+00   0.000000e+00   4.988074e-01   2.637678e+00   9.999984e-01   2.637677e+00   2.637676e+00
1     9.429651e+00   9.999999e-01   2.980379e-06   0.000000e+00   0.000000e+00   4.984274e-01   2.701054e+00   9.999984e-01   2.701053e+00   2.701051e+00
1     9.439677e+00   9.999999e-01   2.980801e-06   0.000000e+00   0.000000e+00   4.980584e-01   2.764419e+00   9.999984e-01   2.764417e+00   2.764416e+00
1     9.449703e+00   9.999999e-01   2.981273e-06   0.000000e+00   0.000000e+00   4.977009e-01   2.827772e+00   9.999984e-01   2.827771e+00   2.827770e+00
1     9.459729e+00   9.999999e-01   2.981793e-06   0.000000e+00   0.000000e+00   4.973556e-01   2.891112e+00   9.999984e-01   2.891112e+00   2.891111e+00
1     9.469755e+00   9.999999e-01   2.982358e-06   0.000000e+00   0.000000e+00   4.970230e-01   2.954440e+00   9.999984e-01   2.954440e+00   2.954439e+00
1     9.479781e+00   9.999999e-01   2.982967e-06   0.000000e+00   0.000000e+00   4.967039e-01   3.017755e+00   9.999984e-01   3.017755e+00   3.017754e+00
1     9.489807e+00   9.999999e-01   2.983617e-06   0.000000e+00   0.000000e+00   4.963986e-01   3.081056e+00   9.999984e-01   3.081056e+00   3.081055e+00
1     9.499833e+00   9.999999e-01   2.984307e-06   0.000000e+00   0.000000e+00   4.961079e-01   3.144342e+00   9.999984e-01   3.144342e+00   3.144342e+00
1     9.509859e+00   9.999999e-01   2.985034e-06   0.000000e+00   0.000000e+00   4.958322e-01   3.207613e+00   9.999984e-01   3.207613e+00   3.207613e+00
1     9.519886e+00   9.999999e-01   2.985796e-06   0.000000e+00   0.000000e+00   4.955721e-01   3.270869e+00   9.999984e-01   3.270869e+00   3.270869e+00
1     9.529912e+00   9.999999e-01   2.986591e-06   0.000000e+00   0.000000e+00   4.953281e-01   3.334108e+00   9.999984e-01   3.334109e+00   3.334109e+00
1     9.539938e+00   9.999999e-01   2.987415e-06   0.000000e+00   0.000000e+00   4.951007e-01   3.397331e+00   9.999984e-01   3.397332e+00   3.397332e+00
1     9.549964e+00   9.999999e-01   2.988268e-06   0.000000e+00   0.000000e+00   4.948903e-01   3.460537e+00   9.999984e-01   3.460538e+00   3.460539e+00
1     9.559990e+00   9.999999e-01   2.989144e-06   0.000000e+00   0.000000e+00   4.946971e-01   3.523725e+00   9.999984e-01   3.523727e+00   3.523728e+00
1     9.568763e+00   9.999999e-01   2.989929e-06   0.000000e+00   0.000000e+00   4.945425e-01   3.579001e+00   9.999984e-01   3.579002e+00   3.579004e+00
1     9.578789e+00   9.999999e-01   2.990843e-06   0.000000e+00   0.000000e+00   4.943823e-01   3.642157e+00   9.999984e-01   3.642158e+00   3.642160e+00
1     9.588815e+00   9.999999e-01   2.991772e-06   0.000000e+00   0.000000e+00   4.942399e-01   3.705295e+00   9.999984e-01   3.705296e+00   3.705298e+00
1     9.598841e+00   9.999999e-01   2.992714e-06   0.000000e+00   0.000000e+00   4.941152e-01   3.768415e+00   9.999984e-01   3.768417e+00   3.768418e+00
1     9.608867e+00   9.999999e-01   2.993666e-06   0.000000e+00   0.000000e+00   4.940080e-01   3.831517e+00   9.999984e-01   3.831519e+00   3.831521e+00
1     9.618893e+00   9.999999e-01   2.994623e-06   0.000000e+00   0.000000e+00   4.939181e-01   3.894603e+00   9.999984e-01   3.894605e+00   3.894607e+00
1     9.628919e+00   9.999999e-01   2.995585e-06   0.000000e+00   0.000000e+00   4.938453e-01   3.957671e+00   9.999984e-01   3.957673e+00   3.957675e+00
1     9.638945e+00   9.999999e-01   2.996548e-06   0.000000e+00   0.000000e+00   4.937893e-01   4.020723e+00   9.999984e-01   4.020725e+00   4.020727e+00
1     9.648971e+00   9.999999e-01   2.997510e-06   0.000000e+00   0.000000e+00   4.937498e-01   4.083758e+00   9.999984e-01   4.083760e+00   4.083763e+00
1     9.658997e+00   9.999999e-01   2.998469e-06   0.000000e+00   0.000000e+00   4.937263e-01   4.146777e+00   9.999984e-01   4.146779e+00   4.146782e+00
1     9.669023e+00   9.999999e-01   2.999423e-06   0.000000e+00   0.000000e+00   4.937185e-01   4.209780e+00   9.999984e-01   4.209783e+00   4.209785e+00
1     9.679049e+00   9.999999e-01   3.000369e-06   0.000000e+00   0.000000e+00   4.937259e-01   4.272768e+00   9.999984e-01   4.272771e+00   4.272774e+00
1     9.689076e+00   9.999999e-01   3.001306e-06   0.000000e+00   0.000000e+00   4.937482e-01   4.335742e+00   9.999984e-01   4.335744e+00   4.335747e+00
1     9.699102e+00   9.999999e-01   3.002232e-06   0.000000e+00   0.000000e+00   4.937849e-01   4.398701e+00   9.999984e-01   4.398703e+00   4.398706e+00
1     9.709128e+00   9.999999e-01   3.003146e-06   0.000000e+00   0.000000e+00   4.938356e-01   4.461646e+00   9.999984e-01   4.461648e+00   4.461651e+00
1     9.719154e+00   9.999999e-01   3.004047e-06   0.000000e+00   0.000000e+00   4.939000e-01   4.524577e+00   9.999984e-01   4.524580e+00   4.524583e+00
1     9.729180e+00   9.999999e-01   3.004932e-06   0.000000e+00   0.000000e+00   4.939776e-01   4.587495e+00   9.999984e-01   4.587498e+00   4.587501e+00
1     9.739206e+00   9.999999e-01   3.005800e-06   0.000000e+00   0.000000e+00   4.940680e-01   4.650400e+00   9.999984e-01   4.650403e+00   4.650406e+00
1     9.749232e+00   9.999999e-01   3.006651e-06   0.000000e+00   0.000000e+00   4.941709e-01   4.713293e+00   9.999984e-01   4.713296e+00   4.713299e+00
1     9.759258e+00   9.999999e-01   3.007482e-06   0.000000e+00   0.000000e+00   4.942859e-01   4.776174e+00   9.999984e-01   4.776177e+00   4.776180e+00
1     9.769284e+00   9.999999e-01   3.008292e-06   0.000000e+00   0.000000e+00   4.944126e-01   4.839043e+00   9.999984e-01   4.839046e+00   4.839049e+00
1     9.779310e+00   9.999999e-01   3.009081e-06   0.000000e+00   0.000000e+00   4.945507e-01   4.901901e+00   9.999984e-01   4.901904e+00   4.901906e+00
1     9.789336e+00   9.999999e-01   3.009847e-06   0.000000e+00   0.000000e+00   4.946997e-01   4.964747e+00   9.999984e-01   4.964750e+00   4.964753e+00
1     9.799362e+00   9.999999e-01   3.010589e-06   0.000000e+00   0.000000e+00   4.948592e-01   5.027584e+00   9.999984e-01   5.027586e+00   5.027589e+00
1     9.809388e+00   9.999999e-01   3.011305e-06   0.000000e+00   0.000000e+00   4.950289e-01   5.090410e+00   9.999984e-01   5.090413e+00   5.090415e+00
1     9.819414e+00   9.999999e-01   3.011995e-06   0.000000e+00   0.000000e+00   4.952084e-01   5.153226e+00   9.999984e-01   5.153229e+00   5.153232e+00
1     9.829440e+00   9.999999e-01   3.012657e-06   0.000000e+00   0.000000e+00   4.953972e-01   5.216033e+00   9.999984e-01   5.216036e+00   5.216038e+00
1     9.839467e+00   9.999999e-01   3.013290e-06   0.000000e+00   0.000000e+00   4.955949e-01   5.278831e+00   9.999984e-01   5.278834e+00   5.278836e+00
1     9.849493e+00   9.999999e-01   3.013894e-06   0.000000e+00   0.000000e+00   4.958011e-01   5.341621e+00   9.999984e-01   5.341623e+00   5.341626e+00
1     9.859519e+00   9.999999e-01   3.014467e-06   0.000000e+00   0.000000e+00   4.960154e-01   5.404402e+00   9.999984e-01   5.404405e+00   5.404407e+00
1     9.869545e+00   9.999999e-01   3.015009e-06   0.000000e+00   0.000000e+00   4.962373e-01   5.467176e+00   9.999984e-01   5.467179e+00   5.467181e+00
1     9.879571e+00   9.999999e-01   3.015518e-06   0.000000e+00   0.000000e+00   4.964664e-01   5.529943e+00   9.999984e-01   5.529945e+00   5.529947e+00
1     9.889597e+00   9.999999e-01   3.015995e-06   0.000000e+00   0.000000e+00   4.967024e-01   5.592703e+00   9.999984e-01   5.592705e+00   5.592707e+00
1     9.899623e+00   9.999999e-01   3.016437e-06   0.000000e+00   0.000000e+00   4.969447e-01   5.655457e+00   9.999984e-01   5.655458e+00   5.655460e+00
1     9.909649e+00   9.999999e-01   3.016845e-06   0.000000e+00   0.000000e+00   4.971930e-01   5.718204e+00   9.999984e-01   5.718206e+00   5.718208e+00
1     9.919675e+00   9.999999e-01   3.017218e-06   0.000000e+00   0.000000e+00   4.974467e-01   5.780947e+00   9.999984e-01   5.780948e+00   5.780949e+00
1     9.929701e+00   9.999999e-01   3.017555e-06   0.000000e+00   0.000000e+00   4.977055e-01   5.843684e+00   9.999984e-01   5.843685e+00   5.843686e+00
1     9.939727e+00   9.999999e-01   3.017855e-06   0.000000e+00   0.000000e+00   4.979689e-01   5.906416e+00   9.999984e-01   5.906417e+00   5.906418e+00
1     9.949753e+00   9.999999e-01   3.018119e-06   0.000000e+00   0.000000e+00   4.982366e-01   5.969145e+00   9.999984e-01   5.969146e+00   5.969146e+00
1     9.959779e+00   9.999999e-01   3.018345e-06   0.000000e+00   0.000000e+00   4.985080e-01   6.031869e+00   9.999984e-01   6.031870e+00   6.031871e+00
1     9.969805e+00   9.999999e-01   3.018534e-06   0.000000e+00   0.000000e+00   4.987827e-01   6.094590e+00   9.999984e-01   6.094591e+00   6.094592e+00
1     9.979831e+00   9.999999e-01   3.018684e-06   0.000000e+00   0.000000e+00   4.990604e-01   6.157309e+00   9.999984e-01   6.157309e+00   6.157309e+00
1     9.989857e+00   9.999999e-01   3.018795e-06   0.000000e+00   0.000000e+00   4.993404e-01   6.220025e+00   9.999984e-01   6.220025e+00   6.220025e+00
1     9.999883e+00   9.999999e-01   3.018866e-06   0.000000e+00   0.000000e+00   4.996225e-01   6.282739e+00   9.999984e-01   6.282739e+00   6.282739e+00
1     1.000991e+01   9.999999e-01   3.018893e-06   0.000000e+00   0.000000e+00   4.999061e-01   6.226564e-02   9.999984e-01   6.226545e-02   6.226526e-02
1     1.001994e+01   9.999999e-01   3.018864e-06   0.000000e+00   0.000000e+00   5.001902e-01   1.249776e-01   9.999984e-01   1.249772e-01   1.249768e-01
1     1.002996e+01   9.999999e-01   3.018780e-06   0.000000e+00   0.000000e+00   5.004736e-01   1.876901e-01   9.999984e-01   1.876895e-01   1.876890e-01
1     1.003999e+01   9.999999e-01   3.018641e-06   0.000000e+00   0.000000e+00   5.007554e-01   2.504044e-01   9.999984e-01   2.504036e-01   2.504029e-01
1     1.004876e+01   9.999999e-01   3.018474e-06   0.000000e+00   0.000000e+00   5.009996e-01   3.052817e-01   9.999984e-01   3.052808e-01   3.052799e-01
1     1.005879e+01   9.999999e-01   3.018232e-06   0.000000e+00   0.000000e+00   5.012749e-01   3.680023e-01   9.999984e-01   3.680012e-01   3.680001e-01
1     1.006881e+01   9.999999e-01   3.017936e-06   0.000000e+00   0.000000e+00   5.015453e-01   4.307279e-01   9.999984e-01   4.307266e-01   4.307254e-01
1     1.007884e+01   9.999999e-01   3.017586e-06   0.000000e+00   0.000000e+00   5.018094e-01   4.934597e-01   9.999984e-01   4.934583e-01   4.934569e-01
1     1.008886e+01   9.999999e-01   3.017184e-06   0.000000e+00   0.000000e+00   5.020662e-01   5.561989e-01   9.999984e-01   5.561973e-01   5.561957e-01
1     1.009889e+01   9.999999e-01   3.016732e-06   0.000000e+00   0.000000e+00   5.023145e-01   6.189465e-01   9.999984e-01   6.189448e-01   6.189430e-01
1     1.010892e+01   9.999999e-01   3.016229e-06   0.000000e+00   0.000000e+00   5.025532e-01   6.817037e-01   9.999984e-01   6.817018e-01   6.816999e-01
1     1.011894e+01   9.999999e-01   3.015679e-06   0.000000e+00   0.000000e+00   5.027811e-01   7.444717e-01   9.999984e-01   7.444696e-01   7.444676e-01
1     1.012897e+01   9.999999e-01   3.015083e-06   0.000000e+00   0.000000e+00   5.029972e-01   8.072515e-01   9.999984e-01   8.072493e-01   8.072471e-01
1     1.013899e+01   9.999999e-01   3.014444e-06   0.000000e+00   0.000000e+00   5.032003e-01   8.700443e-01   9.999984e-01   8.700420e-01   8.700397e-01
1     1.014902e+01   9.999999e-01   3.013763e-06   0.000000e+00   0.000000e+00   5.033893e-01   9.328511e-01   9.999984e-01   9.328487e-01   9.328462e-01
1     1.015905e+01   9.999999e-01   3.013044e-06   0.000000e+00   0.000000e+00   5.035632e-01   9.956730e-01   9.999984e-01   9.956705e-01   9.956679e-01
1     1.016907e+01   9.999999e-01   3.012289e-06   0.000000e+00   0.000000e+00   5.037210e-01   1.058511e+00   9.999984e-01   1.058508e+00   1.058506e+00
1     1.017910e+01   9.999999e-01   3.011502e-06   0.000000e+00   0.000000e+00   5.038617e-01   1.121366e+00   9.999984e-01   1.121363e+00   1.121361e+00
1     1.018912e+01   9.999999e-01   3.010686e-06   0.000000e+00   0.000000e+00   5.039844e-01   1.184239e+00   9.999984e-01   1.184236e+00   1.184233e+00
1     1.019915e+01   9.999999e-01   3.009844e-06   0.000000e+00   0.000000e+00   5.040884e-01   1.247131e+00   9.999984e-01   1.247128e+00   1.247125e+00
1     1.020918e+01   9.999999e-01   3.008982e-06   0.000000e+00   0.000000e+00   5.041730e-01   1.310042e+00   9.999984e-01   1.310039e+00   1.310036e+00
1     1.021920e+01   9.999999e-01   3.008102e-06   0.000000e+00   0.000000e+00   5.042375e-01   1.372973e+00   9.999984e-01   1.372970e+00   1.372967e+00
1     1.022923e+01   9.999999e-01   3.007210e-06   0.000000e+00   0.000000e+00   5.042815e-01   1.435925e+00   9.999984e-01   1.435922e+00   1.435919e+00
1     1.023926e+01   9.999999e-01   3.006310e-06   0.000000e+00   0.000000e+00   5.043046e-01   1.498897e+00   9.999984e-01   1.498894e+00   1.498891e+00
1     1.024928e+01   9.999999e-01   3.005406e-06   0.000000e+00   0.000000e+00   5.043066e-01   1.561891e+00   9.999984e-01   1.561888e+00   1.561885e+00
1     1.025931e+01   9.999999e-01   3.004504e-06   0.000000e+00   0.000000e+00   5.042875e-01   1.624905e+00   9.999984e-01   1.624902e+00   1.624899e+00
1     1.026933e+01   9.999999e-01   3.003608e-06   0.000000e+00   0.000000e+00   5.042473e-01   1.687941e+00   9.999984e-01   1.687938e+00   1.687935e+00
1     1.027936e+01   9.999999e-01   3.002723e-06   0.000000e+00   0.000000e+00   5.041863e-01   1.750997e+00   9.999984e-01   1.750994e+00   1.750991e+00
1     1.028939e+01   9.999999e-01   3.001853e-06   0.000000e+00   0.000000e+00   5.041048e-01   1.814074e+00   9.999984e-01   1.814071e+00   1.814068e+00
1     1.029941e+01   9.999999e-01   3.001003e-06   0.000000e+00   0.000000e+00   5.040033e-01   1.877171e+00   9.999984e-01   1.877168e+00   1.877165e+00
1     1.030944e+01   9.999999e-01   3.000177e-06   0.000000e+00   0.000000e+00   5.038825e-01   1.940287e+00   9.999984e-01   1.940285e+00   1.940282e+00
1     1.031946e+01   9.999999e-01   2.999379e-06   0.000000e+00   0.000000e+00   5.037431e-01   2.003422e+00   9.999984e-01   2.003419e+00   2.003417e+00
1     1.032949e+01   9.999999e-01   2.998613e-06   0.000000e+00   0.000000e+00   5.035859e-01   2.066575e+00   9.999984e-01   2.066572e+00   2.066569e+00
1     1.033952e+01   9.999999e-01   2.997882e-06   0.000000e+00   0.000000e+00   5.034118e-01   2.129744e+00   9.999984e-01   2.129742e+00   2.129739e+00
1     1.034954e+01   9.999999e-01   2.997190e-06   0.000000e+00   0.000000e+00   5.032220e-01   2.192929e+00   9.999984e-01   2.192927e+00   2.192924e+00
1     1.035957e+01   9.999999e-01   2.996538e-06   0.000000e+00   0.000000e+00   5.030174e-01   2.256129e+00   9.999984e-01   2.256127e+00   2.256124e+00
1     1.036959e+01   9.999999e-01   2.995930e-06   0.000000e+00   0.000000e+00   5.027992e-01   2.319342e+00   9.999984e-01   2.319340e+00   2.319338e+00
1     1.037962e+01   9.999999e-01   2.995367e-06   0.000000e+00   0.000000e+00   5.025685e-01   2.382568e+00   9.999984e-01   2.382566e+00   2.382564e+00
1     1.038965e+01   9.999999e-01   2.994851e-06   0.000000e+00   0.000000e+00   5.023263e-01   2.445806e+00   9.999984e-01   2.445804e+00   2.445802e+00
1     1.039967e+01   9.999999e-01   2.994385e-06   0.000000e+00   0.000000e+00   5.020740e-01   2.509053e+00   9.999984e-01   2.509051e+00   2.509050e+00
1     1.040970e+01   9.999999e-01   2.993968e-06   0.000000e+00   0.000000e+00   5.018126e-01   2.572310e+00   9.999984e-01   2.572308e+00   2.572306e+00
1     1.041972e+01   9.999999e-01   2.993603e-06   0.000000e+00   0.000000e+00   5.015434e-01   2.635574e+00   9.999984e-01   2.635573e+00   2.635571e+00
1     1.042975e+01   9.999999e-01   2.993290e-06   0.000000e+00   0.000000e+00   5.012673e-01   2.698845e+00   9.999984e-01   2.698844e+00   2.698843e+00
1     1.043978e+01   9.999999e-01   2.993030e-06   0.000000e+00   0.000000e+00   5.009856e-01   2.762122e+00   9.999984e-01   2.762121e+00   2.762120e+00
1     1.044980e+01   9.999999e-01   2.992824e-06   0.000000e+00   0.000000e+00   5.006994e-01   2.825403e+00   9.999984e-01   2.825402e+00   2.825402e+00
1     1.045983e+01   9.999999e-01   2.992671e-06   0.000000e+00   0.000000e+00   5.004097e-01   2.888688e+00   9.999984e-01   2.888687e+00   2.888687e+00
1     1.046985e+01   9.999999e-01   2.992573e-06   0.000000e+00   0.000000e+00   5.001177e-01   2.951975e+00   9.999984e-01   2.951975e+00   2.951974e+00
1     1.047988e+01   9.999999e-01   2.992529e-06   0.000000e+00   0.000000e+00   4.998244e-01   3.015264e+00   9.999984e-01   3.015263e+00   3.015263e+00
1     1.048991e+01   9.999999e-01   2.992540e-06   0.000000e+00   0.000000e+00   4.995308e-01   3.078552e+00   9.999984e-01   3.078552e+00   3.078552e+00
1     1.049993e+01   9.999999e-01   2.992605e-06   0.000000e+00   0.000000e+00   4.992381e-01   3.141840e+00   9.999984e-01   3.141840e+00   3.141840e+00
1     1.050996e+01   9.999999e-01   2.992724e-06   0.000000e+00   0.000000e+00   4.989473e-01   3.205126e+00   9.999984e-01   3.205126e+00   3.205126e+00
1     1.051998e+01   9.999999e-01   2.992897e-06   0.000000e+00   0.000000e+00   4.986594e-01   3.268409e+00   9.999984e-01   3.268409e+00   3.268409e+00
1     1.052876e+01   9.999999e-01   2.993092e-06   0.000000e+00   0.000000e+00   4.984107e-01   3.323778e+00   9.999984e-01   3.323779e+00   3.323779e+00
1     1.053878e+01   9.999999e-01   2.993364e-06   0.000000e+00   0.000000e+00   4.981311e-01   3.387053e+00   9.999984e-01   3.387053e+00   3.387054e+00
1     1.054881e+01   9.999999e-01   2.993689e-06   0.000000e+00   0.000000e+00   4.978574e-01   3.450321e+00   9.999984e-01   3.450322e+00   3.450323e+00
1     1.055883e+01   9.999999e-01   2.994064e-06   0.000000e+00   0.000000e+00   4.975906e-01   3.513583e+00   9.999984e-01   3.513584e+00   3.513585e+00
1     1.056886e+01   9.999999e-01   2.994490e-06   0.000000e+00   0.000000e+00   4.973319e-01   3.576837e+00   9.999984e-01   3.576838e+00   3.576840e+00
1     1.057889e+01   9.999999e-01   2.994964e-06   0.000000e+00   0.000000e+00   4.970822e-01   3.640082e+00   9.999984e-01   3.640083e+00   3.640085e+00
1     1.058891e+01   9.999999e-01   2.995486e-06   0.000000e+00   0.000000e+00   4.968425e-01   3.703316e+00   9.999984e-01   3.703318e+00   3.703320e+00
1     1.059894e+01   9.999999e-01   2.996052e-06   0.000000e+00   0.000000e+00   4.966138e-01   3.766540e+00   9.999984e-01   3.766542e+00   3.766544e+00
1     1.060896e+01   9.999999e-01   2.996662e-06   0.000000e+00   0.000000e+00   4.963972e-01   3.829752e+00   9.999984e-01   3.829754e+00   3.829756e+00
1     1.061899e+01   9.999999e-01   2.997314e-06   0.000000e+00   0.000000e+00   4.961933e-01   3.892951e+00   9.999984e-01   3.892953e+00   3.892955e+00
1     1.062902e+01   9.999999e-01   2.998004e-06   0.000000e+00   0.000000e+00   4.960033e-01   3.956136e+00   9.999984e-01   3.956138e+00   3.956140e+00
1     1.063904e+01   9.999999e-01   2.998730e-06   0.000000e+00   0.000000e+00   4.958278e-01   4.019307e+00   9.999984e-01   4.019309e+00   4.019311e+00
1     1.064907e+01   9.999999e-01   2.999490e-06   0.000000e+00   0.000000e+00   4.956676e-01   4.082462e+00   9.999984e-01   4.082464e+00   4.082467e+00
1     1.065909e+01   9.999999e-01   3.000280e-06   0.000000e+00   0.000000e+00   4.955234e-01   4.145601e+00   9.999984e-01   4.145604e+00   4.145606e+00
1     1.066912e+01   9.999999e-01   3.001098e-06   0.000000e+00   0.000000e+00   4.953959e-01   4.208724e+00   9.999984e-01   4.208727e+00   4.208729e+00
1     1.067915e+01   9.999999e-01   3.001940e-06   0.000000e+00   0.000000e+00   4.952856e-01   4.271829e+00   9.999984e-01   4.271832e+00   4.271835e+00
1     1.068917e+01   9.999999e-01   3.002803e-06   0.000000e+00   0.000000e+00   4.951929e-01   4.334917e+00   9.999984e-01   4.334920e+00   4.334923e+00
1     1.069920e+01   9.999999e-01   3.003683e-06   0.000000e+00   0.000000e+00   4.951183e-01   4.397987e+00   9.999984e-01   4.397990e+00   4.397993e+00
1     1.070922e+01   9.999999e-01   3.004577e-06   0.000000e+00   0.000000e+00   4.950621e-01   4.461039e+00   9.999984e-01   4.461041e+00   4.461044e+00
1     1.071925e+01   9.999999e-01   3.005481e-06   0.000000e+00   0.000000e+00   4.950245e-01   4.524071e+00   9.999984e-01   4.524074e+00   4.524077e+00
1     1.072928e+01   9.999999e-01   3.006392e-06   0.000000e+00   0.000000e+00   4.950056e-01   4.587086e+00   9.999984e-01   4.587089e+00   4.587092e+00
1     1.073930e+01   9.999999e-01   3.007306e-06   0.000000e+00   0.000000e+00   4.950055e-01   4.650081e+00   9.999984e-01   4.650084e+00   4.650087e+00
1     1.074933e+01   9.999999e-01   3.008220e-06   0.000000e+00   0.000000e+00   4.950242e-01   4.713058e+00   9.999984e-01   4.713061e+00   4.713064e+00
1     1.075935e+01   9.999999e-01   3.009130e-06   0.000000e+00   0.000000e+00   4.950614e-01   4.776016e+00   9.999984e-01   4.776019e+00   4.776022e+00
1     1.076938e+01   9.999999e-01   3.010033e-06   0.000000e+00   0.000000e+00   4.951171e-01   4.838956e+00   9.999984e-01   4.838959e+00   4.838962e+00
1     1.077941e+01   9.999999e-01   3.010924e-06   0.000000e+00   0.000000e+00   4.951909e-01   4.901877e+00   9.999984e-01   4.901880e+00   4.901883e+00
1     1.078943e+01   9.999999e-01   3.011801e-06   0.000000e+00   0.000000e+00   4.952826e-01   4.964781e+00   9.999984e-01   4.964784e+00   4.964787e+00
1     1.079946e+01   9.999999e-01   3.012660e-06   0.000000e+00   0.000000e+00   4.953919e-01   5.027667e+00   9.999984e-01   5.027670e+00   5.027673e+00
1     1.080948e+01   9.999999e-01   3.013497e-06   0.000000e+00   0.000000e+00   4.955184e-01   5.090536e+00   9.999984e-01   5.090539e+00   5.090542e+00
1     1.081951e+01   9.999999e-01   3.014309e-06   0.000000e+00   0.000000e+00   4.956616e-01   5.153388e+00   9.999984e-01   5.153391e+00   5.153394e+00
1     1.082954e+01   9.999999e-01   3.015093e-06   0.000000e+00   0.000000e+00   4.958210e-01   5.216225e+00   9.999984e-01   5.216227e+00   5.216230e+00
1     1.083956e+01   9.999999e-01   3.015845e-06   0.000000e+00   0.000000e+00   4.959961e-01   5.279045e+00   9.999984e-01   5.279048e+00   5.279050e+00
1     1.084959e+01   9.999999e-01   3.016562e-06   0.000000e+00   0.000000e+00   4.961863e-01   5.341850e+00   9.999984e-01   5.341853e+00   5.341855e+00
1     1.085961e+01   9.999999e-01   3.017242e-06   0.000000e+00   0.000000e+00   4.963910e-01   5.404641e+00   9.999984e-01   5.404644e+00   5.404646e+00
1     1.086964e+01   9.999999e-01   3.017881e-06   0.000000e+00   0.000000e+00   4.966092e-01   5.467419e+00   9.999984e-01   5.467421e+00   5.467423e+00
1     1.087967e+01   9.999999e-01   3.018477e-06   0.000000e+00   0.000000e+00   4.968403e-01   5.530183e+00   9.999984e-01   5.530185e+00   5.530187e+00
1     1.088969e+01   9.999999e-01   3.019027e-06   0.000000e+00   0.000000e+00   4.970833e-01   5.592936e+00   9.999984e-01   5.592938e+00   5.592940e+00
1     1.089972e+01   9.999999e-01   3.019529e-06   0.000000e+00   0.000000e+00   4.973373e-01   5.655678e+00   9.999984e-01   5.655679e+00   5.655681e+00
1     1.090974e+01   9.999999e-01   3.019981e-06   0.000000e+00   0.000000e+00   4.976013e-01   5.718409e+00   9.999984e-01   5.718411e+00   5.718413e+00
1     1.091977e+01   9.999999e-01   3.020382e-06   0.000000e+00   0.000000e+00   4.978742e-01   5.781132e+00   9.999984e-01   5.781134e+00   5.781135e+00
1     1.092980e+01   9.999999e-01   3.020730e-06   0.000000e+00   0.000000e+00   4.981550e-01   5.843847e+00   9.999984e-01   5.843848e+00   5.843850e+00
1     1.093982e+01   9.999999e-01   3.021023e-06   0.000000e+00   0.000000e+00   4.984425e-01   5.906555e+00   9.999984e-01   5.906556e+00   5.906557e+00
1     1.094985e+01   9.999999e-01   3.021260e-06   0.000000e+00   0.000000e+00   4.987357e-01   5.969258e+00   9.999984e-01   5.969259e+00   5.969260e+00
1     1.095987e+01   9.999999e-01   3.021441e-06   0.000000e+00   0.000000e+00   4.990333e-01   6.031956e+00   9.999984e-01   6.031957e+00   6.031957e+00
1     1.096990e+01   9.999999e-01   3.021565e-06   0.000000e+00   0.000000e+00   4.993342e-01   6.094651e+00   9.999984e-01   6.094651e+00   6.094652e+00
1     1.097993e+01   9.999999e-01   3.021632e-06   0.000000e+00   0.000000e+00   4.996372e-01   6.157344e+00   9.999984e-01   6.157344e+00   6.157344e+00
1     1.098995e+01   9.999999e-01   3.021641e-06   0.000000e+00   0.000000e+00   4.999412e-01   6.220035e+00   9.999984e-01   6.220035e+00   6.220036e+00
1     1.099998e+01   9.999999e-01   3.021591e-06   0.000000e+00   0.000000e+00   5.002449e-01   6.282727e+00   9.999984e-01   6.282727e+00   6.282727e+00
1     1.100875e+01   9.999999e-01   3.021501e-06   0.000000e+00   0.000000e+00   5.005096e-01   5.439855e-02   9.999984e-01   5.439839e-02   5.439822e-02
1     1.101878e+01   9.999999e-01   3.021344e-06   0.000000e+00   0.000000e+00   5.008097e-01   1.170942e-01   9.999984e-01   1.170938e-01   1.170935e-01
1     1.102880e+01   9.999999e-01   3.021130e-06   0.000000e+00   0.000000e+00   5.011061e-01   1.797934e-01   9.999984e-01   1.797928e-01   1.797923e-01
1     1.103883e+01   9.999999e-01   3.020859e-06   0.000000e+00   0.000000e+00   5.013978e-01   2.424973e-01   9.999984e-01   2.424966e-01   2.424959e-01
1     1.104886e+01   9.999999e-01   3.020533e-06   0.000000e+00   0.000000e+00   5.016836e-01   3.052072e-01   9.999984e-01   3.052063e-01   3.052054e-01
1     1.105888e+01   9.999999e-01   3.020153e-06   0.000000e+00   0.000000e+00   5.019623e-01   3.679241e-01   9.999984e-01   3.679231e-01   3.679220e-01
1     1.106891e+01   9.999999e-01   3.019720e-06   0.000000e+00   0.000000e+00   5.022329e-01   4.306492e-01   9.999984e-01   4.306480e-01   4.306467e-01
1     1.107893e+01   9.999999e-01   3.019235e-06   0.000000e+00   0.000000e+00   5.024942e-01   4.933835e-01   9.999984e-01   4.933821e-01   4.933807e-01
1     1.108896e+01   9.999999e-01   3.018700e-06   0.000000e+00   0.000000e+00   5.027452e-01   5.561281e-01   9.999984e-01   5.561265e-01   5.561249e-01
1     1.109899e+01   9.999999e-01   3.018117e-06   0.000000e+00   0.000000e+00   5.029849e-01   6.188840e-01   9.999984e-01   6.188822e-01   6.188805e-01
1     1.110901e+01   9.999999e-01   3.017488e-06   0.000000e+00   0.000000e+00   5.032123e-01   6.816522e-01   9.999984e-01   6.816503e-01   6.816484e-01
1     1.111904e+01   9.999999e-01   3.016815e-06   0.000000e+00   0.000000e+00   5.034265e-01   7.444335e-01   9.999984e-01   7.444315e-01   7.444294e-01
1     1.112906e+01   9.999999e-01   3.016101e-06   0.000000e+00   0.000000e+00   5.036265e-01   8.072290e-01   9.999984e-01   8.072268e-01   8.072247e-01
1     1.113909e+01   9.999999e-01   3.015348e-06   0.000000e+00   0.000000e+00   5.038116e-01   8.700394e-01   9.999984e-01   8.700371e-01   8.700348e-01
1     1.114912e+01   9.999999e-01   3.014558e-06   0.000000e+00   0.000000e+00   5.039809e-01   9.328655e-01   9.999984e-01   9.328631e-01   9.328607e-01
1     1.115914e+01   9.999999e-01   3.013736e-06   0.000000e+00   0.000000e+00   5.041339e-01   9.957081e-01   9.999984e-01   9.957056e-01   9.957030e-01
1     1.116917e+01   9.999999e-01   3.012884e-06   0.000000e+00   0.000000e+00   5.042697e-01   1.058568e+00   9.999984e-01   1.058565e+00   1.058562e+00
1     1.117919e+01   9.999999e-01   3.012005e-06   0.000000e+00   0.000000e+00   5.043878e-01   1.121445e+00   9.999984e-01   1.121442e+00   1.121440e+00
1     1.118922e+01   9.999999e-01   3.011102e-06   0.000000e+00   0.000000e+00   5.044878e-01   1.184340e+00   9.999984e-01   1.184338e+00   1.184335e+00
1     1.119925e+01   9.999999e-01   3.010179e-06   0.000000e+00   0.000000e+00   5.045691e-01   1.247255e+00   9.999984e-01   1.247252e+00   1.247249e+00
1     1.120927e+01   9.999999e-01   3.009240e-06   0.000000e+00   0.000000e+00   5.046314e-01   1.310188e+00   9.999984e-01   1.310185e+00   1.310182e+00
1     1.121930e+01   9.999999e-01   3.008288e-06   0.000000e+00   0.000000e+00   5.046744e-01   1.373140e+00   9.999984e-01   1.373137e+00   1.373134e+00
1     1.122932e+01   9.999999e-01   3.007327e-06   0.000000e+00   0.000000e+00   5.046980e-01   1.436112e+00   9.999984e-01   1.436109e+00   1.436106e+00
1     1.123935e+01   9.999999e-01   3.006361e-06   0.000000e+00   0.000000e+00   5.047019e-01   1.499103e+00   9.999984e-01   1.499100e+00   1.499097e+00
1     1.124938e+01   9.999999e-01   3.005392e-06   0.000000e+00   0.000000e+00   5.046860e-01   1.562114e+00   9.999984e-01   1.562111e+00   1.562108e+00
1     1.125940e+01   9.999999e-01   3.004426e-06   0.000000e+00   0.000000e+00   5.046505e-01   1.625145e+00   9.999984e-01   1.625142e+00   1.625139e+00
1     1.126943e+01   9.999999e-01   3.003465e-06   0.000000e+00   0.000000e+00   5.045953e-01   1.688195e+00   9.999984e-01   1.688192e+00   1.688190e+00
1     1.127945e+01   9.999999e-01   3.002513e-06   0.000000e+00   0.000000e+00   5.045207e-01   1.751265e+00   9.999984e-01   1.751262e+00   1.751259e+00
1     1.128948e+01   9.999999e-01   3.001575e-06   0.000000e+00   0.000000e+00   5.044268e-01   1.814354e+00   9.999984e-01   1.814352e+00   1.814349e+00
1     1.129951e+01   9.999999e-01   3.000653e-06   0.000000e+00   0.000000e+00   5.043139e-01   1.877463e+00   9.999984e-01   1.877460e+00   1.877457e+00
1     1.130953e+01   9.999999e-01   2.999751e-06   0.000000e+00   0.000000e+00   5.041824e-01   1.940589e+00   9.999984e-01   1.940586e+00   1.940584e+00
1     1.131956e+01   9.999999e-01   2.998873e-06   0.000000e+00   0.000000e+00   5.040327e-01   2.003734e+00   9.999984e-01   2.003731e+00   2.003729e+00
1     1.132958e+01   9.999999e-01   2.998022e-06   0.000000e+00   0.000000e+00   5.038652e-01   2.066897e+00   9.999984e-01   2.066894e+00   2.066891e+00
1     1.133961e+01   9.999999e-01   2.997202e-06   0.000000e+00   0.000000e+00   5.036805e-01   2.130076e+00   9.999984e-01   2.130074e+00   2.130071e+00
1     1.134964e+01   9.999999e-01   2.996415e-06   0.000000e+00   0.000000e+00   5.034793e-01   2.193273e+00   9.999984e-01   2.193270e+00   2.193268e+00
1     1.135966e+01   9.999999e-01   2.995665e-06   0.000000e+00   0.000000e+00   5.032620e-01   2.256485e+00   9.999984e-01   2.256483e+00   2.256480e+00
1     1.136969e+01   9.999999e-01   2.994956e-06   0.000000e+00   0.000000e+00   5.030295e-01   2.319712e+00   9.999984e-01   2.319710e+00   2.319708e+00
1     1.137971e+01   9.999999e-01   2.994289e-06   0.000000e+00   0.000000e+00   5.027825e-01   2.382954e+00   9.999984e-01   2.382952e+00   2.382950e+00
1     1.138974e+01   9.999999e-01   2.993668e-06   0.000000e+00   0.000000e+00   5.025219e-01   2.446210e+00   9.999984e-01   2.446208e+00   2.446206e+00
1     1.139977e+01   9.999999e-01   2.993096e-06   0.000000e+00   0.000000e+00   5.022486e-01   2.509478e+00   9.999984e-01   2.509476e+00   2.509475e+00
1     1.140979e+01   9.999999e-01   2.992574e-06   0.000000e+00   0.000000e+00   5.019634e-01   2.572758e+00   9.999984e-01   2.572757e+00   2.572755e+00
1     1.141982e+01   9.999999e-01   2.992107e-06   0.000000e+00   0.000000e+00   5.016675e-01   2.636049e+00   9.999984e-01   2.636048e+00   2.636046e+00
1     1.142984e+01   9.999999e-01   2.991694e-06   0.000000e+00   0.000000e+00   5.013619e-01   2.699350e+00   9.999984e-01   2.699348e+00   2.699347e+00
1     1.143987e+01   9.999999e-01   2.991340e-06   0.000000e+00   0.000000e+00   5.010478e-01   2.762659e+00   9.999984e-01   2.762657e+00   2.762656e+00
1     1.144990e+01   9.999999e-01   2.991044e-06   0.000000e+00   0.000000e+00   5.007262e-01   2.825975e+00   9.999984e-01   2.825974e+00   2.825973e+00
1     1.145992e+01   9.999999e-01   2.990809e-06   0.000000e+00   0.000000e+00   5.003984e-01   2.889298e+00   9.999984e-01   2.889297e+00   2.889296e+00
1     1.146995e+01   9.999999e-01   2.990636e-06   0.000000e+00   0.000000e+00   5.000657e-01   2.952625e+00   9.999984e-01   2.952624e+00   2.952624e+00
1     1.147997e+01   9.999999e-01   2.990526e-06   0.000000e+00   0.000000e+00   4.997294e-01   3.015956e+00   9.999984e-01   3.015956e+00   3.015955e+00
1     1.149000e+01   9.999999e-01   2.990479e-06   0.000000e+00   0.000000e+00   4.993907e-01   3.079290e+00   9.999984e-01   3.079290e+00   3.079289e+00
1     1.149877e+01   9.999999e-01   2.990490e-06   0.000000e+00   0.000000e+00   4.990934e-01   3.134707e+00   9.999984e-01   3.134707e+00   3.134707e+00
1     1.150880e+01   9.999999e-01   2.990562e-06   0.000000e+00   0.000000e+00   4.987538e-01   3.198042e+00   9.999984e-01   3.198042e+00   3.198042e+00
1     1.151882e+01   9.999999e-01   2.990697e-06   0.000000e+00   0.000000e+00   4.984157e-01   3.261375e+00   9.999984e-01   3.261375e+00   3.261376e+00
1     1.152885e+01   9.999999e-01   2.990895e-06   0.000000e+00   0.000000e+00   4.980802e-01   3.324705e+00   9.999984e-01   3.324706e+00   3.324706e+00
1     1.153888e+01   9.999999e-01   2.991155e-06   0.000000e+00   0.000000e+00   4.977486e-01   3.388031e+00   9.999984e-01   3.388032e+00   3.388033e+00
1     1.154890e+01   9.999999e-01   2.991474e-06   0.000000e+00   0.000000e+00   4.974223e-01   3.451353e+00   9.999984e-01   3.451354e+00   3.451355e+00
1     1.155893e+01   9.999999e-01   2.991853e-06   0.000000e+00   0.000000e+00   4.971022e-01   3.514668e+00   9.999984e-01   3.514669e+00   3.514670e+00
1     1.156895e+01   9.999999e-01   2.992288e-06   0.000000e+00   0.000000e+00   4.967896e-01   3.577975e+00   9.999984e-01   3.577976e+00   3.577978e+00
1     1.157898e+01   9.999999e-01   2.992779e-06   0.000000e+00   0.000000e+00   4.964854e-01   3.641274e+00   9.999984e-01   3.641276e+00   3.641277e+00
1     1.158901e+01   9.999999e-01   2.993322e-06   0.000000e+00   0.000000e+00   4.961908e-01   3.704564e+00   9.999984e-01   3.704565e+00   3.704567e+00
1     1.159903e+01   9.999999e-01   2.993916e-06   0.000000e+00   0.000000e+00   4.959065e-01   3.767843e+00   9.999984e-01   3.767845e+00   3.767846e+00
1     1.160906e+01   9.999999e-01   2.994558e-06   0.000000e+00   0.000000e+00   4.956335e-01   3.831111e+00   9.999984e-01   3.831113e+00   3.831115e+00
1     1.161908e+01   9.999999e-01   2.995247e-06   0.000000e+00   0.000000e+00   4.953725e-01   3.894367e+00   9.999984e-01   3.894369e+00   3.894371e+00
1     1.162911e+01   9.999999e-01   2.995978e-06   0.000000e+00   0.000000e+00   4.951243e-01   3.957610e+00   9.999984e-01   3.957612e+00   3.957614e+00
1     1.163914e+01   9.999999e-01   2.996750e-06   0.000000e+00   0.000000e+00   4.948895e-01   4.020840e+00   9.999984e-01   4.020842e+00   4.020844e+00
1     1.164916e+01   9.999999e-01   2.997560e-06   0.000000e+00   0.000000e+00   4.946689e-01   4.084055e+00   9.999984e-01   4.084058e+00   4.084060e+00
1     1.165919e+01   9.999999e-01   2.998406e-06   0.000000e+00   0.000000e+00   4.944629e-01   4.147256e+00   9.999984e-01   4.147259e+00   4.147261e+00
1     1.166921e+01   9.999999e-01   2.999285e-06   0.000000e+00   0.000000e+00   4.942723e-01   4.210442e+00   9.999984e-01   4.210445e+00   4.210447e+00
1     1.167924e+01   9.999999e-01   3.000194e-06   0.000000e+00   0.000000e+00   4.940976e-01   4.273612e+00   9.999984e-01   4.273615e+00   4.273617e+00
1     1.168927e+01   9.999999e-01   3.001131e-06   0.000000e+00   0.000000e+00   4.939393e-01   4.336765e+00   9.999984e-01   4.336768e+00   4.336771e+00
1     1.169929e+01   9.999999e-01   3.002092e-06   0.000000e+00   0.000000e+00   4.937981e-01   4.399902e+00   9.999984e-01   4.399905e+00   4.399907e+00
1     1.170932e+01   9.999999e-01   3.003075e-06   0.000000e+00   0.000000e+00   4.936746e-01   4.463020e+00   9.999984e-01   4.463023e+00   4.463026e+00
1     1.171934e+01   9.999999e-01   3.004077e-06   0.000000e+00   0.000000e+00   4.935692e-01   4.526121e+00   9.999984e-01   4.526124e+00   4.526127e+00
1     1.172937e+01   9.999999e-01   3.005095e-06   0.000000e+00   0.000000e+00   4.934825e-01   4.589203e+00   9.999984e-01   4.589206e+00   4.589209e+00
1     1.173940e+01   9.999999e-01   3.006126e-06   0.000000e+00   0.000000e+00   4.934151e-01   4.652266e+00   9.999984e-01   4.652269e+00   4.652272e+00
1     1.174942e+01   9.999999e-01   3.007165e-06   0.000000e+00   0.000000e+00   4.933674e-01   4.715309e+00   9.999984e-01   4.715312e+00   4.715315e+00
1     1.175945e+01   9.999999e-01   3.008210e-06   0.000000e+00   0.000000e+00   4.933397e-01   4.778332e+00   9.999984e-01   4.778335e+00   4.778338e+00
1     1.176947e+01   9.999999e-01   3.009256e-06   0.000000e+00   0.000000e+00   4.933327e-01   4.841334e+00   9.999984e-01   4.841337e+00   4.841340e+00
1     1.177950e+01   9.999999e-01   3.010300e-06   0.000000e+00   0.000000e+00   4.933464e-01   4.904315e+00   9.999984e-01   4.904318e+00   4.904321e+00
1     1.178953e+01   9.999999e-01   3.011337e-06   0.000000e+00   0.000000e+00   4.933813e-01   4.967276e+00   9.999984e-01   4.967279e+00   4.967282e+00
1     1.179955e+01   9.999999e-01   3.012362e-06   0.000000e+00   0.000000e+00   4.934375e-01   5.030215e+00   9.999984e-01   5.030218e+00   5.030221e+00
1     1.180958e+01   9.999999e-01   3.013371e-06   0.000000e+00   0.000000e+00   4.935151e-01   5.093133e+00   9.999984e-01   5.093136e+00   5.093139e+00
1     1.181960e+01   9.999999e-01   3.014360e-06   0.000000e+00   0.000000e+00   4.936141e-01   5.156029e+00   9.999984e-01   5.156032e+00   5.156035e+00
1     1.182963e+01   9.999999e-01   3.015322e-06   0.000000e+00   0.000000e+00   4.937342e-01   5.218905e+00   9.999984e-01   5.218907e+00   5.218910e+00
1     1.183966e+01   9.999999e-01   3.016255e-06   0.000000e+00   0.000000e+00   4.938753e-01   5.281759e+00   9.999984e-01   5.281761e+00   5.281764e+00
1     1.184968e+01   9.999999e-01   3.017152e-06   0.000000e+00   0.000000e+00   4.940368e-01   5.344593e+00   9.999984e-01   5.344595e+00   5.344598e+00
1     1.185971e+01   9.999999e-01   3.018009e-06   0.000000e+00   0.000000e+00   4.942182e-01   5.407407e+00   9.999984e-01   5.407409e+00   5.407412e+00
1     1.186973e+01   9.999999e-01   3.018820e-06   0.000000e+00   0.000000e+00   4.944188e-01   5.470202e+00   9.999984e-01   5.470204e+00   5.470206e+00
1     1.187976e+01   9.999999e-01   3.019583e-06   0.000000e+00   0.000000e+00   4.946375e-01   5.532979e+00   9.999984e-01   5.532981e+00   5.532983e+00
1     1.188979e+01   9.999999e-01   3.020292e-06   0.000000e+00   0.000000e+00   4.948735e-01   5.595738e+00   9.999984e-01   5.595740e+00   5.595742e+00
1     1.189981e+01   9.999999e-01   3.020943e-06   0.000000e+00   0.000000e+00   4.951253e-01   5.658482e+00   9.999984e-01   5.658483e+00   5.658485e+00
1     1.190984e+01   9.999999e-01   3.021534e-06   0.000000e+00   0.000000e+00   4.953918e-01   5.721211e+00   9.999984e-01   5.721212e+00   5.721214e+00
1     1.191986e+01   9.999999e-01   3.022062e-06   0.000000e+00   0.000000e+00   4.956713e-01   5.783927e+00   9.999984e-01   5.783928e+00   5.783930e+00
1     1.192989e+01   9.999999e-01   3.022523e-06   0.000000e+00   0.000000e+00   4.959625e-01   5.846631e+00   9.999984e-01   5.846632e+00   5.846634e+00
1     1.193992e+01   9.999999e-01   3.022916e-06   0.000000e+00   0.000000e+00   4.962637e-01   5.909325e+00   9.999984e-01   5.909326e+00   5.909328e+00
1     1.194994e+01   9.999999e-01   3.023240e-06   0.000000e+00   0.000000e+00   4.965734e-01   5.972011e+00   9.999984e-01   5.972012e+00   5.972013e+00
1     1.195997e+01   9.999999e-01   3.023493e-06   0.000000e+00   0.000000e+00   4.968897e-01   6.034690e+00   9.999984e-01   6.034691e+00   6.034692e+00
1     1.196999e+01   9.999999e-01   3.023675e-06   0.000000e+00   0.000000e+00   4.972112e-01   6.097365e+00   9.999984e-01   6.097365e+00   6.097366e+00
1     1.197877e+01   9.999999e-01   3.023776e-06   0.000000e+00   0.000000e+00   4.974954e-01   6.152201e+00   9.999984e-01   6.152202e+00   6.152202e+00
1     1.198879e+01   9.999999e-01   3.023825e-06   0.000000e+00   0.000000e+00   4.978220e-01   6.214870e+00   9.999984e-01   6.214871e+00   6.214871e+00
1     1.199882e+01   9.999999e-01   3.023802e-06   0.000000e+00   0.000000e+00   4.981491e-01   6.277539e+00   9.999984e-01   6.277539e+00   6.277539e+00
1     1.200884e+01   9.999999e-01   3.023710e-06   0.000000e+00   0.000000e+00   4.984751e-01   5.702311e-02   9.999984e-01   5.702294e-02   5.702277e-02
1     1.201887e+01   9.999999e-01   3.023548e-06   0.000000e+00   0.000000e+00   4.987984e-01   1.196954e-01   9.999984e-01   1.196950e-01   1.196946e-01
1     1.202890e+01   9.999999e-01   3.023319e-06   0.000000e+00   0.000000e+00   4.991176e-01   1.823718e-01   9.999984e-01   1.823712e-01   1.823707e-01
1     1.203892e+01   9.999999e-01   3.023024e-06   0.000000e+00   0.000000e+00   4.994311e-01   2.450538e-01   9.999984e-01   2.450530e-01   2.450523e-01
1     1.204895e+01   9.999999e-01   3.022665e-06   0.000000e+00   0.000000e+00   4.997377e-01   3.077428e-01   9.999984e-01   3.077418e-01   3.077409e-01
1     1.205897e+01   9.999999e-01   3.022243e-06   0.000000e+00   0.000000e+00   5.000359e-01   3.704401e-01   9.999984e-01   3.704390e-01   3.704379e-01
1     1.206900e+01   9.999999e-01   3.021762e-06   0.000000e+00   0.000000e+00   5.003245e-01   4.331470e-01   9.999984e-01   4.331458e-01   4.331445e-01
1     1.207903e+01   9.999999e-01   3.021224e-06   0.000000e+00   0.000000e+00   5.006023e-01   4.958647e-01   9.999984e-01   4.958633e-01   4.958619e-01
1     1.208905e+01   9.999999e-01   3.020632e-06   0.000000e+00   0.000000e+00   5.008681e-01   5.585944e-01   9.999984e-01   5.585928e-01   5.585912e-01
1     1.209908e+01   9.999999e-01   3.019988e-06   0.000000e+00   0.000000e+00   5.011210e-01   6.213370e-01   9.999984e-01   6.213352e-01   6.213335e-01
1     1.210910e+01   9.999999e-01   3.019295e-06   0.000000e+00   0.000000e+00   5.013599e-01   6.840936e-01   9.999984e-01   6.840917e-01   6.840898e-01
1     1.211913e+01   9.999999e-01   3.018558e-06   0.000000e+00   0.000000e+00   5.015839e-01   7.468650e-01   9.999984e-01   7.468630e-01   7.468609e-01
1     1.212916e+01   9.999999e-01   3.017779e-06   0.000000e+00   0.000000e+00   5.017923e-01   8.096521e-01   9.999984e-01   8.096500e-01   8.096478e-01
1     1.213918e+01   9.999999e-01   3.016961e-06   0.000000e+00   0.000000e+00   5.019842e-01   8.724557e-01   9.999984e-01   8.724533e-01   8.724510e-01
1     1.214921e+01   9.999999e-01   3.016109e-06   0.000000e+00   0.000000e+00   5.021591e-01   9.352761e-01   9.999984e-01   9.352737e-01   9.352713e-01
1     1.215923e+01   9.999999e-01   3.015227e-06   0.000000e+00   0.000000e+00   5.023167e-01   9.981140e-01   9.999984e-01   9.981114e-01   9.981089e-01
1     1.216926e+01   9.999999e-01   3.014317e-06   0.000000e+00   0.000000e+00   5.024563e-01   1.060970e+00   9.999984e-01   1.060967e+00   1.060964e+00
1     1.217929e+01   9.999999e-01   3.013384e-06   0.000000e+00   0.000000e+00   5.025778e-01   1.123844e+00   9.999984e-01   1.123841e+00   1.123838e+00
1     1.218931e+01   9.999999e-01   3.012431e-06   0.000000e+00   0.000000e+00   5.026806e-01   1.186736e+00   9.999984e-01   1.186733e+00   1.186731e+00
1     1.219934e+01   9.999999e-01   3.011461e-06   0.000000e+00   0.000000e+00   5.027646e-01   1.249647e+00   9.999984e-01   1.249645e+00   1.249642e+00
1     1.220936e+01   9.999999e-01   3.010478e-06   0.000000e+00   0.000000e+00   5.028295e-01   1.312578e+00   9.999984e-01   1.312575e+00   1.312572e+00
1     1.221939e+01   9.999999e-01   3.009486e-06   0.000000e+00   0.000000e+00   5.028751e-01   1.375527e+00   9.999984e-01   1.375524e+00   1.375521e+00
1     1.222942e+01   9.999999e-01   3.008488e-06   0.000000e+00   0.000000e+00   5.029014e-01   1.438496e+00   9.999984e-01   1.438493e+00   1.438490e+00
1     1.223944e+01   9.999999e-01   3.007487e-06   0.000000e+00   0.000000e+00   5.029081e-01   1.501485e+00   9.999984e-01   1.501482e+00   1.501479e+00
1     1.224947e+01   9.999999e-01   3.006487e-06   0.000000e+00   0.000000e+00   5.028953e-01   1.564493e+00   9.999984e-01   1.564490e+00   1.564487e+00
1     1.225949e+01   9.999999e-01   3.005492e-06   0.000000e+00   0.000000e+00   5.028628e-01   1.627521e+00   9.999984e-01   1.627518e+00   1.627515e+00
1     1.226952e+01   9.999999e-01   3.004504e-06   0.000000e+00   0.000000e+00   5.028107e-01   1.690568e+00   9.999984e-01   1.690565e+00   1.690562e+00
1     1.227955e+01   9.999999e-01   3.003529e-06   0.000000e+00   0.000000e+00   5.027391e-01   1.753634e+00   9.999984e-01   1.753631e+00   1.753629e+00
1     1.228957e+01   9.999999e-01   3.002568e-06   0.000000e+00   0.000000e+00   5.026481e-01   1.816721e+00   9.999984e-01   1.816718e+00   1.816715e+00
1     1.229960e+01   9.999999e-01   3.001628e-06   0.000000e+00   0.000000e+00   5.025379e-01   1.879826e+00   9.999984e-01   1.879823e+00   1.879820e+00
1     1.230962e+01   9.999999e-01   3.000710e-06   0.000000e+00   0.000000e+00   5.024086e-01   1.942950e+00   9.999984e-01   1.942947e+00   1.942945e+00
1     1.231965e+01   9.999999e-01   2.999819e-06   0.000000e+00   0.000000e+00   5.022607e-01   2.006093e+00   9.999984e-01   2.006090e+00   2.006088e+00
1     1.232968e+01   9.999999e-01   2.998959e-06   0.000000e+00   0.000000e+00   5.020946e-01   2.069254e+00   9.999984e-01   2.069251e+00   2.069249e+00
1     1.233970e+01   9.999999e-01   2.998133e-06   0.000000e+00   0.000000e+00   5.019109e-01   2.132433e+00   9.999984e-01   2.132430e+00   2.132428e+00
1     1.234973e+01   9.999999e-01   2.997345e-06   0.000000e+00   0.000000e+00   5.017102e-01   2.195628e+00   9.999984e-01   2.195626e+00   2.195624e+00
1     1.235975e+01   9.999999e-01   2.996598e-06   0.000000e+00   0.000000e+00   5.014934e-01   2.258840e+00   9.999984e-01   2.258838e+00   2.258836e+00
1     1.236978e+01   9.999999e-01   2.995894e-06   0.000000e+00   0.000000e+00   5.012612e-01   2.322067e+00   9.999984e-01   2.322065e+00   2.322063e+00
1     1.237981e+01   9.999999e-01   2.995239e-06   0.000000e+00   0.000000e+00   5.010147e-01   2.385309e+00   9.999984e-01   2.385307e+00   2.385305e+00
1     1.238983e+01   9.999999e-01   2.994632e-06   0.000000e+00   0.000000e+00   5.007549e-01   2.448563e+00   9.999984e-01   2.448561e+00   2.448560e+00
1     1.239986e+01   9.999999e-01   2.994078e-06   0.000000e+00   0.000000e+00   5.004828e-01   2.511830e+00   9.999984e-01   2.511829e+00   2.511827e+00
1     1.240988e+01   9.999999e-01   2.993579e-06   0.000000e+00   0.000000e+00   5.001996e-01   2.575108e+00   9.999984e-01   2.575107e+00   2.575105e+00
1     1.241991e+01   9.999999e-01   2.993135e-06   0.000000e+00   0.000000e+00   4.999066e-01   2.638396e+00   9.999984e-01   2.638395e+00   2.638393e+00
1     1.242993e+01   9.999999e-01   2.992750e-06   0.000000e+00   0.000000e+00   4.996048e-01   2.701693e+00   9.999984e-01   2.701692e+00   2.701690e+00
1     1.243996e+01   9.999999e-01   2.992425e-06   0.000000e+00   0.000000e+00   4.992957e-01   2.764997e+00   9.999984e-01   2.764996e+00   2.764995e+00
1     1.244999e+01   9.999999e-01   2.992159e-06   0.000000e+00   0.000000e+00   4.989804e-01   2.828307e+00   9.999984e-01   2.828306e+00   2.828305e+00
1     1.245876e+01   9.999999e-01   2.991977e-06   0.000000e+00   0.000000e+00   4.987006e-01   2.883707e+00   9.999984e-01   2.883706e+00   2.883706e+00
1     1.246879e+01   9.999999e-01   2.991827e-06   0.000000e+00   0.000000e+00   4.983775e-01   2.947025e+00   9.999984e-01   2.947024e+00   2.947024e+00
1     1.247881e+01   9.999999e-01   2.991737e-06   0.000000e+00   0.000000e+00   4.980522e-01   3.010345e+00   9.999984e-01   3.010345e+00   3.010344e+00
1     1.248884e+01   9.999999e-01   2.991710e-06   0.000000e+00   0.000000e+00   4.977258e-01   3.073666e+00   9.999984e-01   3.073666e+00   3.073666e+00
1     1.249886e+01   9.999999e-01   2.991744e-06   0.000000e+00   0.000000e+00   4.973998e-01   3.136987e+00   9.999984e-01   3.136987e+00   3.136987e+00
1     1.250889e+01   9.999999e-01   2.991840e-06   0.000000e+00   0.000000e+00   4.970754e-01   3.200306e+00   9.999984e-01   3.200307e+00   3.200307e+00
1     1.251892e+01   9.999999e-01   2.991997e-06   0.000000e+00   0.000000e+00   4.967539e-01   3.263623e+00   9.999984e-01   3.263623e+00   3.263623e+00
1     1.252894e+01   9.999999e-01   2.992215e-06   0.000000e+00   0.000000e+00   4.964367e-01   3.326935e+00   9.999984e-01   3.326935e+00   3.326936e+00
1     1.253897e+01   9.999999e-01   2.992494e-06   0.000000e+00   0.000000e+00   4.961249e-01   3.390241e+00   9.999984e-01   3.390242e+00   3.390243e+00
1     1.254899e+01   9.999999e-01   2.992833e-06   0.000000e+00   0.000000e+00   4.958199e-01   3.453541e+00   9.999984e-01   3.453542e+00   3.453543e+00
1     1.255902e+01   9.999999e-01   2.993230e-06   0.000000e+00   0.000000e+00   4.955230e-01   3.516833e+00   9.999984e-01   3.516834e+00   3.516835e+00
1     1.256905e+01   9.999999e-01   2.993685e-06   0.000000e+00   0.000000e+00   4.952352e-01   3.580115e+00   9.999984e-01   3.580117e+00   3.580118e+00
1     1.257907e+01   9.999999e-01   2.994195e-06   0.000000e+00   0.000000e+00   4.949578e-01   3.643388e+00   9.999984e-01   3.643389e+00   3.643390e+00
1     1.258910e+01   9.999999e-01   2.994758e-06   0.000000e+00   0.000000e+00   4.946920e-01   3.706648e+00   9.999984e-01   3.706650e+00   3.706652e+00
1     1.259912e+01   9.999999e-01   2.995373e-06   0.000000e+00   0.000000e+00   4.944386e-01   3.769896e+00   9.999984e-01   3.769898e+00   3.769900e+00
1     1.260915e+01   9.999999e-01   2.996037e-06   0.000000e+00   0.000000e+00   4.941989e-01   3.833131e+00   9.999984e-01   3.833133e+00   3.833135e+00
1     1.261918e+01   9.999999e-01   2.996747e-06   0.000000e+00   0.000000e+00   4.939737e-01   3.896351e+00   9.999984e-01   3.896353e+00   3.896355e+00
1     1.262920e+01   9.999999e-01   2.997501e-06   0.000000e+00   0.000000e+00   4.937640e-01   3.959556e+00   9.999984e-01   3.959558e+00   3.959560e+00
1     1.263923e+01   9.999999e-01   2.998296e-06   0.000000e+00   0.000000e+00   4.935705e-01   4.022744e+00   9.999984e-01   4.022746e+00   4.022749e+00
1     1.264925e+01   9.999999e-01   2.999128e-06   0.000000e+00   0.000000e+00   4.933943e-01   4.085915e+00   9.999984e-01   4.085918e+00   4.085920e+00
1     1.265928e+01   9.999999e-01   2.999995e-06   0.000000e+00   0.000000e+00   4.932359e-01   4.149069e+00   9.999984e-01   4.149071e+00   4.149074e+00
1     1.266931e+01   9.999999e-01   3.000894e-06   0.000000e+00   0.000000e+00   4.930961e-01   4.212203e+00   9.999984e-01   4.212206e+00   4.212209e+00
1     1.267933e+01   9.999999e-01   3.001820e-06   0.000000e+00   0.000000e+00   4.929755e-01   4.275319e+00   9.999984e-01   4.275322e+00   4.275324e+00
1     1.268936e+01   9.999999e-01   3.002770e-06   0.000000e+00   0.000000e+00   4.928747e-01   4.338415e+00   9.999984e-01   4.338418e+00   4.338420e+00
1     1.269938e+01   9.999999e-01   3.003741e-06   0.000000e+00   0.000000e+00   4.927942e-01   4.401490e+00   9.999984e-01   4.401493e+00   4.401496e+00
1     1.270941e+01   9.999999e-01   3.004728e-06   0.000000e+00   0.000000e+00   4.927343e-01   4.464545e+00   9.999984e-01   4.464548e+00   4.464551e+00
1     1.271943e+01   9.999999e-01   3.005729e-06   0.000000e+00   0.000000e+00   4.926955e-01   4.527579e+00   9.999984e-01   4.527582e+00   4.527585e+00
1     1.272946e+01   9.999999e-01   3.006739e-06   0.000000e+00   0.000000e+00   4.926780e-01   4.590592e+00   9.999984e-01   4.590595e+00   4.590598e+00
1     1.273949e+01   9.999999e-01   3.007755e-06   0.000000e+00   0.000000e+00   4.926820e-01   4.653583e+00   9.999984e-01   4.653586e+00   4.653589e+00
1     1.274951e+01   9.999999e-01   3.008771e-06   0.000000e+00   0.000000e+00   4.927075e-01   4.716552e+00   9.999984e-01   4.716555e+00   4.716558e+00
1     1.275954e+01   9.999999e-01   3.009785e-06   0.000000e+00   0.000000e+00   4.927547e-01   4.779500e+00   9.999984e-01   4.779503e+00   4.779506e+00
1     1.276956e+01   9.999999e-01   3.010791e-06   0.000000e+00   0.000000e+00   4.928232e-01   4.842427e+00   9.999984e-01   4.842430e+00   4.842433e+00
1     1.277959e+01   9.999999e-01   3.011787e-06   0.000000e+00   0.000000e+00   4.929131e-01   4.905332e+00   9.999984e-01   4.905335e+00   4.905338e+00
1     1.278962e+01   9.999999e-01   3.012767e-06   0.000000e+00   0.000000e+00   4.930239e-01   4.968217e+00   9.999984e-01   4.968220e+00   4.968223e+00
1     1.279964e+01   9.999999e-01   3.013728e-06   0.000000e+00   0.000000e+00   4.931553e-01   5.031081e+00   9.999984e-01   5.031084e+00   5.031086e+00
1     1.280967e+01   9.999999e-01   3.014666e-06   0.000000e+00   0.000000e+00   4.933066e-01   5.093925e+00   9.999984e-01   5.093927e+00   5.093930e+00
1     1.281969e+01   9.999999e-01   3.015578e-06   0.000000e+00   0.000000e+00   4.934774e-01   5.156749e+00   9.999984e-01   5.156752e+00   5.156754e+00
1     1.282972e+01   9.999999e-01   3.016459e-06   0.000000e+00   0.000000e+00   4.936670e-01   5.219555e+00   9.999984e-01   5.219557e+00   5.219560e+00
1     1.283975e+01   9.999999e-01   3.017307e-06   0.000000e+00   0.000000e+00   4.938745e-01   5.282343e+00   9.999984e-01   5.282345e+00   5.282348e+00
1     1.284977e+01   9.999999e-01   3.018118e-06   0.000000e+00   0.000000e+00   4.940991e-01   5.345113e+00   9.999984e-01   5.345116e+00   5.345118e+00
1     1.285980e+01   9.999999e-01   3.018888e-06   0.000000e+00   0.000000e+00   4.943400e-01   5.407868e+00   9.999984e-01   5.407870e+00   5.407873e+00
1     1.286982e+01   9.999999e-01   3.019617e-06   0.000000e+00   0.000000e+00   4.945961e-01   5.470607e+00   9.999984e-01   5.470609e+00   5.470612e+00
1     1.287985e+01   9.999999e-01   3.020299e-06   0.000000e+00   0.000000e+00   4.948664e-01   5.533332e+00   9.999984e-01   5.533334e+00   5.533336e+00
1     1.288988e+01   9.999999e-01   3.020934e-06   0.000000e+00   0.000000e+00   4.951498e-01   5.596044e+00   9.999984e-01   5.596046e+00   5.596048e+00
1     1.289990e+01   9.999999e-01   3.021520e-06   0.000000e+00   0.000000e+00   4.954453e-01   5.658744e+00   9.999984e-01   5.658746e+00   5.658748e+00
1     1.290993e+01   9.999999e-01   3.022053e-06   0.000000e+00   0.000000e+00   4.957516e-01   5.721433e+00   9.999984e-01   5.721435e+00   5.721437e+00
1     1.291995e+01   9.999999e-01   3.022532e-06   0.000000e+00   0.000000e+00   4.960677e-01   5.784113e+00   9.999984e-01   5.784114e+00   5.784116e+00
1     1.292998e+01   9.999999e-01   3.022957e-06   0.000000e+00   0.000000e+00   4.963924e-01   5.846784e+00   9.999984e-01   5.846785e+00   5.846786e+00
1     1.293875e+01   9.999999e-01   3.023282e-06   0.000000e+00   0.000000e+00   4.966827e-01   5.901614e+00   9.999984e-01   5.901616e+00   5.901617e+00
1     1.294878e+01   9.999999e-01   3.023599e-06   0.000000e+00   0.000000e+00   4.970203e-01   5.964272e+00   9.999984e-01   5.964273e+00   5.964274e+00
1     1.295881e+01   9.999999e-01   3.023857e-06   0.000000e+00   0.000000e+00   4.973630e-01   6.026925e+00   9.999984e-01   6.026926e+00   6.026927e+00
1     1.296883e+01   9.999999e-01   3.024056e-06   0.000000e+00   0.000000e+00   4.977098e-01   6.089574e+00   9.999984e-01   6.089575e+00   6.089575e+00
1     1.297886e+01   9.999999e-01   3.024195e-06   0.000000e+00   0.000000e+00   4.980593e-01   6.152220e+00   9.999984e-01   6.152220e+00   6.152221e+00
1     1.298888e+01   9.999999e-01   3.024272e-06   0.000000e+00   0.000000e+00   4.984103e-01   6.214864e+00   9.999984e-01   6.214865e+00   6.214865e+00
1     1.299891e+01   9.999999e-01   3.024288e-06   0.000000e+00   0.000000e+00   4.987617e-01   6.277509e+00   9.999984e-01   6.277509e+00   6.277509e+00
1     1.300893e+01   9.999999e-01   3.024242e-06   0.000000e+00   0.000000e+00   4.991122e-01   5.696832e-02   9.999984e-01   5.696815e-02   5.696797e-02
1     1.301896e+01   9.999999e-01   3.024135e-06   0.000000e+00   0.000000e+00   4.994606e-01   1.196155e-01   9.999984e-01   1.196151e-01   1.196148e-01
1     1.302899e+01   9.999999e-01   3.023965e-06   0.000000e+00   0.000000e+00   4.998055e-01   1.822660e-01   9.999984e-01   1.822655e-01   1.822649e-01
1     1.303901e+01   9.999999e-01   3.023733e-06   0.000000e+00   0.000000e+00   5.001459e-01   2.449212e-01   9.999984e-01   2.449204e-01   2.449197e-01
1     1.304904e+01   9.999999e-01   3.023440e-06   0.000000e+00   0.000000e+00   5.004804e-01   3.075822e-01   9.999984e-01   3.075813e-01   3.075804e-01
1     1.305906e+01   9.999999e-01   3.023086e-06   0.000000e+00   0.000000e+00   5.008077e-01   3.702504e-01   9.999984e-01   3.702493e-01   3.702482e-01
1     1.306909e+01   9.999999e-01   3.022672e-06   0.000000e+00   0.000000e+00   5.011265e-01   4.329269e-01   9.999984e-01   4.329257e-01   4.329244e-01
1     1.307912e+01   9.999999e-01   3.022199e-06   0.000000e+00   0.000000e+00   5.014358e-01   4.956132e-01   9.999984e-01   4.956117e-01   4.956103e-01
1     1.308914e+01   9.999999e-01   3.021668e-06   0.000000e+00   0.000000e+00   5.017341e-01   5.583103e-01   9.999984e-01   5.583087e-01   5.583071e-01
1     1.309917e+01   9.999999e-01   3.021082e-06   0.000000e+00   0.000000e+00   5.020203e-01   6.210194e-01   9.999984e-01   6.210177e-01   6.210159e-01
1     1.310919e+01   9.999999e-01   3.020441e-06   0.000000e+00   0.000000e+00   5.022933e-01   6.837419e-01   9.999984e-01   6.837399e-01   6.837380e-01
1     1.311922e+01   9.999999e-01   3.019749e-06   0.000000e+00   0.000000e+00   5.025519e-01   7.464786e-01   9.999984e-01   7.464766e-01   7.464745e-01
1     1.312925e+01   9.999999e-01   3.019007e-06   0.000000e+00   0.000000e+00   5.027951e-01   8.092308e-01   9.999984e-01   8.092286e-01   8.092265e-01
1     1.313927e+01   9.999999e-01   3.018219e-06   0.000000e+00   0.000000e+00   5.030218e-01   8.719994e-01   9.999984e-01   8.719971e-01   8.719948e-01
1     1.314930e+01   9.999999e-01   3.017387e-06   0.000000e+00   0.000000e+00   5.032311e-01   9.347854e-01   9.999984e-01   9.347830e-01   9.347806e-01
1     1.315932e+01   9.999999e-01   3.016514e-06   0.000000e+00   0.000000e+00   5.034222e-01   9.975896e-01   9.999984e-01   9.975871e-01   9.975846e-01
1     1.316935e+01   9.999999e-01   3.015604e-06   0.000000e+00   0.000000e+00   5.035942e-01   1.060413e+00   9.999984e-01   1.060410e+00   1.060408e+00
1     1.317938e+01   9.999999e-01   3.014659e-06   0.000000e+00   0.000000e+00   5.037465e-01   1.123256e+00   9.999984e-01   1.123253e+00   1.123250e+00
1     1.318940e+01   9.999999e-01   3.013685e-06   0.000000e+00   0.000000e+00   5.038784e-01   1.186119e+00   9.999984e-01   1.186116e+00   1.186114e+00
1     1.319943e+01   9.999999e-01   3.012685e-06   0.000000e+00   0.000000e+00   5.039893e-01   1.249003e+00   9.999984e-01   1.249001e+00   1.248998e+00
1     1.320945e+01   9.999999e-01   3.011662e-06   0.000000e+00   0.000000e+00   5.040789e-01   1.311909e+00   9.999984e-01   1.311906e+00   1.311903e+00
1     1.321948e+01   9.999999e-01   3.010621e-06   0.000000e+00   0.000000e+00   5.041468e-01   1.374836e+00   9.999984e-01   1.374833e+00   1.374831e+00
1     1.322951e+01   9.999999e-01   3.009566e-06   0.000000e+00   0.000000e+00   5.041926e-01   1.437786e+00   9.999984e-01   1.437783e+00   1.437780e+00
1     1.323953e+01   9.999999e-01   3.008502e-06   0.000000e+00   0.000000e+00   5.042161e-01   1.500757e+00   9.999984e-01   1.500754e+00   1.500751e+00
1     1.324956e+01   9.999999e-01   3.007433e-06   0.000000e+00   0.000000e+00   5.042172e-01   1.563751e+00   9.999984e-01   1.563748e+00   1.563745e+00
1     1.325958e+01   9.999999e-01   3.006362e-06   0.000000e+00   0.000000e+00   5.041957e-01   1.626768e+00   9.999984e-01   1.626765e+00   1.626762e+00
1     1.326961e+01   9.999999e-01   3.005296e-06   0.000000e+00   0.000000e+00   5.041518e-01   1.689807e+00   9.999984e-01   1.689804e+00   1.689801e+00
1     1.327964e+01   9.999999e-01   3.004239e-06   0.000000e+00   0.000000e+00   5.040854e-01   1.752868e+00   9.999984e-01   1.752865e+00   1.752863e+00
1     1.328966e+01   9.999999e-01   3.003194e-06   0.000000e+00   0.000000e+00   5.039969e-01   1.815952e+00   9.999984e-01   1.815949e+00   1.815946e+00
1     1.329969e+01   9.999999e-01   3.002167e-06   0.000000e+00   0.000000e+00   5.038866e-01   1.879057e+00   9.999984e-01   1.879054e+00   1.879052e+00
1     1.330971e+01   9.999999e-01   3.001162e-06   0.000000e+00   0.000000e+00   5.037550e-01   1.942184e+00   9.999984e-01   1.942181e+00   1.942178e+00
1     1.331974e+01   9.999999e-01   3.000183e-06   0.000000e+00   0.000000e+00   5.036026e-01   2.005331e+00   9.999984e-01   2.005329e+00   2.005326e+00
1     1.332977e+01   9.999999e-01   2.999235e-06   0.000000e+00   0.000000e+00   5.034303e-01   2.068499e+00   9.999984e-01   2.068496e+00   2.068493e+00
1     1.333979e+01   9.999999e-01   2.998320e-06   0.000000e+00   0.000000e+00   5.032389e-01   2.131685e+00   9.999984e-01   2.131682e+00   2.131680e+00
1     1.334982e+01   9.999999e-01   2.997443e-06   0.000000e+00   0.000000e+00   5.030293e-01   2.194890e+00   9.999984e-01   2.194887e+00   2.194885e+00
1     1.335984e+01   9.999999e-01   2.996608e-06   0.000000e+00   0.000000e+00   5.028025e-01   2.258111e+00   9.999984e-01   2.258109e+00   2.258107e+00
1     1.336987e+01   9.999999e-01   2.995816e-06   0.000000e+00   0.000000e+00   5.025597e-01   2.321349e+00   9.999984e-01   2.321347e+00   2.321345e+00
1     1.337990e+01   9.999999e-01   2.995071e-06   0.000000e+00   0.000000e+00   5.023023e-01   2.384601e+00   9.999984e-01   2.384599e+00   2.384597e+00
1     1.338992e+01   9.999999e-01   2.994374e-06   0.000000e+00   0.000000e+00   5.020316e-01   2.447867e+00   9.999984e-01   2.447865e+00   2.447863e+00
1     1.339995e+01   9.999999e-01   2.993726e-06   0.000000e+00   0.000000e+00   5.017489e-01   2.511145e+00   9.999984e-01   2.511143e+00   2.511141e+00
1     1.340997e+01   9.999999e-01   2.993129e-06   0.000000e+00   0.000000e+00   5.014553e-01   2.574433e+00   9.999984e-01   2.574431e+00   2.574430e+00
1     1.342000e+01   9.999999e-01   2.992584e-06   0.000000e+00   0.000000e+00   5.011518e-01   2.637731e+00   9.999984e-01   2.637730e+00   2.637728e+00
1     1.342877e+01   9.999999e-01   2.992151e-06   0.000000e+00   0.000000e+00   5.008790e-01   2.693125e+00   9.999984e-01   2.693123e+00   2.693122e+00
1     1.343880e+01   9.999999e-01   2.991706e-06   0.000000e+00   0.000000e+00   5.005596e-01   2.756439e+00   9.999984e-01   2.756438e+00   2.756437e+00
1     1.344882e+01   9.999999e-01   2.991319e-06   0.000000e+00   0.000000e+00   5.002332e-01   2.819760e+00   9.999984e-01   2.819759e+00   2.819758e+00
1     1.345885e+01   9.999999e-01   2.990989e-06   0.000000e+00   0.000000e+00   4.999006e-01   2.883087e+00   9.999984e-01   2.883087e+00   2.883086e+00
1     1.346888e+01   9.999999e-01   2.990720e-06   0.000000e+00   0.000000e+00   4.995631e-01   2.946420e+00   9.999984e-01   2.946419e+00   2.946418e+00
1     1.347890e+01   9.999999e-01   2.990511e-06   0.000000e+00   0.000000e+00   4.992216e-01   3.009756e+00   9.999984e-01   3.009755e+00   3.009755e+00
1     1.348893e+01   9.999999e-01   2.990366e-06   0.000000e+00   0.000000e+00   4.988775e-01   3.073095e+00   9.999984e-01   3.073095e+00   3.073094e+00
1     1.349895e+01   9.999999e-01   2.990285e-06   0.000000e+00   0.000000e+00   4.985318e-01   3.136435e+00   9.999984e-01   3.136435e+00   3.136435e+00
1     1.350898e+01   9.999999e-01   2.990269e-06   0.000000e+00   0.000000e+00   4.981860e-01   3.199776e+00   9.999984e-01   3.199776e+00   3.199776e+00
1     1.351901e+01   9.999999e-01   2.990319e-06   0.000000e+00   0.000000e+00   4.978414e-01   3.263115e+00   9.999984e-01   3.263115e+00   3.263116e+00
1     1.352903e+01   9.999999e-01   2.990435e-06   0.000000e+00   0.000000e+00   4.974992e-01   3.326452e+00   9.999984e-01   3.326452e+00   3.326453e+00
1     1.353906e+01   9.999999e-01   2.990617e-06   0.000000e+00   0.000000e+00   4.971610e-01   3.389785e+00   9.999984e-01   3.389786e+00   3.389786e+00
1     1.354908e+01   9.999999e-01   2.990865e-06   0.000000e+00   0.000000e+00   4.968281e-01   3.453113e+00   9.999984e-01   3.453113e+00   3.453114e+00
1     1.355911e+01   9.999999e-01   2.991178e-06   0.000000e+00   0.000000e+00   4.965019e-01   3.516433e+00   9.999984e-01   3.516435e+00   3.516436e+00
1     1.356914e+01   9.999999e-01   2.991557e-06   0.000000e+00   0.000000e+00   4.961838e-01   3.579746e+00   9.999984e-01   3.579748e+00   3.579749e+00
1     1.357916e+01   9.999999e-01   2.991998e-06   0.000000e+00   0.000000e+00   4.958751e-01   3.643050e+00   9.999984e-01   3.643051e+00   3.643053e+00
1     1.358919e+01   9.999999e-01   2.992502e-06   0.000000e+00   0.000000e+00   4.955773e-01   3.706342e+00   9.999984e-01   3.706344e+00   3.706345e+00
1     1.359921e+01   9.999999e-01   2.993065e-06   0.000000e+00   0.000000e+00   4.952916e-01   3.769623e+00   9.999984e-01   3.769624e+00   3.769626e+00
1     1.360924e+01   9.999999e-01   2.993686e-06   0.000000e+00   0.000000e+00   4.950192e-01   3.832890e+00   9.999984e-01   3.832892e+00   3.832894e+00
1     1.361927e+01   9.999999e-01   2.994363e-06   0.000000e+00   0.000000e+00   4.947614e-01   3.896142e+00   9.999984e-01   3.896145e+00   3.896147e+00
1     1.362929e+01   9.999999e-01   2.995092e-06   0.000000e+00   0.000000e+00   4.945192e-01   3.959379e+00   9.999984e-01   3.959382e+00   3.959384e+00
1     1.363932e+01   9.999999e-01   2.995871e-06   0.000000e+00   0.000000e+00   4.942938e-01   4.022600e+00   9.999984e-01   4.022602e+00   4.022604e+00
1     1.364934e+01   9.999999e-01   2.996697e-06   0.000000e+00   0.000000e+00   4.940862e-01   4.085802e+00   9.999984e-01   4.085804e+00   4.085807e+00
1     1.365937e+01   9.999999e-01   2.997567e-06   0.000000e+00   0.000000e+00   4.938973e-01   4.148986e+00   9.999984e-01   4.148988e+00   4.148991e+00
1     1.366940e+01   9.999999e-01   2.998476e-06   0.000000e+00   0.000000e+00   4.937279e-01   4.212150e+00   9.999984e-01   4.212153e+00   4.212155e+00
1     1.367942e+01   9.999999e-01   2.999422e-06   0.000000e+00   0.000000e+00   4.935786e-01   4.275294e+00   9.999984e-01   4.275297e+00   4.275300e+00
1     1.368945e+01   9.999999e-01   3.000399e-06   0.000000e+00   0.000000e+00   4.934502e-01   4.338418e+00   9.999984e-01   4.338420e+00   4.338423e+00
1     1.369947e+01   9.999999e-01   3.001405e-06   0.000000e+00   0.000000e+00   4.933431e-01   4.401520e+00   9.999984e-01   4.401523e+00   4.401525e+00
1     1.370950e+01   9.999999e-01   3.002434e-06   0.000000e+00   0.000000e+00   4.932576e-01   4.464600e+00   9.999984e-01   4.464603e+00   4.464606e+00
1     1.371953e+01   9.999999e-01   3.003483e-06   0.000000e+00   0.000000e+00   4.931941e-01   4.527659e+00   9.999984e-01   4.527662e+00   4.527665e+00
1     1.372955e+01   9.999999e-01   3.004547e-06   0.000000e+00   0.000000e+00   4.931526e-01   4.590695e+00   9.999984e-01   4.590698e+00   4.590701e+00
1     1.373958e+01   9.999999e-01   3.005622e-06   0.000000e+00   0.000000e+00   4.931333e-01   4.653710e+00   9.999984e-01   4.653713e+00   4.653716e+00
1     1.374960e+01   9.999999e-01   3.006703e-06   0.000000e+00   0.000000e+00   4.931361e-01   4.716702e+00   9.999984e-01   4.716705e+00   4.716708e+00
1     1.375963e+01   9.999999e-01   3.007788e-06   0.000000e+00   0.000000e+00   4.931610e-01   4.779672e+00   9.999984e-01   4.779675e+00   4.779678e+00
1     1.376966e+01   9.999999e-01   3.008871e-06   0.000000e+00   0.000000e+00   4.932079e-01   4.842620e+00   9.999984e-01   4.842623e+00   4.842626e+00
1     1.377968e+01   9.999999e-01   3.009948e-06   0.000000e+00   0.000000e+00   4.932766e-01   4.905547e+00   9.999984e-01   4.905550e+00   4.905553e+00
1     1.378971e+01   9.999999e-01   3.011016e-06   0.000000e+00   0.000000e+00   4.933670e-01   4.968452e+00   9.999984e-01   4.968455e+00   4.968457e+00
1     1.379973e+01   9.999999e-01   3.012070e-06   0.000000e+00   0.000000e+00   4.934790e-01   5.031335e+00   9.999984e-01   5.031338e+00   5.031341e+00
1     1.380976e+01   9.999999e-01   3.013106e-06   0.000000e+00   0.000000e+00   4.936121e-01   5.094197e+00   9.999984e-01   5.094200e+00   5.094203e+00
1     1.381979e+01   9.999999e-01   3.014120e-06   0.000000e+00   0.000000e+00   4.937661e-01   5.157038e+00   9.999984e-01   5.157041e+00   5.157044e+00
1     1.382981e+01   9.999999e-01   3.015108e-06   0.000000e+00   0.000000e+00   4.939407e-01   5.219859e+00   9.999984e-01   5.219862e+00   5.219864e+00
1     1.383984e+01   9.999999e-01   3.016065e-06   0.000000e+00   0.000000e+00   4.941352e-01   5.282660e+00   9.999984e-01   5.282662e+00   5.282665e+00
1     1.384986e+01   9.999999e-01   3.016988e-06   0.000000e+00   0.000000e+00   4.943492e-01   5.345441e+00   9.999984e-01   5.345444e+00   5.345446e+00
1     1.385989e+01   9.999999e-01   3.017872e-06   0.000000e+00   0.000000e+00   4.945820e-01   5.408204e+00   9.999984e-01   5.408206e+00   5.408208e+00
1     1.386991e+01   9.999999e-01   3.018714e-06   0.000000e+00   0.000000e+00   4.948328e-01   5.470948e+00   9.999984e-01   5.470951e+00   5.470953e+00
1     1.387994e+01   9.999999e-01   3.019509e-06   0.000000e+00   0.000000e+00   4.951008e-01   5.533676e+00   9.999984e-01   5.533678e+00   5.533680e+00
1     1.388997e+01   9.999999e-01   3.020253e-06   0.000000e+00   0.000000e+00   4.953851e-01   5.596387e+00   9.999984e-01   5.596389e+00   5.596391e+00
1     1.389999e+01   9.999999e-01   3.020944e-06   0.000000e+00   0.000000e+00   4.956846e-01   5.659083e+00   9.999984e-01   5.659085e+00   5.659087e+00
1     1.390877e+01   9.999999e-01   3.021502e-06   0.000000e+00   0.000000e+00   4.959582e-01   5.713930e+00   9.999984e-01   5.713932e+00   5.713934e+00
1     1.391879e+01   9.999999e-01   3.022082e-06   0.000000e+00   0.000000e+00   4.962832e-01   5.776601e+00   9.999984e-01   5.776602e+00   5.776604e+00
1     1.392882e+01   9.999999e-01   3.022600e-06   0.000000e+00   0.000000e+00   4.966198e-01   5.839260e+00   9.999984e-01   5.839261e+00   5.839262e+00
1     1.393884e+01   9.999999e-01   3.023052e-06   0.000000e+00   0.000000e+00   4.969669e-01   5.901908e+00   9.999984e-01   5.901909e+00   5.901910e+00
1     1.394887e+01   9.999999e-01   3.023435e-06   0.000000e+00   0.000000e+00   4.973229e-01   5.964548e+00   9.999984e-01   5.964548e+00   5.964549e+00
1     1.395890e+01   9.999999e-01   3.023748e-06   0.000000e+00   0.000000e+00   4.976864e-01   6.027180e+00   9.999984e-01   6.027180e+00   6.027181e+00
1     1.396892e+01   9.999999e-01   3.023989e-06   0.000000e+00   0.000000e+00   4.980557e-01   6.089806e+00   9.999984e-01   6.089806e+00   6.089807e+00
1     1.397895e+01   9.999999e-01   3.024156e-06   0.000000e+00   0.000000e+00   4.984292e-01   6.152428e+00   9.999984e-01   6.152428e+00   6.152429e+00
1     1.398897e+01   9.999999e-01   3.024248e-06   0.000000e+00   0.000000e+00   4.988052e-01   6.215047e+00   9.999984e-01   6.215047e+00   6.215048e+00
1     1.399900e+01   9.999999e-01   3.024264e-06   0.000000e+00   0.000000e+00   4.991821e-01   6.277666e+00   9.999984e-01   6.277666e+00   6.277666e+00
1     1.400903e+01   9.999999e-01   3.024205e-06   0.000000e+00   0.000000e+00   4.995582e-01   5.709996e-02   9.999984e-01   5.709978e-02   5.709961e-02
1     1.401905e+01   9.999999e-01   3.024071e-06   0.000000e+00   0.000000e+00   4.999316e-01   1.197220e-01   9.999984e-01   1.197216e-01   1.197213e-01
1     1.402908e+01   9.999999e-01   3.023861e-06   0.000000e+00   0.000000e+00   5.003008e-01   1.823483e-01   9.999984e-01   1.823478e-01   1.823472e-01
1     1.403910e+01   9.999999e-01   3.023577e-06   0.000000e+00   0.000000e+00   5.006639e-01   2.449806e-01   9.999984e-01   2.449799e-01   2.449791e-01
1     1.404913e+01   9.999999e-01   3.023221e-06   0.000000e+00   0.000000e+00   5.010195e-01   3.076205e-01   9.999984e-01   3.076196e-01   3.076187e-01
1     1.405916e+01   9.999999e-01   3.022795e-06   0.000000e+00   0.000000e+00   5.013658e-01   3.702697e-01   9.999984e-01   3.702686e-01   3.702675e-01
1     1.406918e+01   9.999999e-01   3.022300e-06   0.000000e+00   0.000000e+00   5.017013e-01   4.329296e-01   9.999984e-01   4.329283e-01   4.329270e-01
1     1.407921e+01   9.999999e-01   3.021739e-06   0.000000e+00   0.000000e+00   5.020246e-01   4.956017e-01   9.999984e-01   4.956002e-01   4.955988e-01
1     1.408923e+01   9.999999e-01   3.021115e-06   0.000000e+00   0.000000e+00   5.023343e-01   5.582874e-01   9.999984e-01   5.582858e-01   5.582842e-01
1     1.409926e+01   9.999999e-01   3.020432e-06   0.000000e+00   0.000000e+00   5.026290e-01   6.209881e-01   9.999984e-01   6.209863e-01   6.209846e-01
1     1.410928e+01   9.999999e-01   3.019692e-06   0.000000e+00   0.000000e+00   5.029076e-01   6.837049e-01   9.999984e-01   6.837030e-01   6.837011e-01
1     1.411931e+01   9.999999e-01   3.018900e-06   0.000000e+00   0.000000e+00   5.031688e-01   7.464390e-01   9.999984e-01   7.464370e-01   7.464349e-01
1     1.412934e+01   9.999999e-01   3.018059e-06   0.000000e+00   0.000000e+00   5.034117e-01   8.091914e-01   9.999984e-01   8.091892e-01   8.091871e-01
1     1.413936e+01   9.999999e-01   3.017174e-06   0.000000e+00   0.000000e+00   5.036353e-01   8.719631e-01   9.999984e-01   8.719608e-01   8.719585e-01
1     1.414939e+01   9.999999e-01   3.016248e-06   0.000000e+00   0.000000e+00   5.038388e-01   9.347549e-01   9.999984e-01   9.347525e-01   9.347501e-01
1     1.415941e+01   9.999999e-01   3.015286e-06   0.000000e+00   0.000000e+00   5.040214e-01   9.975676e-01   9.999984e-01   9.975651e-01   9.975626e-01
1     1.416944e+01   9.999999e-01   3.014292e-06   0.000000e+00   0.000000e+00   5.041824e-01   1.060402e+00   9.999984e-01   1.060399e+00   1.060397e+00
1     1.417947e+01   9.999999e-01   3.013271e-06   0.000000e+00   0.000000e+00   5.043213e-01   1.123258e+00   9.999984e-01   1.123256e+00   1.123253e+00
1     1.418949e+01   9.999999e-01   3.012227e-06   0.000000e+00   0.000000e+00   5.044373e-01   1.186137e+00   9.999984e-01   1.186135e+00   1.186132e+00
1     1.419952e+01   9.999999e-01   3.011166e-06   0.000000e+00   0.000000e+00   5.045301e-01   1.249040e+00   9.999984e-01   1.249037e+00   1.249034e+00
1     1.420954e+01   9.999999e-01   3.010091e-06   0.000000e+00   0.000000e+00   5.045994e-01   1.311966e+00   9.999984e-01   1.311963e+00   1.311960e+00
1     1.421957e+01   9.999999e-01   3.009008e-06   0.000000e+00   0.000000e+00   5.046448e-01   1.374916e+00   9.999984e-01   1.374913e+00   1.374910e+00
1     1.422960e+01   9.999999e-01   3.007921e-06   0.000000e+00   0.000000e+00   5.046662e-01   1.437889e+00   9.999984e-01   1.437886e+00   1.437883e+00
1     1.423962e+01   9.999999e-01   3.006835e-06   0.000000e+00   0.000000e+00   5.046636e-01   1.500887e+00   9.999984e-01   1.500884e+00   1.500881e+00
1     1.424965e+01   9.999999e-01   3.005754e-06   0.000000e+00   0.000000e+00   5.046369e-01   1.563909e+00   9.999984e-01   1.563906e+00   1.563903e+00
1     1.425967e+01   9.999999e-01   3.004685e-06   0.000000e+00   0.000000e+00   5.045863e-01   1.626954e+00   9.999984e-01   1.626951e+00   1.626948e+00
1     1.426970e+01   9.999999e-01   3.003630e-06   0.000000e+00   0.000000e+00   5.045121e-01   1.690024e+00   9.999984e-01   1.690021e+00   1.690018e+00
1     1.427973e+01   9.999999e-01   3.002596e-06   0.000000e+00   0.000000e+00   5.044147e-01   1.753116e+00   9.999984e-01   1.753113e+00   1.753110e+00
1     1.428975e+01   9.999999e-01   3.001585e-06   0.000000e+00   0.000000e+00   5.042948e-01   1.816231e+00   9.999984e-01   1.816228e+00   1.816225e+00
1     1.429978e+01   9.999999e-01   3.000602e-06   0.000000e+00   0.000000e+00   5.041530e-01   1.879368e+00   9.999984e-01   1.879365e+00   1.879362e+00
1     1.430980e+01   9.999999e-01   2.999652e-06   0.000000e+00   0.000000e+00   5.039901e-01   1.942525e+00   9.999984e-01   1.942523e+00   1.942520e+00
1     1.431983e+01   9.999999e-01   2.998737e-06   0.000000e+00   0.000000e+00   5.038070e-01   2.005703e+00   9.999984e-01   2.005701e+00   2.005698e+00
1     1.432986e+01   9.999999e-01   2.997861e-06   0.000000e+00   0.000000e+00   5.036047e-01   2.068901e+00   9.999984e-01   2.068898e+00   2.068895e+00
1     1.433988e+01   9.999999e-01   2.997028e-06   0.000000e+00   0.000000e+00   5.033842e-01   2.132116e+00   9.999984e-01   2.132114e+00   2.132111e+00
1     1.434991e+01   9.999999e-01   2.996239e-06   0.000000e+00   0.000000e+00   5.031466e-01   2.195349e+00   9.999984e-01   2.195346e+00   2.195344e+00
1     1.435993e+01   9.999999e-01   2.995497e-06   0.000000e+00   0.000000e+00   5.028930e-01   2.258597e+00   9.999984e-01   2.258595e+00   2.258592e+00
1     1.436996e+01   9.999999e-01   2.994805e-06   0.000000e+00   0.000000e+00   5.026246e-01   2.321860e+00   9.999984e-01   2.321858e+00   2.321856e+00
1     1.437999e+01   9.999999e-01   2.994164e-06   0.000000e+00   0.000000e+00   5.023425e-01   2.385137e+00   9.999984e-01   2.385135e+00   2.385133e+00
1     1.438876e+01   9.999999e-01   2.993647e-06   0.000000e+00   0.000000e+00   5.020854e-01   2.440515e+00   9.999984e-01   2.440513e+00   2.440511e+00
1     1.439878e+01   9.999999e-01   2.993107e-06   0.000000e+00   0.000000e+00   5.017809e-01   2.503814e+00   9.999984e-01   2.503812e+00   2.503811e+00
1     1.440881e+01   9.999999e-01   2.992623e-06   0.000000e+00   0.000000e+00   5.014662e-01   2.567124e+00   9.999984e-01   2.567122e+00   2.567120e+00
1     1.441884e+01   9.999999e-01   2.992196e-06   0.000000e+00   0.000000e+00   5.011424e-01   2.630442e+00   9.999984e-01   2.630441e+00   2.630439e+00
1     1.442886e+01   9.999999e-01   2.991826e-06   0.000000e+00   0.000000e+00   5.008109e-01   2.693768e+00   9.999984e-01   2.693767e+00   2.693766e+00
1     1.443889e+01   9.999999e-01   2.991514e-06   0.000000e+00   0.000000e+00   5.004727e-01   2.757101e+00   9.999984e-01   2.757100e+00   2.757099e+00
1     1.444891e+01   9.999999e-01   2.991260e-06   0.000000e+00   0.000000e+00   5.001290e-01   2.820440e+00   9.999984e-01   2.820439e+00   2.820438e+00
1     1.445894e+01   9.999999e-01   2.991065e-06   0.000000e+00   0.000000e+00   4.997811e-01   2.883783e+00   9.999984e-01   2.883782e+00   2.883781e+00
1     1.446897e+01   9.999999e-01   2.990929e-06   0.000000e+00   0.000000e+00   4.994300e-01   2.947128e+00   9.999984e-01   2.947128e+00   2.947127e+00
1     1.447899e+01   9.999999e-01   2.990852e-06   0.000000e+00   0.000000e+00   4.990769e-01   3.010476e+00   9.999984e-01   3.010476e+00   3.010475e+00
1     1.448902e+01   9.999999e-01   2.990833e-06   0.000000e+00   0.000000e+00   4.987228e-01   3.073825e+00   9.999984e-01   3.073825e+00   3.073825e+00
1     1.449904e+01   9.999999e-01   2.990873e-06   0.000000e+00   0.000000e+00   4.983690e-01   3.137174e+00   9.999984e-01   3.137174e+00   3.137174e+00
1     1.450907e+01   9.999999e-01   2.990971e-06   0.000000e+00   0.000000e+00   4.980164e-01   3.200521e+00   9.999984e-01   3.200521e+00   3.200521e+00
1     1.451910e+01   9.999999e-01   2.991126e-06   0.000000e+00   0.000000e+00   4.976661e-01   3.263866e+00   9.999984e-01   3.263866e+00   3.263867e+00
1     1.452912e+01   9.999999e-01   2.991338e-06   0.000000e+00   0.000000e+00   4.973193e-01   3.327208e+00   9.999984e-01   3.327208e+00   3.327209e+00
1     1.453915e+01   9.999999e-01   2.991608e-06   0.000000e+00   0.000000e+00   4.969771e-01   3.390545e+00   9.999984e-01   3.390545e+00   3.390546e+00
1     1.454917e+01   9.999999e-01   2.991934e-06   0.000000e+00   0.000000e+00   4.966406e-01   3.453876e+00   9.999984e-01   3.453877e+00   3.453878e+00
1     1.455920e+01   9.999999e-01   2.992318e-06   0.000000e+00   0.000000e+00   4.963109e-01   3.517200e+00   9.999984e-01   3.517202e+00   3.517203e+00
1     1.456923e+01   9.999999e-01   2.992757e-06   0.000000e+00   0.000000e+00   4.959892e-01   3.580517e+00   9.999984e-01   3.580518e+00   3.580520e+00
1     1.457925e+01   9.999999e-01   2.993252e-06   0.000000e+00   0.000000e+00   4.956767e-01   3.643824e+00   9.999984e-01   3.643826e+00   3.643827e+00
1     1.458928e+01   9.999999e-01   2.993801e-06   0.000000e+00   0.000000e+00   4.953746e-01   3.707121e+00   9.999984e-01   3.707123e+00   3.707124e+00
1     1.459930e+01   9.999999e-01   2.994404e-06   0.000000e+00   0.000000e+00   4.950840e-01   3.770407e+00   9.999984e-01   3.770408e+00   3.770410e+00
1     1.460933e+01   9.999999e-01   2.995059e-06   0.000000e+00   0.000000e+00   4.948062e-01   3.833679e+00   9.999984e-01   3.833681e+00   3.833683e+00
1     1.461936e+01   9.999999e-01   2.995765e-06   0.000000e+00   0.000000e+00   4.945424e-01   3.896938e+00   9.999984e-01   3.896940e+00   3.896942e+00
1     1.462938e+01   9.999999e-01   2.996518e-06   0.000000e+00   0.000000e+00   4.942938e-01   3.960181e+00   9.999984e-01   3.960184e+00   3.960186e+00
1     1.463941e+01   9.999999e-01   2.997318e-06   0.000000e+00   0.000000e+00   4.940614e-01   4.023409e+00   9.999984e-01   4.023411e+00   4.023413e+00
1     1.464943e+01   9.999999e-01   2.998162e-06   0.000000e+00   0.000000e+00   4.938465e-01   4.086618e+00   9.999984e-01   4.086621e+00   4.086623e+00
1     1.465946e+01   9.999999e-01   2.999046e-06   0.000000e+00   0.000000e+00   4.936500e-01   4.149810e+00   9.999984e-01   4.149812e+00   4.149815e+00
1     1.466949e+01   9.999999e-01   2.999967e-06   0.000000e+00   0.000000e+00   4.934730e-01   4.212982e+00   9.999984e-01   4.212984e+00   4.212987e+00
1     1.467951e+01   9.999999e-01   3.000922e-06   0.000000e+00   0.000000e+00   4.933165e-01   4.276133e+00   9.999984e-01   4.276136e+00   4.276139e+00
1     1.468954e+01   9.999999e-01   3.001908e-06   0.000000e+00   0.000000e+00   4.931812e-01   4.339263e+00   9.999984e-01   4.339266e+00   4.339269e+00
1     1.469956e+01   9.999999e-01   3.002920e-06   0.000000e+00   0.000000e+00   4.930680e-01   4.402372e+00   9.999984e-01   4.402374e+00   4.402377e+00
1     1.470959e+01   9.999999e-01   3.003953e-06   0.000000e+00   0.000000e+00   4.929774e-01   4.465457e+00   9.999984e-01   4.465460e+00   4.465463e+00
1     1.471962e+01   9.999999e-01   3.005004e-06   0.000000e+00   0.000000e+00   4.929102e-01   4.528519e+00   9.999984e-01   4.528522e+00   4.528525e+00
1     1.472964e+01   9.999999e-01   3.006069e-06   0.000000e+00   0.000000e+00   4.928668e-01   4.591558e+00   9.999984e-01   4.591561e+00   4.591564e+00
1     1.473967e+01   9.999999e-01   3.007141e-06   0.000000e+00   0.000000e+00   4.928474e-01   4.654572e+00   9.999984e-01   4.654575e+00   4.654578e+00
1     1.474969e+01   9.999999e-01   3.008217e-06   0.000000e+00   0.000000e+00   4.928523e-01   4.717562e+00   9.999984e-01   4.717565e+00   4.717568e+00
1     1.475972e+01   9.999999e-01   3.009292e-06   0.000000e+00   0.000000e+00   4.928816e-01   4.780528e+00   9.999984e-01   4.780531e+00   4.780534e+00
1     1.476975e+01   9.999999e-01   3.010360e-06   0.000000e+00   0.000000e+00   4.929351e-01   4.843469e+00   9.999984e-01   4.843472e+00   4.843475e+00
1     1.477977e+01   9.999999e-01   3.011417e-06   0.000000e+00   0.000000e+00   4.930128e-01   4.906387e+00   9.999984e-01   4.906390e+00   4.906393e+00
1     1.478980e+01   9.999999e-01   3.012457e-06   0.000000e+00   0.000000e+00   4.931141e-01   4.969281e+00   9.999984e-01   4.969284e+00   4.969286e+00
1     1.479982e+01   9.999999e-01   3.013477e-06   0.000000e+00   0.000000e+00   4.932387e-01   5.032151e+00   9.999984e-01   5.032154e+00   5.032157e+00
1     1.480985e+01   9.999999e-01   3.014471e-06   0.000000e+00   0.000000e+00   4.933859e-01   5.094999e+00   9.999984e-01   5.095002e+00   5.095005e+00
1     1.481987e+01   9.999999e-01   3.015436e-06   0.000000e+00   0.000000e+00   4.935550e-01   5.157825e+00   9.999984e-01   5.157828e+00   5.157831e+00
1     1.482990e+01   9.999999e-01   3.016366e-06   0.000000e+00   0.000000e+00   4.937452e-01   5.220630e+00   9.999984e-01   5.220633e+00   5.220636e+00
1     1.483993e+01   9.999999e-01   3.017257e-06   0.000000e+00   0.000000e+00   4.939555e-01   5.283415e+00   9.999984e-01   5.283418e+00   5.283420e+00
1     1.484995e+01   9.999999e-01   3.018107e-06   0.000000e+00   0.000000e+00   4.941851e-01   5.346181e+00   9.999984e-01   5.346183e+00   5.346186e+00
1     1.485998e+01   9.999999e-01   3.018910e-06   0.000000e+00   0.000000e+00   4.944326e-01   5.408929e+00   9.999984e-01   5.408931e+00   5.408933e+00
1     1.486875e+01   9.999999e-01   3.019573e-06   0.000000e+00   0.000000e+00   4.946632e-01   5.463819e+00   9.999984e-01   5.463821e+00   5.463823e+00
1     1.487878e+01   9.999999e-01   3.020282e-06   0.000000e+00   0.000000e+00   4.949416e-01   5.526536e+00   9.999984e-01   5.526538e+00   5.526540e+00
1     1.488880e+01   9.999999e-01   3.020936e-06   0.000000e+00   0.000000e+00   4.952345e-01   5.589238e+00   9.999984e-01   5.589240e+00   5.589242e+00
1     1.489883e+01   9.999999e-01   3.021532e-06   0.000000e+00   0.000000e+00   4.955409e-01   5.651927e+00   9.999984e-01   5.651929e+00   5.651931e+00
1     1.490886e+01   9.999999e-01   3.022069e-06   0.000000e+00   0.000000e+00   4.958592e-01   5.714604e+00   9.999984e-01   5.714606e+00   5.714608e+00
1     1.491888e+01   9.999999e-01   3.022544e-06   0.000000e+00   0.000000e+00   4.961882e-01   5.777271e+00   9.999984e-01   5.777272e+00   5.777274e+00
1     1.492891e+01   9.999999e-01   3.022954e-06   0.000000e+00   0.000000e+00   4.965264e-01   5.839928e+00   9.999984e-01   5.839929e+00   5.839931e+00
1     1.493893e+01   9.999999e-01   3.023300e-06   0.000000e+00   0.000000e+00   4.968725e-01   5.902577e+00   9.999984e-01   5.902578e+00   5.902580e+00
1     1.494896e+01   9.999999e-01   3.023578e-06   0.000000e+00   0.000000e+00   4.972250e-01   5.965220e+00   9.999984e-01   5.965221e+00   5.965222e+00
1     1.495899e+01   9.999999e-01   3.023789e-06   0.000000e+00   0.000000e+00   4.975826e-01   6.027858e+00   9.999984e-01   6.027859e+00   6.027860e+00
1     1.496901e+01   9.999999e-01   3.023931e-06   0.000000e+00   0.000000e+00   4.979438e-01   6.090493e+00   9.999984e-01   6.090493e+00   6.090494e+00
1     1.497904e+01   9.999999e-01   3.024004e-06   0.000000e+00   0.000000e+00   4.983071e-01   6.153125e+00   9.999984e-01   6.153125e+00   6.153126e+00
1     1.498906e+01   9.999999e-01   3.024007e-06   0.000000e+00   0.000000e+00   4.986711e-01   6.215756e+00   9.999984e-01   6.215756e+00   6.215757e+00
1     1.499909e+01   9.999999e-01   3.023940e-06   0.000000e+00   0.000000e+00   4.990343e-01   6.278388e+00   9.999984e-01   6.278388e+00   6.278388e+00
1     1.500912e+01   9.999999e-01   3.023804e-06   0.000000e+00   0.000000e+00   4.993955e-01   5.783753e-02   9.999984e-01   5.783736e-02   5.783718e-02
1     1.501914e+01   9.999999e-01   3.023599e-06   0.000000e+00   0.000000e+00   4.997530e-01   1.204755e-01   9.999984e-01   1.204751e-01   1.204747e-01
1     1.502917e+01   9.999999e-01   3.023325e-06   0.000000e+00   0.000000e+00   5.001056e-01   1.831184e-01   9.999984e-01   1.831178e-01   1.831173e-01
1     1.503919e+01   9.999999e-01   3.022984e-06   0.000000e+00   0.000000e+00   5.004519e-01   2.457676e-01   9.999984e-01   2.457669e-01   2.457662e-01
1     1.504922e+01   9.999999e-01   3.022576e-06   0.000000e+00   0.000000e+00   5.007904e-01   3.084246e-01   9.999984e-01   3.084237e-01   3.084228e-01
1     1.505924e+01   9.999999e-01   3.022104e-06   0.000000e+00   0.000000e+00   5.011198e-01   3.710907e-01   9.999984e-01   3.710896e-01   3.710885e-01
1     1.506927e+01   9.999999e-01   3.021567e-06   0.000000e+00   0.000000e+00   5.014388e-01   4.337672e-01   9.999984e-01   4.337660e-01   4.337647e-01
1     1.507930e+01   9.999999e-01   3.020969e-06   0.000000e+00   0.000000e+00   5.017460e-01   4.964554e-01   9.999984e-01   4.964540e-01   4.964525e-01
1     1.508932e+01   9.999999e-01   3.020312e-06   0.000000e+00   0.000000e+00   5.020403e-01   5.591565e-01   9.999984e-01   5.591549e-01   5.591533e-01
1     1.509935e+01   9.999999e-01   3.019598e-06   0.000000e+00   0.000000e+00   5.023205e-01   6.218718e-01   9.999984e-01   6.218701e-01   6.218683e-01
1     1.510937e+01   9.999999e-01   3.018830e-06   0.000000e+00   0.000000e+00   5.025853e-01   6.846024e-01   9.999984e-01   6.846005e-01   6.845986e-01
1     1.511940e+01   9.999999e-01   3.018011e-06   0.000000e+00   0.000000e+00   5.028337e-01   7.473494e-01   9.999984e-01   7.473473e-01   7.473453e-01
1     1.512943e+01   9.999999e-01   3.017143e-06   0.000000e+00   0.000000e+00   5.030647e-01   8.101138e-01   9.999984e-01   8.101116e-01   8.101094e-01
1     1.513945e+01   9.999999e-01   3.016230e-06   0.000000e+00   0.000000e+00   5.032772e-01   8.728966e-01   9.999984e-01   8.728943e-01   8.728919e-01
1     1.514948e+01   9.999999e-01   3.015276e-06   0.000000e+00   0.000000e+00   5.034705e-01   9.356987e-01   9.999984e-01   9.356962e-01   9.356938e-01
1     1.515950e+01   9.999999e-01   3.014284e-06   0.000000e+00   0.000000e+00   5.036436e-01   9.985208e-01   9.999984e-01   9.985183e-01   9.985158e-01
1     1.516953e+01   9.999999e-01   3.013259e-06   0.000000e+00   0.000000e+00   5.037958e-01   1.061364e+00   9.999984e-01   1.061361e+00   1.061359e+00
1     1.517956e+01   9.999999e-01   3.012204e-06   0.000000e+00   0.000000e+00   5.039265e-01   1.124228e+00   9.999984e-01   1.124226e+00   1.124223e+00
1     1.518958e+01   9.999999e-01   3.011123e-06   0.000000e+00   0.000000e+00   5.040351e-01   1.187115e+00   9.999984e-01   1.187112e+00   1.187109e+00
1     1.519961e+01   9.999999e-01   3.010022e-06   0.000000e+00   0.000000e+00   5.041211e-01   1.250024e+00   9.999984e-01   1.250021e+00   1.250018e+00
1     1.520963e+01   9.999999e-01   3.008903e-06   0.000000e+00   0.000000e+00   5.041841e-01   1.312956e+00   9.999984e-01   1.312953e+00   1.312951e+00
1     1.521966e+01   9.999999e-01   3.007772e-06   0.000000e+00   0.000000e+00   5.042237e-01   1.375912e+00   9.999984e-01   1.375909e+00   1.375906e+00
1     1.522969e+01   9.999999e-01   3.006632e-06   0.000000e+00   0.000000e+00   5.042398e-01   1.438891e+00   9.999984e-01   1.438888e+00   1.438885e+00
1     1.523971e+01   9.999999e-01   3.005490e-06   0.000000e+00   0.000000e+00   5.042321e-01   1.501894e+00   9.999984e-01   1.501891e+00   1.501888e+00
1     1.524974e+01   9.999999e-01   3.004348e-06   0.000000e+00   0.000000e+00   5.042007e-01   1.564920e+00   9.999984e-01   1.564917e+00   1.564914e+00
1     1.525976e+01   9.999999e-01   3.003213e-06   0.000000e+00   0.000000e+00   5.041455e-01   1.627970e+00   9.999984e-01   1.627967e+00   1.627964e+00
1     1.526979e+01   9.999999e-01   3.002087e-06   0.000000e+00   0.000000e+00   5.040666e-01   1.691044e+00   9.999983e-01   1.691041e+00   1.691038e+00
1     1.527982e+01   9.999999e-01   3.000977e-06   0.000000e+00   0.000000e+00   5.039644e-01   1.754142e+00   9.999983e-01   1.754139e+00   1.754136e+00
1     1.528984e+01   9.999999e-01   2.999886e-06   0.000000e+00   0.000000e+00   5.038390e-01   1.817262e+00   9.999983e-01   1.817259e+00   1.817256e+00
1     1.529987e+01   9.999999e-01   2.998819e-06   0.000000e+00   0.000000e+00   5.036908e-01   1.880405e+00   9.999983e-01   1.880402e+00   1.880399e+00
1     1.530989e+01   9.999999e-01   2.997781e-06   0.000000e+00   0.000000e+00   5.035204e-01   1.943570e+00   9.999983e-01   1.943568e+00   1.943565e+00
1     1.531992e+01   9.999999e-01   2.996776e-06   0.000000e+00   0.000000e+00   5.033283e-01   2.006757e+00   9.999983e-01   2.006755e+00   2.006752e+00
1     1.532995e+01   9.999999e-01   2.995808e-06   0.000000e+00   0.000000e+00   5.031150e-01   2.069966e+00   9.999983e-01   2.069963e+00   2.069960e+00
1     1.533997e+01   9.999999e-01   2.994882e-06   0.000000e+00   0.000000e+00   5.028814e-01   2.133194e+00   9.999983e-01   2.133192e+00   2.133189e+00
1     1.535000e+01   9.999999e-01   2.994001e-06   0.000000e+00   0.000000e+00   5.026283e-01   2.196442e+00   9.999983e-01   2.196440e+00   2.196437e+00
1     1.535877e+01   9.999999e-01   2.993272e-06   0.000000e+00   0.000000e+00   5.023916e-01   2.251799e+00   9.999983e-01   2.251797e+00   2.251795e+00
1     1.536880e+01   9.999999e-01   2.992488e-06   0.000000e+00   0.000000e+00   5.021044e-01   2.315081e+00   9.999983e-01   2.315079e+00   2.315077e+00
1     1.537882e+01   9.999999e-01   2.991761e-06   0.000000e+00   0.000000e+00   5.018006e-01   2.378380e+00   9.999983e-01   2.378378e+00   2.378376e+00
1     1.538885e+01   9.999999e-01   2.991095e-06   0.000000e+00   0.000000e+00   5.014814e-01   2.441694e+00   9.999983e-01   2.441692e+00   2.441690e+00
1     1.539887e+01   9.999999e-01   2.990492e-06   0.000000e+00   0.000000e+00   5.011479e-01   2.505022e+00   9.999983e-01   2.505020e+00   2.505019e+00
1     1.540890e+01   9.999999e-01   2.989957e-06   0.000000e+00   0.000000e+00   5.008016e-01   2.568363e+00   9.999983e-01   2.568362e+00   2.568360e+00
1     1.541893e+01   9.999999e-01   2.989491e-06   0.000000e+00   0.000000e+00   5.004439e-01   2.631716e+00   9.999983e-01   2.631714e+00   2.631713e+00
1     1.542895e+01   9.999999e-01   2.989098e-06   0.000000e+00   0.000000e+00   5.000763e-01   2.695078e+00   9.999983e-01   2.695077e+00   2.695076e+00
1     1.543898e+01   9.999999e-01   2.988781e-06   0.000000e+00   0.000000e+00   4.997003e-01   2.758449e+00   9.999983e-01   2.758448e+00   2.758447e+00
1     1.544900e+01   9.999999e-01   2.988540e-06   0.000000e+00   0.000000e+00   4.993177e-01   2.821826e+00   9.999983e-01   2.821825e+00   2.821824e+00
1     1.545903e+01   9.999999e-01   2.988377e-06   0.000000e+00   0.000000e+00   4.989300e-01   2.885209e+00   9.999983e-01   2.885208e+00   2.885207e+00
1     1.546906e+01   9.999999e-01   2.988295e-06   0.000000e+00   0.000000e+00   4.985392e-01   2.948594e+00   9.999983e-01   2.948594e+00   2.948593e+00
1     1.547908e+01   9.999999e-01   2.988294e-06   0.000000e+00   0.000000e+00   4.981470e-01   3.011981e+00   9.999983e-01   3.011981e+00   3.011980e+00
1     1.548911e+01   9.999999e-01   2.988374e-06   0.000000e+00   0.000000e+00   4.977553e-01   3.075368e+00   9.999983e-01   3.075367e+00   3.075367e+00
1     1.549913e+01   9.999999e-01   2.988536e-06   0.000000e+00   0.000000e+00   4.973659e-01   3.138752e+00   9.999983e-01   3.138752e+00   3.138752e+00
1     1.550916e+01   9.999999e-01   2.988779e-06   0.000000e+00   0.000000e+00   4.969806e-01   3.202132e+00   9.999983e-01   3.202132e+00   3.202132e+00
1     1.551919e+01   9.999999e-01   2.989103e-06   0.000000e+00   0.000000e+00   4.966015e-01   3.265506e+00   9.999983e-01   3.265506e+00   3.265506e+00
1     1.552921e+01   9.999999e-01   2.989505e-06   0.000000e+00   0.000000e+00   4.962304e-01   3.328871e+00   9.999983e-01   3.328872e+00   3.328873e+00
1     1.553924e+01   9.999999e-01   2.989986e-06   0.000000e+00   0.000000e+00   4.958690e-01   3.392228e+00   9.999983e-01   3.392228e+00   3.392229e+00
1     1.554926e+01   9.999999e-01   2.990542e-06   0.000000e+00   0.000000e+00   4.955192e-01   3.455572e+00   9.999983e-01   3.455573e+00   3.455574e+00
1     1.555929e+01   9.999999e-01   2.991170e-06   0.000000e+00   0.000000e+00   4.951828e-01   3.518903e+00   9.999983e-01   3.518904e+00   3.518905e+00
1     1.556932e+01   9.999999e-01   2.991869e-06   0.000000e+00   0.000000e+00   4.948612e-01   3.582220e+00   9.999983e-01   3.582221e+00   3.582222e+00
1     1.557934e+01   9.999999e-01   2.992634e-06   0.000000e+00   0.000000e+00   4.945562e-01   3.645519e+00   9.999983e-01   3.645521e+00   3.645522e+00
1     1.558937e+01   9.999999e-01   2.993462e-06   0.000000e+00   0.000000e+00   4.942692e-01   3.708801e+00   9.999983e-01   3.708803e+00   3.708804e+00
1     1.559939e+01   9.999999e-01   2.994349e-06   0.000000e+00   0.000000e+00   4.940014e-01   3.772064e+00   9.999983e-01   3.772065e+00   3.772067e+00
1     1.560942e+01   9.999999e-01   2.995289e-06   0.000000e+00   0.000000e+00   4.937542e-01   3.835306e+00   9.999983e-01   3.835308e+00   3.835309e+00
1     1.561945e+01   9.999999e-01   2.996280e-06   0.000000e+00   0.000000e+00   4.935286e-01   3.898526e+00   9.999983e-01   3.898528e+00   3.898530e+00
1     1.562947e+01   9.999999e-01   2.997314e-06   0.000000e+00   0.000000e+00   4.933255e-01   3.961724e+00   9.999983e-01   3.961726e+00   3.961728e+00
1     1.563950e+01   9.999999e-01   2.998389e-06   0.000000e+00   0.000000e+00   4.931458e-01   4.024898e+00   9.999983e-01   4.024901e+00   4.024903e+00
1     1.564952e+01   9.999999e-01   2.999498e-06   0.000000e+00   0.000000e+00   4.929901e-01   4.088049e+00   9.999983e-01   4.088051e+00   4.088054e+00
1     1.565955e+01   9.999999e-01   3.000635e-06   0.000000e+00   0.000000e+00   4.928590e-01   4.151175e+00   9.999983e-01   4.151177e+00   4.151180e+00
1     1.566958e+01   9.999999e-01   3.001797e-06   0.000000e+00   0.000000e+00   4.927527e-01   4.214276e+00   9.999983e-01   4.214279e+00   4.214281e+00
1     1.567960e+01   9.999999e-01   3.002977e-06   0.000000e+00   0.000000e+00   4.926716e-01   4.277352e+00   9.999983e-01   4.277355e+00   4.277358e+00
1     1.568963e+01   9.999999e-01   3.004170e-06   0.000000e+00   0.000000e+00   4.926158e-01   4.340403e+00   9.999983e-01   4.340406e+00   4.340409e+00
1     1.569965e+01   9.999999e-01   3.005372e-06   0.000000e+00   0.000000e+00   4.925851e-01   4.403429e+00   9.999983e-01   4.403431e+00   4.403434e+00
1     1.570968e+01   9.999999e-01   3.006575e-06   0.000000e+00   0.000000e+00   4.925795e-01   4.466429e+00   9.999983e-01   4.466432e+00   4.466435e+00
1     1.571971e+01   9.999999e-01   3.007777e-06   0.000000e+00   0.000000e+00   4.925988e-01   4.529405e+00   9.999983e-01   4.529408e+00   4.529411e+00
1     1.572973e+01   9.999999e-01   3.008972e-06   0.000000e+00   0.000000e+00   4.926425e-01   4.592356e+00   9.999983e-01   4.592359e+00   4.592362e+00
1     1.573976e+01   9.999999e-01   3.010155e-06   0.000000e+00   0.000000e+00   4.927101e-01   4.655284e+00   9.999983e-01   4.655287e+00   4.655290e+00
1     1.574978e+01   9.999999e-01   3.011321e-06   0.000000e+00   0.000000e+00   4.928012e-01   4.718188e+00   9.999983e-01   4.718191e+00   4.718194e+00
1     1.575981e+01   9.999999e-01   3.012468e-06   0.000000e+00   0.000000e+00   4.929151e-01   4.781069e+00   9.999983e-01   4.781072e+00   4.781075e+00
1     1.576983e+01   9.999999e-01   3.013589e-06   0.000000e+00   0.000000e+00   4.930511e-01   4.843928e+00   9.999983e-01   4.843931e+00   4.843934e+00
1     1.577986e+01   9.999999e-01   3.014682e-06   0.000000e+00   0.000000e+00   4.932084e-01   4.906766e+00   9.999983e-01   4.906769e+00   4.906772e+00
1     1.578989e+01   9.999999e-01   3.015742e-06   0.000000e+00   0.000000e+00   4.933863e-01   4.969583e+00   9.999983e-01   4.969586e+00   4.969589e+00
1     1.579991e+01   9.999999e-01   3.016767e-06   0.000000e+00   0.000000e+00   4.935838e-01   5.032381e+00   9.999983e-01   5.032384e+00   5.032386e+00
1     1.580994e+01   9.999999e-01   3.017753e-06   0.000000e+00   0.000000e+00   4.938002e-01   5.095160e+00   9.999983e-01   5.095162e+00   5.095165e+00
1     1.581996e+01   9.999999e-01   3.018697e-06   0.000000e+00   0.000000e+00   4.940344e-01   5.157921e+00   9.999983e-01   5.157923e+00   5.157926e+00
1     1.582999e+01   9.999999e-01   3.019595e-06   0.000000e+00   0.000000e+00   4.942856e-01   5.220665e+00   9.999983e-01   5.220667e+00   5.220670e+00
1     1.583876e+01   9.999999e-01   3.020342e-06   0.000000e+00   0.000000e+00   4.945185e-01   5.275553e+00   9.999983e-01   5.275555e+00   5.275558e+00
1     1.584879e+01   9.999999e-01   3.021149e-06   0.000000e+00   0.000000e+00   4.947987e-01   5.338268e+00   9.999983e-01   5.338270e+00   5.338273e+00
1     1.585882e+01   9.999999e-01   3.021903e-06   0.000000e+00   0.000000e+00   4.950931e-01   5.400969e+00   9.999983e-01   5.400971e+00   5.400973e+00
1     1.586884e+01   9.999999e-01   3.022602e-06   0.000000e+00   0.000000e+00   4.954004e-01   5.463657e+00   9.999983e-01   5.463659e+00   5.463661e+00
1     1.587887e+01   9.999999e-01   3.023245e-06   0.000000e+00   0.000000e+00   4.957197e-01   5.526333e+00   9.999983e-01   5.526335e+00   5.526337e+00
1     1.588889e+01   9.999999e-01   3.023828e-06   0.000000e+00   0.000000e+00   4.960498e-01   5.588998e+00   9.999983e-01   5.589000e+00   5.589002e+00
1     1.589892e+01   9.999999e-01   3.024351e-06   0.000000e+00   0.000000e+00   4.963896e-01   5.651654e+00   9.999983e-01   5.651655e+00   5.651657e+00
1     1.590895e+01   9.999999e-01   3.024811e-06   0.000000e+00   0.000000e+00   4.967380e-01   5.714301e+00   9.999983e-01   5.714302e+00   5.714304e+00
1     1.591897e+01   9.999999e-01   3.025207e-06   0.000000e+00   0.000000e+00   4.970939e-01   5.776940e+00   9.999983e-01   5.776942e+00   5.776943e+00
1     1.592900e+01   9.999999e-01   3.025539e-06   0.000000e+00   0.000000e+00   4.974559e-01   5.839574e+00   9.999983e-01   5.839575e+00   5.839576e+00
1     1.593902e+01   9.999999e-01   3.025804e-06   0.000000e+00   0.000000e+00   4.978229e-01   5.902202e+00   9.999983e-01   5.902203e+00   5.902204e+00
1     1.594905e+01   9.999999e-01   3.026002e-06   0.000000e+00   0.000000e+00   4.981937e-01   5.964827e+00   9.999983e-01   5.964828e+00   5.964828e+00
1     1.595907e+01   9.999999e-01   3.026133e-06   0.000000e+00   0.000000e+00   4.985670e-01   6.027449e+00   9.999983e-01   6.027450e+00   6.027450e+00
1     1.596910e+01   9.999999e-01   3.026196e-06   0.000000e+00   0.000000e+00   4.989414e-01   6.090070e+00   9.999983e-01   6.090070e+00   6.090071e+00
1     1.597913e+01   9.999999e-01   3.026190e-06   0.000000e+00   0.000000e+00   4.993158e-01   6.152691e+00   9.999983e-01   6.152691e+00   6.152692e+00
1     1.598915e+01   9.999999e-01   3.026117e-06   0.000000e+00   0.000000e+00   4.996889e-01   6.215313e+00   9.999983e-01   6.215313e+00   6.215314e+00
1     1.599918e+01   9.999999e-01   3.025976e-06   0.000000e+00   0.000000e+00   5.000592e-01   6.277938e+00   9.999983e-01   6.277938e+00   6.277938e+00
1     1.600920e+01   9.999999e-01   3.025769e-06   0.000000e+00   0.000000e+00   5.004256e-01   5.738186e-02   9.999983e-01   5.738169e-02   5.738152e-02
1     1.601923e+01   9.999999e-01   3.025495e-06   0.000000e+00   0.000000e+00   5.007869e-01   1.200161e-01   9.999983e-01   1.200157e-01   1.200153e-01
1     1.602926e+01   9.999999e-01   3.025157e-06   0.000000e+00   0.000000e+00   5.011416e-01   1.826567e-01   9.999983e-01   1.826562e-01   1.826556e-01
1     1.603928e+01   9.999999e-01   3.024755e-06   0.000000e+00   0.000000e+00   5.014887e-01   2.453051e-01   9.999983e-01   2.453044e-01   2.453036e-01
1     1.604931e+01   9.999999e-01   3.024291e-06   0.000000e+00   0.000000e+00   5.018269e-01   3.079623e-01   9.999983e-01   3.079614e-01   3.079605e-01
1     1.605933e+01   9.999999e-01   3.023767e-06   0.000000e+00   0.000000e+00   5.021550e-01   3.706296e-01   9.999983e-01   3.706285e-01   3.706274e-01
1     1.606936e+01   9.999999e-01   3.023184e-06   0.000000e+00   0.000000e+00   5.024719e-01   4.333080e-01   9.999983e-01   4.333068e-01   4.333055e-01
1     1.607939e+01   9.999999e-01   3.022546e-06   0.000000e+00   0.000000e+00   5.027766e-01   4.959987e-01   9.999983e-01   4.959973e-01   4.959959e-01
1     1.608941e+01   9.999999e-01   3.021853e-06   0.000000e+00   0.000000e+00   5.030680e-01   5.587028e-01   9.999983e-01   5.587012e-01   5.586996e-01
1     1.609944e+01   9.999999e-01   3.021109e-06   0.000000e+00   0.000000e+00   5.033451e-01   6.214211e-01   9.999983e-01   6.214193e-01   6.214176e-01
1     1.610946e+01   9.999999e-01   3.020317e-06   0.000000e+00   0.000000e+00   5.036069e-01   6.841546e-01   9.999983e-01   6.841527e-01   6.841508e-01
1     1.611949e+01   9.999999e-01   3.019479e-06   0.000000e+00   0.000000e+00   5.038526e-01   7.469043e-01   9.999983e-01   7.469023e-01   7.469002e-01
1     1.612952e+01   9.999999e-01   3.018598e-06   0.000000e+00   0.000000e+00   5.040813e-01   8.096710e-01   9.999983e-01   8.096688e-01   8.096666e-01
1     1.613954e+01   9.999999e-01   3.017678e-06   0.000000e+00   0.000000e+00   5.042922e-01   8.724553e-01   9.999983e-01   8.724530e-01   8.724507e-01
1     1.614957e+01   9.999999e-01   3.016721e-06   0.000000e+00   0.000000e+00   5.044847e-01   9.352582e-01   9.999983e-01   9.352557e-01   9.352533e-01
1     1.615959e+01   9.999999e-01   3.015731e-06   0.000000e+00   0.000000e+00   5.046581e-01   9.980801e-01   9.999983e-01   9.980776e-01   9.980750e-01
1     1.616962e+01   9.999999e-01   3.014712e-06   0.000000e+00   0.000000e+00   5.048117e-01   1.060922e+00   9.999983e-01   1.060919e+00   1.060916e+00
1     1.617965e+01   9.999999e-01   3.013667e-06   0.000000e+00   0.000000e+00   5.049451e-01   1.123784e+00   9.999983e-01   1.123781e+00   1.123778e+00
1     1.618967e+01   9.999999e-01   3.012598e-06   0.000000e+00   0.000000e+00   5.050577e-01   1.186666e+00   9.999983e-01   1.186664e+00   1.186661e+00
1     1.619970e+01   9.999999e-01   3.011511e-06   0.000000e+00   0.000000e+00   5.051490e-01   1.249570e+00   9.999983e-01   1.249567e+00   1.249564e+00
1     1.620972e+01   9.999999e-01   3.010409e-06   0.000000e+00   0.000000e+00   5.052188e-01   1.312496e+00   9.999983e-01   1.312493e+00   1.312490e+00
1     1.621975e+01   9.999999e-01   3.009295e-06   0.000000e+00   0.000000e+00   5.052666e-01   1.375443e+00   9.999983e-01   1.375440e+00   1.375437e+00
1     1.622978e+01   9.999999e-01   3.008173e-06   0.000000e+00   0.000000e+00   5.052922e-01   1.438413e+00   9.999983e-01   1.438410e+00   1.438407e+00
1     1.623980e+01   9.999999e-01   3.007048e-06   0.000000e+00   0.000000e+00   5.052953e-01   1.501405e+00   9.999983e-01   1.501402e+00   1.501399e+00
1     1.624983e+01   9.999999e-01   3.005922e-06   0.000000e+00   0.000000e+00   5.052758e-01   1.564419e+00   9.999983e-01   1.564416e+00   1.564413e+00
1     1.625985e+01   9.999999e-01   3.004801e-06   0.000000e+00   0.000000e+00   5.052336e-01   1.627457e+00   9.999983e-01   1.627454e+00   1.627451e+00
1     1.626988e+01   9.999999e-01   3.003687e-06   0.000000e+00   0.000000e+00   5.051687e-01   1.690517e+00   9.999983e-01   1.690514e+00   1.690511e+00
1     1.627991e+01   9.999999e-01   3.002586e-06   0.000000e+00   0.000000e+00   5.050810e-01   1.753599e+00   9.999983e-01   1.753596e+00   1.753593e+00
1     1.628993e+01   9.999999e-01   3.001502e-06   0.000000e+00   0.000000e+00   5.049708e-01   1.816705e+00   9.999983e-01   1.816702e+00   1.816699e+00
1     1.629996e+01   9.999999e-01   3.000437e-06   0.000000e+00   0.000000e+00   5.048381e-01   1.879832e+00   9.999983e-01   1.879829e+00   1.879827e+00
1     1.630998e+01   9.999999e-01   2.999398e-06   0.000000e+00   0.000000e+00   5.046834e-01   1.942982e+00   9.999983e-01   1.942979e+00   1.942976e+00
1     1.631876e+01   9.999999e-01   2.998512e-06   0.000000e+00   0.000000e+00   5.045303e-01   1.998256e+00   9.999983e-01   1.998253e+00   1.998250e+00
1     1.632878e+01   9.999999e-01   2.997530e-06   0.000000e+00   0.000000e+00   5.043353e-01   2.061446e+00   9.999983e-01   2.061443e+00   2.061440e+00
1     1.633881e+01   9.999999e-01   2.996584e-06   0.000000e+00   0.000000e+00   5.041197e-01   2.124656e+00   9.999983e-01   2.124653e+00   2.124651e+00
1     1.634883e+01   9.999999e-01   2.995679e-06   0.000000e+00   0.000000e+00   5.038841e-01   2.187886e+00   9.999983e-01   2.187884e+00   2.187882e+00
1     1.635886e+01   9.999999e-01   2.994818e-06   0.000000e+00   0.000000e+00   5.036293e-01   2.251136e+00   9.999983e-01   2.251134e+00   2.251131e+00
1     1.636889e+01   9.999999e-01   2.994005e-06   0.000000e+00   0.000000e+00   5.033563e-01   2.314404e+00   9.999983e-01   2.314402e+00   2.314400e+00
1     1.637891e+01   9.999999e-01   2.993244e-06   0.000000e+00   0.000000e+00   5.030659e-01   2.377689e+00   9.999983e-01   2.377687e+00   2.377685e+00
1     1.638894e+01   9.999999e-01   2.992538e-06   0.000000e+00   0.000000e+00   5.027593e-01   2.440991e+00   9.999983e-01   2.440989e+00   2.440987e+00
1     1.639896e+01   9.999999e-01   2.991889e-06   0.000000e+00   0.000000e+00   5.024377e-01   2.504307e+00   9.999983e-01   2.504305e+00   2.504303e+00
1     1.640899e+01   9.999999e-01   2.991302e-06   0.000000e+00   0.000000e+00   5.021024e-01   2.567637e+00   9.999983e-01   2.567635e+00   2.567634e+00
1     1.641902e+01   9.999999e-01   2.990777e-06   0.000000e+00   0.000000e+00   5.017546e-01   2.630979e+00   9.999983e-01   2.630978e+00   2.630977e+00
1     1.642904e+01   9.999999e-01   2.990318e-06   0.000000e+00   0.000000e+00   5.013960e-01   2.694333e+00   9.999983e-01   2.694332e+00   2.694330e+00
1     1.643907e+01   9.999999e-01   2.989927e-06   0.000000e+00   0.000000e+00   5.010278e-01   2.757696e+00   9.999983e-01   2.757695e+00   2.757694e+00
1     1.644909e+01   9.999999e-01   2.989604e-06   0.000000e+00   0.000000e+00   5.006517e-01   2.821067e+00   9.999983e-01   2.821066e+00   2.821065e+00
1     1.645912e+01   9.999999e-01   2.989350e-06   0.000000e+00   0.000000e+00   5.002691e-01   2.884444e+00   9.999983e-01   2.884443e+00   2.884442e+00
1     1.646915e+01   9.999999e-01   2.989168e-06   0.000000e+00   0.000000e+00   4.998818e-01   2.947826e+00   9.999983e-01   2.947825e+00   2.947825e+00
1     1.647917e+01   9.999999e-01   2.989056e-06   0.000000e+00   0.000000e+00   4.994912e-01   3.011211e+00   9.999983e-01   3.011211e+00   3.011210e+00
1     1.648920e+01   9.999999e-01   2.989016e-06   0.000000e+00   0.000000e+00   4.990990e-01   3.074598e+00   9.999983e-01   3.074598e+00   3.074598e+00
1     1.649922e+01   9.999999e-01   2.989046e-06   0.000000e+00   0.000000e+00   4.987067e-01   3.137985e+00   9.999983e-01   3.137985e+00   3.137985e+00
1     1.650925e+01   9.999999e-01   2.989147e-06   0.000000e+00   0.000000e+00   4.983158e-01   3.201371e+00   9.999983e-01   3.201371e+00   3.201371e+00
1     1.651928e+01   9.999999e-01   2.989317e-06   0.000000e+00   0.000000e+00   4.979280e-01   3.264753e+00   9.999983e-01   3.264754e+00   3.264754e+00
1     1.652930e+01   9.999999e-01   2.989556e-06   0.000000e+00   0.000000e+00   4.975447e-01   3.328131e+00   9.999983e-01   3.328132e+00   3.328132e+00
1     1.653933e+01   9.999999e-01   2.989862e-06   0.000000e+00   0.000000e+00   4.971674e-01   3.391503e+00   9.999983e-01   3.391504e+00   3.391505e+00
1     1.654935e+01   9.999999e-01   2.990234e-06   0.000000e+00   0.000000e+00   4.967975e-01   3.454868e+00   9.999983e-01   3.454869e+00   3.454870e+00
1     1.655938e+01   9.999999e-01   2.990671e-06   0.000000e+00   0.000000e+00   4.964363e-01   3.518224e+00   9.999983e-01   3.518225e+00   3.518226e+00
1     1.656941e+01   9.999999e-01   2.991169e-06   0.000000e+00   0.000000e+00   4.960854e-01   3.581569e+00   9.999983e-01   3.581571e+00   3.581572e+00
1     1.657943e+01   9.999999e-01   2.991727e-06   0.000000e+00   0.000000e+00   4.957459e-01   3.644904e+00   9.999983e-01   3.644905e+00   3.644907e+00
1     1.658946e+01   9.999999e-01   2.992343e-06   0.000000e+00   0.000000e+00   4.954192e-01   3.708225e+00   9.999983e-01   3.708227e+00   3.708228e+00
1     1.659948e+01   9.999999e-01   2.993014e-06   0.000000e+00   0.000000e+00   4.951065e-01   3.771533e+00   9.999983e-01   3.771535e+00   3.771536e+00
1     1.660951e+01   9.999999e-01   2.993738e-06   0.000000e+00   0.000000e+00   4.948089e-01   3.834825e+00   9.999983e-01   3.834827e+00   3.834829e+00
1     1.661954e+01   9.999999e-01   2.994512e-06   0.000000e+00   0.000000e+00   4.945276e-01   3.898101e+00   9.999983e-01   3.898103e+00   3.898105e+00
1     1.662956e+01   9.999999e-01   2.995333e-06   0.000000e+00   0.000000e+00   4.942638e-01   3.961360e+00   9.999983e-01   3.961362e+00   3.961364e+00
1     1.663959e+01   9.999999e-01   2.996198e-06   0.000000e+00   0.000000e+00   4.940184e-01   4.024600e+00   9.999983e-01   4.024602e+00   4.024605e+00
1     1.664961e+01   9.999999e-01   2.997103e-06   0.000000e+00   0.000000e+00   4.937925e-01   4.087821e+00   9.999983e-01   4.087823e+00   4.087826e+00
1     1.665964e+01   9.999999e-01   2.998045e-06   0.000000e+00   0.000000e+00   4.935871e-01   4.151021e+00   9.999983e-01   4.151024e+00   4.151026e+00
1     1.666967e+01   9.999999e-01   2.999021e-06   0.000000e+00   0.000000e+00   4.934029e-01   4.214200e+00   9.999983e-01   4.214203e+00   4.214206e+00
1     1.667969e+01   9.999999e-01   3.000027e-06   0.000000e+00   0.000000e+00   4.932409e-01   4.277357e+00   9.999983e-01   4.277360e+00   4.277363e+00
1     1.668972e+01   9.999999e-01   3.001058e-06   0.000000e+00   0.000000e+00   4.931018e-01   4.340491e+00   9.999983e-01   4.340494e+00   4.340497e+00
1     1.669974e+01   9.999999e-01   3.002110e-06   0.000000e+00   0.000000e+00   4.929863e-01   4.403602e+00   9.999983e-01   4.403605e+00   4.403607e+00
1     1.670977e+01   9.999999e-01   3.003179e-06   0.000000e+00   0.000000e+00   4.928948e-01   4.466688e+00   9.999983e-01   4.466691e+00   4.466694e+00
1     1.671979e+01   9.999999e-01   3.004261e-06   0.000000e+00   0.000000e+00   4.928280e-01   4.529750e+00   9.999983e-01   4.529753e+00   4.529756e+00
1     1.672982e+01   9.999999e-01   3.005351e-06   0.000000e+00   0.000000e+00   4.927861e-01   4.592787e+00   9.999983e-01   4.592790e+00   4.592793e+00
1     1.673985e+01   9.999999e-01   3.006444e-06   0.000000e+00   0.000000e+00   4.927694e-01   4.655799e+00   9.999983e-01   4.655802e+00   4.655805e+00
1     1.674987e+01   9.999999e-01   3.007535e-06   0.000000e+00   0.000000e+00   4.927780e-01   4.718785e+00   9.999983e-01   4.718788e+00   4.718791e+00
1     1.675990e+01   9.999999e-01   3.008620e-06   0.000000e+00   0.000000e+00   4.928119e-01   4.781746e+00   9.999983e-01   4.781749e+00   4.781752e+00
1     1.676992e+01   9.999999e-01   3.009693e-06   0.000000e+00   0.000000e+00   4.928711e-01   4.844682e+00   9.999983e-01   4.844685e+00   4.844688e+00
1     1.677995e+01   9.999999e-01   3.010750e-06   0.000000e+00   0.000000e+00   4.929551e-01   4.907593e+00   9.999983e-01   4.907596e+00   4.907599e+00
1     1.678998e+01   9.999999e-01   3.011786e-06   0.000000e+00   0.000000e+00   4.930638e-01   4.970480e+00   9.999983e-01   4.970483e+00   4.970486e+00
1     1.679875e+01   9.999999e-01   3.012671e-06   0.000000e+00   0.000000e+00   4.931786e-01   5.025486e+00   9.999983e-01   5.025488e+00   5.025491e+00
1     1.680878e+01   9.999999e-01   3.013655e-06   0.000000e+00   0.000000e+00   4.933320e-01   5.088327e+00   9.999983e-01   5.088330e+00   5.088333e+00
1     1.681880e+01   9.999999e-01   3.014604e-06   0.000000e+00   0.000000e+00   4.935082e-01   5.151146e+00   9.999983e-01   5.151149e+00   5.151152e+00
1     1.682883e+01   9.999999e-01   3.015513e-06   0.000000e+00   0.000000e+00   4.937064e-01   5.213943e+00   9.999983e-01   5.213946e+00   5.213949e+00
1     1.683885e+01   9.999999e-01   3.016380e-06   0.000000e+00   0.000000e+00   4.939257e-01   5.276719e+00   9.999983e-01   5.276722e+00   5.276725e+00
1     1.684888e+01   9.999999e-01   3.017199e-06   0.000000e+00   0.000000e+00   4.941650e-01   5.339475e+00   9.999983e-01   5.339478e+00   5.339480e+00
1     1.685890e+01   9.999999e-01   3.017968e-06   0.000000e+00   0.000000e+00   4.944230e-01   5.402213e+00   9.999983e-01   5.402215e+00   5.402217e+00
1     1.686893e+01   9.999999e-01   3.018682e-06   0.000000e+00   0.000000e+00   4.946987e-01   5.464932e+00   9.999983e-01   5.464934e+00   5.464937e+00
1     1.687896e+01   9.999999e-01   3.019339e-06   0.000000e+00   0.000000e+00   4.949905e-01   5.527636e+00   9.999983e-01   5.527638e+00   5.527640e+00
1     1.688898e+01   9.999999e-01   3.019935e-06   0.000000e+00   0.000000e+00   4.952971e-01   5.590324e+00   9.999983e-01   5.590326e+00   5.590328e+00
1     1.689901e+01   9.999999e-01   3.020469e-06   0.000000e+00   0.000000e+00   4.956171e-01   5.653000e+00   9.999983e-01   5.653002e+00   5.653003e+00
1     1.690903e+01   9.999999e-01   3.020938e-06   0.000000e+00   0.000000e+00   4.959488e-01   5.715664e+00   9.999983e-01   5.715665e+00   5.715667e+00
1     1.691906e+01   9.999999e-01   3.021340e-06   0.000000e+00   0.000000e+00   4.962907e-01   5.778317e+00   9.999983e-01   5.778318e+00   5.778320e+00
1     1.692909e+01   9.999999e-01   3.021675e-06   0.000000e+00   0.000000e+00   4.966414e-01   5.840962e+00   9.999983e-01   5.840963e+00   5.840964e+00
1     1.693911e+01   9.999999e-01   3.021940e-06   0.000000e+00   0.000000e+00   4.969992e-01   5.903599e+00   9.999983e-01   5.903600e+00   5.903602e+00
1     1.694914e+01   9.999999e-01   3.022135e-06   0.000000e+00   0.000000e+00   4.973626e-01   5.966231e+00   9.999983e-01   5.966232e+00   5.966233e+00
1     1.695916e+01   9.999999e-01   3.022259e-06   0.000000e+00   0.000000e+00   4.977300e-01   6.028859e+00   9.999983e-01   6.028860e+00   6.028861e+00
1     1.696919e+01   9.999999e-01   3.022312e-06   0.000000e+00   0.000000e+00   4.980998e-01   6.091485e+00   9.999983e-01   6.091486e+00   6.091486e+00
1     1.697922e+01   9.999999e-01   3.022294e-06   0.000000e+00   0.000000e+00   4.984705e-01   6.154110e+00   9.999983e-01   6.154110e+00   6.154111e+00
1     1.698924e+01   9.999999e-01   3.022205e-06   0.000000e+00   0.000000e+00   4.988405e-01   6.216735e+00   9.999983e-01   6.216735e+00   6.216736e+00
1     1.699927e+01   9.999999e-01   3.022045e-06   0.000000e+00   0.000000e+00   4.992082e-01   6.279363e+00   9.999983e-01   6.279363e+00   6.279363e+00
1     1.700929e+01   9.999999e-01   3.021815e-06   0.000000e+00   0.000000e+00   4.995721e-01   5.880922e-02   9.999983e-01   5.880904e-02   5.880886e-02
1     1.701932e+01   9.999999e-01   3.021516e-06   0.000000e+00   0.000000e+00   4.999308e-01   1.214460e-01   9.999983e-01   1.214456e-01   1.214453e-01
1     1.702935e+01   9.999999e-01   3.021150e-06   0.000000e+00   0.000000e+00   5.002827e-01   1.840896e-01   9.999983e-01   1.840890e-01   1.840885e-01
1     1.703937e+01   9.999999e-01   3.020718e-06   0.000000e+00   0.000000e+00   5.006263e-01   2.467414e-01   9.999983e-01   2.467406e-01   2.467399e-01
1     1.704940e+01   9.999999e-01   3.020221e-06   0.000000e+00   0.000000e+00   5.009604e-01   3.094028e-01   9.999983e-01   3.094019e-01   3.094009e-01
1     1.705942e+01   9.999999e-01   3.019662e-06   0.000000e+00   0.000000e+00   5.012834e-01   3.720752e-01   9.999983e-01   3.720741e-01   3.720730e-01
1     1.706945e+01   9.999999e-01   3.019043e-06   0.000000e+00   0.000000e+00   5.015941e-01   4.347600e-01   9.999983e-01   4.347587e-01   4.347574e-01
1     1.707948e+01   9.999999e-01   3.018366e-06   0.000000e+00   0.000000e+00   5.018911e-01   4.974583e-01   9.999983e-01   4.974569e-01   4.974555e-01
1     1.708950e+01   9.999999e-01   3.017635e-06   0.000000e+00   0.000000e+00   5.021733e-01   5.601715e-01   9.999983e-01   5.601699e-01   5.601683e-01
1     1.709953e+01   9.999999e-01   3.016852e-06   0.000000e+00   0.000000e+00   5.024396e-01   6.229007e-01   9.999983e-01   6.228989e-01   6.228972e-01
1     1.710955e+01   9.999999e-01   3.016020e-06   0.000000e+00   0.000000e+00   5.026888e-01   6.856469e-01   9.999983e-01   6.856450e-01   6.856431e-01
1     1.711958e+01   9.999999e-01   3.015143e-06   0.000000e+00   0.000000e+00   5.029199e-01   7.484111e-01   9.999983e-01   7.484090e-01   7.484070e-01
1     1.712961e+01   9.999999e-01   3.014224e-06   0.000000e+00   0.000000e+00   5.031321e-01   8.111943e-01   9.999983e-01   8.111921e-01   8.111899e-01
1     1.713963e+01   9.999999e-01   3.013268e-06   0.000000e+00   0.000000e+00   5.033245e-01   8.739972e-01   9.999983e-01   8.739949e-01   8.739926e-01
1     1.714966e+01   9.999999e-01   3.012277e-06   0.000000e+00   0.000000e+00   5.034964e-01   9.368207e-01   9.999983e-01   9.368182e-01   9.368158e-01
1     1.715968e+01   9.999999e-01   3.011257e-06   0.000000e+00   0.000000e+00   5.036471e-01   9.996652e-01   9.999983e-01   9.996627e-01   9.996602e-01
1     1.716971e+01   9.999999e-01   3.010210e-06   0.000000e+00   0.000000e+00   5.037761e-01   1.062532e+00   9.999983e-01   1.062529e+00   1.062526e+00
1     1.717974e+01   9.999999e-01   3.009142e-06   0.000000e+00   0.000000e+00   5.038830e-01   1.125420e+00   9.999983e-01   1.125417e+00   1.125415e+00
1     1.718976e+01   9.999999e-01   3.008057e-06   0.000000e+00   0.000000e+00   5.039673e-01   1.188331e+00   9.999983e-01   1.188328e+00   1.188325e+00
1     1.719979e+01   9.999999e-01   3.006958e-06   0.000000e+00   0.000000e+00   5.040289e-01   1.251265e+00   9.999983e-01   1.251262e+00   1.251259e+00
1     1.720981e+01   9.999999e-01   3.005850e-06   0.000000e+00   0.000000e+00   5.040675e-01   1.314221e+00   9.999983e-01   1.314218e+00   1.314215e+00
1     1.721984e+01   9.999999e-01   3.004737e-06   0.000000e+00   0.000000e+00   5.040830e-01   1.377201e+00   9.999983e-01   1.377198e+00   1.377195e+00
1     1.722987e+01   9.999999e-01   3.003624e-06   0.000000e+00   0.000000e+00   5.040756e-01   1.440203e+00   9.999983e-01   1.440200e+00   1.440197e+00
1     1.723989e+01   9.999999e-01   3.002514e-06   0.000000e+00   0.000000e+00   5.040452e-01   1.503229e+00   9.999983e-01   1.503226e+00   1.503223e+00
1     1.724992e+01   9.999999e-01   3.001411e-06   0.000000e+00   0.000000e+00   5.039920e-01   1.566277e+00   9.999983e-01   1.566274e+00   1.566271e+00
1     1.725994e+01   9.999999e-01   3.000320e-06   0.000000e+00   0.000000e+00   5.039163e-01   1.629348e+00   9.999983e-01   1.629345e+00   1.629342e+00
1     1.726997e+01   9.999999e-01   2.999245e-06   0.000000e+00   0.000000e+00   5.038184e-01   1.692441e+00   9.999983e-01   1.692438e+00   1.692435e+00
1     1.728000e+01   9.999999e-01   2.998189e-06   0.000000e+00   0.000000e+00   5.036986e-01   1.755556e+00   9.999983e-01   1.755553e+00   1.755550e+00
1     1.728877e+01   9.999999e-01   2.997284e-06   0.000000e+00   0.000000e+00   5.035763e-01   1.810799e+00   9.999983e-01   1.810796e+00   1.810793e+00
1     1.729879e+01   9.999999e-01   2.996274e-06   0.000000e+00   0.000000e+00   5.034169e-01   1.873953e+00   9.999983e-01   1.873950e+00   1.873947e+00
1     1.730882e+01   9.999999e-01   2.995295e-06   0.000000e+00   0.000000e+00   5.032371e-01   1.937128e+00   9.999983e-01   1.937125e+00   1.937122e+00
1     1.731885e+01   9.999999e-01   2.994349e-06   0.000000e+00   0.000000e+00   5.030376e-01   2.000322e+00   9.999983e-01   2.000320e+00   2.000317e+00
1     1.732887e+01   9.999999e-01   2.993439e-06   0.000000e+00   0.000000e+00   5.028192e-01   2.063536e+00   9.999983e-01   2.063533e+00   2.063530e+00
1     1.733890e+01   9.999999e-01   2.992570e-06   0.000000e+00   0.000000e+00   5.025825e-01   2.126767e+00   9.999983e-01   2.126765e+00   2.126762e+00
1     1.734892e+01   9.999999e-01   2.991745e-06   0.000000e+00   0.000000e+00   5.023283e-01   2.190016e+00   9.999983e-01   2.190014e+00   2.190011e+00
1     1.735895e+01   9.999999e-01   2.990965e-06   0.000000e+00   0.000000e+00   5.020577e-01   2.253282e+00   9.999983e-01   2.253279e+00   2.253277e+00
1     1.736898e+01   9.999999e-01   2.990235e-06   0.000000e+00   0.000000e+00   5.017714e-01   2.316563e+00   9.999983e-01   2.316561e+00   2.316558e+00
1     1.737900e+01   9.999999e-01   2.989557e-06   0.000000e+00   0.000000e+00   5.014706e-01   2.379858e+00   9.999983e-01   2.379856e+00   2.379854e+00
1     1.738903e+01   9.999999e-01   2.988934e-06   0.000000e+00   0.000000e+00   5.011562e-01   2.443168e+00   9.999983e-01   2.443166e+00   2.443164e+00
1     1.739905e+01   9.999999e-01   2.988367e-06   0.000000e+00   0.000000e+00   5.008293e-01   2.506489e+00   9.999983e-01   2.506488e+00   2.506486e+00
1     1.740908e+01   9.999999e-01   2.987860e-06   0.000000e+00   0.000000e+00   5.004911e-01   2.569822e+00   9.999983e-01   2.569821e+00   2.569819e+00
1     1.741911e+01   9.999999e-01   2.987415e-06   0.000000e+00   0.000000e+00   5.001428e-01   2.633165e+00   9.999983e-01   2.633164e+00   2.633162e+00
1     1.742913e+01   9.999999e-01   2.987033e-06   0.000000e+00   0.000000e+00   4.997857e-01   2.696517e+00   9.999983e-01   2.696516e+00   2.696515e+00
1     1.743916e+01   9.999999e-01   2.986717e-06   0.000000e+00   0.000000e+00   4.994210e-01   2.759877e+00   9.999983e-01   2.759875e+00   2.759874e+00
1     1.744918e+01   9.999999e-01   2.986467e-06   0.000000e+00   0.000000e+00   4.990500e-01   2.823242e+00   9.999983e-01   2.823241e+00   2.823240e+00
1     1.745921e+01   9.999999e-01   2.986286e-06   0.000000e+00   0.000000e+00   4.986743e-01   2.886613e+00   9.999983e-01   2.886612e+00   2.886611e+00
1     1.746924e+01   9.999999e-01   2.986173e-06   0.000000e+00   0.000000e+00   4.982951e-01   2.949987e+00   9.999983e-01   2.949986e+00   2.949985e+00
1     1.747926e+01   9.999999e-01   2.986132e-06   0.000000e+00   0.000000e+00   4.979140e-01   3.013362e+00   9.999983e-01   3.013362e+00   3.013362e+00
1     1.748929e+01   9.999999e-01   2.986160e-06   0.000000e+00   0.000000e+00   4.975325e-01   3.076739e+00   9.999983e-01   3.076738e+00   3.076738e+00
1     1.749931e+01   9.999999e-01   2.986260e-06   0.000000e+00   0.000000e+00   4.971519e-01   3.140114e+00   9.999983e-01   3.140114e+00   3.140114e+00
1     1.750934e+01   9.999999e-01   2.986431e-06   0.000000e+00   0.000000e+00   4.967740e-01   3.203486e+00   9.999983e-01   3.203487e+00   3.203487e+00
1     1.751937e+01   9.999999e-01   2.986673e-06   0.000000e+00   0.000000e+00   4.964002e-01   3.266855e+00   9.999983e-01   3.266855e+00   3.266856e+00
1     1.752939e+01   9.999999e-01   2.986986e-06   0.000000e+00   0.000000e+00   4.960320e-01   3.330218e+00   9.999983e-01   3.330218e+00   3.330219e+00
1     1.753942e+01   9.999999e-01   2.987368e-06   0.000000e+00   0.000000e+00   4.956710e-01   3.393574e+00   9.999983e-01   3.393574e+00   3.393575e+00
1     1.754944e+01   9.999999e-01   2.987819e-06   0.000000e+00   0.000000e+00   4.953188e-01   3.456921e+00   9.999983e-01   3.456921e+00   3.456922e+00
1     1.755947e+01   9.999999e-01   2.988336e-06   0.000000e+00   0.000000e+00   4.949767e-01   3.520257e+00   9.999983e-01   3.520258e+00   3.520260e+00
1     1.756949e+01   9.999999e-01   2.988918e-06   0.000000e+00   0.000000e+00   4.946464e-01   3.583582e+00   9.999983e-01   3.583584e+00   3.583585e+00
1     1.757952e+01   9.999999e-01   2.989564e-06   0.000000e+00   0.000000e+00   4.943292e-01   3.646894e+00   9.999983e-01   3.646896e+00   3.646897e+00
1     1.758955e+01   9.999999e-01   2.990270e-06   0.000000e+00   0.000000e+00   4.940265e-01   3.710192e+00   9.999983e-01   3.710193e+00   3.710195e+00
1     1.759957e+01   9.999999e-01   2.991034e-06   0.000000e+00   0.000000e+00   4.937396e-01   3.773474e+00   9.999983e-01   3.773475e+00   3.773477e+00
1     1.760960e+01   9.999999e-01   2.991854e-06   0.000000e+00   0.000000e+00   4.934697e-01   3.836738e+00   9.999983e-01   3.836740e+00   3.836742e+00
1     1.761962e+01   9.999999e-01   2.992724e-06   0.000000e+00   0.000000e+00   4.932182e-01   3.899985e+00   9.999983e-01   3.899987e+00   3.899989e+00
1     1.762965e+01   9.999999e-01   2.993643e-06   0.000000e+00   0.000000e+00   4.929860e-01   3.963212e+00   9.999983e-01   3.963214e+00   3.963216e+00
1     1.763968e+01   9.999999e-01   2.994607e-06   0.000000e+00   0.000000e+00   4.927741e-01   4.026418e+00   9.999983e-01   4.026421e+00   4.026423e+00
1     1.764970e+01   9.999999e-01   2.995611e-06   0.000000e+00   0.000000e+00   4.925836e-01   4.089604e+00   9.999983e-01   4.089606e+00   4.089609e+00
1     1.765973e+01   9.999999e-01   2.996651e-06   0.000000e+00   0.000000e+00   4.924151e-01   4.152767e+00   9.999983e-01   4.152770e+00   4.152772e+00
1     1.766975e+01   9.999999e-01   2.997723e-06   0.000000e+00   0.000000e+00   4.922694e-01   4.215908e+00   9.999983e-01   4.215910e+00   4.215913e+00
1     1.767978e+01   9.999999e-01   2.998822e-06   0.000000e+00   0.000000e+00   4.921472e-01   4.279025e+00   9.999983e-01   4.279027e+00   4.279030e+00
1     1.768981e+01   9.999999e-01   2.999945e-06   0.000000e+00   0.000000e+00   4.920489e-01   4.342118e+00   9.999983e-01   4.342121e+00   4.342124e+00
1     1.769983e+01   9.999999e-01   3.001086e-06   0.000000e+00   0.000000e+00   4.919750e-01   4.405187e+00   9.999983e-01   4.405190e+00   4.405193e+00
1     1.770986e+01   9.999999e-01   3.002240e-06   0.000000e+00   0.000000e+00   4.919257e-01   4.468231e+00   9.999983e-01   4.468234e+00   4.468237e+00
1     1.771988e+01   9.999999e-01   3.003403e-06   0.000000e+00   0.000000e+00   4.919013e-01   4.531251e+00   9.999983e-01   4.531254e+00   4.531256e+00
1     1.772991e+01   9.999999e-01   3.004571e-06   0.000000e+00   0.000000e+00   4.919019e-01   4.594245e+00   9.999983e-01   4.594248e+00   4.594251e+00
1     1.773994e+01   9.999999e-01   3.005737e-06   0.000000e+00   0.000000e+00   4.919274e-01   4.657215e+00   9.999983e-01   4.657218e+00   4.657221e+00
1     1.774996e+01   9.999999e-01   3.006898e-06   0.000000e+00   0.000000e+00   4.919778e-01   4.720159e+00   9.999983e-01   4.720162e+00   4.720165e+00
1     1.775999e+01   9.999999e-01   3.008049e-06   0.000000e+00   0.000000e+00   4.920529e-01   4.783079e+00   9.999983e-01   4.783082e+00   4.783085e+00
1     1.776876e+01   9.999999e-01   3.009043e-06   0.000000e+00   0.000000e+00   4.921387e-01   4.838114e+00   9.999983e-01   4.838117e+00   4.838120e+00
1     1.777879e+01   9.999999e-01   3.010161e-06   0.000000e+00   0.000000e+00   4.922592e-01   4.900989e+00   9.999983e-01   4.900992e+00   4.900995e+00
1     1.778881e+01   9.999999e-01   3.011256e-06   0.000000e+00   0.000000e+00   4.924033e-01   4.963840e+00   9.999983e-01   4.963843e+00   4.963846e+00
1     1.779884e+01   9.999999e-01   3.012322e-06   0.000000e+00   0.000000e+00   4.925705e-01   5.026668e+00   9.999983e-01   5.026671e+00   5.026673e+00
1     1.780886e+01   9.999999e-01   3.013354e-06   0.000000e+00   0.000000e+00   4.927601e-01   5.089473e+00   9.999983e-01   5.089476e+00   5.089479e+00
1     1.781889e+01   9.999999e-01   3.014350e-06   0.000000e+00   0.000000e+00   4.929714e-01   5.152257e+00   9.999983e-01   5.152260e+00   5.152263e+00
1     1.782892e+01   9.999999e-01   3.015304e-06   0.000000e+00   0.000000e+00   4.932035e-01   5.215020e+00   9.999983e-01   5.215023e+00   5.215026e+00
1     1.783894e+01   9.999999e-01   3.016213e-06   0.000000e+00   0.000000e+00   4.934555e-01   5.277764e+00   9.999983e-01   5.277766e+00   5.277769e+00
1     1.784897e+01   9.999999e-01   3.017071e-06   0.000000e+00   0.000000e+00   4.937264e-01   5.340488e+00   9.999983e-01   5.340490e+00   5.340493e+00
1     1.785899e+01   9.999999e-01   3.017877e-06   0.000000e+00   0.000000e+00   4.940152e-01   5.403194e+00   9.999983e-01   5.403197e+00   5.403199e+00
1     1.786902e+01   9.999999e-01   3.018625e-06   0.000000e+00   0.000000e+00   4.943207e-01   5.465884e+00   9.999983e-01   5.465886e+00   5.465889e+00
1     1.787905e+01   9.999999e-01   3.019313e-06   0.000000e+00   0.000000e+00   4.946416e-01   5.528559e+00   9.999983e-01   5.528561e+00   5.528563e+00
1     1.788907e+01   9.999999e-01   3.019938e-06   0.000000e+00   0.000000e+00   4.949767e-01   5.591219e+00   9.999983e-01   5.591221e+00   5.591223e+00
1     1.789910e+01   9.999999e-01   3.020496e-06   0.000000e+00   0.000000e+00   4.953245e-01   5.653866e+00   9.999983e-01   5.653868e+00   5.653870e+00
1     1.790912e+01   9.999999e-01   3.020985e-06   0.000000e+00   0.000000e+00   4.956838e-01   5.716502e+00   9.999983e-01   5.716504e+00   5.716506e+00
1     1.791915e+01   9.999999e-01   3.021403e-06   0.000000e+00   0.000000e+00   4.960529e-01   5.779129e+00   9.999983e-01   5.779130e+00   5.779132e+00
1     1.792918e+01   9.999999e-01   3.021748e-06   0.000000e+00   0.000000e+00   4.964303e-01   5.841747e+00   9.999983e-01   5.841748e+00   5.841749e+00
1     1.793920e+01   9.999999e-01   3.022017e-06   0.000000e+00   0.000000e+00   4.968144e-01   5.904358e+00   9.999983e-01   5.904359e+00   5.904360e+00
1     1.794923e+01   9.999999e-01   3.022210e-06   0.000000e+00   0.000000e+00   4.972036e-01   5.966964e+00   9.999983e-01   5.966965e+00   5.966966e+00
1     1.795925e+01   9.999999e-01   3.022325e-06   0.000000e+00   0.000000e+00   4.975962e-01   6.029567e+00   9.999983e-01   6.029568e+00   6.029568e+00
1     1.796928e+01   9.999999e-01   3.022361e-06   0.000000e+00   0.000000e+00   4.979905e-01   6.092168e+00   9.999983e-01   6.092169e+00   6.092169e+00
1     1.797931e+01   9.999999e-01   3.022320e-06   0.000000e+00   0.000000e+00   4.983847e-01   6.154769e+00   9.999983e-01   6.154770e+00   6.154770e+00
1     1.798933e+01   9.999999e-01   3.022200e-06   0.000000e+00   0.000000e+00   4.987772e-01   6.217372e+00   9.999983e-01   6.217372e+00   6.217373e+00
1     1.799936e+01   9.999999e-01   3.022002e-06   0.000000e+00   0.000000e+00   4.991662e-01   6.279979e+00   9.999983e-01   6.279979e+00   6.279979e+00
1     1.800938e+01   9.999999e-01   3.021728e-06   0.000000e+00   0.000000e+00   4.995501e-01   5.940483e-02   9.999983e-01   5.940465e-02   5.940447e-02
1     1.801941e+01   9.999999e-01   3.021378e-06   0.000000e+00   0.000000e+00   4.999271e-01   1.220232e-01   9.999983e-01   1.220229e-01   1.220225e-01
1     1.802944e+01   9.999999e-01   3.020955e-06   0.000000e+00   0.000000e+00   5.002958e-01   1.846500e-01   9.999983e-01   1.846495e-01   1.846489e-01
1     1.803946e+01   9.999999e-01   3.020462e-06   0.000000e+00   0.000000e+00   5.006545e-01   2.472867e-01   9.999983e-01   2.472860e-01   2.472853e-01
1     1.804949e+01   9.999999e-01   3.019900e-06   0.000000e+00   0.000000e+00   5.010019e-01   3.099348e-01   9.999983e-01   3.099339e-01   3.099330e-01
1     1.805951e+01   9.999999e-01   3.019273e-06   0.000000e+00   0.000000e+00   5.013365e-01   3.725957e-01   9.999983e-01   3.725946e-01   3.725935e-01
1     1.806954e+01   9.999999e-01   3.018583e-06   0.000000e+00   0.000000e+00   5.016572e-01   4.352705e-01   9.999983e-01   4.352692e-01   4.352679e-01
1     1.807957e+01   9.999999e-01   3.017836e-06   0.000000e+00   0.000000e+00   5.019627e-01   4.979604e-01   9.999983e-01   4.979590e-01   4.979575e-01
1     1.808959e+01   9.999999e-01   3.017034e-06   0.000000e+00   0.000000e+00   5.022520e-01   5.606665e-01   9.999983e-01   5.606649e-01   5.606633e-01
1     1.809962e+01   9.999999e-01   3.016181e-06   0.000000e+00   0.000000e+00   5.025243e-01   6.233897e-01   9.999983e-01   6.233879e-01   6.233861e-01
1     1.810964e+01   9.999999e-01   3.015282e-06   0.000000e+00   0.000000e+00   5.027787e-01   6.861307e-01   9.999983e-01   6.861288e-01   6.861269e-01
1     1.811967e+01   9.999999e-01   3.014340e-06   0.000000e+00   0.000000e+00   5.030146e-01   7.488902e-01   9.999983e-01   7.488881e-01   7.488861e-01
1     1.812970e+01   9.999999e-01   3.013360e-06   0.000000e+00   0.000000e+00   5.032315e-01   8.116688e-01   9.999983e-01   8.116666e-01   8.116644e-01
1     1.813972e+01   9.999999e-01   3.012347e-06   0.000000e+00   0.000000e+00   5.034287e-01   8.744669e-01   9.999983e-01   8.744646e-01   8.744622e-01
1     1.814975e+01   9.999999e-01   3.011303e-06   0.000000e+00   0.000000e+00   5.036061e-01   9.372849e-01   9.999983e-01   9.372824e-01   9.372800e-01
1     1.815977e+01   9.999999e-01   3.010234e-06   0.000000e+00   0.000000e+00   5.037634e-01   1.000123e+00   9.999983e-01   1.000120e+00   1.000118e+00
1     1.816980e+01   9.999999e-01   3.009143e-06   0.000000e+00   0.000000e+00   5.039002e-01   1.062981e+00   9.999983e-01   1.062979e+00   1.062976e+00
1     1.817983e+01   9.999999e-01   3.008034e-06   0.000000e+00   0.000000e+00   5.040165e-01   1.125860e+00   9.999983e-01   1.125858e+00   1.125855e+00
1     1.818985e+01   9.999999e-01   3.006911e-06   0.000000e+00   0.000000e+00   5.041123e-01   1.188760e+00   9.999983e-01   1.188757e+00   1.188754e+00
1     1.819988e+01   9.999999e-01   3.005777e-06   0.000000e+00   0.000000e+00   5.041874e-01   1.251680e+00   9.999983e-01   1.251677e+00   1.251674e+00
1     1.820990e+01   9.999999e-01   3.004636e-06   0.000000e+00   0.000000e+00   5.042418e-01   1.314621e+00   9.999983e-01   1.314618e+00   1.314615e+00
1     1.821993e+01   9.999999e-01   3.003491e-06   0.000000e+00   0.000000e+00   5.042756e-01   1.377582e+00   9.999983e-01   1.377579e+00   1.377576e+00
1     1.822996e+01   9.999999e-01   3.002347e-06   0.000000e+00   0.000000e+00   5.042888e-01   1.440564e+00   9.999983e-01   1.440561e+00   1.440558e+00
1     1.823998e+01   9.999998e-01   3.001205e-06   0.000000e+00   0.000000e+00   5.042814e-01   1.503567e+00   9.999983e-01   1.503564e+00   1.503561e+00
1     1.824875e+01   9.999998e-01   3.000211e-06   0.000000e+00   0.000000e+00   5.042582e-01   1.558711e+00   9.999983e-01   1.558708e+00   1.558705e+00
1     1.825878e+01   9.999998e-01   2.999084e-06   0.000000e+00   0.000000e+00   5.042125e-01   1.621752e+00   9.999983e-01   1.621749e+00   1.621746e+00
1     1.826881e+01   9.999998e-01   2.997970e-06   0.000000e+00   0.000000e+00   5.041465e-01   1.684813e+00   9.999983e-01   1.684810e+00   1.684807e+00
1     1.827883e+01   9.999998e-01   2.996871e-06   0.000000e+00   0.000000e+00   5.040604e-01   1.747894e+00   9.999983e-01   1.747891e+00   1.747888e+00
1     1.828886e+01   9.999998e-01   2.995792e-06   0.000000e+00   0.000000e+00   5.039543e-01   1.810995e+00   9.999983e-01   1.810992e+00   1.810989e+00
1     1.829888e+01   9.999998e-01   2.994735e-06   0.000000e+00   0.000000e+00   5.038283e-01   1.874116e+00   9.999983e-01   1.874113e+00   1.874110e+00
1     1.830891e+01   9.999998e-01   2.993704e-06   0.000000e+00   0.000000e+00   5.036828e-01   1.937256e+00   9.999983e-01   1.937254e+00   1.937251e+00
1     1.831894e+01   9.999998e-01   2.992703e-06   0.000000e+00   0.000000e+00   5.035178e-01   2.000416e+00   9.999983e-01   2.000414e+00   2.000411e+00
1     1.832896e+01   9.999998e-01   2.991734e-06   0.000000e+00   0.000000e+00   5.033339e-01   2.063595e+00   9.999983e-01   2.063593e+00   2.063590e+00
1     1.833899e+01   9.999998e-01   2.990803e-06   0.000000e+00   0.000000e+00   5.031313e-01   2.126793e+00   9.999983e-01   2.126790e+00   2.126788e+00
1     1.834901e+01   9.999998e-01   2.989911e-06   0.000000e+00   0.000000e+00   5.029104e-01   2.190008e+00   9.999983e-01   2.190006e+00   2.190004e+00
1     1.835904e+01   9.999998e-01   2.989064e-06   0.000000e+00   0.000000e+00   5.026719e-01   2.253242e+00   9.999983e-01   2.253239e+00   2.253237e+00
1     1.836907e+01   9.999998e-01   2.988265e-06   0.000000e+00   0.000000e+00   5.024163e-01   2.316492e+00   9.999983e-01   2.316490e+00   2.316488e+00
1     1.837909e+01   9.999998e-01   2.987516e-06   0.000000e+00   0.000000e+00   5.021444e-01   2.379759e+00   9.999983e-01   2.379757e+00   2.379755e+00
1     1.838912e+01   9.999998e-01   2.986824e-06   0.000000e+00   0.000000e+00   5.018570e-01   2.443041e+00   9.999983e-01   2.443039e+00   2.443037e+00
1     1.839914e+01   9.999998e-01   2.986189e-06   0.000000e+00   0.000000e+00   5.015552e-01   2.506338e+00   9.999983e-01   2.506336e+00   2.506334e+00
1     1.840917e+01   9.999998e-01   2.985617e-06   0.000000e+00   0.000000e+00   5.012399e-01   2.569648e+00   9.999983e-01   2.569646e+00   2.569644e+00
1     1.841920e+01   9.999998e-01   2.985110e-06   0.000000e+00   0.000000e+00   5.009123e-01   2.632970e+00   9.999983e-01   2.632969e+00   2.632967e+00
1     1.842922e+01   9.999998e-01   2.984671e-06   0.000000e+00   0.000000e+00   5.005739e-01   2.696303e+00   9.999983e-01   2.696302e+00   2.696301e+00
1     1.843925e+01   9.999998e-01   2.984303e-06   0.000000e+00   0.000000e+00   5.002260e-01   2.759646e+00   9.999983e-01   2.759645e+00   2.759644e+00
1     1.844927e+01   9.999998e-01   2.984007e-06   0.000000e+00   0.000000e+00   4.998701e-01   2.822996e+00   9.999983e-01   2.822995e+00   2.822995e+00
1     1.845930e+01   9.999998e-01   2.983787e-06   0.000000e+00   0.000000e+00   4.995078e-01   2.886353e+00   9.999983e-01   2.886353e+00   2.886352e+00
1     1.846933e+01   9.999998e-01   2.983643e-06   0.000000e+00   0.000000e+00   4.991409e-01   2.949715e+00   9.999983e-01   2.949714e+00   2.949714e+00
1     1.847935e+01   9.999998e-01   2.983577e-06   0.000000e+00   0.000000e+00   4.987710e-01   3.013080e+00   9.999983e-01   3.013079e+00   3.013079e+00
1     1.848938e+01   9.999998e-01   2.983589e-06   0.000000e+00   0.000000e+00   4.984000e-01   3.076445e+00   9.999983e-01   3.076445e+00   3.076445e+00
1     1.849940e+01   9.999998e-01   2.983678e-06   0.000000e+00   0.000000e+00   4.980296e-01   3.139810e+00   9.999983e-01   3.139810e+00   3.139810e+00
1     1.850943e+01   9.999998e-01   2.983845e-06   0.000000e+00   0.000000e+00   4.976616e-01   3.203173e+00   9.999983e-01   3.203173e+00   3.203173e+00
1     1.851945e+01   9.999998e-01   2.984090e-06   0.000000e+00   0.000000e+00   4.972978e-01   3.266532e+00   9.999983e-01   3.266532e+00   3.266532e+00
1     1.852948e+01   9.999998e-01   2.984409e-06   0.000000e+00   0.000000e+00   4.969400e-01   3.329884e+00   9.999983e-01   3.329885e+00   3.329885e+00
1     1.853951e+01   9.999998e-01   2.984802e-06   0.000000e+00   0.000000e+00   4.965898e-01   3.393229e+00   9.999983e-01   3.393230e+00   3.393230e+00
1     1.854953e+01   9.999998e-01   2.985267e-06   0.000000e+00   0.000000e+00   4.962490e-01   3.456565e+00   9.999983e-01   3.456565e+00   3.456566e+00
1     1.855956e+01   9.999998e-01   2.985802e-06   0.000000e+00   0.000000e+00   4.959189e-01   3.519889e+00   9.999983e-01   3.519890e+00   3.519891e+00
1     1.856958e+01   9.999998e-01   2.986403e-06   0.000000e+00   0.000000e+00   4.956012e-01   3.583202e+00   9.999983e-01   3.583203e+00   3.583204e+00
1     1.857961e+01   9.999998e-01   2.987067e-06   0.000000e+00   0.000000e+00   4.952972e-01   3.646500e+00   9.999983e-01   3.646502e+00   3.646503e+00
1     1.858964e+01   9.999998e-01   2.987793e-06   0.000000e+00   0.000000e+00   4.950083e-01   3.709784e+00   9.999983e-01   3.709786e+00   3.709787e+00
1     1.859966e+01   9.999998e-01   2.988575e-06   0.000000e+00   0.000000e+00   4.947358e-01   3.773051e+00   9.999983e-01   3.773053e+00   3.773055e+00
1     1.860969e+01   9.999998e-01   2.989410e-06   0.000000e+00   0.000000e+00   4.944806e-01   3.836301e+00   9.999983e-01   3.836303e+00   3.836305e+00
1     1.861971e+01   9.999998e-01   2.990295e-06   0.000000e+00   0.000000e+00   4.942438e-01   3.899533e+00   9.999983e-01   3.899535e+00   3.899537e+00
1     1.862974e+01   9.999998e-01   2.991226e-06   0.000000e+00   0.000000e+00   4.940264e-01   3.962745e+00   9.999983e-01   3.962747e+00   3.962749e+00
1     1.863977e+01   9.999998e-01   2.992197e-06   0.000000e+00   0.000000e+00   4.938293e-01   4.025937e+00   9.999983e-01   4.025939e+00   4.025942e+00
1     1.864979e+01   9.999998e-01   2.993207e-06   0.000000e+00   0.000000e+00   4.936531e-01   4.089108e+00   9.999983e-01   4.089110e+00   4.089113e+00
1     1.865982e+01   9.999998e-01   2.994250e-06   0.000000e+00   0.000000e+00   4.934986e-01   4.152257e+00   9.999983e-01   4.152260e+00   4.152262e+00
1     1.866984e+01   9.999998e-01   2.995322e-06   0.000000e+00   0.000000e+00   4.933665e-01   4.215384e+00   9.999983e-01   4.215387e+00   4.215389e+00
1     1.867987e+01   9.999998e-01   2.996419e-06   0.000000e+00   0.000000e+00   4.932573e-01   4.278488e+00   9.999983e-01   4.278491e+00   4.278494e+00
1     1.868990e+01   9.999998e-01   2.997537e-06   0.000000e+00   0.000000e+00   4.931715e-01   4.341569e+00   9.999983e-01   4.341572e+00   4.341575e+00
1     1.869992e+01   9.999998e-01   2.998672e-06   0.000000e+00   0.000000e+00   4.931095e-01   4.404626e+00   9.999983e-01   4.404629e+00   4.404632e+00
1     1.870995e+01   9.999998e-01   2.999819e-06   0.000000e+00   0.000000e+00   4.930716e-01   4.467659e+00   9.999983e-01   4.467662e+00   4.467665e+00
1     1.871997e+01   9.999998e-01   3.000973e-06   0.000000e+00   0.000000e+00   4.930582e-01   4.530667e+00   9.999983e-01   4.530670e+00   4.530673e+00
1     1.873000e+01   9.999998e-01   3.002130e-06   0.000000e+00   0.000000e+00   4.930693e-01   4.593651e+00   9.999983e-01   4.593654e+00   4.593657e+00
1     1.873877e+01   9.999998e-01   3.003142e-06   0.000000e+00   0.000000e+00   4.930993e-01   4.648742e+00   9.999983e-01   4.648745e+00   4.648748e+00
1     1.874880e+01   9.999998e-01   3.004293e-06   0.000000e+00   0.000000e+00   4.931567e-01   4.711679e+00   9.999983e-01   4.711682e+00   4.711685e+00
1     1.875882e+01   9.999998e-01   3.005433e-06   0.000000e+00   0.000000e+00   4.932385e-01   4.774593e+00   9.999983e-01   4.774596e+00   4.774599e+00
1     1.876885e+01   9.999998e-01   3.006559e-06   0.000000e+00   0.000000e+00   4.933446e-01   4.837482e+00   9.999983e-01   4.837485e+00   4.837487e+00
1     1.877888e+01   9.999998e-01   3.007665e-06   0.000000e+00   0.000000e+00   4.934747e-01   4.900347e+00   9.999983e-01   4.900350e+00   4.900352e+00
1     1.878890e+01   9.999998e-01   3.008747e-06   0.000000e+00   0.000000e+00   4.936283e-01   4.963188e+00   9.999983e-01   4.963191e+00   4.963194e+00
1     1.879893e+01   9.999998e-01   3.009800e-06   0.000000e+00   0.000000e+00   4.938049e-01   5.026007e+00   9.999983e-01   5.026010e+00   5.026012e+00
1     1.880895e+01   9.999998e-01   3.010821e-06   0.000000e+00   0.000000e+00   4.940037e-01   5.088803e+00   9.999983e-01   5.088806e+00   5.088809e+00
1     1.881898e+01   9.999998e-01   3.011804e-06   0.000000e+00   0.000000e+00   4.942240e-01   5.151578e+00   9.999983e-01   5.151581e+00   5.151583e+00
1     1.882901e+01   9.999998e-01   3.012746e-06   0.000000e+00   0.000000e+00   4.944649e-01   5.214332e+00   9.999983e-01   5.214335e+00   5.214338e+00
1     1.883903e+01   9.999998e-01   3.013643e-06   0.000000e+00   0.000000e+00   4.947254e-01   5.277067e+00   9.999983e-01   5.277070e+00   5.277072e+00
1     1.884906e+01   9.999998e-01   3.014492e-06   0.000000e+00   0.000000e+00   4.950045e-01   5.339783e+00   9.999983e-01   5.339786e+00   5.339788e+00
1     1.885908e+01   9.999998e-01   3.015288e-06   0.000000e+00   0.000000e+00   4.953010e-01   5.402482e+00   9.999983e-01   5.402484e+00   5.402487e+00
1     1.886911e+01   9.999998e-01   3.016029e-06   0.000000e+00   0.000000e+00   4.956136e-01   5.465165e+00   9.999983e-01   5.465167e+00   5.465169e+00
1     1.887914e+01   9.999998e-01   3.016713e-06   0.000000e+00   0.000000e+00   4.959410e-01   5.527833e+00   9.999983e-01   5.527835e+00   5.527837e+00
1     1.888916e+01   9.999998e-01   3.017335e-06   0.000000e+00   0.000000e+00   4.962818e-01   5.590487e+00   9.999983e-01   5.590489e+00   5.590491e+00
1     1.889919e+01   9.999998e-01   3.017895e-06   0.000000e+00   0.000000e+00   4.966347e-01   5.653130e+00   9.999983e-01   5.653132e+00   5.653133e+00
1     1.890921e+01   9.999998e-01   3.018390e-06   0.000000e+00   0.000000e+00   4.969982e-01   5.715762e+00   9.999983e-01   5.715763e+00   5.715765e+00
1     1.891924e+01   9.999998e-01   3.018819e-06   0.000000e+00   0.000000e+00   4.973707e-01   5.778385e+00   9.999983e-01   5.778386e+00   5.778388e+00
1     1.892927e+01   9.999998e-01   3.019180e-06   0.000000e+00   0.000000e+00   4.977509e-01   5.841000e+00   9.999983e-01   5.841001e+00   5.841003e+00
1     1.893929e+01   9.999998e-01   3.019472e-06   0.000000e+00   0.000000e+00   4.981371e-01   5.903609e+00   9.999983e-01   5.903610e+00   5.903611e+00
1     1.894932e+01   9.999998e-01   3.019694e-06   0.000000e+00   0.000000e+00   4.985279e-01   5.966214e+00   9.999983e-01   5.966215e+00   5.966216e+00
1     1.895934e+01   9.999998e-01   3.019846e-06   0.000000e+00   0.000000e+00   4.989217e-01   6.028816e+00   9.999983e-01   6.028816e+00   6.028817e+00
1     1.896937e+01   9.999998e-01   3.019927e-06   0.000000e+00   0.000000e+00   4.993169e-01   6.091416e+00   9.999983e-01   6.091417e+00   6.091417e+00
1     1.897940e+01   9.999998e-01   3.019937e-06   0.000000e+00   0.000000e+00   4.997120e-01   6.154016e+00   9.999983e-01   6.154017e+00   6.154017e+00
1     1.898942e+01   9.999998e-01   3.019876e-06   0.000000e+00   0.000000e+00   5.001056e-01   6.216618e+00   9.999983e-01   6.216619e+00   6.216619e+00
1     1.899945e+01   9.999998e-01   3.019745e-06   0.000000e+00   0.000000e+00   5.004959e-01   6.279224e+00   9.999983e-01   6.279224e+00   6.279224e+00
1     1.900947e+01   9.999998e-01   3.019545e-06   0.000000e+00   0.000000e+00   5.008816e-01   5.864805e-02   9.999983e-01   5.864787e-02   5.864769e-02
1     1.901950e+01   9.999998e-01   3.019275e-06   0.000000e+00   0.000000e+00   5.012611e-01   1.212641e-01   9.999983e-01   1.212637e-01   1.212633e-01
1     1.902953e+01   9.999998e-01   3.018939e-06   0.000000e+00   0.000000e+00   5.016329e-01   1.838878e-01   9.999983e-01   1.838872e-01   1.838866e-01
1     1.903955e+01   9.999998e-01   3.018536e-06   0.000000e+00   0.000000e+00   5.019956e-01   2.465205e-01   9.999983e-01   2.465198e-01   2.465191e-01
1     1.904958e+01   9.999998e-01   3.018069e-06   0.000000e+00   0.000000e+00   5.023478e-01   3.091638e-01   9.999983e-01   3.091629e-01   3.091620e-01
1     1.905960e+01   9.999998e-01   3.017540e-06   0.000000e+00   0.000000e+00   5.026882e-01   3.718190e-01   9.999983e-01   3.718179e-01   3.718168e-01
1     1.906963e+01   9.999998e-01   3.016951e-06   0.000000e+00   0.000000e+00   5.030152e-01   4.344874e-01   9.999983e-01   4.344861e-01   4.344849e-01
1     1.907966e+01   9.999998e-01   3.016304e-06   0.000000e+00   0.000000e+00   5.033278e-01   4.971703e-01   9.999983e-01   4.971689e-01   4.971674e-01
1     1.908968e+01   9.999998e-01   3.015602e-06   0.000000e+00   0.000000e+00   5.036246e-01   5.598690e-01   9.999983e-01   5.598673e-01   5.598657e-01
1     1.909971e+01   9.999998e-01   3.014849e-06   0.000000e+00   0.000000e+00   5.039045e-01   6.225845e-01   9.999983e-01   6.225828e-01   6.225810e-01
1     1.910973e+01   9.999998e-01   3.014046e-06   0.000000e+00   0.000000e+00   5.041662e-01   6.853182e-01   9.999983e-01   6.853162e-01   6.853143e-01
1     1.911976e+01   9.999998e-01   3.013198e-06   0.000000e+00   0.000000e+00   5.044089e-01   7.480709e-01   9.999983e-01   7.480688e-01   7.480668e-01
1     1.912979e+01   9.999998e-01   3.012308e-06   0.000000e+00   0.000000e+00   5.046314e-01   8.108437e-01   9.999983e-01   8.108415e-01   8.108394e-01
1     1.913981e+01   9.999998e-01   3.011380e-06   0.000000e+00   0.000000e+00   5.048329e-01   8.736376e-01   9.999983e-01   8.736353e-01   8.736330e-01
1     1.914984e+01   9.999998e-01   3.010417e-06   0.000000e+00   0.000000e+00   5.050125e-01   9.364534e-01   9.999983e-01   9.364509e-01   9.364485e-01
1     1.915986e+01   9.999998e-01   3.009423e-06   0.000000e+00   0.000000e+00   5.051694e-01   9.992918e-01   9.999983e-01   9.992892e-01   9.992867e-01
1     1.916989e+01   9.999998e-01   3.008403e-06   0.000000e+00   0.000000e+00   5.053029e-01   1.062154e+00   9.999983e-01   1.062151e+00   1.062148e+00
1     1.917992e+01   9.999998e-01   3.007361e-06   0.000000e+00   0.000000e+00   5.054124e-01   1.125039e+00   9.999983e-01   1.125037e+00   1.125034e+00
1     1.918994e+01   9.999998e-01   3.006301e-06   0.000000e+00   0.000000e+00   5.054975e-01   1.187949e+00   9.999983e-01   1.187947e+00   1.187944e+00
1     1.919997e+01   9.999998e-01   3.005228e-06   0.000000e+00   0.000000e+00   5.055576e-01   1.250884e+00   9.999983e-01   1.250882e+00   1.250879e+00
1     1.920999e+01   9.999998e-01   3.004147e-06   0.000000e+00   0.000000e+00   5.055925e-01   1.313845e+00   9.999983e-01   1.313842e+00   1.313839e+00
1     1.921877e+01   9.999998e-01   3.003197e-06   0.000000e+00   0.000000e+00   5.056022e-01   1.368956e+00   9.999983e-01   1.368953e+00   1.368950e+00
1     1.922879e+01   9.999998e-01   3.002112e-06   0.000000e+00   0.000000e+00   5.055893e-01   1.431964e+00   9.999983e-01   1.431961e+00   1.431958e+00
1     1.923882e+01   9.999998e-01   3.001032e-06   0.000000e+00   0.000000e+00   5.055507e-01   1.494998e+00   9.999983e-01   1.494995e+00   1.494992e+00
1     1.924884e+01   9.999998e-01   2.999963e-06   0.000000e+00   0.000000e+00   5.054866e-01   1.558057e+00   9.999983e-01   1.558054e+00   1.558051e+00
1     1.925887e+01   9.999998e-01   2.998908e-06   0.000000e+00   0.000000e+00   5.053972e-01   1.621141e+00   9.999983e-01   1.621138e+00   1.621135e+00
1     1.926890e+01   9.999998e-01   2.997872e-06   0.000000e+00   0.000000e+00   5.052828e-01   1.684251e+00   9.999982e-01   1.684248e+00   1.684245e+00
1     1.927892e+01   9.999998e-01   2.996861e-06   0.000000e+00   0.000000e+00   5.051439e-01   1.747385e+00   9.999982e-01   1.747382e+00   1.747379e+00
1     1.928895e+01   9.999998e-01   2.995879e-06   0.000000e+00   0.000000e+00   5.049810e-01   1.810542e+00   9.999982e-01   1.810539e+00   1.810537e+00
1     1.929897e+01   9.999998e-01   2.994931e-06   0.000000e+00   0.000000e+00   5.047950e-01   1.873723e+00   9.999982e-01   1.873721e+00   1.873718e+00
1     1.930900e+01   9.999998e-01   2.994020e-06   0.000000e+00   0.000000e+00   5.045866e-01   1.936927e+00   9.999982e-01   1.936924e+00   1.936921e+00
1     1.931903e+01   9.999998e-01   2.993151e-06   0.000000e+00   0.000000e+00   5.043568e-01   2.000151e+00   9.999982e-01   2.000149e+00   2.000146e+00
1     1.932905e+01   9.999998e-01   2.992328e-06   0.000000e+00   0.000000e+00   5.041068e-01   2.063396e+00   9.999982e-01   2.063394e+00   2.063391e+00
1     1.933908e+01   9.999998e-01   2.991555e-06   0.000000e+00   0.000000e+00   5.038376e-01   2.126660e+00   9.999982e-01   2.126658e+00   2.126655e+00
1     1.934910e+01   9.999998e-01   2.990833e-06   0.000000e+00   0.000000e+00   5.035504e-01   2.189942e+00   9.999982e-01   2.189940e+00   2.189937e+00
1     1.935913e+01   9.999998e-01   2.990168e-06   0.000000e+00   0.000000e+00   5.032467e-01   2.253241e+00   9.999982e-01   2.253238e+00   2.253236e+00
1     1.936915e+01   9.999998e-01   2.989560e-06   0.000000e+00   0.000000e+00   5.029278e-01   2.316555e+00   9.999982e-01   2.316552e+00   2.316550e+00
1     1.937918e+01   9.999998e-01   2.989013e-06   0.000000e+00   0.000000e+00   5.025951e-01   2.379882e+00   9.999982e-01   2.379880e+00   2.379878e+00
1     1.938921e+01   9.999998e-01   2.988529e-06   0.000000e+00   0.000000e+00   5.022502e-01   2.443222e+00   9.999982e-01   2.443220e+00   2.443218e+00
1     1.939923e+01   9.999998e-01   2.988108e-06   0.000000e+00   0.000000e+00   5.018945e-01   2.506572e+00   9.999982e-01   2.506570e+00   2.506569e+00
1     1.940926e+01   9.999998e-01   2.987753e-06   0.000000e+00   0.000000e+00   5.015298e-01   2.569932e+00   9.999982e-01   2.569930e+00   2.569928e+00
1     1.941928e+01   9.999998e-01   2.987464e-06   0.000000e+00   0.000000e+00   5.011573e-01   2.633299e+00   9.999982e-01   2.633297e+00   2.633296e+00
1     1.942931e+01   9.999998e-01   2.987241e-06   0.000000e+00   0.000000e+00   5.007787e-01   2.696672e+00   9.999982e-01   2.696671e+00   2.696670e+00
1     1.943934e+01   9.999998e-01   2.987085e-06   0.000000e+00   0.000000e+00   5.003955e-01   2.760050e+00   9.999982e-01   2.760049e+00   2.760048e+00
1     1.944936e+01   9.999998e-01   2.986997e-06   0.000000e+00   0.000000e+00   5.000090e-01   2.823431e+00   9.999982e-01   2.823430e+00   2.823429e+00
1     1.945939e+01   9.999998e-01   2.986975e-06   0.000000e+00   0.000000e+00   4.996208e-01   2.886814e+00   9.999982e-01   2.886813e+00   2.886813e+00
1     1.946941e+01   9.999998e-01   2.987020e-06   0.000000e+00   0.000000e+00   4.992322e-01   2.950197e+00   9.999982e-01   2.950197e+00   2.950196e+00
1     1.947944e+01   9.999998e-01   2.987132e-06   0.000000e+00   0.000000e+00   4.988447e-01   3.013580e+00   9.999982e-01   3.013579e+00   3.013579e+00
1     1.948947e+01   9.999998e-01   2.987309e-06   0.000000e+00   0.000000e+00   4.984595e-01   3.076960e+00   9.999982e-01   3.076959e+00   3.076959e+00
1     1.949949e+01   9.999998e-01   2.987550e-06   0.000000e+00   0.000000e+00   4.980780e-01   3.140336e+00   9.999982e-01   3.140336e+00   3.140336e+00
1     1.950952e+01   9.999998e-01   2.987855e-06   0.000000e+00   0.000000e+00   4.977015e-01   3.203707e+00   9.999982e-01   3.203707e+00   3.203707e+00
1     1.951954e+01   9.999998e-01   2.988221e-06   0.000000e+00   0.000000e+00   4.973313e-01   3.267072e+00   9.999982e-01   3.267072e+00   3.267073e+00
1     1.952957e+01   9.999998e-01   2.988648e-06   0.000000e+00   0.000000e+00   4.969685e-01   3.330429e+00   9.999982e-01   3.330430e+00   3.330430e+00
1     1.953960e+01   9.999998e-01   2.989134e-06   0.000000e+00   0.000000e+00   4.966143e-01   3.393778e+00   9.999982e-01   3.393779e+00   3.393780e+00
1     1.954962e+01   9.999998e-01   2.989677e-06   0.000000e+00   0.000000e+00   4.962698e-01   3.457117e+00   9.999982e-01   3.457118e+00   3.457119e+00
1     1.955965e+01   9.999998e-01   2.990276e-06   0.000000e+00   0.000000e+00   4.959362e-01   3.520446e+00   9.999982e-01   3.520447e+00   3.520448e+00
1     1.956967e+01   9.999998e-01   2.990928e-06   0.000000e+00   0.000000e+00   4.956145e-01   3.583762e+00   9.999982e-01   3.583763e+00   3.583765e+00
1     1.957970e+01   9.999998e-01   2.991632e-06   0.000000e+00   0.000000e+00   4.953059e-01   3.647065e+00   9.999982e-01   3.647067e+00   3.647068e+00
1     1.958973e+01   9.999998e-01   2.992385e-06   0.000000e+00   0.000000e+00   4.950111e-01   3.710355e+00   9.999982e-01   3.710357e+00   3.710358e+00
1     1.959975e+01   9.999998e-01   2.993185e-06   0.000000e+00   0.000000e+00   4.947314e-01   3.773629e+00   9.999982e-01   3.773631e+00   3.773633e+00
1     1.960978e+01   9.999998e-01   2.994029e-06   0.000000e+00   0.000000e+00   4.944676e-01   3.836888e+00   9.999982e-01   3.836890e+00   3.836892e+00
1     1.961980e+01   9.999998e-01   2.994915e-06   0.000000e+00   0.000000e+00   4.942206e-01   3.900130e+00   9.999982e-01   3.900132e+00   3.900134e+00
1     1.962983e+01   9.999998e-01   2.995841e-06   0.000000e+00   0.000000e+00   4.939913e-01   3.963354e+00   9.999982e-01   3.963356e+00   3.963358e+00
1     1.963986e+01   9.999998e-01   2.996802e-06   0.000000e+00   0.000000e+00   4.937806e-01   4.026559e+00   9.999982e-01   4.026562e+00   4.026564e+00
1     1.964988e+01   9.999998e-01   2.997797e-06   0.000000e+00   0.000000e+00   4.935892e-01   4.089746e+00   9.999982e-01   4.089748e+00   4.089751e+00
1     1.965991e+01   9.999998e-01   2.998822e-06   0.000000e+00   0.000000e+00   4.934178e-01   4.152912e+00   9.999982e-01   4.152914e+00   4.152917e+00
1     1.966993e+01   9.999998e-01   2.999873e-06   0.000000e+00   0.000000e+00   4.932672e-01   4.216057e+00   9.999982e-01   4.216060e+00   4.216063e+00
1     1.967996e+01   9.999998e-01   3.000947e-06   0.000000e+00   0.000000e+00   4.931380e-01   4.279182e+00   9.999982e-01   4.279184e+00   4.279187e+00
1     1.968999e+01   9.999998e-01   3.002041e-06   0.000000e+00   0.000000e+00   4.930308e-01   4.342284e+00   9.999982e-01   4.342287e+00   4.342289e+00
1     1.969876e+01   9.999998e-01   3.003011e-06   0.000000e+00   0.000000e+00   4.929553e-01   4.397480e+00   9.999982e-01   4.397483e+00   4.397486e+00
1     1.970878e+01   9.999998e-01   3.004130e-06   0.000000e+00   0.000000e+00   4.928904e-01   4.460540e+00   9.999982e-01   4.460543e+00   4.460545e+00
1     1.971881e+01   9.999998e-01   3.005258e-06   0.000000e+00   0.000000e+00   4.928487e-01   4.523576e+00   9.999982e-01   4.523579e+00   4.523582e+00
1     1.972884e+01   9.999998e-01   3.006389e-06   0.000000e+00   0.000000e+00   4.928304e-01   4.586590e+00   9.999982e-01   4.586593e+00   4.586596e+00
1     1.973886e+01   9.999998e-01   3.007520e-06   0.000000e+00   0.000000e+00   4.928357e-01   4.649580e+00   9.999982e-01   4.649583e+00   4.649586e+00
1     1.974889e+01   9.999998e-01   3.008646e-06   0.000000e+00   0.000000e+00   4.928646e-01   4.712546e+00   9.999982e-01   4.712549e+00   4.712552e+00
1     1.975891e+01   9.999998e-01   3.009762e-06   0.000000e+00   0.000000e+00   4.929171e-01   4.775488e+00   9.999982e-01   4.775491e+00   4.775494e+00
1     1.976894e+01   9.999998e-01   3.010865e-06   0.000000e+00   0.000000e+00   4.929931e-01   4.838408e+00   9.999982e-01   4.838411e+00   4.838414e+00
1     1.977897e+01   9.999998e-01   3.011949e-06   0.000000e+00   0.000000e+00   4.930923e-01   4.901303e+00   9.999982e-01   4.901306e+00   4.901309e+00
1     1.978899e+01   9.999998e-01   3.013011e-06   0.000000e+00   0.000000e+00   4.932145e-01   4.964176e+00   9.999982e-01   4.964179e+00   4.964182e+00
1     1.979902e+01   9.999998e-01   3.014046e-06   0.000000e+00   0.000000e+00   4.933591e-01   5.027027e+00   9.999982e-01   5.027030e+00   5.027033e+00
1     1.980904e+01   9.999998e-01   3.015049e-06   0.000000e+00   0.000000e+00   4.935256e-01   5.089856e+00   9.999982e-01   5.089859e+00   5.089861e+00
1     1.981907e+01   9.999998e-01   3.016016e-06   0.000000e+00   0.000000e+00   4.937134e-01   5.152663e+00   9.999982e-01   5.152666e+00   5.152669e+00
1     1.982910e+01   9.999998e-01   3.016944e-06   0.000000e+00   0.000000e+00   4.939216e-01   5.215450e+00   9.999982e-01   5.215453e+00   5.215456e+00
1     1.983912e+01   9.999998e-01   3.017829e-06   0.000000e+00   0.000000e+00   4.941495e-01   5.278218e+00   9.999982e-01   5.278220e+00   5.278223e+00
1     1.984915e+01   9.999998e-01   3.018666e-06   0.000000e+00   0.000000e+00   4.943960e-01   5.340967e+00   9.999982e-01   5.340969e+00   5.340972e+00
1     1.985917e+01   9.999998e-01   3.019452e-06   0.000000e+00   0.000000e+00   4.946601e-01   5.403698e+00   9.999982e-01   5.403700e+00   5.403703e+00
1     1.986920e+01   9.999998e-01   3.020184e-06   0.000000e+00   0.000000e+00   4.949407e-01   5.466413e+00   9.999982e-01   5.466415e+00   5.466417e+00
1     1.987923e+01   9.999998e-01   3.020858e-06   0.000000e+00   0.000000e+00   4.952366e-01   5.529112e+00   9.999982e-01   5.529114e+00   5.529116e+00
1     1.988925e+01   9.999998e-01   3.021473e-06   0.000000e+00   0.000000e+00   4.955465e-01   5.591798e+00   9.999982e-01   5.591800e+00   5.591802e+00
1     1.989928e+01   9.999998e-01   3.022025e-06   0.000000e+00   0.000000e+00   4.958692e-01   5.654471e+00   9.999982e-01   5.654472e+00   5.654474e+00
1     1.990930e+01   9.999998e-01   3.022513e-06   0.000000e+00   0.000000e+00   4.962032e-01   5.717132e+00   9.999982e-01   5.717134e+00   5.717135e+00
1     1.991933e+01   9.999998e-01   3.022933e-06   0.000000e+00   0.000000e+00   4.965472e-01   5.779783e+00   9.999982e-01   5.779785e+00   5.779786e+00
1     1.992936e+01   9.999998e-01   3.023285e-06   0.000000e+00   0.000000e+00   4.968997e-01   5.842426e+00   9.999982e-01   5.842428e+00   5.842429e+00
1     1.993938e+01   9.999998e-01   3.023567e-06   0.000000e+00   0.000000e+00   4.972592e-01   5.905062e+00   9.999982e-01   5.905063e+00   5.905065e+00
1     1.994941e+01   9.999998e-01   3.023777e-06   0.000000e+00   0.000000e+00   4.976242e-01   5.967693e+00   9.999982e-01   5.967694e+00   5.967695e+00
1     1.995943e+01   9.999998e-01   3.023916e-06   0.000000e+00   0.000000e+00   4.979931e-01   6.030319e+00   9.999982e-01   6.030320e+00   6.030321e+00
1     1.996946e+01   9.999998e-01   3.023982e-06   0.000000e+00   0.000000e+00   4.983646e-01   6.092943e+00   9.999982e-01   6.092944e+00   6.092944e+00
1     1.997949e+01   9.999998e-01   3.023975e-06   0.000000e+00   0.000000e+00   4.987369e-01   6.155566e+00   9.999982e-01   6.155567e+00   6.155567e+00
1     1.998951e+01   9.999998e-01   3.023896e-06   0.000000e+00   0.000000e+00   4.991085e-01   6.218190e+00   9.999982e-01   6.218190e+00   6.218191e+00
1     1.999954e+01   9.999998e-01   3.023744e-06   0.000000e+00   0.000000e+00   4.994780e-01   6.280816e+00   9.999982e-01   6.280816e+00   6.280816e+00
1     2.000956e+01   9.999998e-01   3.023521e-06   0.000000e+00   0.000000e+00   4.998438e-01   6.026057e-02   9.999982e-01   6.026039e-02   6.026020e-02
1     2.001959e+01   9.999998e-01   3.023227e-06   0.000000e+00   0.000000e+00   5.002044e-01   1.228954e-01   9.999982e-01   1.228950e-01   1.228947e-01
1     2.002962e+01   9.999998e-01   3.022864e-06   0.000000e+00   0.000000e+00   5.005584e-01   1.855369e-01   9.999982e-01   1.855363e-01   1.855358e-01
1     2.003964e+01   9.999998e-01   3.022433e-06   0.000000e+00   0.000000e+00   5.009043e-01   2.481865e-01   9.999982e-01   2.481857e-01   2.481850e-01
1     2.004967e+01   9.999998e-01   3.021937e-06   0.000000e+00   0.000000e+00   5.012406e-01   3.108455e-01   9.999982e-01   3.108446e-01   3.108437e-01
1     2.005969e+01   9.999998e-01   3.021376e-06   0.000000e+00   0.000000e+00   5.015662e-01   3.735154e-01   9.999982e-01   3.735143e-01   3.735132e-01
1     2.006972e+01   9.999998e-01   3.020754e-06   0.000000e+00   0.000000e+00   5.018796e-01   4.361974e-01   9.999982e-01   4.361961e-01   4.361948e-01
1     2.007974e+01   9.999998e-01   3.020072e-06   0.000000e+00   0.000000e+00   5.021796e-01   4.988927e-01   9.999982e-01   4.988913e-01   4.988898e-01
1     2.008977e+01   9.999998e-01   3.019335e-06   0.000000e+00   0.000000e+00   5.024652e-01   5.616025e-01   9.999982e-01   5.616009e-01   5.615993e-01
1     2.009980e+01   9.999998e-01   3.018545e-06   0.000000e+00   0.000000e+00   5.027351e-01   6.243280e-01   9.999982e-01   6.243262e-01   6.243244e-01
1     2.010982e+01   9.999998e-01   3.017704e-06   0.000000e+00   0.000000e+00   5.029884e-01   6.870700e-01   9.999982e-01   6.870681e-01   6.870662e-01
1     2.011985e+01   9.999998e-01   3.016817e-06   0.000000e+00   0.000000e+00   5.032241e-01   7.498297e-01   9.999982e-01   7.498276e-01   7.498256e-01
1     2.012987e+01   9.999998e-01   3.015888e-06   0.000000e+00   0.000000e+00   5.034412e-01   8.126078e-01   9.999982e-01   8.126056e-01   8.126035e-01
1     2.013990e+01   9.999998e-01   3.014918e-06   0.000000e+00   0.000000e+00   5.036391e-01   8.754053e-01   9.999982e-01   8.754029e-01   8.754006e-01
1     2.014993e+01   9.999998e-01   3.013914e-06   0.000000e+00   0.000000e+00   5.038170e-01   9.382227e-01   9.999982e-01   9.382202e-01   9.382178e-01
1     2.015995e+01   9.999998e-01   3.012877e-06   0.000000e+00   0.000000e+00   5.039742e-01   1.001061e+00   9.999982e-01   1.001058e+00   1.001056e+00
1     2.016998e+01   9.999998e-01   3.011813e-06   0.000000e+00   0.000000e+00   5.041102e-01   1.063920e+00   9.999982e-01   1.063917e+00   1.063915e+00
1     2.017875e+01   9.999998e-01   3.010862e-06   0.000000e+00   0.000000e+00   5.042114e-01   1.118940e+00   9.999982e-01   1.118937e+00   1.118934e+00
1     2.018878e+01   9.999998e-01   3.009757e-06   0.000000e+00   0.000000e+00   5.043063e-01   1.181840e+00   9.999982e-01   1.181837e+00   1.181834e+00
1     2.019880e+01   9.999998e-01   3.008636e-06   0.000000e+00   0.000000e+00   5.043789e-01   1.244762e+00   9.999982e-01   1.244760e+00   1.244757e+00
1     2.020883e+01   9.999998e-01   3.007504e-06   0.000000e+00   0.000000e+00   5.044288e-01   1.307708e+00   9.999982e-01   1.307705e+00   1.307702e+00
1     2.021886e+01   9.999998e-01   3.006364e-06   0.000000e+00   0.000000e+00   5.044559e-01   1.370676e+00   9.999982e-01   1.370673e+00   1.370670e+00
1     2.022888e+01   9.999998e-01   3.005220e-06   0.000000e+00   0.000000e+00   5.044601e-01   1.433667e+00   9.999982e-01   1.433664e+00   1.433661e+00
1     2.023891e+01   9.999998e-01   3.004078e-06   0.000000e+00   0.000000e+00   5.044414e-01   1.496680e+00   9.999982e-01   1.496677e+00   1.496674e+00
1     2.024893e+01   9.999998e-01   3.002940e-06   0.000000e+00   0.000000e+00   5.043998e-01   1.559717e+00   9.999982e-01   1.559714e+00   1.559711e+00
1     2.025896e+01   9.999998e-01   3.001813e-06   0.000000e+00   0.000000e+00   5.043356e-01   1.622776e+00   9.999982e-01   1.622773e+00   1.622770e+00
1     2.026898e+01   9.999998e-01   3.000698e-06   0.000000e+00   0.000000e+00   5.042488e-01   1.685858e+00   9.999982e-01   1.685855e+00   1.685852e+00
1     2.027901e+01   9.999998e-01   2.999602e-06   0.000000e+00   0.000000e+00   5.041398e-01   1.748962e+00   9.999982e-01   1.748959e+00   1.748956e+00
1     2.028904e+01   9.999998e-01   2.998527e-06   0.000000e+00   0.000000e+00   5.040089e-01   1.812088e+00   9.999982e-01   1.812085e+00   1.812082e+00
1     2.029906e+01   9.999998e-01   2.997478e-06   0.000000e+00   0.000000e+00   5.038568e-01   1.875235e+00   9.999982e-01   1.875232e+00   1.875230e+00
1     2.030909e+01   9.999998e-01   2.996459e-06   0.000000e+00   0.000000e+00   5.036838e-01   1.938403e+00   9.999982e-01   1.938400e+00   1.938398e+00
1     2.031911e+01   9.999998e-01   2.995473e-06   0.000000e+00   0.000000e+00   5.034905e-01   2.001591e+00   9.999982e-01   2.001589e+00   2.001586e+00
1     2.032914e+01   9.999998e-01   2.994525e-06   0.000000e+00   0.000000e+00   5.032777e-01   2.064799e+00   9.999982e-01   2.064796e+00   2.064794e+00
1     2.033917e+01   9.999998e-01   2.993618e-06   0.000000e+00   0.000000e+00   5.030461e-01   2.128026e+00   9.999982e-01   2.128023e+00   2.128021e+00
1     2.034919e+01   9.999998e-01   2.992756e-06   0.000000e+00   0.000000e+00   5.027965e-01   2.191270e+00   9.999982e-01   2.191268e+00   2.191265e+00
1     2.035922e+01   9.999998e-01   2.991942e-06   0.000000e+00   0.000000e+00   5.025299e-01   2.254532e+00   9.999982e-01   2.254529e+00   2.254527e+00
1     2.036924e+01   9.999998e-01   2.991180e-06   0.000000e+00   0.000000e+00   5.022472e-01   2.317809e+00   9.999982e-01   2.317807e+00   2.317805e+00
1     2.037927e+01   9.999998e-01   2.990472e-06   0.000000e+00   0.000000e+00   5.019494e-01   2.381102e+00   9.999982e-01   2.381100e+00   2.381098e+00
1     2.038930e+01   9.999998e-01   2.989822e-06   0.000000e+00   0.000000e+00   5.016376e-01   2.444408e+00   9.999982e-01   2.444406e+00   2.444404e+00
1     2.039932e+01   9.999998e-01   2.989232e-06   0.000000e+00   0.000000e+00   5.013131e-01   2.507728e+00   9.999982e-01   2.507726e+00   2.507724e+00
1     2.040935e+01   9.999998e-01   2.988705e-06   0.000000e+00   0.000000e+00   5.009771e-01   2.571058e+00   9.999982e-01   2.571057e+00   2.571055e+00
1     2.041937e+01   9.999998e-01   2.988244e-06   0.000000e+00   0.000000e+00   5.006308e-01   2.634399e+00   9.999982e-01   2.634398e+00   2.634397e+00
1     2.042940e+01   9.999998e-01   2.987851e-06   0.000000e+00   0.000000e+00   5.002756e-01   2.697749e+00   9.999982e-01   2.697748e+00   2.697747e+00
1     2.043943e+01   9.999998e-01   2.987527e-06   0.000000e+00   0.000000e+00   4.999130e-01   2.761107e+00   9.999982e-01   2.761106e+00   2.761104e+00
1     2.044945e+01   9.999998e-01   2.987275e-06   0.000000e+00   0.000000e+00   4.995444e-01   2.824470e+00   9.999982e-01   2.824469e+00   2.824468e+00
1     2.045948e+01   9.999998e-01   2.987095e-06   0.000000e+00   0.000000e+00   4.991713e-01   2.887838e+00   9.999982e-01   2.887837e+00   2.887836e+00
1     2.046950e+01   9.999998e-01   2.986989e-06   0.000000e+00   0.000000e+00   4.987953e-01   2.951209e+00   9.999982e-01   2.951208e+00   2.951207e+00
1     2.047953e+01   9.999998e-01   2.986958e-06   0.000000e+00   0.000000e+00   4.984180e-01   3.014581e+00   9.999982e-01   3.014580e+00   3.014580e+00
1     2.048956e+01   9.999998e-01   2.987003e-06   0.000000e+00   0.000000e+00   4.980410e-01   3.077952e+00   9.999982e-01   3.077952e+00   3.077952e+00
1     2.049958e+01   9.999998e-01   2.987122e-06   0.000000e+00   0.000000e+00   4.976660e-01   3.141322e+00   9.999982e-01   3.141322e+00   3.141322e+00
1     2.050961e+01   9.999998e-01   2.987317e-06   0.000000e+00   0.000000e+00   4.972945e-01   3.204688e+00   9.999982e-01   3.204689e+00   3.204689e+00
1     2.051963e+01   9.999998e-01   2.987588e-06   0.000000e+00   0.000000e+00   4.969284e-01   3.268049e+00   9.999982e-01   3.268050e+00   3.268050e+00
1     2.052966e+01   9.999998e-01   2.987932e-06   0.000000e+00   0.000000e+00   4.965692e-01   3.331403e+00   9.999982e-01   3.331404e+00   3.331404e+00
1     2.053969e+01   9.999998e-01   2.988349e-06   0.000000e+00   0.000000e+00   4.962186e-01   3.394749e+00   9.999982e-01   3.394749e+00   3.394750e+00
1     2.054971e+01   9.999998e-01   2.988838e-06   0.000000e+00   0.000000e+00   4.958782e-01   3.458084e+00   9.999982e-01   3.458085e+00   3.458085e+00
1     2.055974e+01   9.999998e-01   2.989396e-06   0.000000e+00   0.000000e+00   4.955497e-01   3.521407e+00   9.999982e-01   3.521408e+00   3.521409e+00
1     2.056976e+01   9.999998e-01   2.990022e-06   0.000000e+00   0.000000e+00   4.952347e-01   3.584717e+00   9.999982e-01   3.584718e+00   3.584719e+00
1     2.057979e+01   9.999998e-01   2.990712e-06   0.000000e+00   0.000000e+00   4.949346e-01   3.648011e+00   9.999982e-01   3.648013e+00   3.648014e+00
1     2.058982e+01   9.999998e-01   2.991464e-06   0.000000e+00   0.000000e+00   4.946509e-01   3.711290e+00   9.999982e-01   3.711292e+00   3.711293e+00
1     2.059984e+01   9.999998e-01   2.992275e-06   0.000000e+00   0.000000e+00   4.943851e-01   3.774551e+00   9.999982e-01   3.774552e+00   3.774554e+00
1     2.060987e+01   9.999998e-01   2.993141e-06   0.000000e+00   0.000000e+00   4.941384e-01   3.837792e+00   9.999982e-01   3.837794e+00   3.837796e+00
1     2.061989e+01   9.999998e-01   2.994058e-06   0.000000e+00   0.000000e+00   4.939120e-01   3.901013e+00   9.999982e-01   3.901015e+00   3.901017e+00
1     2.062992e+01   9.999998e-01   2.995022e-06   0.000000e+00   0.000000e+00   4.937070e-01   3.964213e+00   9.999982e-01   3.964215e+00   3.964217e+00
1     2.063995e+01   9.999998e-01   2.996027e-06   0.000000e+00   0.000000e+00   4.935244e-01   4.027391e+00   9.999982e-01   4.027393e+00   4.027395e+00
1     2.064997e+01   9.999998e-01   2.997071e-06   0.000000e+00   0.000000e+00   4.933651e-01   4.090545e+00   9.999982e-01   4.090547e+00   4.090550e+00
1     2.066000e+01   9.999998e-01   2.998147e-06   0.000000e+00   0.000000e+00   4.932297e-01   4.153675e+00   9.999982e-01   4.153677e+00   4.153680e+00
1     2.066877e+01   9.999998e-01   2.999111e-06   0.000000e+00   0.000000e+00   4.931315e-01   4.208894e+00   9.999982e-01   4.208896e+00   4.208899e+00
1     2.067880e+01   9.999998e-01   3.000235e-06   0.000000e+00   0.000000e+00   4.930427e-01   4.271977e+00   9.999982e-01   4.271980e+00   4.271983e+00
1     2.068882e+01   9.999998e-01   3.001376e-06   0.000000e+00   0.000000e+00   4.929793e-01   4.335036e+00   9.999982e-01   4.335039e+00   4.335041e+00
1     2.069885e+01   9.999998e-01   3.002530e-06   0.000000e+00   0.000000e+00   4.929414e-01   4.398069e+00   9.999982e-01   4.398071e+00   4.398074e+00
1     2.070887e+01   9.999998e-01   3.003691e-06   0.000000e+00   0.000000e+00   4.929292e-01   4.461076e+00   9.999982e-01   4.461079e+00   4.461081e+00
1     2.071890e+01   9.999998e-01   3.004854e-06   0.000000e+00   0.000000e+00   4.929427e-01   4.524057e+00   9.999982e-01   4.524060e+00   4.524063e+00
1     2.072893e+01   9.999998e-01   3.006014e-06   0.000000e+00   0.000000e+00   4.929816e-01   4.587013e+00   9.999982e-01   4.587016e+00   4.587019e+00
1     2.073895e+01   9.999998e-01   3.007166e-06   0.000000e+00   0.000000e+00   4.930457e-01   4.649944e+00   9.999982e-01   4.649947e+00   4.649950e+00
1     2.074898e+01   9.999998e-01   3.008304e-06   0.000000e+00   0.000000e+00   4.931346e-01   4.712850e+00   9.999982e-01   4.712853e+00   4.712856e+00
1     2.075900e+01   9.999998e-01   3.009424e-06   0.000000e+00   0.000000e+00   4.932476e-01   4.775732e+00   9.999982e-01   4.775735e+00   4.775738e+00
1     2.076903e+01   9.999998e-01   3.010521e-06   0.000000e+00   0.000000e+00   4.933844e-01   4.838591e+00   9.999982e-01   4.838594e+00   4.838597e+00
1     2.077906e+01   9.999998e-01   3.011590e-06   0.000000e+00   0.000000e+00   4.935440e-01   4.901426e+00   9.999982e-01   4.901429e+00   4.901432e+00
1     2.078908e+01   9.999998e-01   3.012628e-06   0.000000e+00   0.000000e+00   4.937257e-01   4.964240e+00   9.999982e-01   4.964243e+00   4.964246e+00
1     2.079911e+01   9.999998e-01   3.013630e-06   0.000000e+00   0.000000e+00   4.939286e-01   5.027032e+00   9.999982e-01   5.027035e+00   5.027038e+00
1     2.080913e+01   9.999998e-01   3.014591e-06   0.000000e+00   0.000000e+00   4.941517e-01   5.089804e+00   9.999982e-01   5.089807e+00   5.089810e+00
1     2.081916e+01   9.999998e-01   3.015509e-06   0.000000e+00   0.000000e+00   4.943940e-01   5.152557e+00   9.999982e-01   5.152560e+00   5.152562e+00
1     2.082919e+01   9.999998e-01   3.016380e-06   0.000000e+00   0.000000e+00   4.946544e-01   5.215292e+00   9.999982e-01   5.215294e+00   5.215297e+00
1     2.083921e+01   9.999998e-01   3.017201e-06   0.000000e+00   0.000000e+00   4.949318e-01   5.278010e+00   9.999982e-01   5.278012e+00   5.278015e+00
1     2.084924e+01   9.999998e-01   3.017969e-06   0.000000e+00   0.000000e+00   4.952249e-01   5.340712e+00   9.999982e-01   5.340714e+00   5.340717e+00
1     2.085926e+01   9.999998e-01   3.018681e-06   0.000000e+00   0.000000e+00   4.955325e-01   5.403400e+00   9.999982e-01   5.403402e+00   5.403404e+00
1     2.086929e+01   9.999998e-01   3.019335e-06   0.000000e+00   0.000000e+00   4.958533e-01   5.466074e+00   9.999982e-01   5.466076e+00   5.466079e+00
1     2.087932e+01   9.999998e-01   3.019929e-06   0.000000e+00   0.000000e+00   4.961861e-01   5.528737e+00   9.999982e-01   5.528739e+00   5.528741e+00
1     2.088934e+01   9.999998e-01   3.020460e-06   0.000000e+00   0.000000e+00   4.965295e-01   5.591389e+00   9.999982e-01   5.591391e+00   5.591392e+00
1     2.089937e+01   9.999998e-01   3.020927e-06   0.000000e+00   0.000000e+00   4.968822e-01   5.654031e+00   9.999982e-01   5.654033e+00   5.654035e+00
1     2.090939e+01   9.999998e-01   3.021330e-06   0.000000e+00   0.000000e+00   4.972428e-01   5.716666e+00   9.999982e-01   5.716668e+00   5.716669e+00
1     2.091942e+01   9.999998e-01   3.021666e-06   0.000000e+00   0.000000e+00   4.976101e-01   5.779294e+00   9.999982e-01   5.779296e+00   5.779297e+00
1     2.092945e+01   9.999998e-01   3.021934e-06   0.000000e+00   0.000000e+00   4.979825e-01   5.841917e+00   9.999982e-01   5.841918e+00   5.841920e+00
1     2.093947e+01   9.999998e-01   3.022134e-06   0.000000e+00   0.000000e+00   4.983589e-01   5.904536e+00   9.999982e-01   5.904537e+00   5.904539e+00
1     2.094950e+01   9.999998e-01   3.022266e-06   0.000000e+00   0.000000e+00   4.987377e-01   5.967153e+00   9.999982e-01   5.967154e+00   5.967155e+00
1     2.095952e+01   9.999998e-01   3.022329e-06   0.000000e+00   0.000000e+00   4.991177e-01   6.029768e+00   9.999982e-01   6.029769e+00   6.029770e+00
1     2.096955e+01   9.999998e-01   3.022323e-06   0.000000e+00   0.000000e+00   4.994974e-01   6.092384e+00   9.999982e-01   6.092385e+00   6.092385e+00
1     2.097957e+01   9.999998e-01   3.022248e-06   0.000000e+00   0.000000e+00   4.998756e-01   6.155001e+00   9.999982e-01   6.155002e+00   6.155002e+00
1     2.098960e+01   9.999998e-01   3.022105e-06   0.000000e+00   0.000000e+00   5.002509e-01   6.217622e+00   9.999982e-01   6.217622e+00   6.217622e+00
1     2.099963e+01   9.999998e-01   3.021895e-06   0.000000e+00   0.000000e+00   5.006219e-01   6.280246e+00   9.999982e-01   6.280246e+00   6.280246e+00
1     2.100965e+01   9.999998e-01   3.021618e-06   0.000000e+00   0.000000e+00   5.009873e-01   5.969077e-02   9.999982e-01   5.969059e-02   5.969041e-02
1     2.101968e+01   9.999998e-01   3.021275e-06   0.000000e+00   0.000000e+00   5.013459e-01   1.223276e-01   9.999982e-01   1.223273e-01   1.223269e-01
1     2.102970e+01   9.999998e-01   3.020868e-06   0.000000e+00   0.000000e+00   5.016964e-01   1.849726e-01   9.999982e-01   1.849721e-01   1.849715e-01
1     2.103973e+01   9.999998e-01   3.020398e-06   0.000000e+00   0.000000e+00   5.020376e-01   2.476270e-01   9.999982e-01   2.476262e-01   2.476255e-01
1     2.104976e+01   9.999998e-01   3.019867e-06   0.000000e+00   0.000000e+00   5.023681e-01   3.102919e-01   9.999982e-01   3.102910e-01   3.102900e-01
1     2.105978e+01   9.999998e-01   3.019277e-06   0.000000e+00   0.000000e+00   5.026869e-01   3.729686e-01   9.999982e-01   3.729675e-01   3.729664e-01
1     2.106981e+01   9.999998e-01   3.018630e-06   0.000000e+00   0.000000e+00   5.029927e-01   4.356582e-01   9.999982e-01   4.356569e-01   4.356556e-01
1     2.107983e+01   9.999998e-01   3.017928e-06   0.000000e+00   0.000000e+00   5.032846e-01   4.983618e-01   9.999982e-01   4.983603e-01   4.983589e-01
1     2.108986e+01   9.999998e-01   3.017175e-06   0.000000e+00   0.000000e+00   5.035614e-01   5.610804e-01   9.999982e-01   5.610788e-01   5.610772e-01
1     2.109989e+01   9.999998e-01   3.016373e-06   0.000000e+00   0.000000e+00   5.038221e-01   6.238151e-01   9.999982e-01   6.238134e-01   6.238116e-01
1     2.110991e+01   9.999998e-01   3.015524e-06   0.000000e+00   0.000000e+00   5.040658e-01   6.865668e-01   9.999982e-01   6.865649e-01   6.865630e-01
1     2.111994e+01   9.999998e-01   3.014633e-06   0.000000e+00   0.000000e+00   5.042916e-01   7.493364e-01   9.999982e-01   7.493343e-01   7.493323e-01
1     2.112996e+01   9.999998e-01   3.013702e-06   0.000000e+00   0.000000e+00   5.044987e-01   8.121247e-01   9.999982e-01   8.121225e-01   8.121203e-01
1     2.113999e+01   9.999998e-01   3.012736e-06   0.000000e+00   0.000000e+00   5.046863e-01   8.749324e-01   9.999982e-01   8.749301e-01   8.749278e-01
1     2.114876e+01   9.999998e-01   3.011863e-06   0.000000e+00   0.000000e+00   5.048339e-01   9.299058e-01   9.999982e-01   9.299034e-01   9.299009e-01
1     2.115879e+01   9.999998e-01   3.010839e-06   0.000000e+00   0.000000e+00   5.049831e-01   9.927519e-01   9.999982e-01   9.927494e-01   9.927468e-01
1     2.116881e+01   9.999998e-01   3.009789e-06   0.000000e+00   0.000000e+00   5.051110e-01   1.055619e+00   9.999982e-01   1.055617e+00   1.055614e+00
1     2.117884e+01   9.999998e-01   3.008718e-06   0.000000e+00   0.000000e+00   5.052170e-01   1.118509e+00   9.999982e-01   1.118506e+00   1.118503e+00
1     2.118887e+01   9.999998e-01   3.007630e-06   0.000000e+00   0.000000e+00   5.053009e-01   1.181420e+00   9.999982e-01   1.181417e+00   1.181414e+00
1     2.119889e+01   9.999998e-01   3.006528e-06   0.000000e+00   0.000000e+00   5.053621e-01   1.244354e+00   9.999982e-01   1.244351e+00   1.244348e+00
1     2.120892e+01   9.999998e-01   3.005417e-06   0.000000e+00   0.000000e+00   5.054005e-01   1.307311e+00   9.999982e-01   1.307308e+00   1.307305e+00
1     2.121894e+01   9.999998e-01   3.004301e-06   0.000000e+00   0.000000e+00   5.054159e-01   1.370290e+00   9.999982e-01   1.370288e+00   1.370285e+00
1     2.122897e+01   9.999998e-01   3.003185e-06   0.000000e+00   0.000000e+00   5.054083e-01   1.433293e+00   9.999982e-01   1.433290e+00   1.433287e+00
1     2.123900e+01   9.999998e-01   3.002072e-06   0.000000e+00   0.000000e+00   5.053775e-01   1.496319e+00   9.999982e-01   1.496316e+00   1.496313e+00
1     2.124902e+01   9.999998e-01   3.000967e-06   0.000000e+00   0.000000e+00   5.053237e-01   1.559368e+00   9.999982e-01   1.559365e+00   1.559362e+00
1     2.125905e+01   9.999998e-01   2.999874e-06   0.000000e+00   0.000000e+00   5.052470e-01   1.622440e+00   9.999982e-01   1.622437e+00   1.622434e+00
1     2.126907e+01   9.999998e-01   2.998797e-06   0.000000e+00   0.000000e+00   5.051477e-01   1.685534e+00   9.999982e-01   1.685531e+00   1.685528e+00
1     2.127910e+01   9.999998e-01   2.997740e-06   0.000000e+00   0.000000e+00   5.050262e-01   1.748651e+00   9.999982e-01   1.748648e+00   1.748645e+00
1     2.128913e+01   9.999998e-01   2.996708e-06   0.000000e+00   0.000000e+00   5.048828e-01   1.811789e+00   9.999982e-01   1.811786e+00   1.811783e+00
1     2.129915e+01   9.999998e-01   2.995704e-06   0.000000e+00   0.000000e+00   5.047181e-01   1.874949e+00   9.999982e-01   1.874946e+00   1.874943e+00
1     2.130918e+01   9.999998e-01   2.994732e-06   0.000000e+00   0.000000e+00   5.045326e-01   1.938129e+00   9.999982e-01   1.938127e+00   1.938124e+00
1     2.131920e+01   9.999998e-01   2.993797e-06   0.000000e+00   0.000000e+00   5.043270e-01   2.001330e+00   9.999982e-01   2.001327e+00   2.001324e+00
1     2.132923e+01   9.999998e-01   2.992901e-06   0.000000e+00   0.000000e+00   5.041022e-01   2.064550e+00   9.999982e-01   2.064547e+00   2.064544e+00
1     2.133926e+01   9.999998e-01   2.992048e-06   0.000000e+00   0.000000e+00   5.038588e-01   2.127788e+00   9.999982e-01   2.127785e+00   2.127783e+00
1     2.134928e+01   9.999998e-01   2.991243e-06   0.000000e+00   0.000000e+00   5.035978e-01   2.191044e+00   9.999982e-01   2.191041e+00   2.191039e+00
1     2.135931e+01   9.999998e-01   2.990486e-06   0.000000e+00   0.000000e+00   5.033201e-01   2.254316e+00   9.999982e-01   2.254314e+00   2.254312e+00
1     2.136933e+01   9.999998e-01   2.989783e-06   0.000000e+00   0.000000e+00   5.030269e-01   2.317604e+00   9.999982e-01   2.317602e+00   2.317600e+00
1     2.137936e+01   9.999998e-01   2.989136e-06   0.000000e+00   0.000000e+00   5.027192e-01   2.380907e+00   9.999982e-01   2.380905e+00   2.380903e+00
1     2.138939e+01   9.999998e-01   2.988547e-06   0.000000e+00   0.000000e+00   5.023981e-01   2.444223e+00   9.999982e-01   2.444221e+00   2.444219e+00
1     2.139941e+01   9.999998e-01   2.988018e-06   0.000000e+00   0.000000e+00   5.020650e-01   2.507550e+00   9.999982e-01   2.507549e+00   2.507547e+00
1     2.140944e+01   9.999998e-01   2.987553e-06   0.000000e+00   0.000000e+00   5.017210e-01   2.570889e+00   9.999982e-01   2.570888e+00   2.570886e+00
1     2.141946e+01   9.999998e-01   2.987152e-06   0.000000e+00   0.000000e+00   5.013675e-01   2.634237e+00   9.999982e-01   2.634236e+00   2.634235e+00
1     2.142949e+01   9.999998e-01   2.986818e-06   0.000000e+00   0.000000e+00   5.010059e-01   2.697594e+00   9.999982e-01   2.697593e+00   2.697591e+00
1     2.143952e+01   9.999998e-01   2.986552e-06   0.000000e+00   0.000000e+00   5.006375e-01   2.760957e+00   9.999982e-01   2.760956e+00   2.760955e+00
1     2.144954e+01   9.999998e-01   2.986356e-06   0.000000e+00   0.000000e+00   5.002639e-01   2.824325e+00   9.999982e-01   2.824324e+00   2.824323e+00
1     2.145957e+01   9.999998e-01   2.986230e-06   0.000000e+00   0.000000e+00   4.998865e-01   2.887697e+00   9.999982e-01   2.887697e+00   2.887696e+00
1     2.146959e+01   9.999998e-01   2.986174e-06   0.000000e+00   0.000000e+00   4.995067e-01   2.951072e+00   9.999982e-01   2.951071e+00   2.951071e+00
1     2.147962e+01   9.999998e-01   2.986190e-06   0.000000e+00   0.000000e+00   4.991262e-01   3.014447e+00   9.999982e-01   3.014447e+00   3.014446e+00
1     2.148965e+01   9.999998e-01   2.986277e-06   0.000000e+00   0.000000e+00   4.987465e-01   3.077821e+00   9.999982e-01   3.077821e+00   3.077821e+00
1     2.149967e+01   9.999998e-01   2.986435e-06   0.000000e+00   0.000000e+00   4.983690e-01   3.141193e+00   9.999982e-01   3.141193e+00   3.141193e+00
1     2.150970e+01   9.999998e-01   2.986663e-06   0.000000e+00   0.000000e+00   4.979953e-01   3.204562e+00   9.999982e-01   3.204562e+00   3.204562e+00
1     2.151972e+01   9.999998e-01   2.986960e-06   0.000000e+00   0.000000e+00   4.976269e-01   3.267925e+00   9.999982e-01   3.267925e+00   3.267926e+00
1     2.152975e+01   9.999998e-01   2.987326e-06   0.000000e+00   0.000000e+00   4.972652e-01   3.331281e+00   9.999982e-01   3.331282e+00   3.331282e+00
1     2.153978e+01   9.999998e-01   2.987758e-06   0.000000e+00   0.000000e+00   4.969117e-01   3.394630e+00   9.999982e-01   3.394630e+00   3.394631e+00
1     2.154980e+01   9.999998e-01   2.988255e-06   0.000000e+00   0.000000e+00   4.965678e-01   3.457968e+00   9.999982e-01   3.457969e+00   3.457970e+00
1     2.155983e+01   9.999998e-01   2.988814e-06   0.000000e+00   0.000000e+00   4.962349e-01   3.521296e+00   9.999982e-01   3.521297e+00   3.521298e+00
1     2.156985e+01   9.999998e-01   2.989434e-06   0.000000e+00   0.000000e+00   4.959142e-01   3.584611e+00   9.999982e-01   3.584612e+00   3.584614e+00
1     2.157988e+01   9.999998e-01   2.990112e-06   0.000000e+00   0.000000e+00   4.956069e-01   3.647913e+00   9.999982e-01   3.647915e+00   3.647916e+00
1     2.158991e+01   9.999998e-01   2.990844e-06   0.000000e+00   0.000000e+00   4.953143e-01   3.711201e+00   9.999982e-01   3.711202e+00   3.711204e+00
1     2.159993e+01   9.999998e-01   2.991629e-06   0.000000e+00   0.000000e+00   4.950374e-01   3.774472e+00   9.999982e-01   3.774474e+00   3.774476e+00
1     2.160996e+01   9.999998e-01   2.992462e-06   0.000000e+00   0.000000e+00   4.947772e-01   3.837727e+00   9.999982e-01   3.837729e+00   3.837731e+00
1     2.161998e+01   9.999998e-01   2.993340e-06   0.000000e+00   0.000000e+00   4.945347e-01   3.900964e+00   9.999982e-01   3.900967e+00   3.900969e+00
1     2.162876e+01   9.999998e-01   2.994143e-06   0.000000e+00   0.000000e+00   4.943377e-01   3.956282e+00   9.999982e-01   3.956284e+00   3.956286e+00
1     2.163878e+01   9.999998e-01   2.995097e-06   0.000000e+00   0.000000e+00   4.941306e-01   4.019484e+00   9.999982e-01   4.019486e+00   4.019489e+00
1     2.164881e+01   9.999998e-01   2.996086e-06   0.000000e+00   0.000000e+00   4.939433e-01   4.082666e+00   9.999982e-01   4.082668e+00   4.082671e+00
1     2.165883e+01   9.999998e-01   2.997105e-06   0.000000e+00   0.000000e+00   4.937766e-01   4.145828e+00   9.999982e-01   4.145830e+00   4.145833e+00
1     2.166886e+01   9.999998e-01   2.998152e-06   0.000000e+00   0.000000e+00   4.936310e-01   4.208968e+00   9.999982e-01   4.208971e+00   4.208973e+00
1     2.167889e+01   9.999998e-01   2.999221e-06   0.000000e+00   0.000000e+00   4.935070e-01   4.272087e+00   9.999982e-01   4.272090e+00   4.272093e+00
1     2.168891e+01   9.999998e-01   3.000310e-06   0.000000e+00   0.000000e+00   4.934049e-01   4.335184e+00   9.999982e-01   4.335187e+00   4.335190e+00
1     2.169894e+01   9.999998e-01   3.001414e-06   0.000000e+00   0.000000e+00   4.933250e-01   4.398259e+00   9.999982e-01   4.398262e+00   4.398265e+00
1     2.170896e+01   9.999998e-01   3.002528e-06   0.000000e+00   0.000000e+00   4.932676e-01   4.461312e+00   9.999982e-01   4.461314e+00   4.461317e+00
1     2.171899e+01   9.999998e-01   3.003649e-06   0.000000e+00   0.000000e+00   4.932328e-01   4.524341e+00   9.999982e-01   4.524344e+00   4.524347e+00
1     2.172902e+01   9.999998e-01   3.004773e-06   0.000000e+00   0.000000e+00   4.932207e-01   4.587348e+00   9.999982e-01   4.587351e+00   4.587354e+00
1     2.173904e+01   9.999998e-01   3.005895e-06   0.000000e+00   0.000000e+00   4.932313e-01   4.650333e+00   9.999982e-01   4.650336e+00   4.650339e+00
1     2.174907e+01   9.999998e-01   3.007011e-06   0.000000e+00   0.000000e+00   4.932646e-01   4.713295e+00   9.999982e-01   4.713298e+00   4.713301e+00
1     2.175909e+01   9.999998e-01   3.008117e-06   0.000000e+00   0.000000e+00   4.933202e-01   4.776234e+00   9.999982e-01   4.776237e+00   4.776240e+00
1     2.176912e+01   9.999998e-01   3.009210e-06   0.000000e+00   0.000000e+00   4.933981e-01   4.839152e+00   9.999982e-01   4.839155e+00   4.839158e+00
1     2.177915e+01   9.999998e-01   3.010284e-06   0.000000e+00   0.000000e+00   4.934979e-01   4.902047e+00   9.999982e-01   4.902050e+00   4.902053e+00
1     2.178917e+01   9.999998e-01   3.011336e-06   0.000000e+00   0.000000e+00   4.936192e-01   4.964921e+00   9.999982e-01   4.964924e+00   4.964927e+00
1     2.179920e+01   9.999998e-01   3.012361e-06   0.000000e+00   0.000000e+00   4.937616e-01   5.027774e+00   9.999982e-01   5.027777e+00   5.027779e+00
1     2.180922e+01   9.999998e-01   3.013357e-06   0.000000e+00   0.000000e+00   4.939244e-01   5.090606e+00   9.999982e-01   5.090609e+00   5.090612e+00
1     2.181925e+01   9.999998e-01   3.014319e-06   0.000000e+00   0.000000e+00   4.941072e-01   5.153419e+00   9.999982e-01   5.153421e+00   5.153424e+00
1     2.182928e+01   9.999998e-01   3.015243e-06   0.000000e+00   0.000000e+00   4.943092e-01   5.216212e+00   9.999982e-01   5.216215e+00   5.216217e+00
1     2.183930e+01   9.999998e-01   3.016126e-06   0.000000e+00   0.000000e+00   4.945297e-01   5.278987e+00   9.999982e-01   5.278989e+00   5.278992e+00
1     2.184933e+01   9.999998e-01   3.016964e-06   0.000000e+00   0.000000e+00   4.947678e-01   5.341744e+00   9.999982e-01   5.341746e+00   5.341749e+00
1     2.185935e+01   9.999998e-01   3.017754e-06   0.000000e+00   0.000000e+00   4.950226e-01   5.404485e+00   9.999982e-01   5.404487e+00   5.404489e+00
1     2.186938e+01   9.999998e-01   3.018493e-06   0.000000e+00   0.000000e+00   4.952931e-01   5.467209e+00   9.999982e-01   5.467212e+00   5.467214e+00
1     2.187940e+01   9.999998e-01   3.019178e-06   0.000000e+00   0.000000e+00   4.955782e-01   5.529920e+00   9.999982e-01   5.529922e+00   5.529924e+00
1     2.188943e+01   9.999998e-01   3.019806e-06   0.000000e+00   0.000000e+00   4.958769e-01   5.592616e+00   9.999982e-01   5.592618e+00   5.592620e+00
1     2.189946e+01   9.999998e-01   3.020374e-06   0.000000e+00   0.000000e+00   4.961880e-01   5.655301e+00   9.999982e-01   5.655302e+00   5.655304e+00
1     2.190948e+01   9.999998e-01   3.020880e-06   0.000000e+00   0.000000e+00   4.965101e-01   5.717974e+00   9.999982e-01   5.717975e+00   5.717977e+00
1     2.191951e+01   9.999998e-01   3.021321e-06   0.000000e+00   0.000000e+00   4.968421e-01   5.780637e+00   9.999982e-01   5.780639e+00   5.780640e+00
1     2.192953e+01   9.999998e-01   3.021697e-06   0.000000e+00   0.000000e+00   4.971826e-01   5.843292e+00   9.999982e-01   5.843294e+00   5.843295e+00
1     2.193956e+01   9.999998e-01   3.022005e-06   0.000000e+00   0.000000e+00   4.975301e-01   5.905940e+00   9.999982e-01   5.905941e+00   5.905942e+00
1     2.194959e+01   9.999998e-01   3.022244e-06   0.000000e+00   0.000000e+00   4.978834e-01   5.968582e+00   9.999982e-01   5.968583e+00   5.968584e+00
1     2.195961e+01   9.999998e-01   3.022413e-06   0.000000e+00   0.000000e+00   4.982409e-01   6.031220e+00   9.999982e-01   6.031221e+00   6.031222e+00
1     2.196964e+01   9.999998e-01   3.022511e-06   0.000000e+00   0.000000e+00   4.986011e-01   6.093856e+00   9.999982e-01   6.093856e+00   6.093857e+00
1     2.197966e+01   9.999998e-01   3.022537e-06   0.000000e+00   0.000000e+00   4.989626e-01   6.156489e+00   9.999982e-01   6.156490e+00   6.156490e+00
1     2.198969e+01   9.999998e-01   3.022491e-06   0.000000e+00   0.000000e+00   4.993238e-01   6.219124e+00   9.999982e-01   6.219124e+00   6.219124e+00
1     2.199972e+01   9.999998e-01   3.022374e-06   0.000000e+00   0.000000e+00   4.996832e-01   6.281760e+00   9.999982e-01   6.281760e+00   6.281760e+00
1     2.200974e+01   9.999998e-01   3.022185e-06   0.000000e+00   0.000000e+00   5.000393e-01   6.121380e-02   9.999982e-01   6.121362e-02   6.121343e-02
1     2.201977e+01   9.999998e-01   3.021926e-06   0.000000e+00   0.000000e+00   5.003906e-01   1.238580e-01   9.999982e-01   1.238576e-01   1.238572e-01
1     2.202979e+01   9.999998e-01   3.021597e-06   0.000000e+00   0.000000e+00   5.007355e-01   1.865085e-01   9.999982e-01   1.865080e-01   1.865074e-01
1     2.203982e+01   9.999998e-01   3.021199e-06   0.000000e+00   0.000000e+00   5.010726e-01   2.491669e-01   9.999982e-01   2.491661e-01   2.491654e-01
1     2.204985e+01   9.999998e-01   3.020735e-06   0.000000e+00   0.000000e+00   5.014003e-01   3.118345e-01   9.999982e-01   3.118336e-01   3.118327e-01
1     2.205987e+01   9.999998e-01   3.020205e-06   0.000000e+00   0.000000e+00   5.017174e-01   3.745129e-01   9.999982e-01   3.745118e-01   3.745107e-01
1     2.206990e+01   9.999998e-01   3.019612e-06   0.000000e+00   0.000000e+00   5.020222e-01   4.372035e-01   9.999982e-01   4.372022e-01   4.372010e-01
1     2.207992e+01   9.999998e-01   3.018959e-06   0.000000e+00   0.000000e+00   5.023136e-01   4.999076e-01   9.999982e-01   4.999061e-01   4.999047e-01
1     2.208995e+01   9.999998e-01   3.018247e-06   0.000000e+00   0.000000e+00   5.025901e-01   5.626265e-01   9.999982e-01   5.626249e-01   5.626232e-01
1     2.209998e+01   9.999998e-01   3.017480e-06   0.000000e+00   0.000000e+00   5.028505e-01   6.253614e-01   9.999982e-01   6.253597e-01   6.253579e-01
1     2.210875e+01   9.999998e-01   3.016767e-06   0.000000e+00   0.000000e+00   5.030643e-01   6.802686e-01   9.999982e-01   6.802667e-01   6.802648e-01
1     2.211877e+01   9.999998e-01   3.015906e-06   0.000000e+00   0.000000e+00   5.032914e-01   7.430368e-01   9.999982e-01   7.430348e-01   7.430328e-01
1     2.212880e+01   9.999998e-01   3.015000e-06   0.000000e+00   0.000000e+00   5.034992e-01   8.058243e-01   9.999982e-01   8.058222e-01   8.058200e-01
1     2.213883e+01   9.999998e-01   3.014053e-06   0.000000e+00   0.000000e+00   5.036868e-01   8.686321e-01   9.999982e-01   8.686298e-01   8.686275e-01
1     2.214885e+01   9.999998e-01   3.013068e-06   0.000000e+00   0.000000e+00   5.038533e-01   9.314609e-01   9.999982e-01   9.314585e-01   9.314561e-01
1     2.215888e+01   9.999998e-01   3.012050e-06   0.000000e+00   0.000000e+00   5.039978e-01   9.943117e-01   9.999982e-01   9.943091e-01   9.943066e-01
1     2.216890e+01   9.999998e-01   3.011004e-06   0.000000e+00   0.000000e+00   5.041198e-01   1.057185e+00   9.999982e-01   1.057182e+00   1.057180e+00
1     2.217893e+01   9.999998e-01   3.009933e-06   0.000000e+00   0.000000e+00   5.042185e-01   1.120081e+00   9.999982e-01   1.120079e+00   1.120076e+00
1     2.218896e+01   9.999998e-01   3.008843e-06   0.000000e+00   0.000000e+00   5.042936e-01   1.183002e+00   9.999982e-01   1.182999e+00   1.182996e+00
1     2.219898e+01   9.999998e-01   3.007738e-06   0.000000e+00   0.000000e+00   5.043445e-01   1.245946e+00   9.999982e-01   1.245943e+00   1.245940e+00
1     2.220901e+01   9.999998e-01   3.006623e-06   0.000000e+00   0.000000e+00   5.043711e-01   1.308915e+00   9.999982e-01   1.308912e+00   1.308909e+00
1     2.221903e+01   9.999998e-01   3.005502e-06   0.000000e+00   0.000000e+00   5.043730e-01   1.371908e+00   9.999982e-01   1.371905e+00   1.371902e+00
1     2.222906e+01   9.999998e-01   3.004380e-06   0.000000e+00   0.000000e+00   5.043503e-01   1.434926e+00   9.999982e-01   1.434923e+00   1.434920e+00
1     2.223909e+01   9.999998e-01   3.003263e-06   0.000000e+00   0.000000e+00   5.043029e-01   1.497968e+00   9.999982e-01   1.497965e+00   1.497962e+00
1     2.224911e+01   9.999998e-01   3.002154e-06   0.000000e+00   0.000000e+00   5.042309e-01   1.561035e+00   9.999982e-01   1.561032e+00   1.561029e+00
1     2.225914e+01   9.999998e-01   3.001059e-06   0.000000e+00   0.000000e+00   5.041346e-01   1.624126e+00   9.999982e-01   1.624123e+00   1.624120e+00
1     2.226916e+01   9.999998e-01   2.999983e-06   0.000000e+00   0.000000e+00   5.040144e-01   1.687242e+00   9.999982e-01   1.687239e+00   1.687236e+00
1     2.227919e+01   9.999998e-01   2.998929e-06   0.000000e+00   0.000000e+00   5.038705e-01   1.750381e+00   9.999982e-01   1.750378e+00   1.750375e+00
1     2.228922e+01   9.999998e-01   2.997903e-06   0.000000e+00   0.000000e+00   5.037037e-01   1.813543e+00   9.999982e-01   1.813540e+00   1.813537e+00
1     2.229924e+01   9.999998e-01   2.996909e-06   0.000000e+00   0.000000e+00   5.035144e-01   1.876727e+00   9.999982e-01   1.876724e+00   1.876721e+00
1     2.230927e+01   9.999998e-01   2.995951e-06   0.000000e+00   0.000000e+00   5.033034e-01   1.939933e+00   9.999982e-01   1.939930e+00   1.939927e+00
1     2.231929e+01   9.999998e-01   2.995033e-06   0.000000e+00   0.000000e+00   5.030716e-01   2.003159e+00   9.999982e-01   2.003157e+00   2.003154e+00
1     2.232932e+01   9.999998e-01   2.994159e-06   0.000000e+00   0.000000e+00   5.028199e-01   2.066406e+00   9.999982e-01   2.066403e+00   2.066401e+00
1     2.233935e+01   9.999998e-01   2.993334e-06   0.000000e+00   0.000000e+00   5.025492e-01   2.129672e+00   9.999982e-01   2.129669e+00   2.129667e+00
1     2.234937e+01   9.999998e-01   2.992559e-06   0.000000e+00   0.000000e+00   5.022606e-01   2.192955e+00   9.999982e-01   2.192953e+00   2.192950e+00
1     2.235940e+01   9.999998e-01   2.991839e-06   0.000000e+00   0.000000e+00   5.019554e-01   2.256255e+00   9.999982e-01   2.256253e+00   2.256250e+00
1     2.236942e+01   9.999998e-01   2.991177e-06   0.000000e+00   0.000000e+00   5.016347e-01   2.319571e+00   9.999982e-01   2.319568e+00   2.319566e+00
1     2.237945e+01   9.999998e-01   2.990576e-06   0.000000e+00   0.000000e+00   5.012998e-01   2.382900e+00   9.999982e-01   2.382898e+00   2.382896e+00
1     2.238948e+01   9.999998e-01   2.990037e-06   0.000000e+00   0.000000e+00   5.009521e-01   2.446243e+00   9.999982e-01   2.446241e+00   2.446239e+00
1     2.239950e+01   9.999998e-01   2.989564e-06   0.000000e+00   0.000000e+00   5.005930e-01   2.509597e+00   9.999982e-01   2.509595e+00   2.509593e+00
1     2.240953e+01   9.999998e-01   2.989159e-06   0.000000e+00   0.000000e+00   5.002240e-01   2.572960e+00   9.999982e-01   2.572959e+00   2.572957e+00
1     2.241955e+01   9.999998e-01   2.988822e-06   0.000000e+00   0.000000e+00   4.998464e-01   2.636333e+00   9.999982e-01   2.636331e+00   2.636330e+00
1     2.242958e+01   9.999998e-01   2.988557e-06   0.000000e+00   0.000000e+00   4.994619e-01   2.699712e+00   9.999982e-01   2.699711e+00   2.699710e+00
1     2.243961e+01   9.999998e-01   2.988363e-06   0.000000e+00   0.000000e+00   4.990719e-01   2.763097e+00   9.999982e-01   2.763096e+00   2.763095e+00
1     2.244963e+01   9.999998e-01   2.988242e-06   0.000000e+00   0.000000e+00   4.986781e-01   2.826485e+00   9.999982e-01   2.826484e+00   2.826483e+00
1     2.245966e+01   9.999998e-01   2.988195e-06   0.000000e+00   0.000000e+00   4.982821e-01   2.889876e+00   9.999982e-01   2.889875e+00   2.889875e+00
1     2.246968e+01   9.999998e-01   2.988221e-06   0.000000e+00   0.000000e+00   4.978853e-01   2.953268e+00   9.999982e-01   2.953267e+00   2.953266e+00
1     2.247971e+01   9.999998e-01   2.988321e-06   0.000000e+00   0.000000e+00   4.974896e-01   3.016658e+00   9.999981e-01   3.016658e+00   3.016657e+00
1     2.248974e+01   9.999998e-01   2.988495e-06   0.000000e+00   0.000000e+00   4.970963e-01   3.080046e+00   9.999981e-01   3.080046e+00   3.080046e+00
1     2.249976e+01   9.999998e-01   2.988741e-06   0.000000e+00   0.000000e+00   4.967072e-01   3.143430e+00   9.999981e-01   3.143430e+00   3.143430e+00
1     2.250979e+01   9.999998e-01   2.989059e-06   0.000000e+00   0.000000e+00   4.963238e-01   3.206808e+00   9.999981e-01   3.206808e+00   3.206808e+00
1     2.251981e+01   9.999998e-01   2.989448e-06   0.000000e+00   0.000000e+00   4.959476e-01   3.270179e+00   9.999981e-01   3.270179e+00   3.270180e+00
1     2.252984e+01   9.999998e-01   2.989906e-06   0.000000e+00   0.000000e+00   4.955801e-01   3.333541e+00   9.999981e-01   3.333542e+00   3.333542e+00
1     2.253987e+01   9.999998e-01   2.990431e-06   0.000000e+00   0.000000e+00   4.952229e-01   3.396893e+00   9.999981e-01   3.396894e+00   3.396895e+00
1     2.254989e+01   9.999998e-01   2.991021e-06   0.000000e+00   0.000000e+00   4.948772e-01   3.460234e+00   9.999981e-01   3.460234e+00   3.460235e+00
1     2.255992e+01   9.999998e-01   2.991674e-06   0.000000e+00   0.000000e+00   4.945445e-01   3.523561e+00   9.999981e-01   3.523562e+00   3.523563e+00
1     2.256994e+01   9.999998e-01   2.992386e-06   0.000000e+00   0.000000e+00   4.942261e-01   3.586874e+00   9.999981e-01   3.586875e+00   3.586877e+00
1     2.257997e+01   9.999998e-01   2.993156e-06   0.000000e+00   0.000000e+00   4.939231e-01   3.650172e+00   9.999981e-01   3.650173e+00   3.650175e+00
1     2.258999e+01   9.999998e-01   2.993979e-06   0.000000e+00   0.000000e+00   4.936368e-01   3.713453e+00   9.999981e-01   3.713455e+00   3.713456e+00
1     2.259877e+01   9.999998e-01   2.994741e-06   0.000000e+00   0.000000e+00   4.934009e-01   3.768809e+00   9.999981e-01   3.768811e+00   3.768813e+00
1     2.260879e+01   9.999998e-01   2.995657e-06   0.000000e+00   0.000000e+00   4.931487e-01   3.832056e+00   9.999981e-01   3.832058e+00   3.832060e+00
1     2.261882e+01   9.999998e-01   2.996616e-06   0.000000e+00   0.000000e+00   4.929160e-01   3.895284e+00   9.999981e-01   3.895286e+00   3.895288e+00
1     2.262885e+01   9.999998e-01   2.997615e-06   0.000000e+00   0.000000e+00   4.927038e-01   3.958491e+00   9.999981e-01   3.958493e+00   3.958495e+00
1     2.263887e+01   9.999998e-01   2.998649e-06   0.000000e+00   0.000000e+00   4.925127e-01   4.021677e+00   9.999981e-01   4.021679e+00   4.021682e+00
1     2.264890e+01   9.999998e-01   2.999715e-06   0.000000e+00   0.000000e+00   4.923433e-01   4.084841e+00   9.999981e-01   4.084844e+00   4.084846e+00
1     2.265892e+01   9.999998e-01   3.000809e-06   0.000000e+00   0.000000e+00   4.921963e-01   4.147983e+00   9.999981e-01   4.147986e+00   4.147988e+00
1     2.266895e+01   9.999998e-01   3.001926e-06   0.000000e+00   0.000000e+00   4.920721e-01   4.211102e+00   9.999981e-01   4.211105e+00   4.211107e+00
1     2.267898e+01   9.999998e-01   3.003061e-06   0.000000e+00   0.000000e+00   4.919711e-01   4.274198e+00   9.999981e-01   4.274201e+00   4.274204e+00
1     2.268900e+01   9.999998e-01   3.004210e-06   0.000000e+00   0.000000e+00   4.918934e-01   4.337271e+00   9.999981e-01   4.337274e+00   4.337276e+00
1     2.269903e+01   9.999998e-01   3.005370e-06   0.000000e+00   0.000000e+00   4.918393e-01   4.400320e+00   9.999981e-01   4.400323e+00   4.400326e+00
1     2.270905e+01   9.999998e-01   3.006534e-06   0.000000e+00   0.000000e+00   4.918088e-01   4.463345e+00   9.999981e-01   4.463348e+00   4.463351e+00
1     2.271908e+01   9.999998e-01   3.007700e-06   0.000000e+00   0.000000e+00   4.918020e-01   4.526347e+00   9.999981e-01   4.526350e+00   4.526353e+00
1     2.272911e+01   9.999998e-01   3.008861e-06   0.000000e+00   0.000000e+00   4.918186e-01   4.589326e+00   9.999981e-01   4.589329e+00   4.589332e+00
1     2.273913e+01   9.999998e-01   3.010016e-06   0.000000e+00   0.000000e+00   4.918586e-01   4.652281e+00   9.999981e-01   4.652284e+00   4.652287e+00
1     2.274916e+01   9.999998e-01   3.011158e-06   0.000000e+00   0.000000e+00   4.919216e-01   4.715213e+00   9.999981e-01   4.715216e+00   4.715219e+00
1     2.275918e+01   9.999998e-01   3.012283e-06   0.000000e+00   0.000000e+00   4.920072e-01   4.778122e+00   9.999981e-01   4.778125e+00   4.778128e+00
1     2.276921e+01   9.999998e-01   3.013388e-06   0.000000e+00   0.000000e+00   4.921149e-01   4.841010e+00   9.999981e-01   4.841013e+00   4.841016e+00
1     2.277923e+01   9.999998e-01   3.014469e-06   0.000000e+00   0.000000e+00   4.922443e-01   4.903875e+00   9.999981e-01   4.903878e+00   4.903881e+00
1     2.278926e+01   9.999998e-01   3.015522e-06   0.000000e+00   0.000000e+00   4.923948e-01   4.966720e+00   9.999981e-01   4.966723e+00   4.966726e+00
1     2.279929e+01   9.999998e-01   3.016543e-06   0.000000e+00   0.000000e+00   4.925656e-01   5.029544e+00   9.999981e-01   5.029547e+00   5.029550e+00
1     2.280931e+01   9.999998e-01   3.017528e-06   0.000000e+00   0.000000e+00   4.927560e-01   5.092349e+00   9.999981e-01   5.092352e+00   5.092355e+00
1     2.281934e+01   9.999998e-01   3.018475e-06   0.000000e+00   0.000000e+00   4.929653e-01   5.155135e+00   9.999981e-01   5.155138e+00   5.155141e+00
1     2.282936e+01   9.999998e-01   3.019379e-06   0.000000e+00   0.000000e+00   4.931926e-01   5.217903e+00   9.999981e-01   5.217906e+00   5.217909e+00
1     2.283939e+01   9.999998e-01   3.020239e-06   0.000000e+00   0.000000e+00   4.934369e-01   5.280654e+00   9.999981e-01   5.280657e+00   5.280659e+00
1     2.284942e+01   9.999998e-01   3.021050e-06   0.000000e+00   0.000000e+00   4.936973e-01   5.343389e+00   9.999981e-01   5.343391e+00   5.343394e+00
1     2.285944e+01   9.999998e-01   3.021811e-06   0.000000e+00   0.000000e+00   4.939729e-01   5.406109e+00   9.999981e-01   5.406111e+00   5.406113e+00
1     2.286947e+01   9.999998e-01   3.022518e-06   0.000000e+00   0.000000e+00   4.942626e-01   5.468814e+00   9.999981e-01   5.468817e+00   5.468819e+00
1     2.287949e+01   9.999998e-01   3.023170e-06   0.000000e+00   0.000000e+00   4.945653e-01   5.531507e+00   9.999981e-01   5.531509e+00   5.531511e+00
1     2.288952e+01   9.999998e-01   3.023764e-06   0.000000e+00   0.000000e+00   4.948799e-01   5.594188e+00   9.999981e-01   5.594190e+00   5.594192e+00
1     2.289955e+01   9.999998e-01   3.024298e-06   0.000000e+00   0.000000e+00   4.952052e-01   5.656858e+00   9.999981e-01   5.656860e+00   5.656861e+00
1     2.290957e+01   9.999998e-01   3.024770e-06   0.000000e+00   0.000000e+00   4.955401e-01   5.719518e+00   9.999981e-01   5.719520e+00   5.719522e+00
1     2.291960e+01   9.999998e-01   3.025180e-06   0.000000e+00   0.000000e+00   4.958833e-01   5.782171e+00   9.999981e-01   5.782172e+00   5.782173e+00
1     2.292962e+01   9.999998e-01   3.025525e-06   0.000000e+00   0.000000e+00   4.962337e-01   5.844816e+00   9.999981e-01   5.844817e+00   5.844818e+00
1     2.293965e+01   9.999998e-01   3.025804e-06   0.000000e+00   0.000000e+00   4.965900e-01   5.907455e+00   9.999981e-01   5.907456e+00   5.907457e+00
1     2.294968e+01   9.999998e-01   3.026017e-06   0.000000e+00   0.000000e+00   4.969508e-01   5.970089e+00   9.999981e-01   5.970090e+00   5.970091e+00
1     2.295970e+01   9.999998e-01   3.026162e-06   0.000000e+00   0.000000e+00   4.973150e-01   6.032721e+00   9.999981e-01   6.032721e+00   6.032722e+00
1     2.296973e+01   9.999998e-01   3.026239e-06   0.000000e+00   0.000000e+00   4.976811e-01   6.095350e+00   9.999981e-01   6.095350e+00   6.095351e+00
1     2.297975e+01   9.999998e-01   3.026249e-06   0.000000e+00   0.000000e+00   4.980479e-01   6.157979e+00   9.999981e-01   6.157979e+00   6.157979e+00
1     2.298978e+01   9.999998e-01   3.026190e-06   0.000000e+00   0.000000e+00   4.984140e-01   6.220608e+00   9.999981e-01   6.220608e+00   6.220608e+00
1     2.299981e+01   9.999998e-01   3.026062e-06   0.000000e+00   0.000000e+00   4.987781e-01   5.403734e-05   9.999981e-01   5.403718e-05   5.403702e-05
1     2.300983e+01   9.999998e-01   3.025867e-06   0.000000e+00   0.000000e+00   4.991388e-01   6.268878e-02   9.999981e-01   6.268860e-02   6.268841e-02
1     2.301986e+01   9.999998e-01   3.025606e-06   0.000000e+00   0.000000e+00   4.994948e-01   1.253282e-01   9.999981e-01   1.253279e-01   1.253275e-01
1     2.302988e+01   9.999998e-01   3.025278e-06   0.000000e+00   0.000000e+00   4.998447e-01   1.879737e-01   9.999981e-01   1.879732e-01   1.879726e-01
1     2.303991e+01   9.999998e-01   3.024885e-06   0.000000e+00   0.000000e+00   5.001873e-01   2.506266e-01   9.999981e-01   2.506258e-01   2.506251e-01
1     2.304994e+01   9.999998e-01   3.024428e-06   0.000000e+00   0.000000e+00   5.005212e-01   3.132881e-01   9.999981e-01   3.132872e-01   3.132862e-01
1     2.305996e+01   9.999998e-01   3.023910e-06   0.000000e+00   0.000000e+00   5.008452e-01   3.759596e-01   9.999981e-01   3.759584e-01   3.759573e-01
1     2.306999e+01   9.999998e-01   3.023331e-06   0.000000e+00   0.000000e+00   5.011580e-01   4.386422e-01   9.999981e-01   4.386409e-01   4.386396e-01
1     2.307876e+01   9.999998e-01   3.022777e-06   0.000000e+00   0.000000e+00   5.014215e-01   4.934997e-01   9.999981e-01   4.934983e-01   4.934968e-01
1     2.308879e+01   9.999998e-01   3.022092e-06   0.000000e+00   0.000000e+00   5.017100e-01   5.562066e-01   9.999981e-01   5.562050e-01   5.562034e-01
1     2.309881e+01   9.999998e-01   3.021353e-06   0.000000e+00   0.000000e+00   5.019838e-01   6.189282e-01   9.999981e-01   6.189264e-01   6.189247e-01
1     2.310884e+01   9.999998e-01   3.020564e-06   0.000000e+00   0.000000e+00   5.022419e-01   6.816655e-01   9.999981e-01   6.816636e-01   6.816617e-01
1     2.311886e+01   9.999998e-01   3.019727e-06   0.000000e+00   0.000000e+00   5.024831e-01   7.444196e-01   9.999981e-01   7.444175e-01   7.444155e-01
1     2.312889e+01   9.999998e-01   3.018846e-06   0.000000e+00   0.000000e+00   5.027066e-01   8.071915e-01   9.999981e-01   8.071893e-01   8.071871e-01
1     2.313892e+01   9.999998e-01   3.017924e-06   0.000000e+00   0.000000e+00   5.029112e-01   8.699822e-01   9.999981e-01   8.699799e-01   8.699776e-01
1     2.314894e+01   9.999998e-01   3.016964e-06   0.000000e+00   0.000000e+00   5.030962e-01   9.327925e-01   9.999981e-01   9.327901e-01   9.327877e-01
1     2.315897e+01   9.999998e-01   3.015971e-06   0.000000e+00   0.000000e+00   5.032607e-01   9.956233e-01   9.999981e-01   9.956208e-01   9.956183e-01
1     2.316899e+01   9.999998e-01   3.014947e-06   0.000000e+00   0.000000e+00   5.034040e-01   1.058475e+00   9.999981e-01   1.058473e+00   1.058470e+00
1     2.317902e+01   9.999998e-01   3.013898e-06   0.000000e+00   0.000000e+00   5.035253e-01   1.121349e+00   9.999981e-01   1.121347e+00   1.121344e+00
1     2.318905e+01   9.999998e-01   3.012827e-06   0.000000e+00   0.000000e+00   5.036242e-01   1.184246e+00   9.999981e-01   1.184243e+00   1.184240e+00
1     2.319907e+01   9.999998e-01   3.011739e-06   0.000000e+00   0.000000e+00   5.037000e-01   1.247165e+00   9.999981e-01   1.247162e+00   1.247159e+00
1     2.320910e+01   9.999998e-01   3.010639e-06   0.000000e+00   0.000000e+00   5.037525e-01   1.310108e+00   9.999981e-01   1.310105e+00   1.310102e+00
1     2.321912e+01   9.999998e-01   3.009530e-06   0.000000e+00   0.000000e+00   5.037812e-01   1.373074e+00   9.999981e-01   1.373071e+00   1.373068e+00
1     2.322915e+01   9.999998e-01   3.008417e-06   0.000000e+00   0.000000e+00   5.037860e-01   1.436065e+00   9.999981e-01   1.436062e+00   1.436059e+00
1     2.323918e+01   9.999998e-01   3.007306e-06   0.000000e+00   0.000000e+00   5.037667e-01   1.499079e+00   9.999981e-01   1.499076e+00   1.499073e+00
1     2.324920e+01   9.999998e-01   3.006200e-06   0.000000e+00   0.000000e+00   5.037233e-01   1.562117e+00   9.999981e-01   1.562114e+00   1.562111e+00
1     2.325923e+01   9.999998e-01   3.005105e-06   0.000000e+00   0.000000e+00   5.036560e-01   1.625180e+00   9.999981e-01   1.625177e+00   1.625174e+00
1     2.326925e+01   9.999998e-01   3.004025e-06   0.000000e+00   0.000000e+00   5.035649e-01   1.688266e+00   9.999981e-01   1.688263e+00   1.688260e+00
1     2.327928e+01   9.999998e-01   3.002964e-06   0.000000e+00   0.000000e+00   5.034503e-01   1.751376e+00   9.999981e-01   1.751373e+00   1.751370e+00
1     2.328931e+01   9.999998e-01   3.001928e-06   0.000000e+00   0.000000e+00   5.033126e-01   1.814508e+00   9.999981e-01   1.814505e+00   1.814503e+00
1     2.329933e+01   9.999998e-01   3.000920e-06   0.000000e+00   0.000000e+00   5.031524e-01   1.877664e+00   9.999981e-01   1.877661e+00   1.877658e+00
1     2.330936e+01   9.999997e-01   2.999946e-06   0.000000e+00   0.000000e+00   5.029701e-01   1.940841e+00   9.999981e-01   1.940838e+00   1.940835e+00
1     2.331938e+01   9.999997e-01   2.999009e-06   0.000000e+00   0.000000e+00   5.027667e-01   2.004039e+00   9.999981e-01   2.004036e+00   2.004034e+00
1     2.332941e+01   9.999997e-01   2.998114e-06   0.000000e+00   0.000000e+00   5.025429e-01   2.067258e+00   9.999981e-01   2.067255e+00   2.067253e+00
1     2.333944e+01   9.999997e-01   2.997265e-06   0.000000e+00   0.000000e+00   5.022996e-01   2.130496e+00   9.999981e-01   2.130494e+00   2.130491e+00
1     2.334946e+01   9.999997e-01   2.996465e-06   0.000000e+00   0.000000e+00   5.020378e-01   2.193753e+00   9.999981e-01   2.193750e+00   2.193748e+00
1     2.335949e+01   9.999997e-01   2.995717e-06   0.000000e+00   0.000000e+00   5.017586e-01   2.257027e+00   9.999981e-01   2.257024e+00   2.257022e+00
1     2.336951e+01   9.999997e-01   2.995026e-06   0.000000e+00   0.000000e+00   5.014633e-01   2.320317e+00   9.999981e-01   2.320315e+00   2.320313e+00
1     2.337954e+01   9.999997e-01   2.994394e-06   0.000000e+00   0.000000e+00   5.011532e-01   2.383622e+00   9.999981e-01   2.383620e+00   2.383618e+00
1     2.338957e+01   9.999997e-01   2.993824e-06   0.000000e+00   0.000000e+00   5.008294e-01   2.446940e+00   9.999981e-01   2.446939e+00   2.446937e+00
1     2.339959e+01   9.999997e-01   2.993317e-06   0.000000e+00   0.000000e+00   5.004935e-01   2.510271e+00   9.999981e-01   2.510269e+00   2.510268e+00
1     2.340962e+01   9.999997e-01   2.992877e-06   0.000000e+00   0.000000e+00   5.001469e-01   2.573612e+00   9.999981e-01   2.573611e+00   2.573609e+00
1     2.341964e+01   9.999997e-01   2.992506e-06   0.000000e+00   0.000000e+00   4.997911e-01   2.636963e+00   9.999981e-01   2.636962e+00   2.636960e+00
1     2.342967e+01   9.999997e-01   2.992204e-06   0.000000e+00   0.000000e+00   4.994277e-01   2.700321e+00   9.999981e-01   2.700320e+00   2.700319e+00
1     2.343970e+01   9.999997e-01   2.991972e-06   0.000000e+00   0.000000e+00   4.990581e-01   2.763686e+00   9.999981e-01   2.763684e+00   2.763683e+00
1     2.344972e+01   9.999997e-01   2.991813e-06   0.000000e+00   0.000000e+00   4.986840e-01   2.827054e+00   9.999981e-01   2.827053e+00   2.827052e+00
1     2.345975e+01   9.999997e-01   2.991725e-06   0.000000e+00   0.000000e+00   4.983070e-01   2.890426e+00   9.999981e-01   2.890425e+00   2.890425e+00
1     2.346977e+01   9.999997e-01   2.991710e-06   0.000000e+00   0.000000e+00   4.979285e-01   2.953799e+00   9.999981e-01   2.953799e+00   2.953798e+00
1     2.347980e+01   9.999997e-01   2.991767e-06   0.000000e+00   0.000000e+00   4.975503e-01   3.017172e+00   9.999981e-01   3.017172e+00   3.017171e+00
1     2.348982e+01   9.999997e-01   2.991895e-06   0.000000e+00   0.000000e+00   4.971739e-01   3.080543e+00   9.999981e-01   3.080543e+00   3.080543e+00
1     2.349985e+01   9.999997e-01   2.992095e-06   0.000000e+00   0.000000e+00   4.968008e-01   3.143911e+00   9.999981e-01   3.143911e+00   3.143911e+00
1     2.350988e+01   9.999997e-01   2.992366e-06   0.000000e+00   0.000000e+00   4.964325e-01   3.207274e+00   9.999981e-01   3.207274e+00   3.207275e+00
1     2.351990e+01   9.999997e-01   2.992705e-06   0.000000e+00   0.000000e+00   4.960705e-01   3.270631e+00   9.999981e-01   3.270631e+00   3.270632e+00
1     2.352993e+01   9.999997e-01   2.993111e-06   0.000000e+00   0.000000e+00   4.957162e-01   3.333980e+00   9.999981e-01   3.333980e+00   3.333981e+00
1     2.353995e+01   9.999997e-01   2.993583e-06   0.000000e+00   0.000000e+00   4.953711e-01   3.397320e+00   9.999981e-01   3.397320e+00   3.397321e+00
1     2.354998e+01   9.999997e-01   2.994118e-06   0.000000e+00   0.000000e+00   4.950365e-01   3.460649e+00   9.999981e-01   3.460650e+00   3.460651e+00
1     2.355875e+01   9.999997e-01   2.994637e-06   0.000000e+00   0.000000e+00   4.947534e-01   3.516053e+00   9.999981e-01   3.516054e+00   3.516055e+00
1     2.356878e+01   9.999997e-01   2.995286e-06   0.000000e+00   0.000000e+00   4.944418e-01   3.579359e+00   9.999981e-01   3.579360e+00   3.579361e+00
1     2.357881e+01   9.999997e-01   2.995991e-06   0.000000e+00   0.000000e+00   4.941443e-01   3.642651e+00   9.999981e-01   3.642652e+00   3.642654e+00
1     2.358883e+01   9.999997e-01   2.996750e-06   0.000000e+00   0.000000e+00   4.938620e-01   3.705928e+00   9.999981e-01   3.705930e+00   3.705931e+00
1     2.359886e+01   9.999997e-01   2.997559e-06   0.000000e+00   0.000000e+00   4.935959e-01   3.769189e+00   9.999981e-01   3.769191e+00   3.769193e+00
1     2.360888e+01   9.999997e-01   2.998417e-06   0.000000e+00   0.000000e+00   4.933469e-01   3.832433e+00   9.999981e-01   3.832435e+00   3.832437e+00
1     2.361891e+01   9.999997e-01   2.999318e-06   0.000000e+00   0.000000e+00   4.931161e-01   3.895658e+00   9.999981e-01   3.895661e+00   3.895663e+00
1     2.362894e+01   9.999997e-01   3.000260e-06   0.000000e+00   0.000000e+00   4.929042e-01   3.958865e+00   9.999981e-01   3.958867e+00   3.958870e+00
1     2.363896e+01   9.999997e-01   3.001240e-06   0.000000e+00   0.000000e+00   4.927120e-01   4.022052e+00   9.999981e-01   4.022055e+00   4.022057e+00
1     2.364899e+01   9.999997e-01   3.002254e-06   0.000000e+00   0.000000e+00   4.925403e-01   4.085219e+00   9.999981e-01   4.085221e+00   4.085224e+00
1     2.365901e+01   9.999997e-01   3.003297e-06   0.000000e+00   0.000000e+00   4.923895e-01   4.148364e+00   9.999981e-01   4.148367e+00   4.148370e+00
1     2.366904e+01   9.999997e-01   3.004366e-06   0.000000e+00   0.000000e+00   4.922604e-01   4.211489e+00   9.999981e-01   4.211491e+00   4.211494e+00
1     2.367906e+01   9.999997e-01   3.005457e-06   0.000000e+00   0.000000e+00   4.921534e-01   4.274590e+00   9.999981e-01   4.274593e+00   4.274596e+00
1     2.368909e+01   9.999997e-01   3.006566e-06   0.000000e+00   0.000000e+00   4.920688e-01   4.337670e+00   9.999981e-01   4.337673e+00   4.337676e+00
1     2.369912e+01   9.999997e-01   3.007689e-06   0.000000e+00   0.000000e+00   4.920070e-01   4.400727e+00   9.999981e-01   4.400730e+00   4.400733e+00
1     2.370914e+01   9.999997e-01   3.008821e-06   0.000000e+00   0.000000e+00   4.919682e-01   4.463761e+00   9.999981e-01   4.463764e+00   4.463766e+00
1     2.371917e+01   9.999997e-01   3.009959e-06   0.000000e+00   0.000000e+00   4.919525e-01   4.526771e+00   9.999981e-01   4.526774e+00   4.526777e+00
1     2.372919e+01   9.999997e-01   3.011097e-06   0.000000e+00   0.000000e+00   4.919601e-01   4.589759e+00   9.999981e-01   4.589762e+00   4.589765e+00
1     2.373922e+01   9.999997e-01   3.012233e-06   0.000000e+00   0.000000e+00   4.919910e-01   4.652723e+00   9.999981e-01   4.652726e+00   4.652729e+00
1     2.374925e+01   9.999997e-01   3.013361e-06   0.000000e+00   0.000000e+00   4.920450e-01   4.715664e+00   9.999981e-01   4.715667e+00   4.715670e+00
1     2.375927e+01   9.999997e-01   3.014477e-06   0.000000e+00   0.000000e+00   4.921219e-01   4.778582e+00   9.999981e-01   4.778585e+00   4.778588e+00
1     2.376930e+01   9.999997e-01   3.015577e-06   0.000000e+00   0.000000e+00   4.922215e-01   4.841478e+00   9.999981e-01   4.841481e+00   4.841484e+00
1     2.377932e+01   9.999997e-01   3.016657e-06   0.000000e+00   0.000000e+00   4.923435e-01   4.904351e+00   9.999981e-01   4.904354e+00   4.904357e+00
1     2.378935e+01   9.999997e-01   3.017712e-06   0.000000e+00   0.000000e+00   4.924874e-01   4.967202e+00   9.999981e-01   4.967205e+00   4.967208e+00
1     2.379938e+01   9.999997e-01   3.018739e-06   0.000000e+00   0.000000e+00   4.926526e-01   5.030032e+00   9.999981e-01   5.030035e+00   5.030038e+00
1     2.380940e+01   9.999997e-01   3.019733e-06   0.000000e+00   0.000000e+00   4.928387e-01   5.092841e+00   9.999981e-01   5.092844e+00   5.092847e+00
1     2.381943e+01   9.999997e-01   3.020690e-06   0.000000e+00   0.000000e+00   4.930448e-01   5.155630e+00   9.999981e-01   5.155633e+00   5.155636e+00
1     2.382945e+01   9.999997e-01   3.021607e-06   0.000000e+00   0.000000e+00   4.932703e-01   5.218400e+00   9.999981e-01   5.218403e+00   5.218406e+00
1     2.383948e+01   9.999997e-01   3.022479e-06   0.000000e+00   0.000000e+00   4.935143e-01   5.281152e+00   9.999981e-01   5.281154e+00   5.281157e+00
1     2.384951e+01   9.999997e-01   3.023304e-06   0.000000e+00   0.000000e+00   4.937759e-01   5.343885e+00   9.999981e-01   5.343888e+00   5.343890e+00
1     2.385953e+01   9.999997e-01   3.024078e-06   0.000000e+00   0.000000e+00   4.940540e-01   5.406602e+00   9.999981e-01   5.406605e+00   5.406607e+00
1     2.386956e+01   9.999997e-01   3.024797e-06   0.000000e+00   0.000000e+00   4.943477e-01   5.469304e+00   9.999981e-01   5.469306e+00   5.469309e+00
1     2.387958e+01   9.999997e-01   3.025460e-06   0.000000e+00   0.000000e+00   4.946557e-01   5.531991e+00   9.999981e-01   5.531993e+00   5.531996e+00
1     2.388961e+01   9.999997e-01   3.026062e-06   0.000000e+00   0.000000e+00   4.949770e-01   5.594666e+00   9.999981e-01   5.594667e+00   5.594669e+00
1     2.389964e+01   9.999997e-01   3.026601e-06   0.000000e+00   0.000000e+00   4.953103e-01   5.657328e+00   9.999981e-01   5.657329e+00   5.657331e+00
1     2.390966e+01   9.999997e-01   3.027076e-06   0.000000e+00   0.000000e+00   4.956542e-01   5.719979e+00   9.999981e-01   5.719981e+00   5.719982e+00
1     2.391969e+01   9.999997e-01   3.027483e-06   0.000000e+00   0.000000e+00   4.960074e-01   5.782621e+00   9.999981e-01   5.782623e+00   5.782624e+00
1     2.392971e+01   9.999997e-01   3.027821e-06   0.000000e+00   0.000000e+00   4.963685e-01   5.845256e+00   9.999981e-01   5.845257e+00   5.845258e+00
1     2.393974e+01   9.999997e-01   3.028089e-06   0.000000e+00   0.000000e+00   4.967362e-01   5.907883e+00   9.999981e-01   5.907885e+00   5.907886e+00
1     2.394977e+01   9.999997e-01   3.028284e-06   0.000000e+00   0.000000e+00   4.971088e-01   5.970506e+00   9.999981e-01   5.970507e+00   5.970508e+00
1     2.395979e+01   9.999997e-01   3.028407e-06   0.000000e+00   0.000000e+00   4.974849e-01   6.033126e+00   9.999981e-01   6.033126e+00   6.033127e+00
1     2.396982e+01   9.999997e-01   3.028455e-06   0.000000e+00   0.000000e+00   4.978630e-01   6.095743e+00   9.999981e-01   6.095743e+00   6.095744e+00
1     2.397984e+01   9.999997e-01   3.028429e-06   0.000000e+00   0.000000e+00   4.982416e-01   6.158360e+00   9.999981e-01   6.158360e+00   6.158361e+00
1     2.398987e+01   9.999997e-01   3.028329e-06   0.000000e+00   0.000000e+00   4.986189e-01   6.220978e+00   9.999981e-01   6.220978e+00   6.220978e+00
1     2.399990e+01   9.999997e-01   3.028153e-06   0.000000e+00   0.000000e+00   4.989936e-01   4.134170e-04   9.999981e-01   4.134158e-04   4.134145e-04
1     2.400992e+01   9.999997e-01   3.027904e-06   0.000000e+00   0.000000e+00   4.993638e-01   6.303859e-02   9.999981e-01   6.303840e-02   6.303821e-02
1     2.401995e+01   9.999997e-01   3.027582e-06   0.000000e+00   0.000000e+00   4.997282e-01   1.256697e-01   9.999981e-01   1.256693e-01   1.256689e-01
1     2.402997e+01   9.999997e-01   3.027187e-06   0.000000e+00   0.000000e+00   5.000851e-01   1.883083e-01   9.999981e-01   1.883077e-01   1.883072e-01
1     2.404000e+01   9.999997e-01   3.026721e-06   0.000000e+00   0.000000e+00   5.004328e-01   2.509560e-01   9.999981e-01   2.509552e-01   2.509545e-01
1     2.404877e+01   9.999997e-01   3.026256e-06   0.000000e+00   0.000000e+00   5.007285e-01   3.057813e-01   9.999981e-01   3.057804e-01   3.057795e-01
1     2.405880e+01   9.999997e-01   3.025663e-06   0.000000e+00   0.000000e+00   5.010551e-01   3.684501e-01   9.999981e-01   3.684490e-01   3.684479e-01
1     2.406882e+01   9.999997e-01   3.025004e-06   0.000000e+00   0.000000e+00   5.013684e-01   4.311323e-01   9.999981e-01   4.311311e-01   4.311298e-01
1     2.407885e+01   9.999997e-01   3.024282e-06   0.000000e+00   0.000000e+00   5.016668e-01   4.938293e-01   9.999981e-01   4.938279e-01   4.938265e-01
1     2.408888e+01   9.999997e-01   3.023502e-06   0.000000e+00   0.000000e+00   5.019490e-01   5.565426e-01   9.999981e-01   5.565410e-01   5.565394e-01
1     2.409890e+01   9.999997e-01   3.022665e-06   0.000000e+00   0.000000e+00   5.022136e-01   6.192733e-01   9.999981e-01   6.192715e-01   6.192698e-01
1     2.410893e+01   9.999997e-01   3.021776e-06   0.000000e+00   0.000000e+00   5.024596e-01   6.820227e-01   9.999981e-01   6.820208e-01   6.820189e-01
1     2.411895e+01   9.999997e-01   3.020838e-06   0.000000e+00   0.000000e+00   5.026857e-01   7.447920e-01   9.999981e-01   7.447899e-01   7.447879e-01
1     2.412898e+01   9.999997e-01   3.019855e-06   0.000000e+00   0.000000e+00   5.028908e-01   8.075822e-01   9.999981e-01   8.075800e-01   8.075778e-01
1     2.413901e+01   9.999997e-01   3.018833e-06   0.000000e+00   0.000000e+00   5.030740e-01   8.703943e-01   9.999981e-01   8.703920e-01   8.703897e-01
1     2.414903e+01   9.999997e-01   3.017774e-06   0.000000e+00   0.000000e+00   5.032345e-01   9.332291e-01   9.999981e-01   9.332267e-01   9.332242e-01
1     2.415906e+01   9.999997e-01   3.016685e-06   0.000000e+00   0.000000e+00   5.033716e-01   9.960874e-01   9.999981e-01   9.960848e-01   9.960823e-01
1     2.416908e+01   9.999997e-01   3.015570e-06   0.000000e+00   0.000000e+00   5.034845e-01   1.058970e+00   9.999981e-01   1.058967e+00   1.058964e+00
1     2.417911e+01   9.999997e-01   3.014433e-06   0.000000e+00   0.000000e+00   5.035728e-01   1.121877e+00   9.999981e-01   1.121874e+00   1.121871e+00
1     2.418914e+01   9.999997e-01   3.013280e-06   0.000000e+00   0.000000e+00   5.036362e-01   1.184808e+00   9.999981e-01   1.184806e+00   1.184803e+00
1     2.419916e+01   9.999997e-01   3.012117e-06   0.000000e+00   0.000000e+00   5.036743e-01   1.247766e+00   9.999981e-01   1.247763e+00   1.247760e+00
1     2.420919e+01   9.999997e-01   3.010948e-06   0.000000e+00   0.000000e+00   5.036871e-01   1.310748e+00   9.999981e-01   1.310745e+00   1.310742e+00
1     2.421921e+01   9.999997e-01   3.009778e-06   0.000000e+00   0.000000e+00   5.036745e-01   1.373756e+00   9.999981e-01   1.373753e+00   1.373750e+00
1     2.422924e+01   9.999997e-01   3.008612e-06   0.000000e+00   0.000000e+00   5.036367e-01   1.436789e+00   9.999981e-01   1.436786e+00   1.436783e+00
1     2.423927e+01   9.999997e-01   3.007456e-06   0.000000e+00   0.000000e+00   5.035739e-01   1.499847e+00   9.999981e-01   1.499844e+00   1.499841e+00
1     2.424929e+01   9.999997e-01   3.006314e-06   0.000000e+00   0.000000e+00   5.034864e-01   1.562929e+00   9.999981e-01   1.562926e+00   1.562923e+00
1     2.425932e+01   9.999997e-01   3.005191e-06   0.000000e+00   0.000000e+00   5.033748e-01   1.626036e+00   9.999981e-01   1.626033e+00   1.626030e+00
1     2.426934e+01   9.999997e-01   3.004092e-06   0.000000e+00   0.000000e+00   5.032395e-01   1.689166e+00   9.999981e-01   1.689163e+00   1.689160e+00
1     2.427937e+01   9.999997e-01   3.003021e-06   0.000000e+00   0.000000e+00   5.030814e-01   1.752319e+00   9.999981e-01   1.752316e+00   1.752313e+00
1     2.428940e+01   9.999997e-01   3.001983e-06   0.000000e+00   0.000000e+00   5.029012e-01   1.815495e+00   9.999981e-01   1.815492e+00   1.815489e+00
1     2.429942e+01   9.999997e-01   3.000981e-06   0.000000e+00   0.000000e+00   5.026996e-01   1.878691e+00   9.999981e-01   1.878688e+00   1.878685e+00
1     2.430945e+01   9.999997e-01   3.000020e-06   0.000000e+00   0.000000e+00   5.024778e-01   1.941908e+00   9.999981e-01   1.941905e+00   1.941902e+00
1     2.431947e+01   9.999997e-01   2.999102e-06   0.000000e+00   0.000000e+00   5.022367e-01   2.005144e+00   9.999981e-01   2.005141e+00   2.005138e+00
1     2.432950e+01   9.999997e-01   2.998232e-06   0.000000e+00   0.000000e+00   5.019774e-01   2.068398e+00   9.999981e-01   2.068395e+00   2.068393e+00
1     2.433952e+01   9.999997e-01   2.997412e-06   0.000000e+00   0.000000e+00   5.017011e-01   2.131669e+00   9.999981e-01   2.131667e+00   2.131664e+00
1     2.434955e+01   9.999997e-01   2.996645e-06   0.000000e+00   0.000000e+00   5.014088e-01   2.194956e+00   9.999981e-01   2.194954e+00   2.194952e+00
1     2.435958e+01   9.999997e-01   2.995933e-06   0.000000e+00   0.000000e+00   5.011020e-01   2.258258e+00   9.999981e-01   2.258256e+00   2.258254e+00
1     2.436960e+01   9.999997e-01   2.995280e-06   0.000000e+00   0.000000e+00   5.007817e-01   2.321573e+00   9.999981e-01   2.321571e+00   2.321569e+00
1     2.437963e+01   9.999997e-01   2.994686e-06   0.000000e+00   0.000000e+00   5.004494e-01   2.384900e+00   9.999981e-01   2.384898e+00   2.384896e+00
1     2.438965e+01   9.999997e-01   2.994154e-06   0.000000e+00   0.000000e+00   5.001063e-01   2.448238e+00   9.999981e-01   2.448236e+00   2.448235e+00
1     2.439968e+01   9.999997e-01   2.993685e-06   0.000000e+00   0.000000e+00   4.997538e-01   2.511586e+00   9.999981e-01   2.511584e+00   2.511582e+00
1     2.440971e+01   9.999997e-01   2.993281e-06   0.000000e+00   0.000000e+00   4.993931e-01   2.574941e+00   9.999981e-01   2.574940e+00   2.574938e+00
1     2.441973e+01   9.999997e-01   2.992942e-06   0.000000e+00   0.000000e+00   4.990257e-01   2.638303e+00   9.999981e-01   2.638302e+00   2.638300e+00
1     2.442976e+01   9.999997e-01   2.992669e-06   0.000000e+00   0.000000e+00   4.986529e-01   2.701671e+00   9.999981e-01   2.701670e+00   2.701668e+00
1     2.443978e+01   9.999997e-01   2.992464e-06   0.000000e+00   0.000000e+00   4.982761e-01   2.765042e+00   9.999981e-01   2.765041e+00   2.765040e+00
1     2.444981e+01   9.999997e-01   2.992326e-06   0.000000e+00   0.000000e+00   4.978965e-01   2.828417e+00   9.999981e-01   2.828416e+00   2.828415e+00
1     2.445984e+01   9.999997e-01   2.992256e-06   0.000000e+00   0.000000e+00   4.975156e-01   2.891792e+00   9.999981e-01   2.891792e+00   2.891791e+00
1     2.446986e+01   9.999997e-01   2.992253e-06   0.000000e+00   0.000000e+00   4.971346e-01   2.955168e+00   9.999981e-01   2.955168e+00   2.955167e+00
1     2.447989e+01   9.999997e-01   2.992318e-06   0.000000e+00   0.000000e+00   4.967550e-01   3.018543e+00   9.999981e-01   3.018542e+00   3.018542e+00
1     2.448991e+01   9.999997e-01   2.992449e-06   0.000000e+00   0.000000e+00   4.963780e-01   3.081914e+00   9.999981e-01   3.081914e+00   3.081914e+00
1     2.449994e+01   9.999997e-01   2.992647e-06   0.000000e+00   0.000000e+00   4.960049e-01   3.145282e+00   9.999981e-01   3.145282e+00   3.145282e+00
1     2.450997e+01   9.999997e-01   2.992911e-06   0.000000e+00   0.000000e+00   4.956370e-01   3.208645e+00   9.999981e-01   3.208645e+00   3.208645e+00
1     2.451999e+01   9.999997e-01   2.993239e-06   0.000000e+00   0.000000e+00   4.952756e-01   3.272001e+00   9.999981e-01   3.272001e+00   3.272002e+00
1     2.452876e+01   9.999997e-01   2.993578e-06   0.000000e+00   0.000000e+00   4.949656e-01   3.327431e+00   9.999981e-01   3.327432e+00   3.327432e+00
1     2.453879e+01   9.999997e-01   2.994023e-06   0.000000e+00   0.000000e+00   4.946197e-01   3.390772e+00   9.999981e-01   3.390773e+00   3.390773e+00
1     2.454882e+01   9.999997e-01   2.994529e-06   0.000000e+00   0.000000e+00   4.942837e-01   3.454103e+00   9.999981e-01   3.454103e+00   3.454104e+00
1     2.455884e+01   9.999997e-01   2.995094e-06   0.000000e+00   0.000000e+00   4.939589e-01   3.517422e+00   9.999981e-01   3.517423e+00   3.517424e+00
1     2.456887e+01   9.999997e-01   2.995715e-06   0.000000e+00   0.000000e+00   4.936463e-01   3.580729e+00   9.999981e-01   3.580731e+00   3.580732e+00
1     2.457889e+01   9.999997e-01   2.996391e-06   0.000000e+00   0.000000e+00   4.933472e-01   3.644023e+00   9.999981e-01   3.644025e+00   3.644026e+00
1     2.458892e+01   9.999997e-01   2.997119e-06   0.000000e+00   0.000000e+00   4.930624e-01   3.707303e+00   9.999981e-01   3.707304e+00   3.707306e+00
1     2.459895e+01   9.999997e-01   2.997897e-06   0.000000e+00   0.000000e+00   4.927932e-01   3.770567e+00   9.999981e-01   3.770569e+00   3.770570e+00
1     2.460897e+01   9.999997e-01   2.998722e-06   0.000000e+00   0.000000e+00   4.925403e-01   3.833815e+00   9.999981e-01   3.833816e+00   3.833818e+00
1     2.461900e+01   9.999997e-01   2.999591e-06   0.000000e+00   0.000000e+00   4.923048e-01   3.897045e+00   9.999981e-01   3.897047e+00   3.897049e+00
1     2.462902e+01   9.999997e-01   3.000501e-06   0.000000e+00   0.000000e+00   4.920876e-01   3.960257e+00   9.999981e-01   3.960259e+00   3.960261e+00
1     2.463905e+01   9.999997e-01   3.001448e-06   0.000000e+00   0.000000e+00   4.918893e-01   4.023450e+00   9.999981e-01   4.023452e+00   4.023455e+00
1     2.464908e+01   9.999997e-01   3.002430e-06   0.000000e+00   0.000000e+00   4.917109e-01   4.086623e+00   9.999981e-01   4.086626e+00   4.086628e+00
1     2.465910e+01   9.999997e-01   3.003443e-06   0.000000e+00   0.000000e+00   4.915528e-01   4.149776e+00   9.999981e-01   4.149779e+00   4.149781e+00
1     2.466913e+01   9.999997e-01   3.004483e-06   0.000000e+00   0.000000e+00   4.914159e-01   4.212908e+00   9.999981e-01   4.212911e+00   4.212913e+00
1     2.467915e+01   9.999997e-01   3.005546e-06   0.000000e+00   0.000000e+00   4.913006e-01   4.276018e+00   9.999981e-01   4.276021e+00   4.276024e+00
1     2.468918e+01   9.999997e-01   3.006629e-06   0.000000e+00   0.000000e+00   4.912074e-01   4.339107e+00   9.999981e-01   4.339109e+00   4.339112e+00
1     2.469921e+01   9.999997e-01   3.007728e-06   0.000000e+00   0.000000e+00   4.911366e-01   4.402172e+00   9.999981e-01   4.402175e+00   4.402178e+00
1     2.470923e+01   9.999997e-01   3.008838e-06   0.000000e+00   0.000000e+00   4.910887e-01   4.465215e+00   9.999981e-01   4.465218e+00   4.465221e+00
1     2.471926e+01   9.999997e-01   3.009954e-06   0.000000e+00   0.000000e+00   4.910639e-01   4.528235e+00   9.999981e-01   4.528238e+00   4.528241e+00
1     2.472928e+01   9.999997e-01   3.011074e-06   0.000000e+00   0.000000e+00   4.910623e-01   4.591232e+00   9.999981e-01   4.591235e+00   4.591238e+00
1     2.473931e+01   9.999997e-01   3.012193e-06   0.000000e+00   0.000000e+00   4.910841e-01   4.654205e+00   9.999981e-01   4.654208e+00   4.654211e+00
1     2.474934e+01   9.999997e-01   3.013305e-06   0.000000e+00   0.000000e+00   4.911291e-01   4.717155e+00   9.999981e-01   4.717158e+00   4.717161e+00
1     2.475936e+01   9.999997e-01   3.014407e-06   0.000000e+00   0.000000e+00   4.911974e-01   4.780082e+00   9.999981e-01   4.780085e+00   4.780088e+00
1     2.476939e+01   9.999997e-01   3.015495e-06   0.000000e+00   0.000000e+00   4.912887e-01   4.842986e+00   9.999981e-01   4.842989e+00   4.842992e+00
1     2.477941e+01   9.999997e-01   3.016563e-06   0.000000e+00   0.000000e+00   4.914028e-01   4.905867e+00   9.999981e-01   4.905870e+00   4.905873e+00
1     2.478944e+01   9.999997e-01   3.017608e-06   0.000000e+00   0.000000e+00   4.915393e-01   4.968725e+00   9.999981e-01   4.968728e+00   4.968731e+00
1     2.479947e+01   9.999997e-01   3.018624e-06   0.000000e+00   0.000000e+00   4.916976e-01   5.031562e+00   9.999981e-01   5.031565e+00   5.031568e+00
1     2.480949e+01   9.999997e-01   3.019609e-06   0.000000e+00   0.000000e+00   4.918774e-01   5.094378e+00   9.999981e-01   5.094381e+00   5.094383e+00
1     2.481952e+01   9.999997e-01   3.020557e-06   0.000000e+00   0.000000e+00   4.920778e-01   5.157173e+00   9.999981e-01   5.157175e+00   5.157178e+00
1     2.482954e+01   9.999997e-01   3.021465e-06   0.000000e+00   0.000000e+00   4.922982e-01   5.219947e+00   9.999981e-01   5.219950e+00   5.219953e+00
1     2.483957e+01   9.999997e-01   3.022328e-06   0.000000e+00   0.000000e+00   4.925376e-01   5.282703e+00   9.999981e-01   5.282706e+00   5.282708e+00
1     2.484960e+01   9.999997e-01   3.023143e-06   0.000000e+00   0.000000e+00   4.927952e-01   5.345441e+00   9.999981e-01   5.345443e+00   5.345446e+00
1     2.485962e+01   9.999997e-01   3.023906e-06   0.000000e+00   0.000000e+00   4.930699e-01   5.408162e+00   9.999981e-01   5.408164e+00   5.408166e+00
1     2.486965e+01   9.999997e-01   3.024614e-06   0.000000e+00   0.000000e+00   4.933607e-01   5.470866e+00   9.999981e-01   5.470868e+00   5.470871e+00
1     2.487967e+01   9.999997e-01   3.025263e-06   0.000000e+00   0.000000e+00   4.936663e-01   5.533556e+00   9.999981e-01   5.533558e+00   5.533560e+00
1     2.488970e+01   9.999997e-01   3.025851e-06   0.000000e+00   0.000000e+00   4.939854e-01   5.596232e+00   9.999981e-01   5.596234e+00   5.596236e+00
1     2.489973e+01   9.999997e-01   3.026375e-06   0.000000e+00   0.000000e+00   4.943169e-01   5.658896e+00   9.999981e-01   5.658898e+00   5.658900e+00
1     2.490975e+01   9.999997e-01   3.026832e-06   0.000000e+00   0.000000e+00   4.946591e-01   5.721549e+00   9.999981e-01   5.721551e+00   5.721553e+00
1     2.491978e+01   9.999997e-01   3.027221e-06   0.000000e+00   0.000000e+00   4.950108e-01   5.784193e+00   9.999981e-01   5.784194e+00   5.784196e+00
1     2.492980e+01   9.999997e-01   3.027539e-06   0.000000e+00   0.000000e+00   4.953705e-01   5.846829e+00   9.999981e-01   5.846830e+00   5.846831e+00
1     2.493983e+01   9.999997e-01   3.027785e-06   0.000000e+00   0.000000e+00   4.957365e-01   5.909458e+00   9.999981e-01   5.909459e+00   5.909460e+00
1     2.494986e+01   9.999997e-01   3.027959e-06   0.000000e+00   0.000000e+00   4.961074e-01   5.972083e+00   9.999981e-01   5.972084e+00   5.972085e+00
1     2.495988e+01   9.999997e-01   3.028059e-06   0.000000e+00   0.000000e+00   4.964816e-01   6.034704e+00   9.999981e-01   6.034705e+00   6.034706e+00
1     2.496991e+01   9.999997e-01   3.028084e-06   0.000000e+00   0.000000e+00   4.968574e-01   6.097324e+00   9.999981e-01   6.097324e+00   6.097325e+00
1     2.497993e+01   9.999997e-01   3.028036e-06   0.000000e+00   0.000000e+00   4.972333e-01   6.159943e+00   9.999981e-01   6.159944e+00   6.159944e+00
1     2.498996e+01   9.999997e-01   3.027913e-06   0.000000e+00   0.000000e+00   4.976077e-01   6.222564e+00   9.999981e-01   6.222564e+00   6.222565e+00
1     2.499999e+01   9.999997e-01   3.027717e-06   0.000000e+00   0.000000e+00   4.979791e-01   2.003009e-03   9.999981e-01   2.003003e-03   2.002997e-03
1     2.500876e+01   9.999997e-01   3.027487e-06   0.000000e+00   0.000000e+00   4.983002e-01   5.680287e-02   9.999981e-01   5.680270e-02   5.680253e-02
1     2.501878e+01   9.999997e-01   3.027156e-06   0.000000e+00   0.000000e+00   4.986616e-01   1.194370e-01   9.999981e-01   1.194366e-01   1.194362e-01
1     2.502881e+01   9.999997e-01   3.026755e-06   0.000000e+00   0.000000e+00   4.990155e-01   1.820785e-01   9.999981e-01   1.820779e-01   1.820774e-01
1     2.503884e+01   9.999997e-01   3.026286e-06   0.000000e+00   0.000000e+00   4.993605e-01   2.447290e-01   9.999981e-01   2.447282e-01   2.447275e-01
1     2.504886e+01   9.999997e-01   3.025752e-06   0.000000e+00   0.000000e+00   4.996951e-01   3.073898e-01   9.999981e-01   3.073888e-01   3.073879e-01
1     2.505889e+01   9.999997e-01   3.025153e-06   0.000000e+00   0.000000e+00   5.000181e-01   3.700622e-01   9.999981e-01   3.700611e-01   3.700600e-01
1     2.506891e+01   9.999997e-01   3.024494e-06   0.000000e+00   0.000000e+00   5.003281e-01   4.327476e-01   9.999981e-01   4.327464e-01   4.327451e-01
1     2.507894e+01   9.999997e-01   3.023776e-06   0.000000e+00   0.000000e+00   5.006239e-01   4.954472e-01   9.999981e-01   4.954458e-01   4.954444e-01
1     2.508897e+01   9.999997e-01   3.023003e-06   0.000000e+00   0.000000e+00   5.009043e-01   5.581622e-01   9.999981e-01   5.581606e-01   5.581590e-01
1     2.509899e+01   9.999997e-01   3.022178e-06   0.000000e+00   0.000000e+00   5.011683e-01   6.208936e-01   9.999981e-01   6.208919e-01   6.208901e-01
1     2.510902e+01   9.999997e-01   3.021305e-06   0.000000e+00   0.000000e+00   5.014148e-01   6.836425e-01   9.999981e-01   6.836406e-01   6.836387e-01
1     2.511904e+01   9.999997e-01   3.020387e-06   0.000000e+00   0.000000e+00   5.016429e-01   7.464097e-01   9.999981e-01   7.464077e-01   7.464056e-01
1     2.512907e+01   9.999997e-01   3.019427e-06   0.000000e+00   0.000000e+00   5.018517e-01   8.091963e-01   9.999981e-01   8.091941e-01   8.091919e-01
1     2.513910e+01   9.999997e-01   3.018430e-06   0.000000e+00   0.000000e+00   5.020405e-01   8.720029e-01   9.999981e-01   8.720005e-01   8.719982e-01
1     2.514912e+01   9.999997e-01   3.017399e-06   0.000000e+00   0.000000e+00   5.022084e-01   9.348302e-01   9.999981e-01   9.348278e-01   9.348254e-01
1     2.515915e+01   9.999997e-01   3.016339e-06   0.000000e+00   0.000000e+00   5.023550e-01   9.976790e-01   9.999981e-01   9.976764e-01   9.976739e-01
1     2.516917e+01   9.999997e-01   3.015253e-06   0.000000e+00   0.000000e+00   5.024795e-01   1.060550e+00   9.999981e-01   1.060547e+00   1.060544e+00
1     2.517920e+01   9.999997e-01   3.014146e-06   0.000000e+00   0.000000e+00   5.025817e-01   1.123443e+00   9.999981e-01   1.123440e+00   1.123437e+00
1     2.518923e+01   9.999997e-01   3.013022e-06   0.000000e+00   0.000000e+00   5.026610e-01   1.186359e+00   9.999981e-01   1.186356e+00   1.186353e+00
1     2.519925e+01   9.999997e-01   3.011886e-06   0.000000e+00   0.000000e+00   5.027172e-01   1.249298e+00   9.999981e-01   1.249295e+00   1.249292e+00
1     2.520928e+01   9.999997e-01   3.010741e-06   0.000000e+00   0.000000e+00   5.027500e-01   1.312260e+00   9.999981e-01   1.312257e+00   1.312254e+00
1     2.521930e+01   9.999997e-01   3.009592e-06   0.000000e+00   0.000000e+00   5.027593e-01   1.375246e+00   9.999981e-01   1.375243e+00   1.375240e+00
1     2.522933e+01   9.999997e-01   3.008443e-06   0.000000e+00   0.000000e+00   5.027451e-01   1.438255e+00   9.999981e-01   1.438252e+00   1.438249e+00
1     2.523935e+01   9.999997e-01   3.007299e-06   0.000000e+00   0.000000e+00   5.027074e-01   1.501288e+00   9.999981e-01   1.501285e+00   1.501282e+00
1     2.524938e+01   9.999997e-01   3.006164e-06   0.000000e+00   0.000000e+00   5.026462e-01   1.564344e+00   9.999981e-01   1.564341e+00   1.564338e+00
1     2.525941e+01   9.999997e-01   3.005042e-06   0.000000e+00   0.000000e+00   5.025619e-01   1.627424e+00   9.999981e-01   1.627421e+00   1.627418e+00
1     2.526943e+01   9.999997e-01   3.003937e-06   0.000000e+00   0.000000e+00   5.024546e-01   1.690526e+00   9.999981e-01   1.690523e+00   1.690520e+00
1     2.527946e+01   9.999997e-01   3.002854e-06   0.000000e+00   0.000000e+00   5.023248e-01   1.753651e+00   9.999981e-01   1.753648e+00   1.753645e+00
1     2.528948e+01   9.999997e-01   3.001797e-06   0.000000e+00   0.000000e+00   5.021728e-01   1.816798e+00   9.999981e-01   1.816795e+00   1.816792e+00
1     2.529951e+01   9.999997e-01   3.000770e-06   0.000000e+00   0.000000e+00   5.019992e-01   1.879967e+00   9.999981e-01   1.879964e+00   1.879961e+00
1     2.530954e+01   9.999997e-01   2.999776e-06   0.000000e+00   0.000000e+00   5.018047e-01   1.943156e+00   9.999981e-01   1.943153e+00   1.943151e+00
1     2.531956e+01   9.999997e-01   2.998820e-06   0.000000e+00   0.000000e+00   5.015898e-01   2.006366e+00   9.999981e-01   2.006363e+00   2.006361e+00
1     2.532959e+01   9.999997e-01   2.997905e-06   0.000000e+00   0.000000e+00   5.013553e-01   2.069595e+00   9.999981e-01   2.069593e+00   2.069590e+00
1     2.533961e+01   9.999997e-01   2.997035e-06   0.000000e+00   0.000000e+00   5.011022e-01   2.132843e+00   9.999981e-01   2.132841e+00   2.132838e+00
1     2.534964e+01   9.999997e-01   2.996213e-06   0.000000e+00   0.000000e+00   5.008313e-01   2.196109e+00   9.999981e-01   2.196107e+00   2.196104e+00
1     2.535967e+01   9.999997e-01   2.995443e-06   0.000000e+00   0.000000e+00   5.005436e-01   2.259392e+00   9.999981e-01   2.259390e+00   2.259387e+00
1     2.536969e+01   9.999997e-01   2.994727e-06   0.000000e+00   0.000000e+00   5.002402e-01   2.322690e+00   9.999981e-01   2.322688e+00   2.322686e+00
1     2.537972e+01   9.999997e-01   2.994070e-06   0.000000e+00   0.000000e+00   4.999222e-01   2.386003e+00   9.999981e-01   2.386001e+00   2.385999e+00
1     2.538974e+01   9.999997e-01   2.993473e-06   0.000000e+00   0.000000e+00   4.995909e-01   2.449329e+00   9.999981e-01   2.449327e+00   2.449325e+00
1     2.539977e+01   9.999997e-01   2.992938e-06   0.000000e+00   0.000000e+00   4.992474e-01   2.512667e+00   9.999981e-01   2.512666e+00   2.512664e+00
1     2.540980e+01   9.999997e-01   2.992469e-06   0.000000e+00   0.000000e+00   4.988933e-01   2.576016e+00   9.999981e-01   2.576015e+00   2.576013e+00
1     2.541982e+01   9.999997e-01   2.992067e-06   0.000000e+00   0.000000e+00   4.985297e-01   2.639375e+00   9.999981e-01   2.639373e+00   2.639372e+00
1     2.542985e+01   9.999997e-01   2.991734e-06   0.000000e+00   0.000000e+00   4.981583e-01   2.702741e+00   9.999981e-01   2.702740e+00   2.702738e+00
1     2.543987e+01   9.999997e-01   2.991472e-06   0.000000e+00   0.000000e+00   4.977803e-01   2.766113e+00   9.999981e-01   2.766112e+00   2.766111e+00
1     2.544990e+01   9.999997e-01   2.991282e-06   0.000000e+00   0.000000e+00   4.973974e-01   2.829491e+00   9.999981e-01   2.829490e+00   2.829489e+00
1     2.545993e+01   9.999997e-01   2.991164e-06   0.000000e+00   0.000000e+00   4.970111e-01   2.892872e+00   9.999981e-01   2.892871e+00   2.892871e+00
1     2.546995e+01   9.999997e-01   2.991120e-06   0.000000e+00   0.000000e+00   4.966230e-01   2.956255e+00   9.999981e-01   2.956254e+00   2.956254e+00
1     2.547998e+01   9.999997e-01   2.991149e-06   0.000000e+00   0.000000e+00   4.962347e-01   3.019638e+00   9.999981e-01   3.019638e+00   3.019637e+00
1     2.548875e+01   9.999997e-01   2.991235e-06   0.000000e+00   0.000000e+00   4.958960e-01   3.075097e+00   9.999981e-01   3.075097e+00   3.075097e+00
1     2.549878e+01   9.999997e-01   2.991403e-06   0.000000e+00   0.000000e+00   4.955115e-01   3.138476e+00   9.999981e-01   3.138476e+00   3.138476e+00
1     2.550880e+01   9.999997e-01   2.991644e-06   0.000000e+00   0.000000e+00   4.951315e-01   3.201851e+00   9.999981e-01   3.201851e+00   3.201851e+00
1     2.551883e+01   9.999997e-01   2.991958e-06   0.000000e+00   0.000000e+00   4.947575e-01   3.265220e+00   9.999981e-01   3.265220e+00   3.265220e+00
1     2.552885e+01   9.999997e-01   2.992342e-06   0.000000e+00   0.000000e+00   4.943911e-01   3.328581e+00   9.999981e-01   3.328581e+00   3.328582e+00
1     2.553888e+01   9.999997e-01   2.992797e-06   0.000000e+00   0.000000e+00   4.940339e-01   3.391933e+00   9.999981e-01   3.391933e+00   3.391934e+00
1     2.554891e+01   9.999997e-01   2.993319e-06   0.000000e+00   0.000000e+00   4.936874e-01   3.455274e+00   9.999981e-01   3.455275e+00   3.455276e+00
1     2.555893e+01   9.999997e-01   2.993907e-06   0.000000e+00   0.000000e+00   4.933531e-01   3.518603e+00   9.999981e-01   3.518604e+00   3.518605e+00
1     2.556896e+01   9.999997e-01   2.994559e-06   0.000000e+00   0.000000e+00   4.930325e-01   3.581918e+00   9.999980e-01   3.581920e+00   3.581921e+00
1     2.557898e+01   9.999997e-01   2.995271e-06   0.000000e+00   0.000000e+00   4.927269e-01   3.645219e+00   9.999980e-01   3.645220e+00   3.645222e+00
1     2.558901e+01   9.999997e-01   2.996041e-06   0.000000e+00   0.000000e+00   4.924376e-01   3.708503e+00   9.999980e-01   3.708504e+00   3.708506e+00
1     2.559904e+01   9.999997e-01   2.996865e-06   0.000000e+00   0.000000e+00   4.921660e-01   3.771769e+00   9.999980e-01   3.771771e+00   3.771773e+00
1     2.560906e+01   9.999997e-01   2.997740e-06   0.000000e+00   0.000000e+00   4.919131e-01   3.835017e+00   9.999980e-01   3.835019e+00   3.835021e+00
1     2.561909e+01   9.999997e-01   2.998663e-06   0.000000e+00   0.000000e+00   4.916801e-01   3.898245e+00   9.999980e-01   3.898247e+00   3.898249e+00
1     2.562911e+01   9.999997e-01   2.999628e-06   0.000000e+00   0.000000e+00   4.914679e-01   3.961452e+00   9.999980e-01   3.961454e+00   3.961456e+00
1     2.563914e+01   9.999997e-01   3.000633e-06   0.000000e+00   0.000000e+00   4.912775e-01   4.024637e+00   9.999980e-01   4.024639e+00   4.024642e+00
1     2.564917e+01   9.999997e-01   3.001672e-06   0.000000e+00   0.000000e+00   4.911095e-01   4.087800e+00   9.999980e-01   4.087802e+00   4.087805e+00
1     2.565919e+01   9.999997e-01   3.002741e-06   0.000000e+00   0.000000e+00   4.909648e-01   4.150939e+00   9.999980e-01   4.150942e+00   4.150945e+00
1     2.566922e+01   9.999997e-01   3.003835e-06   0.000000e+00   0.000000e+00   4.908438e-01   4.214055e+00   9.999980e-01   4.214058e+00   4.214061e+00
1     2.567924e+01   9.999997e-01   3.004950e-06   0.000000e+00   0.000000e+00   4.907469e-01   4.277147e+00   9.999980e-01   4.277150e+00   4.277153e+00
1     2.568927e+01   9.999997e-01   3.006080e-06   0.000000e+00   0.000000e+00   4.906746e-01   4.340214e+00   9.999980e-01   4.340217e+00   4.340220e+00
1     2.569930e+01   9.999997e-01   3.007222e-06   0.000000e+00   0.000000e+00   4.906270e-01   4.403257e+00   9.999980e-01   4.403260e+00   4.403263e+00
1     2.570932e+01   9.999997e-01   3.008369e-06   0.000000e+00   0.000000e+00   4.906042e-01   4.466275e+00   9.999980e-01   4.466278e+00   4.466281e+00
1     2.571935e+01   9.999997e-01   3.009518e-06   0.000000e+00   0.000000e+00   4.906062e-01   4.529268e+00   9.999980e-01   4.529271e+00   4.529274e+00
1     2.572937e+01   9.999997e-01   3.010663e-06   0.000000e+00   0.000000e+00   4.906328e-01   4.592236e+00   9.999980e-01   4.592239e+00   4.592242e+00
1     2.573940e+01   9.999997e-01   3.011800e-06   0.000000e+00   0.000000e+00   4.906838e-01   4.655180e+00   9.999980e-01   4.655183e+00   4.655186e+00
1     2.574943e+01   9.999997e-01   3.012923e-06   0.000000e+00   0.000000e+00   4.907589e-01   4.718100e+00   9.999980e-01   4.718103e+00   4.718106e+00
1     2.575945e+01   9.999997e-01   3.014029e-06   0.000000e+00   0.000000e+00   4.908575e-01   4.780997e+00   9.999980e-01   4.781000e+00   4.781003e+00
1     2.576948e+01   9.999997e-01   3.015112e-06   0.000000e+00   0.000000e+00   4.909792e-01   4.843870e+00   9.999980e-01   4.843873e+00   4.843876e+00
1     2.577950e+01   9.999997e-01   3.016170e-06   0.000000e+00   0.000000e+00   4.911233e-01   4.906721e+00   9.999980e-01   4.906724e+00   4.906727e+00
1     2.578953e+01   9.999997e-01   3.017197e-06   0.000000e+00   0.000000e+00   4.912891e-01   4.969551e+00   9.999980e-01   4.969554e+00   4.969557e+00
1     2.579956e+01   9.999997e-01   3.018189e-06   0.000000e+00   0.000000e+00   4.914757e-01   5.032359e+00   9.999980e-01   5.032362e+00   5.032365e+00
1     2.580958e+01   9.999997e-01   3.019144e-06   0.000000e+00   0.000000e+00   4.916823e-01   5.095148e+00   9.999980e-01   5.095151e+00   5.095154e+00
1     2.581961e+01   9.999997e-01   3.020057e-06   0.000000e+00   0.000000e+00   4.919080e-01   5.157918e+00   9.999980e-01   5.157920e+00   5.157923e+00
1     2.582963e+01   9.999997e-01   3.020926e-06   0.000000e+00   0.000000e+00   4.921517e-01   5.220669e+00   9.999980e-01   5.220672e+00   5.220674e+00
1     2.583966e+01   9.999997e-01   3.021746e-06   0.000000e+00   0.000000e+00   4.924126e-01   5.283404e+00   9.999980e-01   5.283406e+00   5.283409e+00
1     2.584969e+01   9.999997e-01   3.022516e-06   0.000000e+00   0.000000e+00   4.926893e-01   5.346122e+00   9.999980e-01   5.346125e+00   5.346127e+00
1     2.585971e+01   9.999997e-01   3.023233e-06   0.000000e+00   0.000000e+00   4.929809e-01   5.408826e+00   9.999980e-01   5.408828e+00   5.408831e+00
1     2.586974e+01   9.999997e-01   3.023893e-06   0.000000e+00   0.000000e+00   4.932862e-01   5.471516e+00   9.999980e-01   5.471518e+00   5.471520e+00
1     2.587976e+01   9.999997e-01   3.024496e-06   0.000000e+00   0.000000e+00   4.936040e-01   5.534194e+00   9.999980e-01   5.534196e+00   5.534198e+00
1     2.588979e+01   9.999997e-01   3.025039e-06   0.000000e+00   0.000000e+00   4.939330e-01   5.596860e+00   9.999980e-01   5.596862e+00   5.596864e+00
1     2.589982e+01   9.999997e-01   3.025519e-06   0.000000e+00   0.000000e+00   4.942721e-01   5.659516e+00   9.999980e-01   5.659518e+00   5.659520e+00
1     2.590984e+01   9.999997e-01   3.025937e-06   0.000000e+00   0.000000e+00   4.946200e-01   5.722164e+00   9.999980e-01   5.722165e+00   5.722167e+00
1     2.591987e+01   9.999997e-01   3.026289e-06   0.000000e+00   0.000000e+00   4.949754e-01   5.784804e+00   9.999980e-01   5.784805e+00   5.784807e+00
1     2.592989e+01   9.999997e-01   3.026576e-06   0.000000e+00   0.000000e+00   4.953370e-01   5.847438e+00   9.999980e-01   5.847439e+00   5.847440e+00
1     2.593992e+01   9.999997e-01   3.026796e-06   0.000000e+00   0.000000e+00   4.957036e-01   5.910066e+00   9.999980e-01   5.910067e+00   5.910069e+00
1     2.594994e+01   9.999997e-01   3.026948e-06   0.000000e+00   0.000000e+00   4.960738e-01   5.972692e+00   9.999980e-01   5.972693e+00   5.972693e+00
1     2.595997e+01   9.999997e-01   3.027031e-06   0.000000e+00   0.000000e+00   4.964463e-01   6.035315e+00   9.999980e-01   6.035315e+00   6.035316e+00
1     2.597000e+01   9.999997e-01   3.027046e-06   0.000000e+00   0.000000e+00   4.968198e-01   6.097937e+00   9.999980e-01   6.097937e+00   6.097938e+00
1     2.597877e+01   9.999997e-01   3.027003e-06   0.000000e+00   0.000000e+00   4.971463e-01   6.152731e+00   9.999980e-01   6.152731e+00   6.152732e+00
1     2.598880e+01   9.999997e-01   3.026888e-06   0.000000e+00   0.000000e+00   4.975180e-01   6.215355e+00   9.999980e-01   6.215355e+00   6.215355e+00
1     2.599882e+01   9.999997e-01   3.026705e-06   0.000000e+00   0.000000e+00   4.978868e-01   6.277981e+00   9.999980e-01   6.277981e+00   6.277981e+00
1     2.600885e+01   9.999997e-01   3.026453e-06   0.000000e+00   0.000000e+00   4.982513e-01   5.742705e-02   9.999980e-01   5.742688e-02   5.742670e-02
1     2.601887e+01   9.999997e-01   3.026134e-06   0.000000e+00   0.000000e+00   4.986102e-01   1.200636e-01   9.999980e-01   1.200632e-01   1.200629e-01
1     2.602890e+01   9.999997e-01   3.025748e-06   0.000000e+00   0.000000e+00   4.989622e-01   1.827071e-01   9.999980e-01   1.827065e-01   1.827060e-01
1     2.603893e+01   9.999997e-01   3.025296e-06   0.000000e+00   0.000000e+00   4.993058e-01   2.453589e-01   9.999980e-01   2.453582e-01   2.453574e-01
1     2.604895e+01   9.999997e-01   3.024780e-06   0.000000e+00   0.000000e+00   4.996398e-01   3.080204e-01   9.999980e-01   3.080195e-01   3.080186e-01
1     2.605898e+01   9.999997e-01   3.024202e-06   0.000000e+00   0.000000e+00   4.999627e-01   3.706929e-01   9.999980e-01   3.706918e-01   3.706907e-01
1     2.606900e+01   9.999997e-01   3.023563e-06   0.000000e+00   0.000000e+00   5.002734e-01   4.333776e-01   9.999980e-01   4.333763e-01   4.333751e-01
1     2.607903e+01   9.999997e-01   3.022865e-06   0.000000e+00   0.000000e+00   5.005706e-01   4.960759e-01   9.999980e-01   4.960744e-01   4.960730e-01
1     2.608906e+01   9.999997e-01   3.022112e-06   0.000000e+00   0.000000e+00   5.008529e-01   5.587889e-01   9.999980e-01   5.587873e-01   5.587857e-01
1     2.609908e+01   9.999997e-01   3.021305e-06   0.000000e+00   0.000000e+00   5.011193e-01   6.215179e-01   9.999980e-01   6.215161e-01   6.215144e-01
1     2.610911e+01   9.999997e-01   3.020448e-06   0.000000e+00   0.000000e+00   5.013686e-01   6.842640e-01   9.999980e-01   6.842621e-01   6.842602e-01
1     2.611913e+01   9.999997e-01   3.019544e-06   0.000000e+00   0.000000e+00   5.015997e-01   7.470283e-01   9.999980e-01   7.470262e-01   7.470242e-01
1     2.612916e+01   9.999997e-01   3.018596e-06   0.000000e+00   0.000000e+00   5.018116e-01   8.098117e-01   9.999980e-01   8.098095e-01   8.098073e-01
1     2.613918e+01   9.999997e-01   3.017608e-06   0.000000e+00   0.000000e+00   5.020033e-01   8.726153e-01   9.999980e-01   8.726130e-01   8.726107e-01
1     2.614921e+01   9.999997e-01   3.016584e-06   0.000000e+00   0.000000e+00   5.021740e-01   9.354399e-01   9.999980e-01   9.354375e-01   9.354351e-01
1     2.615924e+01   9.999997e-01   3.015528e-06   0.000000e+00   0.000000e+00   5.023229e-01   9.982863e-01   9.999980e-01   9.982838e-01   9.982812e-01
1     2.616926e+01   9.999997e-01   3.014444e-06   0.000000e+00   0.000000e+00   5.024493e-01   1.061155e+00   9.999980e-01   1.061153e+00   1.061150e+00
1     2.617929e+01   9.999997e-01   3.013337e-06   0.000000e+00   0.000000e+00   5.025526e-01   1.124047e+00   9.999980e-01   1.124044e+00   1.124042e+00
1     2.618931e+01   9.999997e-01   3.012211e-06   0.000000e+00   0.000000e+00   5.026324e-01   1.186963e+00   9.999980e-01   1.186960e+00   1.186957e+00
1     2.619934e+01   9.999997e-01   3.011071e-06   0.000000e+00   0.000000e+00   5.026881e-01   1.249902e+00   9.999980e-01   1.249899e+00   1.249896e+00
1     2.620937e+01   9.999997e-01   3.009922e-06   0.000000e+00   0.000000e+00   5.027196e-01   1.312866e+00   9.999980e-01   1.312863e+00   1.312860e+00
1     2.621939e+01   9.999997e-01   3.008767e-06   0.000000e+00   0.000000e+00   5.027267e-01   1.375854e+00   9.999980e-01   1.375851e+00   1.375848e+00
1     2.622942e+01   9.999997e-01   3.007613e-06   0.000000e+00   0.000000e+00   5.027093e-01   1.438866e+00   9.999980e-01   1.438863e+00   1.438860e+00
1     2.623944e+01   9.999997e-01   3.006464e-06   0.000000e+00   0.000000e+00   5.026674e-01   1.501903e+00   9.999980e-01   1.501900e+00   1.501897e+00
1     2.624947e+01   9.999997e-01   3.005324e-06   0.000000e+00   0.000000e+00   5.026011e-01   1.564965e+00   9.999980e-01   1.564962e+00   1.564959e+00
1     2.625950e+01   9.999997e-01   3.004199e-06   0.000000e+00   0.000000e+00   5.025108e-01   1.628050e+00   9.999980e-01   1.628047e+00   1.628044e+00
1     2.626952e+01   9.999997e-01   3.003093e-06   0.000000e+00   0.000000e+00   5.023968e-01   1.691159e+00   9.999980e-01   1.691156e+00   1.691153e+00
1     2.627955e+01   9.999997e-01   3.002011e-06   0.000000e+00   0.000000e+00   5.022596e-01   1.754292e+00   9.999980e-01   1.754289e+00   1.754286e+00
1     2.628957e+01   9.999997e-01   3.000956e-06   0.000000e+00   0.000000e+00   5.020996e-01   1.817447e+00   9.999980e-01   1.817444e+00   1.817441e+00
1     2.629960e+01   9.999997e-01   2.999934e-06   0.000000e+00   0.000000e+00   5.019177e-01   1.880623e+00   9.999980e-01   1.880621e+00   1.880618e+00
1     2.630963e+01   9.999997e-01   2.998949e-06   0.000000e+00   0.000000e+00   5.017144e-01   1.943822e+00   9.999980e-01   1.943819e+00   1.943816e+00
1     2.631965e+01   9.999997e-01   2.998004e-06   0.000000e+00   0.000000e+00   5.014908e-01   2.007040e+00   9.999980e-01   2.007038e+00   2.007035e+00
1     2.632968e+01   9.999997e-01   2.997103e-06   0.000000e+00   0.000000e+00   5.012476e-01   2.070278e+00   9.999980e-01   2.070276e+00   2.070273e+00
1     2.633970e+01   9.999997e-01   2.996251e-06   0.000000e+00   0.000000e+00   5.009860e-01   2.133535e+00   9.999980e-01   2.133532e+00   2.133530e+00
1     2.634973e+01   9.999997e-01   2.995449e-06   0.000000e+00   0.000000e+00   5.007069e-01   2.196809e+00   9.999980e-01   2.196806e+00   2.196804e+00
1     2.635976e+01   9.999997e-01   2.994702e-06   0.000000e+00   0.000000e+00   5.004116e-01   2.260099e+00   9.999980e-01   2.260097e+00   2.260094e+00
1     2.636978e+01   9.999997e-01   2.994013e-06   0.000000e+00   0.000000e+00   5.001012e-01   2.323404e+00   9.999980e-01   2.323402e+00   2.323400e+00
1     2.637981e+01   9.999997e-01   2.993383e-06   0.000000e+00   0.000000e+00   4.997771e-01   2.386723e+00   9.999980e-01   2.386721e+00   2.386719e+00
1     2.638983e+01   9.999997e-01   2.992816e-06   0.000000e+00   0.000000e+00   4.994404e-01   2.450055e+00   9.999980e-01   2.450053e+00   2.450051e+00
1     2.639986e+01   9.999997e-01   2.992313e-06   0.000000e+00   0.000000e+00   4.990926e-01   2.513397e+00   9.999980e-01   2.513396e+00   2.513394e+00
1     2.640989e+01   9.999997e-01   2.991877e-06   0.000000e+00   0.000000e+00   4.987351e-01   2.576750e+00   9.999980e-01   2.576748e+00   2.576746e+00
1     2.641991e+01   9.999997e-01   2.991509e-06   0.000000e+00   0.000000e+00   4.983692e-01   2.640110e+00   9.999980e-01   2.640109e+00   2.640107e+00
1     2.642994e+01   9.999997e-01   2.991210e-06   0.000000e+00   0.000000e+00   4.979965e-01   2.703478e+00   9.999980e-01   2.703477e+00   2.703475e+00
1     2.643996e+01   9.999997e-01   2.990982e-06   0.000000e+00   0.000000e+00   4.976184e-01   2.766851e+00   9.999980e-01   2.766850e+00   2.766848e+00
1     2.644999e+01   9.999997e-01   2.990825e-06   0.000000e+00   0.000000e+00   4.972364e-01   2.830227e+00   9.999980e-01   2.830226e+00   2.830226e+00
1     2.645876e+01   9.999997e-01   2.990746e-06   0.000000e+00   0.000000e+00   4.969002e-01   2.885684e+00   9.999980e-01   2.885683e+00   2.885683e+00
1     2.646879e+01   9.999997e-01   2.990724e-06   0.000000e+00   0.000000e+00   4.965149e-01   2.949064e+00   9.999980e-01   2.949063e+00   2.949063e+00
1     2.647881e+01   9.999997e-01   2.990774e-06   0.000000e+00   0.000000e+00   4.961301e-01   3.012444e+00   9.999980e-01   3.012443e+00   3.012443e+00
1     2.648884e+01   9.999997e-01   2.990895e-06   0.000000e+00   0.000000e+00   4.957472e-01   3.075821e+00   9.999980e-01   3.075821e+00   3.075821e+00
1     2.649887e+01   9.999997e-01   2.991088e-06   0.000000e+00   0.000000e+00   4.953677e-01   3.139195e+00   9.999980e-01   3.139195e+00   3.139195e+00
1     2.650889e+01   9.999997e-01   2.991351e-06   0.000000e+00   0.000000e+00   4.949931e-01   3.202565e+00   9.999980e-01   3.202565e+00   3.202565e+00
1     2.651892e+01   9.999997e-01   2.991683e-06   0.000000e+00   0.000000e+00   4.946249e-01   3.265928e+00   9.999980e-01   3.265928e+00   3.265928e+00
1     2.652894e+01   9.999997e-01   2.992084e-06   0.000000e+00   0.000000e+00   4.942644e-01   3.329283e+00   9.999980e-01   3.329284e+00   3.329284e+00
1     2.653897e+01   9.999997e-01   2.992550e-06   0.000000e+00   0.000000e+00   4.939130e-01   3.392629e+00   9.999980e-01   3.392630e+00   3.392631e+00
1     2.654900e+01   9.999997e-01   2.993081e-06   0.000000e+00   0.000000e+00   4.935722e-01   3.455965e+00   9.999980e-01   3.455966e+00   3.455967e+00
1     2.655902e+01   9.999997e-01   2.993674e-06   0.000000e+00   0.000000e+00   4.932432e-01   3.519288e+00   9.999980e-01   3.519290e+00   3.519291e+00
1     2.656905e+01   9.999997e-01   2.994328e-06   0.000000e+00   0.000000e+00   4.929273e-01   3.582599e+00   9.999980e-01   3.582600e+00   3.582602e+00
1     2.657907e+01   9.999997e-01   2.995038e-06   0.000000e+00   0.000000e+00   4.926256e-01   3.645896e+00   9.999980e-01   3.645897e+00   3.645898e+00
1     2.658910e+01   9.999997e-01   2.995804e-06   0.000000e+00   0.000000e+00   4.923395e-01   3.709176e+00   9.999980e-01   3.709178e+00   3.709180e+00
1     2.659913e+01   9.999997e-01   2.996621e-06   0.000000e+00   0.000000e+00   4.920699e-01   3.772441e+00   9.999980e-01   3.772443e+00   3.772444e+00
1     2.660915e+01   9.999997e-01   2.997486e-06   0.000000e+00   0.000000e+00   4.918178e-01   3.835688e+00   9.999980e-01   3.835690e+00   3.835692e+00
1     2.661918e+01   9.999997e-01   2.998397e-06   0.000000e+00   0.000000e+00   4.915844e-01   3.898916e+00   9.999980e-01   3.898918e+00   3.898920e+00
1     2.662920e+01   9.999997e-01   2.999348e-06   0.000000e+00   0.000000e+00   4.913704e-01   3.962125e+00   9.999980e-01   3.962127e+00   3.962129e+00
1     2.663923e+01   9.999997e-01   3.000338e-06   0.000000e+00   0.000000e+00   4.911767e-01   4.025313e+00   9.999980e-01   4.025316e+00   4.025318e+00
1     2.664926e+01   9.999997e-01   3.001362e-06   0.000000e+00   0.000000e+00   4.910041e-01   4.088481e+00   9.999980e-01   4.088483e+00   4.088486e+00
1     2.665928e+01   9.999997e-01   3.002415e-06   0.000000e+00   0.000000e+00   4.908531e-01   4.151627e+00   9.999980e-01   4.151629e+00   4.151632e+00
1     2.666931e+01   9.999997e-01   3.003494e-06   0.000000e+00   0.000000e+00   4.907244e-01   4.214750e+00   9.999980e-01   4.214753e+00   4.214756e+00
1     2.667933e+01   9.999997e-01   3.004595e-06   0.000000e+00   0.000000e+00   4.906184e-01   4.277851e+00   9.999980e-01   4.277854e+00   4.277857e+00
1     2.668936e+01   9.999997e-01   3.005712e-06   0.000000e+00   0.000000e+00   4.905356e-01   4.340929e+00   9.999980e-01   4.340932e+00   4.340935e+00
1     2.669939e+01   9.999997e-01   3.006843e-06   0.000000e+00   0.000000e+00   4.904763e-01   4.403983e+00   9.999980e-01   4.403986e+00   4.403989e+00
1     2.670941e+01   9.999997e-01   3.007981e-06   0.000000e+00   0.000000e+00   4.904407e-01   4.467014e+00   9.999980e-01   4.467017e+00   4.467020e+00
1     2.671944e+01   9.999997e-01   3.009124e-06   0.000000e+00   0.000000e+00   4.904290e-01   4.530021e+00   9.999980e-01   4.530023e+00   4.530026e+00
1     2.672946e+01   9.999997e-01   3.010265e-06   0.000000e+00   0.000000e+00   4.904412e-01   4.593003e+00   9.999980e-01   4.593006e+00   4.593009e+00
1     2.673949e+01   9.999997e-01   3.011401e-06   0.000000e+00   0.000000e+00   4.904773e-01   4.655962e+00   9.999980e-01   4.655965e+00   4.655968e+00
1     2.674952e+01   9.999997e-01   3.012527e-06   0.000000e+00   0.000000e+00   4.905370e-01   4.718898e+00   9.999980e-01   4.718901e+00   4.718904e+00
1     2.675954e+01   9.999997e-01   3.013638e-06   0.000000e+00   0.000000e+00   4.906203e-01   4.781810e+00   9.999980e-01   4.781813e+00   4.781816e+00
1     2.676957e+01   9.999997e-01   3.014730e-06   0.000000e+00   0.000000e+00   4.907267e-01   4.844698e+00   9.999980e-01   4.844701e+00   4.844704e+00
1     2.677959e+01   9.999997e-01   3.015799e-06   0.000000e+00   0.000000e+00   4.908558e-01   4.907564e+00   9.999980e-01   4.907567e+00   4.907570e+00
1     2.678962e+01   9.999997e-01   3.016840e-06   0.000000e+00   0.000000e+00   4.910071e-01   4.970408e+00   9.999980e-01   4.970411e+00   4.970414e+00
1     2.679965e+01   9.999997e-01   3.017848e-06   0.000000e+00   0.000000e+00   4.911800e-01   5.033231e+00   9.999980e-01   5.033233e+00   5.033236e+00
1     2.680967e+01   9.999997e-01   3.018820e-06   0.000000e+00   0.000000e+00   4.913738e-01   5.096032e+00   9.999980e-01   5.096035e+00   5.096038e+00
1     2.681970e+01   9.999997e-01   3.019752e-06   0.000000e+00   0.000000e+00   4.915876e-01   5.158813e+00   9.999980e-01   5.158816e+00   5.158819e+00
1     2.682972e+01   9.999997e-01   3.020640e-06   0.000000e+00   0.000000e+00   4.918207e-01   5.221576e+00   9.999980e-01   5.221578e+00   5.221581e+00
1     2.683975e+01   9.999997e-01   3.021480e-06   0.000000e+00   0.000000e+00   4.920721e-01   5.284320e+00   9.999980e-01   5.284322e+00   5.284325e+00
1     2.684977e+01   9.999997e-01   3.022268e-06   0.000000e+00   0.000000e+00   4.923407e-01   5.347046e+00   9.999980e-01   5.347049e+00   5.347051e+00
1     2.685980e+01   9.999997e-01   3.023001e-06   0.000000e+00   0.000000e+00   4.926254e-01   5.409757e+00   9.999980e-01   5.409759e+00   5.409762e+00
1     2.686983e+01   9.999997e-01   3.023677e-06   0.000000e+00   0.000000e+00   4.929251e-01   5.472453e+00   9.999980e-01   5.472455e+00   5.472457e+00
1     2.687985e+01   9.999997e-01   3.024293e-06   0.000000e+00   0.000000e+00   4.932386e-01   5.535134e+00   9.999980e-01   5.535136e+00   5.535139e+00
1     2.688988e+01   9.999997e-01   3.024845e-06   0.000000e+00   0.000000e+00   4.935645e-01   5.597804e+00   9.999980e-01   5.597806e+00   5.597808e+00
1     2.689990e+01   9.999997e-01   3.025331e-06   0.000000e+00   0.000000e+00   4.939015e-01   5.660462e+00   9.999980e-01   5.660464e+00   5.660466e+00
1     2.690993e+01   9.999997e-01   3.025750e-06   0.000000e+00   0.000000e+00   4.942483e-01   5.723111e+00   9.999980e-01   5.723113e+00   5.723114e+00
1     2.691996e+01   9.999997e-01   3.026100e-06   0.000000e+00   0.000000e+00   4.946034e-01   5.785751e+00   9.999980e-01   5.785753e+00   5.785754e+00
1     2.692998e+01   9.999997e-01   3.026379e-06   0.000000e+00   0.000000e+00   4.949653e-01   5.848385e+00   9.999980e-01   5.848386e+00   5.848387e+00
1     2.693876e+01   9.999997e-01   3.026565e-06   0.000000e+00   0.000000e+00   4.952864e-01   5.903185e+00   9.999980e-01   5.903186e+00   5.903187e+00
1     2.694878e+01   9.999997e-01   3.026708e-06   0.000000e+00   0.000000e+00   4.956572e-01   5.965809e+00   9.999980e-01   5.965810e+00   5.965811e+00
1     2.695881e+01   9.999997e-01   3.026778e-06   0.000000e+00   0.000000e+00   4.960305e-01   6.028431e+00   9.999980e-01   6.028432e+00   6.028433e+00
1     2.696883e+01   9.999997e-01   3.026775e-06   0.000000e+00   0.000000e+00   4.964048e-01   6.091053e+00   9.999980e-01   6.091053e+00   6.091054e+00
1     2.697886e+01   9.999997e-01   3.026698e-06   0.000000e+00   0.000000e+00   4.967785e-01   6.153674e+00   9.999980e-01   6.153675e+00   6.153675e+00
1     2.698889e+01   9.999997e-01   3.026547e-06   0.000000e+00   0.000000e+00   4.971502e-01   6.216298e+00   9.999980e-01   6.216298e+00   6.216298e+00
1     2.699891e+01   9.999997e-01   3.026324e-06   0.000000e+00   0.000000e+00   4.975184e-01   6.278925e+00   9.999980e-01   6.278925e+00   6.278925e+00
1     2.700894e+01   9.999997e-01   3.026030e-06   0.000000e+00   0.000000e+00   4.978815e-01   5.837239e-02   9.999980e-01   5.837221e-02   5.837204e-02
1     2.701896e+01   9.999997e-01   3.025665e-06   0.000000e+00   0.000000e+00   4.982380e-01   1.210113e-01   9.999980e-01   1.210109e-01   1.210106e-01
1     2.702899e+01   9.999997e-01   3.025231e-06   0.000000e+00   0.000000e+00   4.985866e-01   1.836582e-01   9.999980e-01   1.836576e-01   1.836571e-01
1     2.703901e+01   9.999997e-01   3.024729e-06   0.000000e+00   0.000000e+00   4.989258e-01   2.463144e-01   9.999980e-01   2.463136e-01   2.463129e-01
1     2.704904e+01   9.999997e-01   3.024163e-06   0.000000e+00   0.000000e+00   4.992543e-01   3.089813e-01   9.999980e-01   3.089804e-01   3.089795e-01
1     2.705907e+01   9.999997e-01   3.023534e-06   0.000000e+00   0.000000e+00   4.995707e-01   3.716603e-01   9.999980e-01   3.716592e-01   3.716581e-01
1     2.706909e+01   9.999997e-01   3.022844e-06   0.000000e+00   0.000000e+00   4.998739e-01   4.343526e-01   9.999980e-01   4.343513e-01   4.343500e-01
1     2.707912e+01   9.999997e-01   3.022098e-06   0.000000e+00   0.000000e+00   5.001625e-01   4.970593e-01   9.999980e-01   4.970578e-01   4.970564e-01
1     2.708914e+01   9.999997e-01   3.021296e-06   0.000000e+00   0.000000e+00   5.004356e-01   5.597816e-01   9.999980e-01   5.597800e-01   5.597784e-01
1     2.709917e+01   9.999997e-01   3.020444e-06   0.000000e+00   0.000000e+00   5.006920e-01   6.225206e-01   9.999980e-01   6.225188e-01   6.225171e-01
1     2.710920e+01   9.999997e-01   3.019544e-06   0.000000e+00   0.000000e+00   5.009307e-01   6.852772e-01   9.999980e-01   6.852753e-01   6.852734e-01
1     2.711922e+01   9.999997e-01   3.018599e-06   0.000000e+00   0.000000e+00   5.011508e-01   7.480525e-01   9.999980e-01   7.480504e-01   7.480484e-01
1     2.712925e+01   9.999997e-01   3.017614e-06   0.000000e+00   0.000000e+00   5.013515e-01   8.108472e-01   9.999980e-01   8.108450e-01   8.108428e-01
1     2.713927e+01   9.999997e-01   3.016592e-06   0.000000e+00   0.000000e+00   5.015319e-01   8.736620e-01   9.999980e-01   8.736597e-01   8.736574e-01
1     2.714930e+01   9.999997e-01   3.015538e-06   0.000000e+00   0.000000e+00   5.016914e-01   9.364978e-01   9.999980e-01   9.364954e-01   9.364930e-01
1     2.715933e+01   9.999997e-01   3.014454e-06   0.000000e+00   0.000000e+00   5.018294e-01   9.993551e-01   9.999980e-01   9.993526e-01   9.993500e-01
1     2.716935e+01   9.999997e-01   3.013347e-06   0.000000e+00   0.000000e+00   5.019454e-01   1.062234e+00   9.999980e-01   1.062232e+00   1.062229e+00
1     2.717938e+01   9.999997e-01   3.012219e-06   0.000000e+00   0.000000e+00   5.020389e-01   1.125136e+00   9.999980e-01   1.125133e+00   1.125131e+00
1     2.718940e+01   9.999997e-01   3.011075e-06   0.000000e+00   0.000000e+00   5.021095e-01   1.188061e+00   9.999980e-01   1.188058e+00   1.188055e+00
1     2.719943e+01   9.999997e-01   3.009919e-06   0.000000e+00   0.000000e+00   5.021570e-01   1.251009e+00   9.999980e-01   1.251006e+00   1.251003e+00
1     2.720946e+01   9.999997e-01   3.008757e-06   0.000000e+00   0.000000e+00   5.021811e-01   1.313980e+00   9.999980e-01   1.313977e+00   1.313974e+00
1     2.721948e+01   9.999997e-01   3.007591e-06   0.000000e+00   0.000000e+00   5.021819e-01   1.376974e+00   9.999980e-01   1.376971e+00   1.376968e+00
1     2.722951e+01   9.999997e-01   3.006427e-06   0.000000e+00   0.000000e+00   5.021593e-01   1.439992e+00   9.999980e-01   1.439989e+00   1.439986e+00
1     2.723953e+01   9.999997e-01   3.005269e-06   0.000000e+00   0.000000e+00   5.021133e-01   1.503033e+00   9.999980e-01   1.503030e+00   1.503027e+00
1     2.724956e+01   9.999997e-01   3.004122e-06   0.000000e+00   0.000000e+00   5.020442e-01   1.566097e+00   9.999980e-01   1.566094e+00   1.566091e+00
1     2.725959e+01   9.999997e-01   3.002988e-06   0.000000e+00   0.000000e+00   5.019521e-01   1.629184e+00   9.999980e-01   1.629181e+00   1.629178e+00
1     2.726961e+01   9.999997e-01   3.001874e-06   0.000000e+00   0.000000e+00   5.018375e-01   1.692294e+00   9.999980e-01   1.692291e+00   1.692288e+00
1     2.727964e+01   9.999997e-01   3.000783e-06   0.000000e+00   0.000000e+00   5.017008e-01   1.755426e+00   9.999980e-01   1.755423e+00   1.755420e+00
1     2.728966e+01   9.999997e-01   2.999718e-06   0.000000e+00   0.000000e+00   5.015424e-01   1.818579e+00   9.999980e-01   1.818576e+00   1.818573e+00
1     2.729969e+01   9.999997e-01   2.998685e-06   0.000000e+00   0.000000e+00   5.013629e-01   1.881754e+00   9.999980e-01   1.881751e+00   1.881748e+00
1     2.730972e+01   9.999997e-01   2.997687e-06   0.000000e+00   0.000000e+00   5.011631e-01   1.944949e+00   9.999980e-01   1.944946e+00   1.944943e+00
1     2.731974e+01   9.999997e-01   2.996726e-06   0.000000e+00   0.000000e+00   5.009435e-01   2.008163e+00   9.999980e-01   2.008160e+00   2.008158e+00
1     2.732977e+01   9.999997e-01   2.995808e-06   0.000000e+00   0.000000e+00   5.007051e-01   2.071396e+00   9.999980e-01   2.071394e+00   2.071391e+00
1     2.733979e+01   9.999997e-01   2.994936e-06   0.000000e+00   0.000000e+00   5.004487e-01   2.134648e+00   9.999980e-01   2.134645e+00   2.134643e+00
1     2.734982e+01   9.999997e-01   2.994112e-06   0.000000e+00   0.000000e+00   5.001753e-01   2.197916e+00   9.999980e-01   2.197914e+00   2.197911e+00
1     2.735985e+01   9.999997e-01   2.993340e-06   0.000000e+00   0.000000e+00   4.998858e-01   2.261200e+00   9.999980e-01   2.261198e+00   2.261196e+00
1     2.736987e+01   9.999997e-01   2.992623e-06   0.000000e+00   0.000000e+00   4.995813e-01   2.324500e+00   9.999980e-01   2.324498e+00   2.324495e+00
1     2.737990e+01   9.999997e-01   2.991963e-06   0.000000e+00   0.000000e+00   4.992630e-01   2.387813e+00   9.999980e-01   2.387811e+00   2.387809e+00
1     2.738992e+01   9.999997e-01   2.991364e-06   0.000000e+00   0.000000e+00   4.989320e-01   2.451139e+00   9.999980e-01   2.451137e+00   2.451135e+00
1     2.739995e+01   9.999997e-01   2.990827e-06   0.000000e+00   0.000000e+00   4.985896e-01   2.514476e+00   9.999980e-01   2.514474e+00   2.514473e+00
1     2.740998e+01   9.999997e-01   2.990354e-06   0.000000e+00   0.000000e+00   4.982371e-01   2.577823e+00   9.999980e-01   2.577822e+00   2.577820e+00
1     2.741875e+01   9.999997e-01   2.989995e-06   0.000000e+00   0.000000e+00   4.979214e-01   2.633260e+00   9.999980e-01   2.633258e+00   2.633257e+00
1     2.742877e+01   9.999997e-01   2.989648e-06   0.000000e+00   0.000000e+00   4.975535e-01   2.696622e+00   9.999980e-01   2.696621e+00   2.696620e+00
1     2.743880e+01   9.999997e-01   2.989370e-06   0.000000e+00   0.000000e+00   4.971795e-01   2.759991e+00   9.999980e-01   2.759990e+00   2.759989e+00
1     2.744883e+01   9.999997e-01   2.989163e-06   0.000000e+00   0.000000e+00   4.968007e-01   2.823365e+00   9.999980e-01   2.823364e+00   2.823363e+00
1     2.745885e+01   9.999997e-01   2.989027e-06   0.000000e+00   0.000000e+00   4.964187e-01   2.886741e+00   9.999980e-01   2.886741e+00   2.886740e+00
1     2.746888e+01   9.999997e-01   2.988963e-06   0.000000e+00   0.000000e+00   4.960350e-01   2.950120e+00   9.999980e-01   2.950119e+00   2.950119e+00
1     2.747890e+01   9.999997e-01   2.988972e-06   0.000000e+00   0.000000e+00   4.956510e-01   3.013499e+00   9.999980e-01   3.013498e+00   3.013498e+00
1     2.748893e+01   9.999997e-01   2.989052e-06   0.000000e+00   0.000000e+00   4.952683e-01   3.076876e+00   9.999980e-01   3.076876e+00   3.076876e+00
1     2.749896e+01   9.999997e-01   2.989205e-06   0.000000e+00   0.000000e+00   4.948884e-01   3.140251e+00   9.999980e-01   3.140251e+00   3.140251e+00
1     2.750898e+01   9.999997e-01   2.989429e-06   0.000000e+00   0.000000e+00   4.945129e-01   3.203621e+00   9.999980e-01   3.203621e+00   3.203621e+00
1     2.751901e+01   9.999997e-01   2.989724e-06   0.000000e+00   0.000000e+00   4.941432e-01   3.266985e+00   9.999980e-01   3.266986e+00   3.266986e+00
1     2.752903e+01   9.999997e-01   2.990089e-06   0.000000e+00   0.000000e+00   4.937809e-01   3.330342e+00   9.999980e-01   3.330343e+00   3.330343e+00
1     2.753906e+01   9.999997e-01   2.990521e-06   0.000000e+00   0.000000e+00   4.934275e-01   3.393691e+00   9.999980e-01   3.393691e+00   3.393692e+00
1     2.754909e+01   9.999997e-01   2.991021e-06   0.000000e+00   0.000000e+00   4.930843e-01   3.457028e+00   9.999980e-01   3.457029e+00   3.457030e+00
1     2.755911e+01   9.999997e-01   2.991584e-06   0.000000e+00   0.000000e+00   4.927528e-01   3.520355e+00   9.999980e-01   3.520356e+00   3.520357e+00
1     2.756914e+01   9.999997e-01   2.992210e-06   0.000000e+00   0.000000e+00   4.924344e-01   3.583668e+00   9.999980e-01   3.583669e+00   3.583670e+00
1     2.757916e+01   9.999997e-01   2.992896e-06   0.000000e+00   0.000000e+00   4.921303e-01   3.646967e+00   9.999980e-01   3.646968e+00   3.646970e+00
1     2.758919e+01   9.999997e-01   2.993639e-06   0.000000e+00   0.000000e+00   4.918419e-01   3.710250e+00   9.999980e-01   3.710251e+00   3.710253e+00
1     2.759922e+01   9.999997e-01   2.994435e-06   0.000000e+00   0.000000e+00   4.915703e-01   3.773516e+00   9.999980e-01   3.773518e+00   3.773520e+00
1     2.760924e+01   9.999997e-01   2.995283e-06   0.000000e+00   0.000000e+00   4.913167e-01   3.836765e+00   9.999980e-01   3.836767e+00   3.836768e+00
1     2.761927e+01   9.999997e-01   2.996177e-06   0.000000e+00   0.000000e+00   4.910821e-01   3.899994e+00   9.999980e-01   3.899996e+00   3.899998e+00
1     2.762929e+01   9.999997e-01   2.997115e-06   0.000000e+00   0.000000e+00   4.908676e-01   3.963203e+00   9.999980e-01   3.963206e+00   3.963208e+00
1     2.763932e+01   9.999997e-01   2.998093e-06   0.000000e+00   0.000000e+00   4.906739e-01   4.026392e+00   9.999980e-01   4.026394e+00   4.026397e+00
1     2.764935e+01   9.999997e-01   2.999107e-06   0.000000e+00   0.000000e+00   4.905020e-01   4.089559e+00   9.999980e-01   4.089561e+00   4.089564e+00
1     2.765937e+01   9.999997e-01   3.000151e-06   0.000000e+00   0.000000e+00   4.903525e-01   4.152703e+00   9.999980e-01   4.152706e+00   4.152708e+00
1     2.766940e+01   9.999997e-01   3.001223e-06   0.000000e+00   0.000000e+00   4.902261e-01   4.215824e+00   9.999980e-01   4.215827e+00   4.215830e+00
1     2.767942e+01   9.999997e-01   3.002317e-06   0.000000e+00   0.000000e+00   4.901233e-01   4.278922e+00   9.999980e-01   4.278925e+00   4.278928e+00
1     2.768945e+01   9.999997e-01   3.003429e-06   0.000000e+00   0.000000e+00   4.900444e-01   4.341996e+00   9.999980e-01   4.341999e+00   4.342001e+00
1     2.769948e+01   9.999997e-01   3.004554e-06   0.000000e+00   0.000000e+00   4.899899e-01   4.405045e+00   9.999980e-01   4.405048e+00   4.405051e+00
1     2.770950e+01   9.999997e-01   3.005688e-06   0.000000e+00   0.000000e+00   4.899600e-01   4.468070e+00   9.999980e-01   4.468073e+00   4.468076e+00
1     2.771953e+01   9.999997e-01   3.006825e-06   0.000000e+00   0.000000e+00   4.899546e-01   4.531071e+00   9.999980e-01   4.531074e+00   4.531077e+00
1     2.772955e+01   9.999997e-01   3.007962e-06   0.000000e+00   0.000000e+00   4.899739e-01   4.594046e+00   9.999980e-01   4.594049e+00   4.594052e+00
1     2.773958e+01   9.999996e-01   3.009092e-06   0.000000e+00   0.000000e+00   4.900178e-01   4.656998e+00   9.999980e-01   4.657001e+00   4.657004e+00
1     2.774960e+01   9.999996e-01   3.010212e-06   0.000000e+00   0.000000e+00   4.900860e-01   4.719924e+00   9.999980e-01   4.719927e+00   4.719930e+00
1     2.775963e+01   9.999996e-01   3.011317e-06   0.000000e+00   0.000000e+00   4.901782e-01   4.782827e+00   9.999980e-01   4.782830e+00   4.782833e+00
1     2.776966e+01   9.999996e-01   3.012402e-06   0.000000e+00   0.000000e+00   4.902941e-01   4.845706e+00   9.999980e-01   4.845709e+00   4.845712e+00
1     2.777968e+01   9.999996e-01   3.013462e-06   0.000000e+00   0.000000e+00   4.904332e-01   4.908563e+00   9.999980e-01   4.908566e+00   4.908569e+00
1     2.778971e+01   9.999996e-01   3.014494e-06   0.000000e+00   0.000000e+00   4.905947e-01   4.971396e+00   9.999980e-01   4.971399e+00   4.971402e+00
1     2.779973e+01   9.999996e-01   3.015493e-06   0.000000e+00   0.000000e+00   4.907782e-01   5.034208e+00   9.999980e-01   5.034211e+00   5.034214e+00
1     2.780976e+01   9.999996e-01   3.016454e-06   0.000000e+00   0.000000e+00   4.909827e-01   5.096999e+00   9.999980e-01   5.097001e+00   5.097004e+00
1     2.781979e+01   9.999996e-01   3.017374e-06   0.000000e+00   0.000000e+00   4.912074e-01   5.159769e+00   9.999980e-01   5.159772e+00   5.159775e+00
1     2.782981e+01   9.999996e-01   3.018249e-06   0.000000e+00   0.000000e+00   4.914514e-01   5.222520e+00   9.999980e-01   5.222523e+00   5.222526e+00
1     2.783984e+01   9.999996e-01   3.019076e-06   0.000000e+00   0.000000e+00   4.917137e-01   5.285253e+00   9.999980e-01   5.285256e+00   5.285258e+00
1     2.784986e+01   9.999996e-01   3.019851e-06   0.000000e+00   0.000000e+00   4.919931e-01   5.347969e+00   9.999980e-01   5.347972e+00   5.347974e+00
1     2.785989e+01   9.999996e-01   3.020571e-06   0.000000e+00   0.000000e+00   4.922885e-01   5.410669e+00   9.999980e-01   5.410671e+00   5.410674e+00
1     2.786992e+01   9.999996e-01   3.021232e-06   0.000000e+00   0.000000e+00   4.925987e-01   5.473354e+00   9.999980e-01   5.473356e+00   5.473359e+00
1     2.787994e+01   9.999996e-01   3.021834e-06   0.000000e+00   0.000000e+00   4.929225e-01   5.536026e+00   9.999980e-01   5.536028e+00   5.536030e+00
1     2.788997e+01   9.999996e-01   3.022372e-06   0.000000e+00   0.000000e+00   4.932584e-01   5.598685e+00   9.999980e-01   5.598687e+00   5.598689e+00
1     2.789999e+01   9.999996e-01   3.022844e-06   0.000000e+00   0.000000e+00   4.936052e-01   5.661334e+00   9.999980e-01   5.661336e+00   5.661337e+00
1     2.790877e+01   9.999996e-01   3.023203e-06   0.000000e+00   0.000000e+00   4.939165e-01   5.716144e+00   9.999980e-01   5.716145e+00   5.716147e+00
1     2.791879e+01   9.999996e-01   3.023549e-06   0.000000e+00   0.000000e+00   4.942798e-01   5.778776e+00   9.999980e-01   5.778777e+00   5.778779e+00
1     2.792882e+01   9.999996e-01   3.023824e-06   0.000000e+00   0.000000e+00   4.946498e-01   5.841401e+00   9.999980e-01   5.841402e+00   5.841404e+00
1     2.793884e+01   9.999996e-01   3.024029e-06   0.000000e+00   0.000000e+00   4.950251e-01   5.904021e+00   9.999980e-01   5.904022e+00   5.904023e+00
1     2.794887e+01   9.999996e-01   3.024162e-06   0.000000e+00   0.000000e+00   4.954042e-01   5.966638e+00   9.999980e-01   5.966639e+00   5.966640e+00
1     2.795890e+01   9.999996e-01   3.024224e-06   0.000000e+00   0.000000e+00   4.957855e-01   6.029252e+00   9.999980e-01   6.029253e+00   6.029253e+00
1     2.796892e+01   9.999996e-01   3.024212e-06   0.000000e+00   0.000000e+00   4.961675e-01   6.091865e+00   9.999980e-01   6.091866e+00   6.091866e+00
1     2.797895e+01   9.999996e-01   3.024129e-06   0.000000e+00   0.000000e+00   4.965488e-01   6.154479e+00   9.999980e-01   6.154480e+00   6.154480e+00
1     2.798897e+01   9.999996e-01   3.023974e-06   0.000000e+00   0.000000e+00   4.969278e-01   6.217096e+00   9.999980e-01   6.217096e+00   6.217096e+00
1     2.799900e+01   9.999996e-01   3.023747e-06   0.000000e+00   0.000000e+00   4.973031e-01   6.279716e+00   9.999980e-01   6.279716e+00   6.279716e+00
1     2.800903e+01   9.999996e-01   3.023451e-06   0.000000e+00   0.000000e+00   4.976733e-01   5.915600e-02   9.999980e-01   5.915583e-02   5.915565e-02
1     2.801905e+01   9.999996e-01   3.023086e-06   0.000000e+00   0.000000e+00   4.980368e-01   1.217879e-01   9.999980e-01   1.217876e-01   1.217872e-01
1     2.802908e+01   9.999996e-01   3.022653e-06   0.000000e+00   0.000000e+00   4.983923e-01   1.844279e-01   9.999980e-01   1.844273e-01   1.844268e-01
1     2.803910e+01   9.999996e-01   3.022154e-06   0.000000e+00   0.000000e+00   4.987385e-01   2.470772e-01   9.999980e-01   2.470764e-01   2.470757e-01
1     2.804913e+01   9.999996e-01   3.021592e-06   0.000000e+00   0.000000e+00   4.990740e-01   3.097372e-01   9.999980e-01   3.097362e-01   3.097353e-01
1     2.805916e+01   9.999996e-01   3.020968e-06   0.000000e+00   0.000000e+00   4.993975e-01   3.724091e-01   9.999980e-01   3.724080e-01   3.724069e-01
1     2.806918e+01   9.999996e-01   3.020286e-06   0.000000e+00   0.000000e+00   4.997077e-01   4.350943e-01   9.999980e-01   4.350930e-01   4.350917e-01
1     2.807921e+01   9.999996e-01   3.019546e-06   0.000000e+00   0.000000e+00   5.000036e-01   4.977938e-01   9.999980e-01   4.977924e-01   4.977909e-01
1     2.808923e+01   9.999996e-01   3.018754e-06   0.000000e+00   0.000000e+00   5.002840e-01   5.605089e-01   9.999980e-01   5.605073e-01   5.605057e-01
1     2.809926e+01   9.999996e-01   3.017910e-06   0.000000e+00   0.000000e+00   5.005478e-01   6.232405e-01   9.999980e-01   6.232387e-01   6.232370e-01
1     2.810929e+01   9.999996e-01   3.017020e-06   0.000000e+00   0.000000e+00   5.007940e-01   6.859897e-01   9.999980e-01   6.859878e-01   6.859859e-01
1     2.811931e+01   9.999996e-01   3.016086e-06   0.000000e+00   0.000000e+00   5.010217e-01   7.487574e-01   9.999980e-01   7.487553e-01   7.487533e-01
1     2.812934e+01   9.999996e-01   3.015112e-06   0.000000e+00   0.000000e+00   5.012300e-01   8.115445e-01   9.999980e-01   8.115423e-01   8.115401e-01
1     2.813936e+01   9.999996e-01   3.014101e-06   0.000000e+00   0.000000e+00   5.014181e-01   8.743517e-01   9.999980e-01   8.743494e-01   8.743471e-01
1     2.814939e+01   9.999996e-01   3.013058e-06   0.000000e+00   0.000000e+00   5.015853e-01   9.371798e-01   9.999980e-01   9.371774e-01   9.371750e-01
1     2.815942e+01   9.999996e-01   3.011986e-06   0.000000e+00   0.000000e+00   5.017310e-01   1.000029e+00   9.999980e-01   1.000027e+00   1.000024e+00
1     2.816944e+01   9.999996e-01   3.010890e-06   0.000000e+00   0.000000e+00   5.018546e-01   1.062901e+00   9.999980e-01   1.062899e+00   1.062896e+00
1     2.817947e+01   9.999996e-01   3.009773e-06   0.000000e+00   0.000000e+00   5.019556e-01   1.125796e+00   9.999980e-01   1.125793e+00   1.125790e+00
1     2.818949e+01   9.999996e-01   3.008640e-06   0.000000e+00   0.000000e+00   5.020336e-01   1.188713e+00   9.999980e-01   1.188710e+00   1.188707e+00
1     2.819952e+01   9.999996e-01   3.007496e-06   0.000000e+00   0.000000e+00   5.020883e-01   1.251653e+00   9.999980e-01   1.251650e+00   1.251648e+00
1     2.820955e+01   9.999996e-01   3.006344e-06   0.000000e+00   0.000000e+00   5.021195e-01   1.314617e+00   9.999980e-01   1.314614e+00   1.314611e+00
1     2.821957e+01   9.999996e-01   3.005189e-06   0.000000e+00   0.000000e+00   5.021271e-01   1.377605e+00   9.999980e-01   1.377602e+00   1.377599e+00
1     2.822960e+01   9.999996e-01   3.004035e-06   0.000000e+00   0.000000e+00   5.021109e-01   1.440616e+00   9.999980e-01   1.440613e+00   1.440610e+00
1     2.823962e+01   9.999996e-01   3.002888e-06   0.000000e+00   0.000000e+00   5.020711e-01   1.503651e+00   9.999980e-01   1.503648e+00   1.503645e+00
1     2.824965e+01   9.999996e-01   3.001750e-06   0.000000e+00   0.000000e+00   5.020077e-01   1.566710e+00   9.999980e-01   1.566707e+00   1.566704e+00
1     2.825968e+01   9.999996e-01   3.000627e-06   0.000000e+00   0.000000e+00   5.019210e-01   1.629791e+00   9.999980e-01   1.629788e+00   1.629785e+00
1     2.826970e+01   9.999996e-01   2.999523e-06   0.000000e+00   0.000000e+00   5.018113e-01   1.692896e+00   9.999980e-01   1.692893e+00   1.692890e+00
1     2.827973e+01   9.999996e-01   2.998443e-06   0.000000e+00   0.000000e+00   5.016790e-01   1.756024e+00   9.999980e-01   1.756021e+00   1.756018e+00
1     2.828975e+01   9.999996e-01   2.997389e-06   0.000000e+00   0.000000e+00   5.015245e-01   1.819173e+00   9.999980e-01   1.819170e+00   1.819167e+00
1     2.829978e+01   9.999996e-01   2.996368e-06   0.000000e+00   0.000000e+00   5.013485e-01   1.882344e+00   9.999980e-01   1.882341e+00   1.882338e+00
1     2.830981e+01   9.999996e-01   2.995381e-06   0.000000e+00   0.000000e+00   5.011516e-01   1.945536e+00   9.999980e-01   1.945533e+00   1.945530e+00
1     2.831983e+01   9.999996e-01   2.994434e-06   0.000000e+00   0.000000e+00   5.009345e-01   2.008748e+00   9.999980e-01   2.008745e+00   2.008743e+00
1     2.832986e+01   9.999996e-01   2.993530e-06   0.000000e+00   0.000000e+00   5.006981e-01   2.071979e+00   9.999980e-01   2.071977e+00   2.071974e+00
1     2.833988e+01   9.999996e-01   2.992673e-06   0.000000e+00   0.000000e+00   5.004433e-01   2.135229e+00   9.999980e-01   2.135227e+00   2.135224e+00
1     2.834991e+01   9.999996e-01   2.991866e-06   0.000000e+00   0.000000e+00   5.001711e-01   2.198496e+00   9.999980e-01   2.198494e+00   2.198491e+00
1     2.835994e+01   9.999996e-01   2.991111e-06   0.000000e+00   0.000000e+00   4.998825e-01   2.261780e+00   9.999980e-01   2.261777e+00   2.261775e+00
1     2.836996e+01   9.999996e-01   2.990414e-06   0.000000e+00   0.000000e+00   4.995787e-01   2.325078e+00   9.999980e-01   2.325076e+00   2.325074e+00
1     2.837999e+01   9.999996e-01   2.989775e-06   0.000000e+00   0.000000e+00   4.992608e-01   2.388391e+00   9.999980e-01   2.388389e+00   2.388387e+00
1     2.838876e+01   9.999996e-01   2.989266e-06   0.000000e+00   0.000000e+00   4.989721e-01   2.443800e+00   9.999980e-01   2.443798e+00   2.443796e+00
1     2.839879e+01   9.999996e-01   2.988744e-06   0.000000e+00   0.000000e+00   4.986313e-01   2.507136e+00   9.999980e-01   2.507134e+00   2.507132e+00
1     2.840881e+01   9.999996e-01   2.988289e-06   0.000000e+00   0.000000e+00   4.982802e-01   2.570482e+00   9.999980e-01   2.570480e+00   2.570479e+00
1     2.841884e+01   9.999996e-01   2.987900e-06   0.000000e+00   0.000000e+00   4.979202e-01   2.633837e+00   9.999979e-01   2.633835e+00   2.633834e+00
1     2.842886e+01   9.999996e-01   2.987581e-06   0.000000e+00   0.000000e+00   4.975528e-01   2.697199e+00   9.999979e-01   2.697197e+00   2.697196e+00
1     2.843889e+01   9.999996e-01   2.987333e-06   0.000000e+00   0.000000e+00   4.971794e-01   2.760567e+00   9.999979e-01   2.760566e+00   2.760565e+00
1     2.844892e+01   9.999996e-01   2.987156e-06   0.000000e+00   0.000000e+00   4.968015e-01   2.823940e+00   9.999979e-01   2.823939e+00   2.823938e+00
1     2.845894e+01   9.999996e-01   2.987051e-06   0.000000e+00   0.000000e+00   4.964207e-01   2.887315e+00   9.999979e-01   2.887314e+00   2.887314e+00
1     2.846897e+01   9.999996e-01   2.987019e-06   0.000000e+00   0.000000e+00   4.960385e-01   2.950692e+00   9.999979e-01   2.950691e+00   2.950691e+00
1     2.847899e+01   9.999996e-01   2.987059e-06   0.000000e+00   0.000000e+00   4.956566e-01   3.014069e+00   9.999979e-01   3.014068e+00   3.014068e+00
1     2.848902e+01   9.999996e-01   2.987173e-06   0.000000e+00   0.000000e+00   4.952763e-01   3.077444e+00   9.999979e-01   3.077444e+00   3.077443e+00
1     2.849905e+01   9.999996e-01   2.987358e-06   0.000000e+00   0.000000e+00   4.948993e-01   3.140815e+00   9.999979e-01   3.140815e+00   3.140815e+00
1     2.850907e+01   9.999996e-01   2.987615e-06   0.000000e+00   0.000000e+00   4.945272e-01   3.204182e+00   9.999979e-01   3.204182e+00   3.204183e+00
1     2.851910e+01   9.999996e-01   2.987943e-06   0.000000e+00   0.000000e+00   4.941614e-01   3.267543e+00   9.999979e-01   3.267543e+00   3.267544e+00
1     2.852912e+01   9.999996e-01   2.988340e-06   0.000000e+00   0.000000e+00   4.938035e-01   3.330895e+00   9.999979e-01   3.330896e+00   3.330897e+00
1     2.853915e+01   9.999996e-01   2.988804e-06   0.000000e+00   0.000000e+00   4.934548e-01   3.394239e+00   9.999979e-01   3.394240e+00   3.394240e+00
1     2.854918e+01   9.999996e-01   2.989333e-06   0.000000e+00   0.000000e+00   4.931169e-01   3.457571e+00   9.999979e-01   3.457572e+00   3.457573e+00
1     2.855920e+01   9.999996e-01   2.989926e-06   0.000000e+00   0.000000e+00   4.927911e-01   3.520892e+00   9.999979e-01   3.520893e+00   3.520894e+00
1     2.856923e+01   9.999996e-01   2.990580e-06   0.000000e+00   0.000000e+00   4.924787e-01   3.584199e+00   9.999979e-01   3.584200e+00   3.584202e+00
1     2.857925e+01   9.999996e-01   2.991293e-06   0.000000e+00   0.000000e+00   4.921811e-01   3.647492e+00   9.999979e-01   3.647493e+00   3.647495e+00
1     2.858928e+01   9.999996e-01   2.992061e-06   0.000000e+00   0.000000e+00   4.918993e-01   3.710768e+00   9.999979e-01   3.710770e+00   3.710771e+00
1     2.859931e+01   9.999996e-01   2.992881e-06   0.000000e+00   0.000000e+00   4.916346e-01   3.774028e+00   9.999979e-01   3.774029e+00   3.774031e+00
1     2.860933e+01   9.999996e-01   2.993750e-06   0.000000e+00   0.000000e+00   4.913881e-01   3.837269e+00   9.999979e-01   3.837271e+00   3.837273e+00
1     2.861936e+01   9.999996e-01   2.994664e-06   0.000000e+00   0.000000e+00   4.911607e-01   3.900491e+00   9.999979e-01   3.900493e+00   3.900495e+00
1     2.862938e+01   9.999996e-01   2.995620e-06   0.000000e+00   0.000000e+00   4.909533e-01   3.963693e+00   9.999979e-01   3.963696e+00   3.963698e+00
1     2.863941e+01   9.999996e-01   2.996614e-06   0.000000e+00   0.000000e+00   4.907668e-01   4.026875e+00   9.999979e-01   4.026877e+00   4.026879e+00
1     2.864943e+01   9.999996e-01   2.997642e-06   0.000000e+00   0.000000e+00   4.906019e-01   4.090035e+00   9.999979e-01   4.090037e+00   4.090039e+00
1     2.865946e+01   9.999996e-01   2.998699e-06   0.000000e+00   0.000000e+00   4.904593e-01   4.153172e+00   9.999979e-01   4.153175e+00   4.153177e+00
1     2.866949e+01   9.999996e-01   2.999781e-06   0.000000e+00   0.000000e+00   4.903395e-01   4.216287e+00   9.999979e-01   4.216289e+00   4.216292e+00
1     2.867951e+01   9.999996e-01   3.000884e-06   0.000000e+00   0.000000e+00   4.902430e-01   4.279378e+00   9.999979e-01   4.279381e+00   4.279384e+00
1     2.868954e+01   9.999996e-01   3.002003e-06   0.000000e+00   0.000000e+00   4.901701e-01   4.342446e+00   9.999979e-01   4.342449e+00   4.342452e+00
1     2.869956e+01   9.999996e-01   3.003134e-06   0.000000e+00   0.000000e+00   4.901211e-01   4.405490e+00   9.999979e-01   4.405493e+00   4.405496e+00
1     2.870959e+01   9.999996e-01   3.004273e-06   0.000000e+00   0.000000e+00   4.900963e-01   4.468510e+00   9.999979e-01   4.468513e+00   4.468516e+00
1     2.871962e+01   9.999996e-01   3.005413e-06   0.000000e+00   0.000000e+00   4.900955e-01   4.531506e+00   9.999979e-01   4.531508e+00   4.531511e+00
1     2.872964e+01   9.999996e-01   3.006552e-06   0.000000e+00   0.000000e+00   4.901190e-01   4.594477e+00   9.999979e-01   4.594480e+00   4.594483e+00
1     2.873967e+01   9.999996e-01   3.007684e-06   0.000000e+00   0.000000e+00   4.901664e-01   4.657425e+00   9.999979e-01   4.657428e+00   4.657431e+00
1     2.874969e+01   9.999996e-01   3.008806e-06   0.000000e+00   0.000000e+00   4.902376e-01   4.720349e+00   9.999979e-01   4.720352e+00   4.720355e+00
1     2.875972e+01   9.999996e-01   3.009911e-06   0.000000e+00   0.000000e+00   4.903323e-01   4.783249e+00   9.999979e-01   4.783252e+00   4.783255e+00
1     2.876975e+01   9.999996e-01   3.010997e-06   0.000000e+00   0.000000e+00   4.904502e-01   4.846126e+00   9.999979e-01   4.846129e+00   4.846132e+00
1     2.877977e+01   9.999996e-01   3.012058e-06   0.000000e+00   0.000000e+00   4.905906e-01   4.908981e+00   9.999979e-01   4.908984e+00   4.908987e+00
1     2.878980e+01   9.999996e-01   3.013090e-06   0.000000e+00   0.000000e+00   4.907530e-01   4.971814e+00   9.999979e-01   4.971817e+00   4.971820e+00
1     2.879982e+01   9.999996e-01   3.014089e-06   0.000000e+00   0.000000e+00   4.909367e-01   5.034625e+00   9.999979e-01   5.034628e+00   5.034631e+00
1     2.880985e+01   9.999996e-01   3.015052e-06   0.000000e+00   0.000000e+00   4.911411e-01   5.097416e+00   9.999979e-01   5.097419e+00   5.097422e+00
1     2.881988e+01   9.999996e-01   3.015974e-06   0.000000e+00   0.000000e+00   4.913652e-01   5.160187e+00   9.999979e-01   5.160190e+00   5.160193e+00
1     2.882990e+01   9.999996e-01   3.016852e-06   0.000000e+00   0.000000e+00   4.916081e-01   5.222940e+00   9.999979e-01   5.222942e+00   5.222945e+00
1     2.883993e+01   9.999996e-01   3.017683e-06   0.000000e+00   0.000000e+00   4.918690e-01   5.285674e+00   9.999979e-01   5.285677e+00   5.285679e+00
1     2.884995e+01   9.999996e-01   3.018462e-06   0.000000e+00   0.000000e+00   4.921466e-01   5.348392e+00   9.999979e-01   5.348394e+00   5.348397e+00
1     2.885998e+01   9.999996e-01   3.019187e-06   0.000000e+00   0.000000e+00   4.924400e-01   5.411094e+00   9.999979e-01   5.411096e+00   5.411098e+00
1     2.886875e+01   9.999996e-01   3.019775e-06   0.000000e+00   0.000000e+00   4.927088e-01   5.465946e+00   9.999979e-01   5.465948e+00   5.465950e+00
1     2.887878e+01   9.999996e-01   3.020391e-06   0.000000e+00   0.000000e+00   4.930285e-01   5.528621e+00   9.999979e-01   5.528623e+00   5.528626e+00
1     2.888880e+01   9.999996e-01   3.020945e-06   0.000000e+00   0.000000e+00   4.933605e-01   5.591285e+00   9.999979e-01   5.591287e+00   5.591289e+00
1     2.889883e+01   9.999996e-01   3.021436e-06   0.000000e+00   0.000000e+00   4.937034e-01   5.653937e+00   9.999979e-01   5.653939e+00   5.653941e+00
1     2.890886e+01   9.999996e-01   3.021861e-06   0.000000e+00   0.000000e+00   4.940559e-01   5.716580e+00   9.999979e-01   5.716582e+00   5.716583e+00
1     2.891888e+01   9.999996e-01   3.022218e-06   0.000000e+00   0.000000e+00   4.944166e-01   5.779215e+00   9.999979e-01   5.779216e+00   5.779218e+00
1     2.892891e+01   9.999996e-01   3.022507e-06   0.000000e+00   0.000000e+00   4.947842e-01   5.841843e+00   9.999979e-01   5.841844e+00   5.841845e+00
1     2.893893e+01   9.999996e-01   3.022725e-06   0.000000e+00   0.000000e+00   4.951571e-01   5.904465e+00   9.999979e-01   5.904466e+00   5.904467e+00
1     2.894896e+01   9.999996e-01   3.022873e-06   0.000000e+00   0.000000e+00   4.955339e-01   5.967084e+00   9.999979e-01   5.967085e+00   5.967086e+00
1     2.895899e+01   9.999996e-01   3.022949e-06   0.000000e+00   0.000000e+00   4.959133e-01   6.029700e+00   9.999979e-01   6.029701e+00   6.029701e+00
1     2.896901e+01   9.999996e-01   3.022954e-06   0.000000e+00   0.000000e+00   4.962936e-01   6.092315e+00   9.999979e-01   6.092316e+00   6.092316e+00
1     2.897904e+01   9.999996e-01   3.022886e-06   0.000000e+00   0.000000e+00   4.966734e-01   6.154931e+00   9.999979e-01   6.154931e+00   6.154931e+00
1     2.898906e+01   9.999996e-01   3.022747e-06   0.000000e+00   0.000000e+00   4.970513e-01   6.217548e+00   9.999979e-01   6.217548e+00   6.217549e+00
1     2.899909e+01   9.999996e-01   3.022537e-06   0.000000e+00   0.000000e+00   4.974257e-01   6.280169e+00   9.999979e-01   6.280169e+00   6.280169e+00
1     2.900912e+01   9.999996e-01   3.022257e-06   0.000000e+00   0.000000e+00   4.977953e-01   5.960988e-02   9.999979e-01   5.960970e-02   5.960952e-02
1     2.901914e+01   9.999996e-01   3.021908e-06   0.000000e+00   0.000000e+00   4.981586e-01   1.222421e-01   9.999979e-01   1.222417e-01   1.222413e-01
1     2.902917e+01   9.999996e-01   3.021491e-06   0.000000e+00   0.000000e+00   4.985142e-01   1.848820e-01   9.999979e-01   1.848814e-01   1.848808e-01
1     2.903919e+01   9.999996e-01   3.021008e-06   0.000000e+00   0.000000e+00   4.988607e-01   2.475309e-01   9.999979e-01   2.475302e-01   2.475295e-01
1     2.904922e+01   9.999996e-01   3.020460e-06   0.000000e+00   0.000000e+00   4.991967e-01   3.101903e-01   9.999979e-01   3.101894e-01   3.101885e-01
1     2.905925e+01   9.999996e-01   3.019851e-06   0.000000e+00   0.000000e+00   4.995211e-01   3.728614e-01   9.999979e-01   3.728603e-01   3.728592e-01
1     2.906927e+01   9.999996e-01   3.019181e-06   0.000000e+00   0.000000e+00   4.998324e-01   4.355456e-01   9.999979e-01   4.355443e-01   4.355430e-01
1     2.907930e+01   9.999996e-01   3.018454e-06   0.000000e+00   0.000000e+00   5.001296e-01   4.982438e-01   9.999979e-01   4.982424e-01   4.982410e-01
1     2.908932e+01   9.999996e-01   3.017673e-06   0.000000e+00   0.000000e+00   5.004114e-01   5.609575e-01   9.999979e-01   5.609559e-01   5.609542e-01
1     2.909935e+01   9.999996e-01   3.016841e-06   0.000000e+00   0.000000e+00   5.006767e-01   6.236875e-01   9.999979e-01   6.236857e-01   6.236840e-01
1     2.910938e+01   9.999996e-01   3.015960e-06   0.000000e+00   0.000000e+00   5.009246e-01   6.864350e-01   9.999979e-01   6.864331e-01   6.864312e-01
1     2.911940e+01   9.999996e-01   3.015035e-06   0.000000e+00   0.000000e+00   5.011541e-01   7.492009e-01   9.999979e-01   7.491989e-01   7.491968e-01
1     2.912943e+01   9.999996e-01   3.014068e-06   0.000000e+00   0.000000e+00   5.013643e-01   8.119861e-01   9.999979e-01   8.119840e-01   8.119818e-01
1     2.913945e+01   9.999996e-01   3.013064e-06   0.000000e+00   0.000000e+00   5.015543e-01   8.747915e-01   9.999979e-01   8.747892e-01   8.747869e-01
1     2.914948e+01   9.999996e-01   3.012026e-06   0.000000e+00   0.000000e+00   5.017234e-01   9.376177e-01   9.999979e-01   9.376153e-01   9.376129e-01
1     2.915951e+01   9.999996e-01   3.010959e-06   0.000000e+00   0.000000e+00   5.018709e-01   1.000465e+00   9.999979e-01   1.000463e+00   1.000460e+00
1     2.916953e+01   9.999996e-01   3.009866e-06   0.000000e+00   0.000000e+00   5.019964e-01   1.063335e+00   9.999979e-01   1.063333e+00   1.063330e+00
1     2.917956e+01   9.999996e-01   3.008752e-06   0.000000e+00   0.000000e+00   5.020991e-01   1.126228e+00   9.999979e-01   1.126225e+00   1.126222e+00
1     2.918958e+01   9.999996e-01   3.007621e-06   0.000000e+00   0.000000e+00   5.021788e-01   1.189144e+00   9.999979e-01   1.189141e+00   1.189138e+00
1     2.919961e+01   9.999996e-01   3.006477e-06   0.000000e+00   0.000000e+00   5.022351e-01   1.252082e+00   9.999979e-01   1.252080e+00   1.252077e+00
1     2.920964e+01   9.999996e-01   3.005326e-06   0.000000e+00   0.000000e+00   5.022677e-01   1.315045e+00   9.999979e-01   1.315042e+00   1.315039e+00
1     2.921966e+01   9.999996e-01   3.004170e-06   0.000000e+00   0.000000e+00   5.022765e-01   1.378031e+00   9.999979e-01   1.378028e+00   1.378026e+00
1     2.922969e+01   9.999996e-01   3.003015e-06   0.000000e+00   0.000000e+00   5.022615e-01   1.441042e+00   9.999979e-01   1.441039e+00   1.441036e+00
1     2.923971e+01   9.999996e-01   3.001866e-06   0.000000e+00   0.000000e+00   5.022226e-01   1.504076e+00   9.999979e-01   1.504073e+00   1.504070e+00
1     2.924974e+01   9.999996e-01   3.000726e-06   0.000000e+00   0.000000e+00   5.021601e-01   1.567133e+00   9.999979e-01   1.567130e+00   1.567127e+00
1     2.925977e+01   9.999996e-01   2.999600e-06   0.000000e+00   0.000000e+00   5.020741e-01   1.630214e+00   9.999979e-01   1.630211e+00   1.630208e+00
1     2.926979e+01   9.999996e-01   2.998493e-06   0.000000e+00   0.000000e+00   5.019649e-01   1.693319e+00   9.999979e-01   1.693316e+00   1.693313e+00
1     2.927982e+01   9.999996e-01   2.997409e-06   0.000000e+00   0.000000e+00   5.018329e-01   1.756446e+00   9.999979e-01   1.756443e+00   1.756440e+00
1     2.928984e+01   9.999996e-01   2.996352e-06   0.000000e+00   0.000000e+00   5.016787e-01   1.819595e+00   9.999979e-01   1.819592e+00   1.819589e+00
1     2.929987e+01   9.999996e-01   2.995326e-06   0.000000e+00   0.000000e+00   5.015028e-01   1.882766e+00   9.999979e-01   1.882763e+00   1.882760e+00
1     2.930989e+01   9.999996e-01   2.994335e-06   0.000000e+00   0.000000e+00   5.013058e-01   1.945958e+00   9.999979e-01   1.945955e+00   1.945952e+00
1     2.931992e+01   9.999996e-01   2.993384e-06   0.000000e+00   0.000000e+00   5.010886e-01   2.009170e+00   9.999979e-01   2.009167e+00   2.009165e+00
1     2.932995e+01   9.999996e-01   2.992475e-06   0.000000e+00   0.000000e+00   5.008518e-01   2.072402e+00   9.999979e-01   2.072399e+00   2.072396e+00
1     2.933997e+01   9.999996e-01   2.991613e-06   0.000000e+00   0.000000e+00   5.005966e-01   2.135652e+00   9.999979e-01   2.135649e+00   2.135647e+00
1     2.935000e+01   9.999996e-01   2.990802e-06   0.000000e+00   0.000000e+00   5.003238e-01   2.198920e+00   9.999979e-01   2.198917e+00   2.198915e+00
1     2.935877e+01   9.999996e-01   2.990135e-06   0.000000e+00   0.000000e+00   5.000715e-01   2.254292e+00   9.999979e-01   2.254290e+00   2.254288e+00
1     2.936880e+01   9.999996e-01   2.989425e-06   0.000000e+00   0.000000e+00   4.997687e-01   2.317590e+00   9.999979e-01   2.317588e+00   2.317586e+00
1     2.937882e+01   9.999996e-01   2.988775e-06   0.000000e+00   0.000000e+00   4.994515e-01   2.380902e+00   9.999979e-01   2.380900e+00   2.380898e+00
1     2.938885e+01   9.999996e-01   2.988185e-06   0.000000e+00   0.000000e+00   4.991213e-01   2.444227e+00   9.999979e-01   2.444225e+00   2.444223e+00
1     2.939888e+01   9.999996e-01   2.987660e-06   0.000000e+00   0.000000e+00   4.987794e-01   2.507564e+00   9.999979e-01   2.507562e+00   2.507560e+00
1     2.940890e+01   9.999996e-01   2.987201e-06   0.000000e+00   0.000000e+00   4.984271e-01   2.570911e+00   9.999979e-01   2.570909e+00   2.570908e+00
1     2.941893e+01   9.999996e-01   2.986810e-06   0.000000e+00   0.000000e+00   4.980658e-01   2.634267e+00   9.999979e-01   2.634266e+00   2.634264e+00
1     2.942895e+01   9.999996e-01   2.986488e-06   0.000000e+00   0.000000e+00   4.976971e-01   2.697631e+00   9.999979e-01   2.697629e+00   2.697628e+00
1     2.943898e+01   9.999996e-01   2.986237e-06   0.000000e+00   0.000000e+00   4.973223e-01   2.761000e+00   9.999979e-01   2.760999e+00   2.760998e+00
1     2.944901e+01   9.999996e-01   2.986058e-06   0.000000e+00   0.000000e+00   4.969430e-01   2.824374e+00   9.999979e-01   2.824373e+00   2.824372e+00
1     2.945903e+01   9.999996e-01   2.985952e-06   0.000000e+00   0.000000e+00   4.965608e-01   2.887751e+00   9.999979e-01   2.887750e+00   2.887750e+00
1     2.946906e+01   9.999996e-01   2.985919e-06   0.000000e+00   0.000000e+00   4.961772e-01   2.951129e+00   9.999979e-01   2.951129e+00   2.951128e+00
1     2.947908e+01   9.999996e-01   2.985959e-06   0.000000e+00   0.000000e+00   4.957938e-01   3.014508e+00   9.999979e-01   3.014507e+00   3.014507e+00
1     2.948911e+01   9.999996e-01   2.986073e-06   0.000000e+00   0.000000e+00   4.954122e-01   3.077884e+00   9.999979e-01   3.077884e+00   3.077884e+00
1     2.949914e+01   9.999996e-01   2.986259e-06   0.000000e+00   0.000000e+00   4.950339e-01   3.141257e+00   9.999979e-01   3.141257e+00   3.141257e+00
1     2.950916e+01   9.999996e-01   2.986518e-06   0.000000e+00   0.000000e+00   4.946605e-01   3.204625e+00   9.999979e-01   3.204625e+00   3.204625e+00
1     2.951919e+01   9.999996e-01   2.986847e-06   0.000000e+00   0.000000e+00   4.942936e-01   3.267987e+00   9.999979e-01   3.267987e+00   3.267987e+00
1     2.952921e+01   9.999996e-01   2.987246e-06   0.000000e+00   0.000000e+00   4.939346e-01   3.331340e+00   9.999979e-01   3.331341e+00   3.331342e+00
1     2.953924e+01   9.999996e-01   2.987713e-06   0.000000e+00   0.000000e+00   4.935851e-01   3.394685e+00   9.999979e-01   3.394685e+00   3.394686e+00
1     2.954926e+01   9.999996e-01   2.988246e-06   0.000000e+00   0.000000e+00   4.932464e-01   3.458018e+00   9.999979e-01   3.458019e+00   3.458020e+00
1     2.955929e+01   9.999996e-01   2.988843e-06   0.000000e+00   0.000000e+00   4.929201e-01   3.521339e+00   9.999979e-01   3.521340e+00   3.521341e+00
1     2.956932e+01   9.999996e-01   2.989501e-06   0.000000e+00   0.000000e+00   4.926073e-01   3.584647e+00   9.999979e-01   3.584648e+00   3.584649e+00
1     2.957934e+01   9.999996e-01   2.990218e-06   0.000000e+00   0.000000e+00   4.923095e-01   3.647939e+00   9.999979e-01   3.647941e+00   3.647942e+00
1     2.958937e+01   9.999996e-01   2.990991e-06   0.000000e+00   0.000000e+00   4.920278e-01   3.711216e+00   9.999979e-01   3.711217e+00   3.711219e+00
1     2.959939e+01   9.999996e-01   2.991816e-06   0.000000e+00   0.000000e+00   4.917633e-01   3.774475e+00   9.999979e-01   3.774477e+00   3.774479e+00
1     2.960942e+01   9.999996e-01   2.992690e-06   0.000000e+00   0.000000e+00   4.915172e-01   3.837716e+00   9.999979e-01   3.837718e+00   3.837720e+00
1     2.961945e+01   9.999996e-01   2.993610e-06   0.000000e+00   0.000000e+00   4.912905e-01   3.900937e+00   9.999979e-01   3.900940e+00   3.900942e+00
1     2.962947e+01   9.999996e-01   2.994571e-06   0.000000e+00   0.000000e+00   4.910839e-01   3.964139e+00   9.999979e-01   3.964141e+00   3.964143e+00
1     2.963950e+01   9.999996e-01   2.995570e-06   0.000000e+00   0.000000e+00   4.908985e-01   4.027319e+00   9.999979e-01   4.027321e+00   4.027324e+00
1     2.964952e+01   9.999996e-01   2.996602e-06   0.000000e+00   0.000000e+00   4.907349e-01   4.090478e+00   9.999979e-01   4.090480e+00   4.090483e+00
1     2.965955e+01   9.999996e-01   2.997664e-06   0.000000e+00   0.000000e+00   4.905937e-01   4.153614e+00   9.999979e-01   4.153616e+00   4.153619e+00
1     2.966958e+01   9.999996e-01   2.998751e-06   0.000000e+00   0.000000e+00   4.904755e-01   4.216727e+00   9.999979e-01   4.216729e+00   4.216732e+00
1     2.967960e+01   9.999996e-01   2.999858e-06   0.000000e+00   0.000000e+00   4.903807e-01   4.279816e+00   9.999979e-01   4.279819e+00   4.279822e+00
1     2.968963e+01   9.999996e-01   3.000982e-06   0.000000e+00   0.000000e+00   4.903098e-01   4.342882e+00   9.999979e-01   4.342885e+00   4.342888e+00
1     2.969965e+01   9.999996e-01   3.002117e-06   0.000000e+00   0.000000e+00   4.902630e-01   4.405924e+00   9.999979e-01   4.405927e+00   4.405930e+00
1     2.970968e+01   9.999996e-01   3.003258e-06   0.000000e+00   0.000000e+00   4.902404e-01   4.468942e+00   9.999979e-01   4.468945e+00   4.468948e+00
1     2.971971e+01   9.999996e-01   3.004402e-06   0.000000e+00   0.000000e+00   4.902421e-01   4.531935e+00   9.999979e-01   4.531938e+00   4.531941e+00
1     2.972973e+01   9.999996e-01   3.005543e-06   0.000000e+00   0.000000e+00   4.902680e-01   4.594904e+00   9.999979e-01   4.594907e+00   4.594910e+00
1     2.973976e+01   9.999996e-01   3.006677e-06   0.000000e+00   0.000000e+00   4.903180e-01   4.657849e+00   9.999979e-01   4.657852e+00   4.657855e+00
1     2.974978e+01   9.999996e-01   3.007799e-06   0.000000e+00   0.000000e+00   4.903918e-01   4.720770e+00   9.999979e-01   4.720773e+00   4.720776e+00
1     2.975981e+01   9.999996e-01   3.008905e-06   0.000000e+00   0.000000e+00   4.904892e-01   4.783668e+00   9.999979e-01   4.783671e+00   4.783674e+00
1     2.976984e+01   9.999996e-01   3.009990e-06   0.000000e+00   0.000000e+00   4.906097e-01   4.846543e+00   9.999979e-01   4.846546e+00   4.846549e+00
1     2.977986e+01   9.999996e-01   3.011050e-06   0.000000e+00   0.000000e+00   4.907527e-01   4.909395e+00   9.999979e-01   4.909398e+00   4.909401e+00
1     2.978989e+01   9.999996e-01   3.012081e-06   0.000000e+00   0.000000e+00   4.909177e-01   4.972225e+00   9.999979e-01   4.972228e+00   4.972231e+00
1     2.979991e+01   9.999996e-01   3.013079e-06   0.000000e+00   0.000000e+00   4.911040e-01   5.035034e+00   9.999979e-01   5.035037e+00   5.035040e+00
1     2.980994e+01   9.999996e-01   3.014039e-06   0.000000e+00   0.000000e+00   4.913107e-01   5.097823e+00   9.999979e-01   5.097825e+00   5.097828e+00
1     2.981997e+01   9.999996e-01   3.014958e-06   0.000000e+00   0.000000e+00   4.915371e-01   5.160591e+00   9.999979e-01   5.160594e+00   5.160597e+00
1     2.982999e+01   9.999996e-01   3.015833e-06   0.000000e+00   0.000000e+00   4.917822e-01   5.223342e+00   9.999979e-01   5.223344e+00   5.223347e+00
1     2.983876e+01   9.999996e-01   3.016558e-06   0.000000e+00   0.000000e+00   4.920112e-01   5.278233e+00   9.999979e-01   5.278236e+00   5.278238e+00
1     2.984879e+01   9.999996e-01   3.017340e-06   0.000000e+00   0.000000e+00   4.922887e-01   5.340951e+00   9.999979e-01   5.340954e+00   5.340956e+00
1     2.985882e+01   9.999996e-01   3.018068e-06   0.000000e+00   0.000000e+00   4.925819e-01   5.403653e+00   9.999979e-01   5.403656e+00   5.403658e+00
1     2.986884e+01   9.999996e-01   3.018738e-06   0.000000e+00   0.000000e+00   4.928895e-01   5.466341e+00   9.999979e-01   5.466343e+00   5.466345e+00
1     2.987887e+01   9.999996e-01   3.019349e-06   0.000000e+00   0.000000e+00   4.932105e-01   5.529015e+00   9.999979e-01   5.529018e+00   5.529020e+00
1     2.988889e+01   9.999996e-01   3.019899e-06   0.000000e+00   0.000000e+00   4.935435e-01   5.591678e+00   9.999979e-01   5.591680e+00   5.591682e+00
1     2.989892e+01   9.999996e-01   3.020384e-06   0.000000e+00   0.000000e+00   4.938873e-01   5.654329e+00   9.999979e-01   5.654331e+00   5.654333e+00
1     2.990895e+01   9.999996e-01   3.020804e-06   0.000000e+00   0.000000e+00   4.942404e-01   5.716972e+00   9.999979e-01   5.716973e+00   5.716975e+00
1     2.991897e+01   9.999996e-01   3.021156e-06   0.000000e+00   0.000000e+00   4.946015e-01   5.779606e+00   9.999979e-01   5.779607e+00   5.779609e+00
1     2.992900e+01   9.999996e-01   3.021439e-06   0.000000e+00   0.000000e+00   4.949693e-01   5.842234e+00   9.999979e-01   5.842235e+00   5.842236e+00
1     2.993902e+01   9.999996e-01   3.021653e-06   0.000000e+00   0.000000e+00   4.953422e-01   5.904856e+00   9.999979e-01   5.904857e+00   5.904858e+00
1     2.994905e+01   9.999996e-01   3.021796e-06   0.000000e+00   0.000000e+00   4.957188e-01   5.967475e+00   9.999979e-01   5.967476e+00   5.967477e+00
1     2.995908e+01   9.999996e-01   3.021868e-06   0.000000e+00   0.000000e+00   4.960977e-01   6.030092e+00   9.999979e-01   6.030092e+00   6.030093e+00
1     2.996910e+01   9.999996e-01   3.021868e-06   0.000000e+00   0.000000e+00   4.964774e-01   6.092707e+00   9.999979e-01   6.092708e+00   6.092709e+00
1     2.997913e+01   9.999996e-01   3.021797e-06   0.000000e+00   0.000000e+00   4.968565e-01   6.155324e+00   9.999979e-01   6.155324e+00   6.155325e+00
1     2.998915e+01   9.999996e-01   3.021655e-06   0.000000e+00   0.000000e+00   4.972334e-01   6.217942e+00   9.999979e-01   6.217943e+00   6.217943e+00
1     2.999918e+01   9.999996e-01   3.021442e-06   0.000000e+00   0.000000e+00   4.976068e-01   6.280564e+00   9.999979e-01   6.280564e+00   6.280564e+00
1     3.000921e+01   9.999996e-01   3.021159e-06   0.000000e+00   0.000000e+00   4.979751e-01   6.000627e-02   9.999979e-01   6.000609e-02   6.000590e-02
1     3.001923e+01   9.999996e-01   3.020808e-06   0.000000e+00   0.000000e+00   4.983371e-01   1.226398e-01   9.999979e-01   1.226394e-01   1.226391e-01
1     3.002926e+01   9.999996e-01   3.020389e-06   0.000000e+00   0.000000e+00   4.986912e-01   1.852811e-01   9.999979e-01   1.852806e-01   1.852800e-01
1     3.003928e+01   9.999996e-01   3.019905e-06   0.000000e+00   0.000000e+00   4.990362e-01   2.479316e-01   9.999979e-01   2.479309e-01   2.479301e-01
1     3.004931e+01   9.999996e-01   3.019357e-06   0.000000e+00   0.000000e+00   4.993707e-01   3.105925e-01   9.999979e-01   3.105916e-01   3.105907e-01
1     3.005934e+01   9.999996e-01   3.018748e-06   0.000000e+00   0.000000e+00   4.996935e-01   3.732653e-01   9.999979e-01   3.732642e-01   3.732631e-01
1     3.006936e+01   9.999996e-01   3.018079e-06   0.000000e+00   0.000000e+00   5.000032e-01   4.359510e-01   9.999979e-01   4.359497e-01   4.359484e-01
1     3.007939e+01   9.999996e-01   3.017354e-06   0.000000e+00   0.000000e+00   5.002987e-01   4.986509e-01   9.999979e-01   4.986494e-01   4.986480e-01
1     3.008941e+01   9.999996e-01   3.016574e-06   0.000000e+00   0.000000e+00   5.005789e-01   5.613661e-01   9.999979e-01   5.613645e-01   5.613629e-01
1     3.009944e+01   9.999996e-01   3.015744e-06   0.000000e+00   0.000000e+00   5.008427e-01   6.240978e-01   9.999979e-01   6.240960e-01   6.240943e-01
1     3.010947e+01   9.999996e-01   3.014866e-06   0.000000e+00   0.000000e+00   5.010890e-01   6.868469e-01   9.999979e-01   6.868450e-01   6.868430e-01
1     3.011949e+01   9.999996e-01   3.013944e-06   0.000000e+00   0.000000e+00   5.013169e-01   7.496143e-01   9.999979e-01   7.496123e-01   7.496102e-01
1     3.012952e+01   9.999996e-01   3.012980e-06   0.000000e+00   0.000000e+00   5.015256e-01   8.124011e-01   9.999979e-01   8.123989e-01   8.123967e-01
1     3.013954e+01   9.999996e-01   3.011980e-06   0.000000e+00   0.000000e+00   5.017141e-01   8.752079e-01   9.999979e-01   8.752056e-01   8.752033e-01
1     3.014957e+01   9.999996e-01   3.010946e-06   0.000000e+00   0.000000e+00   5.018818e-01   9.380356e-01   9.999979e-01   9.380332e-01   9.380308e-01
1     3.015960e+01   9.999996e-01   3.009883e-06   0.000000e+00   0.000000e+00   5.020279e-01   1.000885e+00   9.999979e-01   1.000882e+00   1.000880e+00
1     3.016962e+01   9.999996e-01   3.008795e-06   0.000000e+00   0.000000e+00   5.021520e-01   1.063756e+00   9.999979e-01   1.063753e+00   1.063751e+00
1     3.017965e+01   9.999996e-01   3.007686e-06   0.000000e+00   0.000000e+00   5.022535e-01   1.126650e+00   9.999979e-01   1.126647e+00   1.126644e+00
1     3.018967e+01   9.999996e-01   3.006561e-06   0.000000e+00   0.000000e+00   5.023320e-01   1.189567e+00   9.999979e-01   1.189564e+00   1.189561e+00
1     3.019970e+01   9.999996e-01   3.005422e-06   0.000000e+00   0.000000e+00   5.023872e-01   1.252507e+00   9.999979e-01   1.252504e+00   1.252501e+00
1     3.020972e+01   9.999996e-01   3.004276e-06   0.000000e+00   0.000000e+00   5.024188e-01   1.315470e+00   9.999979e-01   1.315467e+00   1.315464e+00
1     3.021975e+01   9.999996e-01   3.003127e-06   0.000000e+00   0.000000e+00   5.024268e-01   1.378457e+00   9.999979e-01   1.378454e+00   1.378452e+00
1     3.022978e+01   9.999996e-01   3.001978e-06   0.000000e+00   0.000000e+00   5.024110e-01   1.441468e+00   9.999979e-01   1.441465e+00   1.441462e+00
1     3.023980e+01   9.999996e-01   3.000834e-06   0.000000e+00   0.000000e+00   5.023715e-01   1.504503e+00   9.999979e-01   1.504500e+00   1.504497e+00
1     3.024983e+01   9.999996e-01   2.999701e-06   0.000000e+00   0.000000e+00   5.023084e-01   1.567561e+00   9.999979e-01   1.567558e+00   1.567555e+00
1     3.025985e+01   9.999996e-01   2.998581e-06   0.000000e+00   0.000000e+00   5.022219e-01   1.630643e+00   9.999979e-01   1.630640e+00   1.630637e+00
1     3.026988e+01   9.999996e-01   2.997480e-06   0.000000e+00   0.000000e+00   5.021124e-01   1.693747e+00   9.999979e-01   1.693745e+00   1.693742e+00
1     3.027991e+01   9.999996e-01   2.996402e-06   0.000000e+00   0.000000e+00   5.019802e-01   1.756875e+00   9.999979e-01   1.756872e+00   1.756869e+00
1     3.028993e+01   9.999996e-01   2.995351e-06   0.000000e+00   0.000000e+00   5.018258e-01   1.820024e+00   9.999979e-01   1.820021e+00   1.820018e+00
1     3.029996e+01   9.999996e-01   2.994331e-06   0.000000e+00   0.000000e+00   5.016499e-01   1.883195e+00   9.999979e-01   1.883192e+00   1.883189e+00
1     3.030998e+01   9.999996e-01   2.993346e-06   0.000000e+00   0.000000e+00   5.014531e-01   1.946387e+00   9.999979e-01   1.946384e+00   1.946381e+00
1     3.031876e+01   9.999996e-01   2.992517e-06   0.000000e+00   0.000000e+00   5.012643e-01   2.001696e+00   9.999979e-01   2.001694e+00   2.001691e+00
1     3.032878e+01   9.999996e-01   2.991608e-06   0.000000e+00   0.000000e+00   5.010303e-01   2.064925e+00   9.999979e-01   2.064923e+00   2.064920e+00
1     3.033881e+01   9.999996e-01   2.990746e-06   0.000000e+00   0.000000e+00   5.007778e-01   2.128173e+00   9.999979e-01   2.128170e+00   2.128167e+00
1     3.034884e+01   9.999996e-01   2.989933e-06   0.000000e+00   0.000000e+00   5.005078e-01   2.191437e+00   9.999979e-01   2.191435e+00   2.191433e+00
1     3.035886e+01   9.999996e-01   2.989172e-06   0.000000e+00   0.000000e+00   5.002213e-01   2.254719e+00   9.999979e-01   2.254717e+00   2.254714e+00
1     3.036889e+01   9.999996e-01   2.988467e-06   0.000000e+00   0.000000e+00   4.999194e-01   2.318016e+00   9.999979e-01   2.318013e+00   2.318011e+00
1     3.037891e+01   9.999996e-01   2.987820e-06   0.000000e+00   0.000000e+00   4.996033e-01   2.381327e+00   9.999979e-01   2.381325e+00   2.381322e+00
1     3.038894e+01   9.999996e-01   2.987234e-06   0.000000e+00   0.000000e+00   4.992743e-01   2.444650e+00   9.999979e-01   2.444649e+00   2.444647e+00
1     3.039896e+01   9.999996e-01   2.986712e-06   0.000000e+00   0.000000e+00   4.989336e-01   2.507986e+00   9.999979e-01   2.507984e+00   2.507982e+00
1     3.040899e+01   9.999996e-01   2.986255e-06   0.000000e+00   0.000000e+00   4.985827e-01   2.571332e+00   9.999979e-01   2.571330e+00   2.571328e+00
1     3.041902e+01   9.999996e-01   2.985866e-06   0.000000e+00   0.000000e+00   4.982229e-01   2.634686e+00   9.999979e-01   2.634685e+00   2.634683e+00
1     3.042904e+01   9.999996e-01   2.985545e-06   0.000000e+00   0.000000e+00   4.978556e-01   2.698048e+00   9.999979e-01   2.698047e+00   2.698046e+00
1     3.043907e+01   9.999996e-01   2.985295e-06   0.000000e+00   0.000000e+00   4.974824e-01   2.761416e+00   9.999979e-01   2.761415e+00   2.761414e+00
1     3.044909e+01   9.999996e-01   2.985116e-06   0.000000e+00   0.000000e+00   4.971047e-01   2.824789e+00   9.999979e-01   2.824788e+00   2.824787e+00
1     3.045912e+01   9.999996e-01   2.985010e-06   0.000000e+00   0.000000e+00   4.967241e-01   2.888164e+00   9.999979e-01   2.888163e+00   2.888163e+00
1     3.046915e+01   9.999996e-01   2.984976e-06   0.000000e+00   0.000000e+00   4.963421e-01   2.951541e+00   9.999979e-01   2.951540e+00   2.951540e+00
1     3.047917e+01   9.999996e-01   2.985014e-06   0.000000e+00   0.000000e+00   4.959603e-01   3.014917e+00   9.999979e-01   3.014917e+00   3.014917e+00
1     3.048920e+01   9.999996e-01   2.985126e-06   0.000000e+00   0.000000e+00   4.955803e-01   3.078292e+00   9.999979e-01   3.078292e+00   3.078292e+00
1     3.049922e+01   9.999996e-01   2.985309e-06   0.000000e+00   0.000000e+00   4.952035e-01   3.141664e+00   9.999979e-01   3.141664e+00   3.141664e+00
1     3.050925e+01   9.999996e-01   2.985564e-06   0.000000e+00   0.000000e+00   4.948315e-01   3.205030e+00   9.999979e-01   3.205030e+00   3.205031e+00
1     3.051928e+01   9.999996e-01   2.985890e-06   0.000000e+00   0.000000e+00   4.944660e-01   3.268391e+00   9.999979e-01   3.268391e+00   3.268391e+00
1     3.052930e+01   9.999996e-01   2.986285e-06   0.000000e+00   0.000000e+00   4.941082e-01   3.331743e+00   9.999979e-01   3.331744e+00   3.331744e+00
1     3.053933e+01   9.999996e-01   2.986747e-06   0.000000e+00   0.000000e+00   4.937598e-01   3.395086e+00   9.999979e-01   3.395087e+00   3.395088e+00
1     3.054935e+01   9.999996e-01   2.987275e-06   0.000000e+00   0.000000e+00   4.934222e-01   3.458419e+00   9.999979e-01   3.458419e+00   3.458420e+00
1     3.055938e+01   9.999996e-01   2.987867e-06   0.000000e+00   0.000000e+00   4.930968e-01   3.521739e+00   9.999979e-01   3.521740e+00   3.521741e+00
1     3.056941e+01   9.999996e-01   2.988520e-06   0.000000e+00   0.000000e+00   4.927848e-01   3.585045e+00   9.999979e-01   3.585047e+00   3.585048e+00
1     3.057943e+01   9.999996e-01   2.989232e-06   0.000000e+00   0.000000e+00   4.924876e-01   3.648337e+00   9.999979e-01   3.648339e+00   3.648340e+00
1     3.058946e+01   9.999996e-01   2.990000e-06   0.000000e+00   0.000000e+00   4.922065e-01   3.711613e+00   9.999979e-01   3.711615e+00   3.711617e+00
1     3.059948e+01   9.999996e-01   2.990819e-06   0.000000e+00   0.000000e+00   4.919425e-01   3.774872e+00   9.999979e-01   3.774874e+00   3.774876e+00
1     3.060951e+01   9.999996e-01   2.991688e-06   0.000000e+00   0.000000e+00   4.916967e-01   3.838113e+00   9.999979e-01   3.838115e+00   3.838117e+00
1     3.061954e+01   9.999996e-01   2.992603e-06   0.000000e+00   0.000000e+00   4.914702e-01   3.901334e+00   9.999979e-01   3.901336e+00   3.901338e+00
1     3.062956e+01   9.999996e-01   2.993560e-06   0.000000e+00   0.000000e+00   4.912639e-01   3.964535e+00   9.999979e-01   3.964537e+00   3.964540e+00
1     3.063959e+01   9.999996e-01   2.994554e-06   0.000000e+00   0.000000e+00   4.910786e-01   4.027715e+00   9.999979e-01   4.027718e+00   4.027720e+00
1     3.064961e+01   9.999996e-01   2.995582e-06   0.000000e+00   0.000000e+00   4.909150e-01   4.090874e+00   9.999979e-01   4.090876e+00   4.090879e+00
1     3.065964e+01   9.999996e-01   2.996640e-06   0.000000e+00   0.000000e+00   4.907739e-01   4.154010e+00   9.999979e-01   4.154012e+00   4.154015e+00
1     3.066967e+01   9.999996e-01   2.997723e-06   0.000000e+00   0.000000e+00   4.906558e-01   4.217123e+00   9.999979e-01   4.217125e+00   4.217128e+00
1     3.067969e+01   9.999996e-01   2.998828e-06   0.000000e+00   0.000000e+00   4.905612e-01   4.280212e+00   9.999979e-01   4.280215e+00   4.280218e+00
1     3.068972e+01   9.999996e-01   2.999948e-06   0.000000e+00   0.000000e+00   4.904904e-01   4.343278e+00   9.999979e-01   4.343281e+00   4.343284e+00
1     3.069974e+01   9.999996e-01   3.001080e-06   0.000000e+00   0.000000e+00   4.904437e-01   4.406320e+00   9.999979e-01   4.406323e+00   4.406325e+00
1     3.070977e+01   9.999996e-01   3.002219e-06   0.000000e+00   0.000000e+00   4.904213e-01   4.469337e+00   9.999979e-01   4.469340e+00   4.469343e+00
1     3.071980e+01   9.999996e-01   3.003361e-06   0.000000e+00   0.000000e+00   4.904233e-01   4.532330e+00   9.999979e-01   4.532333e+00   4.532336e+00
1     3.072982e+01   9.999996e-01   3.004501e-06   0.000000e+00   0.000000e+00   4.904496e-01   4.595299e+00   9.999979e-01   4.595302e+00   4.595305e+00
1     3.073985e+01   9.999996e-01   3.005634e-06   0.000000e+00   0.000000e+00   4.905001e-01   4.658243e+00   9.999979e-01   4.658246e+00   4.658249e+00
1     3.074987e+01   9.999996e-01   3.006755e-06   0.000000e+00   0.000000e+00   4.905746e-01   4.721164e+00   9.999979e-01   4.721167e+00   4.721170e+00
1     3.075990e+01   9.999996e-01   3.007861e-06   0.000000e+00   0.000000e+00   4.906728e-01   4.784061e+00   9.999979e-01   4.784064e+00   4.784067e+00
1     3.076993e+01   9.999996e-01   3.008946e-06   0.000000e+00   0.000000e+00   4.907943e-01   4.846934e+00   9.999979e-01   4.846937e+00   4.846940e+00
1     3.077995e+01   9.999996e-01   3.010006e-06   0.000000e+00   0.000000e+00   4.909385e-01   4.909785e+00   9.999979e-01   4.909788e+00   4.909791e+00
1     3.078998e+01   9.999996e-01   3.011037e-06   0.000000e+00   0.000000e+00   4.911048e-01   4.972614e+00   9.999979e-01   4.972617e+00   4.972620e+00
1     3.079875e+01   9.999996e-01   3.011912e-06   0.000000e+00   0.000000e+00   4.912681e-01   5.027572e+00   9.999979e-01   5.027575e+00   5.027578e+00
1     3.080878e+01   9.999996e-01   3.012877e-06   0.000000e+00   0.000000e+00   4.914740e-01   5.090361e+00   9.999979e-01   5.090364e+00   5.090367e+00
1     3.081880e+01   9.999996e-01   3.013802e-06   0.000000e+00   0.000000e+00   4.917000e-01   5.153130e+00   9.999979e-01   5.153133e+00   5.153136e+00
1     3.082883e+01   9.999996e-01   3.014682e-06   0.000000e+00   0.000000e+00   4.919450e-01   5.215881e+00   9.999979e-01   5.215883e+00   5.215886e+00
1     3.083885e+01   9.999996e-01   3.015515e-06   0.000000e+00   0.000000e+00   4.922080e-01   5.278613e+00   9.999979e-01   5.278615e+00   5.278618e+00
1     3.084888e+01   9.999996e-01   3.016296e-06   0.000000e+00   0.000000e+00   4.924880e-01   5.341328e+00   9.999979e-01   5.341331e+00   5.341333e+00
1     3.085891e+01   9.999996e-01   3.017023e-06   0.000000e+00   0.000000e+00   4.927839e-01   5.404028e+00   9.999979e-01   5.404030e+00   5.404032e+00
1     3.086893e+01   9.999996e-01   3.017692e-06   0.000000e+00   0.000000e+00   4.930945e-01   5.466712e+00   9.999979e-01   5.466715e+00   5.466717e+00
1     3.087896e+01   9.999996e-01   3.018302e-06   0.000000e+00   0.000000e+00   4.934185e-01   5.529384e+00   9.999979e-01   5.529386e+00   5.529388e+00
1     3.088898e+01   9.999996e-01   3.018850e-06   0.000000e+00   0.000000e+00   4.937547e-01   5.592043e+00   9.999979e-01   5.592045e+00   5.592047e+00
1     3.089901e+01   9.999996e-01   3.019333e-06   0.000000e+00   0.000000e+00   4.941017e-01   5.654691e+00   9.999979e-01   5.654693e+00   5.654695e+00
1     3.090904e+01   9.999996e-01   3.019751e-06   0.000000e+00   0.000000e+00   4.944581e-01   5.717330e+00   9.999979e-01   5.717332e+00   5.717334e+00
1     3.091906e+01   9.999996e-01   3.020100e-06   0.000000e+00   0.000000e+00   4.948226e-01   5.779961e+00   9.999979e-01   5.779963e+00   5.779964e+00
1     3.092909e+01   9.999996e-01   3.020380e-06   0.000000e+00   0.000000e+00   4.951938e-01   5.842585e+00   9.999979e-01   5.842587e+00   5.842588e+00
1     3.093911e+01   9.999996e-01   3.020590e-06   0.000000e+00   0.000000e+00   4.955702e-01   5.905205e+00   9.999979e-01   5.905206e+00   5.905207e+00
1     3.094914e+01   9.999996e-01   3.020729e-06   0.000000e+00   0.000000e+00   4.959503e-01   5.967820e+00   9.999979e-01   5.967821e+00   5.967822e+00
1     3.095917e+01   9.999996e-01   3.020797e-06   0.000000e+00   0.000000e+00   4.963326e-01   6.030433e+00   9.999979e-01   6.030434e+00   6.030435e+00
1     3.096919e+01   9.999996e-01   3.020793e-06   0.000000e+00   0.000000e+00   4.967158e-01   6.093045e+00   9.999979e-01   6.093046e+00   6.093046e+00
1     3.097922e+01   9.999996e-01   3.020717e-06   0.000000e+00   0.000000e+00   4.970983e-01   6.155658e+00   9.999979e-01   6.155659e+00   6.155659e+00
1     3.098924e+01   9.999996e-01   3.020569e-06   0.000000e+00   0.000000e+00   4.974786e-01   6.218274e+00   9.999979e-01   6.218274e+00   6.218274e+00
1     3.099927e+01   9.999996e-01   3.020351e-06   0.000000e+00   0.000000e+00   4.978553e-01   6.280892e+00   9.999979e-01   6.280892e+00   6.280892e+00
1     3.100930e+01   9.999996e-01   3.020063e-06   0.000000e+00   0.000000e+00   4.982269e-01   6.033084e-02   9.999979e-01   6.033066e-02   6.033048e-02
1     3.101932e+01   9.999996e-01   3.019707e-06   0.000000e+00   0.000000e+00   4.985921e-01   1.229612e-01   9.999979e-01   1.229608e-01   1.229604e-01
1     3.102935e+01   9.999996e-01   3.019282e-06   0.000000e+00   0.000000e+00   4.989493e-01   1.855994e-01   9.999979e-01   1.855988e-01   1.855983e-01
1     3.103937e+01   9.999996e-01   3.018792e-06   0.000000e+00   0.000000e+00   4.992974e-01   2.482468e-01   9.999979e-01   2.482461e-01   2.482454e-01
1     3.104940e+01   9.999996e-01   3.018239e-06   0.000000e+00   0.000000e+00   4.996348e-01   3.109049e-01   9.999979e-01   3.109039e-01   3.109030e-01
1     3.105943e+01   9.999996e-01   3.017623e-06   0.000000e+00   0.000000e+00   4.999604e-01   3.735748e-01   9.999979e-01   3.735737e-01   3.735726e-01
1     3.106945e+01   9.999996e-01   3.016948e-06   0.000000e+00   0.000000e+00   5.002729e-01   4.362577e-01   9.999979e-01   4.362565e-01   4.362552e-01
1     3.107948e+01   9.999996e-01   3.016217e-06   0.000000e+00   0.000000e+00   5.005710e-01   4.989550e-01   9.999979e-01   4.989536e-01   4.989521e-01
1     3.108950e+01   9.999996e-01   3.015431e-06   0.000000e+00   0.000000e+00   5.008537e-01   5.616677e-01   9.999979e-01   5.616661e-01   5.616645e-01
1     3.109953e+01   9.999996e-01   3.014595e-06   0.000000e+00   0.000000e+00   5.011199e-01   6.243970e-01   9.999979e-01   6.243952e-01   6.243935e-01
1     3.110955e+01   9.999996e-01   3.013711e-06   0.000000e+00   0.000000e+00   5.013686e-01   6.871438e-01   9.999979e-01   6.871419e-01   6.871399e-01
1     3.111958e+01   9.999996e-01   3.012782e-06   0.000000e+00   0.000000e+00   5.015987e-01   7.499090e-01   9.999979e-01   7.499070e-01   7.499049e-01
1     3.112961e+01   9.999996e-01   3.011813e-06   0.000000e+00   0.000000e+00   5.018094e-01   8.126937e-01   9.999979e-01   8.126915e-01   8.126893e-01
1     3.113963e+01   9.999996e-01   3.010806e-06   0.000000e+00   0.000000e+00   5.019999e-01   8.754986e-01   9.999979e-01   8.754963e-01   8.754939e-01
1     3.114966e+01   9.999996e-01   3.009767e-06   0.000000e+00   0.000000e+00   5.021694e-01   9.383244e-01   9.999979e-01   9.383220e-01   9.383195e-01
1     3.115968e+01   9.999996e-01   3.008698e-06   0.000000e+00   0.000000e+00   5.023173e-01   1.001172e+00   9.999979e-01   1.001169e+00   1.001167e+00
1     3.116971e+01   9.999996e-01   3.007604e-06   0.000000e+00   0.000000e+00   5.024430e-01   1.064041e+00   9.999979e-01   1.064039e+00   1.064036e+00
1     3.117974e+01   9.999996e-01   3.006489e-06   0.000000e+00   0.000000e+00   5.025459e-01   1.126934e+00   9.999979e-01   1.126931e+00   1.126928e+00
1     3.118976e+01   9.999996e-01   3.005357e-06   0.000000e+00   0.000000e+00   5.026256e-01   1.189849e+00   9.999979e-01   1.189847e+00   1.189844e+00
1     3.119979e+01   9.999996e-01   3.004213e-06   0.000000e+00   0.000000e+00   5.026818e-01   1.252788e+00   9.999979e-01   1.252786e+00   1.252783e+00
1     3.120981e+01   9.999996e-01   3.003062e-06   0.000000e+00   0.000000e+00   5.027143e-01   1.315751e+00   9.999979e-01   1.315748e+00   1.315745e+00
1     3.121984e+01   9.999996e-01   3.001907e-06   0.000000e+00   0.000000e+00   5.027229e-01   1.378738e+00   9.999979e-01   1.378735e+00   1.378732e+00
1     3.122987e+01   9.999996e-01   3.000753e-06   0.000000e+00   0.000000e+00   5.027075e-01   1.441748e+00   9.999978e-01   1.441745e+00   1.441742e+00
1     3.123989e+01   9.999996e-01   2.999604e-06   0.000000e+00   0.000000e+00   5.026682e-01   1.504783e+00   9.999978e-01   1.504780e+00   1.504777e+00
1     3.124992e+01   9.999996e-01   2.998466e-06   0.000000e+00   0.000000e+00   5.026051e-01   1.567841e+00   9.999978e-01   1.567838e+00   1.567835e+00
1     3.125994e+01   9.999996e-01   2.997342e-06   0.000000e+00   0.000000e+00   5.025185e-01   1.630923e+00   9.999978e-01   1.630920e+00   1.630917e+00
1     3.126997e+01   9.999996e-01   2.996237e-06   0.000000e+00   0.000000e+00   5.024086e-01   1.694028e+00   9.999978e-01   1.694025e+00   1.694022e+00
1     3.128000e+01   9.999996e-01   2.995155e-06   0.000000e+00   0.000000e+00   5.022758e-01   1.757156e+00   9.999978e-01   1.757153e+00   1.757150e+00
1     3.128877e+01   9.999996e-01   2.994231e-06   0.000000e+00   0.000000e+00   5.021413e-01   1.812411e+00   9.999978e-01   1.812408e+00   1.812405e+00
1     3.129879e+01   9.999996e-01   2.993205e-06   0.000000e+00   0.000000e+00   5.019670e-01   1.875580e+00   9.999978e-01   1.875577e+00   1.875574e+00
1     3.130882e+01   9.999996e-01   2.992213e-06   0.000000e+00   0.000000e+00   5.017716e-01   1.938770e+00   9.999978e-01   1.938768e+00   1.938765e+00
1     3.131885e+01   9.999996e-01   2.991261e-06   0.000000e+00   0.000000e+00   5.015558e-01   2.001981e+00   9.999978e-01   2.001978e+00   2.001976e+00
1     3.132887e+01   9.999996e-01   2.990351e-06   0.000000e+00   0.000000e+00   5.013203e-01   2.065212e+00   9.999978e-01   2.065209e+00   2.065206e+00
1     3.133890e+01   9.999996e-01   2.989488e-06   0.000000e+00   0.000000e+00   5.010662e-01   2.128461e+00   9.999978e-01   2.128458e+00   2.128456e+00
1     3.134892e+01   9.999996e-01   2.988676e-06   0.000000e+00   0.000000e+00   5.007944e-01   2.191727e+00   9.999978e-01   2.191725e+00   2.191722e+00
1     3.135895e+01   9.999996e-01   2.987916e-06   0.000000e+00   0.000000e+00   5.005060e-01   2.255011e+00   9.999978e-01   2.255008e+00   2.255006e+00
1     3.136898e+01   9.999996e-01   2.987213e-06   0.000000e+00   0.000000e+00   5.002021e-01   2.318309e+00   9.999978e-01   2.318307e+00   2.318305e+00
1     3.137900e+01   9.999996e-01   2.986569e-06   0.000000e+00   0.000000e+00   4.998840e-01   2.381622e+00   9.999978e-01   2.381620e+00   2.381618e+00
1     3.138903e+01   9.999996e-01   2.985986e-06   0.000000e+00   0.000000e+00   4.995529e-01   2.444948e+00   9.999978e-01   2.444946e+00   2.444944e+00
1     3.139905e+01   9.999996e-01   2.985468e-06   0.000000e+00   0.000000e+00   4.992102e-01   2.508286e+00   9.999978e-01   2.508284e+00   2.508282e+00
1     3.140908e+01   9.999996e-01   2.985016e-06   0.000000e+00   0.000000e+00   4.988572e-01   2.571634e+00   9.999978e-01   2.571632e+00   2.571630e+00
1     3.141911e+01   9.999996e-01   2.984632e-06   0.000000e+00   0.000000e+00   4.984954e-01   2.634990e+00   9.999978e-01   2.634989e+00   2.634987e+00
1     3.142913e+01   9.999996e-01   2.984317e-06   0.000000e+00   0.000000e+00   4.981263e-01   2.698354e+00   9.999978e-01   2.698353e+00   2.698352e+00
1     3.143916e+01   9.999996e-01   2.984073e-06   0.000000e+00   0.000000e+00   4.977512e-01   2.761724e+00   9.999978e-01   2.761723e+00   2.761722e+00
1     3.144918e+01   9.999996e-01   2.983901e-06   0.000000e+00   0.000000e+00   4.973719e-01   2.825098e+00   9.999978e-01   2.825097e+00   2.825096e+00
1     3.145921e+01   9.999996e-01   2.983801e-06   0.000000e+00   0.000000e+00   4.969897e-01   2.888475e+00   9.999978e-01   2.888474e+00   2.888473e+00
1     3.146924e+01   9.999996e-01   2.983774e-06   0.000000e+00   0.000000e+00   4.966064e-01   2.951853e+00   9.999978e-01   2.951852e+00   2.951852e+00
1     3.147926e+01   9.999996e-01   2.983820e-06   0.000000e+00   0.000000e+00   4.962233e-01   3.015231e+00   9.999978e-01   3.015230e+00   3.015230e+00
1     3.148929e+01   9.999996e-01   2.983938e-06   0.000000e+00   0.000000e+00   4.958421e-01   3.078607e+00   9.999978e-01   3.078606e+00   3.078606e+00
1     3.149931e+01   9.999996e-01   2.984129e-06   0.000000e+00   0.000000e+00   4.954644e-01   3.141979e+00   9.999978e-01   3.141979e+00   3.141979e+00
1     3.150934e+01   9.999996e-01   2.984390e-06   0.000000e+00   0.000000e+00   4.950917e-01   3.205347e+00   9.999978e-01   3.205347e+00   3.205347e+00
1     3.151937e+01   9.999996e-01   2.984722e-06   0.000000e+00   0.000000e+00   4.947254e-01   3.268708e+00   9.999978e-01   3.268708e+00   3.268708e+00
1     3.152939e+01   9.999996e-01   2.985123e-06   0.000000e+00   0.000000e+00   4.943671e-01   3.332061e+00   9.999978e-01   3.332061e+00   3.332062e+00
1     3.153942e+01   9.999996e-01   2.985591e-06   0.000000e+00   0.000000e+00   4.940182e-01   3.395404e+00   9.999978e-01   3.395405e+00   3.395406e+00
1     3.154944e+01   9.999996e-01   2.986124e-06   0.000000e+00   0.000000e+00   4.936802e-01   3.458737e+00   9.999978e-01   3.458738e+00   3.458739e+00
1     3.155947e+01   9.999996e-01   2.986720e-06   0.000000e+00   0.000000e+00   4.933544e-01   3.522058e+00   9.999978e-01   3.522059e+00   3.522060e+00
1     3.156950e+01   9.999996e-01   2.987376e-06   0.000000e+00   0.000000e+00   4.930421e-01   3.585365e+00   9.999978e-01   3.585366e+00   3.585367e+00
1     3.157952e+01   9.999996e-01   2.988091e-06   0.000000e+00   0.000000e+00   4.927445e-01   3.648657e+00   9.999978e-01   3.648658e+00   3.648660e+00
1     3.158955e+01   9.999996e-01   2.988860e-06   0.000000e+00   0.000000e+00   4.924629e-01   3.711933e+00   9.999978e-01   3.711935e+00   3.711937e+00
1     3.159957e+01   9.999996e-01   2.989680e-06   0.000000e+00   0.000000e+00   4.921984e-01   3.775193e+00   9.999978e-01   3.775194e+00   3.775196e+00
1     3.160960e+01   9.999996e-01   2.990549e-06   0.000000e+00   0.000000e+00   4.919519e-01   3.838434e+00   9.999978e-01   3.838436e+00   3.838438e+00
1     3.161963e+01   9.999996e-01   2.991463e-06   0.000000e+00   0.000000e+00   4.917245e-01   3.901656e+00   9.999978e-01   3.901658e+00   3.901660e+00
1     3.162965e+01   9.999996e-01   2.992418e-06   0.000000e+00   0.000000e+00   4.915171e-01   3.964858e+00   9.999978e-01   3.964861e+00   3.964863e+00
1     3.163968e+01   9.999996e-01   2.993411e-06   0.000000e+00   0.000000e+00   4.913305e-01   4.028040e+00   9.999978e-01   4.028042e+00   4.028044e+00
1     3.164970e+01   9.999996e-01   2.994436e-06   0.000000e+00   0.000000e+00   4.911654e-01   4.091200e+00   9.999978e-01   4.091202e+00   4.091205e+00
1     3.165973e+01   9.999996e-01   2.995491e-06   0.000000e+00   0.000000e+00   4.910223e-01   4.154338e+00   9.999978e-01   4.154340e+00   4.154343e+00
1     3.166976e+01   9.999996e-01   2.996570e-06   0.000000e+00   0.000000e+00   4.909020e-01   4.217453e+00   9.999978e-01   4.217456e+00   4.217458e+00
1     3.167978e+01   9.999996e-01   2.997670e-06   0.000000e+00   0.000000e+00   4.908048e-01   4.280545e+00   9.999978e-01   4.280548e+00   4.280551e+00
1     3.168981e+01   9.999996e-01   2.998786e-06   0.000000e+00   0.000000e+00   4.907311e-01   4.343614e+00   9.999978e-01   4.343617e+00   4.343619e+00
1     3.169983e+01   9.999996e-01   2.999914e-06   0.000000e+00   0.000000e+00   4.906811e-01   4.406659e+00   9.999978e-01   4.406662e+00   4.406664e+00
1     3.170986e+01   9.999996e-01   3.001048e-06   0.000000e+00   0.000000e+00   4.906551e-01   4.469680e+00   9.999978e-01   4.469683e+00   4.469686e+00
1     3.171989e+01   9.999996e-01   3.002186e-06   0.000000e+00   0.000000e+00   4.906530e-01   4.532677e+00   9.999978e-01   4.532680e+00   4.532683e+00
1     3.172991e+01   9.999996e-01   3.003321e-06   0.000000e+00   0.000000e+00   4.906750e-01   4.595650e+00   9.999978e-01   4.595653e+00   4.595656e+00
1     3.173994e+01   9.999996e-01   3.004450e-06   0.000000e+00   0.000000e+00   4.907208e-01   4.658599e+00   9.999978e-01   4.658602e+00   4.658605e+00
1     3.174996e+01   9.999996e-01   3.005567e-06   0.000000e+00   0.000000e+00   4.907903e-01   4.721525e+00   9.999978e-01   4.721528e+00   4.721531e+00
1     3.175999e+01   9.999996e-01   3.006670e-06   0.000000e+00   0.000000e+00   4.908831e-01   4.784427e+00   9.999978e-01   4.784430e+00   4.784433e+00
1     3.176876e+01   9.999996e-01   3.007618e-06   0.000000e+00   0.000000e+00   4.909832e-01   4.839448e+00   9.999978e-01   4.839451e+00   4.839454e+00
1     3.177879e+01   9.999996e-01   3.008680e-06   0.000000e+00   0.000000e+00   4.911186e-01   4.902307e+00   9.999978e-01   4.902310e+00   4.902313e+00
1     3.178881e+01   9.999996e-01   3.009714e-06   0.000000e+00   0.000000e+00   4.912761e-01   4.965145e+00   9.999978e-01   4.965148e+00   4.965151e+00
1     3.179884e+01   9.999996e-01   3.010716e-06   0.000000e+00   0.000000e+00   4.914548e-01   5.027962e+00   9.999978e-01   5.027964e+00   5.027967e+00
1     3.180887e+01   9.999996e-01   3.011682e-06   0.000000e+00   0.000000e+00   4.916542e-01   5.090757e+00   9.999978e-01   5.090760e+00   5.090763e+00
1     3.181889e+01   9.999996e-01   3.012608e-06   0.000000e+00   0.000000e+00   4.918734e-01   5.153534e+00   9.999978e-01   5.153536e+00   5.153539e+00
1     3.182892e+01   9.999996e-01   3.013491e-06   0.000000e+00   0.000000e+00   4.921115e-01   5.216291e+00   9.999978e-01   5.216293e+00   5.216296e+00
1     3.183894e+01   9.999996e-01   3.014327e-06   0.000000e+00   0.000000e+00   4.923676e-01   5.279030e+00   9.999978e-01   5.279032e+00   5.279035e+00
1     3.184897e+01   9.999996e-01   3.015113e-06   0.000000e+00   0.000000e+00   4.926406e-01   5.341752e+00   9.999978e-01   5.341755e+00   5.341757e+00
1     3.185900e+01   9.999996e-01   3.015846e-06   0.000000e+00   0.000000e+00   4.929295e-01   5.404459e+00   9.999978e-01   5.404461e+00   5.404463e+00
1     3.186902e+01   9.999996e-01   3.016523e-06   0.000000e+00   0.000000e+00   4.932332e-01   5.467150e+00   9.999978e-01   5.467152e+00   5.467155e+00
1     3.187905e+01   9.999996e-01   3.017141e-06   0.000000e+00   0.000000e+00   4.935503e-01   5.529828e+00   9.999978e-01   5.529831e+00   5.529833e+00
1     3.188907e+01   9.999996e-01   3.017697e-06   0.000000e+00   0.000000e+00   4.938798e-01   5.592494e+00   9.999978e-01   5.592496e+00   5.592498e+00
1     3.189910e+01   9.999996e-01   3.018190e-06   0.000000e+00   0.000000e+00   4.942203e-01   5.655149e+00   9.999978e-01   5.655151e+00   5.655153e+00
1     3.190913e+01   9.999996e-01   3.018618e-06   0.000000e+00   0.000000e+00   4.945704e-01   5.717795e+00   9.999978e-01   5.717796e+00   5.717798e+00
1     3.191915e+01   9.999996e-01   3.018978e-06   0.000000e+00   0.000000e+00   4.949288e-01   5.780432e+00   9.999978e-01   5.780433e+00   5.780435e+00
1     3.192918e+01   9.999996e-01   3.019270e-06   0.000000e+00   0.000000e+00   4.952940e-01   5.843062e+00   9.999978e-01   5.843063e+00   5.843064e+00
1     3.193920e+01   9.999996e-01   3.019492e-06   0.000000e+00   0.000000e+00   4.956647e-01   5.905687e+00   9.999978e-01   5.905688e+00   5.905689e+00
1     3.194923e+01   9.999996e-01   3.019644e-06   0.000000e+00   0.000000e+00   4.960394e-01   5.968307e+00   9.999978e-01   5.968308e+00   5.968309e+00
1     3.195926e+01   9.999995e-01   3.019724e-06   0.000000e+00   0.000000e+00   4.964166e-01   6.030926e+00   9.999978e-01   6.030926e+00   6.030927e+00
1     3.196928e+01   9.999995e-01   3.019733e-06   0.000000e+00   0.000000e+00   4.967949e-01   6.093543e+00   9.999978e-01   6.093543e+00   6.093544e+00
1     3.197931e+01   9.999995e-01   3.019670e-06   0.000000e+00   0.000000e+00   4.971728e-01   6.156160e+00   9.999978e-01   6.156161e+00   6.156161e+00
1     3.198933e+01   9.999995e-01   3.019535e-06   0.000000e+00   0.000000e+00   4.975487e-01   6.218780e+00   9.999978e-01   6.218780e+00   6.218780e+00
1     3.199936e+01   9.999995e-01   3.019330e-06   0.000000e+00   0.000000e+00   4.979213e-01   6.281403e+00   9.999978e-01   6.281403e+00   6.281403e+00
1     3.200938e+01   9.999995e-01   3.019055e-06   0.000000e+00   0.000000e+00   4.982891e-01   6.084524e-02   9.999978e-01   6.084506e-02   6.084488e-02
1     3.201941e+01   9.999995e-01   3.018710e-06   0.000000e+00   0.000000e+00   4.986506e-01   1.234792e-01   9.999978e-01   1.234788e-01   1.234785e-01
1     3.202944e+01   9.999995e-01   3.018298e-06   0.000000e+00   0.000000e+00   4.990045e-01   1.861209e-01   9.999978e-01   1.861203e-01   1.861197e-01
1     3.203946e+01   9.999995e-01   3.017819e-06   0.000000e+00   0.000000e+00   4.993493e-01   2.487715e-01   9.999978e-01   2.487708e-01   2.487701e-01
1     3.204949e+01   9.999995e-01   3.017276e-06   0.000000e+00   0.000000e+00   4.996836e-01   3.114326e-01   9.999978e-01   3.114317e-01   3.114308e-01
1     3.205951e+01   9.999995e-01   3.016671e-06   0.000000e+00   0.000000e+00   5.000063e-01   3.741055e-01   9.999978e-01   3.741044e-01   3.741033e-01
1     3.206954e+01   9.999995e-01   3.016006e-06   0.000000e+00   0.000000e+00   5.003160e-01   4.367913e-01   9.999978e-01   4.367900e-01   4.367887e-01
1     3.207957e+01   9.999995e-01   3.015284e-06   0.000000e+00   0.000000e+00   5.006114e-01   4.994913e-01   9.999978e-01   4.994898e-01   4.994884e-01
1     3.208959e+01   9.999995e-01   3.014507e-06   0.000000e+00   0.000000e+00   5.008915e-01   5.622067e-01   9.999978e-01   5.622050e-01   5.622034e-01
1     3.209962e+01   9.999995e-01   3.013678e-06   0.000000e+00   0.000000e+00   5.011550e-01   6.249385e-01   9.999978e-01   6.249368e-01   6.249350e-01
1     3.210964e+01   9.999995e-01   3.012801e-06   0.000000e+00   0.000000e+00   5.014010e-01   6.876880e-01   9.999978e-01   6.876860e-01   6.876841e-01
1     3.211967e+01   9.999995e-01   3.011880e-06   0.000000e+00   0.000000e+00   5.016285e-01   7.504559e-01   9.999978e-01   7.504539e-01   7.504518e-01
1     3.212970e+01   9.999995e-01   3.010917e-06   0.000000e+00   0.000000e+00   5.018364e-01   8.132433e-01   9.999978e-01   8.132411e-01   8.132389e-01
1     3.213972e+01   9.999995e-01   3.009916e-06   0.000000e+00   0.000000e+00   5.020241e-01   8.760510e-01   9.999978e-01   8.760487e-01   8.760464e-01
1     3.214975e+01   9.999995e-01   3.008882e-06   0.000000e+00   0.000000e+00   5.021908e-01   9.388797e-01   9.999978e-01   9.388773e-01   9.388748e-01
1     3.215977e+01   9.999995e-01   3.007818e-06   0.000000e+00   0.000000e+00   5.023357e-01   1.001730e+00   9.999978e-01   1.001728e+00   1.001725e+00
1     3.216980e+01   9.999995e-01   3.006729e-06   0.000000e+00   0.000000e+00   5.024583e-01   1.064603e+00   9.999978e-01   1.064600e+00   1.064598e+00
1     3.217983e+01   9.999995e-01   3.005619e-06   0.000000e+00   0.000000e+00   5.025580e-01   1.127498e+00   9.999978e-01   1.127496e+00   1.127493e+00
1     3.218985e+01   9.999995e-01   3.004492e-06   0.000000e+00   0.000000e+00   5.026345e-01   1.190417e+00   9.999978e-01   1.190414e+00   1.190412e+00
1     3.219988e+01   9.999995e-01   3.003353e-06   0.000000e+00   0.000000e+00   5.026874e-01   1.253359e+00   9.999978e-01   1.253357e+00   1.253354e+00
1     3.220990e+01   9.999995e-01   3.002206e-06   0.000000e+00   0.000000e+00   5.027166e-01   1.316326e+00   9.999978e-01   1.316323e+00   1.316320e+00
1     3.221993e+01   9.999995e-01   3.001055e-06   0.000000e+00   0.000000e+00   5.027217e-01   1.379316e+00   9.999978e-01   1.379313e+00   1.379310e+00
1     3.222996e+01   9.999995e-01   2.999906e-06   0.000000e+00   0.000000e+00   5.027029e-01   1.442330e+00   9.999978e-01   1.442327e+00   1.442324e+00
1     3.223998e+01   9.999995e-01   2.998763e-06   0.000000e+00   0.000000e+00   5.026601e-01   1.505368e+00   9.999978e-01   1.505365e+00   1.505362e+00
1     3.224875e+01   9.999995e-01   2.997771e-06   0.000000e+00   0.000000e+00   5.026031e-01   1.560545e+00   9.999978e-01   1.560542e+00   1.560539e+00
1     3.225878e+01   9.999995e-01   2.996650e-06   0.000000e+00   0.000000e+00   5.025159e-01   1.623628e+00   9.999978e-01   1.623625e+00   1.623622e+00
1     3.226881e+01   9.999995e-01   2.995548e-06   0.000000e+00   0.000000e+00   5.024053e-01   1.686733e+00   9.999978e-01   1.686730e+00   1.686727e+00
1     3.227883e+01   9.999995e-01   2.994469e-06   0.000000e+00   0.000000e+00   5.022719e-01   1.749862e+00   9.999978e-01   1.749859e+00   1.749856e+00
1     3.228886e+01   9.999995e-01   2.993418e-06   0.000000e+00   0.000000e+00   5.021161e-01   1.813013e+00   9.999978e-01   1.813010e+00   1.813007e+00
1     3.229888e+01   9.999995e-01   2.992398e-06   0.000000e+00   0.000000e+00   5.019386e-01   1.876185e+00   9.999978e-01   1.876182e+00   1.876179e+00
1     3.230891e+01   9.999995e-01   2.991413e-06   0.000000e+00   0.000000e+00   5.017400e-01   1.939379e+00   9.999978e-01   1.939376e+00   1.939373e+00
1     3.231894e+01   9.999995e-01   2.990468e-06   0.000000e+00   0.000000e+00   5.015211e-01   2.002593e+00   9.999978e-01   2.002590e+00   2.002587e+00
1     3.232896e+01   9.999995e-01   2.989566e-06   0.000000e+00   0.000000e+00   5.012828e-01   2.065826e+00   9.999978e-01   2.065823e+00   2.065821e+00
1     3.233899e+01   9.999995e-01   2.988711e-06   0.000000e+00   0.000000e+00   5.010260e-01   2.129078e+00   9.999978e-01   2.129075e+00   2.129072e+00
1     3.234901e+01   9.999995e-01   2.987906e-06   0.000000e+00   0.000000e+00   5.007517e-01   2.192347e+00   9.999978e-01   2.192344e+00   2.192342e+00
1     3.235904e+01   9.999995e-01   2.987154e-06   0.000000e+00   0.000000e+00   5.004610e-01   2.255632e+00   9.999978e-01   2.255630e+00   2.255628e+00
1     3.236907e+01   9.999995e-01   2.986459e-06   0.000000e+00   0.000000e+00   5.001551e-01   2.318933e+00   9.999978e-01   2.318931e+00   2.318929e+00
1     3.237909e+01   9.999995e-01   2.985823e-06   0.000000e+00   0.000000e+00   4.998351e-01   2.382248e+00   9.999978e-01   2.382246e+00   2.382244e+00
1     3.238912e+01   9.999995e-01   2.985248e-06   0.000000e+00   0.000000e+00   4.995023e-01   2.445575e+00   9.999978e-01   2.445574e+00   2.445572e+00
1     3.239914e+01   9.999995e-01   2.984738e-06   0.000000e+00   0.000000e+00   4.991582e-01   2.508914e+00   9.999978e-01   2.508913e+00   2.508911e+00
1     3.240917e+01   9.999995e-01   2.984293e-06   0.000000e+00   0.000000e+00   4.988039e-01   2.572264e+00   9.999978e-01   2.572262e+00   2.572260e+00
1     3.241920e+01   9.999995e-01   2.983916e-06   0.000000e+00   0.000000e+00   4.984410e-01   2.635621e+00   9.999978e-01   2.635620e+00   2.635618e+00
1     3.242922e+01   9.999995e-01   2.983609e-06   0.000000e+00   0.000000e+00   4.980710e-01   2.698986e+00   9.999978e-01   2.698985e+00   2.698983e+00
1     3.243925e+01   9.999995e-01   2.983372e-06   0.000000e+00   0.000000e+00   4.976952e-01   2.762357e+00   9.999978e-01   2.762355e+00   2.762354e+00
1     3.244927e+01   9.999995e-01   2.983206e-06   0.000000e+00   0.000000e+00   4.973152e-01   2.825731e+00   9.999978e-01   2.825730e+00   2.825729e+00
1     3.245930e+01   9.999995e-01   2.983113e-06   0.000000e+00   0.000000e+00   4.969326e-01   2.889109e+00   9.999978e-01   2.889108e+00   2.889107e+00
1     3.246933e+01   9.999995e-01   2.983093e-06   0.000000e+00   0.000000e+00   4.965489e-01   2.952487e+00   9.999978e-01   2.952487e+00   2.952486e+00
1     3.247935e+01   9.999995e-01   2.983145e-06   0.000000e+00   0.000000e+00   4.961656e-01   3.015865e+00   9.999978e-01   3.015865e+00   3.015864e+00
1     3.248938e+01   9.999995e-01   2.983270e-06   0.000000e+00   0.000000e+00   4.957844e-01   3.079241e+00   9.999978e-01   3.079241e+00   3.079241e+00
1     3.249940e+01   9.999995e-01   2.983467e-06   0.000000e+00   0.000000e+00   4.954066e-01   3.142614e+00   9.999978e-01   3.142614e+00   3.142614e+00
1     3.250943e+01   9.999995e-01   2.983735e-06   0.000000e+00   0.000000e+00   4.950340e-01   3.205981e+00   9.999978e-01   3.205981e+00   3.205981e+00
1     3.251946e+01   9.999995e-01   2.984074e-06   0.000000e+00   0.000000e+00   4.946680e-01   3.269342e+00   9.999978e-01   3.269342e+00   3.269342e+00
1     3.252948e+01   9.999995e-01   2.984481e-06   0.000000e+00   0.000000e+00   4.943100e-01   3.332694e+00   9.999978e-01   3.332695e+00   3.332695e+00
1     3.253951e+01   9.999995e-01   2.984956e-06   0.000000e+00   0.000000e+00   4.939616e-01   3.396037e+00   9.999978e-01   3.396038e+00   3.396039e+00
1     3.254953e+01   9.999995e-01   2.985495e-06   0.000000e+00   0.000000e+00   4.936242e-01   3.459370e+00   9.999978e-01   3.459371e+00   3.459372e+00
1     3.255956e+01   9.999995e-01   2.986098e-06   0.000000e+00   0.000000e+00   4.932990e-01   3.522690e+00   9.999978e-01   3.522691e+00   3.522692e+00
1     3.256959e+01   9.999995e-01   2.986762e-06   0.000000e+00   0.000000e+00   4.929876e-01   3.585996e+00   9.999978e-01   3.585997e+00   3.585998e+00
1     3.257961e+01   9.999995e-01   2.987483e-06   0.000000e+00   0.000000e+00   4.926910e-01   3.649287e+00   9.999978e-01   3.649289e+00   3.649290e+00
1     3.258964e+01   9.999995e-01   2.988260e-06   0.000000e+00   0.000000e+00   4.924106e-01   3.712562e+00   9.999978e-01   3.712564e+00   3.712566e+00
1     3.259966e+01   9.999995e-01   2.989089e-06   0.000000e+00   0.000000e+00   4.921474e-01   3.775820e+00   9.999978e-01   3.775822e+00   3.775824e+00
1     3.260969e+01   9.999995e-01   2.989966e-06   0.000000e+00   0.000000e+00   4.919026e-01   3.839060e+00   9.999978e-01   3.839062e+00   3.839064e+00
1     3.261972e+01   9.999995e-01   2.990888e-06   0.000000e+00   0.000000e+00   4.916770e-01   3.902280e+00   9.999978e-01   3.902282e+00   3.902284e+00
1     3.262974e+01   9.999995e-01   2.991852e-06   0.000000e+00   0.000000e+00   4.914717e-01   3.965480e+00   9.999978e-01   3.965483e+00   3.965485e+00
1     3.263977e+01   9.999995e-01   2.992853e-06   0.000000e+00   0.000000e+00   4.912874e-01   4.028660e+00   9.999978e-01   4.028662e+00   4.028664e+00
1     3.264979e+01   9.999995e-01   2.993887e-06   0.000000e+00   0.000000e+00   4.911249e-01   4.091817e+00   9.999978e-01   4.091819e+00   4.091822e+00
1     3.265982e+01   9.999995e-01   2.994950e-06   0.000000e+00   0.000000e+00   4.909848e-01   4.154952e+00   9.999978e-01   4.154954e+00   4.154957e+00
1     3.266985e+01   9.999995e-01   2.996038e-06   0.000000e+00   0.000000e+00   4.908677e-01   4.218064e+00   9.999978e-01   4.218067e+00   4.218069e+00
1     3.267987e+01   9.999995e-01   2.997147e-06   0.000000e+00   0.000000e+00   4.907740e-01   4.281153e+00   9.999978e-01   4.281155e+00   4.281158e+00
1     3.268990e+01   9.999995e-01   2.998271e-06   0.000000e+00   0.000000e+00   4.907041e-01   4.344217e+00   9.999978e-01   4.344220e+00   4.344223e+00
1     3.269992e+01   9.999995e-01   2.999407e-06   0.000000e+00   0.000000e+00   4.906581e-01   4.407258e+00   9.999978e-01   4.407261e+00   4.407264e+00
1     3.270995e+01   9.999995e-01   3.000550e-06   0.000000e+00   0.000000e+00   4.906364e-01   4.470275e+00   9.999978e-01   4.470278e+00   4.470281e+00
1     3.271997e+01   9.999995e-01   3.001694e-06   0.000000e+00   0.000000e+00   4.906389e-01   4.533268e+00   9.999978e-01   4.533271e+00   4.533274e+00
1     3.272875e+01   9.999995e-01   3.002694e-06   0.000000e+00   0.000000e+00   4.906610e-01   4.588366e+00   9.999978e-01   4.588369e+00   4.588372e+00
1     3.273877e+01   9.999995e-01   3.003831e-06   0.000000e+00   0.000000e+00   4.907088e-01   4.651313e+00   9.999978e-01   4.651316e+00   4.651319e+00
1     3.274880e+01   9.999995e-01   3.004956e-06   0.000000e+00   0.000000e+00   4.907805e-01   4.714237e+00   9.999978e-01   4.714240e+00   4.714243e+00
1     3.275883e+01   9.999995e-01   3.006066e-06   0.000000e+00   0.000000e+00   4.908758e-01   4.777137e+00   9.999978e-01   4.777140e+00   4.777143e+00
1     3.276885e+01   9.999995e-01   3.007156e-06   0.000000e+00   0.000000e+00   4.909943e-01   4.840013e+00   9.999978e-01   4.840016e+00   4.840019e+00
1     3.277888e+01   9.999995e-01   3.008222e-06   0.000000e+00   0.000000e+00   4.911355e-01   4.902867e+00   9.999978e-01   4.902870e+00   4.902873e+00
1     3.278890e+01   9.999995e-01   3.009260e-06   0.000000e+00   0.000000e+00   4.912987e-01   4.965699e+00   9.999978e-01   4.965702e+00   4.965705e+00
1     3.279893e+01   9.999995e-01   3.010264e-06   0.000000e+00   0.000000e+00   4.914834e-01   5.028510e+00   9.999978e-01   5.028513e+00   5.028515e+00
1     3.280896e+01   9.999995e-01   3.011233e-06   0.000000e+00   0.000000e+00   4.916888e-01   5.091300e+00   9.999978e-01   5.091302e+00   5.091305e+00
1     3.281898e+01   9.999995e-01   3.012160e-06   0.000000e+00   0.000000e+00   4.919141e-01   5.154070e+00   9.999978e-01   5.154072e+00   5.154075e+00
1     3.282901e+01   9.999995e-01   3.013044e-06   0.000000e+00   0.000000e+00   4.921583e-01   5.216821e+00   9.999978e-01   5.216823e+00   5.216826e+00
1     3.283903e+01   9.999995e-01   3.013880e-06   0.000000e+00   0.000000e+00   4.924205e-01   5.279554e+00   9.999978e-01   5.279556e+00   5.279559e+00
1     3.284906e+01   9.999995e-01   3.014665e-06   0.000000e+00   0.000000e+00   4.926996e-01   5.342270e+00   9.999978e-01   5.342272e+00   5.342275e+00
1     3.285909e+01   9.999995e-01   3.015396e-06   0.000000e+00   0.000000e+00   4.929945e-01   5.404970e+00   9.999978e-01   5.404973e+00   5.404975e+00
1     3.286911e+01   9.999995e-01   3.016070e-06   0.000000e+00   0.000000e+00   4.933042e-01   5.467656e+00   9.999978e-01   5.467658e+00   5.467660e+00
1     3.287914e+01   9.999995e-01   3.016685e-06   0.000000e+00   0.000000e+00   4.936272e-01   5.530328e+00   9.999978e-01   5.530330e+00   5.530332e+00
1     3.288916e+01   9.999995e-01   3.017238e-06   0.000000e+00   0.000000e+00   4.939625e-01   5.592988e+00   9.999978e-01   5.592990e+00   5.592992e+00
1     3.289919e+01   9.999995e-01   3.017727e-06   0.000000e+00   0.000000e+00   4.943086e-01   5.655638e+00   9.999978e-01   5.655640e+00   5.655641e+00
1     3.290921e+01   9.999995e-01   3.018150e-06   0.000000e+00   0.000000e+00   4.946643e-01   5.718278e+00   9.999978e-01   5.718279e+00   5.718281e+00
1     3.291924e+01   9.999995e-01   3.018505e-06   0.000000e+00   0.000000e+00   4.950281e-01   5.780909e+00   9.999978e-01   5.780911e+00   5.780912e+00
1     3.292927e+01   9.999995e-01   3.018792e-06   0.000000e+00   0.000000e+00   4.953986e-01   5.843534e+00   9.999978e-01   5.843535e+00   5.843537e+00
1     3.293929e+01   9.999995e-01   3.019008e-06   0.000000e+00   0.000000e+00   4.957745e-01   5.906154e+00   9.999978e-01   5.906155e+00   5.906156e+00
1     3.294932e+01   9.999995e-01   3.019154e-06   0.000000e+00   0.000000e+00   4.961541e-01   5.968769e+00   9.999978e-01   5.968770e+00   5.968771e+00
1     3.295934e+01   9.999995e-01   3.019228e-06   0.000000e+00   0.000000e+00   4.965361e-01   6.031383e+00   9.999978e-01   6.031384e+00   6.031384e+00
1     3.296937e+01   9.999995e-01   3.019230e-06   0.000000e+00   0.000000e+00   4.969191e-01   6.093995e+00   9.999978e-01   6.093996e+00   6.093997e+00
1     3.297940e+01   9.999995e-01   3.019161e-06   0.000000e+00   0.000000e+00   4.973014e-01   6.156609e+00   9.999978e-01   6.156609e+00   6.156609e+00
1     3.298942e+01   9.999995e-01   3.019021e-06   0.000000e+00   0.000000e+00   4.976818e-01   6.219224e+00   9.999978e-01   6.219224e+00   6.219224e+00
1     3.299945e+01   9.999995e-01   3.018809e-06   0.000000e+00   0.000000e+00   4.980586e-01   6.281842e+00   9.999978e-01   6.281842e+00   6.281842e+00
1     3.300947e+01   9.999995e-01   3.018527e-06   0.000000e+00   0.000000e+00   4.984304e-01   6.128078e-02   9.999978e-01   6.128059e-02   6.128041e-02
1     3.301950e+01   9.999995e-01   3.018177e-06   0.000000e+00   0.000000e+00   4.987959e-01   1.239108e-01   9.999978e-01   1.239104e-01   1.239100e-01
1     3.302953e+01   9.999995e-01   3.017759e-06   0.000000e+00   0.000000e+00   4.991536e-01   1.865486e-01   9.999978e-01   1.865480e-01   1.865475e-01
1     3.303955e+01   9.999995e-01   3.017274e-06   0.000000e+00   0.000000e+00   4.995021e-01   2.491955e-01   9.999978e-01   2.491948e-01   2.491941e-01
1     3.304958e+01   9.999995e-01   3.016726e-06   0.000000e+00   0.000000e+00   4.998401e-01   3.118530e-01   9.999978e-01   3.118521e-01   3.118512e-01
1     3.305960e+01   9.999995e-01   3.016116e-06   0.000000e+00   0.000000e+00   5.001664e-01   3.745222e-01   9.999978e-01   3.745211e-01   3.745200e-01
1     3.306963e+01   9.999995e-01   3.015447e-06   0.000000e+00   0.000000e+00   5.004795e-01   4.372045e-01   9.999978e-01   4.372032e-01   4.372019e-01
1     3.307966e+01   9.999995e-01   3.014720e-06   0.000000e+00   0.000000e+00   5.007785e-01   4.999010e-01   9.999978e-01   4.998996e-01   4.998981e-01
1     3.308968e+01   9.999995e-01   3.013940e-06   0.000000e+00   0.000000e+00   5.010621e-01   5.626129e-01   9.999978e-01   5.626113e-01   5.626097e-01
1     3.309971e+01   9.999995e-01   3.013108e-06   0.000000e+00   0.000000e+00   5.013292e-01   6.253412e-01   9.999978e-01   6.253394e-01   6.253377e-01
1     3.310973e+01   9.999995e-01   3.012228e-06   0.000000e+00   0.000000e+00   5.015788e-01   6.880870e-01   9.999978e-01   6.880851e-01   6.880832e-01
1     3.311976e+01   9.999995e-01   3.011304e-06   0.000000e+00   0.000000e+00   5.018099e-01   7.508512e-01   9.999978e-01   7.508492e-01   7.508471e-01
1     3.312979e+01   9.999995e-01   3.010339e-06   0.000000e+00   0.000000e+00   5.020218e-01   8.136348e-01   9.999978e-01   8.136326e-01   8.136304e-01
1     3.313981e+01   9.999995e-01   3.009337e-06   0.000000e+00   0.000000e+00   5.022134e-01   8.764385e-01   9.999978e-01   8.764362e-01   8.764339e-01
1     3.314984e+01   9.999995e-01   3.008302e-06   0.000000e+00   0.000000e+00   5.023842e-01   9.392630e-01   9.999978e-01   9.392606e-01   9.392582e-01
1     3.315986e+01   9.999995e-01   3.007237e-06   0.000000e+00   0.000000e+00   5.025335e-01   1.002109e+00   9.999978e-01   1.002107e+00   1.002104e+00
1     3.316989e+01   9.999995e-01   3.006147e-06   0.000000e+00   0.000000e+00   5.026605e-01   1.064977e+00   9.999978e-01   1.064975e+00   1.064972e+00
1     3.317992e+01   9.999995e-01   3.005036e-06   0.000000e+00   0.000000e+00   5.027650e-01   1.127868e+00   9.999978e-01   1.127865e+00   1.127863e+00
1     3.318994e+01   9.999995e-01   3.003909e-06   0.000000e+00   0.000000e+00   5.028464e-01   1.190782e+00   9.999978e-01   1.190779e+00   1.190776e+00
1     3.319997e+01   9.999995e-01   3.002769e-06   0.000000e+00   0.000000e+00   5.029044e-01   1.253719e+00   9.999978e-01   1.253716e+00   1.253714e+00
1     3.320999e+01   9.999995e-01   3.001621e-06   0.000000e+00   0.000000e+00   5.029388e-01   1.316680e+00   9.999978e-01   1.316677e+00   1.316674e+00
1     3.321877e+01   9.999995e-01   3.000613e-06   0.000000e+00   0.000000e+00   5.029495e-01   1.371790e+00   9.999978e-01   1.371787e+00   1.371784e+00
1     3.322879e+01   9.999995e-01   2.999462e-06   0.000000e+00   0.000000e+00   5.029393e-01   1.434796e+00   9.999978e-01   1.434793e+00   1.434790e+00
1     3.323882e+01   9.999995e-01   2.998316e-06   0.000000e+00   0.000000e+00   5.029054e-01   1.497825e+00   9.999978e-01   1.497822e+00   1.497819e+00
1     3.324884e+01   9.999995e-01   2.997179e-06   0.000000e+00   0.000000e+00   5.028479e-01   1.560877e+00   9.999978e-01   1.560874e+00   1.560871e+00
1     3.325887e+01   9.999995e-01   2.996056e-06   0.000000e+00   0.000000e+00   5.027669e-01   1.623953e+00   9.999978e-01   1.623950e+00   1.623947e+00
1     3.326890e+01   9.999995e-01   2.994951e-06   0.000000e+00   0.000000e+00   5.026628e-01   1.687053e+00   9.999978e-01   1.687050e+00   1.687047e+00
1     3.327892e+01   9.999995e-01   2.993868e-06   0.000000e+00   0.000000e+00   5.025359e-01   1.750175e+00   9.999978e-01   1.750172e+00   1.750169e+00
1     3.328895e+01   9.999995e-01   2.992812e-06   0.000000e+00   0.000000e+00   5.023868e-01   1.813319e+00   9.999978e-01   1.813316e+00   1.813313e+00
1     3.329897e+01   9.999995e-01   2.991786e-06   0.000000e+00   0.000000e+00   5.022160e-01   1.876484e+00   9.999978e-01   1.876482e+00   1.876479e+00
1     3.330900e+01   9.999995e-01   2.990795e-06   0.000000e+00   0.000000e+00   5.020242e-01   1.939671e+00   9.999978e-01   1.939669e+00   1.939666e+00
1     3.331903e+01   9.999995e-01   2.989843e-06   0.000000e+00   0.000000e+00   5.018121e-01   2.002878e+00   9.999978e-01   2.002876e+00   2.002873e+00
1     3.332905e+01   9.999995e-01   2.988933e-06   0.000000e+00   0.000000e+00   5.015805e-01   2.066105e+00   9.999978e-01   2.066102e+00   2.066100e+00
1     3.333908e+01   9.999995e-01   2.988068e-06   0.000000e+00   0.000000e+00   5.013303e-01   2.129350e+00   9.999978e-01   2.129348e+00   2.129345e+00
1     3.334910e+01   9.999995e-01   2.987254e-06   0.000000e+00   0.000000e+00   5.010625e-01   2.192613e+00   9.999978e-01   2.192610e+00   2.192608e+00
1     3.335913e+01   9.999995e-01   2.986491e-06   0.000000e+00   0.000000e+00   5.007781e-01   2.255892e+00   9.999978e-01   2.255890e+00   2.255887e+00
1     3.336916e+01   9.999995e-01   2.985785e-06   0.000000e+00   0.000000e+00   5.004784e-01   2.319187e+00   9.999978e-01   2.319184e+00   2.319182e+00
1     3.337918e+01   9.999995e-01   2.985137e-06   0.000000e+00   0.000000e+00   5.001644e-01   2.382495e+00   9.999978e-01   2.382493e+00   2.382491e+00
1     3.338921e+01   9.999995e-01   2.984549e-06   0.000000e+00   0.000000e+00   4.998374e-01   2.445817e+00   9.999978e-01   2.445815e+00   2.445813e+00
1     3.339923e+01   9.999995e-01   2.984026e-06   0.000000e+00   0.000000e+00   4.994987e-01   2.509151e+00   9.999978e-01   2.509149e+00   2.509147e+00
1     3.340926e+01   9.999995e-01   2.983567e-06   0.000000e+00   0.000000e+00   4.991497e-01   2.572495e+00   9.999978e-01   2.572493e+00   2.572491e+00
1     3.341929e+01   9.999995e-01   2.983177e-06   0.000000e+00   0.000000e+00   4.987918e-01   2.635847e+00   9.999978e-01   2.635846e+00   2.635844e+00
1     3.342931e+01   9.999995e-01   2.982855e-06   0.000000e+00   0.000000e+00   4.984264e-01   2.699208e+00   9.999978e-01   2.699206e+00   2.699205e+00
1     3.343934e+01   9.999995e-01   2.982603e-06   0.000000e+00   0.000000e+00   4.980550e-01   2.762574e+00   9.999978e-01   2.762573e+00   2.762571e+00
1     3.344936e+01   9.999995e-01   2.982423e-06   0.000000e+00   0.000000e+00   4.976791e-01   2.825944e+00   9.999978e-01   2.825943e+00   2.825942e+00
1     3.345939e+01   9.999995e-01   2.982315e-06   0.000000e+00   0.000000e+00   4.973002e-01   2.889318e+00   9.999978e-01   2.889317e+00   2.889316e+00
1     3.346942e+01   9.999995e-01   2.982279e-06   0.000000e+00   0.000000e+00   4.969199e-01   2.952693e+00   9.999978e-01   2.952692e+00   2.952692e+00
1     3.347944e+01   9.999995e-01   2.982316e-06   0.000000e+00   0.000000e+00   4.965398e-01   3.016068e+00   9.999978e-01   3.016068e+00   3.016067e+00
1     3.348947e+01   9.999995e-01   2.982426e-06   0.000000e+00   0.000000e+00   4.961613e-01   3.079441e+00   9.999978e-01   3.079441e+00   3.079441e+00
1     3.349949e+01   9.999995e-01   2.982608e-06   0.000000e+00   0.000000e+00   4.957861e-01   3.142811e+00   9.999978e-01   3.142811e+00   3.142811e+00
1     3.350952e+01   9.999995e-01   2.982861e-06   0.000000e+00   0.000000e+00   4.954156e-01   3.206176e+00   9.999978e-01   3.206176e+00   3.206177e+00
1     3.351955e+01   9.999995e-01   2.983185e-06   0.000000e+00   0.000000e+00   4.950515e-01   3.269535e+00   9.999978e-01   3.269535e+00   3.269536e+00
1     3.352957e+01   9.999995e-01   2.983578e-06   0.000000e+00   0.000000e+00   4.946952e-01   3.332886e+00   9.999978e-01   3.332887e+00   3.332887e+00
1     3.353960e+01   9.999995e-01   2.984039e-06   0.000000e+00   0.000000e+00   4.943481e-01   3.396228e+00   9.999978e-01   3.396229e+00   3.396229e+00
1     3.354962e+01   9.999995e-01   2.984565e-06   0.000000e+00   0.000000e+00   4.940118e-01   3.459559e+00   9.999978e-01   3.459560e+00   3.459561e+00
1     3.355965e+01   9.999995e-01   2.985155e-06   0.000000e+00   0.000000e+00   4.936876e-01   3.522878e+00   9.999978e-01   3.522879e+00   3.522880e+00
1     3.356968e+01   9.999995e-01   2.985806e-06   0.000000e+00   0.000000e+00   4.933768e-01   3.586184e+00   9.999978e-01   3.586185e+00   3.586186e+00
1     3.357970e+01   9.999995e-01   2.986516e-06   0.000000e+00   0.000000e+00   4.930808e-01   3.649474e+00   9.999978e-01   3.649476e+00   3.649477e+00
1     3.358973e+01   9.999995e-01   2.987281e-06   0.000000e+00   0.000000e+00   4.928006e-01   3.712749e+00   9.999978e-01   3.712751e+00   3.712752e+00
1     3.359975e+01   9.999995e-01   2.988098e-06   0.000000e+00   0.000000e+00   4.925376e-01   3.776007e+00   9.999978e-01   3.776009e+00   3.776011e+00
1     3.360978e+01   9.999995e-01   2.988965e-06   0.000000e+00   0.000000e+00   4.922928e-01   3.839247e+00   9.999978e-01   3.839249e+00   3.839250e+00
1     3.361980e+01   9.999995e-01   2.989878e-06   0.000000e+00   0.000000e+00   4.920671e-01   3.902467e+00   9.999978e-01   3.902469e+00   3.902471e+00
1     3.362983e+01   9.999995e-01   2.990832e-06   0.000000e+00   0.000000e+00   4.918616e-01   3.965668e+00   9.999978e-01   3.965670e+00   3.965672e+00
1     3.363986e+01   9.999995e-01   2.991824e-06   0.000000e+00   0.000000e+00   4.916770e-01   4.028847e+00   9.999978e-01   4.028849e+00   4.028852e+00
1     3.364988e+01   9.999995e-01   2.992850e-06   0.000000e+00   0.000000e+00   4.915140e-01   4.092005e+00   9.999978e-01   4.092007e+00   4.092010e+00
1     3.365991e+01   9.999995e-01   2.993906e-06   0.000000e+00   0.000000e+00   4.913734e-01   4.155140e+00   9.999978e-01   4.155143e+00   4.155145e+00
1     3.366993e+01   9.999995e-01   2.994987e-06   0.000000e+00   0.000000e+00   4.912557e-01   4.218253e+00   9.999978e-01   4.218256e+00   4.218258e+00
1     3.367996e+01   9.999995e-01   2.996089e-06   0.000000e+00   0.000000e+00   4.911614e-01   4.281342e+00   9.999978e-01   4.281345e+00   4.281348e+00
1     3.368999e+01   9.999995e-01   2.997207e-06   0.000000e+00   0.000000e+00   4.910908e-01   4.344408e+00   9.999978e-01   4.344410e+00   4.344413e+00
1     3.369876e+01   9.999995e-01   2.998196e-06   0.000000e+00   0.000000e+00   4.910488e-01   4.399570e+00   9.999978e-01   4.399573e+00   4.399576e+00
1     3.370879e+01   9.999995e-01   2.999333e-06   0.000000e+00   0.000000e+00   4.910235e-01   4.462591e+00   9.999978e-01   4.462594e+00   4.462596e+00
1     3.371881e+01   9.999995e-01   3.000473e-06   0.000000e+00   0.000000e+00   4.910224e-01   4.525587e+00   9.999978e-01   4.525590e+00   4.525593e+00
1     3.372884e+01   9.999995e-01   3.001611e-06   0.000000e+00   0.000000e+00   4.910456e-01   4.588559e+00   9.999978e-01   4.588562e+00   4.588564e+00
1     3.373886e+01   9.999995e-01   3.002744e-06   0.000000e+00   0.000000e+00   4.910930e-01   4.651506e+00   9.999978e-01   4.651509e+00   4.651512e+00
1     3.374889e+01   9.999995e-01   3.003866e-06   0.000000e+00   0.000000e+00   4.911644e-01   4.714430e+00   9.999978e-01   4.714433e+00   4.714436e+00
1     3.375891e+01   9.999995e-01   3.004973e-06   0.000000e+00   0.000000e+00   4.912594e-01   4.777330e+00   9.999978e-01   4.777333e+00   4.777336e+00
1     3.376894e+01   9.999995e-01   3.006059e-06   0.000000e+00   0.000000e+00   4.913776e-01   4.840207e+00   9.999978e-01   4.840210e+00   4.840213e+00
1     3.377897e+01   9.999995e-01   3.007122e-06   0.000000e+00   0.000000e+00   4.915186e-01   4.903061e+00   9.999978e-01   4.903064e+00   4.903067e+00
1     3.378899e+01   9.999995e-01   3.008157e-06   0.000000e+00   0.000000e+00   4.916817e-01   4.965893e+00   9.999978e-01   4.965896e+00   4.965899e+00
1     3.379902e+01   9.999995e-01   3.009159e-06   0.000000e+00   0.000000e+00   4.918663e-01   5.028704e+00   9.999978e-01   5.028707e+00   5.028709e+00
1     3.380904e+01   9.999995e-01   3.010124e-06   0.000000e+00   0.000000e+00   4.920717e-01   5.091494e+00   9.999978e-01   5.091496e+00   5.091499e+00
1     3.381907e+01   9.999995e-01   3.011049e-06   0.000000e+00   0.000000e+00   4.922969e-01   5.154264e+00   9.999978e-01   5.154266e+00   5.154269e+00
1     3.382910e+01   9.999995e-01   3.011930e-06   0.000000e+00   0.000000e+00   4.925410e-01   5.217015e+00   9.999978e-01   5.217017e+00   5.217020e+00
1     3.383912e+01   9.999995e-01   3.012763e-06   0.000000e+00   0.000000e+00   4.928032e-01   5.279748e+00   9.999978e-01   5.279751e+00   5.279753e+00
1     3.384915e+01   9.999995e-01   3.013545e-06   0.000000e+00   0.000000e+00   4.930822e-01   5.342464e+00   9.999978e-01   5.342467e+00   5.342469e+00
1     3.385917e+01   9.999995e-01   3.014274e-06   0.000000e+00   0.000000e+00   4.933771e-01   5.405165e+00   9.999978e-01   5.405167e+00   5.405169e+00
1     3.386920e+01   9.999995e-01   3.014946e-06   0.000000e+00   0.000000e+00   4.936866e-01   5.467851e+00   9.999978e-01   5.467853e+00   5.467855e+00
1     3.387923e+01   9.999995e-01   3.015558e-06   0.000000e+00   0.000000e+00   4.940094e-01   5.530523e+00   9.999978e-01   5.530525e+00   5.530527e+00
1     3.388925e+01   9.999995e-01   3.016109e-06   0.000000e+00   0.000000e+00   4.943444e-01   5.593183e+00   9.999978e-01   5.593185e+00   5.593187e+00
1     3.389928e+01   9.999995e-01   3.016596e-06   0.000000e+00   0.000000e+00   4.946902e-01   5.655833e+00   9.999978e-01   5.655835e+00   5.655837e+00
1     3.390930e+01   9.999995e-01   3.017016e-06   0.000000e+00   0.000000e+00   4.950454e-01   5.718473e+00   9.999978e-01   5.718475e+00   5.718477e+00
1     3.391933e+01   9.999995e-01   3.017370e-06   0.000000e+00   0.000000e+00   4.954087e-01   5.781105e+00   9.999978e-01   5.781107e+00   5.781108e+00
1     3.392936e+01   9.999995e-01   3.017655e-06   0.000000e+00   0.000000e+00   4.957786e-01   5.843731e+00   9.999978e-01   5.843732e+00   5.843734e+00
1     3.393938e+01   9.999995e-01   3.017870e-06   0.000000e+00   0.000000e+00   4.961537e-01   5.906351e+00   9.999978e-01   5.906352e+00   5.906354e+00
1     3.394941e+01   9.999995e-01   3.018014e-06   0.000000e+00   0.000000e+00   4.965326e-01   5.968968e+00   9.999978e-01   5.968969e+00   5.968970e+00
1     3.395943e+01   9.999995e-01   3.018087e-06   0.000000e+00   0.000000e+00   4.969137e-01   6.031582e+00   9.999978e-01   6.031583e+00   6.031584e+00
1     3.396946e+01   9.999995e-01   3.018089e-06   0.000000e+00   0.000000e+00   4.972956e-01   6.094196e+00   9.999978e-01   6.094196e+00   6.094197e+00
1     3.397949e+01   9.999995e-01   3.018020e-06   0.000000e+00   0.000000e+00   4.976769e-01   6.156810e+00   9.999978e-01   6.156811e+00   6.156811e+00
1     3.398951e+01   9.999995e-01   3.017879e-06   0.000000e+00   0.000000e+00   4.980560e-01   6.219426e+00   9.999978e-01   6.219427e+00   6.219427e+00
1     3.399954e+01   9.999995e-01   3.017668e-06   0.000000e+00   0.000000e+00   4.984315e-01   6.282046e+00   9.999978e-01   6.282046e+00   6.282046e+00
1     3.400956e+01   9.999995e-01   3.017388e-06   0.000000e+00   0.000000e+00   4.988021e-01   6.148608e-02   9.999978e-01   6.148590e-02   6.148571e-02
1     3.401959e+01   9.999995e-01   3.017039e-06   0.000000e+00   0.000000e+00   4.991662e-01   1.241175e-01   9.999978e-01   1.241171e-01   1.241167e-01
1     3.402962e+01   9.999995e-01   3.016623e-06   0.000000e+00   0.000000e+00   4.995225e-01   1.867567e-01   9.999978e-01   1.867561e-01   1.867555e-01
1     3.403964e+01   9.999995e-01   3.016141e-06   0.000000e+00   0.000000e+00   4.998696e-01   2.494050e-01   9.999978e-01   2.494043e-01   2.494036e-01
1     3.404967e+01   9.999995e-01   3.015596e-06   0.000000e+00   0.000000e+00   5.002062e-01   3.120639e-01   9.999978e-01   3.120630e-01   3.120621e-01
1     3.405969e+01   9.999995e-01   3.014989e-06   0.000000e+00   0.000000e+00   5.005310e-01   3.747346e-01   9.999978e-01   3.747335e-01   3.747324e-01
1     3.406972e+01   9.999995e-01   3.014323e-06   0.000000e+00   0.000000e+00   5.008428e-01   4.374183e-01   9.999977e-01   4.374170e-01   4.374157e-01
1     3.407975e+01   9.999995e-01   3.013600e-06   0.000000e+00   0.000000e+00   5.011403e-01   5.001162e-01   9.999977e-01   5.001148e-01   5.001133e-01
1     3.408977e+01   9.999995e-01   3.012824e-06   0.000000e+00   0.000000e+00   5.014225e-01   5.628295e-01   9.999977e-01   5.628279e-01   5.628263e-01
1     3.409980e+01   9.999995e-01   3.011996e-06   0.000000e+00   0.000000e+00   5.016882e-01   6.255593e-01   9.999977e-01   6.255575e-01   6.255558e-01
1     3.410982e+01   9.999995e-01   3.011121e-06   0.000000e+00   0.000000e+00   5.019363e-01   6.883065e-01   9.999977e-01   6.883046e-01   6.883027e-01
1     3.411985e+01   9.999995e-01   3.010201e-06   0.000000e+00   0.000000e+00   5.021660e-01   7.510722e-01   9.999977e-01   7.510702e-01   7.510681e-01
1     3.412988e+01   9.999995e-01   3.009241e-06   0.000000e+00   0.000000e+00   5.023764e-01   8.138573e-01   9.999977e-01   8.138551e-01   8.138529e-01
1     3.413990e+01   9.999995e-01   3.008244e-06   0.000000e+00   0.000000e+00   5.025665e-01   8.766625e-01   9.999977e-01   8.766602e-01   8.766579e-01
1     3.414993e+01   9.999995e-01   3.007213e-06   0.000000e+00   0.000000e+00   5.027357e-01   9.394887e-01   9.999977e-01   9.394862e-01   9.394838e-01
1     3.415995e+01   9.999995e-01   3.006153e-06   0.000000e+00   0.000000e+00   5.028833e-01   1.002336e+00   9.999977e-01   1.002334e+00   1.002331e+00
1     3.416998e+01   9.999995e-01   3.005068e-06   0.000000e+00   0.000000e+00   5.030087e-01   1.065206e+00   9.999977e-01   1.065204e+00   1.065201e+00
1     3.417875e+01   9.999995e-01   3.004102e-06   0.000000e+00   0.000000e+00   5.030999e-01   1.120236e+00   9.999977e-01   1.120233e+00   1.120231e+00
1     3.418878e+01   9.999995e-01   3.002981e-06   0.000000e+00   0.000000e+00   5.031824e-01   1.183149e+00   9.999977e-01   1.183146e+00   1.183143e+00
1     3.419880e+01   9.999995e-01   3.001847e-06   0.000000e+00   0.000000e+00   5.032415e-01   1.246085e+00   9.999977e-01   1.246082e+00   1.246079e+00
1     3.420883e+01   9.999995e-01   3.000705e-06   0.000000e+00   0.000000e+00   5.032769e-01   1.309045e+00   9.999977e-01   1.309042e+00   1.309039e+00
1     3.421886e+01   9.999995e-01   2.999559e-06   0.000000e+00   0.000000e+00   5.032884e-01   1.372028e+00   9.999977e-01   1.372026e+00   1.372023e+00
1     3.422888e+01   9.999995e-01   2.998413e-06   0.000000e+00   0.000000e+00   5.032760e-01   1.435036e+00   9.999977e-01   1.435033e+00   1.435030e+00
1     3.423891e+01   9.999995e-01   2.997272e-06   0.000000e+00   0.000000e+00   5.032398e-01   1.498067e+00   9.999977e-01   1.498064e+00   1.498062e+00
1     3.424893e+01   9.999995e-01   2.996141e-06   0.000000e+00   0.000000e+00   5.031797e-01   1.561123e+00   9.999977e-01   1.561120e+00   1.561117e+00
1     3.425896e+01   9.999995e-01   2.995024e-06   0.000000e+00   0.000000e+00   5.030960e-01   1.624202e+00   9.999977e-01   1.624199e+00   1.624196e+00
1     3.426899e+01   9.999995e-01   2.993925e-06   0.000000e+00   0.000000e+00   5.029890e-01   1.687304e+00   9.999977e-01   1.687301e+00   1.687298e+00
1     3.427901e+01   9.999995e-01   2.992848e-06   0.000000e+00   0.000000e+00   5.028591e-01   1.750429e+00   9.999977e-01   1.750426e+00   1.750423e+00
1     3.428904e+01   9.999995e-01   2.991799e-06   0.000000e+00   0.000000e+00   5.027068e-01   1.813576e+00   9.999977e-01   1.813573e+00   1.813570e+00
1     3.429906e+01   9.999995e-01   2.990781e-06   0.000000e+00   0.000000e+00   5.025326e-01   1.876745e+00   9.999977e-01   1.876742e+00   1.876739e+00
1     3.430909e+01   9.999995e-01   2.989798e-06   0.000000e+00   0.000000e+00   5.023372e-01   1.939935e+00   9.999977e-01   1.939933e+00   1.939930e+00
1     3.431912e+01   9.999995e-01   2.988855e-06   0.000000e+00   0.000000e+00   5.021215e-01   2.003146e+00   9.999977e-01   2.003143e+00   2.003141e+00
1     3.432914e+01   9.999995e-01   2.987954e-06   0.000000e+00   0.000000e+00   5.018861e-01   2.066376e+00   9.999977e-01   2.066374e+00   2.066371e+00
1     3.433917e+01   9.999995e-01   2.987101e-06   0.000000e+00   0.000000e+00   5.016321e-01   2.129625e+00   9.999977e-01   2.129623e+00   2.129620e+00
1     3.434919e+01   9.999995e-01   2.986297e-06   0.000000e+00   0.000000e+00   5.013605e-01   2.192892e+00   9.999977e-01   2.192889e+00   2.192887e+00
1     3.435922e+01   9.999995e-01   2.985547e-06   0.000000e+00   0.000000e+00   5.010723e-01   2.256175e+00   9.999977e-01   2.256173e+00   2.256170e+00
1     3.436925e+01   9.999995e-01   2.984853e-06   0.000000e+00   0.000000e+00   5.007687e-01   2.319473e+00   9.999977e-01   2.319471e+00   2.319469e+00
1     3.437927e+01   9.999995e-01   2.984219e-06   0.000000e+00   0.000000e+00   5.004509e-01   2.382786e+00   9.999977e-01   2.382784e+00   2.382782e+00
1     3.438930e+01   9.999995e-01   2.983646e-06   0.000000e+00   0.000000e+00   5.001202e-01   2.446112e+00   9.999977e-01   2.446110e+00   2.446108e+00
1     3.439932e+01   9.999995e-01   2.983138e-06   0.000000e+00   0.000000e+00   4.997779e-01   2.509449e+00   9.999977e-01   2.509447e+00   2.509445e+00
1     3.440935e+01   9.999995e-01   2.982696e-06   0.000000e+00   0.000000e+00   4.994254e-01   2.572796e+00   9.999977e-01   2.572794e+00   2.572793e+00
1     3.441938e+01   9.999995e-01   2.982323e-06   0.000000e+00   0.000000e+00   4.990641e-01   2.636152e+00   9.999977e-01   2.636151e+00   2.636149e+00
1     3.442940e+01   9.999995e-01   2.982019e-06   0.000000e+00   0.000000e+00   4.986956e-01   2.699515e+00   9.999977e-01   2.699514e+00   2.699513e+00
1     3.443943e+01   9.999995e-01   2.981786e-06   0.000000e+00   0.000000e+00   4.983213e-01   2.762884e+00   9.999977e-01   2.762883e+00   2.762882e+00
1     3.444945e+01   9.999995e-01   2.981625e-06   0.000000e+00   0.000000e+00   4.979428e-01   2.826258e+00   9.999977e-01   2.826257e+00   2.826256e+00
1     3.445948e+01   9.999995e-01   2.981537e-06   0.000000e+00   0.000000e+00   4.975616e-01   2.889634e+00   9.999977e-01   2.889633e+00   2.889632e+00
1     3.446950e+01   9.999995e-01   2.981522e-06   0.000000e+00   0.000000e+00   4.971792e-01   2.953011e+00   9.999977e-01   2.953010e+00   2.953010e+00
1     3.447953e+01   9.999995e-01   2.981580e-06   0.000000e+00   0.000000e+00   4.967973e-01   3.016387e+00   9.999977e-01   3.016387e+00   3.016387e+00
1     3.448956e+01   9.999995e-01   2.981711e-06   0.000000e+00   0.000000e+00   4.964175e-01   3.079762e+00   9.999977e-01   3.079762e+00   3.079762e+00
1     3.449958e+01   9.999995e-01   2.981915e-06   0.000000e+00   0.000000e+00   4.960413e-01   3.143133e+00   9.999977e-01   3.143133e+00   3.143133e+00
1     3.450961e+01   9.999995e-01   2.982190e-06   0.000000e+00   0.000000e+00   4.956702e-01   3.206499e+00   9.999977e-01   3.206499e+00   3.206499e+00
1     3.451963e+01   9.999995e-01   2.982535e-06   0.000000e+00   0.000000e+00   4.953057e-01   3.269858e+00   9.999977e-01   3.269858e+00   3.269859e+00
1     3.452966e+01   9.999995e-01   2.982950e-06   0.000000e+00   0.000000e+00   4.949495e-01   3.333209e+00   9.999977e-01   3.333209e+00   3.333210e+00
1     3.453969e+01   9.999995e-01   2.983432e-06   0.000000e+00   0.000000e+00   4.946029e-01   3.396550e+00   9.999977e-01   3.396551e+00   3.396552e+00
1     3.454971e+01   9.999995e-01   2.983980e-06   0.000000e+00   0.000000e+00   4.942673e-01   3.459881e+00   9.999977e-01   3.459881e+00   3.459882e+00
1     3.455974e+01   9.999995e-01   2.984590e-06   0.000000e+00   0.000000e+00   4.939442e-01   3.523198e+00   9.999977e-01   3.523200e+00   3.523201e+00
1     3.456976e+01   9.999995e-01   2.985262e-06   0.000000e+00   0.000000e+00   4.936348e-01   3.586503e+00   9.999977e-01   3.586504e+00   3.586505e+00
1     3.457979e+01   9.999995e-01   2.985991e-06   0.000000e+00   0.000000e+00   4.933404e-01   3.649792e+00   9.999977e-01   3.649793e+00   3.649795e+00
1     3.458982e+01   9.999995e-01   2.986775e-06   0.000000e+00   0.000000e+00   4.930622e-01   3.713065e+00   9.999977e-01   3.713066e+00   3.713068e+00
1     3.459984e+01   9.999995e-01   2.987611e-06   0.000000e+00   0.000000e+00   4.928014e-01   3.776320e+00   9.999977e-01   3.776322e+00   3.776324e+00
1     3.460987e+01   9.999995e-01   2.988495e-06   0.000000e+00   0.000000e+00   4.925589e-01   3.839558e+00   9.999977e-01   3.839560e+00   3.839561e+00
1     3.461989e+01   9.999995e-01   2.989424e-06   0.000000e+00   0.000000e+00   4.923358e-01   3.902776e+00   9.999977e-01   3.902778e+00   3.902780e+00
1     3.462992e+01   9.999995e-01   2.990394e-06   0.000000e+00   0.000000e+00   4.921329e-01   3.965973e+00   9.999977e-01   3.965975e+00   3.965978e+00
1     3.463995e+01   9.999995e-01   2.991402e-06   0.000000e+00   0.000000e+00   4.919511e-01   4.029150e+00   9.999977e-01   4.029152e+00   4.029155e+00
1     3.464997e+01   9.999995e-01   2.992442e-06   0.000000e+00   0.000000e+00   4.917911e-01   4.092305e+00   9.999977e-01   4.092307e+00   4.092310e+00
1     3.466000e+01   9.999995e-01   2.993511e-06   0.000000e+00   0.000000e+00   4.916535e-01   4.155437e+00   9.999977e-01   4.155440e+00   4.155442e+00
1     3.466877e+01   9.999995e-01   2.994466e-06   0.000000e+00   0.000000e+00   4.915519e-01   4.210659e+00   9.999977e-01   4.210662e+00   4.210665e+00
1     3.467880e+01   9.999995e-01   2.995577e-06   0.000000e+00   0.000000e+00   4.914576e-01   4.273749e+00   9.999977e-01   4.273751e+00   4.273754e+00
1     3.468882e+01   9.999995e-01   2.996705e-06   0.000000e+00   0.000000e+00   4.913870e-01   4.336814e+00   9.999977e-01   4.336817e+00   4.336820e+00
1     3.469885e+01   9.999995e-01   2.997843e-06   0.000000e+00   0.000000e+00   4.913403e-01   4.399856e+00   9.999977e-01   4.399859e+00   4.399862e+00
1     3.470887e+01   9.999995e-01   2.998989e-06   0.000000e+00   0.000000e+00   4.913177e-01   4.462873e+00   9.999977e-01   4.462876e+00   4.462879e+00
1     3.471890e+01   9.999995e-01   3.000138e-06   0.000000e+00   0.000000e+00   4.913193e-01   4.525867e+00   9.999977e-01   4.525870e+00   4.525873e+00
1     3.472893e+01   9.999995e-01   3.001284e-06   0.000000e+00   0.000000e+00   4.913449e-01   4.588836e+00   9.999977e-01   4.588839e+00   4.588842e+00
1     3.473895e+01   9.999995e-01   3.002424e-06   0.000000e+00   0.000000e+00   4.913946e-01   4.651782e+00   9.999977e-01   4.651785e+00   4.651788e+00
1     3.474898e+01   9.999995e-01   3.003553e-06   0.000000e+00   0.000000e+00   4.914679e-01   4.714703e+00   9.999977e-01   4.714706e+00   4.714709e+00
1     3.475900e+01   9.999995e-01   3.004666e-06   0.000000e+00   0.000000e+00   4.915647e-01   4.777602e+00   9.999977e-01   4.777605e+00   4.777608e+00
1     3.476903e+01   9.999995e-01   3.005760e-06   0.000000e+00   0.000000e+00   4.916846e-01   4.840477e+00   9.999977e-01   4.840480e+00   4.840483e+00
1     3.477906e+01   9.999995e-01   3.006829e-06   0.000000e+00   0.000000e+00   4.918269e-01   4.903330e+00   9.999977e-01   4.903333e+00   4.903336e+00
1     3.478908e+01   9.999995e-01   3.007870e-06   0.000000e+00   0.000000e+00   4.919912e-01   4.966161e+00   9.999977e-01   4.966164e+00   4.966167e+00
1     3.479911e+01   9.999995e-01   3.008878e-06   0.000000e+00   0.000000e+00   4.921768e-01   5.028970e+00   9.999977e-01   5.028973e+00   5.028976e+00
1     3.480913e+01   9.999995e-01   3.009850e-06   0.000000e+00   0.000000e+00   4.923829e-01   5.091760e+00   9.999977e-01   5.091762e+00   5.091765e+00
1     3.481916e+01   9.999995e-01   3.010782e-06   0.000000e+00   0.000000e+00   4.926088e-01   5.154529e+00   9.999977e-01   5.154532e+00   5.154534e+00
1     3.482919e+01   9.999995e-01   3.011670e-06   0.000000e+00   0.000000e+00   4.928534e-01   5.217280e+00   9.999977e-01   5.217282e+00   5.217285e+00
1     3.483921e+01   9.999995e-01   3.012511e-06   0.000000e+00   0.000000e+00   4.931160e-01   5.280012e+00   9.999977e-01   5.280015e+00   5.280017e+00
1     3.484924e+01   9.999995e-01   3.013302e-06   0.000000e+00   0.000000e+00   4.933953e-01   5.342728e+00   9.999977e-01   5.342731e+00   5.342733e+00
1     3.485926e+01   9.999995e-01   3.014039e-06   0.000000e+00   0.000000e+00   4.936904e-01   5.405429e+00   9.999977e-01   5.405431e+00   5.405433e+00
1     3.486929e+01   9.999995e-01   3.014720e-06   0.000000e+00   0.000000e+00   4.940001e-01   5.468114e+00   9.999977e-01   5.468116e+00   5.468119e+00
1     3.487932e+01   9.999995e-01   3.015342e-06   0.000000e+00   0.000000e+00   4.943232e-01   5.530787e+00   9.999977e-01   5.530789e+00   5.530791e+00
1     3.488934e+01   9.999995e-01   3.015903e-06   0.000000e+00   0.000000e+00   4.946584e-01   5.593447e+00   9.999977e-01   5.593449e+00   5.593451e+00
1     3.489937e+01   9.999995e-01   3.016400e-06   0.000000e+00   0.000000e+00   4.950045e-01   5.656096e+00   9.999977e-01   5.656098e+00   5.656100e+00
1     3.490939e+01   9.999995e-01   3.016832e-06   0.000000e+00   0.000000e+00   4.953601e-01   5.718736e+00   9.999977e-01   5.718737e+00   5.718739e+00
1     3.491942e+01   9.999995e-01   3.017197e-06   0.000000e+00   0.000000e+00   4.957239e-01   5.781368e+00   9.999977e-01   5.781369e+00   5.781370e+00
1     3.492945e+01   9.999995e-01   3.017494e-06   0.000000e+00   0.000000e+00   4.960944e-01   5.843992e+00   9.999977e-01   5.843994e+00   5.843995e+00
1     3.493947e+01   9.999995e-01   3.017721e-06   0.000000e+00   0.000000e+00   4.964703e-01   5.906612e+00   9.999977e-01   5.906613e+00   5.906614e+00
1     3.494950e+01   9.999995e-01   3.017878e-06   0.000000e+00   0.000000e+00   4.968501e-01   5.969228e+00   9.999977e-01   5.969229e+00   5.969230e+00
1     3.495952e+01   9.999995e-01   3.017965e-06   0.000000e+00   0.000000e+00   4.972323e-01   6.031841e+00   9.999977e-01   6.031842e+00   6.031842e+00
1     3.496955e+01   9.999995e-01   3.017980e-06   0.000000e+00   0.000000e+00   4.976157e-01   6.094453e+00   9.999977e-01   6.094454e+00   6.094454e+00
1     3.497958e+01   9.999995e-01   3.017923e-06   0.000000e+00   0.000000e+00   4.979985e-01   6.157066e+00   9.999977e-01   6.157066e+00   6.157067e+00
1     3.498960e+01   9.999995e-01   3.017796e-06   0.000000e+00   0.000000e+00   4.983795e-01   6.219680e+00   9.999977e-01   6.219680e+00   6.219681e+00
1     3.499963e+01   9.999995e-01   3.017598e-06   0.000000e+00   0.000000e+00   4.987572e-01   6.282298e+00   9.999977e-01   6.282298e+00   6.282298e+00
1     3.500965e+01   9.999995e-01   3.017331e-06   0.000000e+00   0.000000e+00   4.991300e-01   6.173547e-02   9.999977e-01   6.173528e-02   6.173510e-02
1     3.501968e+01   9.999995e-01   3.016994e-06   0.000000e+00   0.000000e+00   4.994967e-01   1.243643e-01   9.999977e-01   1.243639e-01   1.243636e-01
1     3.502971e+01   9.999995e-01   3.016591e-06   0.000000e+00   0.000000e+00   4.998557e-01   1.870007e-01   9.999977e-01   1.870002e-01   1.869996e-01
1     3.503973e+01   9.999995e-01   3.016121e-06   0.000000e+00   0.000000e+00   5.002058e-01   2.496462e-01   9.999977e-01   2.496454e-01   2.496447e-01
1     3.504976e+01   9.999995e-01   3.015587e-06   0.000000e+00   0.000000e+00   5.005456e-01   3.123019e-01   9.999977e-01   3.123009e-01   3.123000e-01
1     3.505978e+01   9.999995e-01   3.014991e-06   0.000000e+00   0.000000e+00   5.008738e-01   3.749692e-01   9.999977e-01   3.749681e-01   3.749670e-01
1     3.506981e+01   9.999995e-01   3.014336e-06   0.000000e+00   0.000000e+00   5.011891e-01   4.376494e-01   9.999977e-01   4.376481e-01   4.376468e-01
1     3.507984e+01   9.999995e-01   3.013623e-06   0.000000e+00   0.000000e+00   5.014903e-01   5.003436e-01   9.999977e-01   5.003422e-01   5.003407e-01
1     3.508986e+01   9.999995e-01   3.012856e-06   0.000000e+00   0.000000e+00   5.017762e-01   5.630531e-01   9.999977e-01   5.630515e-01   5.630499e-01
1     3.509989e+01   9.999995e-01   3.012037e-06   0.000000e+00   0.000000e+00   5.020459e-01   6.257789e-01   9.999977e-01   6.257771e-01   6.257754e-01
1     3.510991e+01   9.999995e-01   3.011170e-06   0.000000e+00   0.000000e+00   5.022981e-01   6.885221e-01   9.999977e-01   6.885202e-01   6.885182e-01
1     3.511994e+01   9.999995e-01   3.010257e-06   0.000000e+00   0.000000e+00   5.025320e-01   7.512836e-01   9.999977e-01   7.512816e-01   7.512795e-01
1     3.512997e+01   9.999995e-01   3.009304e-06   0.000000e+00   0.000000e+00   5.027465e-01   8.140644e-01   9.999977e-01   8.140622e-01   8.140600e-01
1     3.513999e+01   9.999995e-01   3.008312e-06   0.000000e+00   0.000000e+00   5.029410e-01   8.768654e-01   9.999977e-01   8.768631e-01   8.768607e-01
1     3.514876e+01   9.999995e-01   3.007417e-06   0.000000e+00   0.000000e+00   5.030940e-01   9.318333e-01   9.999977e-01   9.318309e-01   9.318285e-01
1     3.515879e+01   9.999995e-01   3.006365e-06   0.000000e+00   0.000000e+00   5.032486e-01   9.946740e-01   9.999977e-01   9.946715e-01   9.946690e-01
1     3.516882e+01   9.999995e-01   3.005287e-06   0.000000e+00   0.000000e+00   5.033811e-01   1.057537e+00   9.999977e-01   1.057534e+00   1.057532e+00
1     3.517884e+01   9.999995e-01   3.004186e-06   0.000000e+00   0.000000e+00   5.034910e-01   1.120422e+00   9.999977e-01   1.120420e+00   1.120417e+00
1     3.518887e+01   9.999995e-01   3.003068e-06   0.000000e+00   0.000000e+00   5.035777e-01   1.183331e+00   9.999977e-01   1.183328e+00   1.183325e+00
1     3.519889e+01   9.999995e-01   3.001936e-06   0.000000e+00   0.000000e+00   5.036408e-01   1.246263e+00   9.999977e-01   1.246260e+00   1.246257e+00
1     3.520892e+01   9.999995e-01   3.000795e-06   0.000000e+00   0.000000e+00   5.036803e-01   1.309219e+00   9.999977e-01   1.309216e+00   1.309213e+00
1     3.521895e+01   9.999995e-01   2.999650e-06   0.000000e+00   0.000000e+00   5.036957e-01   1.372198e+00   9.999977e-01   1.372196e+00   1.372193e+00
1     3.522897e+01   9.999995e-01   2.998505e-06   0.000000e+00   0.000000e+00   5.036872e-01   1.435202e+00   9.999977e-01   1.435199e+00   1.435196e+00
1     3.523900e+01   9.999995e-01   2.997364e-06   0.000000e+00   0.000000e+00   5.036546e-01   1.498230e+00   9.999977e-01   1.498227e+00   1.498224e+00
1     3.524902e+01   9.999995e-01   2.996233e-06   0.000000e+00   0.000000e+00   5.035982e-01   1.561281e+00   9.999977e-01   1.561278e+00   1.561276e+00
1     3.525905e+01   9.999995e-01   2.995115e-06   0.000000e+00   0.000000e+00   5.035180e-01   1.624357e+00   9.999977e-01   1.624354e+00   1.624351e+00
1     3.526908e+01   9.999995e-01   2.994015e-06   0.000000e+00   0.000000e+00   5.034145e-01   1.687455e+00   9.999977e-01   1.687452e+00   1.687449e+00
1     3.527910e+01   9.999995e-01   2.992937e-06   0.000000e+00   0.000000e+00   5.032879e-01   1.750577e+00   9.999977e-01   1.750574e+00   1.750571e+00
1     3.528913e+01   9.999995e-01   2.991886e-06   0.000000e+00   0.000000e+00   5.031388e-01   1.813721e+00   9.999977e-01   1.813718e+00   1.813715e+00
1     3.529915e+01   9.999995e-01   2.990866e-06   0.000000e+00   0.000000e+00   5.029678e-01   1.876887e+00   9.999977e-01   1.876884e+00   1.876881e+00
1     3.530918e+01   9.999995e-01   2.989882e-06   0.000000e+00   0.000000e+00   5.027755e-01   1.940074e+00   9.999977e-01   1.940072e+00   1.940069e+00
1     3.531921e+01   9.999995e-01   2.988936e-06   0.000000e+00   0.000000e+00   5.025627e-01   2.003282e+00   9.999977e-01   2.003280e+00   2.003277e+00
1     3.532923e+01   9.999995e-01   2.988033e-06   0.000000e+00   0.000000e+00   5.023302e-01   2.066510e+00   9.999977e-01   2.066507e+00   2.066504e+00
1     3.533926e+01   9.999995e-01   2.987176e-06   0.000000e+00   0.000000e+00   5.020789e-01   2.129756e+00   9.999977e-01   2.129753e+00   2.129751e+00
1     3.534928e+01   9.999995e-01   2.986370e-06   0.000000e+00   0.000000e+00   5.018100e-01   2.193020e+00   9.999977e-01   2.193017e+00   2.193015e+00
1     3.535931e+01   9.999995e-01   2.985617e-06   0.000000e+00   0.000000e+00   5.015244e-01   2.256300e+00   9.999977e-01   2.256298e+00   2.256296e+00
1     3.536933e+01   9.999995e-01   2.984920e-06   0.000000e+00   0.000000e+00   5.012232e-01   2.319596e+00   9.999977e-01   2.319594e+00   2.319592e+00
1     3.537936e+01   9.999995e-01   2.984282e-06   0.000000e+00   0.000000e+00   5.009079e-01   2.382906e+00   9.999977e-01   2.382904e+00   2.382902e+00
1     3.538939e+01   9.999995e-01   2.983706e-06   0.000000e+00   0.000000e+00   5.005795e-01   2.446230e+00   9.999977e-01   2.446228e+00   2.446226e+00
1     3.539941e+01   9.999995e-01   2.983194e-06   0.000000e+00   0.000000e+00   5.002394e-01   2.509565e+00   9.999977e-01   2.509563e+00   2.509561e+00
1     3.540944e+01   9.999995e-01   2.982748e-06   0.000000e+00   0.000000e+00   4.998891e-01   2.572910e+00   9.999977e-01   2.572908e+00   2.572906e+00
1     3.541946e+01   9.999995e-01   2.982370e-06   0.000000e+00   0.000000e+00   4.995300e-01   2.636264e+00   9.999977e-01   2.636262e+00   2.636261e+00
1     3.542949e+01   9.999995e-01   2.982062e-06   0.000000e+00   0.000000e+00   4.991635e-01   2.699625e+00   9.999977e-01   2.699624e+00   2.699622e+00
1     3.543952e+01   9.999995e-01   2.981825e-06   0.000000e+00   0.000000e+00   4.987911e-01   2.762992e+00   9.999977e-01   2.762991e+00   2.762990e+00
1     3.544954e+01   9.999995e-01   2.981659e-06   0.000000e+00   0.000000e+00   4.984144e-01   2.826363e+00   9.999977e-01   2.826362e+00   2.826362e+00
1     3.545957e+01   9.999995e-01   2.981566e-06   0.000000e+00   0.000000e+00   4.980350e-01   2.889738e+00   9.999977e-01   2.889737e+00   2.889736e+00
1     3.546959e+01   9.999995e-01   2.981545e-06   0.000000e+00   0.000000e+00   4.976543e-01   2.953113e+00   9.999977e-01   2.953112e+00   2.953112e+00
1     3.547962e+01   9.999995e-01   2.981598e-06   0.000000e+00   0.000000e+00   4.972739e-01   3.016488e+00   9.999977e-01   3.016488e+00   3.016487e+00
1     3.548965e+01   9.999995e-01   2.981723e-06   0.000000e+00   0.000000e+00   4.968955e-01   3.079861e+00   9.999977e-01   3.079861e+00   3.079861e+00
1     3.549967e+01   9.999995e-01   2.981920e-06   0.000000e+00   0.000000e+00   4.965206e-01   3.143231e+00   9.999977e-01   3.143231e+00   3.143231e+00
1     3.550970e+01   9.999995e-01   2.982189e-06   0.000000e+00   0.000000e+00   4.961506e-01   3.206596e+00   9.999977e-01   3.206596e+00   3.206596e+00
1     3.551972e+01   9.999995e-01   2.982528e-06   0.000000e+00   0.000000e+00   4.957872e-01   3.269954e+00   9.999977e-01   3.269954e+00   3.269955e+00
1     3.552975e+01   9.999995e-01   2.982936e-06   0.000000e+00   0.000000e+00   4.954318e-01   3.333304e+00   9.999977e-01   3.333304e+00   3.333305e+00
1     3.553978e+01   9.999995e-01   2.983411e-06   0.000000e+00   0.000000e+00   4.950859e-01   3.396645e+00   9.999977e-01   3.396645e+00   3.396646e+00
1     3.554980e+01   9.999995e-01   2.983952e-06   0.000000e+00   0.000000e+00   4.947509e-01   3.459974e+00   9.999977e-01   3.459975e+00   3.459976e+00
1     3.555983e+01   9.999995e-01   2.984555e-06   0.000000e+00   0.000000e+00   4.944281e-01   3.523292e+00   9.999977e-01   3.523293e+00   3.523294e+00
1     3.556985e+01   9.999995e-01   2.985219e-06   0.000000e+00   0.000000e+00   4.941190e-01   3.586596e+00   9.999977e-01   3.586597e+00   3.586598e+00
1     3.557988e+01   9.999995e-01   2.985941e-06   0.000000e+00   0.000000e+00   4.938247e-01   3.649885e+00   9.999977e-01   3.649886e+00   3.649888e+00
1     3.558991e+01   9.999995e-01   2.986718e-06   0.000000e+00   0.000000e+00   4.935464e-01   3.713158e+00   9.999977e-01   3.713159e+00   3.713161e+00
1     3.559993e+01   9.999995e-01   2.987546e-06   0.000000e+00   0.000000e+00   4.932852e-01   3.776414e+00   9.999977e-01   3.776416e+00   3.776417e+00
1     3.560996e+01   9.999995e-01   2.988423e-06   0.000000e+00   0.000000e+00   4.930423e-01   3.839652e+00   9.999977e-01   3.839653e+00   3.839655e+00
1     3.561998e+01   9.999995e-01   2.989345e-06   0.000000e+00   0.000000e+00   4.928186e-01   3.902870e+00   9.999977e-01   3.902872e+00   3.902874e+00
1     3.562876e+01   9.999995e-01   2.990185e-06   0.000000e+00   0.000000e+00   4.926392e-01   3.958170e+00   9.999977e-01   3.958172e+00   3.958174e+00
1     3.563878e+01   9.999995e-01   2.991180e-06   0.000000e+00   0.000000e+00   4.924538e-01   4.021350e+00   9.999977e-01   4.021353e+00   4.021355e+00
1     3.564881e+01   9.999995e-01   2.992210e-06   0.000000e+00   0.000000e+00   4.922898e-01   4.084509e+00   9.999977e-01   4.084511e+00   4.084514e+00
1     3.565883e+01   9.999995e-01   2.993268e-06   0.000000e+00   0.000000e+00   4.921480e-01   4.147646e+00   9.999977e-01   4.147648e+00   4.147651e+00
1     3.566886e+01   9.999995e-01   2.994352e-06   0.000000e+00   0.000000e+00   4.920289e-01   4.210760e+00   9.999977e-01   4.210762e+00   4.210765e+00
1     3.567889e+01   9.999995e-01   2.995457e-06   0.000000e+00   0.000000e+00   4.919330e-01   4.273851e+00   9.999977e-01   4.273853e+00   4.273856e+00
1     3.568891e+01   9.999995e-01   2.996578e-06   0.000000e+00   0.000000e+00   4.918605e-01   4.336918e+00   9.999977e-01   4.336921e+00   4.336924e+00
1     3.569894e+01   9.999995e-01   2.997712e-06   0.000000e+00   0.000000e+00   4.918119e-01   4.399962e+00   9.999977e-01   4.399965e+00   4.399967e+00
1     3.570896e+01   9.999995e-01   2.998852e-06   0.000000e+00   0.000000e+00   4.917872e-01   4.462981e+00   9.999977e-01   4.462984e+00   4.462987e+00
1     3.571899e+01   9.999995e-01   2.999996e-06   0.000000e+00   0.000000e+00   4.917865e-01   4.525977e+00   9.999977e-01   4.525980e+00   4.525983e+00
1     3.572902e+01   9.999995e-01   3.001138e-06   0.000000e+00   0.000000e+00   4.918099e-01   4.588949e+00   9.999977e-01   4.588952e+00   4.588955e+00
1     3.573904e+01   9.999995e-01   3.002274e-06   0.000000e+00   0.000000e+00   4.918572e-01   4.651897e+00   9.999977e-01   4.651900e+00   4.651903e+00
1     3.574907e+01   9.999995e-01   3.003399e-06   0.000000e+00   0.000000e+00   4.919281e-01   4.714821e+00   9.999977e-01   4.714824e+00   4.714827e+00
1     3.575909e+01   9.999995e-01   3.004509e-06   0.000000e+00   0.000000e+00   4.920225e-01   4.777721e+00   9.999977e-01   4.777724e+00   4.777727e+00
1     3.576912e+01   9.999995e-01   3.005600e-06   0.000000e+00   0.000000e+00   4.921398e-01   4.840599e+00   9.999977e-01   4.840602e+00   4.840605e+00
1     3.577915e+01   9.999995e-01   3.006667e-06   0.000000e+00   0.000000e+00   4.922797e-01   4.903455e+00   9.999977e-01   4.903457e+00   4.903460e+00
1     3.578917e+01   9.999995e-01   3.007706e-06   0.000000e+00   0.000000e+00   4.924415e-01   4.966288e+00   9.999977e-01   4.966291e+00   4.966294e+00
1     3.579920e+01   9.999995e-01   3.008712e-06   0.000000e+00   0.000000e+00   4.926247e-01   5.029100e+00   9.999977e-01   5.029103e+00   5.029106e+00
1     3.580922e+01   9.999995e-01   3.009683e-06   0.000000e+00   0.000000e+00   4.928283e-01   5.091892e+00   9.999977e-01   5.091894e+00   5.091897e+00
1     3.581925e+01   9.999995e-01   3.010614e-06   0.000000e+00   0.000000e+00   4.930517e-01   5.154663e+00   9.999977e-01   5.154666e+00   5.154669e+00
1     3.582928e+01   9.999995e-01   3.011502e-06   0.000000e+00   0.000000e+00   4.932940e-01   5.217416e+00   9.999977e-01   5.217419e+00   5.217422e+00
1     3.583930e+01   9.999995e-01   3.012342e-06   0.000000e+00   0.000000e+00   4.935542e-01   5.280152e+00   9.999977e-01   5.280154e+00   5.280157e+00
1     3.584933e+01   9.999995e-01   3.013133e-06   0.000000e+00   0.000000e+00   4.938313e-01   5.342870e+00   9.999977e-01   5.342872e+00   5.342875e+00
1     3.585935e+01   9.999995e-01   3.013870e-06   0.000000e+00   0.000000e+00   4.941241e-01   5.405572e+00   9.999977e-01   5.405575e+00   5.405577e+00
1     3.586938e+01   9.999995e-01   3.014551e-06   0.000000e+00   0.000000e+00   4.944316e-01   5.468260e+00   9.999977e-01   5.468262e+00   5.468265e+00
1     3.587941e+01   9.999995e-01   3.015173e-06   0.000000e+00   0.000000e+00   4.947526e-01   5.530935e+00   9.999977e-01   5.530937e+00   5.530939e+00
1     3.588943e+01   9.999995e-01   3.015734e-06   0.000000e+00   0.000000e+00   4.950858e-01   5.593597e+00   9.999977e-01   5.593599e+00   5.593601e+00
1     3.589946e+01   9.999995e-01   3.016231e-06   0.000000e+00   0.000000e+00   4.954299e-01   5.656248e+00   9.999977e-01   5.656250e+00   5.656252e+00
1     3.590948e+01   9.999995e-01   3.016664e-06   0.000000e+00   0.000000e+00   4.957836e-01   5.718890e+00   9.999977e-01   5.718892e+00   5.718893e+00
1     3.591951e+01   9.999995e-01   3.017029e-06   0.000000e+00   0.000000e+00   4.961455e-01   5.781523e+00   9.999977e-01   5.781525e+00   5.781526e+00
1     3.592954e+01   9.999995e-01   3.017325e-06   0.000000e+00   0.000000e+00   4.965142e-01   5.844150e+00   9.999977e-01   5.844151e+00   5.844153e+00
1     3.593956e+01   9.999995e-01   3.017553e-06   0.000000e+00   0.000000e+00   4.968883e-01   5.906772e+00   9.999977e-01   5.906773e+00   5.906774e+00
1     3.594959e+01   9.999995e-01   3.017709e-06   0.000000e+00   0.000000e+00   4.972663e-01   5.969389e+00   9.999977e-01   5.969390e+00   5.969391e+00
1     3.595961e+01   9.999995e-01   3.017795e-06   0.000000e+00   0.000000e+00   4.976468e-01   6.032004e+00   9.999977e-01   6.032005e+00   6.032005e+00
1     3.596964e+01   9.999995e-01   3.017809e-06   0.000000e+00   0.000000e+00   4.980284e-01   6.094618e+00   9.999977e-01   6.094619e+00   6.094619e+00
1     3.597967e+01   9.999995e-01   3.017751e-06   0.000000e+00   0.000000e+00   4.984094e-01   6.157232e+00   9.999977e-01   6.157233e+00   6.157233e+00
1     3.598969e+01   9.999995e-01   3.017623e-06   0.000000e+00   0.000000e+00   4.987886e-01   6.219849e+00   9.999977e-01   6.219849e+00   6.219849e+00
1     3.599972e+01   9.999995e-01   3.017424e-06   0.000000e+00   0.000000e+00   4.991643e-01   6.282468e+00   9.999977e-01   6.282468e+00   6.282468e+00
1     3.600974e+01   9.999995e-01   3.017154e-06   0.000000e+00   0.000000e+00   4.995353e-01   6.190774e-02   9.999977e-01   6.190756e-02   6.190737e-02
1     3.601977e+01   9.999995e-01   3.016816e-06   0.000000e+00   0.000000e+00   4.998999e-01   1.245386e-01   9.999977e-01   1.245382e-01   1.245378e-01
1     3.602980e+01   9.999995e-01   3.016410e-06   0.000000e+00   0.000000e+00   5.002569e-01   1.871771e-01   9.999977e-01   1.871766e-01   1.871760e-01
1     3.603982e+01   9.999995e-01   3.015939e-06   0.000000e+00   0.000000e+00   5.006048e-01   2.498247e-01   9.999977e-01   2.498239e-01   2.498232e-01
1     3.604985e+01   9.999995e-01   3.015403e-06   0.000000e+00   0.000000e+00   5.009423e-01   3.124827e-01   9.999977e-01   3.124817e-01   3.124808e-01
1     3.605987e+01   9.999995e-01   3.014805e-06   0.000000e+00   0.000000e+00   5.012681e-01   3.751524e-01   9.999977e-01   3.751513e-01   3.751502e-01
1     3.606990e+01   9.999995e-01   3.014147e-06   0.000000e+00   0.000000e+00   5.015809e-01   4.378351e-01   9.999977e-01   4.378338e-01   4.378325e-01
1     3.607992e+01   9.999995e-01   3.013431e-06   0.000000e+00   0.000000e+00   5.018795e-01   5.005319e-01   9.999977e-01   5.005305e-01   5.005291e-01
1     3.608995e+01   9.999995e-01   3.012662e-06   0.000000e+00   0.000000e+00   5.021626e-01   5.632442e-01   9.999977e-01   5.632426e-01   5.632410e-01
1     3.609998e+01   9.999995e-01   3.011841e-06   0.000000e+00   0.000000e+00   5.024293e-01   6.259730e-01   9.999977e-01   6.259712e-01   6.259694e-01
1     3.610875e+01   9.999995e-01   3.011082e-06   0.000000e+00   0.000000e+00   5.026483e-01   6.808750e-01   9.999977e-01   6.808731e-01   6.808712e-01
1     3.611878e+01   9.999995e-01   3.010173e-06   0.000000e+00   0.000000e+00   5.028813e-01   7.436374e-01   9.999977e-01   7.436354e-01   7.436333e-01
1     3.612880e+01   9.999995e-01   3.009223e-06   0.000000e+00   0.000000e+00   5.030949e-01   8.064192e-01   9.999977e-01   8.064170e-01   8.064148e-01
1     3.613883e+01   9.999995e-01   3.008234e-06   0.000000e+00   0.000000e+00   5.032884e-01   8.692211e-01   9.999977e-01   8.692188e-01   8.692165e-01
1     3.614885e+01   9.999995e-01   3.007212e-06   0.000000e+00   0.000000e+00   5.034608e-01   9.320440e-01   9.999977e-01   9.320415e-01   9.320391e-01
1     3.615888e+01   9.999995e-01   3.006159e-06   0.000000e+00   0.000000e+00   5.036117e-01   9.948885e-01   9.999977e-01   9.948859e-01   9.948834e-01
1     3.616891e+01   9.999995e-01   3.005080e-06   0.000000e+00   0.000000e+00   5.037403e-01   1.057755e+00   9.999977e-01   1.057753e+00   1.057750e+00
1     3.617893e+01   9.999995e-01   3.003980e-06   0.000000e+00   0.000000e+00   5.038461e-01   1.120645e+00   9.999977e-01   1.120642e+00   1.120639e+00
1     3.618896e+01   9.999995e-01   3.002862e-06   0.000000e+00   0.000000e+00   5.039287e-01   1.183557e+00   9.999977e-01   1.183555e+00   1.183552e+00
1     3.619898e+01   9.999994e-01   3.001732e-06   0.000000e+00   0.000000e+00   5.039877e-01   1.246494e+00   9.999977e-01   1.246491e+00   1.246488e+00
1     3.620901e+01   9.999994e-01   3.000592e-06   0.000000e+00   0.000000e+00   5.040230e-01   1.309454e+00   9.999977e-01   1.309451e+00   1.309448e+00
1     3.621904e+01   9.999994e-01   2.999449e-06   0.000000e+00   0.000000e+00   5.040342e-01   1.372437e+00   9.999977e-01   1.372435e+00   1.372432e+00
1     3.622906e+01   9.999994e-01   2.998307e-06   0.000000e+00   0.000000e+00   5.040214e-01   1.435445e+00   9.999977e-01   1.435442e+00   1.435440e+00
1     3.623909e+01   9.999994e-01   2.997169e-06   0.000000e+00   0.000000e+00   5.039846e-01   1.498477e+00   9.999977e-01   1.498474e+00   1.498471e+00
1     3.624911e+01   9.999994e-01   2.996041e-06   0.000000e+00   0.000000e+00   5.039239e-01   1.561533e+00   9.999977e-01   1.561530e+00   1.561527e+00
1     3.625914e+01   9.999994e-01   2.994928e-06   0.000000e+00   0.000000e+00   5.038395e-01   1.624613e+00   9.999977e-01   1.624610e+00   1.624607e+00
1     3.626916e+01   9.999994e-01   2.993833e-06   0.000000e+00   0.000000e+00   5.037316e-01   1.687716e+00   9.999977e-01   1.687713e+00   1.687710e+00
1     3.627919e+01   9.999994e-01   2.992760e-06   0.000000e+00   0.000000e+00   5.036009e-01   1.750842e+00   9.999977e-01   1.750839e+00   1.750836e+00
1     3.628922e+01   9.999994e-01   2.991715e-06   0.000000e+00   0.000000e+00   5.034476e-01   1.813990e+00   9.999977e-01   1.813987e+00   1.813984e+00
1     3.629924e+01   9.999994e-01   2.990702e-06   0.000000e+00   0.000000e+00   5.032725e-01   1.877160e+00   9.999977e-01   1.877157e+00   1.877154e+00
1     3.630927e+01   9.999994e-01   2.989724e-06   0.000000e+00   0.000000e+00   5.030761e-01   1.940351e+00   9.999977e-01   1.940349e+00   1.940346e+00
1     3.631929e+01   9.999994e-01   2.988785e-06   0.000000e+00   0.000000e+00   5.028593e-01   2.003563e+00   9.999977e-01   2.003560e+00   2.003558e+00
1     3.632932e+01   9.999994e-01   2.987890e-06   0.000000e+00   0.000000e+00   5.026230e-01   2.066794e+00   9.999977e-01   2.066792e+00   2.066789e+00
1     3.633935e+01   9.999994e-01   2.987042e-06   0.000000e+00   0.000000e+00   5.023680e-01   2.130044e+00   9.999977e-01   2.130042e+00   2.130039e+00
1     3.634937e+01   9.999994e-01   2.986244e-06   0.000000e+00   0.000000e+00   5.020953e-01   2.193312e+00   9.999977e-01   2.193309e+00   2.193307e+00
1     3.635940e+01   9.999994e-01   2.985500e-06   0.000000e+00   0.000000e+00   5.018061e-01   2.256596e+00   9.999977e-01   2.256594e+00   2.256591e+00
1     3.636942e+01   9.999994e-01   2.984812e-06   0.000000e+00   0.000000e+00   5.015016e-01   2.319895e+00   9.999977e-01   2.319893e+00   2.319891e+00
1     3.637945e+01   9.999994e-01   2.984184e-06   0.000000e+00   0.000000e+00   5.011828e-01   2.383209e+00   9.999977e-01   2.383207e+00   2.383205e+00
1     3.638948e+01   9.999994e-01   2.983617e-06   0.000000e+00   0.000000e+00   5.008512e-01   2.446535e+00   9.999977e-01   2.446534e+00   2.446532e+00
1     3.639950e+01   9.999994e-01   2.983115e-06   0.000000e+00   0.000000e+00   5.005080e-01   2.509873e+00   9.999977e-01   2.509872e+00   2.509870e+00
1     3.640953e+01   9.999994e-01   2.982680e-06   0.000000e+00   0.000000e+00   5.001547e-01   2.573222e+00   9.999977e-01   2.573220e+00   2.573218e+00
1     3.641955e+01   9.999994e-01   2.982313e-06   0.000000e+00   0.000000e+00   4.997927e-01   2.636578e+00   9.999977e-01   2.636577e+00   2.636575e+00
1     3.642958e+01   9.999994e-01   2.982015e-06   0.000000e+00   0.000000e+00   4.994234e-01   2.699942e+00   9.999977e-01   2.699941e+00   2.699940e+00
1     3.643961e+01   9.999994e-01   2.981788e-06   0.000000e+00   0.000000e+00   4.990483e-01   2.763312e+00   9.999977e-01   2.763311e+00   2.763310e+00
1     3.644963e+01   9.999994e-01   2.981634e-06   0.000000e+00   0.000000e+00   4.986691e-01   2.826686e+00   9.999977e-01   2.826685e+00   2.826684e+00
1     3.645966e+01   9.999994e-01   2.981552e-06   0.000000e+00   0.000000e+00   4.982872e-01   2.890063e+00   9.999977e-01   2.890062e+00   2.890061e+00
1     3.646968e+01   9.999994e-01   2.981543e-06   0.000000e+00   0.000000e+00   4.979042e-01   2.953441e+00   9.999977e-01   2.953440e+00   2.953439e+00
1     3.647971e+01   9.999994e-01   2.981607e-06   0.000000e+00   0.000000e+00   4.975217e-01   3.016818e+00   9.999977e-01   3.016817e+00   3.016817e+00
1     3.648974e+01   9.999994e-01   2.981744e-06   0.000000e+00   0.000000e+00   4.971413e-01   3.080193e+00   9.999977e-01   3.080193e+00   3.080193e+00
1     3.649976e+01   9.999994e-01   2.981953e-06   0.000000e+00   0.000000e+00   4.967644e-01   3.143565e+00   9.999977e-01   3.143565e+00   3.143565e+00
1     3.650979e+01   9.999994e-01   2.982234e-06   0.000000e+00   0.000000e+00   4.963927e-01   3.206931e+00   9.999977e-01   3.206931e+00   3.206931e+00
1     3.651981e+01   9.999994e-01   2.982585e-06   0.000000e+00   0.000000e+00   4.960277e-01   3.270291e+00   9.999977e-01   3.270291e+00   3.270292e+00
1     3.652984e+01   9.999994e-01   2.983005e-06   0.000000e+00   0.000000e+00   4.956709e-01   3.333642e+00   9.999977e-01   3.333643e+00   3.333644e+00
1     3.653987e+01   9.999994e-01   2.983493e-06   0.000000e+00   0.000000e+00   4.953236e-01   3.396984e+00   9.999977e-01   3.396985e+00   3.396986e+00
1     3.654989e+01   9.999994e-01   2.984045e-06   0.000000e+00   0.000000e+00   4.949874e-01   3.460315e+00   9.999977e-01   3.460316e+00   3.460317e+00
1     3.655992e+01   9.999994e-01   2.984661e-06   0.000000e+00   0.000000e+00   4.946636e-01   3.523634e+00   9.999977e-01   3.523635e+00   3.523636e+00
1     3.656994e+01   9.999994e-01   2.985337e-06   0.000000e+00   0.000000e+00   4.943536e-01   3.586939e+00   9.999977e-01   3.586940e+00   3.586941e+00
1     3.657997e+01   9.999994e-01   2.986070e-06   0.000000e+00   0.000000e+00   4.940585e-01   3.650229e+00   9.999977e-01   3.650230e+00   3.650231e+00
1     3.659000e+01   9.999994e-01   2.986859e-06   0.000000e+00   0.000000e+00   4.937795e-01   3.713502e+00   9.999977e-01   3.713504e+00   3.713506e+00
1     3.659877e+01   9.999994e-01   2.987591e-06   0.000000e+00   0.000000e+00   4.935496e-01   3.768853e+00   9.999977e-01   3.768854e+00   3.768856e+00
1     3.660879e+01   9.999994e-01   2.988474e-06   0.000000e+00   0.000000e+00   4.933038e-01   3.832093e+00   9.999977e-01   3.832095e+00   3.832097e+00
1     3.661882e+01   9.999994e-01   2.989402e-06   0.000000e+00   0.000000e+00   4.930773e-01   3.895315e+00   9.999977e-01   3.895317e+00   3.895319e+00
1     3.662885e+01   9.999994e-01   2.990371e-06   0.000000e+00   0.000000e+00   4.928709e-01   3.958516e+00   9.999977e-01   3.958518e+00   3.958520e+00
1     3.663887e+01   9.999994e-01   2.991378e-06   0.000000e+00   0.000000e+00   4.926853e-01   4.021696e+00   9.999977e-01   4.021699e+00   4.021701e+00
1     3.664890e+01   9.999994e-01   2.992418e-06   0.000000e+00   0.000000e+00   4.925214e-01   4.084855e+00   9.999977e-01   4.084858e+00   4.084860e+00
1     3.665892e+01   9.999994e-01   2.993487e-06   0.000000e+00   0.000000e+00   4.923797e-01   4.147992e+00   9.999977e-01   4.147994e+00   4.147997e+00
1     3.666895e+01   9.999994e-01   2.994582e-06   0.000000e+00   0.000000e+00   4.922608e-01   4.211105e+00   9.999977e-01   4.211108e+00   4.211111e+00
1     3.667898e+01   9.999994e-01   2.995697e-06   0.000000e+00   0.000000e+00   4.921652e-01   4.274196e+00   9.999977e-01   4.274199e+00   4.274201e+00
1     3.668900e+01   9.999994e-01   2.996828e-06   0.000000e+00   0.000000e+00   4.920932e-01   4.337263e+00   9.999977e-01   4.337266e+00   4.337269e+00
1     3.669903e+01   9.999994e-01   2.997971e-06   0.000000e+00   0.000000e+00   4.920451e-01   4.400306e+00   9.999977e-01   4.400309e+00   4.400312e+00
1     3.670905e+01   9.999994e-01   2.999121e-06   0.000000e+00   0.000000e+00   4.920210e-01   4.463325e+00   9.999977e-01   4.463328e+00   4.463331e+00
1     3.671908e+01   9.999994e-01   3.000274e-06   0.000000e+00   0.000000e+00   4.920210e-01   4.526320e+00   9.999977e-01   4.526323e+00   4.526326e+00
1     3.672911e+01   9.999994e-01   3.001425e-06   0.000000e+00   0.000000e+00   4.920450e-01   4.589291e+00   9.999977e-01   4.589294e+00   4.589297e+00
1     3.673913e+01   9.999994e-01   3.002569e-06   0.000000e+00   0.000000e+00   4.920930e-01   4.652238e+00   9.999977e-01   4.652241e+00   4.652244e+00
1     3.674916e+01   9.999994e-01   3.003702e-06   0.000000e+00   0.000000e+00   4.921647e-01   4.715162e+00   9.999977e-01   4.715165e+00   4.715168e+00
1     3.675918e+01   9.999994e-01   3.004820e-06   0.000000e+00   0.000000e+00   4.922598e-01   4.778062e+00   9.999977e-01   4.778065e+00   4.778068e+00
1     3.676921e+01   9.999994e-01   3.005919e-06   0.000000e+00   0.000000e+00   4.923779e-01   4.840939e+00   9.999977e-01   4.840942e+00   4.840945e+00
1     3.677924e+01   9.999994e-01   3.006993e-06   0.000000e+00   0.000000e+00   4.925186e-01   4.903793e+00   9.999977e-01   4.903796e+00   4.903799e+00
1     3.678926e+01   9.999994e-01   3.008039e-06   0.000000e+00   0.000000e+00   4.926812e-01   4.966626e+00   9.999977e-01   4.966629e+00   4.966632e+00
1     3.679929e+01   9.999994e-01   3.009053e-06   0.000000e+00   0.000000e+00   4.928651e-01   5.029437e+00   9.999977e-01   5.029440e+00   5.029443e+00
1     3.680931e+01   9.999994e-01   3.010030e-06   0.000000e+00   0.000000e+00   4.930695e-01   5.092228e+00   9.999977e-01   5.092231e+00   5.092234e+00
1     3.681934e+01   9.999994e-01   3.010967e-06   0.000000e+00   0.000000e+00   4.932937e-01   5.154999e+00   9.999977e-01   5.155002e+00   5.155005e+00
1     3.682937e+01   9.999994e-01   3.011861e-06   0.000000e+00   0.000000e+00   4.935367e-01   5.217752e+00   9.999977e-01   5.217754e+00   5.217757e+00
1     3.683939e+01   9.999994e-01   3.012708e-06   0.000000e+00   0.000000e+00   4.937976e-01   5.280486e+00   9.999977e-01   5.280488e+00   5.280491e+00
1     3.684942e+01   9.999994e-01   3.013504e-06   0.000000e+00   0.000000e+00   4.940753e-01   5.343203e+00   9.999977e-01   5.343206e+00   5.343208e+00
1     3.685944e+01   9.999994e-01   3.014247e-06   0.000000e+00   0.000000e+00   4.943689e-01   5.405905e+00   9.999977e-01   5.405908e+00   5.405910e+00
1     3.686947e+01   9.999994e-01   3.014933e-06   0.000000e+00   0.000000e+00   4.946770e-01   5.468593e+00   9.999977e-01   5.468595e+00   5.468597e+00
1     3.687950e+01   9.999994e-01   3.015561e-06   0.000000e+00   0.000000e+00   4.949986e-01   5.531266e+00   9.999977e-01   5.531268e+00   5.531270e+00
1     3.688952e+01   9.999994e-01   3.016128e-06   0.000000e+00   0.000000e+00   4.953324e-01   5.593928e+00   9.999977e-01   5.593930e+00   5.593932e+00
1     3.689955e+01   9.999994e-01   3.016631e-06   0.000000e+00   0.000000e+00   4.956770e-01   5.656579e+00   9.999976e-01   5.656581e+00   5.656582e+00
1     3.690957e+01   9.999994e-01   3.017069e-06   0.000000e+00   0.000000e+00   4.960312e-01   5.719220e+00   9.999976e-01   5.719222e+00   5.719223e+00
1     3.691960e+01   9.999994e-01   3.017439e-06   0.000000e+00   0.000000e+00   4.963936e-01   5.781853e+00   9.999976e-01   5.781854e+00   5.781856e+00
1     3.692963e+01   9.999994e-01   3.017742e-06   0.000000e+00   0.000000e+00   4.967629e-01   5.844479e+00   9.999976e-01   5.844481e+00   5.844482e+00
1     3.693965e+01   9.999994e-01   3.017975e-06   0.000000e+00   0.000000e+00   4.971375e-01   5.907100e+00   9.999976e-01   5.907101e+00   5.907102e+00
1     3.694968e+01   9.999994e-01   3.018137e-06   0.000000e+00   0.000000e+00   4.975160e-01   5.969717e+00   9.999976e-01   5.969718e+00   5.969719e+00
1     3.695970e+01   9.999994e-01   3.018229e-06   0.000000e+00   0.000000e+00   4.978971e-01   6.032331e+00   9.999976e-01   6.032332e+00   6.032333e+00
1     3.696973e+01   9.999994e-01   3.018249e-06   0.000000e+00   0.000000e+00   4.982793e-01   6.094945e+00   9.999976e-01   6.094945e+00   6.094946e+00
1     3.697975e+01   9.999994e-01   3.018198e-06   0.000000e+00   0.000000e+00   4.986610e-01   6.157559e+00   9.999976e-01   6.157559e+00   6.157559e+00
1     3.698978e+01   9.999994e-01   3.018075e-06   0.000000e+00   0.000000e+00   4.990408e-01   6.220174e+00   9.999976e-01   6.220174e+00   6.220175e+00
1     3.699981e+01   9.999994e-01   3.017882e-06   0.000000e+00   0.000000e+00   4.994173e-01   6.282793e+00   9.999976e-01   6.282793e+00   6.282793e+00
1     3.700983e+01   9.999994e-01   3.017619e-06   0.000000e+00   0.000000e+00   4.997890e-01   6.223170e-02   9.999976e-01   6.223151e-02   6.223132e-02
1     3.701986e+01   9.999994e-01   3.017287e-06   0.000000e+00   0.000000e+00   5.001546e-01   1.248617e-01   9.999976e-01   1.248613e-01   1.248609e-01
1     3.702988e+01   9.999994e-01   3.016888e-06   0.000000e+00   0.000000e+00   5.005125e-01   1.874993e-01   9.999976e-01   1.874987e-01   1.874981e-01
1     3.703991e+01   9.999994e-01   3.016422e-06   0.000000e+00   0.000000e+00   5.008614e-01   2.501458e-01   9.999976e-01   2.501451e-01   2.501443e-01
1     3.704994e+01   9.999994e-01   3.015892e-06   0.000000e+00   0.000000e+00   5.012000e-01   3.128027e-01   9.999976e-01   3.128017e-01   3.128008e-01
1     3.705996e+01   9.999994e-01   3.015300e-06   0.000000e+00   0.000000e+00   5.015270e-01   3.754712e-01   9.999976e-01   3.754701e-01   3.754690e-01
1     3.706999e+01   9.999994e-01   3.014648e-06   0.000000e+00   0.000000e+00   5.018411e-01   4.381525e-01   9.999976e-01   4.381513e-01   4.381500e-01
1     3.707876e+01   9.999994e-01   3.014031e-06   0.000000e+00   0.000000e+00   5.021044e-01   4.930102e-01   9.999976e-01   4.930088e-01   4.930074e-01
1     3.708879e+01   9.999994e-01   3.013274e-06   0.000000e+00   0.000000e+00   5.023911e-01   5.557190e-01   9.999976e-01   5.557174e-01   5.557158e-01
1     3.709881e+01   9.999994e-01   3.012465e-06   0.000000e+00   0.000000e+00   5.026616e-01   6.184439e-01   9.999976e-01   6.184422e-01   6.184405e-01
1     3.710884e+01   9.999994e-01   3.011607e-06   0.000000e+00   0.000000e+00   5.029148e-01   6.811862e-01   9.999976e-01   6.811843e-01   6.811824e-01
1     3.711887e+01   9.999994e-01   3.010704e-06   0.000000e+00   0.000000e+00   5.031497e-01   7.439467e-01   9.999976e-01   7.439447e-01   7.439426e-01
1     3.712889e+01   9.999994e-01   3.009758e-06   0.000000e+00   0.000000e+00   5.033654e-01   8.067264e-01   9.999976e-01   8.067242e-01   8.067221e-01
1     3.713892e+01   9.999994e-01   3.008775e-06   0.000000e+00   0.000000e+00   5.035610e-01   8.695262e-01   9.999976e-01   8.695239e-01   8.695216e-01
1     3.714894e+01   9.999994e-01   3.007757e-06   0.000000e+00   0.000000e+00   5.037358e-01   9.323468e-01   9.999976e-01   9.323443e-01   9.323419e-01
1     3.715897e+01   9.999994e-01   3.006708e-06   0.000000e+00   0.000000e+00   5.038890e-01   9.951889e-01   9.999976e-01   9.951864e-01   9.951838e-01
1     3.716899e+01   9.999994e-01   3.005633e-06   0.000000e+00   0.000000e+00   5.040200e-01   1.058053e+00   9.999976e-01   1.058051e+00   1.058048e+00
1     3.717902e+01   9.999994e-01   3.004536e-06   0.000000e+00   0.000000e+00   5.041283e-01   1.120940e+00   9.999976e-01   1.120937e+00   1.120935e+00
1     3.718905e+01   9.999994e-01   3.003421e-06   0.000000e+00   0.000000e+00   5.042135e-01   1.183850e+00   9.999976e-01   1.183847e+00   1.183845e+00
1     3.719907e+01   9.999994e-01   3.002292e-06   0.000000e+00   0.000000e+00   5.042751e-01   1.246784e+00   9.999976e-01   1.246781e+00   1.246778e+00
1     3.720910e+01   9.999994e-01   3.001155e-06   0.000000e+00   0.000000e+00   5.043129e-01   1.309741e+00   9.999976e-01   1.309738e+00   1.309735e+00
1     3.721912e+01   9.999994e-01   3.000013e-06   0.000000e+00   0.000000e+00   5.043268e-01   1.372723e+00   9.999976e-01   1.372720e+00   1.372717e+00
1     3.722915e+01   9.999994e-01   2.998871e-06   0.000000e+00   0.000000e+00   5.043166e-01   1.435728e+00   9.999976e-01   1.435725e+00   1.435722e+00
1     3.723918e+01   9.999994e-01   2.997733e-06   0.000000e+00   0.000000e+00   5.042823e-01   1.498757e+00   9.999976e-01   1.498754e+00   1.498751e+00
1     3.724920e+01   9.999994e-01   2.996605e-06   0.000000e+00   0.000000e+00   5.042242e-01   1.561811e+00   9.999976e-01   1.561808e+00   1.561805e+00
1     3.725923e+01   9.999994e-01   2.995491e-06   0.000000e+00   0.000000e+00   5.041423e-01   1.624888e+00   9.999976e-01   1.624885e+00   1.624882e+00
1     3.726925e+01   9.999994e-01   2.994395e-06   0.000000e+00   0.000000e+00   5.040370e-01   1.687988e+00   9.999976e-01   1.687985e+00   1.687982e+00
1     3.727928e+01   9.999994e-01   2.993321e-06   0.000000e+00   0.000000e+00   5.039086e-01   1.751112e+00   9.999976e-01   1.751109e+00   1.751106e+00
1     3.728931e+01   9.999994e-01   2.992274e-06   0.000000e+00   0.000000e+00   5.037578e-01   1.814257e+00   9.999976e-01   1.814254e+00   1.814252e+00
1     3.729933e+01   9.999994e-01   2.991258e-06   0.000000e+00   0.000000e+00   5.035850e-01   1.877425e+00   9.999976e-01   1.877422e+00   1.877419e+00
1     3.730936e+01   9.999994e-01   2.990277e-06   0.000000e+00   0.000000e+00   5.033910e-01   1.940614e+00   9.999976e-01   1.940611e+00   1.940609e+00
1     3.731938e+01   9.999994e-01   2.989335e-06   0.000000e+00   0.000000e+00   5.031764e-01   2.003824e+00   9.999976e-01   2.003821e+00   2.003818e+00
1     3.732941e+01   9.999994e-01   2.988437e-06   0.000000e+00   0.000000e+00   5.029422e-01   2.067053e+00   9.999976e-01   2.067050e+00   2.067048e+00
1     3.733944e+01   9.999994e-01   2.987585e-06   0.000000e+00   0.000000e+00   5.026893e-01   2.130301e+00   9.999976e-01   2.130298e+00   2.130296e+00
1     3.734946e+01   9.999994e-01   2.986782e-06   0.000000e+00   0.000000e+00   5.024186e-01   2.193566e+00   9.999976e-01   2.193564e+00   2.193562e+00
1     3.735949e+01   9.999994e-01   2.986034e-06   0.000000e+00   0.000000e+00   5.021313e-01   2.256849e+00   9.999976e-01   2.256846e+00   2.256844e+00
1     3.736951e+01   9.999994e-01   2.985341e-06   0.000000e+00   0.000000e+00   5.018285e-01   2.320146e+00   9.999976e-01   2.320144e+00   2.320142e+00
1     3.737954e+01   9.999994e-01   2.984708e-06   0.000000e+00   0.000000e+00   5.015115e-01   2.383458e+00   9.999976e-01   2.383456e+00   2.383454e+00
1     3.738957e+01   9.999994e-01   2.984137e-06   0.000000e+00   0.000000e+00   5.011815e-01   2.446783e+00   9.999976e-01   2.446781e+00   2.446779e+00
1     3.739959e+01   9.999994e-01   2.983629e-06   0.000000e+00   0.000000e+00   5.008399e-01   2.510119e+00   9.999976e-01   2.510118e+00   2.510116e+00
1     3.740962e+01   9.999994e-01   2.983188e-06   0.000000e+00   0.000000e+00   5.004880e-01   2.573466e+00   9.999976e-01   2.573464e+00   2.573463e+00
1     3.741964e+01   9.999994e-01   2.982816e-06   0.000000e+00   0.000000e+00   5.001274e-01   2.636821e+00   9.999976e-01   2.636820e+00   2.636819e+00
1     3.742967e+01   9.999994e-01   2.982512e-06   0.000000e+00   0.000000e+00   4.997594e-01   2.700184e+00   9.999976e-01   2.700183e+00   2.700182e+00
1     3.743970e+01   9.999994e-01   2.982280e-06   0.000000e+00   0.000000e+00   4.993856e-01   2.763553e+00   9.999976e-01   2.763552e+00   2.763551e+00
1     3.744972e+01   9.999994e-01   2.982119e-06   0.000000e+00   0.000000e+00   4.990075e-01   2.826926e+00   9.999976e-01   2.826925e+00   2.826924e+00
1     3.745975e+01   9.999994e-01   2.982031e-06   0.000000e+00   0.000000e+00   4.986266e-01   2.890301e+00   9.999976e-01   2.890300e+00   2.890300e+00
1     3.746977e+01   9.999994e-01   2.982015e-06   0.000000e+00   0.000000e+00   4.982446e-01   2.953678e+00   9.999976e-01   2.953677e+00   2.953677e+00
1     3.747980e+01   9.999994e-01   2.982073e-06   0.000000e+00   0.000000e+00   4.978630e-01   3.017054e+00   9.999976e-01   3.017054e+00   3.017054e+00
1     3.748983e+01   9.999994e-01   2.982203e-06   0.000000e+00   0.000000e+00   4.974833e-01   3.080429e+00   9.999976e-01   3.080429e+00   3.080428e+00
1     3.749985e+01   9.999994e-01   2.982405e-06   0.000000e+00   0.000000e+00   4.971071e-01   3.143800e+00   9.999976e-01   3.143800e+00   3.143800e+00
1     3.750988e+01   9.999994e-01   2.982679e-06   0.000000e+00   0.000000e+00   4.967360e-01   3.207166e+00   9.999976e-01   3.207166e+00   3.207166e+00
1     3.751990e+01   9.999994e-01   2.983023e-06   0.000000e+00   0.000000e+00   4.963714e-01   3.270525e+00   9.999976e-01   3.270525e+00   3.270526e+00
1     3.752993e+01   9.999994e-01   2.983436e-06   0.000000e+00   0.000000e+00   4.960149e-01   3.333876e+00   9.999976e-01   3.333877e+00   3.333877e+00
1     3.753996e+01   9.999994e-01   2.983915e-06   0.000000e+00   0.000000e+00   4.956679e-01   3.397218e+00   9.999976e-01   3.397219e+00   3.397219e+00
1     3.754998e+01   9.999994e-01   2.984461e-06   0.000000e+00   0.000000e+00   4.953318e-01   3.460549e+00   9.999976e-01   3.460550e+00   3.460551e+00
1     3.755875e+01   9.999994e-01   2.984989e-06   0.000000e+00   0.000000e+00   4.950478e-01   3.515953e+00   9.999976e-01   3.515954e+00   3.515955e+00
1     3.756878e+01   9.999994e-01   2.985651e-06   0.000000e+00   0.000000e+00   4.947358e-01   3.579260e+00   9.999976e-01   3.579261e+00   3.579262e+00
1     3.757881e+01   9.999994e-01   2.986370e-06   0.000000e+00   0.000000e+00   4.944386e-01   3.642552e+00   9.999976e-01   3.642553e+00   3.642555e+00
1     3.758883e+01   9.999994e-01   2.987145e-06   0.000000e+00   0.000000e+00   4.941573e-01   3.705828e+00   9.999976e-01   3.705830e+00   3.705831e+00
1     3.759886e+01   9.999994e-01   2.987972e-06   0.000000e+00   0.000000e+00   4.938930e-01   3.769087e+00   9.999976e-01   3.769089e+00   3.769091e+00
1     3.760888e+01   9.999994e-01   2.988847e-06   0.000000e+00   0.000000e+00   4.936467e-01   3.832328e+00   9.999976e-01   3.832330e+00   3.832332e+00
1     3.761891e+01   9.999994e-01   2.989768e-06   0.000000e+00   0.000000e+00   4.934196e-01   3.895550e+00   9.999976e-01   3.895552e+00   3.895554e+00
1     3.762894e+01   9.999994e-01   2.990730e-06   0.000000e+00   0.000000e+00   4.932124e-01   3.958752e+00   9.999976e-01   3.958754e+00   3.958756e+00
1     3.763896e+01   9.999994e-01   2.991730e-06   0.000000e+00   0.000000e+00   4.930261e-01   4.021933e+00   9.999976e-01   4.021936e+00   4.021938e+00
1     3.764899e+01   9.999994e-01   2.992763e-06   0.000000e+00   0.000000e+00   4.928612e-01   4.085093e+00   9.999976e-01   4.085096e+00   4.085098e+00
1     3.765901e+01   9.999994e-01   2.993826e-06   0.000000e+00   0.000000e+00   4.927185e-01   4.148231e+00   9.999976e-01   4.148233e+00   4.148236e+00
1     3.766904e+01   9.999994e-01   2.994914e-06   0.000000e+00   0.000000e+00   4.925984e-01   4.211346e+00   9.999976e-01   4.211348e+00   4.211351e+00
1     3.767907e+01   9.999994e-01   2.996023e-06   0.000000e+00   0.000000e+00   4.925016e-01   4.274438e+00   9.999976e-01   4.274440e+00   4.274443e+00
1     3.768909e+01   9.999994e-01   2.997149e-06   0.000000e+00   0.000000e+00   4.924282e-01   4.337506e+00   9.999976e-01   4.337509e+00   4.337511e+00
1     3.769912e+01   9.999994e-01   2.998286e-06   0.000000e+00   0.000000e+00   4.923786e-01   4.400550e+00   9.999976e-01   4.400553e+00   4.400556e+00
1     3.770914e+01   9.999994e-01   2.999431e-06   0.000000e+00   0.000000e+00   4.923530e-01   4.463571e+00   9.999976e-01   4.463574e+00   4.463577e+00
1     3.771917e+01   9.999994e-01   3.000578e-06   0.000000e+00   0.000000e+00   4.923515e-01   4.526568e+00   9.999976e-01   4.526571e+00   4.526573e+00
1     3.772920e+01   9.999994e-01   3.001725e-06   0.000000e+00   0.000000e+00   4.923740e-01   4.589540e+00   9.999976e-01   4.589543e+00   4.589546e+00
1     3.773922e+01   9.999994e-01   3.002864e-06   0.000000e+00   0.000000e+00   4.924203e-01   4.652489e+00   9.999976e-01   4.652492e+00   4.652495e+00
1     3.774925e+01   9.999994e-01   3.003993e-06   0.000000e+00   0.000000e+00   4.924904e-01   4.715414e+00   9.999976e-01   4.715417e+00   4.715420e+00
1     3.775927e+01   9.999994e-01   3.005107e-06   0.000000e+00   0.000000e+00   4.925839e-01   4.778316e+00   9.999976e-01   4.778319e+00   4.778322e+00
1     3.776930e+01   9.999994e-01   3.006202e-06   0.000000e+00   0.000000e+00   4.927003e-01   4.841194e+00   9.999976e-01   4.841197e+00   4.841200e+00
1     3.777933e+01   9.999994e-01   3.007273e-06   0.000000e+00   0.000000e+00   4.928393e-01   4.904050e+00   9.999976e-01   4.904053e+00   4.904056e+00
1     3.778935e+01   9.999994e-01   3.008315e-06   0.000000e+00   0.000000e+00   4.930003e-01   4.966885e+00   9.999976e-01   4.966888e+00   4.966891e+00
1     3.779938e+01   9.999994e-01   3.009326e-06   0.000000e+00   0.000000e+00   4.931825e-01   5.029698e+00   9.999976e-01   5.029701e+00   5.029703e+00
1     3.780940e+01   9.999994e-01   3.010300e-06   0.000000e+00   0.000000e+00   4.933853e-01   5.092490e+00   9.999976e-01   5.092493e+00   5.092496e+00
1     3.781943e+01   9.999994e-01   3.011234e-06   0.000000e+00   0.000000e+00   4.936079e-01   5.155263e+00   9.999976e-01   5.155266e+00   5.155268e+00
1     3.782945e+01   9.999994e-01   3.012125e-06   0.000000e+00   0.000000e+00   4.938493e-01   5.218017e+00   9.999976e-01   5.218019e+00   5.218022e+00
1     3.783948e+01   9.999994e-01   3.012970e-06   0.000000e+00   0.000000e+00   4.941086e-01   5.280753e+00   9.999976e-01   5.280755e+00   5.280758e+00
1     3.784951e+01   9.999994e-01   3.013763e-06   0.000000e+00   0.000000e+00   4.943848e-01   5.343472e+00   9.999976e-01   5.343474e+00   5.343477e+00
1     3.785953e+01   9.999994e-01   3.014504e-06   0.000000e+00   0.000000e+00   4.946768e-01   5.406175e+00   9.999976e-01   5.406178e+00   5.406180e+00
1     3.786956e+01   9.999994e-01   3.015188e-06   0.000000e+00   0.000000e+00   4.949834e-01   5.468864e+00   9.999976e-01   5.468866e+00   5.468868e+00
1     3.787958e+01   9.999994e-01   3.015814e-06   0.000000e+00   0.000000e+00   4.953035e-01   5.531539e+00   9.999976e-01   5.531541e+00   5.531543e+00
1     3.788961e+01   9.999994e-01   3.016378e-06   0.000000e+00   0.000000e+00   4.956358e-01   5.594202e+00   9.999976e-01   5.594204e+00   5.594206e+00
1     3.789964e+01   9.999994e-01   3.016879e-06   0.000000e+00   0.000000e+00   4.959790e-01   5.656855e+00   9.999976e-01   5.656856e+00   5.656858e+00
1     3.790966e+01   9.999994e-01   3.017315e-06   0.000000e+00   0.000000e+00   4.963317e-01   5.719497e+00   9.999976e-01   5.719499e+00   5.719501e+00
1     3.791969e+01   9.999994e-01   3.017684e-06   0.000000e+00   0.000000e+00   4.966927e-01   5.782132e+00   9.999976e-01   5.782133e+00   5.782135e+00
1     3.792971e+01   9.999994e-01   3.017984e-06   0.000000e+00   0.000000e+00   4.970605e-01   5.844759e+00   9.999976e-01   5.844761e+00   5.844762e+00
1     3.793974e+01   9.999994e-01   3.018215e-06   0.000000e+00   0.000000e+00   4.974337e-01   5.907382e+00   9.999976e-01   5.907383e+00   5.907384e+00
1     3.794977e+01   9.999994e-01   3.018375e-06   0.000000e+00   0.000000e+00   4.978108e-01   5.970000e+00   9.999976e-01   5.970001e+00   5.970002e+00
1     3.795979e+01   9.999994e-01   3.018464e-06   0.000000e+00   0.000000e+00   4.981905e-01   6.032616e+00   9.999976e-01   6.032617e+00   6.032617e+00
1     3.796982e+01   9.999994e-01   3.018482e-06   0.000000e+00   0.000000e+00   4.985711e-01   6.095231e+00   9.999976e-01   6.095231e+00   6.095232e+00
1     3.797984e+01   9.999994e-01   3.018428e-06   0.000000e+00   0.000000e+00   4.989514e-01   6.157846e+00   9.999976e-01   6.157846e+00   6.157847e+00
1     3.798987e+01   9.999994e-01   3.018303e-06   0.000000e+00   0.000000e+00   4.993297e-01   6.220463e+00   9.999976e-01   6.220463e+00   6.220464e+00
1     3.799990e+01   9.999994e-01   3.018107e-06   0.000000e+00   0.000000e+00   4.997046e-01   6.283084e+00   9.999976e-01   6.283084e+00   6.283084e+00
1     3.800992e+01   9.999994e-01   3.017842e-06   0.000000e+00   0.000000e+00   5.000748e-01   6.252385e-02   9.999976e-01   6.252366e-02   6.252348e-02
1     3.801995e+01   9.999994e-01   3.017507e-06   0.000000e+00   0.000000e+00   5.004387e-01   1.251555e-01   9.999976e-01   1.251551e-01   1.251547e-01
1     3.802997e+01   9.999994e-01   3.017105e-06   0.000000e+00   0.000000e+00   5.007949e-01   1.877947e-01   9.999976e-01   1.877941e-01   1.877936e-01
1     3.803875e+01   9.999994e-01   3.016698e-06   0.000000e+00   0.000000e+00   5.010993e-01   2.426114e-01   9.999976e-01   2.426107e-01   2.426099e-01
1     3.804877e+01   9.999994e-01   3.016174e-06   0.000000e+00   0.000000e+00   5.014375e-01   3.052687e-01   9.999976e-01   3.052678e-01   3.052669e-01
1     3.805880e+01   9.999994e-01   3.015586e-06   0.000000e+00   0.000000e+00   5.017642e-01   3.679375e-01   9.999976e-01   3.679364e-01   3.679353e-01
1     3.806882e+01   9.999994e-01   3.014939e-06   0.000000e+00   0.000000e+00   5.020781e-01   4.306191e-01   9.999976e-01   4.306178e-01   4.306166e-01
1     3.807885e+01   9.999994e-01   3.014234e-06   0.000000e+00   0.000000e+00   5.023779e-01   4.933148e-01   9.999976e-01   4.933133e-01   4.933119e-01
1     3.808888e+01   9.999994e-01   3.013474e-06   0.000000e+00   0.000000e+00   5.026625e-01   5.560256e-01   9.999976e-01   5.560240e-01   5.560224e-01
1     3.809890e+01   9.999994e-01   3.012661e-06   0.000000e+00   0.000000e+00   5.029307e-01   6.187528e-01   9.999976e-01   6.187511e-01   6.187493e-01
1     3.810893e+01   9.999994e-01   3.011800e-06   0.000000e+00   0.000000e+00   5.031815e-01   6.814974e-01   9.999976e-01   6.814955e-01   6.814936e-01
1     3.811895e+01   9.999994e-01   3.010894e-06   0.000000e+00   0.000000e+00   5.034139e-01   7.442604e-01   9.999976e-01   7.442584e-01   7.442564e-01
1     3.812898e+01   9.999994e-01   3.009945e-06   0.000000e+00   0.000000e+00   5.036270e-01   8.070428e-01   9.999976e-01   8.070406e-01   8.070384e-01
1     3.813901e+01   9.999994e-01   3.008959e-06   0.000000e+00   0.000000e+00   5.038198e-01   8.698453e-01   9.999976e-01   8.698430e-01   8.698407e-01
1     3.814903e+01   9.999994e-01   3.007938e-06   0.000000e+00   0.000000e+00   5.039917e-01   9.326688e-01   9.999976e-01   9.326664e-01   9.326640e-01
1     3.815906e+01   9.999994e-01   3.006887e-06   0.000000e+00   0.000000e+00   5.041419e-01   9.955139e-01   9.999976e-01   9.955114e-01   9.955089e-01
1     3.816908e+01   9.999994e-01   3.005810e-06   0.000000e+00   0.000000e+00   5.042698e-01   1.058381e+00   9.999976e-01   1.058379e+00   1.058376e+00
1     3.817911e+01   9.999994e-01   3.004711e-06   0.000000e+00   0.000000e+00   5.043748e-01   1.121272e+00   9.999976e-01   1.121269e+00   1.121266e+00
1     3.818914e+01   9.999994e-01   3.003594e-06   0.000000e+00   0.000000e+00   5.044566e-01   1.184185e+00   9.999976e-01   1.184182e+00   1.184180e+00
1     3.819916e+01   9.999994e-01   3.002464e-06   0.000000e+00   0.000000e+00   5.045148e-01   1.247122e+00   9.999976e-01   1.247119e+00   1.247116e+00
1     3.820919e+01   9.999994e-01   3.001326e-06   0.000000e+00   0.000000e+00   5.045491e-01   1.310083e+00   9.999976e-01   1.310080e+00   1.310077e+00
1     3.821921e+01   9.999994e-01   3.000184e-06   0.000000e+00   0.000000e+00   5.045593e-01   1.373068e+00   9.999976e-01   1.373065e+00   1.373062e+00
1     3.822924e+01   9.999994e-01   2.999042e-06   0.000000e+00   0.000000e+00   5.045455e-01   1.436077e+00   9.999976e-01   1.436074e+00   1.436071e+00
1     3.823927e+01   9.999994e-01   2.997905e-06   0.000000e+00   0.000000e+00   5.045075e-01   1.499110e+00   9.999976e-01   1.499107e+00   1.499104e+00
1     3.824929e+01   9.999994e-01   2.996778e-06   0.000000e+00   0.000000e+00   5.044456e-01   1.562167e+00   9.999976e-01   1.562164e+00   1.562161e+00
1     3.825932e+01   9.999994e-01   2.995665e-06   0.000000e+00   0.000000e+00   5.043599e-01   1.625248e+00   9.999976e-01   1.625245e+00   1.625242e+00
1     3.826934e+01   9.999994e-01   2.994570e-06   0.000000e+00   0.000000e+00   5.042507e-01   1.688352e+00   9.999976e-01   1.688349e+00   1.688346e+00
1     3.827937e+01   9.999994e-01   2.993499e-06   0.000000e+00   0.000000e+00   5.041185e-01   1.751480e+00   9.999976e-01   1.751477e+00   1.751474e+00
1     3.828940e+01   9.999994e-01   2.992455e-06   0.000000e+00   0.000000e+00   5.039638e-01   1.814629e+00   9.999976e-01   1.814626e+00   1.814624e+00
1     3.829942e+01   9.999994e-01   2.991443e-06   0.000000e+00   0.000000e+00   5.037871e-01   1.877801e+00   9.999976e-01   1.877798e+00   1.877795e+00
1     3.830945e+01   9.999994e-01   2.990466e-06   0.000000e+00   0.000000e+00   5.035892e-01   1.940994e+00   9.999976e-01   1.940991e+00   1.940988e+00
1     3.831947e+01   9.999994e-01   2.989529e-06   0.000000e+00   0.000000e+00   5.033708e-01   2.004207e+00   9.999976e-01   2.004205e+00   2.004202e+00
1     3.832950e+01   9.999994e-01   2.988635e-06   0.000000e+00   0.000000e+00   5.031328e-01   2.067440e+00   9.999976e-01   2.067438e+00   2.067435e+00
1     3.833953e+01   9.999994e-01   2.987789e-06   0.000000e+00   0.000000e+00   5.028761e-01   2.130692e+00   9.999976e-01   2.130689e+00   2.130687e+00
1     3.834955e+01   9.999994e-01   2.986993e-06   0.000000e+00   0.000000e+00   5.026018e-01   2.193961e+00   9.999976e-01   2.193959e+00   2.193956e+00
1     3.835958e+01   9.999994e-01   2.986251e-06   0.000000e+00   0.000000e+00   5.023109e-01   2.257247e+00   9.999976e-01   2.257245e+00   2.257242e+00
1     3.836960e+01   9.999994e-01   2.985565e-06   0.000000e+00   0.000000e+00   5.020047e-01   2.320548e+00   9.999976e-01   2.320546e+00   2.320544e+00
1     3.837963e+01   9.999994e-01   2.984940e-06   0.000000e+00   0.000000e+00   5.016844e-01   2.383863e+00   9.999976e-01   2.383861e+00   2.383859e+00
1     3.838966e+01   9.999994e-01   2.984376e-06   0.000000e+00   0.000000e+00   5.013512e-01   2.447191e+00   9.999976e-01   2.447189e+00   2.447187e+00
1     3.839968e+01   9.999994e-01   2.983877e-06   0.000000e+00   0.000000e+00   5.010065e-01   2.510531e+00   9.999976e-01   2.510529e+00   2.510527e+00
1     3.840971e+01   9.999994e-01   2.983444e-06   0.000000e+00   0.000000e+00   5.006517e-01   2.573880e+00   9.999976e-01   2.573879e+00   2.573877e+00
1     3.841973e+01   9.999994e-01   2.983080e-06   0.000000e+00   0.000000e+00   5.002882e-01   2.637239e+00   9.999976e-01   2.637237e+00   2.637236e+00
1     3.842976e+01   9.999994e-01   2.982786e-06   0.000000e+00   0.000000e+00   4.999176e-01   2.700604e+00   9.999976e-01   2.700603e+00   2.700601e+00
1     3.843979e+01   9.999994e-01   2.982562e-06   0.000000e+00   0.000000e+00   4.995413e-01   2.763975e+00   9.999976e-01   2.763974e+00   2.763973e+00
1     3.844981e+01   9.999994e-01   2.982411e-06   0.000000e+00   0.000000e+00   4.991608e-01   2.827350e+00   9.999976e-01   2.827349e+00   2.827348e+00
1     3.845984e+01   9.999994e-01   2.982332e-06   0.000000e+00   0.000000e+00   4.987778e-01   2.890728e+00   9.999976e-01   2.890727e+00   2.890726e+00
1     3.846986e+01   9.999994e-01   2.982326e-06   0.000000e+00   0.000000e+00   4.983938e-01   2.954107e+00   9.999976e-01   2.954106e+00   2.954106e+00
1     3.847989e+01   9.999994e-01   2.982394e-06   0.000000e+00   0.000000e+00   4.980103e-01   3.017485e+00   9.999976e-01   3.017485e+00   3.017484e+00
1     3.848992e+01   9.999994e-01   2.982534e-06   0.000000e+00   0.000000e+00   4.976289e-01   3.080861e+00   9.999976e-01   3.080861e+00   3.080861e+00
1     3.849994e+01   9.999994e-01   2.982746e-06   0.000000e+00   0.000000e+00   4.972512e-01   3.144234e+00   9.999976e-01   3.144234e+00   3.144234e+00
1     3.850997e+01   9.999994e-01   2.983029e-06   0.000000e+00   0.000000e+00   4.968787e-01   3.207601e+00   9.999976e-01   3.207601e+00   3.207601e+00
1     3.851999e+01   9.999994e-01   2.983382e-06   0.000000e+00   0.000000e+00   4.965129e-01   3.270961e+00   9.999976e-01   3.270962e+00   3.270962e+00
1     3.852877e+01   9.999994e-01   2.983748e-06   0.000000e+00   0.000000e+00   4.961995e-01   3.326395e+00   9.999976e-01   3.326396e+00   3.326396e+00
1     3.853879e+01   9.999994e-01   2.984229e-06   0.000000e+00   0.000000e+00   4.958503e-01   3.389739e+00   9.999976e-01   3.389740e+00   3.389741e+00
1     3.854882e+01   9.999994e-01   2.984775e-06   0.000000e+00   0.000000e+00   4.955119e-01   3.453072e+00   9.999976e-01   3.453073e+00   3.453074e+00
1     3.855884e+01   9.999994e-01   2.985384e-06   0.000000e+00   0.000000e+00   4.951858e-01   3.516393e+00   9.999976e-01   3.516394e+00   3.516395e+00
1     3.856887e+01   9.999994e-01   2.986054e-06   0.000000e+00   0.000000e+00   4.948732e-01   3.579700e+00   9.999976e-01   3.579702e+00   3.579703e+00
1     3.857890e+01   9.999994e-01   2.986782e-06   0.000000e+00   0.000000e+00   4.945754e-01   3.642993e+00   9.999976e-01   3.642994e+00   3.642996e+00
1     3.858892e+01   9.999994e-01   2.987565e-06   0.000000e+00   0.000000e+00   4.942936e-01   3.706270e+00   9.999976e-01   3.706271e+00   3.706273e+00
1     3.859895e+01   9.999994e-01   2.988399e-06   0.000000e+00   0.000000e+00   4.940288e-01   3.769529e+00   9.999976e-01   3.769531e+00   3.769533e+00
1     3.860897e+01   9.999994e-01   2.989282e-06   0.000000e+00   0.000000e+00   4.937822e-01   3.832771e+00   9.999976e-01   3.832773e+00   3.832774e+00
1     3.861900e+01   9.999994e-01   2.990210e-06   0.000000e+00   0.000000e+00   4.935547e-01   3.895993e+00   9.999976e-01   3.895995e+00   3.895997e+00
1     3.862903e+01   9.999994e-01   2.991179e-06   0.000000e+00   0.000000e+00   4.933473e-01   3.959195e+00   9.999976e-01   3.959198e+00   3.959200e+00
1     3.863905e+01   9.999994e-01   2.992186e-06   0.000000e+00   0.000000e+00   4.931606e-01   4.022377e+00   9.999976e-01   4.022379e+00   4.022381e+00
1     3.864908e+01   9.999994e-01   2.993226e-06   0.000000e+00   0.000000e+00   4.929955e-01   4.085537e+00   9.999976e-01   4.085539e+00   4.085542e+00
1     3.865910e+01   9.999994e-01   2.994295e-06   0.000000e+00   0.000000e+00   4.928525e-01   4.148675e+00   9.999976e-01   4.148677e+00   4.148680e+00
1     3.866913e+01   9.999994e-01   2.995389e-06   0.000000e+00   0.000000e+00   4.927322e-01   4.211790e+00   9.999976e-01   4.211793e+00   4.211795e+00
1     3.867916e+01   9.999994e-01   2.996503e-06   0.000000e+00   0.000000e+00   4.926351e-01   4.274882e+00   9.999976e-01   4.274885e+00   4.274887e+00
1     3.868918e+01   9.999994e-01   2.997634e-06   0.000000e+00   0.000000e+00   4.925615e-01   4.337951e+00   9.999976e-01   4.337953e+00   4.337956e+00
1     3.869921e+01   9.999994e-01   2.998777e-06   0.000000e+00   0.000000e+00   4.925116e-01   4.400995e+00   9.999976e-01   4.400998e+00   4.401001e+00
1     3.870923e+01   9.999994e-01   2.999926e-06   0.000000e+00   0.000000e+00   4.924857e-01   4.464016e+00   9.999976e-01   4.464019e+00   4.464022e+00
1     3.871926e+01   9.999994e-01   3.001079e-06   0.000000e+00   0.000000e+00   4.924838e-01   4.527013e+00   9.999976e-01   4.527016e+00   4.527019e+00
1     3.872928e+01   9.999994e-01   3.002229e-06   0.000000e+00   0.000000e+00   4.925058e-01   4.589986e+00   9.999976e-01   4.589989e+00   4.589992e+00
1     3.873931e+01   9.999994e-01   3.003374e-06   0.000000e+00   0.000000e+00   4.925516e-01   4.652936e+00   9.999976e-01   4.652939e+00   4.652942e+00
1     3.874934e+01   9.999994e-01   3.004508e-06   0.000000e+00   0.000000e+00   4.926211e-01   4.715861e+00   9.999976e-01   4.715864e+00   4.715867e+00
1     3.875936e+01   9.999994e-01   3.005626e-06   0.000000e+00   0.000000e+00   4.927139e-01   4.778764e+00   9.999976e-01   4.778767e+00   4.778770e+00
1     3.876939e+01   9.999994e-01   3.006725e-06   0.000000e+00   0.000000e+00   4.928297e-01   4.841643e+00   9.999976e-01   4.841646e+00   4.841649e+00
1     3.877941e+01   9.999994e-01   3.007800e-06   0.000000e+00   0.000000e+00   4.929679e-01   4.904500e+00   9.999976e-01   4.904503e+00   4.904506e+00
1     3.878944e+01   9.999994e-01   3.008848e-06   0.000000e+00   0.000000e+00   4.931279e-01   4.967335e+00   9.999976e-01   4.967338e+00   4.967341e+00
1     3.879947e+01   9.999994e-01   3.009863e-06   0.000000e+00   0.000000e+00   4.933093e-01   5.030149e+00   9.999976e-01   5.030152e+00   5.030155e+00
1     3.880949e+01   9.999994e-01   3.010842e-06   0.000000e+00   0.000000e+00   4.935111e-01   5.092942e+00   9.999976e-01   5.092945e+00   5.092948e+00
1     3.881952e+01   9.999994e-01   3.011782e-06   0.000000e+00   0.000000e+00   4.937327e-01   5.155716e+00   9.999976e-01   5.155719e+00   5.155722e+00
1     3.882954e+01   9.999994e-01   3.012678e-06   0.000000e+00   0.000000e+00   4.939731e-01   5.218471e+00   9.999976e-01   5.218474e+00   5.218476e+00
1     3.883957e+01   9.999994e-01   3.013528e-06   0.000000e+00   0.000000e+00   4.942314e-01   5.281208e+00   9.999976e-01   5.281211e+00   5.281213e+00
1     3.884960e+01   9.999994e-01   3.014327e-06   0.000000e+00   0.000000e+00   4.945066e-01   5.343928e+00   9.999976e-01   5.343931e+00   5.343933e+00
1     3.885962e+01   9.999994e-01   3.015074e-06   0.000000e+00   0.000000e+00   4.947976e-01   5.406633e+00   9.999976e-01   5.406635e+00   5.406637e+00
1     3.886965e+01   9.999994e-01   3.015764e-06   0.000000e+00   0.000000e+00   4.951033e-01   5.469322e+00   9.999976e-01   5.469324e+00   5.469327e+00
1     3.887967e+01   9.999994e-01   3.016396e-06   0.000000e+00   0.000000e+00   4.954225e-01   5.531998e+00   9.999976e-01   5.532001e+00   5.532003e+00
1     3.888970e+01   9.999994e-01   3.016966e-06   0.000000e+00   0.000000e+00   4.957539e-01   5.594662e+00   9.999976e-01   5.594664e+00   5.594666e+00
1     3.889973e+01   9.999994e-01   3.017474e-06   0.000000e+00   0.000000e+00   4.960962e-01   5.657316e+00   9.999976e-01   5.657317e+00   5.657319e+00
1     3.890975e+01   9.999994e-01   3.017916e-06   0.000000e+00   0.000000e+00   4.964483e-01   5.719959e+00   9.999976e-01   5.719961e+00   5.719962e+00
1     3.891978e+01   9.999994e-01   3.018291e-06   0.000000e+00   0.000000e+00   4.968085e-01   5.782594e+00   9.999976e-01   5.782596e+00   5.782597e+00
1     3.892980e+01   9.999994e-01   3.018598e-06   0.000000e+00   0.000000e+00   4.971757e-01   5.845222e+00   9.999976e-01   5.845224e+00   5.845225e+00
1     3.893983e+01   9.999994e-01   3.018836e-06   0.000000e+00   0.000000e+00   4.975484e-01   5.907845e+00   9.999976e-01   5.907846e+00   5.907847e+00
1     3.894986e+01   9.999994e-01   3.019003e-06   0.000000e+00   0.000000e+00   4.979251e-01   5.970464e+00   9.999976e-01   5.970465e+00   5.970466e+00
1     3.895988e+01   9.999994e-01   3.019099e-06   0.000000e+00   0.000000e+00   4.983044e-01   6.033080e+00   9.999976e-01   6.033081e+00   6.033082e+00
1     3.896991e+01   9.999994e-01   3.019124e-06   0.000000e+00   0.000000e+00   4.986849e-01   6.095695e+00   9.999976e-01   6.095696e+00   6.095696e+00
1     3.897993e+01   9.999994e-01   3.019077e-06   0.000000e+00   0.000000e+00   4.990650e-01   6.158311e+00   9.999976e-01   6.158311e+00   6.158311e+00
1     3.898996e+01   9.999994e-01   3.018959e-06   0.000000e+00   0.000000e+00   4.994433e-01   6.220928e+00   9.999976e-01   6.220928e+00   6.220928e+00
1     3.899999e+01   9.999994e-01   3.018770e-06   0.000000e+00   0.000000e+00   4.998184e-01   3.629274e-04   9.999976e-01   3.629263e-04   3.629252e-04
1     3.900876e+01   9.999994e-01   3.018547e-06   0.000000e+00   0.000000e+00   5.001427e-01   5.515964e-02   9.999976e-01   5.515947e-02   5.515931e-02
1     3.901878e+01   9.999994e-01   3.018227e-06   0.000000e+00   0.000000e+00   5.005077e-01   1.177901e-01   9.999976e-01   1.177898e-01   1.177894e-01
1     3.902881e+01   9.999994e-01   3.017839e-06   0.000000e+00   0.000000e+00   5.008654e-01   1.804280e-01   9.999976e-01   1.804274e-01   1.804269e-01
1     3.903884e+01   9.999994e-01   3.017385e-06   0.000000e+00   0.000000e+00   5.012142e-01   2.430746e-01   9.999976e-01   2.430739e-01   2.430732e-01
1     3.904886e+01   9.999994e-01   3.016865e-06   0.000000e+00   0.000000e+00   5.015529e-01   3.057314e-01   9.999976e-01   3.057305e-01   3.057296e-01
1     3.905889e+01   9.999994e-01   3.016283e-06   0.000000e+00   0.000000e+00   5.018802e-01   3.683996e-01   9.999976e-01   3.683986e-01   3.683975e-01
1     3.906891e+01   9.999994e-01   3.015641e-06   0.000000e+00   0.000000e+00   5.021947e-01   4.310806e-01   9.999976e-01   4.310794e-01   4.310781e-01
1     3.907894e+01   9.999994e-01   3.014940e-06   0.000000e+00   0.000000e+00   5.024951e-01   4.937756e-01   9.999976e-01   4.937742e-01   4.937727e-01
1     3.908897e+01   9.999994e-01   3.014184e-06   0.000000e+00   0.000000e+00   5.027805e-01   5.564857e-01   9.999976e-01   5.564841e-01   5.564825e-01
1     3.909899e+01   9.999994e-01   3.013376e-06   0.000000e+00   0.000000e+00   5.030495e-01   6.192121e-01   9.999976e-01   6.192104e-01   6.192086e-01
1     3.910902e+01   9.999994e-01   3.012519e-06   0.000000e+00   0.000000e+00   5.033012e-01   6.819559e-01   9.999976e-01   6.819540e-01   6.819521e-01
1     3.911904e+01   9.999994e-01   3.011616e-06   0.000000e+00   0.000000e+00   5.035345e-01   7.447180e-01   9.999976e-01   7.447160e-01   7.447139e-01
1     3.912907e+01   9.999994e-01   3.010671e-06   0.000000e+00   0.000000e+00   5.037485e-01   8.074994e-01   9.999976e-01   8.074972e-01   8.074950e-01
1     3.913910e+01   9.999994e-01   3.009688e-06   0.000000e+00   0.000000e+00   5.039423e-01   8.703009e-01   9.999976e-01   8.702986e-01   8.702963e-01
1     3.914912e+01   9.999994e-01   3.008670e-06   0.000000e+00   0.000000e+00   5.041152e-01   9.331234e-01   9.999976e-01   9.331210e-01   9.331185e-01
1     3.915915e+01   9.999994e-01   3.007621e-06   0.000000e+00   0.000000e+00   5.042665e-01   9.959675e-01   9.999976e-01   9.959649e-01   9.959624e-01
1     3.916917e+01   9.999994e-01   3.006546e-06   0.000000e+00   0.000000e+00   5.043954e-01   1.058834e+00   9.999976e-01   1.058831e+00   1.058829e+00
1     3.917920e+01   9.999994e-01   3.005448e-06   0.000000e+00   0.000000e+00   5.045016e-01   1.121723e+00   9.999976e-01   1.121720e+00   1.121718e+00
1     3.918923e+01   9.999994e-01   3.004333e-06   0.000000e+00   0.000000e+00   5.045844e-01   1.184635e+00   9.999976e-01   1.184633e+00   1.184630e+00
1     3.919925e+01   9.999994e-01   3.003205e-06   0.000000e+00   0.000000e+00   5.046436e-01   1.247571e+00   9.999976e-01   1.247569e+00   1.247566e+00
1     3.920928e+01   9.999994e-01   3.002067e-06   0.000000e+00   0.000000e+00   5.046790e-01   1.310531e+00   9.999976e-01   1.310528e+00   1.310526e+00
1     3.921930e+01   9.999994e-01   3.000925e-06   0.000000e+00   0.000000e+00   5.046903e-01   1.373515e+00   9.999976e-01   1.373512e+00   1.373509e+00
1     3.922933e+01   9.999994e-01   2.999784e-06   0.000000e+00   0.000000e+00   5.046774e-01   1.436523e+00   9.999976e-01   1.436520e+00   1.436517e+00
1     3.923936e+01   9.999994e-01   2.998647e-06   0.000000e+00   0.000000e+00   5.046404e-01   1.499555e+00   9.999976e-01   1.499552e+00   1.499549e+00
1     3.924938e+01   9.999994e-01   2.997520e-06   0.000000e+00   0.000000e+00   5.045795e-01   1.562611e+00   9.999976e-01   1.562608e+00   1.562605e+00
1     3.925941e+01   9.999994e-01   2.996407e-06   0.000000e+00   0.000000e+00   5.044948e-01   1.625691e+00   9.999976e-01   1.625688e+00   1.625685e+00
1     3.926943e+01   9.999994e-01   2.995312e-06   0.000000e+00   0.000000e+00   5.043866e-01   1.688795e+00   9.999976e-01   1.688792e+00   1.688789e+00
1     3.927946e+01   9.999994e-01   2.994240e-06   0.000000e+00   0.000000e+00   5.042554e-01   1.751921e+00   9.999976e-01   1.751918e+00   1.751915e+00
1     3.928949e+01   9.999994e-01   2.993195e-06   0.000000e+00   0.000000e+00   5.041016e-01   1.815070e+00   9.999976e-01   1.815067e+00   1.815064e+00
1     3.929951e+01   9.999994e-01   2.992182e-06   0.000000e+00   0.000000e+00   5.039259e-01   1.878240e+00   9.999976e-01   1.878238e+00   1.878235e+00
1     3.930954e+01   9.999994e-01   2.991204e-06   0.000000e+00   0.000000e+00   5.037289e-01   1.941432e+00   9.999976e-01   1.941430e+00   1.941427e+00
1     3.931956e+01   9.999994e-01   2.990265e-06   0.000000e+00   0.000000e+00   5.035115e-01   2.004645e+00   9.999976e-01   2.004642e+00   2.004639e+00
1     3.932959e+01   9.999994e-01   2.989369e-06   0.000000e+00   0.000000e+00   5.032744e-01   2.067877e+00   9.999976e-01   2.067874e+00   2.067872e+00
1     3.933962e+01   9.999994e-01   2.988521e-06   0.000000e+00   0.000000e+00   5.030186e-01   2.131127e+00   9.999976e-01   2.131125e+00   2.131122e+00
1     3.934964e+01   9.999994e-01   2.987723e-06   0.000000e+00   0.000000e+00   5.027452e-01   2.194396e+00   9.999976e-01   2.194393e+00   2.194391e+00
1     3.935967e+01   9.999994e-01   2.986978e-06   0.000000e+00   0.000000e+00   5.024553e-01   2.257681e+00   9.999976e-01   2.257678e+00   2.257676e+00
1     3.936969e+01   9.999994e-01   2.986290e-06   0.000000e+00   0.000000e+00   5.021499e-01   2.320981e+00   9.999976e-01   2.320979e+00   2.320977e+00
1     3.937972e+01   9.999994e-01   2.985661e-06   0.000000e+00   0.000000e+00   5.018304e-01   2.384295e+00   9.999976e-01   2.384293e+00   2.384291e+00
1     3.938975e+01   9.999994e-01   2.985094e-06   0.000000e+00   0.000000e+00   5.014980e-01   2.447622e+00   9.999976e-01   2.447621e+00   2.447619e+00
1     3.939977e+01   9.999994e-01   2.984592e-06   0.000000e+00   0.000000e+00   5.011541e-01   2.510961e+00   9.999976e-01   2.510959e+00   2.510958e+00
1     3.940980e+01   9.999994e-01   2.984156e-06   0.000000e+00   0.000000e+00   5.008001e-01   2.574310e+00   9.999976e-01   2.574308e+00   2.574307e+00
1     3.941982e+01   9.999994e-01   2.983788e-06   0.000000e+00   0.000000e+00   5.004374e-01   2.637668e+00   9.999976e-01   2.637666e+00   2.637665e+00
1     3.942985e+01   9.999994e-01   2.983490e-06   0.000000e+00   0.000000e+00   5.000674e-01   2.701032e+00   9.999976e-01   2.701031e+00   2.701030e+00
1     3.943987e+01   9.999994e-01   2.983262e-06   0.000000e+00   0.000000e+00   4.996918e-01   2.764403e+00   9.999976e-01   2.764402e+00   2.764400e+00
1     3.944990e+01   9.999994e-01   2.983106e-06   0.000000e+00   0.000000e+00   4.993120e-01   2.827777e+00   9.999976e-01   2.827776e+00   2.827775e+00
1     3.945993e+01   9.999994e-01   2.983023e-06   0.000000e+00   0.000000e+00   4.989295e-01   2.891154e+00   9.999976e-01   2.891154e+00   2.891153e+00
1     3.946995e+01   9.999994e-01   2.983013e-06   0.000000e+00   0.000000e+00   4.985460e-01   2.954533e+00   9.999976e-01   2.954532e+00   2.954532e+00
1     3.947998e+01   9.999994e-01   2.983075e-06   0.000000e+00   0.000000e+00   4.981630e-01   3.017911e+00   9.999976e-01   3.017910e+00   3.017910e+00
1     3.948875e+01   9.999994e-01   2.983189e-06   0.000000e+00   0.000000e+00   4.978295e-01   3.073364e+00   9.999976e-01   3.073364e+00   3.073364e+00
1     3.949878e+01   9.999994e-01   2.983386e-06   0.000000e+00   0.000000e+00   4.974515e-01   3.136737e+00   9.999976e-01   3.136737e+00   3.136737e+00
1     3.950880e+01   9.999994e-01   2.983655e-06   0.000000e+00   0.000000e+00   4.970785e-01   3.200105e+00   9.999976e-01   3.200105e+00   3.200105e+00
1     3.951883e+01   9.999994e-01   2.983994e-06   0.000000e+00   0.000000e+00   4.967120e-01   3.263466e+00   9.999976e-01   3.263467e+00   3.263467e+00
1     3.952886e+01   9.999994e-01   2.984402e-06   0.000000e+00   0.000000e+00   4.963534e-01   3.326820e+00   9.999976e-01   3.326820e+00   3.326821e+00
1     3.953888e+01   9.999994e-01   2.984877e-06   0.000000e+00   0.000000e+00   4.960041e-01   3.390164e+00   9.999976e-01   3.390164e+00   3.390165e+00
1     3.954891e+01   9.999994e-01   2.985418e-06   0.000000e+00   0.000000e+00   4.956657e-01   3.453497e+00   9.999976e-01   3.453498e+00   3.453499e+00
1     3.955893e+01   9.999994e-01   2.986021e-06   0.000000e+00   0.000000e+00   4.953394e-01   3.516818e+00   9.999976e-01   3.516819e+00   3.516820e+00
1     3.956896e+01   9.999994e-01   2.986685e-06   0.000000e+00   0.000000e+00   4.950266e-01   3.580125e+00   9.999976e-01   3.580127e+00   3.580128e+00
1     3.957899e+01   9.999994e-01   2.987407e-06   0.000000e+00   0.000000e+00   4.947286e-01   3.643418e+00   9.999976e-01   3.643420e+00   3.643421e+00
1     3.958901e+01   9.999994e-01   2.988184e-06   0.000000e+00   0.000000e+00   4.944465e-01   3.706695e+00   9.999976e-01   3.706697e+00   3.706698e+00
1     3.959904e+01   9.999994e-01   2.989013e-06   0.000000e+00   0.000000e+00   4.941814e-01   3.769955e+00   9.999976e-01   3.769957e+00   3.769958e+00
1     3.960906e+01   9.999994e-01   2.989891e-06   0.000000e+00   0.000000e+00   4.939345e-01   3.833197e+00   9.999976e-01   3.833199e+00   3.833201e+00
1     3.961909e+01   9.999994e-01   2.990813e-06   0.000000e+00   0.000000e+00   4.937066e-01   3.896419e+00   9.999976e-01   3.896421e+00   3.896424e+00
1     3.962911e+01   9.999994e-01   2.991777e-06   0.000000e+00   0.000000e+00   4.934987e-01   3.959622e+00   9.999976e-01   3.959624e+00   3.959627e+00
1     3.963914e+01   9.999994e-01   2.992778e-06   0.000000e+00   0.000000e+00   4.933116e-01   4.022804e+00   9.999976e-01   4.022806e+00   4.022809e+00
1     3.964917e+01   9.999994e-01   2.993813e-06   0.000000e+00   0.000000e+00   4.931460e-01   4.085965e+00   9.999976e-01   4.085967e+00   4.085970e+00
1     3.965919e+01   9.999994e-01   2.994877e-06   0.000000e+00   0.000000e+00   4.930025e-01   4.149103e+00   9.999976e-01   4.149106e+00   4.149108e+00
1     3.966922e+01   9.999994e-01   2.995966e-06   0.000000e+00   0.000000e+00   4.928818e-01   4.212219e+00   9.999976e-01   4.212221e+00   4.212224e+00
1     3.967924e+01   9.999994e-01   2.997076e-06   0.000000e+00   0.000000e+00   4.927842e-01   4.275311e+00   9.999976e-01   4.275314e+00   4.275317e+00
1     3.968927e+01   9.999994e-01   2.998202e-06   0.000000e+00   0.000000e+00   4.927101e-01   4.338380e+00   9.999976e-01   4.338383e+00   4.338386e+00
1     3.969930e+01   9.999994e-01   2.999340e-06   0.000000e+00   0.000000e+00   4.926599e-01   4.401426e+00   9.999976e-01   4.401428e+00   4.401431e+00
1     3.970932e+01   9.999994e-01   3.000486e-06   0.000000e+00   0.000000e+00   4.926335e-01   4.464447e+00   9.999976e-01   4.464450e+00   4.464453e+00
1     3.971935e+01   9.999994e-01   3.001634e-06   0.000000e+00   0.000000e+00   4.926313e-01   4.527444e+00   9.999976e-01   4.527447e+00   4.527450e+00
1     3.972937e+01   9.999994e-01   3.002780e-06   0.000000e+00   0.000000e+00   4.926530e-01   4.590418e+00   9.999976e-01   4.590421e+00   4.590423e+00
1     3.973940e+01   9.999994e-01   3.003920e-06   0.000000e+00   0.000000e+00   4.926987e-01   4.653367e+00   9.999976e-01   4.653370e+00   4.653373e+00
1     3.974943e+01   9.999994e-01   3.005049e-06   0.000000e+00   0.000000e+00   4.927680e-01   4.716293e+00   9.999976e-01   4.716296e+00   4.716299e+00
1     3.975945e+01   9.999994e-01   3.006164e-06   0.000000e+00   0.000000e+00   4.928607e-01   4.779195e+00   9.999975e-01   4.779198e+00   4.779201e+00
1     3.976948e+01   9.999994e-01   3.007258e-06   0.000000e+00   0.000000e+00   4.929765e-01   4.842075e+00   9.999975e-01   4.842078e+00   4.842081e+00
1     3.977950e+01   9.999994e-01   3.008329e-06   0.000000e+00   0.000000e+00   4.931147e-01   4.904931e+00   9.999975e-01   4.904934e+00   4.904937e+00
1     3.978953e+01   9.999994e-01   3.009371e-06   0.000000e+00   0.000000e+00   4.932749e-01   4.967766e+00   9.999975e-01   4.967769e+00   4.967772e+00
1     3.979956e+01   9.999994e-01   3.010381e-06   0.000000e+00   0.000000e+00   4.934564e-01   5.030580e+00   9.999975e-01   5.030583e+00   5.030586e+00
1     3.980958e+01   9.999994e-01   3.011355e-06   0.000000e+00   0.000000e+00   4.936585e-01   5.093373e+00   9.999975e-01   5.093376e+00   5.093379e+00
1     3.981961e+01   9.999994e-01   3.012290e-06   0.000000e+00   0.000000e+00   4.938803e-01   5.156147e+00   9.999975e-01   5.156150e+00   5.156152e+00
1     3.982963e+01   9.999994e-01   3.013180e-06   0.000000e+00   0.000000e+00   4.941210e-01   5.218901e+00   9.999975e-01   5.218904e+00   5.218907e+00
1     3.983966e+01   9.999994e-01   3.014024e-06   0.000000e+00   0.000000e+00   4.943796e-01   5.281638e+00   9.999975e-01   5.281641e+00   5.281643e+00
1     3.984969e+01   9.999994e-01   3.014817e-06   0.000000e+00   0.000000e+00   4.946551e-01   5.344358e+00   9.999975e-01   5.344360e+00   5.344363e+00
1     3.985971e+01   9.999994e-01   3.015557e-06   0.000000e+00   0.000000e+00   4.949464e-01   5.407062e+00   9.999975e-01   5.407064e+00   5.407067e+00
1     3.986974e+01   9.999994e-01   3.016241e-06   0.000000e+00   0.000000e+00   4.952524e-01   5.469752e+00   9.999975e-01   5.469754e+00   5.469756e+00
1     3.987976e+01   9.999994e-01   3.016866e-06   0.000000e+00   0.000000e+00   4.955718e-01   5.532427e+00   9.999975e-01   5.532430e+00   5.532432e+00
1     3.988979e+01   9.999994e-01   3.017430e-06   0.000000e+00   0.000000e+00   4.959035e-01   5.595091e+00   9.999975e-01   5.595093e+00   5.595095e+00
1     3.989982e+01   9.999994e-01   3.017930e-06   0.000000e+00   0.000000e+00   4.962461e-01   5.657744e+00   9.999975e-01   5.657746e+00   5.657748e+00
1     3.990984e+01   9.999994e-01   3.018364e-06   0.000000e+00   0.000000e+00   4.965982e-01   5.720387e+00   9.999975e-01   5.720389e+00   5.720391e+00
1     3.991987e+01   9.999994e-01   3.018732e-06   0.000000e+00   0.000000e+00   4.969587e-01   5.783022e+00   9.999975e-01   5.783024e+00   5.783025e+00
1     3.992989e+01   9.999994e-01   3.019030e-06   0.000000e+00   0.000000e+00   4.973259e-01   5.845651e+00   9.999975e-01   5.845652e+00   5.845653e+00
1     3.993992e+01   9.999994e-01   3.019259e-06   0.000000e+00   0.000000e+00   4.976986e-01   5.908273e+00   9.999975e-01   5.908274e+00   5.908276e+00
1     3.994995e+01   9.999994e-01   3.019418e-06   0.000000e+00   0.000000e+00   4.980752e-01   5.970892e+00   9.999975e-01   5.970893e+00   5.970894e+00
1     3.995997e+01   9.999994e-01   3.019505e-06   0.000000e+00   0.000000e+00   4.984542e-01   6.033509e+00   9.999975e-01   6.033509e+00   6.033510e+00
1     3.997000e+01   9.999994e-01   3.019521e-06   0.000000e+00   0.000000e+00   4.988344e-01   6.096124e+00   9.999975e-01   6.096125e+00   6.096125e+00
1     3.997877e+01   9.999994e-01   3.019476e-06   0.000000e+00   0.000000e+00   4.991666e-01   6.150913e+00   9.999975e-01   6.150913e+00   6.150914e+00
1     3.998880e+01   9.999994e-01   3.019358e-06   0.000000e+00   0.000000e+00   4.995447e-01   6.213530e+00   9.999975e-01   6.213530e+00   6.213531e+00
1     3.999882e+01   9.999994e-01   3.019169e-06   0.000000e+00   0.000000e+00   4.999196e-01   6.276151e+00   9.999975e-01   6.276151e+00   6.276151e+00
1     4.000885e+01   9.999994e-01   3.018909e-06   0.000000e+00   0.000000e+00   5.002898e-01   5.559084e-02   9.999975e-01   5.559068e-02   5.559051e-02
1     4.001887e+01   9.999994e-01   3.018580e-06   0.000000e+00   0.000000e+00   5.006540e-01   1.182222e-01   9.999975e-01   1.182218e-01   1.182215e-01
1     4.002890e+01   9.999994e-01   3.018184e-06   0.000000e+00   0.000000e+00   5.010106e-01   1.808610e-01   9.999975e-01   1.808605e-01   1.808600e-01
1     4.003893e+01   9.999994e-01   3.017721e-06   0.000000e+00   0.000000e+00   5.013584e-01   2.435088e-01   9.999975e-01   2.435081e-01   2.435073e-01
1     4.004895e+01   9.999994e-01   3.017194e-06   0.000000e+00   0.000000e+00   5.016959e-01   3.061667e-01   9.999975e-01   3.061658e-01   3.061649e-01
1     4.005898e+01   9.999994e-01   3.016604e-06   0.000000e+00   0.000000e+00   5.020219e-01   3.688362e-01   9.999975e-01   3.688351e-01   3.688341e-01
1     4.006900e+01   9.999994e-01   3.015953e-06   0.000000e+00   0.000000e+00   5.023351e-01   4.315185e-01   9.999975e-01   4.315173e-01   4.315160e-01
1     4.007903e+01   9.999994e-01   3.015245e-06   0.000000e+00   0.000000e+00   5.026342e-01   4.942149e-01   9.999975e-01   4.942135e-01   4.942121e-01
1     4.008906e+01   9.999994e-01   3.014482e-06   0.000000e+00   0.000000e+00   5.029180e-01   5.569265e-01   9.999975e-01   5.569249e-01   5.569233e-01
1     4.009908e+01   9.999994e-01   3.013667e-06   0.000000e+00   0.000000e+00   5.031855e-01   6.196545e-01   9.999975e-01   6.196527e-01   6.196510e-01
1     4.010911e+01   9.999994e-01   3.012803e-06   0.000000e+00   0.000000e+00   5.034355e-01   6.823999e-01   9.999975e-01   6.823980e-01   6.823961e-01
1     4.011913e+01   9.999994e-01   3.011894e-06   0.000000e+00   0.000000e+00   5.036672e-01   7.451636e-01   9.999975e-01   7.451616e-01   7.451595e-01
1     4.012916e+01   9.999994e-01   3.010943e-06   0.000000e+00   0.000000e+00   5.038795e-01   8.079468e-01   9.999975e-01   8.079446e-01   8.079424e-01
1     4.013919e+01   9.999994e-01   3.009954e-06   0.000000e+00   0.000000e+00   5.040715e-01   8.707501e-01   9.999975e-01   8.707478e-01   8.707455e-01
1     4.014921e+01   9.999994e-01   3.008930e-06   0.000000e+00   0.000000e+00   5.042426e-01   9.335743e-01   9.999975e-01   9.335719e-01   9.335695e-01
1     4.015924e+01   9.999994e-01   3.007876e-06   0.000000e+00   0.000000e+00   5.043920e-01   9.964202e-01   9.999975e-01   9.964177e-01   9.964152e-01
1     4.016926e+01   9.999994e-01   3.006797e-06   0.000000e+00   0.000000e+00   5.045192e-01   1.059288e+00   9.999975e-01   1.059286e+00   1.059283e+00
1     4.017929e+01   9.999994e-01   3.005695e-06   0.000000e+00   0.000000e+00   5.046235e-01   1.122179e+00   9.999975e-01   1.122177e+00   1.122174e+00
1     4.018932e+01   9.999994e-01   3.004576e-06   0.000000e+00   0.000000e+00   5.047046e-01   1.185094e+00   9.999975e-01   1.185091e+00   1.185088e+00
1     4.019934e+01   9.999994e-01   3.003444e-06   0.000000e+00   0.000000e+00   5.047621e-01   1.248031e+00   9.999975e-01   1.248029e+00   1.248026e+00
1     4.020937e+01   9.999994e-01   3.002303e-06   0.000000e+00   0.000000e+00   5.047957e-01   1.310993e+00   9.999975e-01   1.310990e+00   1.310987e+00
1     4.021939e+01   9.999994e-01   3.001159e-06   0.000000e+00   0.000000e+00   5.048053e-01   1.373979e+00   9.999975e-01   1.373976e+00   1.373973e+00
1     4.022942e+01   9.999994e-01   3.000014e-06   0.000000e+00   0.000000e+00   5.047908e-01   1.436988e+00   9.999975e-01   1.436985e+00   1.436982e+00
1     4.023945e+01   9.999994e-01   2.998875e-06   0.000000e+00   0.000000e+00   5.047523e-01   1.500022e+00   9.999975e-01   1.500019e+00   1.500016e+00
1     4.024947e+01   9.999994e-01   2.997746e-06   0.000000e+00   0.000000e+00   5.046898e-01   1.563080e+00   9.999975e-01   1.563077e+00   1.563074e+00
1     4.025950e+01   9.999994e-01   2.996631e-06   0.000000e+00   0.000000e+00   5.046036e-01   1.626161e+00   9.999975e-01   1.626158e+00   1.626155e+00
1     4.026952e+01   9.999994e-01   2.995534e-06   0.000000e+00   0.000000e+00   5.044940e-01   1.689266e+00   9.999975e-01   1.689263e+00   1.689260e+00
1     4.027955e+01   9.999994e-01   2.994461e-06   0.000000e+00   0.000000e+00   5.043614e-01   1.752393e+00   9.999975e-01   1.752390e+00   1.752387e+00
1     4.028958e+01   9.999994e-01   2.993415e-06   0.000000e+00   0.000000e+00   5.042064e-01   1.815543e+00   9.999975e-01   1.815540e+00   1.815538e+00
1     4.029960e+01   9.999994e-01   2.992400e-06   0.000000e+00   0.000000e+00   5.040294e-01   1.878715e+00   9.999975e-01   1.878712e+00   1.878710e+00
1     4.030963e+01   9.999994e-01   2.991421e-06   0.000000e+00   0.000000e+00   5.038312e-01   1.941908e+00   9.999975e-01   1.941906e+00   1.941903e+00
1     4.031965e+01   9.999994e-01   2.990482e-06   0.000000e+00   0.000000e+00   5.036126e-01   2.005122e+00   9.999975e-01   2.005119e+00   2.005117e+00
1     4.032968e+01   9.999994e-01   2.989586e-06   0.000000e+00   0.000000e+00   5.033745e-01   2.068355e+00   9.999975e-01   2.068353e+00   2.068350e+00
1     4.033970e+01   9.999994e-01   2.988737e-06   0.000000e+00   0.000000e+00   5.031177e-01   2.131607e+00   9.999975e-01   2.131604e+00   2.131602e+00
1     4.034973e+01   9.999994e-01   2.987938e-06   0.000000e+00   0.000000e+00   5.028434e-01   2.194876e+00   9.999975e-01   2.194874e+00   2.194871e+00
1     4.035976e+01   9.999994e-01   2.987193e-06   0.000000e+00   0.000000e+00   5.025525e-01   2.258162e+00   9.999975e-01   2.258160e+00   2.258157e+00
1     4.036978e+01   9.999994e-01   2.986505e-06   0.000000e+00   0.000000e+00   5.022463e-01   2.321463e+00   9.999975e-01   2.321461e+00   2.321459e+00
1     4.037981e+01   9.999994e-01   2.985876e-06   0.000000e+00   0.000000e+00   5.019260e-01   2.384778e+00   9.999975e-01   2.384776e+00   2.384774e+00
1     4.038983e+01   9.999994e-01   2.985309e-06   0.000000e+00   0.000000e+00   5.015929e-01   2.448106e+00   9.999975e-01   2.448104e+00   2.448102e+00
1     4.039986e+01   9.999994e-01   2.984807e-06   0.000000e+00   0.000000e+00   5.012483e-01   2.511445e+00   9.999975e-01   2.511444e+00   2.511442e+00
1     4.040989e+01   9.999994e-01   2.984371e-06   0.000000e+00   0.000000e+00   5.008937e-01   2.574795e+00   9.999975e-01   2.574793e+00   2.574792e+00
1     4.041991e+01   9.999994e-01   2.984003e-06   0.000000e+00   0.000000e+00   5.005304e-01   2.638153e+00   9.999975e-01   2.638152e+00   2.638150e+00
1     4.042994e+01   9.999994e-01   2.983704e-06   0.000000e+00   0.000000e+00   5.001599e-01   2.701518e+00   9.999975e-01   2.701517e+00   2.701516e+00
1     4.043996e+01   9.999994e-01   2.983476e-06   0.000000e+00   0.000000e+00   4.997837e-01   2.764889e+00   9.999975e-01   2.764888e+00   2.764887e+00
1     4.044999e+01   9.999994e-01   2.983321e-06   0.000000e+00   0.000000e+00   4.994034e-01   2.828264e+00   9.999975e-01   2.828263e+00   2.828263e+00
1     4.045876e+01   9.999994e-01   2.983244e-06   0.000000e+00   0.000000e+00   4.990684e-01   2.883720e+00   9.999975e-01   2.883719e+00   2.883718e+00
1     4.046879e+01   9.999993e-01   2.983224e-06   0.000000e+00   0.000000e+00   4.986844e-01   2.947099e+00   9.999975e-01   2.947098e+00   2.947097e+00
1     4.047882e+01   9.999993e-01   2.983277e-06   0.000000e+00   0.000000e+00   4.983007e-01   3.010477e+00   9.999975e-01   3.010477e+00   3.010476e+00
1     4.048884e+01   9.999993e-01   2.983403e-06   0.000000e+00   0.000000e+00   4.979189e-01   3.073853e+00   9.999975e-01   3.073853e+00   3.073853e+00
1     4.049887e+01   9.999993e-01   2.983600e-06   0.000000e+00   0.000000e+00   4.975406e-01   3.137227e+00   9.999975e-01   3.137227e+00   3.137227e+00
1     4.050889e+01   9.999993e-01   2.983870e-06   0.000000e+00   0.000000e+00   4.971671e-01   3.200595e+00   9.999975e-01   3.200595e+00   3.200595e+00
1     4.051892e+01   9.999993e-01   2.984209e-06   0.000000e+00   0.000000e+00   4.968002e-01   3.263956e+00   9.999975e-01   3.263957e+00   3.263957e+00
1     4.052894e+01   9.999993e-01   2.984617e-06   0.000000e+00   0.000000e+00   4.964412e-01   3.327310e+00   9.999975e-01   3.327311e+00   3.327311e+00
1     4.053897e+01   9.999993e-01   2.985093e-06   0.000000e+00   0.000000e+00   4.960915e-01   3.390655e+00   9.999975e-01   3.390655e+00   3.390656e+00
1     4.054900e+01   9.999993e-01   2.985634e-06   0.000000e+00   0.000000e+00   4.957527e-01   3.453988e+00   9.999975e-01   3.453989e+00   3.453990e+00
1     4.055902e+01   9.999993e-01   2.986237e-06   0.000000e+00   0.000000e+00   4.954261e-01   3.517310e+00   9.999975e-01   3.517311e+00   3.517312e+00
1     4.056905e+01   9.999993e-01   2.986902e-06   0.000000e+00   0.000000e+00   4.951129e-01   3.580618e+00   9.999975e-01   3.580619e+00   3.580620e+00
1     4.057907e+01   9.999993e-01   2.987624e-06   0.000000e+00   0.000000e+00   4.948145e-01   3.643911e+00   9.999975e-01   3.643912e+00   3.643914e+00
1     4.058910e+01   9.999993e-01   2.988402e-06   0.000000e+00   0.000000e+00   4.945320e-01   3.707188e+00   9.999975e-01   3.707190e+00   3.707191e+00
1     4.059913e+01   9.999993e-01   2.989232e-06   0.000000e+00   0.000000e+00   4.942665e-01   3.770448e+00   9.999975e-01   3.770450e+00   3.770452e+00
1     4.060915e+01   9.999993e-01   2.990110e-06   0.000000e+00   0.000000e+00   4.940192e-01   3.833690e+00   9.999975e-01   3.833692e+00   3.833694e+00
1     4.061918e+01   9.999993e-01   2.991033e-06   0.000000e+00   0.000000e+00   4.937909e-01   3.896914e+00   9.999975e-01   3.896916e+00   3.896918e+00
1     4.062920e+01   9.999993e-01   2.991998e-06   0.000000e+00   0.000000e+00   4.935827e-01   3.960117e+00   9.999975e-01   3.960119e+00   3.960121e+00
1     4.063923e+01   9.999993e-01   2.993001e-06   0.000000e+00   0.000000e+00   4.933952e-01   4.023299e+00   9.999975e-01   4.023301e+00   4.023304e+00
1     4.064926e+01   9.999993e-01   2.994036e-06   0.000000e+00   0.000000e+00   4.932292e-01   4.086460e+00   9.999975e-01   4.086462e+00   4.086465e+00
1     4.065928e+01   9.999993e-01   2.995102e-06   0.000000e+00   0.000000e+00   4.930855e-01   4.149599e+00   9.999975e-01   4.149601e+00   4.149604e+00
1     4.066931e+01   9.999993e-01   2.996192e-06   0.000000e+00   0.000000e+00   4.929644e-01   4.212715e+00   9.999975e-01   4.212717e+00   4.212720e+00
1     4.067933e+01   9.999993e-01   2.997303e-06   0.000000e+00   0.000000e+00   4.928665e-01   4.275807e+00   9.999975e-01   4.275810e+00   4.275813e+00
1     4.068936e+01   9.999993e-01   2.998431e-06   0.000000e+00   0.000000e+00   4.927922e-01   4.338877e+00   9.999975e-01   4.338879e+00   4.338882e+00
1     4.069939e+01   9.999993e-01   2.999570e-06   0.000000e+00   0.000000e+00   4.927417e-01   4.401922e+00   9.999975e-01   4.401925e+00   4.401928e+00
1     4.070941e+01   9.999993e-01   3.000717e-06   0.000000e+00   0.000000e+00   4.927151e-01   4.464944e+00   9.999975e-01   4.464947e+00   4.464950e+00
1     4.071944e+01   9.999993e-01   3.001867e-06   0.000000e+00   0.000000e+00   4.927126e-01   4.527941e+00   9.999975e-01   4.527944e+00   4.527947e+00
1     4.072946e+01   9.999993e-01   3.003015e-06   0.000000e+00   0.000000e+00   4.927341e-01   4.590915e+00   9.999975e-01   4.590918e+00   4.590921e+00
1     4.073949e+01   9.999993e-01   3.004157e-06   0.000000e+00   0.000000e+00   4.927796e-01   4.653865e+00   9.999975e-01   4.653868e+00   4.653871e+00
1     4.074952e+01   9.999993e-01   3.005288e-06   0.000000e+00   0.000000e+00   4.928487e-01   4.716791e+00   9.999975e-01   4.716794e+00   4.716797e+00
1     4.075954e+01   9.999993e-01   3.006404e-06   0.000000e+00   0.000000e+00   4.929412e-01   4.779693e+00   9.999975e-01   4.779696e+00   4.779699e+00
1     4.076957e+01   9.999993e-01   3.007500e-06   0.000000e+00   0.000000e+00   4.930568e-01   4.842573e+00   9.999975e-01   4.842576e+00   4.842579e+00
1     4.077959e+01   9.999993e-01   3.008573e-06   0.000000e+00   0.000000e+00   4.931949e-01   4.905430e+00   9.999975e-01   4.905433e+00   4.905436e+00
1     4.078962e+01   9.999993e-01   3.009617e-06   0.000000e+00   0.000000e+00   4.933549e-01   4.968265e+00   9.999975e-01   4.968268e+00   4.968271e+00
1     4.079965e+01   9.999993e-01   3.010630e-06   0.000000e+00   0.000000e+00   4.935363e-01   5.031079e+00   9.999975e-01   5.031082e+00   5.031085e+00
1     4.080967e+01   9.999993e-01   3.011606e-06   0.000000e+00   0.000000e+00   4.937383e-01   5.093872e+00   9.999975e-01   5.093875e+00   5.093878e+00
1     4.081970e+01   9.999993e-01   3.012542e-06   0.000000e+00   0.000000e+00   4.939600e-01   5.156646e+00   9.999975e-01   5.156648e+00   5.156651e+00
1     4.082972e+01   9.999993e-01   3.013435e-06   0.000000e+00   0.000000e+00   4.942007e-01   5.219400e+00   9.999975e-01   5.219403e+00   5.219406e+00
1     4.083975e+01   9.999993e-01   3.014281e-06   0.000000e+00   0.000000e+00   4.944593e-01   5.282137e+00   9.999975e-01   5.282140e+00   5.282142e+00
1     4.084978e+01   9.999993e-01   3.015077e-06   0.000000e+00   0.000000e+00   4.947348e-01   5.344857e+00   9.999975e-01   5.344859e+00   5.344862e+00
1     4.085980e+01   9.999993e-01   3.015819e-06   0.000000e+00   0.000000e+00   4.950261e-01   5.407561e+00   9.999975e-01   5.407563e+00   5.407566e+00
1     4.086983e+01   9.999993e-01   3.016505e-06   0.000000e+00   0.000000e+00   4.953322e-01   5.470250e+00   9.999975e-01   5.470252e+00   5.470255e+00
1     4.087985e+01   9.999993e-01   3.017132e-06   0.000000e+00   0.000000e+00   4.956517e-01   5.532926e+00   9.999975e-01   5.532928e+00   5.532930e+00
1     4.088988e+01   9.999993e-01   3.017698e-06   0.000000e+00   0.000000e+00   4.959834e-01   5.595590e+00   9.999975e-01   5.595592e+00   5.595594e+00
1     4.089991e+01   9.999993e-01   3.018200e-06   0.000000e+00   0.000000e+00   4.963261e-01   5.658243e+00   9.999975e-01   5.658244e+00   5.658246e+00
1     4.090993e+01   9.999993e-01   3.018637e-06   0.000000e+00   0.000000e+00   4.966784e-01   5.720886e+00   9.999975e-01   5.720887e+00   5.720889e+00
1     4.091996e+01   9.999993e-01   3.019007e-06   0.000000e+00   0.000000e+00   4.970390e-01   5.783521e+00   9.999975e-01   5.783522e+00   5.783523e+00
1     4.092998e+01   9.999993e-01   3.019308e-06   0.000000e+00   0.000000e+00   4.974063e-01   5.846149e+00   9.999975e-01   5.846150e+00   5.846151e+00
1     4.093876e+01   9.999993e-01   3.019514e-06   0.000000e+00   0.000000e+00   4.977323e-01   5.900944e+00   9.999975e-01   5.900945e+00   5.900946e+00
1     4.094878e+01   9.999993e-01   3.019684e-06   0.000000e+00   0.000000e+00   4.981086e-01   5.963563e+00   9.999975e-01   5.963564e+00   5.963565e+00
1     4.095881e+01   9.999993e-01   3.019783e-06   0.000000e+00   0.000000e+00   4.984877e-01   6.026179e+00   9.999975e-01   6.026180e+00   6.026181e+00
1     4.096883e+01   9.999993e-01   3.019810e-06   0.000000e+00   0.000000e+00   4.988680e-01   6.088795e+00   9.999975e-01   6.088795e+00   6.088796e+00
1     4.097886e+01   9.999993e-01   3.019765e-06   0.000000e+00   0.000000e+00   4.992481e-01   6.151410e+00   9.999975e-01   6.151410e+00   6.151411e+00
1     4.098889e+01   9.999993e-01   3.019649e-06   0.000000e+00   0.000000e+00   4.996264e-01   6.214027e+00   9.999975e-01   6.214027e+00   6.214028e+00
1     4.099891e+01   9.999993e-01   3.019463e-06   0.000000e+00   0.000000e+00   5.000016e-01   6.276647e+00   9.999975e-01   6.276647e+00   6.276647e+00
1     4.100894e+01   9.999993e-01   3.019205e-06   0.000000e+00   0.000000e+00   5.003722e-01   5.608703e-02   9.999975e-01   5.608686e-02   5.608669e-02
1     4.101896e+01   9.999993e-01   3.018879e-06   0.000000e+00   0.000000e+00   5.007367e-01   1.187180e-01   9.999975e-01   1.187177e-01   1.187173e-01
1     4.102899e+01   9.999993e-01   3.018485e-06   0.000000e+00   0.000000e+00   5.010938e-01   1.813565e-01   9.999975e-01   1.813559e-01   1.813554e-01
1     4.103902e+01   9.999993e-01   3.018024e-06   0.000000e+00   0.000000e+00   5.014419e-01   2.440038e-01   9.999975e-01   2.440031e-01   2.440024e-01
1     4.104904e+01   9.999993e-01   3.017498e-06   0.000000e+00   0.000000e+00   5.017799e-01   3.066614e-01   9.999975e-01   3.066605e-01   3.066596e-01
1     4.105907e+01   9.999993e-01   3.016910e-06   0.000000e+00   0.000000e+00   5.021063e-01   3.693305e-01   9.999975e-01   3.693294e-01   3.693283e-01
1     4.106909e+01   9.999993e-01   3.016262e-06   0.000000e+00   0.000000e+00   5.024198e-01   4.320124e-01   9.999975e-01   4.320111e-01   4.320098e-01
1     4.107912e+01   9.999993e-01   3.015556e-06   0.000000e+00   0.000000e+00   5.027194e-01   4.947083e-01   9.999975e-01   4.947069e-01   4.947054e-01
1     4.108915e+01   9.999993e-01   3.014795e-06   0.000000e+00   0.000000e+00   5.030037e-01   5.574194e-01   9.999975e-01   5.574179e-01   5.574163e-01
1     4.109917e+01   9.999993e-01   3.013981e-06   0.000000e+00   0.000000e+00   5.032717e-01   6.201469e-01   9.999975e-01   6.201452e-01   6.201434e-01
1     4.110920e+01   9.999993e-01   3.013119e-06   0.000000e+00   0.000000e+00   5.035222e-01   6.828918e-01   9.999975e-01   6.828899e-01   6.828880e-01
1     4.111922e+01   9.999993e-01   3.012212e-06   0.000000e+00   0.000000e+00   5.037544e-01   7.456550e-01   9.999975e-01   7.456530e-01   7.456509e-01
1     4.112925e+01   9.999993e-01   3.011263e-06   0.000000e+00   0.000000e+00   5.039673e-01   8.084375e-01   9.999975e-01   8.084354e-01   8.084332e-01
1     4.113928e+01   9.999993e-01   3.010275e-06   0.000000e+00   0.000000e+00   5.041599e-01   8.712402e-01   9.999975e-01   8.712379e-01   8.712356e-01
1     4.114930e+01   9.999993e-01   3.009253e-06   0.000000e+00   0.000000e+00   5.043317e-01   9.340639e-01   9.999975e-01   9.340615e-01   9.340590e-01
1     4.115933e+01   9.999993e-01   3.008201e-06   0.000000e+00   0.000000e+00   5.044817e-01   9.969092e-01   9.999975e-01   9.969066e-01   9.969041e-01
1     4.116935e+01   9.999993e-01   3.007122e-06   0.000000e+00   0.000000e+00   5.046095e-01   1.059777e+00   9.999975e-01   1.059774e+00   1.059771e+00
1     4.117938e+01   9.999993e-01   3.006022e-06   0.000000e+00   0.000000e+00   5.047145e-01   1.122667e+00   9.999975e-01   1.122664e+00   1.122662e+00
1     4.118941e+01   9.999993e-01   3.004904e-06   0.000000e+00   0.000000e+00   5.047963e-01   1.185581e+00   9.999975e-01   1.185578e+00   1.185575e+00
1     4.119943e+01   9.999993e-01   3.003773e-06   0.000000e+00   0.000000e+00   5.048544e-01   1.248518e+00   9.999975e-01   1.248515e+00   1.248512e+00
1     4.120946e+01   9.999993e-01   3.002634e-06   0.000000e+00   0.000000e+00   5.048887e-01   1.311479e+00   9.999975e-01   1.311476e+00   1.311473e+00
1     4.121948e+01   9.999993e-01   3.001490e-06   0.000000e+00   0.000000e+00   5.048990e-01   1.374464e+00   9.999975e-01   1.374461e+00   1.374458e+00
1     4.122951e+01   9.999993e-01   3.000347e-06   0.000000e+00   0.000000e+00   5.048851e-01   1.437473e+00   9.999975e-01   1.437470e+00   1.437467e+00
1     4.123953e+01   9.999993e-01   2.999209e-06   0.000000e+00   0.000000e+00   5.048473e-01   1.500506e+00   9.999975e-01   1.500503e+00   1.500500e+00
1     4.124956e+01   9.999993e-01   2.998080e-06   0.000000e+00   0.000000e+00   5.047854e-01   1.563563e+00   9.999975e-01   1.563560e+00   1.563557e+00
1     4.125959e+01   9.999993e-01   2.996966e-06   0.000000e+00   0.000000e+00   5.046999e-01   1.626643e+00   9.999975e-01   1.626640e+00   1.626637e+00
1     4.126961e+01   9.999993e-01   2.995870e-06   0.000000e+00   0.000000e+00   5.045909e-01   1.689747e+00   9.999975e-01   1.689744e+00   1.689741e+00
1     4.127964e+01   9.999993e-01   2.994797e-06   0.000000e+00   0.000000e+00   5.044590e-01   1.752874e+00   9.999975e-01   1.752871e+00   1.752868e+00
1     4.128966e+01   9.999993e-01   2.993752e-06   0.000000e+00   0.000000e+00   5.043046e-01   1.816024e+00   9.999975e-01   1.816021e+00   1.816018e+00
1     4.129969e+01   9.999993e-01   2.992738e-06   0.000000e+00   0.000000e+00   5.041283e-01   1.879195e+00   9.999975e-01   1.879192e+00   1.879189e+00
1     4.130972e+01   9.999993e-01   2.991759e-06   0.000000e+00   0.000000e+00   5.039308e-01   1.942388e+00   9.999975e-01   1.942385e+00   1.942382e+00
1     4.131974e+01   9.999993e-01   2.990820e-06   0.000000e+00   0.000000e+00   5.037129e-01   2.005600e+00   9.999975e-01   2.005598e+00   2.005595e+00
1     4.132977e+01   9.999993e-01   2.989924e-06   0.000000e+00   0.000000e+00   5.034754e-01   2.068833e+00   9.999975e-01   2.068830e+00   2.068828e+00
1     4.133979e+01   9.999993e-01   2.989075e-06   0.000000e+00   0.000000e+00   5.032193e-01   2.132084e+00   9.999975e-01   2.132081e+00   2.132079e+00
1     4.134982e+01   9.999993e-01   2.988277e-06   0.000000e+00   0.000000e+00   5.029456e-01   2.195353e+00   9.999975e-01   2.195350e+00   2.195348e+00
1     4.135985e+01   9.999993e-01   2.987532e-06   0.000000e+00   0.000000e+00   5.026554e-01   2.258638e+00   9.999975e-01   2.258635e+00   2.258633e+00
1     4.136987e+01   9.999993e-01   2.986844e-06   0.000000e+00   0.000000e+00   5.023498e-01   2.321938e+00   9.999975e-01   2.321936e+00   2.321934e+00
1     4.137990e+01   9.999993e-01   2.986215e-06   0.000000e+00   0.000000e+00   5.020301e-01   2.385253e+00   9.999975e-01   2.385251e+00   2.385249e+00
1     4.138992e+01   9.999993e-01   2.985648e-06   0.000000e+00   0.000000e+00   5.016975e-01   2.448580e+00   9.999975e-01   2.448578e+00   2.448576e+00
1     4.139995e+01   9.999993e-01   2.985146e-06   0.000000e+00   0.000000e+00   5.013534e-01   2.511919e+00   9.999975e-01   2.511917e+00   2.511915e+00
1     4.140998e+01   9.999993e-01   2.984710e-06   0.000000e+00   0.000000e+00   5.009993e-01   2.575268e+00   9.999975e-01   2.575266e+00   2.575265e+00
1     4.141875e+01   9.999993e-01   2.984384e-06   0.000000e+00   0.000000e+00   5.006822e-01   2.630705e+00   9.999975e-01   2.630704e+00   2.630703e+00
1     4.142877e+01   9.999993e-01   2.984077e-06   0.000000e+00   0.000000e+00   5.003131e-01   2.694069e+00   9.999975e-01   2.694068e+00   2.694067e+00
1     4.143880e+01   9.999993e-01   2.983841e-06   0.000000e+00   0.000000e+00   4.999380e-01   2.757439e+00   9.999975e-01   2.757438e+00   2.757437e+00
1     4.144883e+01   9.999993e-01   2.983677e-06   0.000000e+00   0.000000e+00   4.995586e-01   2.820813e+00   9.999975e-01   2.820813e+00   2.820812e+00
1     4.145885e+01   9.999993e-01   2.983584e-06   0.000000e+00   0.000000e+00   4.991764e-01   2.884190e+00   9.999975e-01   2.884190e+00   2.884189e+00
1     4.146888e+01   9.999993e-01   2.983565e-06   0.000000e+00   0.000000e+00   4.987929e-01   2.947569e+00   9.999975e-01   2.947568e+00   2.947568e+00
1     4.147890e+01   9.999993e-01   2.983618e-06   0.000000e+00   0.000000e+00   4.984097e-01   3.010947e+00   9.999975e-01   3.010946e+00   3.010946e+00
1     4.148893e+01   9.999993e-01   2.983744e-06   0.000000e+00   0.000000e+00   4.980285e-01   3.074323e+00   9.999975e-01   3.074322e+00   3.074322e+00
1     4.149896e+01   9.999993e-01   2.983943e-06   0.000000e+00   0.000000e+00   4.976506e-01   3.137695e+00   9.999975e-01   3.137695e+00   3.137695e+00
1     4.150898e+01   9.999993e-01   2.984212e-06   0.000000e+00   0.000000e+00   4.972777e-01   3.201063e+00   9.999975e-01   3.201063e+00   3.201063e+00
1     4.151901e+01   9.999993e-01   2.984552e-06   0.000000e+00   0.000000e+00   4.969112e-01   3.264424e+00   9.999975e-01   3.264424e+00   3.264425e+00
1     4.152903e+01   9.999993e-01   2.984960e-06   0.000000e+00   0.000000e+00   4.965527e-01   3.327777e+00   9.999975e-01   3.327778e+00   3.327778e+00
1     4.153906e+01   9.999993e-01   2.985436e-06   0.000000e+00   0.000000e+00   4.962036e-01   3.391121e+00   9.999975e-01   3.391122e+00   3.391123e+00
1     4.154909e+01   9.999993e-01   2.985977e-06   0.000000e+00   0.000000e+00   4.958653e-01   3.454454e+00   9.999975e-01   3.454455e+00   3.454456e+00
1     4.155911e+01   9.999993e-01   2.986581e-06   0.000000e+00   0.000000e+00   4.955392e-01   3.517775e+00   9.999975e-01   3.517776e+00   3.517777e+00
1     4.156914e+01   9.999993e-01   2.987246e-06   0.000000e+00   0.000000e+00   4.952266e-01   3.581083e+00   9.999975e-01   3.581084e+00   3.581085e+00
1     4.157916e+01   9.999993e-01   2.987969e-06   0.000000e+00   0.000000e+00   4.949288e-01   3.644375e+00   9.999975e-01   3.644377e+00   3.644378e+00
1     4.158919e+01   9.999993e-01   2.988746e-06   0.000000e+00   0.000000e+00   4.946468e-01   3.707652e+00   9.999975e-01   3.707653e+00   3.707655e+00
1     4.159922e+01   9.999993e-01   2.989576e-06   0.000000e+00   0.000000e+00   4.943820e-01   3.770912e+00   9.999975e-01   3.770913e+00   3.770915e+00
1     4.160924e+01   9.999993e-01   2.990454e-06   0.000000e+00   0.000000e+00   4.941352e-01   3.834153e+00   9.999975e-01   3.834155e+00   3.834157e+00
1     4.161927e+01   9.999993e-01   2.991377e-06   0.000000e+00   0.000000e+00   4.939076e-01   3.897376e+00   9.999975e-01   3.897378e+00   3.897380e+00
1     4.162929e+01   9.999993e-01   2.992342e-06   0.000000e+00   0.000000e+00   4.936999e-01   3.960578e+00   9.999975e-01   3.960580e+00   3.960583e+00
1     4.163932e+01   9.999993e-01   2.993344e-06   0.000000e+00   0.000000e+00   4.935130e-01   4.023760e+00   9.999975e-01   4.023762e+00   4.023765e+00
1     4.164935e+01   9.999993e-01   2.994379e-06   0.000000e+00   0.000000e+00   4.933476e-01   4.086920e+00   9.999975e-01   4.086923e+00   4.086925e+00
1     4.165937e+01   9.999993e-01   2.995444e-06   0.000000e+00   0.000000e+00   4.932044e-01   4.150058e+00   9.999975e-01   4.150061e+00   4.150063e+00
1     4.166940e+01   9.999993e-01   2.996534e-06   0.000000e+00   0.000000e+00   4.930839e-01   4.213174e+00   9.999975e-01   4.213176e+00   4.213179e+00
1     4.167942e+01   9.999993e-01   2.997644e-06   0.000000e+00   0.000000e+00   4.929865e-01   4.276266e+00   9.999975e-01   4.276269e+00   4.276272e+00
1     4.168945e+01   9.999993e-01   2.998771e-06   0.000000e+00   0.000000e+00   4.929126e-01   4.339335e+00   9.999975e-01   4.339338e+00   4.339341e+00
1     4.169948e+01   9.999993e-01   2.999910e-06   0.000000e+00   0.000000e+00   4.928625e-01   4.402380e+00   9.999975e-01   4.402383e+00   4.402386e+00
1     4.170950e+01   9.999993e-01   3.001056e-06   0.000000e+00   0.000000e+00   4.928363e-01   4.465401e+00   9.999975e-01   4.465404e+00   4.465407e+00
1     4.171953e+01   9.999993e-01   3.002204e-06   0.000000e+00   0.000000e+00   4.928342e-01   4.528399e+00   9.999975e-01   4.528401e+00   4.528404e+00
1     4.172955e+01   9.999993e-01   3.003352e-06   0.000000e+00   0.000000e+00   4.928560e-01   4.591372e+00   9.999975e-01   4.591375e+00   4.591378e+00
1     4.173958e+01   9.999993e-01   3.004492e-06   0.000000e+00   0.000000e+00   4.929018e-01   4.654321e+00   9.999975e-01   4.654324e+00   4.654327e+00
1     4.174961e+01   9.999993e-01   3.005622e-06   0.000000e+00   0.000000e+00   4.929712e-01   4.717247e+00   9.999975e-01   4.717250e+00   4.717253e+00
1     4.175963e+01   9.999993e-01   3.006737e-06   0.000000e+00   0.000000e+00   4.930640e-01   4.780149e+00   9.999975e-01   4.780152e+00   4.780155e+00
1     4.176966e+01   9.999993e-01   3.007832e-06   0.000000e+00   0.000000e+00   4.931798e-01   4.843029e+00   9.999975e-01   4.843031e+00   4.843034e+00
1     4.177968e+01   9.999993e-01   3.008904e-06   0.000000e+00   0.000000e+00   4.933181e-01   4.905885e+00   9.999975e-01   4.905888e+00   4.905891e+00
1     4.178971e+01   9.999993e-01   3.009947e-06   0.000000e+00   0.000000e+00   4.934784e-01   4.968720e+00   9.999975e-01   4.968723e+00   4.968726e+00
1     4.179974e+01   9.999993e-01   3.010958e-06   0.000000e+00   0.000000e+00   4.936599e-01   5.031534e+00   9.999975e-01   5.031537e+00   5.031540e+00
1     4.180976e+01   9.999993e-01   3.011933e-06   0.000000e+00   0.000000e+00   4.938620e-01   5.094327e+00   9.999975e-01   5.094330e+00   5.094333e+00
1     4.181979e+01   9.999993e-01   3.012868e-06   0.000000e+00   0.000000e+00   4.940838e-01   5.157101e+00   9.999975e-01   5.157103e+00   5.157106e+00
1     4.182981e+01   9.999993e-01   3.013760e-06   0.000000e+00   0.000000e+00   4.943245e-01   5.219855e+00   9.999975e-01   5.219858e+00   5.219860e+00
1     4.183984e+01   9.999993e-01   3.014604e-06   0.000000e+00   0.000000e+00   4.945832e-01   5.282592e+00   9.999975e-01   5.282594e+00   5.282597e+00
1     4.184987e+01   9.999993e-01   3.015399e-06   0.000000e+00   0.000000e+00   4.948586e-01   5.345312e+00   9.999975e-01   5.345314e+00   5.345317e+00
1     4.185989e+01   9.999993e-01   3.016140e-06   0.000000e+00   0.000000e+00   4.951499e-01   5.408016e+00   9.999975e-01   5.408018e+00   5.408020e+00
1     4.186992e+01   9.999993e-01   3.016824e-06   0.000000e+00   0.000000e+00   4.954559e-01   5.470705e+00   9.999975e-01   5.470707e+00   5.470710e+00
1     4.187994e+01   9.999993e-01   3.017450e-06   0.000000e+00   0.000000e+00   4.957753e-01   5.533381e+00   9.999975e-01   5.533383e+00   5.533385e+00
1     4.188997e+01   9.999993e-01   3.018015e-06   0.000000e+00   0.000000e+00   4.961070e-01   5.596045e+00   9.999975e-01   5.596047e+00   5.596049e+00
1     4.189999e+01   9.999993e-01   3.018516e-06   0.000000e+00   0.000000e+00   4.964496e-01   5.658698e+00   9.999975e-01   5.658700e+00   5.658701e+00
1     4.190877e+01   9.999993e-01   3.018901e-06   0.000000e+00   0.000000e+00   4.967573e-01   5.713511e+00   9.999975e-01   5.713513e+00   5.713514e+00
1     4.191879e+01   9.999993e-01   3.019278e-06   0.000000e+00   0.000000e+00   4.971167e-01   5.776147e+00   9.999975e-01   5.776149e+00   5.776150e+00
1     4.192882e+01   9.999993e-01   3.019586e-06   0.000000e+00   0.000000e+00   4.974832e-01   5.838776e+00   9.999975e-01   5.838777e+00   5.838779e+00
1     4.193885e+01   9.999993e-01   3.019825e-06   0.000000e+00   0.000000e+00   4.978552e-01   5.901400e+00   9.999975e-01   5.901401e+00   5.901402e+00
1     4.194887e+01   9.999993e-01   3.019993e-06   0.000000e+00   0.000000e+00   4.982314e-01   5.964019e+00   9.999975e-01   5.964020e+00   5.964021e+00
1     4.195890e+01   9.999993e-01   3.020090e-06   0.000000e+00   0.000000e+00   4.986103e-01   6.026636e+00   9.999975e-01   6.026636e+00   6.026637e+00
1     4.196892e+01   9.999993e-01   3.020116e-06   0.000000e+00   0.000000e+00   4.989904e-01   6.089251e+00   9.999975e-01   6.089252e+00   6.089252e+00
1     4.197895e+01   9.999993e-01   3.020070e-06   0.000000e+00   0.000000e+00   4.993702e-01   6.151867e+00   9.999975e-01   6.151867e+00   6.151867e+00
1     4.198898e+01   9.999993e-01   3.019952e-06   0.000000e+00   0.000000e+00   4.997483e-01   6.214484e+00   9.999975e-01   6.214484e+00   6.214484e+00
1     4.199900e+01   9.999993e-01   3.019763e-06   0.000000e+00   0.000000e+00   5.001231e-01   6.277105e+00   9.999975e-01   6.277105e+00   6.277105e+00
1     4.200903e+01   9.999993e-01   3.019505e-06   0.000000e+00   0.000000e+00   5.004934e-01   5.654467e-02   9.999975e-01   5.654450e-02   5.654432e-02
1     4.201905e+01   9.999993e-01   3.019176e-06   0.000000e+00   0.000000e+00   5.008575e-01   1.191760e-01   9.999975e-01   1.191757e-01   1.191753e-01
1     4.202908e+01   9.999993e-01   3.018780e-06   0.000000e+00   0.000000e+00   5.012141e-01   1.818149e-01   9.999975e-01   1.818144e-01   1.818138e-01
1     4.203911e+01   9.999993e-01   3.018318e-06   0.000000e+00   0.000000e+00   5.015618e-01   2.444627e-01   9.999975e-01   2.444620e-01   2.444613e-01
1     4.204913e+01   9.999993e-01   3.017791e-06   0.000000e+00   0.000000e+00   5.018993e-01   3.071207e-01   9.999975e-01   3.071198e-01   3.071189e-01
1     4.205916e+01   9.999993e-01   3.017201e-06   0.000000e+00   0.000000e+00   5.022252e-01   3.697903e-01   9.999975e-01   3.697892e-01   3.697882e-01
1     4.206918e+01   9.999993e-01   3.016551e-06   0.000000e+00   0.000000e+00   5.025382e-01   4.324728e-01   9.999975e-01   4.324715e-01   4.324702e-01
1     4.207921e+01   9.999993e-01   3.015843e-06   0.000000e+00   0.000000e+00   5.028372e-01   4.951693e-01   9.999975e-01   4.951679e-01   4.951664e-01
1     4.208924e+01   9.999993e-01   3.015080e-06   0.000000e+00   0.000000e+00   5.031209e-01   5.578811e-01   9.999975e-01   5.578795e-01   5.578779e-01
1     4.209926e+01   9.999993e-01   3.014265e-06   0.000000e+00   0.000000e+00   5.033882e-01   6.206092e-01   9.999975e-01   6.206075e-01   6.206057e-01
1     4.210929e+01   9.999993e-01   3.013401e-06   0.000000e+00   0.000000e+00   5.036380e-01   6.833548e-01   9.999975e-01   6.833529e-01   6.833510e-01
1     4.211931e+01   9.999993e-01   3.012491e-06   0.000000e+00   0.000000e+00   5.038694e-01   7.461189e-01   9.999975e-01   7.461168e-01   7.461148e-01
1     4.212934e+01   9.999993e-01   3.011540e-06   0.000000e+00   0.000000e+00   5.040814e-01   8.089023e-01   9.999975e-01   8.089001e-01   8.088979e-01
1     4.213936e+01   9.999993e-01   3.010551e-06   0.000000e+00   0.000000e+00   5.042731e-01   8.717059e-01   9.999975e-01   8.717036e-01   8.717013e-01
1     4.214939e+01   9.999993e-01   3.009527e-06   0.000000e+00   0.000000e+00   5.044439e-01   9.345305e-01   9.999975e-01   9.345281e-01   9.345257e-01
1     4.215942e+01   9.999993e-01   3.008473e-06   0.000000e+00   0.000000e+00   5.045929e-01   9.973768e-01   9.999975e-01   9.973743e-01   9.973718e-01
1     4.216944e+01   9.999993e-01   3.007393e-06   0.000000e+00   0.000000e+00   5.047196e-01   1.060245e+00   9.999975e-01   1.060243e+00   1.060240e+00
1     4.217947e+01   9.999993e-01   3.006292e-06   0.000000e+00   0.000000e+00   5.048235e-01   1.123137e+00   9.999975e-01   1.123134e+00   1.123131e+00
1     4.218949e+01   9.999993e-01   3.005173e-06   0.000000e+00   0.000000e+00   5.049040e-01   1.186052e+00   9.999975e-01   1.186049e+00   1.186046e+00
1     4.219952e+01   9.999993e-01   3.004041e-06   0.000000e+00   0.000000e+00   5.049610e-01   1.248990e+00   9.999975e-01   1.248987e+00   1.248984e+00
1     4.220955e+01   9.999993e-01   3.002900e-06   0.000000e+00   0.000000e+00   5.049941e-01   1.311952e+00   9.999975e-01   1.311949e+00   1.311946e+00
1     4.221957e+01   9.999993e-01   3.001756e-06   0.000000e+00   0.000000e+00   5.050031e-01   1.374938e+00   9.999975e-01   1.374935e+00   1.374932e+00
1     4.222960e+01   9.999993e-01   3.000612e-06   0.000000e+00   0.000000e+00   5.049880e-01   1.437948e+00   9.999975e-01   1.437946e+00   1.437943e+00
1     4.223962e+01   9.999993e-01   2.999473e-06   0.000000e+00   0.000000e+00   5.049489e-01   1.500983e+00   9.999975e-01   1.500980e+00   1.500977e+00
1     4.224965e+01   9.999993e-01   2.998345e-06   0.000000e+00   0.000000e+00   5.048858e-01   1.564041e+00   9.999975e-01   1.564038e+00   1.564035e+00
1     4.225968e+01   9.999993e-01   2.997230e-06   0.000000e+00   0.000000e+00   5.047990e-01   1.627123e+00   9.999975e-01   1.627120e+00   1.627117e+00
1     4.226970e+01   9.999993e-01   2.996134e-06   0.000000e+00   0.000000e+00   5.046888e-01   1.690228e+00   9.999975e-01   1.690225e+00   1.690222e+00
1     4.227973e+01   9.999993e-01   2.995061e-06   0.000000e+00   0.000000e+00   5.045555e-01   1.753357e+00   9.999975e-01   1.753354e+00   1.753351e+00
1     4.228975e+01   9.999993e-01   2.994016e-06   0.000000e+00   0.000000e+00   5.043998e-01   1.816507e+00   9.999975e-01   1.816504e+00   1.816502e+00
1     4.229978e+01   9.999993e-01   2.993002e-06   0.000000e+00   0.000000e+00   5.042222e-01   1.879680e+00   9.999975e-01   1.879677e+00   1.879674e+00
1     4.230981e+01   9.999993e-01   2.992024e-06   0.000000e+00   0.000000e+00   5.040234e-01   1.942874e+00   9.999975e-01   1.942871e+00   1.942868e+00
1     4.231983e+01   9.999993e-01   2.991086e-06   0.000000e+00   0.000000e+00   5.038042e-01   2.006088e+00   9.999975e-01   2.006085e+00   2.006083e+00
1     4.232986e+01   9.999993e-01   2.990191e-06   0.000000e+00   0.000000e+00   5.035654e-01   2.069322e+00   9.999975e-01   2.069319e+00   2.069317e+00
1     4.233988e+01   9.999993e-01   2.989344e-06   0.000000e+00   0.000000e+00   5.033080e-01   2.132574e+00   9.999975e-01   2.132572e+00   2.132569e+00
1     4.234991e+01   9.999993e-01   2.988547e-06   0.000000e+00   0.000000e+00   5.030331e-01   2.195844e+00   9.999975e-01   2.195842e+00   2.195839e+00
1     4.235994e+01   9.999993e-01   2.987803e-06   0.000000e+00   0.000000e+00   5.027416e-01   2.259130e+00   9.999975e-01   2.259128e+00   2.259126e+00
